x_raw,y_raw,x_filtered,y_filtered,gaze_timestamp,record_timestamp
520.17926,991.637,329.17593,157.17181,754014415050749,754014501713510
909.2944,1023.5866,329.17593,157.17181,754014501864812,754014554668457
885.66504,1080.6648,520.17926,991.637,754014554811218,754014590869499
877.8523,1081.4004,877.8523,1023.5866,754014591014239,754014626484499
885.04486,1080.9713,877.8523,1080.6648,754014626600697,754014668498718
881.9591,1091.045,877.8523,1080.9713,754014668635332,754014701590228
794.9132,1131.1322,877.8523,1080.9713,754014701919499,754014743667989
752.34357,1181.3097,877.8523,1091.045,754014744185072,754014777938197
717.36816,1213.3086,794.9132,1131.1322,754014778429082,754014815602624
704.8855,1191.0969,752.34357,1181.3097,754014815694499,754014863844343
268.79352,1313.524,717.36816,1191.0969,754014863940332,754014895755124
229.77682,1325.2231,704.8855,1191.0969,754014895904812,754014938700593
194.07997,1341.9106,268.79352,1313.524,754014938819343,754014978315697
155.88748,1320.699,229.77682,1320.699,754014978427468,754015021545645
155.79935,1365.9238,194.07997,1320.699,754015021688718,754015057911947
359.69388,1383.695,229.77682,1320.699,754015058007520,754015092860905
373.11386,1385.0287,229.77682,1365.9238,754015093278666,754015140076634
351.9708,1419.6306,351.9708,1383.695,754015140207363,754015171115697
389.75037,1398.962,351.9708,1385.0287,754015171293093,754015205811166
530.2448,1431.9281,351.9708,1398.962,754015205914551,754015235403301
568.03674,1366.9281,389.75037,1385.0287,754015235588770,754015273027676
574.55774,1445.0172,530.2448,1398.962,754015273113301,754015303324968
669.1842,1312.2765,568.03674,1385.0287,754015303521791,754015339519447
985.483,1291.5319,574.55774,1385.0287,754015339709030,754015372147415
994.6528,1290.0294,669.1842,1312.2765,754015372340436,754015405583197
969.73645,1261.8848,969.73645,1291.5319,754015405766843,754015437710540
983.6179,1320.9817,969.73645,1312.2765,754015437872051,754015471209499
992.4759,1302.8179,969.73645,1302.8179,754015471349030,754015520896947
1079.4817,1352.8274,983.6179,1312.2765,754015520994811,754015554097728
1060.9818,1327.6183,992.4759,1312.2765,754015554735384,754015585020332
972.45074,1308.3887,983.6179,1312.2765,754015585224134,754015621222311
807.0605,1369.422,983.6179,1312.2765,754015621336113,754015652580957
797.37067,1319.2859,972.45074,1312.2765,754015653234863,754015686030280
787.8671,1375.3765,807.0605,1319.2859,754015686192832,754015722410957
776.89465,1347.9698,797.37067,1319.2859,754015722581270,754015753891061
817.9249,1351.7206,807.0605,1347.9698,754015754197520,754015785065488
789.6658,1395.3159,797.37067,1347.9698,754015785212207,754015842948197
397.38928,1570.407,797.37067,1351.7206,754015843070697,754015876837103
147.20908,1608.6737,789.6658,1395.3159,754015876965176,754015914256269
113.280304,1532.7926,397.38928,1532.7926,754015914339811,754015949186374
149.12794,1587.1984,149.12794,1532.7926,754015949273509,754015980981634
120.59718,1556.3871,149.12794,1532.7926,754015982548509,754016014918092
132.7002,1529.7449,149.12794,1532.7926,754016015013353,754016045806530
153.60483,1606.1685,149.12794,1532.7926,754016048154030,754016081184603
316.01822,1586.3768,149.12794,1532.7926,754016082003821,754016117288249
359.2157,1590.6442,153.60483,1586.3768,754016118835540,754016151163821
352.81583,1608.6385,316.01822,1586.3768,754016151251686,754016186015176
369.85037,1599.5841,352.81583,1590.6442,754016186663978,754016218480488
356.84448,1587.9619,352.81583,1587.9619,754016225829863,754016261027623
420.76233,1585.1597,356.84448,1587.9619,754016261144082,754016303140905
429.2019,1583.6633,356.84448,1587.9619,754016303262728,754016332467311
445.27814,1611.0138,420.76233,1587.9619,754016332553353,754016365054759
471.30444,1591.5734,429.2019,1587.9619,754016365166530,754016399068457
351.734,1620.1466,420.76233,1591.5734,754016399260280,754016441843873
217.8215,1599.5839,420.76233,1591.5734,754016442349082,754016471227623
226.03906,1608.6189,351.734,1599.5839,754016471405696,754016501586738
206.8016,1588.5354,226.03906,1591.5734,754016501751269,754016534012571
202.59721,1574.7755,226.03906,1591.5734,754016534221269,754016569307884
199.72336,1572.0193,206.8016,1588.5354,754016569471061,754016602190384
182.6308,1586.2598,202.59721,1586.2598,754016602320905,754016633107884
162.75932,1589.6945,199.72336,1588.5354,754016633209498,754016665534915
175.78452,1574.2964,182.6308,1586.2598,754016665717415,754016700368925
114.46685,1648.4304,175.78452,1588.5354,754016700535436,754016731937727
513.41174,1504.6322,182.6308,1586.2598,754016732231686,754016763083561
672.127,1323.3044,182.6308,1586.2598,754016763185384,754016795028821
938.5082,1672.9884,513.41174,1586.2598,754016795130957,754016829232936
955.91486,1515.5676,672.127,1586.2598,754016829333561,754016863261477
950.4414,1486.0785,938.5082,1586.2598,754016863349238,754016895562936
902.89355,1435.1367,902.89355,1515.5676,754016896124707,754016935210696
881.32135,1414.9261,902.89355,1486.0785,754016935334654,754016971171582
887.1304,1414.9622,902.89355,1435.1367,754016971688092,754017001937311
911.72974,1375.277,902.89355,1414.9622,754017002121165,754017033264290
866.4475,1394.1265,902.89355,1414.9622,754017033428300,754017065758092
897.6091,1383.5444,902.89355,1394.1265,754017065914498,754017098411686
896.4927,1373.9912,897.6091,1394.1265,754017098523456,754017129280175
894.0274,1359.2026,897.6091,1383.5444,754017129367415,754017159031842
895.41754,1345.6709,896.4927,1373.9912,754017159737050,754017189584394
913.35126,1340.7867,897.6091,1359.2026,754017189720123,754017220580748
950.9984,1359.8293,897.6091,1359.8293,754017220747154,754017252153665
944.37994,1326.5867,913.35126,1359.2026,754017253611581,754017286477050
946.6597,1311.0353,944.37994,1359.2026,754017286616217,754017320957936
924.9058,1366.4948,924.9058,1359.2026,754017321059394,754017357906165
976.50793,1435.3784,944.37994,1359.2026,754017357995748,754017387107727
962.26666,1423.5121,944.37994,1366.4948,754017387214602,754017416509915
947.73914,1500.7451,947.73914,1423.5121,754017417403821,754017449866686
968.5102,1498.7479,947.73914,1423.5121,754017450572519,754017483610696
957.65393,1545.3689,947.73914,1498.7479,754017483968821,754017513977206
813.3436,1589.0677,947.73914,1498.7479,754017514384654,754017547841998
225.2974,1700.4314,947.73914,1545.3689,754017549452310,754017578263508
232.51805,1690.7667,813.3436,1589.0677,754017579711894,754017611160904
172.93825,1730.1318,232.51805,1690.7667,754017617255488,754017647232206
209.71548,1649.5635,232.51805,1649.5635,754017653448560,754017684086008
162.19577,1689.2842,209.71548,1689.2842,754017684855748,754017714755956
153.50722,1652.7347,209.71548,1652.7347,754017714901633,754017745908873
138.46272,1660.5408,162.19577,1660.5408,754017747908925,754017784475487
176.651,1649.837,176.651,1652.7347,754017784591425,754017816696321
163.04518,1635.8595,163.04518,1652.7347,754017816871217,754017847642935
150.82854,1696.307,163.04518,1652.7347,754017852589446,754017884703300
221.6051,1658.5787,163.04518,1652.7347,754017884908300,754017915522727
249.61067,1716.8005,163.04518,1658.5787,754017916179185,754017946471373
275.32767,1711.4392,221.6051,1658.5787,754017947096633,754017981496321
303.59662,1642.2183,249.61067,1658.5787,754017984409185,754018015508456
278.433,1709.3944,275.32767,1658.5787,754018017242831,754018048380956
291.93967,1645.37,278.433,1658.5787,754018051709446,754018081997831
361.987,1689.2826,278.433,1658.5787,754018084205435,754018114563300
448.04956,1669.9065,291.93967,1658.5787,754018117746529,754018151322154
488.61993,1654.937,361.987,1658.5787,754018151465592,754018189034914
490.8332,1655.16,448.04956,1658.5787,754018189220071,754018220757675
415.63504,1718.4034,415.63504,1658.5787,754018221214237,754018250575071
827.04675,1592.577,448.04956,1658.5787,754018252577675,754018286386581
999.51843,1564.7435,448.04956,1658.5787,754018286466946,754018315244550
1003.6527,1512.6821,827.04675,1592.577,754018317327362,754018347082779
1000.35486,1508.1276,999.51843,1564.7435,754018352881164,754018382363925
1005.7933,1486.1354,1000.35486,1512.6821,754018383676477,754018417742102
1062.4336,1497.2678,1000.35486,1508.1276,754018418079185,754018448268404
1085.7737,1464.9548,1005.7933,1497.2678,754018451075748,754018483948612
1078.2411,1437.2113,1062.4336,1497.2678,754018485423664,754018516240904
1103.1772,1460.4583,1078.2411,1464.9548,754018517500018,754018553900904
1063.4794,1467.9929,1063.4794,1467.9929,754018554060487,754018586834185
903.9813,1625.3344,1063.4794,1467.9929,754018587307571,754018618441477
882.18304,1578.8655,1063.4794,1467.9929,754018620436112,754018652201998
830.78644,1526.8639,903.9813,1526.8639,754018655189133,754018688225070
866.40424,1551.64,882.18304,1526.8639,754018688331008,754018719710956
865.7068,1506.1561,866.40424,1526.8639,754018721121112,754018757092362
840.6798,1520.9742,866.40424,1526.8639,754018757171373,754018790795800
835.2552,1565.6157,865.7068,1526.8639,754018790963195,754018829668248
643.9005,1611.6981,840.6798,1526.8639,754018829825435,754018862339602
210.80338,1719.2468,835.2552,1565.6157,754018862502102,754018897398925
185.69559,1736.163,643.9005,1611.6981,754018897559758,754018930353664
216.9296,1715.5219,216.9296,1715.5219,754018930505070,754018964704185
211.0987,1719.485,216.9296,1715.5219,754018964865435,754019001377831
190.7861,1733.2953,216.9296,1715.5219,754019001465956,754019033646737
192.65242,1703.4875,211.0987,1715.5219,754019033828508,754019065650904
239.29915,1679.7574,216.9296,1715.5219,754019065820852,754019098342518
281.28174,1660.4648,216.9296,1703.4875,754019098516581,754019131079497
280.66858,1688.1304,239.29915,1688.1304,754019131225591,754019161563664
286.3477,1673.7847,280.66858,1688.1304,754019161722414,754019194462258
289.49765,1674.1849,280.66858,1688.1304,754019194628143,754019232749862
287.91577,1688.7755,286.3477,1688.1304,754019232839966,754019266367570
366.4038,1681.1359,287.91577,1688.1304,754019266526424,754019297923872
388.8702,1656.7151,287.91577,1688.1304,754019298092258,754019330533976
384.87408,1648.9084,366.4038,1681.1359,754019330680747,754019365253976
397.29398,1648.1365,384.87408,1656.7151,754019365444966,754019396600435
524.9535,1607.7393,384.87408,1648.9084,754019396759289,754019436187674
762.43823,1616.1792,397.29398,1648.1365,754019436355643,754019468440018
766.881,1607.6188,524.9535,1616.1792,754019468612466,754019500086997
768.0408,1584.7506,762.43823,1616.1792,754019500268247,754019532269549
740.5814,1590.1633,740.5814,1607.6188,754019532398716,754019564142258
685.70575,1418.0387,740.5814,1590.1633,754019564289028,754019597651320
746.3595,1261.8885,740.5814,1590.1633,754019597772362,754019631774289
742.1275,1263.296,740.5814,1418.0387,754019631896737,754019665648091
717.21954,1259.8444,740.5814,1263.296,754019665760851,754019705207101
706.5687,1285.6392,740.5814,1285.6392,754019705303508,754019736626893
745.9973,1254.4342,740.5814,1263.296,754019736804133,754019771167101
808.61896,1237.5387,740.5814,1263.296,754019771268820,754019802649810
835.09106,1205.7604,745.9973,1254.4342,754019802744810,754019833763560
817.8436,1182.2291,808.61896,1237.5387,754019833857883,754019865802414
790.7807,1181.546,790.7807,1205.7604,754019865913195,754019898432778
463.1084,1381.984,790.7807,1237.5387,754019898554289,754019931539705
203.79166,1456.3058,790.7807,1237.5387,754019932130435,754019963806060
178.03906,1456.0751,463.1084,1381.984,754019963974237,754019995100330
184.69662,1427.2631,203.79166,1427.2631,754019995229445,754020029505695
175.42242,1449.833,184.69662,1427.2631,754020030197257,754020061207466
145.3395,1446.9133,184.69662,1427.2631,754020061324705,754020092165955
106.53377,1492.7096,175.42242,1446.9133,754020092767310,754020124306112
120.73966,1470.6139,145.3395,1446.9133,754020124827049,754020158876945
80.51195,1480.1766,120.73966,1470.6139,754020162130382,754020193528612
126.06579,1435.2477,126.06579,1446.9133,754020193699393,754020224681789
389.4555,1337.083,126.06579,1446.9133,754020225747518,754020256492309
455.66754,1324.7648,126.06579,1435.2477,754020265063976,754020294791893
423.0293,1318.7969,389.4555,1337.083,754020294957257,754020323854028
455.47937,1299.3778,423.0293,1324.7648,754020352884809,754020391678768
469.4186,1301.3098,423.0293,1318.7969,754020404569914,754020454346528
431.76944,1284.9762,431.76944,1301.3098,754020455063664,754020486201684
500.82062,1281.3519,431.76944,1301.3098,754020495429236,754020528296945
490.75015,1260.4614,431.76944,1284.9762,754020529028091,754020565029289
336.16193,1285.5472,431.76944,1285.5472,754020565523664,754020594604132
385.59686,1264.0464,431.76944,1284.9762,754020595559132,754020629845747
290.92404,1341.1036,385.59686,1285.5472,754020629934341,754020688173559
336.4924,1359.3969,385.59686,1285.5472,754020688277882,754020721836997
631.77734,1285.1014,385.59686,1285.5472,754020725770955,754020757575695
662.0658,1253.9125,385.59686,1285.5472,754020757823768,754020792599966
665.7337,1250.3579,631.77734,1285.1014,754020792743924,754020827499601
676.20105,1250.131,662.0658,1253.9125,754020827623507,754020858561424
655.04565,1248.5138,655.04565,1250.3579,754020858715226,754020893341111
653.5045,1283.3004,655.04565,1253.9125,754020893501580,754020926214913
701.39404,1316.6394,655.04565,1253.9125,754020926359705,754020958769913
696.2691,1298.1869,655.04565,1283.3004,754020958993195,754021007164028
752.04193,1246.3552,696.2691,1253.9125,754021007251997,754021042261736
885.046,1097.5914,696.2691,1253.9125,754021042452986,754021077713924
901.1834,1036.0988,752.04193,1246.3552,754021077889288,754021111859809
855.9972,1083.2429,855.9972,1097.5914,754021112103403,754021148604965
813.8322,1136.0431,813.8322,1136.0431,754021148802153,754021178480642
868.5456,1167.5789,855.9972,1136.0431,754021178666632,754021211985070
876.1388,1195.4897,855.9972,1136.0431,754021212200799,754021242988715
574.09656,1334.5557,855.9972,1167.5789,754021243139913,754021274187517
155.00252,1427.1892,855.9972,1195.4897,754021274364757,754021305850434
159.03282,1349.2043,574.09656,1334.5557,754021305953247,754021338007778
168.4874,1237.7606,168.4874,1237.7606,754021338112413,754021374264913
210.47226,1260.483,210.47226,1260.483,754021374408559,754021408286059
200.12724,1283.3843,200.12724,1260.483,754021408383767,754021440847101
179.10365,1350.3136,200.12724,1260.483,754021441005382,754021481424340
170.96715,1295.609,200.12724,1283.3843,754021481808142,754021510425903
217.00359,1275.64,200.12724,1275.64,754021510600121,754021542708038
734.33844,1074.7206,200.12724,1275.64,754021542903299,754021581163090
837.5082,1081.7855,217.00359,1275.64,754021581330434,754021616953819
819.3219,1076.1466,734.33844,1081.7855,754021617061319,754021667941892
971.05304,1054.0547,819.3219,1081.7855,754021668066163,754021710443351
967.17224,1069.4478,819.3219,1076.1466,754021710563038,754021745309548
941.24097,1019.04944,941.24097,1069.4478,754021745469705,754021779997101
947.90234,1115.5088,941.24097,1076.1466,754021780144548,754021808995226
969.5471,1086.9735,941.24097,1076.1466,754021809146319,754021840586996
1151.7054,1155.8376,947.90234,1086.9735,754021840774392,754021872899392
1148.137,1181.8463,969.5471,1086.9735,754021873069132,754021906347569
1150.6233,1140.8091,1148.137,1140.8091,754021906530017,754021937091007
1142.1809,1157.1667,1142.1809,1140.8091,754021937187673,754021969555642
1137.6681,1170.1975,1142.1809,1140.8091,754021969902100,754022003821163
968.66705,1118.6583,1142.1809,1140.8091,754022003923663,754022045826423
768.683,1169.4512,1137.6681,1140.8091,754022046021736,754022080360382
746.4766,1168.9342,968.66705,1140.8091,754022080487517,754022111346996
753.55426,1142.5553,768.683,1142.5553,754022111460017,754022154580330
752.59265,1126.9164,753.55426,1140.8091,754022154683038,754022192605069
716.17084,1122.7043,753.55426,1140.8091,754022192993246,754022228504080
682.0961,1102.2849,752.59265,1126.9164,754022229139861,754022259017517
684.6997,1112.9379,716.17084,1122.7043,754022261446163,754022296847673
652.00366,1102.6599,684.6997,1112.9379,754022296969809,754022332906319
625.312,1108.129,684.6997,1112.9379,754022333102413,754022363322152
631.3695,1056.0061,652.00366,1108.129,754022363906579,754022397667465
615.68353,1044.5184,631.3695,1108.129,754022399232725,754022431313559
656.2604,1114.9329,652.00366,1108.129,754022431644913,754022465493350
685.8416,1116.8217,652.00366,1108.129,754022466071684,754022498763298
697.16156,1146.6238,656.2604,1114.9329,754022498932517,754022530675746
668.7224,1116.272,668.7224,1116.272,754022530809236,754022560624756
660.6445,1110.6335,660.6445,1114.9329,754022564632673,754022601198402
695.12146,1106.4928,668.7224,1114.9329,754022602139236,754022636810694
687.88965,1098.4061,668.7224,1110.6335,754022637337361,754022675086371
678.7587,1125.0916,678.7587,1114.9329,754022675177517,754022707228611
685.83344,1150.7367,678.7587,1114.9329,754022708554600,754022742169131
677.0269,1165.2754,678.7587,1125.0916,754022742342777,754022775840381
704.55676,1114.6777,678.7587,1114.9329,754022776050329,754022810096423
734.6258,1137.3159,678.7587,1125.0916,754022810267933,754022841962986
792.63873,1168.8375,704.55676,1125.0916,754022842050486,754022878941579
747.9188,1273.3724,734.6258,1137.3159,754022879039808,754022912226840
731.8137,1255.1844,731.8137,1168.8375,754022912405902,754022943813142
710.71985,1228.8916,731.8137,1228.8916,754022943984861,754022976500225
649.6075,1248.8776,731.8137,1228.8916,754022976807933,754023009016058
668.4774,1301.6505,710.71985,1228.8916,754023009172621,754023042133090
664.9583,1294.1866,668.4774,1248.8776,754023042290069,754023074767829
676.91644,1262.3811,676.91644,1262.3811,754023074881892,754023119008923
675.88617,1273.389,675.88617,1262.3811,754023119128819,754023149618402
656.4261,1249.4446,675.88617,1262.3811,754023149736788,754023182016579
652.55426,1268.6487,675.88617,1262.3811,754023182201683,754023214527621
633.1654,1286.8302,656.4261,1262.3811,754023214702777,754023249102100
656.47705,1223.9618,656.47705,1262.3811,754023249278662,754023289199444
666.1354,1279.1138,656.47705,1262.3811,754023289374183,754023318978402
688.1022,1223.8164,656.47705,1262.3811,754023319185954,754023351804392
672.78723,1201.0526,666.1354,1262.3811,754023351921319,754023385601683
678.4336,1273.6223,672.78723,1262.3811,754023385835642,754023419020798
693.8691,1268.674,672.78723,1262.3811,754023419178506,754023448930589
695.3859,1314.271,678.4336,1268.674,754023449050121,754023482956735
676.784,1321.1112,676.784,1268.674,754023483130954,754023514198558
661.6954,1271.5969,676.784,1271.5969,754023514334027,754023550618298
687.1142,1297.842,676.784,1271.5969,754023550724079,754023595668142
668.117,1230.0619,676.784,1271.5969,754023595763871,754023628116944
683.8509,1268.689,676.784,1271.5969,754023628293194,754023659603402
687.3322,1265.0254,676.784,1268.689,754023659704287,754023688567464
674.96875,1327.1866,676.784,1271.5969,754023688736527,754023719675694
651.1275,1235.9637,676.784,1268.689,754023719869808,754023753758141
661.12225,1199.9133,674.96875,1268.689,754023753942100,754023785329652
663.5714,1281.7626,663.5714,1268.689,754023785501266,754023815948246
723.85223,1482.3268,674.96875,1268.689,754023816147464,754023850306423
634.09753,1285.6533,663.5714,1281.7626,754023850413402,754023881353350
813.4859,1592.4585,674.96875,1285.6533,754023881470381,754023914922464
774.953,1528.8817,674.96875,1285.6533,754023915493350,754023949970746
711.18176,1468.0048,711.18176,1468.0048,754023950074496,754023985220381
686.40765,1289.5895,686.40765,1289.5895,754023985515173,754024023914443
735.7477,1199.8818,711.18176,1289.5895,754024024145954,754024056358506
713.4651,1177.978,711.18176,1289.5895,754024056489391,754024092079964
669.6515,1223.9536,711.18176,1223.9536,754024092170798,754024122603402
686.474,1223.1549,711.18176,1223.9536,754024122794600,754024158829964
724.0468,1220.1869,711.18176,1223.9536,754024158920745,754024192709339
748.0184,1212.7827,711.18176,1223.1549,754024192802464,754024224322048
717.6304,1218.919,717.6304,1220.1869,754024224504756,754024253987933
750.07214,1300.981,717.6304,1223.1549,754024254166318,754024287450329
722.50836,1281.1097,717.6304,1223.1549,754024287634443,754024321141475
751.25073,1291.0806,722.50836,1281.1097,754024321335902,754024356058662
700.8795,1334.2053,717.6304,1281.1097,754024356249079,754024388747464
722.6704,1336.7458,722.50836,1291.0806,754024388983350,754024422677620
718.44086,1368.9116,718.44086,1334.2053,754024422860225,754024456678506
767.03064,1389.5201,722.50836,1336.7458,754024456858402,754024487809547
790.6346,1387.3124,722.50836,1368.9116,754024488041891,754024519123870
785.1776,1388.6184,767.03064,1387.3124,754024519239652,754024553813297
770.7691,1400.0138,770.7691,1387.3124,754024553922152,754024589719183
771.96875,1397.3846,770.7691,1388.6184,754024589896787,754024622776839
738.9747,1450.6287,770.7691,1397.3846,754024622966891,754024654842360
759.4074,1441.1865,770.7691,1397.3846,754024655077881,754024686396839
785.21716,1451.406,770.7691,1441.1865,754024686580329,754024721709808
808.22296,1487.783,770.7691,1441.1865,754024721894964,754024752640901
794.31036,1492.4753,785.21716,1451.406,754024752801370,754024783062724
800.6567,1489.4397,794.31036,1487.783,754024783184599,754024816856318
771.62506,1489.8076,785.21716,1489.4397,754024817039443,754024851699756
755.7194,1505.5919,785.21716,1489.4397,754024851897829,754024887918974
766.611,1508.8767,771.62506,1489.8076,754024888158662,754024917414912
752.4087,1571.8351,766.611,1505.5919,754024917596943,754024949290381
760.14996,1608.355,766.611,1508.8767,754024949393037,754024992594495
752.9271,1576.1001,760.14996,1571.8351,754024992805797,754025029936110
725.8692,1542.0563,760.14996,1542.0563,754025030032047,754025058921058
746.1242,1594.3391,752.9271,1571.8351,754025059080016,754025088572360
736.65314,1570.1602,746.1242,1570.1602,754025088763037,754025118160849
762.1709,1603.2642,752.9271,1571.8351,754025118347881,754025154463037
752.28467,1584.8666,752.28467,1571.8351,754025154643089,754025184552099
803.6242,1624.2588,752.9271,1584.8666,754025184748922,754025219367933
782.8617,1632.0228,752.9271,1584.8666,754025219550120,754025250662880
747.1128,1626.3209,752.9271,1624.2588,754025250850485,754025284370745
792.4273,1623.0707,752.9271,1623.0707,754025284562724,754025320894287
778.4573,1655.5673,752.9271,1624.2588,754025321084495,754025351414547
766.3159,1689.5244,766.3159,1624.2588,754025351611162,754025387606683
748.5589,1672.0686,752.9271,1655.5673,754025387798401,754025418598922
742.1405,1692.6158,752.9271,1672.0686,754025418768714,754025449016266
734.34827,1754.7155,748.5589,1672.0686,754025449201422,754025485640849
640.365,1821.613,742.1405,1692.6158,754025485752099,754025514360276
693.19836,1807.8604,734.34827,1754.7155,754025514796162,754025545518870
661.02765,1832.4475,693.19836,1807.8604,754025545601162,754025576043089
697.37634,1840.9712,697.37634,1807.8604,754025576224339,754025608309443
692.3988,1841.1447,693.19836,1832.4475,754025608496422,754025642057568
747.7405,1798.8766,697.37634,1807.8604,754025642227047,754025674654807
803.99756,1749.4781,697.37634,1807.8604,754025674832724,754025705876839
800.31104,1757.37,747.7405,1798.8766,754025705974703,754025738672932
787.54224,1775.1057,787.54224,1775.1057,754025739403714,754025768495537
774.66205,1767.2065,774.66205,1775.1057,754025768624599,754025800807828
790.81726,1754.8181,787.54224,1775.1057,754025801470380,754025829933245
817.30725,1742.5737,787.54224,1767.2065,754025830105328,754025859189807
840.7225,1761.4221,790.81726,1761.4221,754025863288089,754025896919911
796.6012,1770.6211,796.6012,1767.2065,754025898294703,754025930120849
805.40045,1777.5634,796.6012,1767.2065,754025935545432,754025963126422
816.6462,1784.0267,796.6012,1770.6211,754025966392047,754025994372932
805.8395,1811.6785,805.40045,1777.5634,754025997251630,754026027600016
818.1057,1801.5457,805.8395,1784.0267,754026030241422,754026059879703
852.5865,1766.5839,805.8395,1777.5634,754026065256161,754026095098297
861.0082,1773.0488,818.1057,1777.5634,754026102100849,754026134436682
849.7624,1797.9589,849.7624,1777.5634,754026135219443,754026170174391
845.3334,1803.2999,845.3334,1777.5634,754026170558557,754026203874599
852.1299,1785.0969,849.7624,1785.0969,754026203976943,754026233864703
850.44934,1812.2585,849.7624,1785.0969,754026233947411,754026265963661
864.9436,1808.2368,850.44934,1785.0969,754026268088557,754026299172047
863.4215,1804.2865,850.44934,1804.2865,754026299323765,754026333608036
873.5485,1802.8691,863.4215,1802.8691,754026334196526,754026365815068
838.5615,1791.159,850.44934,1802.8691,754026366977203,754026398734182
869.07275,1802.9153,863.4215,1802.8691,754026407878140,754026449140224
856.2692,1812.5973,856.2692,1802.8691,754026449326109,754026484350068
870.434,1826.114,863.4215,1802.9153,754026484526995,754026515911630
890.02045,1824.4254,863.4215,1812.5973,754026516146474,754026551951890
851.0332,1831.0392,863.4215,1824.4254,754026552162411,754026584478088
853.5016,1865.6946,863.4215,1824.4254,754026584675120,754026616970692
854.23566,1863.5311,854.23566,1831.0392,754026617155432,754026648929495
825.8377,1864.9368,854.23566,1863.5311,754026649105849,754026683037932
811.18195,1872.3354,854.23566,1863.5311,754026683213192,754026712350901
864.7273,1862.4604,854.23566,1863.5311,754026712709859,754026744406213
827.2106,1881.7961,854.23566,1863.5311,754026744501213,754026775545172
852.8849,1861.3151,854.23566,1863.5311,754026775636630,754026807806630
874.8117,1843.2164,854.23566,1863.5311,754026807977776,754026842990797
884.92816,1851.6176,854.23566,1861.3151,754026843089651,754026873923192
869.1591,1851.7203,869.1591,1851.7203,754026874029234,754026906096786
848.7572,1854.3604,854.23566,1854.3604,754026906208244,754026940166786
859.50653,1848.6128,859.50653,1851.7203,754026940314703,754026971045849
873.5299,1863.1602,859.50653,1854.3604,754026971227099,754027004801682
868.51324,1851.5471,859.50653,1851.7203,754027004967932,754027036489338
870.6296,1864.4833,868.51324,1854.3604,754027036597724,754027067054338
864.18066,1846.6814,864.18066,1851.7203,754027067146838,754027098556578
904.90436,1855.67,868.51324,1854.3604,754027098671161,754027130825588
855.1923,1877.1414,864.18066,1854.3604,754027131898036,754027162768244
876.5403,1865.7921,868.51324,1855.67,754027162916578,754027193946786
852.2718,1871.063,864.18066,1865.7921,754027197681369,754027227461734
907.3453,1866.7534,868.51324,1865.7921,754027229381994,754027261749963
872.2017,1865.6377,868.51324,1865.7921,754027266771994,754027300123973
889.94275,1860.2036,872.2017,1865.7921,754027300193036,754027329973401
874.0793,1865.1548,872.2017,1865.6377,754027330390171,754027363713921
860.88727,1878.2861,872.2017,1865.7921,754027365021213,754027395514442
831.3277,1875.8453,872.2017,1865.7921,754027397165119,754027430746682
830.7177,1884.7274,860.88727,1875.8453,754027432297046,754027461959286
883.1122,1868.9747,872.2017,1868.9747,754027463752046,754027492761005
838.1632,1901.8689,860.88727,1875.8453,754027495657307,754027526500328
813.9865,1896.3635,860.88727,1875.8453,754027533894078,754027566420953
817.3773,1891.3553,838.1632,1891.3553,754027566489182,754027597753088
812.50446,1891.1344,817.3773,1891.1344,754027609106942,754027643067515
822.7751,1884.4786,822.7751,1891.1344,754027643159911,754027674668296
771.133,1889.3826,817.3773,1891.1344,754027697961265,754027735407411
807.0923,1878.6259,817.3773,1889.3826,754027735544807,754027780685327
823.22516,1900.5321,817.3773,1891.1344,754027780805484,754027809931004
824.9536,1898.7739,817.3773,1891.1344,754027810463661,754027842937879
778.30646,1926.1204,817.3773,1898.7739,754027843045327,754027876138557
804.62854,1917.6758,817.3773,1898.7739,754027876229598,754027909316265
860.0056,1894.1664,817.3773,1898.7739,754027909417307,754027944571161
854.1305,1889.3678,817.3773,1898.7739,754027944737098,754027976515744
864.5749,1880.4587,854.1305,1894.1664,754027976786838,754028009557202
845.0841,1904.6571,845.0841,1898.7739,754028010170588,754028042525171
881.5137,1903.9266,854.1305,1898.7739,754028042622984,754028075750692
841.75507,1913.4391,845.0841,1903.9266,754028075852879,754028109252723
846.1921,1900.3983,846.1921,1900.3983,754028109347567,754028143217671
854.7566,1899.1919,846.1921,1900.3983,754028143318713,754028177116681
836.9751,1931.8689,846.1921,1900.3983,754028177275484,754028211312202
891.8888,1898.6906,846.1921,1900.3983,754028211482411,754028258728140
824.748,1911.8983,846.1921,1900.3983,754028258816317,754028290066473
871.46216,1899.8448,846.1921,1900.3983,754028290288817,754028322324650
863.1419,1909.005,846.1921,1900.3983,754028322420900,754028354882463
900.3098,1890.7296,863.1419,1900.3983,754028355034911,754028386287411
897.5064,1867.5878,863.1419,1900.3983,754028386468400,754028418049338
902.2126,1884.2432,897.5064,1890.7296,754028418218348,754028448222827
846.3457,1894.7567,863.1419,1894.7567,754028448401213,754028482724129
844.7837,1889.7805,863.1419,1890.7296,754028482906838,754028512457410
891.23517,1877.4186,863.1419,1890.7296,754028512642619,754028546431369
893.3695,1876.1467,863.1419,1889.7805,754028546597931,754028578934754
844.1164,1899.6455,863.1419,1890.7296,754028579117827,754028610551733
888.6494,1886.2107,863.1419,1889.7805,754028610721681,754028641776056
887.73694,1887.7314,863.1419,1889.7805,754028641878765,754028676481004
828.8485,1928.2446,863.1419,1889.7805,754028676647879,754028713826004
841.2942,1909.8716,863.1419,1889.7805,754028714056629,754028748250275
868.9568,1896.0573,863.1419,1896.0573,754028748364754,754028778512983
883.1488,1893.8302,863.1419,1893.8302,754028778702202,754028809965692
857.3422,1907.6401,863.1419,1896.0573,754028810131733,754028843394025
841.88043,1904.0233,863.1419,1896.0573,754028843569546,754028873996160
852.9273,1891.2998,857.3422,1896.0573,754028874075483,754028907956421
854.737,1908.8866,854.737,1896.0573,754028908512098,754028941344598
833.9563,1920.4141,854.737,1896.0573,754028941653869,754028972656160
875.899,1918.087,854.737,1908.8866,754028972770848,754029004848869
857.14844,1914.3615,854.737,1914.3615,754029004940744,754029035924181
843.77856,1914.5602,854.737,1914.3615,754029036142098,754029069129702
868.7574,1914.6096,854.737,1914.3615,754029069300900,754029103788139
863.00446,1921.9183,854.737,1914.5602,754029103892619,754029135222462
876.17334,1907.9164,863.00446,1914.3615,754029135393035,754029167419910
902.7419,1883.4027,863.00446,1914.3615,754029167642671,754029211386629
903.95026,1908.6053,876.17334,1908.6053,754029211476733,754029244869754
926.63477,1891.6547,902.7419,1908.6053,754029245034858,754029278452723
926.48456,1885.4138,903.95026,1908.6053,754029278547306,754029315685275
921.0865,1875.4293,921.0865,1891.6547,754029315868921,754029346406889
928.875,1880.8392,921.0865,1885.4138,754029346591056,754029378959910
914.1013,1884.4813,921.0865,1884.4813,754029379148816,754029411218191
921.6272,1867.458,921.0865,1884.4813,754029411392879,754029445978400
958.977,1864.9507,921.0865,1884.4813,754029446179910,754029478330796
928.94135,1885.5391,921.6272,1884.4813,754029478488764,754029511490223
933.3105,1879.7058,928.94135,1884.4813,754029511650743,754029546520171
939.35614,1880.7406,928.94135,1884.4813,754029546715066,754029580121473
941.483,1879.0831,933.3105,1880.7406,754029580308191,754029614758348
939.571,1864.9791,939.35614,1880.7406,754029614867827,754029648387410
960.3278,1869.3729,939.571,1879.0831,754029648560223,754029692667670
926.5846,1888.7007,939.35614,1880.7406,754029693586993,754029724373087
915.52075,1896.407,939.35614,1880.7406,754029727297983,754029759916525
929.6323,1896.7329,929.6323,1888.7007,754029761906889,754029794956525
916.5915,1892.3894,929.6323,1892.3894,754029795097722,754029827060014
912.5092,1890.7203,929.6323,1890.7203,754029828602045,754029859332462
908.1136,1890.7938,916.5915,1890.7938,754029861995691,754029894788712
922.7393,1893.7454,922.7393,1890.7938,754029897558868,754029926198712
952.0367,1857.254,922.7393,1890.7938,754029926345014,754029955175118
910.9318,1888.8109,922.7393,1890.7938,754029961974910,754029999278764
918.08795,1882.1716,922.7393,1888.8109,754029999449702,754030031603191
936.2915,1877.3857,922.7393,1888.8109,754030031796629,754030064365431
932.8389,1873.8864,922.7393,1882.1716,754030065130952,754030101691524
929.2733,1869.5858,929.2733,1877.3857,754030102111733,754030153107514
942.8094,1876.4901,929.2733,1876.4901,754030153228191,754030185940535
914.79254,1882.1589,929.2733,1877.3857,754030186074702,754030220894076
896.7143,1882.0836,929.2733,1877.3857,754030221072931,754030256124910
915.4459,1883.9379,915.4459,1882.0836,754030256234129,754030291564233
913.5966,1877.2853,915.4459,1877.3857,754030291742358,754030322560222
922.9256,1879.3221,915.4459,1879.3221,754030322673504,754030356433712
925.5674,1880.9082,915.4459,1879.3221,754030356587983,754030394733920
935.17865,1869.9515,922.9256,1879.3221,754030394823816,754030428791576
921.2167,1888.6454,921.2167,1879.3221,754030428954337,754030460531160
914.20306,1894.7762,921.2167,1879.3221,754030462363556,754030493118556
907.8715,1884.1886,921.2167,1884.1886,754030493962410,754030524694597
908.3208,1895.7689,914.20306,1884.1886,754030526546837,754030557488764
909.11896,1885.79,909.11896,1884.1886,754030562073660,754030596677983
916.62933,1884.2195,914.20306,1884.2195,754030599524701,754030635236524
938.6465,1865.1493,914.20306,1884.1886,754030635379285,754030673155535
911.5941,1882.1378,914.20306,1884.1886,754030673512774,754030715581837
930.60547,1858.6107,914.20306,1882.1378,754030715744910,754030750757514
938.15094,1866.6929,914.20306,1882.1378,754030750925743,754030781386993
926.77185,1865.8276,926.77185,1866.6929,754030781570118,754030811866420
944.88635,1856.0044,926.77185,1866.6929,754030811981160,754030843577149
939.30646,1857.8308,926.77185,1865.8276,754030843732618,754030875868816
908.19403,1866.1979,926.77185,1866.1979,754030876206316,754030909527930
931.26904,1876.9474,926.77185,1866.1979,754030909701160,754030945040482
942.3975,1865.912,926.77185,1866.1979,754030945231628,754030974753139
939.1996,1872.4164,931.26904,1866.1979,754030974932930,754031006860482
955.0912,1840.8628,939.1996,1866.1979,754031007032253,754031042043451
941.5957,1869.2864,939.1996,1866.1979,754031042228607,754031096383034
931.4731,1871.0575,939.1996,1866.1979,754031096476576,754031126664753
939.9248,1857.5706,939.1996,1866.1979,754031127333243,754031160065430
946.4242,1853.1135,939.1996,1866.1979,754031160255951,754031192621889
949.7476,1850.5568,939.9248,1857.5706,754031192796732,754031225892774
970.1567,1848.5753,946.4242,1853.1135,754031226391368,754031260087878
972.1528,1857.4403,949.7476,1857.4403,754031260192878,754031290960691
981.4617,1843.117,970.1567,1853.1135,754031327294909,754031365767670
974.9511,1867.4153,972.1528,1857.4403,754031365902722,754031398255586
989.90906,1844.878,974.9511,1853.1135,754031400167618,754031436180170
995.1471,1843.0623,974.9511,1853.1135,754031436291003,754031469137409
980.8622,1837.7701,980.8622,1844.878,754031469241264,754031499718139
1018.858,1831.2579,980.8622,1843.0623,754031501032357,754031532924701
1019.06396,1832.8295,980.8622,1837.7701,754031534115378,754031565942097
897.16595,1855.3694,980.8622,1843.0623,754031566039180,754031610656524
542.8615,1544.5903,980.8622,1837.7701,754031610777982,754031644298191
633.4472,1679.9818,897.16595,1837.7701,754031644402461,754031677528972
897.7089,1831.069,897.7089,1831.069,754031677646472,754031716754701
996.5976,1832.4299,897.7089,1832.4299,754031716936107,754031751197149
1024.5778,1826.6908,897.7089,1831.069,754031751306211,754031788618763
1055.3035,1791.8474,996.5976,1831.069,754031788819909,754031819149805
1040.1064,1788.8241,1024.5778,1826.6908,754031819268503,754031851106836
1021.2223,1816.9376,1021.2223,1816.9376,754031851207565,754031883336107
1020.51044,1798.2109,1021.2223,1816.9376,754031883451784,754031913883763
1043.6,1768.3469,1021.2223,1816.9376,754031914004440,754031946982774
1031.6427,1798.8422,1021.2223,1798.8422,754031947137357,754031980512670
1036.7932,1791.4678,1031.6427,1798.8422,754031980626680,754032014149388
1060.4077,1781.646,1031.6427,1798.8422,754032014266315,754032046384597
1061.5156,1773.8358,1036.7932,1791.4678,754032046535117,754032094778190
1077.2157,1738.6722,1060.4077,1781.646,754032095601367,754032125253347
1084.9965,1775.8237,1061.5156,1775.8237,754032130690065,754032164191992
1093.9713,1766.7504,1077.2157,1775.8237,754032166431107,754032199371315
1082.5035,1753.5541,1082.5035,1775.8237,754032199461263,754032231494597
1056.1097,1757.3258,1077.2157,1766.7504,754032231593763,754032266862722
1086.8159,1764.7681,1082.5035,1764.7681,754032268267149,754032301557097
1078.6782,1763.8455,1078.6782,1764.7681,754032302335951,754032333344128
1063.7767,1774.7856,1078.6782,1764.7681,754032333453503,754032366241888
1035.1638,1783.2017,1078.6782,1764.7681,754032366355065,754032397674544
1056.905,1767.9375,1063.7767,1767.9375,754032399717982,754032430930169
1062.6943,1782.0653,1062.6943,1767.9375,754032432962774,754032466906680
1040.1505,1770.4915,1062.6943,1767.9375,754032467929857,754032501794649
1033.2292,1762.4679,1062.6943,1767.9375,754032501873919,754032538215951
1051.3243,1776.4622,1051.3243,1767.9375,754032538893242,754032571549909
1036.9622,1779.2775,1051.3243,1767.9375,754032573015326,754032611910586
1034.8776,1776.4247,1051.3243,1776.4247,754032612034180,754032648925690
1068.5585,1776.5299,1051.3243,1776.4247,754032649121055,754032682506732
1002.2161,1786.8243,1051.3243,1776.4247,754032683251315,754032714745951
1029.45,1763.3793,1051.3243,1776.4247,754032714860482,754032746619076
1038.5956,1791.0264,1038.5956,1776.4247,754032746724648,754032779774336
1011.6092,1780.1945,1038.5956,1776.4247,754032779880221,754032811775951
1007.6255,1782.2441,1038.5956,1780.1945,754032811943711,754032844995898
1005.88446,1793.3656,1011.6092,1780.1945,754032845096732,754032877757930
1020.38116,1786.4745,1020.38116,1782.2441,754032877872669,754032911917357
990.46277,1795.1772,1011.6092,1786.4745,754032912128450,754032947709440
1012.82556,1730.3313,1012.82556,1782.2441,754032947849440,754032981860221
985.0608,1792.7805,1011.6092,1786.4745,754032981974596,754033015059805
982.01385,1767.3102,1011.6092,1782.2441,754033015162930,754033052964232
982.7822,1761.8168,985.0608,1782.2441,754033053970898,754033086516888
966.9178,1781.7014,982.7822,1781.7014,754033086720273,754033121722930
981.71,1759.3923,982.7822,1781.7014,754033121893555,754033159169700
989.6113,1758.4552,982.7822,1781.7014,754033159346732,754033193444023
987.60077,1705.8981,982.7822,1759.3923,754033193640430,754033230463971
978.7963,1725.2451,982.7822,1758.4552,754033230607096,754033265270742
985.1179,1734.7732,982.7822,1734.7732,754033265471679,754033298742617
963.6605,1752.6888,982.7822,1752.6888,754033298836054,754033334001523
960.6309,1754.2615,982.7822,1752.6888,754033334145794,754033369795586
971.5616,1702.621,971.5616,1752.6888,754033371709336,754033406333919
983.5564,1729.438,982.7822,1752.6888,754033406442565,754033439619648
971.39844,1720.9254,971.5616,1729.438,754033439791107,754033474643763
971.36127,1755.8208,971.5616,1752.6888,754033474833554,754033517809544
961.1572,1728.8694,971.39844,1729.438,754033518467617,754033550776940
986.7318,1751.4718,971.5616,1751.4718,754033550967148,754033583802409
994.52893,1737.5134,971.5616,1737.5134,754033583948190,754033618755690
993.5664,1712.1838,986.7318,1737.5134,754033618929544,754033651704648
970.0473,1666.53,971.5616,1737.5134,754033651937461,754033683637513
965.91565,1685.8735,971.5616,1712.1838,754033683732513,754033716734388
984.68335,1676.3766,971.5616,1685.8735,754033716873138,754033748096315
987.85547,1644.9164,971.5616,1685.8735,754033748215950,754033780972461
969.2023,1703.5995,971.5616,1685.8735,754033781077877,754033814418867
981.69464,1711.204,971.5616,1685.8735,754033814543658,754033847409336
980.0888,1704.9703,971.5616,1703.5995,754033847523867,754033885251523
1002.79626,1698.603,980.0888,1698.603,754033885410481,754033916698554
975.7134,1702.8962,975.7134,1702.8962,754033916890533,754033950306523
982.28973,1670.3112,980.0888,1698.603,754033950505325,754033994570273
959.50244,1655.3265,975.7134,1698.603,754033994687617,754034027704440
903.2857,1690.3467,975.7134,1690.3467,754034027908919,754034062544023
923.04364,1661.121,959.50244,1690.3467,754034062639804,754034096641054
898.69653,1591.662,923.04364,1690.3467,754034096778867,754034131944804
919.6443,1584.5295,923.04364,1661.121,754034132062460,754034170036158
960.18384,1611.1395,923.04364,1611.1395,754034171480169,754034207413815
949.1115,1584.0874,923.04364,1611.1395,754034207504700,754034240327044
943.26807,1545.5778,943.26807,1611.1395,754034240478190,754034272547460
953.54315,1552.8447,943.26807,1584.0874,754034272703658,754034313555221
929.4623,1529.5865,943.26807,1552.8447,754034313680637,754034345208398
940.4024,1520.4791,943.26807,1552.8447,754034346102565,754034379719960
952.6257,1463.6853,943.26807,1529.5865,754034379825325,754034411423867
951.78925,1514.4598,943.26807,1520.4791,754034411538554,754034445909127
907.0752,1488.5316,943.26807,1514.4598,754034446017408,754034478475221
914.60406,1510.063,943.26807,1514.4598,754034478605377,754034515266106
951.6513,1519.0883,943.26807,1514.4598,754034515427408,754034548624283
919.9666,1511.7059,943.26807,1514.4598,754034548772512,754034582806314
911.41675,1481.8739,943.26807,1514.4598,754034582966835,754034618446783
922.4107,1508.0653,922.4107,1511.7059,754034618591158,754034651207200
920.16144,1488.7114,922.4107,1508.0653,754034651399335,754034681478294
922.8617,1466.4042,922.4107,1508.0653,754034681632512,754034715166366
903.4268,1490.4418,922.4107,1490.4418,754034715296158,754034748156523
891.6268,1497.4943,922.4107,1497.4943,754034748320637,754034780546939
907.8429,1443.0552,907.8429,1490.4418,754034780784387,754034812170793
906.65295,1480.4188,907.8429,1490.4418,754034812268085,754034845327668
910.31604,1473.8856,907.8429,1480.4188,754034845425950,754034879498762
901.67584,1462.3455,907.8429,1480.4188,754034879584804,754034910761835
920.29626,1426.0345,907.8429,1473.8856,754034911413814,754034968737981
922.6499,1433.9471,907.8429,1462.3455,754034968823918,754035003036887
930.9545,1434.7755,920.29626,1434.7755,754035003119127,754035034055950
937.1487,1399.3899,922.6499,1434.7755,754035035548345,754035068569856
933.08124,1435.2131,930.9545,1434.7755,754035068668866,754035099611991
918.73193,1391.3867,922.6499,1434.7755,754035100283033,754035132030845
932.41614,1395.6659,930.9545,1434.7755,754035133602252,754035165414023
923.848,1403.2384,923.848,1403.2384,754035166659856,754035198718450
899.62335,1389.7761,923.848,1403.2384,754035202242200,754035238285429
893.16986,1370.4443,923.848,1403.2384,754035238351939,754035272394022
902.675,1341.3817,902.675,1389.7761,754035274333241,754035306214022
895.2958,1332.1277,902.675,1370.4443,754035306380793,754035339488085
888.92206,1354.0829,902.675,1354.0829,754035339587981,754035370646158
864.5812,1325.7213,895.2958,1354.0829,754035370730481,754035402958189
861.8625,1336.2333,888.92206,1354.0829,754035403045116,754035435723450
872.51776,1317.4762,872.51776,1336.2333,754035437350585,754035470803189
904.4153,1356.7499,888.92206,1354.0829,754035470892252,754035502433658
871.84406,1280.5477,872.51776,1336.2333,754035502530481,754035535085012
872.45776,1333.6049,872.51776,1336.2333,754035537996731,754035572205845
827.1511,1277.8501,872.45776,1333.6049,754035572338918,754035605886054
855.87823,1289.9902,872.45776,1333.6049,754035606032981,754035642835429
877.8765,1273.8423,872.45776,1289.9902,754035642996522,754035675365637
867.6649,1277.8185,872.45776,1289.9902,754035675482356,754035710385845
859.0195,1261.8049,872.45776,1277.8185,754035710495376,754035747634960
864.1245,1279.3744,867.6649,1279.3744,754035747777095,754035779011679
889.6954,1271.1316,872.45776,1277.8185,754035779091158,754035810899074
872.76965,1244.7109,872.45776,1277.8185,754035811436939,754035853875533
870.9295,1232.0693,872.45776,1271.1316,754035854351783,754035886810481
850.26434,1202.1079,872.45776,1244.7109,754035886969751,754035920177460
852.4866,1211.5573,870.9295,1232.0693,754035920301522,754035954658293
858.0747,1182.5459,858.0747,1211.5573,754035954770376,754035990096939
827.21045,1179.4172,858.0747,1211.5573,754035990245481,754036022874231
828.11414,1136.2095,858.0747,1182.5459,754036023066210,754036054381314
825.0359,1080.5935,828.11414,1179.4172,754036054582043,754036085847356
803.8572,1135.1364,828.11414,1136.2095,754036086053449,754036123451939
778.7317,1103.9258,825.0359,1135.1364,754036123613814,754036155142720
795.4716,1081.2074,803.8572,1135.1364,754036155340376,754036187665585
822.3601,1066.1322,822.3601,1103.9258,754036187778918,754036218256835
798.0437,1055.2683,803.8572,1081.2074,754036218369439,754036249974074
796.126,1028.0667,803.8572,1066.1322,754036250150949,754036282515220
784.57355,1043.0997,798.0437,1055.2683,754036282682251,754036317401262
773.74646,1034.7592,796.126,1043.0997,754036317564230,754036351235116
791.9114,977.1482,791.9114,1043.0997,754036351382772,754036383718189
801.4035,980.50146,796.126,1034.7592,754036383896835,754036427104751
789.6443,943.4242,791.9114,980.50146,754036427209803,754036459695220
797.4323,940.692,796.126,980.50146,754036459804387,754036491673032
802.1126,908.9887,796.126,943.4242,754036491821522,754036526624699
824.1114,972.16144,797.4323,972.16144,754036526714751,754036561017355
795.3181,920.7338,796.126,943.4242,754036561152824,754036594780428
809.2706,907.8068,797.4323,943.4242,754036595069126,754036625498762
790.4353,911.0709,796.126,920.7338,754036625582564,754036659244178
786.7262,938.6782,796.126,938.6782,754036659347720,754036690592199
789.21204,881.564,790.4353,920.7338,754036690700168,754036721138189
771.69135,895.4116,789.21204,920.7338,754036721331834,754036753168970
792.4079,899.4672,790.4353,899.4672,754036753347928,754036787387095
802.24695,862.9353,790.4353,899.4672,754036787563501,754036817976939
774.0948,825.4752,790.4353,899.4672,754036818168970,754036866765584
750.013,829.1525,790.4353,862.9353,754036866847095,754036899071314
798.64044,859.13934,790.4353,859.13934,754036899242407,754036932784647
771.30536,791.4157,790.4353,859.13934,754036933799907,754036968177511
765.85443,826.37885,790.4353,859.13934,754036968908241,754037000790220
762.21686,788.9727,771.30536,826.37885,754037002572199,754037033840272
777.95404,827.0411,777.95404,827.0411,754037035983449,754037067942199
761.04144,795.898,771.30536,826.37885,754037069538345,754037098826782
749.6211,805.7967,771.30536,826.37885,754037102521470,754037135105428
760.71027,760.1867,761.04144,805.7967,754037135187668,754037165187616
768.88873,769.4516,768.88873,805.7967,754037165953813,754037198105793
719.348,751.55133,761.04144,769.4516,754037198942043,754037232524907
742.0529,751.9291,761.04144,769.4516,754037234653032,754037265272668
755.5632,722.1118,755.5632,751.9291,754037275186313,754037321562511
756.68994,671.0983,756.68994,751.9291,754037321679803,754037353646626
753.5251,630.3954,755.5632,722.1118,754037353810480,754037385301886
785.7575,596.7144,756.68994,671.0983,754037385497251,754037417837563
761.82324,607.17474,756.68994,630.3954,754037418024595,754037451863188
755.78595,623.5465,756.68994,623.5465,754037452086522,754037483411834
764.54895,611.5378,756.68994,623.5465,754037483592980,754037513747355
736.554,589.7183,756.68994,623.5465,754037513849542,754037546760740
727.2113,596.90186,756.68994,611.5378,754037546862251,754037580528292
634.98016,839.259,736.554,623.5465,754037580621834,754037612635584
734.61993,950.399,734.61993,623.5465,754037612812303,754037646444386
652.6177,1042.9854,734.61993,839.259,754037646544699,754037679811261
744.9663,982.6051,734.61993,950.399,754037679994334,754037716529438
770.1312,828.08685,734.61993,839.259,754037716722719,754037748551365
738.27496,825.6003,738.27496,839.259,754037748732407,754037813638553
745.443,639.61334,738.27496,828.08685,754037813724699,754037846278449
748.6729,576.2135,738.27496,825.6003,754037846442459,754037883151053
764.18384,539.4312,745.443,639.61334,754037883327719,754037915412407
771.1884,537.93085,748.6729,576.2135,754037915519386,754037947981105
770.9532,530.20123,764.18384,539.4312,754037948178657,754037979609178
771.6429,509.00626,770.9532,537.93085,754037979703761,754038015531053
777.75977,522.17,770.9532,530.20123,754038015639594,754038051133813
785.6084,484.59674,771.6429,522.17,754038051248657,754038083651678
778.62286,491.7853,777.75977,522.17,754038083841521,754038115351782
714.15564,517.21796,771.6429,517.21796,754038115533865,754038148486938
720.2144,579.25903,771.6429,522.17,754038148678344,754038182107407
728.7466,547.668,728.7466,522.17,754038182289230,754038217032407
718.08093,556.32324,728.7466,547.668,754038217211157,754038249981886
711.24133,531.7259,728.7466,531.7259,754038250131261,754038284129438
697.43805,508.41113,718.08093,531.7259,754038284248917,754038317619386
726.7876,498.93796,726.7876,531.7259,754038317736365,754038350737042
709.0912,507.4538,718.08093,508.41113,754038350931886,754038382657146
724.12836,492.78763,724.12836,507.4538,754038382825688,754038416539959
710.73505,513.12805,718.08093,508.41113,754038416709334,754038448610167
720.38715,501.49512,720.38715,507.4538,754038448819438,754038480088969
722.39685,498.3812,720.38715,507.4538,754038480290896,754038513211000
707.03326,510.16202,720.38715,507.4538,754038513382563,754038546962719
666.65643,489.3242,720.38715,507.4538,754038547125375,754038580712250
679.4348,474.49048,707.03326,507.4538,754038580812563,754038613205427
692.8572,452.24994,692.8572,489.3242,754038613369594,754038647372771
699.787,477.8995,699.787,477.8995,754038647528657,754038679321469
654.08,455.99463,692.8572,477.8995,754038679516782,754038737993657
693.8927,452.28455,693.8927,477.8995,754038738088865,754038787478865
667.68854,449.40527,692.8572,455.99463,754038787589177,754038822764490
650.7861,413.06427,692.8572,452.28455,754038822848813,754038859074073
630.00616,423.26443,667.68854,449.40527,754038859266834,754038892308032
629.45294,424.0815,650.7861,424.0815,754038892501209,754038921711104
628.30817,419.06638,630.00616,424.0815,754038921821313,754038953567667
636.8674,405.34918,636.8674,424.0815,754038953672198,754038986380427
624.2192,387.3355,630.00616,419.06638,754038986495167,754039017722042
631.40735,393.63284,631.40735,405.34918,754039017833969,754039053625844
632.7079,393.635,631.40735,393.635,754039053732719,754039083669229
634.9914,430.57684,631.40735,405.34918,754039083887615,754039115220167
641.1413,387.65292,632.7079,393.635,754039115373500,754039146705167
638.0203,370.2446,634.9914,393.635,754039146879490,754039177670896
625.1706,397.54456,632.7079,393.635,754039177780948,754039209057823
624.28815,360.43698,632.7079,393.635,754039211441886,754039242725167
628.5417,404.61475,628.5417,393.635,754039242925792,754039279956990
622.5129,391.9978,628.5417,393.635,754039280068083,754039311827771
594.8887,387.0718,628.5417,393.635,754039311937094,754039344726469
600.35284,357.35907,622.5129,391.9978,754039344900688,754039378340115
600.5753,350.28897,600.5753,387.0718,754039378498396,754039411474854
591.0902,359.29843,600.5753,359.29843,754039411632823,754039446098292
606.613,331.2597,600.5753,359.29843,754039446202563,754039480778552
581.0691,361.48428,600.5753,359.29843,754039480952302,754039513952823
591.3783,318.3116,600.5753,359.29843,754039514128604,754039546642146
605.6501,320.73633,600.5753,359.29843,754039546801573,754039578091677
621.394,344.7496,600.5753,344.7496,754039578283708,754039610695896
590.1128,328.1462,600.5753,344.7496,754039610787771,754039643507094
592.5884,316.5384,600.5753,344.7496,754039643600896,754039675019437
592.11237,307.6219,592.5884,328.1462,754039675095531,754039706109385
584.533,330.8729,592.5884,330.8729,754039706269802,754039741476104
552.5338,317.13217,592.11237,328.1462,754039741567979,754039776877146
580.0151,305.2161,584.533,328.1462,754039776970167,754039811909490
586.5513,326.16354,586.5513,326.16354,754039812097250,754039845180635
561.06305,309.331,584.533,326.16354,754039845340948,754039877983500
572.3049,283.5589,584.533,326.16354,754039878124594,754039913087094
521.0839,281.87015,572.3049,309.331,754039913256729,754039946215167
542.8895,326.04602,572.3049,326.04602,754039946394229,754039978685427
556.20264,294.31708,556.20264,309.331,754039978848292,754040010963083
554.0007,272.69238,556.20264,309.331,754040011051989,754040045082927
537.5405,269.4259,556.20264,294.31708,754040045199229,754040077816833
543.2362,276.3172,554.0007,276.3172,754040077921781,754040109686677
544.3827,276.62155,544.3827,276.62155,754040109867771,754040142957510
542.8722,292.43875,544.3827,276.62155,754040143131469,754040176442875
488.71417,291.0148,544.3827,276.62155,754040177324437,754040218519489
550.69055,272.92148,544.3827,276.62155,754040218631469,754040249873708
549.2283,293.4215,544.3827,276.62155,754040250771416,754040281761156
548.62396,267.8692,548.62396,276.62155,754040281882823,754040314853396
508.26816,295.54587,544.3827,276.62155,754040314971677,754040347307041
545.41425,266.9342,545.41425,276.62155,754040347507146,754040380308135
546.7949,240.53357,545.41425,276.62155,754040380516208,754040415307823
502.196,294.25247,545.41425,276.62155,754040415411156,754040451972614
535.14435,260.76553,545.41425,276.62155,754040452126416,754040484314489
540.233,230.24567,540.233,276.62155,754040484424854,754040514637458
503.33566,234.86778,540.233,260.76553,754040514829489,754040545521885
508.4096,253.65742,540.233,253.65742,754040545714906,754040578418343
528.7318,268.02692,528.7318,260.76553,754040578590114,754040610469489
522.62006,238.27551,528.7318,253.65742,754040610570583,754040651776208
506.74896,246.82262,528.7318,253.65742,754040651890895,754040682544645
509.50482,249.71141,522.62006,249.71141,754040682654281,754040714781260
463.314,252.65277,509.50482,252.65277,754040714980635,754040745196625
513.7755,217.56165,513.7755,249.71141,754040745375479,754040778687979
497.70187,209.21562,509.50482,249.71141,754040778854177,754040810400843
486.83463,197.18404,509.50482,217.56165,754040810566312,754040843895270
487.522,202.22064,497.70187,209.21562,754040844034541,754040878023395
469.62448,218.14227,487.522,217.56165,754040878143812,754040909791260
502.1048,207.89233,497.70187,209.21562,754040909955114,754040944928812
478.42633,230.80064,487.522,217.56165,754040945073864,754040978076104
454.5258,248.41917,487.522,217.56165,754040978260531,754041012773447
465.4949,201.90805,478.42633,217.56165,754041012884489,754041075768760
482.9604,218.57596,482.9604,217.56165,754041075871156,754041123782874
494.50873,220.65112,482.9604,217.56165,754041124562041,754041157192510
465.18973,217.45752,482.9604,217.56165,754041157354385,754041192105374
458.59518,223.39769,482.9604,217.56165,754041192299020,754041227347093
436.38013,203.4899,465.18973,217.56165,754041227527406,754041259123812
412.29807,185.04166,458.59518,217.56165,754041259284906,754041293646520
406.83652,178.01839,436.38013,203.4899,754041293773499,754041329278395
387.18057,199.05751,412.29807,199.05751,754041329395374,754041370258760
369.407,196.15465,406.83652,199.05751,754041370415114,754041403464697
375.4518,188.41444,387.18057,199.05751,754041403659593,754041436828656
431.7743,156.24811,406.83652,196.15465,754041436919906,754041468738343
420.0553,201.26196,406.83652,199.05751,754041468922510,754041500744281
415.5065,182.76424,415.5065,196.15465,754041501173551,754041532413812
385.8352,173.97208,406.83652,196.15465,754041532518031,754041566747301
413.98004,185.40843,413.98004,185.40843,754041566829072,754041599708760
382.34384,188.22643,406.83652,188.22643,754041599810270,754041633572197
392.96613,182.09576,406.83652,185.40843,754041636131416,754041666282405
405.17517,182.02158,405.17517,185.40843,754041667728499,754041701278343
380.2255,192.05374,405.17517,185.40843,754041701383812,754041740668187
389.16696,174.65938,405.17517,185.40843,754041740835791,754041773243291
390.4352,196.35382,390.4352,185.40843,754041773355426,754041805422145
386.23,183.35378,390.4352,185.40843,754041805516624,754041837369176
358.39297,187.39288,390.4352,185.40843,754041837542562,754041871652614
368.23444,204.46092,386.23,185.40843,754041871749801,754041904381416
370.17978,193.19493,370.17978,187.39288,754041904567822,754041936488707
371.01492,191.77461,371.01492,191.77461,754041936638030,754041970829437
388.45657,184.37392,371.01492,187.39288,754041971006207,754042004156780
360.59793,209.74368,371.01492,191.77461,754042004304072,754042049845582
368.0261,206.34607,371.01492,191.77461,754042050595218,754042082211051
347.2087,218.88615,368.0261,206.34607,754042082323968,754042114969853
372.93814,217.76854,371.01492,206.34607,754042115089905,754042169353187
330.42456,222.34079,368.0261,217.76854,754042171804437,754042204211364
349.94037,199.71849,368.0261,206.34607,754042204300426,754042237640686
355.37582,201.5051,355.37582,206.34607,754042237751468,754042276342822
346.29718,214.74057,355.37582,206.34607,754042276502145,754042307142249
336.44666,223.60974,355.37582,206.34607,754042307289645,754042338673603
327.92557,245.6101,346.29718,214.74057,754042338844541,754042377502978
335.1677,237.14716,336.44666,223.60974,754042377618082,754042410050791
327.90698,243.46945,335.1677,237.14716,754042410218239,754042447686363
322.60382,247.16223,335.1677,237.14716,754042447785843,754042481997353
323.86282,209.27066,327.90698,237.14716,754042482096624,754042526455738
343.5428,218.06891,335.1677,237.14716,754042526564697,754042578173291
318.21848,241.23766,327.90698,237.14716,754042578258916,754042611444957
321.07565,231.49481,327.90698,237.14716,754042611541155,754042645563551
337.3908,215.18127,327.90698,237.14716,754042645674384,754042682074124
326.59988,230.01154,327.90698,231.49481,754042682207822,754042713645582
318.4085,218.06001,327.90698,230.01154,754042713755582,754042746935218
293.60483,209.15894,326.59988,230.01154,754042747033759,754042778591468
320.83685,232.22263,320.83685,230.01154,754042778704228,754042809529384
314.07568,200.00832,320.83685,230.01154,754042809637978,754042842115270
307.71133,212.02979,320.83685,230.01154,754042842304436,754042875081936
306.5975,233.13464,314.07568,230.01154,754042875182561,754042906530217
279.97482,237.26009,307.71133,230.01154,754042906646520,754042940707509
277.5093,203.89032,306.5975,230.01154,754042940815009,754042972561676
273.65887,234.57753,279.97482,230.01154,754042972667197,754043007384436
282.09653,249.60156,282.09653,230.01154,754043007497665,754043045368134
275.73352,264.24237,279.97482,234.57753,754043045486155,754043082732301
239.73773,274.92377,279.97482,249.60156,754043082915530,754043129618707
240.42722,256.14417,275.73352,256.14417,754043129715582,754043163051780
232.25125,246.3727,240.42722,249.60156,754043163150426,754043196956780
243.29921,235.20052,243.29921,249.60156,754043197044124,754043228215894
222.41533,277.485,240.42722,249.60156,754043231008863,754043263877613
229.53331,271.13147,240.42722,249.60156,754043263957509,754043299816155
211.72874,274.53506,229.53331,271.13147,754043299912457,754043335261884
223.90253,268.3878,229.53331,268.3878,754043335419644,754043367471884
241.30891,272.2754,229.53331,271.13147,754043367606988,754043403389696
230.12695,298.8884,229.53331,271.13147,754043403503446,754043436146467
220.37286,290.4202,229.53331,272.2754,754043436256311,754043468719019
237.9937,287.0783,229.53331,287.0783,754043468826259,754043501028655
247.91304,282.08896,229.53331,282.08896,754043501125269,754043534705321
208.28204,275.35913,229.53331,282.08896,754043534808863,754043570361936
235.58624,277.12894,229.53331,282.08896,754043570449540,754043602302509
204.1164,274.23157,229.53331,277.12894,754043602481519,754043634090738
210.5246,303.80273,229.53331,282.08896,754043634275217,754043663766415
219.70808,290.58585,219.70808,282.08896,754043663858394,754043706690165
237.40941,312.24393,229.53331,290.58585,754043706880478,754043740965894
240.53996,315.7747,229.53331,290.58585,754043741077457,754043774625686
217.11594,320.05154,229.53331,312.24393,754043774738707,754043814712561
215.36409,294.8478,229.53331,294.8478,754043814833863,754043852942196
215.00803,297.496,217.11594,297.496,754043853101103,754043883370217
212.74352,321.30276,215.36409,297.496,754043884228707,754043915153290
213.73946,326.32907,215.00803,297.496,754043915247821,754043944525478
210.21072,334.44037,213.73946,321.30276,754043944636363,754043978942925
191.22954,334.36487,213.73946,326.32907,754043979045894,754044011595061
198.8515,336.89557,210.21072,334.36487,754044011693238,754044048490738
176.28773,331.5732,198.8515,331.5732,754044048719852,754044078312092
210.4232,332.17453,210.21072,332.17453,754044078408811,754044113676207
174.98131,319.15097,198.8515,331.5732,754044113811832,754044144098134
199.96582,332.1596,199.96582,332.1596,754044144213238,754044178884436
171.50555,331.00836,198.8515,331.5732,754044179259852,754044225622404
210.15617,343.66214,199.96582,332.1596,754044225716363,754044257280842
180.40497,366.57822,198.8515,332.1596,754044266416675,754044303452977
173.92633,387.6798,198.8515,343.66214,754044304343498,754044337896311
167.04475,383.09732,180.40497,366.57822,754044338084488,754044371699279
168.57957,357.86008,173.92633,357.86008,754044371780686,754044404570165
166.67786,419.0249,168.57957,366.57822,754044404707561,754044438304279
185.11519,403.77478,173.92633,366.57822,754044438463654,754044471912821
172.69429,411.27148,172.69429,403.77478,754044472139071,754044504786102
186.38792,420.12994,173.92633,403.77478,754044504935373,754044547270217
175.5321,433.72083,173.92633,411.27148,754044547460061,754044581897873
189.35796,404.18033,175.5321,404.18033,754044582086467,754044613578081
172.59631,445.0988,173.92633,411.27148,754044613765634,754044643464852
133.77359,745.2687,173.92633,411.27148,754044643560425,754044691016519
271.25278,591.5275,173.92633,445.0988,754044691114748,754044721321102
209.729,772.99994,173.92633,591.5275,754044729375738,754044760695321
195.44086,793.85455,195.44086,591.5275,754044762202977,754044820605477
248.58966,666.9835,195.44086,666.9835,754044820710217,754044852053498
247.06082,604.87695,195.44086,604.87695,754044852215477,754044884920165
213.24144,566.7597,213.24144,604.87695,754044885074123,754044917825425
233.14438,545.49054,213.24144,604.87695,754044918011363,754044948388915
214.03418,537.32654,213.24144,566.7597,754044948553602,754044984829592
221.11708,570.1057,214.03418,570.1057,754044985000842,754045026935685
205.37924,565.0874,213.24144,566.7597,754045027407040,754045062181415
220.7591,563.28796,214.03418,566.7597,754045063043342,754045097734592
222.42593,584.95325,214.03418,566.7597,754045097817248,754045131100217
201.20982,564.84814,214.03418,566.7597,754045131198446,754045165354175
206.10728,574.7465,214.03418,566.7597,754045165462040,754045200982560
184.53549,557.181,206.10728,566.7597,754045201081310,754045234407508
193.35002,550.7421,206.10728,566.7597,754045234548342,754045267679487
192.42865,550.303,193.35002,557.181,754045267767092,754045299311102
189.56061,553.2091,193.35002,553.2091,754045299448967,754045333819175
188.32486,579.0147,192.42865,557.181,754045333989123,754045366530894
193.94615,591.6122,193.35002,557.181,754045366697977,754045406181571
217.6426,596.99994,193.35002,579.0147,754045406356727,754045443053185
199.13492,644.54095,193.94615,591.6122,754045443459331,754045474576571
189.13924,614.0911,193.35002,596.99994,754045474682977,754045515863966
194.54778,624.7138,193.94615,614.0911,754045515966102,754045547121675
191.69237,635.0324,193.35002,614.0911,754045547228341,754045577628862
161.58429,670.9687,193.35002,624.7138,754045577765008,754045613739852
190.34589,740.04004,191.69237,635.0324,754045613851519,754045644917664
195.80005,689.6984,193.35002,670.9687,754045645103446,754045675425008
175.51509,679.98175,191.69237,679.98175,754045675543914,754045708980581
180.70995,696.07794,191.69237,679.98175,754045709458446,754045741105321
168.62216,715.8603,180.70995,679.98175,754045741203029,754045773540998
164.31877,716.28503,180.70995,696.07794,754045773642977,754045814012039
182.61345,728.94934,180.70995,715.8603,754045814194643,754045848524696
187.72612,751.55664,180.70995,716.28503,754045848676571,754045883218289
169.20454,735.52936,180.70995,728.94934,754045883402560,754045914453498
164.88512,768.5987,180.70995,735.52936,754045914545164,754045944695945
171.165,738.91144,171.165,735.52936,754045944869487,754045975421935
147.61761,778.8377,171.165,738.91144,754045975551154,754046012350373
150.24284,798.6158,171.165,738.91144,754046012455633,754046042426466
171.05084,753.34674,171.05084,753.34674,754046042536050,754046072921102
158.64603,760.4317,171.05084,753.34674,754046073014435,754046106697143
132.37054,790.53766,171.05084,753.34674,754046106806935,754046137360216
133.20836,814.5812,158.64603,760.4317,754046137472612,754046168951727
138.46625,899.0629,138.46625,790.53766,754046169112247,754046202510841
154.06367,897.6229,154.06367,814.5812,754046202705216,754046235635685
134.4966,937.11255,138.46625,897.6229,754046235749018,754046267883289
141.96103,884.5134,141.96103,884.5134,754046268036310,754046300561362
137.90317,907.0791,138.46625,897.6229,754046300681466,754046331741362
143.20055,885.87866,141.96103,885.87866,754046331829070,754046363789227
130.42595,891.3047,138.46625,891.3047,754046363891258,754046395965008
160.52742,856.76984,141.96103,885.87866,754046396164852,754046429236622
141.72115,916.2475,141.72115,891.3047,754046429353549,754046465755216
144.26631,911.3831,141.96103,891.3047,754046465847247,754046501080685
156.53128,883.2237,141.96103,891.3047,754046501258237,754046540351258
153.92798,903.0148,144.26631,891.3047,754046540541049,754046574551987
143.38594,903.9915,143.38594,891.3047,754046574878133,754046609861206
159.00266,949.47644,144.26631,903.0148,754046610083497,754046641353862
153.64491,950.1615,144.26631,903.9915,754046641509643,754046673757195
144.84404,892.41425,144.84404,903.0148,754046673857299,754046705931622
157.65033,970.2486,144.84404,903.9915,754046706037612,754046738444799
158.88333,963.41284,144.84404,903.9915,754046738550893,754046786479383
163.46996,992.73206,157.65033,963.41284,754046786566570,754046818021362
148.8493,1019.84314,148.8493,963.41284,754046818205633,754046847876622
155.76187,961.91223,155.76187,963.41284,754046848142403,754046879201935
133.16115,951.92084,148.8493,963.41284,754046879311310,754046912504591
93.33195,1178.4956,148.8493,963.41284,754046912686935,754046950972664
100.79782,1227.6127,133.16115,963.41284,754046951080528,754046984367924
91.09083,1191.2433,100.79782,1178.4956,754046984546674,754047019000268
102.16284,1195.922,102.16284,1191.2433,754047019088914,754047051424903
86.38381,1219.4045,100.79782,1191.2433,754047051536935,754047083836466
90.72262,1232.4398,100.79782,1195.922,754047083952664,754047114939278
92.04904,1217.8557,92.04904,1217.8557,754047115045841,754047145856205
89.906746,1245.5499,92.04904,1217.8557,754047145968341,754047177740476
89.62396,1235.9072,92.04904,1217.8557,754047178571987,754047211115164
102.32374,1235.8435,92.04904,1235.8435,754047211364591,754047241738080
99.4415,1271.3385,92.04904,1235.8435,754047241912716,754047272649903
102.07515,1293.3491,99.4415,1235.8435,754047273643705,754047306005632
101.66936,1191.7329,99.4415,1235.8435,754047306443393,754047337995685
119.87216,1245.7527,101.66936,1235.8435,754047338095424,754047371333341
104.47484,1263.5664,101.66936,1235.8435,754047371448497,754047408187612
105.11822,1334.5616,104.47484,1245.7527,754047408327716,754047442473914
118.60933,1298.2235,104.47484,1263.5664,754047442630945,754047476118549
110.45223,1303.8618,105.11822,1298.2235,754047476305528,754047511210476
118.54866,1320.0459,110.45223,1298.2235,754047511390268,754047549812664
123.86725,1336.6896,110.45223,1303.8618,754047549997143,754047595534226
122.524536,1413.1274,118.54866,1320.0459,754047595634278,754047626504018
102.34205,1326.8875,110.45223,1326.8875,754047626604539,754047658705580
86.28022,1304.993,110.45223,1320.0459,754047658961049,754047691234747
104.26519,1323.4725,104.26519,1323.4725,754047691972664,754047725457455
120.32402,1297.9099,110.45223,1320.0459,754047725618289,754047756606622
107.74868,1284.897,107.74868,1320.0459,754047756735528,754047788262820
130.74605,1336.12,110.45223,1320.0459,754047788392403,754047820168289
137.97119,1336.0823,110.45223,1320.0459,754047821508393,754047852784330
128.10794,1376.1794,128.10794,1336.0823,754047857478601,754047891322091
157.43683,1341.1953,128.10794,1336.0823,754047891414278,754047923106570
145.83089,1370.3569,128.10794,1341.1953,754047924702038,754047955599122
159.80466,1356.7769,145.83089,1341.1953,754047956393861,754047988385736
135.81767,1342.0776,135.81767,1342.0776,754047990139538,754048020402143
162.7867,1339.3708,145.83089,1341.1953,754048021000632,754048055891466
154.16806,1399.8215,145.83089,1342.0776,754048056064799,754048091377924
160.68198,1400.8936,154.16806,1342.0776,754048092290632,754048124789590
191.39851,1400.463,154.16806,1399.8215,754048124934070,754048155931049
188.4215,1403.5945,160.68198,1400.463,754048156113340,754048186555476
172.19656,1388.3584,172.19656,1399.8215,754048187117663,754048217861153
169.84462,1357.3567,169.84462,1399.8215,754048220833549,754048251123080
161.00945,1356.6746,169.84462,1388.3584,754048255212768,754048288124174
179.32777,1409.9485,169.84462,1399.8215,754048288233965,754048330276882
172.86308,1420.6704,169.84462,1399.8215,754048330370476,754048364616778
166.72424,1427.0347,169.84462,1409.9485,754048364891361,754048398602976
129.18352,1547.3438,169.84462,1420.6704,754048398697507,754048435902976
117.32052,1555.9099,166.72424,1427.0347,754048436057872,754048470031986
106.79937,1581.9156,129.18352,1547.3438,754048470129382,754048506911153
123.38765,1597.4866,123.38765,1555.9099,754048507113080,754048541386465
104.08762,1579.0381,123.38765,1579.0381,754048541480215,754048572820372
94.67417,1570.3809,123.38765,1570.3809,754048572948757,754048602535111
113.5856,1592.6348,113.5856,1579.0381,754048602638392,754048635313653
120.141556,1627.1625,120.141556,1579.0381,754048635415892,754048669792090
95.22263,1663.4698,113.5856,1592.6348,754048669895684,754048703692247
141.30907,1657.6974,120.141556,1627.1625,754048703792976,754048740200215
111.837746,1628.3453,113.5856,1628.3453,754048740460372,754048773497351
112.389694,1618.48,113.5856,1627.1625,754048773673392,754048814698288
93.372,1632.5859,112.389694,1628.3453,754048814781778,754048846734799
128.79881,1672.5275,113.5856,1628.3453,754048846843184,754048880196413
123.26538,1659.9966,113.5856,1632.5859,754048880384278,754048912041257
99.900955,1658.7375,113.5856,1658.7375,754048912227819,754048943809382
118.69501,1670.4346,113.5856,1658.7375,754048943974330,754048975054174
127.595245,1649.2555,113.5856,1658.7375,754048975237871,754049007050684
109.91408,1680.1272,113.5856,1658.7375,754049007245840,754049041507507
121.458595,1685.5665,113.5856,1658.7375,754049041752298,754049077998496
114.6028,1724.5017,113.5856,1680.1272,754049078109434,754049109821569
138.31119,1677.6279,114.6028,1677.6279,754049109959955,754049141594278
140.35922,1686.205,114.6028,1680.1272,754049141740059,754049174977403
120.94079,1697.6665,120.94079,1680.1272,754049175218705,754049206249069
153.67003,1716.2156,120.94079,1686.205,754049206438496,754049241250423
141.7073,1769.0884,120.94079,1697.6665,754049241440788,754049278858653
120.382454,1749.7236,120.94079,1716.2156,754049278943288,754049310765215
118.54079,1729.2577,120.94079,1729.2577,754049311159903,754049344766830
137.7831,1741.8407,120.94079,1729.2577,754049344927611,754049377714069
114.32645,1762.7347,120.94079,1729.2577,754049377895632,754049414934850
129.31616,1725.2721,120.94079,1729.2577,754049415029486,754049451501986
110.5697,1755.3857,120.94079,1729.2577,754049451612038,754049485495059
124.43463,1759.4003,120.94079,1729.2577,754049485614434,754049515995996
112.961044,1747.2231,120.94079,1747.2231,754049516186152,754049546179850
142.62247,1721.1157,120.94079,1729.2577,754049546380111,754049578640684
130.47461,1759.3093,120.94079,1747.2231,754049578827975,754049611614121
107.6565,1766.2424,120.94079,1747.2231,754049611765996,754049641241621
124.6271,1832.7645,120.94079,1759.3093,754049641411882,754049674759225
297.50195,1730.8406,120.94079,1747.2231,754049674859173,754049704692975
440.73718,1573.0513,124.6271,1747.2231,754049704868548,754049738494382
521.20575,1775.357,297.50195,1747.2231,754049738685111,754049769155319
284.32648,1951.7147,284.32648,1747.2231,754049769258600,754049802422038
225.48334,1887.3997,284.32648,1775.357,754049802540527,754049836149746
235.97833,1872.6111,284.32648,1872.6111,754049836341152,754049870019954
235.28842,1858.6971,235.97833,1858.6971,754049870196361,754049904826673
229.20232,1836.1432,235.97833,1858.6971,754049904990684,754049938641725
214.17754,1872.5983,235.28842,1858.6971,754049938823809,754049972254850
224.07677,1888.3517,229.20232,1858.6971,754049972433756,754050005885840
213.16719,1877.1464,224.07677,1872.5983,754050006063184,754050042010527
208.80093,1899.293,224.07677,1877.1464,754050042163861,754050074397194
220.50525,1878.2056,220.50525,1877.1464,754050074581569,754050105609590
227.26477,1885.0309,224.07677,1878.2056,754050105803444,754050139344954
200.57907,1884.9088,220.50525,1878.2056,754050140835840,754050175042350
201.95706,1888.0929,220.50525,1884.9088,754050175158965,754050206693913
218.59138,1890.463,218.59138,1884.9088,754050206882663,754050237122611
203.693,1872.9003,218.59138,1884.9088,754050237297350,754050270125111
214.72238,1883.0607,218.59138,1884.9088,754050270256152,754050308505058
202.6521,1887.1378,214.72238,1884.9088,754050308667663,754050343355215
229.1169,1864.4341,218.59138,1884.9088,754050343537663,754050374805267
230.04042,1885.704,218.59138,1884.9088,754050374950944,754050410264954
324.05832,1852.9985,229.1169,1884.9088,754050410468965,754050442196204
300.37622,1871.0786,230.04042,1884.9088,754050442352610,754050473167715
265.06927,1891.4115,265.06927,1884.9088,754050473323079,754050505636360
302.89304,1854.366,265.06927,1884.9088,754050505818235,754050538828860
267.37112,1844.8331,265.06927,1884.9088,754050538962767,754050574358392
316.1801,1844.5159,267.37112,1854.366,754050575289642,754050613337090
297.0247,1877.7527,267.37112,1877.7527,754050613425110,754050644640058
273.6362,1900.8512,273.6362,1877.7527,754050644839381,754050675100527
287.2971,1898.2906,273.6362,1877.7527,754050675288912,754050707520944
276.18655,1894.4078,273.6362,1894.4078,754050707700371,754050741040058
296.43787,1895.1359,276.18655,1894.4078,754050741218548,754050772721204
299.77313,1875.5723,276.18655,1894.4078,754050772897506,754050807561048
288.9696,1902.3901,288.9696,1894.4078,754050807653600,754050841247767
320.004,1922.284,288.9696,1894.4078,754050841425267,754050874205423
286.22092,1919.2671,288.9696,1902.3901,754050874388027,754050906154277
322.99084,1906.0369,288.9696,1906.0369,754050906318235,754050937905787
329.0721,1910.8285,288.9696,1906.0369,754050938082298,754050972465058
315.34015,1893.577,315.34015,1906.0369,754050972572089,754051004312610
237.98915,1908.2211,288.9696,1906.0369,754051004418339,754051043041516
283.81198,1920.5563,288.9696,1906.0369,754051043165006,754051074396152
282.86942,1939.5941,283.81198,1908.2211,754051074517871,754051106752141
257.9571,1922.495,283.81198,1920.5563,754051106930631,754051138234954
309.6336,1900.4183,283.81198,1908.2211,754051138415787,754051171945996
303.72784,1944.7864,283.81198,1920.5563,754051172181881,754051204315579
279.81906,1965.3176,283.81198,1920.5563,754051204499433,754051237300631
314.40942,1968.8529,283.81198,1944.7864,754051237460683,754051275470423
269.97992,1980.3503,283.81198,1965.3176,754051275646673,754051308359485
313.9249,1981.6195,283.81198,1968.8529,754051308528600,754051340610683
302.37973,2003.6965,283.81198,1980.3503,754051340718235,754051379603704
265.39853,1987.3043,283.81198,1981.6195,754051379680579,754051409540579
314.53543,1989.8834,283.81198,1987.3043,754051409714850,754051441885370
243.679,1963.4808,283.81198,1981.6195,754051442069902,754051474007662
299.6135,1982.3748,283.81198,1982.3748,754051474190214,754051517498808
357.7494,1954.9855,283.81198,1981.6195,754051517599537,754051546159798
398.96667,1932.2727,299.6135,1981.6195,754051546283964,754051577769693
356.074,1960.1104,356.074,1960.1104,754051577959693,754051610532350
357.91425,1962.5895,356.074,1962.5895,754051610684120,754051643424381
343.71838,1969.6747,356.074,1962.5895,754051643556985,754051676926725
374.0122,1951.604,356.074,1962.5895,754051677028339,754051709217922
364.66287,1920.4462,356.074,1962.5895,754051709323860,754051741674433
391.9674,1428.4948,364.66287,1951.604,754051741846516,754051775821256
436.3578,1602.1487,364.66287,1920.4462,754051775935110,754051808946152
391.1593,1710.7987,391.1593,1710.7987,754051809138964,754051841652037
503.32153,1901.1534,391.1593,1901.1534,754051841815579,754051875039016
536.18915,1907.184,391.1593,1901.1534,754051875232662,754051907794433
405.79816,1918.5673,405.79816,1901.1534,754051907978339,754051939316464
404.81915,1930.8104,404.81915,1907.184,754051939502558,754051978917297
421.595,1910.4602,405.79816,1910.4602,754051979034068,754052015142454
474.63452,1914.189,405.79816,1910.4602,754052015332245,754052050453287
412.7962,1925.8217,412.7962,1910.4602,754052050631724,754052083815631
450.53244,1934.673,412.7962,1914.189,754052084035891,754052124267037
450.4142,1927.4513,412.7962,1925.8217,754052124444849,754052162132193
415.60233,1943.2385,415.60233,1927.4513,754052162225683,754052195833704
454.51862,1957.7125,415.60233,1927.4513,754052195924901,754052231113391
436.58765,1686.9795,415.60233,1927.4513,754052231271568,754052266733651
367.2415,1591.8342,415.60233,1927.4513,754052268592349,754052300164433
361.97003,1607.4517,415.60233,1686.9795,754052300341464,754052332743339
347.6612,1692.7744,367.2415,1692.7744,754052333554537,754052367473235
667.0041,1885.4012,415.60233,1692.7744,754052367571776,754052404570370
454.81375,1953.1641,415.60233,1692.7744,754052404661047,754052441495526
433.96606,1912.8251,433.96606,1885.4012,754052441582922,754052476165891
437.74478,1915.2242,433.96606,1912.8251,754052476352089,754052512225891
386.4732,1935.3962,433.96606,1912.8251,754052512329849,754052549767974
413.4077,1958.8667,433.96606,1915.2242,754052549955266,754052580110370
392.06287,1967.0714,413.4077,1935.3962,754052580276516,754052615271880
400.90985,1963.6544,413.4077,1958.8667,754052615474120,754052648596203
452.60385,1938.6538,413.4077,1938.6538,754052648769224,754052681379172
442.48145,1962.7678,413.4077,1958.8667,754052681570630,754052715348495
417.6869,1953.7617,417.6869,1953.7617,754052715539589,754052749494589
454.95126,1942.4553,417.6869,1953.7617,754052749596412,754052781462037
448.51627,1960.5281,417.6869,1953.7617,754052781646360,754052815512297
491.34244,1965.6393,448.51627,1953.7617,754052816443182,754052848586099
479.64526,1962.2722,448.51627,1960.5281,754052848765891,754052882292766
436.7599,1965.1537,448.51627,1962.2722,754052882501203,754052914238026
499.22433,1964.4607,448.51627,1962.2722,754052914436516,754052963473391
516.9421,1958.9225,448.51627,1962.2722,754052964130526,754053000377141
635.6359,1941.5704,499.22433,1962.2722,754053001240630,754053034825162
638.74536,1951.5466,516.9421,1958.9225,754053034952922,754053078601516
634.8204,1943.7775,634.8204,1951.5466,754053078745422,754053111148755
682.22943,1932.8566,634.8204,1951.5466,754053111247609,754053144440682
688.3465,1930.8286,634.8204,1943.7775,754053144545786,754053177218911
638.4905,1944.9131,638.4905,1944.9131,754053177313339,754053213015318
697.7679,1953.6986,638.4905,1944.9131,754053214113755,754053243779641
644.04926,1959.6107,638.4905,1944.9131,754053243895109,754053276225422
591.73553,1971.2766,638.4905,1953.6986,754053276325734,754053307437818
484.44766,1971.3925,638.4905,1959.6107,754053307913495,754053339001568
488.92285,1966.0312,591.73553,1966.0312,754053339089484,754053371236568
475.08127,1974.5428,488.92285,1966.0312,754053371323286,754053402541047
512.4894,1964.1487,512.4894,1966.0312,754053402654380,754053433838234
513.2903,1971.3365,512.4894,1966.0312,754053434035943,754053470773443
491.20175,1982.5706,512.4894,1966.0312,754053470857193,754053502637193
445.8237,1991.9342,512.4894,1971.3365,754053502755995,754053535068338
470.50018,1991.4265,491.20175,1982.5706,754053535239588,754053569261151
456.59586,1985.8782,470.50018,1985.8782,754053569604588,754053602559432
457.72638,1991.523,470.50018,1985.8782,754053602721203,754053636066828
476.463,1980.4547,470.50018,1985.8782,754053636460890,754053666866099
524.8691,1985.1482,470.50018,1985.8782,754053670037505,754053702118234
483.26022,1985.0096,476.463,1985.1482,754053702278963,754053736443026
484.6714,1969.2185,483.26022,1985.1482,754053736596463,754053768389588
474.0168,1974.9578,476.463,1985.0096,754053768559745,754053801269120
486.1405,1961.9314,483.26022,1974.9578,754053801410161,754053834144588
475.32245,1971.9884,476.463,1974.9578,754053834215578,754053865740265
475.96786,1972.7511,476.463,1972.7511,754053865849120,754053895884015
518.1476,1982.8456,476.463,1974.9578,754053898200213,754053931209901
502.09952,1956.9131,476.463,1972.7511,754053931285526,754053964188078
474.26257,1980.5978,476.463,1974.9578,754053964338859,754053995988234
501.21393,1967.752,476.463,1972.7511,754053996247661,754054028339953
515.69,1975.9543,476.463,1974.9578,754054028457922,754054058518026
544.26544,1966.7998,501.21393,1972.7511,754054063489380,754054095527453
555.593,1958.1168,515.69,1972.7511,754054098999380,754054134255474
553.47833,1957.96,544.26544,1966.7998,754054142437297,754054181438703
548.74884,1944.8851,548.74884,1958.1168,754054181603755,754054212463703
521.9215,1972.6432,544.26544,1966.7998,754054212636255,754054244757661
576.6361,1958.81,548.74884,1958.81,754054244945213,754054277294744
607.40875,1962.2926,548.74884,1962.2926,754054277488286,754054310677557
572.5761,1951.4762,572.5761,1958.81,754054310854536,754054345071151
563.7298,1957.0155,563.7298,1958.81,754054345251567,754054380612088
607.2041,1961.9862,572.5761,1958.81,754054380799692,754054411894067
564.79846,1964.1166,564.79846,1958.81,754054412081255,754054446382869
572.7663,1955.9132,572.5761,1958.81,754054446487349,754054479117609
616.684,1948.5642,572.5761,1958.81,754054479290942,754054514512348
604.4929,1953.507,572.7663,1955.9132,754054514714484,754054547378651
539.7714,1951.0979,572.5761,1953.507,754054547529536,754054582459901
591.0464,1964.0457,572.7663,1955.9132,754054582630942,754054612558286
569.95935,1986.4812,572.5761,1955.9132,754054612729171,754054645439328
566.6475,1966.2607,572.5761,1964.0457,754054645630942,754054676925161
588.3738,1962.3932,572.5761,1962.3932,754054677114015,754054712345057
555.2993,1967.9086,572.5761,1964.0457,754054712448338,754054749381098
544.95233,1966.8131,572.5761,1964.0457,754054749584848,754054780292817
585.0787,1932.7001,572.5761,1964.0457,754054780491463,754054810543338
592.5861,1948.4084,572.5761,1964.0457,754054810662088,754054845154588
610.5096,1937.9808,585.0787,1948.4084,754054845290630,754054881342661
631.80365,1942.0493,592.5861,1948.4084,754054881447921,754054917089484
642.00305,1945.5355,610.5096,1945.5355,754054917267244,754054947435786
661.9829,1942.2533,631.80365,1945.5355,754054947614171,754054978834015
652.36615,1949.4049,642.00305,1945.5355,754054979023286,754055011822973
634.24927,1927.1451,634.24927,1945.5355,754055012059067,754055044370109
667.7539,1898.5337,642.00305,1945.5355,754055044566723,754055080692296
627.1859,1954.1464,634.24927,1945.5355,754055080905057,754055116051619
653.9525,1929.7892,642.00305,1945.5355,754055116250525,754055148060994
699.00476,1920.4325,642.00305,1945.5355,754055148153807,754055179919015
652.9545,1935.2522,652.9545,1935.2522,754055180070369,754055210511150
669.44617,1939.8438,652.9545,1939.8438,754055211379952,754055245503338
650.2595,1940.3276,652.9545,1939.8438,754055245626515,754055275979952
662.2474,1921.7318,652.9545,1939.8438,754055276149900,754055308923234
674.49084,1892.4763,652.9545,1939.8438,754055309093807,754055350973442
645.0069,1911.0712,652.9545,1921.7318,754055351087869,754055383096463
696.5063,1892.3992,652.9545,1911.0712,754055383279744,754055413172140
725.89886,1883.886,652.9545,1911.0712,754055413394119,754055451001984
713.8174,1891.4844,696.5063,1892.3992,754055451185577,754055485800317
741.3087,1844.5686,713.8174,1891.4844,754055485963806,754055517147921
743.79724,1874.1451,713.8174,1891.4844,754055518216827,754055548392400
746.1651,1870.0905,741.3087,1874.1451,754055548556567,754055581169431
772.6761,1875.4518,743.79724,1875.4518,754055581288546,754055611123650
772.4808,1884.4893,746.1651,1875.4518,754055612212921,754055642916463
776.57697,1870.7084,772.4808,1875.4518,754055643017973,754055674397869
781.0247,1864.8384,772.4808,1875.4518,754055674563181,754055707150629
783.921,1864.5059,776.57697,1870.7084,754055707279223,754055738915161
777.6788,1873.7639,777.6788,1873.7639,754055739013390,754055773374171
779.0706,1861.8525,777.6788,1870.7084,754055774802140,754055808601046
780.6279,1872.3683,777.6788,1872.3683,754055808701463,754055844861983
766.8357,1889.9106,777.6788,1872.3683,754055844976775,754055877143598
744.4674,1870.0111,777.6788,1872.3683,754055877301150,754055908469431
730.581,1866.9424,766.8357,1872.3683,754055908642921,754055942572140
788.0527,1860.1805,777.6788,1870.0111,754055942762192,754055975161671
781.1297,1855.0785,777.6788,1866.9424,754055975332504,754056008474640
786.4517,1879.1145,781.1297,1870.0111,754056008659587,754056041288546
753.5201,1853.0603,777.6788,1866.9424,754056041439900,754056074470942
763.3945,1886.5695,777.6788,1870.0111,754056074648962,754056106805317
792.9732,1885.4247,777.6788,1870.0111,754056106967712,754056139211046
791.6114,1838.1545,777.6788,1870.0111,754056140513390,754056172920160
762.2875,1895.1897,777.6788,1870.0111,754056173053442,754056206954171
746.67285,1891.3058,777.6788,1870.0111,754056207128754,754056243957712
746.9134,1878.4911,762.2875,1878.4911,754056244092712,754056277319067
768.1064,1869.8646,768.1064,1870.0111,754056277510837,754056310202869
792.00366,1876.6719,768.1064,1876.6719,754056310388598,754056343806775
768.52545,1882.5122,768.1064,1876.6719,754056343980889,754056385159119
785.78265,1868.9828,768.52545,1876.6719,754056385275889,754056416988077
802.10956,1840.5374,768.52545,1876.6719,754056417168858,754056447947452
811.8157,1837.9989,785.78265,1868.9828,754056448162660,754056481893494
847.148,1822.3281,802.10956,1840.5374,754056482082973,754056513880160
809.69977,1830.5288,809.69977,1837.9989,754056514069587,754056544635681
813.92487,1824.5261,809.69977,1830.5288,754056544825525,754056578214327
816.7087,1822.0205,809.69977,1830.5288,754056578391619,754056615704587
865.5466,1817.0834,813.92487,1824.5261,754056615895733,754056655985160
872.61176,1812.7576,816.7087,1822.0205,754056656156098,754056689659327
783.4731,1805.5697,813.92487,1817.0834,754056689837764,754056728767921
822.3414,1790.265,816.7087,1812.7576,754056728838598,754056764737868
852.93317,1777.9401,816.7087,1805.5697,754056765654796,754056798879431
831.3677,1787.4725,822.3414,1790.265,754056798965473,754056828711358
854.0867,1774.517,831.3677,1787.4725,754056829634379,754056877589118
856.9014,1776.2665,831.3677,1787.4725,754056877775577,754056908845473
892.2007,1769.5262,854.0867,1776.2665,754056909029118,754056941853129
859.9228,1795.7633,856.9014,1787.4725,754056943092295,754056975593650
814.5514,1818.5492,854.0867,1787.4725,754056975774587,754057011535108
782.30396,1812.7386,854.0867,1795.7633,754057011720681,754057041084118
826.77386,1797.7579,826.77386,1797.7579,754057041265420,754057075163285
830.0988,1806.8579,830.0988,1797.7579,754057075353910,754057110801670
859.85254,1795.8037,830.0988,1797.7579,754057111008181,754057143129847
832.24963,1772.3138,830.0988,1797.7579,754057143308441,754057190885264
875.14246,1758.5118,832.24963,1795.8037,754057190976045,754057223833597
842.6428,1778.319,832.24963,1778.319,754057224069066,754057255758754
874.71,1787.4495,842.6428,1787.4495,754057255925316,754057285371306
846.5639,1773.6427,842.6428,1778.319,754057285458806,754057315701045
865.3146,1730.7765,846.5639,1778.319,754057315850577,754057346795889
496.0766,1302.84,842.6428,1773.6427,754057346995316,754057378907243
571.13245,1439.2811,842.6428,1730.7765,754057379086462,754057410739952
918.03546,1623.0765,842.6428,1623.0765,754057410918233,754057442267660
971.16547,1651.3317,842.6428,1651.3317,754057442369847,754057476379483
984.2002,1609.2529,918.03546,1623.0765,754057476561566,754057508937764
966.3273,1612.7732,966.3273,1623.0765,754057509090472,754057545084587
943.82324,1565.8699,943.82324,1612.7732,754057545234951,754057579403076
956.8413,1595.1714,956.8413,1612.7732,754057579610524,754057611293285
957.8658,1591.945,956.8413,1595.1714,754057611474431,754057642655733
943.6318,1605.7429,956.8413,1605.7429,754057642784743,754057678713754
963.44916,1588.5533,956.8413,1595.1714,754057678824639,754057711386670
927.5606,1573.3707,956.8413,1595.1714,754057711486722,754057743009483
956.83545,1580.1166,956.8413,1588.5533,754057743182868,754057774339587
935.12396,1580.0312,956.83545,1580.1166,754057774519639,754057806383910
965.58417,1584.4028,956.8413,1584.4028,754057806564639,754057839535628
960.42664,1576.0054,956.8413,1580.1166,754057839709951,754057874198858
923.02563,1608.9241,956.8413,1584.4028,754057874364847,754057911468545
895.5222,1619.2124,956.8413,1584.4028,754057911575108,754057948891358
877.50757,1650.5325,923.02563,1608.9241,754057949819430,754057982789118
864.0814,1653.0978,895.5222,1619.2124,754057982900680,754058014694378
833.52637,1656.3462,877.50757,1650.5325,754058014871358,754058044813753
839.73016,1648.3398,864.0814,1648.3398,754058044957399,754058080490680
837.5721,1654.894,839.73016,1650.5325,754058080609326,754058119700108
857.26154,1635.0746,857.26154,1648.3398,754058119883962,754058157532920
854.23193,1611.4315,854.23193,1648.3398,754058157715733,754058192904170
851.1809,1592.6704,854.23193,1635.0746,754058192991722,754058227503389
865.7592,1585.8506,854.23193,1611.4315,754058227672087,754058258818076
858.0897,1615.2324,854.23193,1615.2324,754058261509899,754058296817764
868.1724,1670.1198,858.0897,1615.2324,754058298290055,754058333082087
870.5923,1655.5355,858.0897,1615.2324,754058333654691,754058365893337
835.5843,1663.4932,858.0897,1655.5355,754058365976982,754058398116045
824.5097,1644.981,858.0897,1644.981,754058398633389,754058430166097
823.95856,1635.5417,835.5843,1644.981,754058431625316,754058467113545
839.72687,1594.1715,839.72687,1644.981,754058467194743,754058504229534
844.7204,1596.2445,839.72687,1635.5417,754058504389587,754058536304534
868.15,1575.4783,839.72687,1596.2445,754058536442712,754058573746982
885.1381,1481.4263,844.7204,1596.2445,754058575320107,754058608298076
889.7287,1500.7377,868.15,1575.4783,754058608410576,754058641115628
881.6225,1503.7428,881.6225,1503.7428,754058641287555,754058675116982
893.7408,1505.5594,881.6225,1505.5594,754058675290576,754058707680836
889.52136,1524.1957,881.6225,1505.5594,754058707825732,754058741738909
890.5922,1523.3011,889.52136,1505.5594,754058741928753,754058779295576
901.2775,1521.6494,889.52136,1521.6494,754058779471566,754058811871774
918.6575,1516.1582,890.5922,1516.1582,754058812138180,754058843783336
935.12244,1474.519,901.2775,1516.1582,754058843901357,754058875220263
915.94135,1467.8641,915.94135,1516.1582,754058875328180,754058906784482
942.9572,1476.0542,915.94135,1476.0542,754058906967920,754058940423180
931.87134,1464.2739,915.94135,1476.0542,754058941203597,754058973150784
930.84644,1430.2946,930.84644,1476.0542,754058973265263,754059004140472
921.48267,1433.186,921.48267,1464.2739,754059004217451,754059036207868
971.12085,1252.511,930.84644,1433.186,754059037616566,754059074414430
988.43134,1196.326,930.84644,1433.186,754059074519638,754059108867607
1007.159,1185.0432,971.12085,1252.511,754059109047763,754059147219847
1010.20154,1192.0043,988.43134,1196.326,754059147379743,754059179781670
1011.285,1153.0681,1007.159,1192.0043,754059180313701,754059209930888
1029.2963,1151.3689,1010.20154,1192.0043,754059210122868,754059242089534
1018.4545,1124.7788,1011.285,1153.0681,754059242264951,754059273989586
1042.0167,1068.9626,1018.4545,1151.3689,754059274175732,754059306836097
1041.234,1075.6182,1018.4545,1124.7788,754059306936357,754059339127034
1043.2097,1076.7659,1041.234,1076.7659,754059339205211,754059375918545
1043.6577,1091.6528,1041.234,1091.6528,754059376065263,754059411642972
1021.1176,1106.686,1041.234,1091.6528,754059411747711,754059443655836
1031.626,1082.8418,1041.234,1091.6528,754059443849013,754059475099534
1033.9688,1124.0577,1033.9688,1091.6528,754059475281097,754059509010732
1026.9105,1143.0342,1033.9688,1091.6528,754059509190680,754059556134117
1022.8915,1101.4882,1033.9688,1101.4882,754059556232242,754059589753909
1028.0544,1074.5793,1028.0544,1091.6528,754059589871357,754059623566565
1034.1228,1089.7316,1033.9688,1091.6528,754059623746826,754059657447972
1029.9407,1068.1898,1029.9407,1089.7316,754059657636357,754059688144847
1010.2505,1087.0178,1029.9407,1089.7316,754059688302190,754059724999326
1013.0884,1103.6399,1029.9407,1089.7316,754059725200055,754059761226044
944.5403,1104.4751,1013.0884,1089.7316,754059761305419,754059797435836
948.29315,1083.0808,1013.0884,1089.7316,754059797548492,754059828432138
938.51416,1145.2847,948.29315,1089.7316,754059829777607,754059863984482
920.3452,1091.1614,948.29315,1089.7316,754059864088701,754059900290003
942.5845,1052.8076,942.5845,1089.7316,754059900462867,754059932248544
914.6372,1054.0834,942.5845,1089.7316,754059932611930,754059963988648
924.34064,1081.6667,942.5845,1081.6667,754059964118232,754059996694794
917.7779,1089.5676,924.34064,1089.5676,754059997661357,754060030196096
926.0207,1052.009,926.0207,1081.6667,754060030278648,754060063004846
930.9122,1032.6973,926.0207,1081.6667,754060063099013,754060098145628
936.2895,1085.3917,926.0207,1081.6667,754060098398857,754060129454169
953.1544,1090.2961,930.9122,1081.6667,754060130122867,754060162388180
953.5662,1090.486,936.2895,1085.3917,754060163084534,754060196691096
956.54926,1077.0482,953.1544,1081.6667,754060203000211,754060235507711
966.4009,1092.0314,953.5662,1085.3917,754060235643336,754060267344117
969.88007,1130.4098,956.54926,1085.3917,754060267425211,754060300286461
957.3635,1131.0488,957.3635,1092.0314,754060301163023,754060334135732
958.35297,1086.4749,957.3635,1086.4749,754060334614273,754060370777346
959.05206,1065.9178,957.3635,1086.4749,754060370952919,754060403653805
954.4124,1040.7489,957.3635,1086.4749,754060403832711,754060435656044
964.4222,1060.8944,957.3635,1065.9178,754060435824117,754060471734273
964.23474,1028.7711,957.3635,1060.8944,754060471913596,754060508646096
966.14404,1022.6788,964.23474,1060.8944,754060508746617,754060541848961
960.61053,992.904,960.61053,1028.7711,754060541946877,754060578301721
958.1807,1000.8175,960.61053,1022.6788,754060579824377,754060612890940
970.6877,1024.1664,960.61053,1024.1664,754060613917398,754060644725471
968.1633,938.56146,960.61053,1022.6788,754060644845627,754060688625836
973.8159,987.9331,968.1633,1022.6788,754060688720002,754060721106929
974.38495,926.06104,968.1633,987.9331,754060721318648,754060752061617
964.2936,947.3949,968.1633,987.9331,754060752241617,754060783751721
961.2044,928.3989,968.1633,947.3949,754060783889794,754060818970263
957.46686,894.74225,964.2936,947.3949,754060819140575,754060849916825
971.61914,873.4433,968.1633,928.3989,754060850096409,754060882176148
964.543,907.3498,964.543,907.3498,754060882336304,754060913902971
965.1912,836.17145,965.1912,907.3498,754060914085784,754060966687398
969.1388,834.5486,965.1912,907.3498,754060966783336,754061000587450
1018.5306,767.6744,965.1912,836.17145,754061001377190,754061035856773
1025.1677,787.10144,969.1388,834.5486,754061036187033,754061069091356
1020.4988,787.8389,1018.5306,787.8389,754061069212033,754061104348961
1017.3348,750.1245,1017.3348,787.8389,754061104505367,754061136980315
1024.3177,722.8364,1018.5306,787.8389,754061137156356,754061170527606
1029.5306,734.0928,1018.5306,750.1245,754061170711408,754061204811669
1021.44507,749.7176,1021.44507,749.7176,754061204950315,754061239009742
1028.9559,767.72565,1021.44507,750.1245,754061239098388,754061274584481
1013.7539,718.2377,1021.44507,749.7176,754061274787971,754061308796304
1027.6028,721.5448,1021.44507,749.7176,754061309679325,754061341081721
1025.2473,736.77234,1021.44507,736.77234,754061341196981,754061372042919
1030.2444,717.5894,1025.2473,736.77234,754061372149169,754061405088492
1044.4551,702.43024,1025.2473,736.77234,754061405278960,754061440382710
1018.1289,664.72144,1025.2473,717.5894,754061440487502,754061480768752
996.436,699.71045,1025.2473,702.43024,754061480877450,754061515290210
986.91943,687.1963,1018.1289,699.71045,754061515431773,754061545106304
980.5718,677.1253,996.436,699.71045,754061545264898,754061578187815
966.27313,637.5065,986.91943,687.1963,754061578499637,754061609254533
971.4502,669.8159,980.5718,677.1253,754061609365887,754061640725262
954.1102,664.7881,971.4502,669.8159,754061640822971,754061675789533
976.2185,652.8869,976.2185,669.8159,754061675899742,754061705460939
976.17737,621.1378,976.17737,664.7881,754061705578231,754061738686096
979.8667,630.1658,976.2185,652.8869,754061738860523,754061777377502
977.6821,618.6946,976.2185,630.1658,754061778357450,754061807992242
946.56366,642.8835,976.2185,642.8835,754061808111877,754061840687137
966.3929,665.28314,976.2185,642.8835,754061840876564,754061873092398
962.3987,604.3459,966.3929,642.8835,754061873241460,754061917523856
961.1529,650.2791,966.3929,642.8835,754061917675991,754061947451252
943.0679,577.34015,962.3987,642.8835,754061947555314,754061975261825
963.0127,573.7653,963.0127,642.8835,754061975392606,754062013550314
971.43,579.51166,963.0127,579.51166,754062013641096,754062046197658
959.86127,569.9989,963.0127,579.51166,754062046334794,754062076609429
947.0497,566.8141,963.0127,579.51166,754062076723648,754062109239012
944.30536,537.6333,959.86127,569.9989,754062109337241,754062142952241
998.1226,485.49475,963.0127,566.8141,754062143474793,754062181039325
1033.5577,431.04132,963.0127,537.6333,754062181221096,754062212240418
1035.3402,383.57404,998.1226,485.49475,754062212388335,754062242896981
1028.5515,405.5158,1028.5515,431.04132,754062243841668,754062278661043
1056.9879,381.99313,1028.5515,405.5158,754062278844585,754062316539898
1018.5704,406.39304,1028.5515,406.39304,754062316675835,754062347246981
1029.7561,394.98315,1028.5515,405.5158,754062347356095,754062381905783
1021.62714,406.66125,1028.5515,406.39304,754062382088439,754062426333283
1013.116,408.52435,1028.5515,406.39304,754062426418075,754062461241408
1012.3366,407.98813,1021.62714,406.66125,754062461342866,754062492716877
1039.6173,375.56467,1028.5515,406.39304,754062492925054,754062524219845
1028.7261,406.74368,1028.5515,406.66125,754062525298804,754062554810054
950.114,453.34186,1028.5515,406.66125,754062560650939,754062594439481
946.3353,430.23447,1028.5515,406.74368,754062595380314,754062624875731
942.07104,431.5443,950.114,430.23447,754062626681720,754062657608283
947.0219,410.85648,947.0219,410.85648,754062659944272,754062690791981
938.4168,439.8204,947.0219,430.23447,754062692075002,754062722857502
925.76666,421.42517,947.0219,421.42517,754062727655835,754062762581929
932.00714,421.62067,938.4168,421.62067,754062763320158,754062795182502
946.9602,405.97552,946.9602,421.42517,754062795491147,754062830460887
939.99756,394.54285,939.99756,421.42517,754062830529429,754062864669116
971.5639,396.07535,946.9602,405.97552,754062865691929,754062900160470
927.33014,373.04916,939.99756,396.07535,754062900241877,754062933493960
940.8533,378.00943,940.8533,396.07535,754062933590574,754062966577606
931.4508,380.53183,939.99756,380.53183,754062966758752,754062999795574
931.02124,401.56393,939.99756,396.07535,754062999936199,754063034385574
922.1261,387.6671,931.4508,387.6671,754063034518074,754063070137606
951.1628,362.41168,939.99756,387.6671,754063071326720,754063107423283
942.659,374.1799,939.99756,387.6671,754063109098595,754063149297137
936.4481,350.49094,939.99756,374.1799,754063149472710,754063180303126
927.65356,338.72916,939.99756,374.1799,754063180414272,754063213362866
916.1303,339.9119,936.4481,350.49094,754063213496616,754063244846824
971.42645,315.02585,939.99756,339.9119,754063245592293,754063279166616
968.6761,323.90167,939.99756,339.9119,754063279336251,754063312210158
999.2821,297.06848,968.6761,323.90167,754063312399168,754063355117189
968.7013,314.18265,968.6761,323.90167,754063355217033,754063385384845
971.1077,340.74557,968.7013,323.90167,754063385539689,754063421946980
960.19305,285.33765,968.6761,323.90167,754063422032189,754063456049376
981.79346,296.76935,968.7013,323.90167,754063456128855,754063490349637
971.6014,289.5295,968.7013,296.76935,754063490440366,754063525620939
962.0214,302.2874,968.7013,302.2874,754063525795678,754063559467085
940.6375,286.6221,968.7013,296.76935,754063560372866,754063591817605
941.0173,292.85556,962.0214,296.76935,754063591992501,754063626357241
936.6806,280.9966,941.0173,292.85556,754063626549272,754063657832710
983.94354,297.33807,962.0214,296.76935,754063658020470,754063695286303
952.1543,317.90292,952.1543,296.76935,754063695688855,754063729522710
956.7769,296.85614,956.7769,296.85614,754063729618439,754063761651407
935.22943,317.72318,952.1543,296.85614,754063761838699,754063793319428
973.76404,277.66824,956.7769,296.85614,754063795364324,754063837645782
975.69244,310.43332,956.7769,296.85614,754063837737189,754063872486459
971.6204,322.35696,971.6204,296.85614,754063872597189,754063909379532
977.7292,327.04147,971.6204,310.43332,754063909548907,754063942280678
973.7097,330.64285,971.6204,322.35696,754063942453439,754063973661199
955.4368,289.35745,971.6204,310.43332,754063974835887,754064006153751
968.9118,279.81473,971.6204,310.43332,754064006314897,754064041232449
962.6458,314.38538,968.9118,310.43332,754064042762189,754064077151147
994.38086,296.87027,971.6204,310.43332,754064077323699,754064109819897
979.92896,293.2182,971.6204,310.43332,754064109919168,754064142829428
978.95886,295.88263,978.95886,296.87027,754064142996355,754064177804116
975.9704,275.93478,975.9704,295.88263,754064177972189,754064212272918
967.7,279.31204,975.9704,295.88263,754064212460470,754064249956511
966.11743,295.41626,975.9704,295.41626,754064250145001,754064279348022
967.4522,295.1066,967.7,295.41626,754064279537189,754064311500678
966.2959,275.7215,967.4522,295.41626,754064311637605,754064352209845
954.35767,283.3896,967.4522,295.1066,754064352302866,754064383599532
956.0135,304.0805,966.2959,295.41626,754064383777813,754064413190366
951.95264,292.3938,956.0135,295.1066,754064413322918,754064444822397
958.5175,291.94016,958.5175,295.1066,754064444912970,754064476342188
978.6549,267.78638,958.5175,292.3938,754064476422501,754064509398178
978.40594,248.88539,958.5175,291.94016,754064509475261,754064543059740
981.2157,247.09267,978.40594,267.78638,754064543172865,754064578048855
944.5528,240.55806,958.5175,248.88539,754064578227970,754064615080105
969.111,277.86462,969.111,267.78638,754064615187813,754064649355574
947.6052,294.74435,958.5175,267.78638,754064649549584,754064683502657
945.88007,271.22235,958.5175,271.22235,754064683696720,754064716116720
961.0315,256.67722,958.5175,267.78638,754064716241459,754064749256824
947.62634,263.17908,958.5175,267.78638,754064749360261,754064781229376
926.5531,258.89764,958.5175,263.17908,754064781396355,754064813697865
936.4045,261.0756,947.62634,263.17908,754064813812397,754064848793907
958.137,250.51207,958.137,261.0756,754064848894636,754064882778022
922.7969,258.36218,947.62634,261.0756,754064882957657,754064919351407
936.08527,240.93414,947.62634,258.36218,754064919478907,754064953738282
941.8529,232.18292,941.8529,258.36218,754064955499115,754064986548803
926.8447,230.41432,941.8529,240.93414,754064986638594,754065020470209
921.7992,228.00644,941.8529,232.18292,754065021401355,754065052071772
933.8426,224.63055,933.8426,230.41432,754065052171094,754065085251042
942.4672,218.97028,941.8529,228.00644,754065085377449,754065115957657
962.60535,237.25923,941.8529,230.41432,754065116084115,754065148166719
952.72833,210.83244,942.4672,228.00644,754065149113230,754065179967449
958.8577,237.57976,952.72833,230.41432,754065180175834,754065212832657
964.5544,241.84145,952.72833,230.41432,754065212948490,754065245674896
985.5251,199.73656,958.8577,230.41432,754065245780782,754065283853751
955.69226,208.87178,955.69226,230.41432,754065283965678,754065323435521
979.7428,226.49089,958.8577,226.49089,754065323536199,754065361347657
948.76807,199.38362,955.69226,226.49089,754065361435834,754065395081251
960.9876,192.98947,958.8577,226.49089,754065395275209,754065426829740
945.11096,207.28928,955.69226,207.28928,754065427006823,754065459925626
960.2748,209.64409,958.8577,209.64409,754065460144428,754065492982865
936.87305,202.4987,955.69226,207.28928,754065493089323,754065524532240
939.02386,202.14044,955.69226,207.28928,754065524724532,754065556673178
941.0662,201.00523,941.0662,202.4987,754065556801876,754065589174271
960.8403,202.57944,955.69226,202.57944,754065589355573,754065620329844
968.56305,215.42212,955.69226,202.57944,754065620494844,754065652425417
960.5216,218.47935,960.5216,202.57944,754065652528959,754065685983021
945.40045,230.6193,955.69226,215.42212,754065686916771,754065718290365
907.8929,232.75598,955.69226,218.47935,754065718404740,754065757637448
915.6849,228.293,945.40045,228.293,754065757756563,754065791599584
913.41986,206.73422,915.6849,218.47935,754065791696355,754065820933907
921.39343,187.5377,921.39343,218.47935,754065821126980,754065850749115
910.8915,210.81326,915.6849,210.81326,754065850843855,754065882218073
915.121,191.17012,915.6849,210.81326,754065882306719,754065916268490
925.7552,189.83969,915.6849,210.81326,754065916385469,754065948148282
920.2782,198.80472,915.6849,198.80472,754065948254688,754065980315782
923.1336,175.14975,920.2782,198.80472,754065980429584,754066011963021
908.21594,193.29199,915.6849,198.80472,754066012077605,754066042591042
917.18365,186.11205,917.18365,193.29199,754066042696719,754066078484792
907.9859,204.33559,915.6849,198.80472,754066079869271,754066111800209
938.2486,210.82812,917.18365,198.80472,754066111993802,754066144402917
926.1004,193.71538,917.18365,198.80472,754066144588438,754066176276771
929.6626,208.5368,926.1004,198.80472,754066176456875,754066207854636
925.0983,192.74432,925.0983,198.80472,754066207957657,754066255376719
897.9947,212.3862,925.0983,198.80472,754066255484115,754066286679896
916.13116,227.2111,925.0983,198.80472,754066286855521,754066323341146
921.98114,186.58884,921.98114,198.80472,754066323565990,754066358900729
910.76086,214.36182,921.98114,198.80472,754066359093698,754066389831354
931.55176,227.08351,921.98114,198.80472,754066389992969,754066428687656
934.02686,220.8078,921.98114,214.36182,754066428832344,754066461489375
932.0595,210.98979,931.55176,210.98979,754066461594531,754066490643177
932.74805,184.0917,932.0595,210.98979,754066490750938,754066521622656
920.60376,182.14587,931.55176,210.98979,754066521816771,754066558070000
929.2883,192.4993,931.55176,192.4993,754066558249583,754066587979583
927.33636,218.074,929.2883,210.98979,754066588180521,754066622110990
910.9682,202.30377,929.2883,202.30377,754066622871771,754066652847604
920.6295,223.65057,927.33636,210.98979,754066653038177,754066685982240
933.2435,217.59634,929.2883,210.98979,754066686140885,754066720316302
935.1512,216.97781,929.2883,216.97781,754066720523802,754066756926615
933.8367,220.70688,933.2435,216.97781,754066757032344,754066790035677
945.57684,216.61615,933.8367,216.97781,754066790196510,754066825786823
953.44006,216.70523,933.8367,216.97781,754066825898854,754066858114688
936.4761,265.33963,936.4761,216.97781,754066858267656,754066887624844
960.16394,393.09924,936.4761,216.97781,754066887804010,754066921942396
685.1477,385.41232,936.4761,265.33963,754066922131927,754066957271406
693.41626,402.8578,936.4761,385.41232,754066957458906,754066988209687
901.84106,276.75168,901.84106,276.75168,754066988305000,754067021104167
985.75836,422.85574,936.4761,385.41232,754067021198958,754067054243490
983.0697,418.21173,936.4761,385.41232,754067054416354,754067095754740
954.5736,326.64658,954.5736,385.41232,754067095918698,754067127413646
946.63446,284.8663,946.63446,385.41232,754067127602656,754067162794635
957.26935,297.452,954.5736,326.64658,754067162960781,754067201766198
933.87933,286.04224,946.63446,297.452,754067201867812,754067244479687
936.8154,289.62793,946.63446,297.452,754067244557812,754067283512917
929.18085,294.35437,936.8154,294.35437,754067283606979,754067320379062
917.01746,279.6225,936.8154,294.35437,754067320563906,754067355215885
910.4893,301.97876,929.18085,294.35437,754067355407708,754067390728541
910.0479,276.6121,917.01746,294.35437,754067390963437,754067420486823
908.4063,285.02335,910.4893,294.35437,754067420647656,754067453424687
915.1812,284.51962,915.1812,285.02335,754067453590573,754067486443594
920.2288,333.2742,915.1812,294.35437,754067486541094,754067527705885
907.66235,339.0133,915.1812,294.35437,754067527872969,754067563756562
913.89923,311.24686,915.1812,311.24686,754067563964843,754067593572500
896.6005,342.34357,913.89923,311.24686,754067593836093,754067623972500
894.85895,325.9981,913.89923,311.24686,754067624196458,754067654353021
902.8469,330.60153,902.8469,325.9981,754067654547708,754067690890156
906.4647,329.79526,906.4647,325.9981,754067691123021,754067730508802
901.6528,344.21835,902.8469,329.79526,754067730635468,754067765060312
900.5065,356.56155,902.8469,329.79526,754067765136041,754067808493958
903.3353,365.48776,902.8469,344.21835,754067808592708,754067842034427
889.2655,341.87866,902.8469,341.87866,754067842203645,754067877830208
889.4268,355.32913,902.8469,344.21835,754067877934895,754067909657135
898.8117,360.25952,898.8117,344.21835,754067909841302,754067952605468
899.7607,356.12207,899.7607,355.32913,754067952699843,754067982609791
896.3444,349.60806,898.8117,349.60806,754067982775833,754068016112864
893.20154,361.83044,898.8117,355.32913,754068016226250,754068049586197
892.2393,345.48172,896.3444,349.60806,754068049759114,754068084779218
886.4431,361.22205,893.20154,355.32913,754068084970989,754068118644427
861.9728,389.28964,892.2393,355.32913,754068118774739,754068155632239
880.72375,378.36346,886.4431,361.22205,754068155738645,754068212776250
874.3913,402.00113,880.72375,378.36346,754068212878906,754068249322187
889.02954,399.84195,886.4431,378.36346,754068249417916,754068282495104
894.21765,375.05356,886.4431,378.36346,754068282635104,754068316707499
857.5701,394.40012,886.4431,378.36346,754068316806510,754068348083593
868.56165,425.83417,886.4431,378.36346,754068348254270,754068380259166
873.4429,398.70773,873.4429,394.40012,754068381254999,754068413072604
886.04565,387.76028,886.04565,387.76028,754068413187135,754068446863906
861.6567,415.76083,873.4429,394.40012,754068447275729,754068482637708
879.0213,405.40588,879.0213,394.40012,754068482810624,754068512703645
877.80145,409.82132,877.80145,405.40588,754068512811822,754068545615885
850.119,431.99677,877.80145,405.40588,754068546380572,754068581809999
851.70483,445.3313,877.80145,409.82132,754068581958854,754068615271197
849.84534,451.37878,851.70483,431.99677,754068615406979,754068650638228
860.885,435.8163,860.885,435.8163,754068650766406,754068682428020
846.5114,454.92944,851.70483,435.8163,754068683162343,754068722454947
858.48676,482.80112,858.48676,435.8163,754068724818697,754068760756770
825.746,494.77847,851.70483,454.92944,754068760904687,754068793643385
846.0324,494.34247,851.70483,482.80112,754068794491406,754068826880937
802.5517,504.02087,846.0324,494.34247,754068827043541,754068857646562
802.9145,507.6553,846.0324,494.34247,754068857776666,754068892554530
823.20416,515.49396,823.20416,504.02087,754068892731145,754068922343749
866.15686,518.6276,846.0324,507.6553,754068922579687,754068957093333
855.39795,486.8832,846.0324,504.02087,754068957269374,754068985660833
856.35815,482.80627,855.39795,504.02087,754068985768801,754069017865572
855.6139,489.69415,855.39795,489.69415,754069017968020,754069051066041
851.89307,484.01077,855.39795,489.69415,754069051162239,754069083343124
855.5003,508.16223,855.39795,489.69415,754069083450833,754069116832760
862.74677,473.64444,855.39795,489.69415,754069116943749,754069151171301
861.41956,525.96985,855.5003,489.69415,754069151278385,754069190891562
856.53925,506.9076,856.53925,489.69415,754069191003280,754069221661093
852.3431,523.50183,855.5003,506.9076,754069221845624,754069253356353
833.8262,505.09067,855.5003,505.09067,754069253543593,754069291284062
865.97577,538.0006,855.5003,506.9076,754069291455520,754069323752082
857.8534,545.44104,855.5003,506.9076,754069323938541,754069353674582
876.7518,523.37616,857.8534,523.37616,754069353795572,754069382524166
838.35443,574.7287,855.5003,523.37616,754069382719374,754069418110780
834.8091,579.4832,855.5003,523.37616,754069418297082,754069451546822
839.62555,568.7766,839.62555,568.7766,754069451732395,754069483058905
821.9885,552.36664,839.62555,552.36664,754069483179062,754069515245884
831.42426,547.4695,839.62555,552.36664,754069515334322,754069548252082
838.9197,592.3859,838.9197,552.36664,754069548346978,754069581502968
833.7429,567.6699,838.9197,552.36664,754069581673228,754069615795051
824.7853,571.183,838.9197,567.6699,754069615991301,754069661672030
835.1124,580.08936,835.1124,567.6699,754069661757395,754069695617030
824.7384,594.92,835.1124,571.183,754069695804582,754069730192655
822.25104,662.81305,835.1124,580.08936,754069730340364,754069763090363
828.7443,670.5823,828.7443,594.92,754069763241770,754069793139374
829.82513,671.835,829.82513,662.81305,754069793255416,754069826095155
843.52075,631.9911,829.82513,631.9911,754069826188853,754069866024738
827.9742,652.1756,829.82513,652.1756,754069866146041,754069901052082
812.348,678.7781,829.82513,652.1756,754069901234322,754069932470728
810.8638,662.2256,827.9742,652.1756,754069932582759,754069963653488
815.4981,697.87634,815.4981,662.2256,754069963785155,754069997731301
797.8833,730.61194,815.4981,662.2256,754069998748228,754070030519426
776.4921,682.47,815.4981,682.47,754070031597811,754070066834738
782.95935,717.6567,797.8833,682.47,754070067029947,754070100895207
789.2932,715.3927,789.2932,682.47,754070101107395,754070141288488
787.83154,713.14215,789.2932,713.14215,754070141372863,754070175385468
804.4247,729.5013,789.2932,713.14215,754070175465207,754070208164790
798.9797,761.1578,789.2932,713.14215,754070209053905,754070243860936
814.864,758.085,798.9797,729.5013,754070243984374,754070279019790
805.2457,757.7643,798.9797,757.7643,754070279530988,754070313084999
801.65533,794.86865,801.65533,757.7643,754070313248228,754070346277967
782.22955,813.731,798.9797,757.7643,754070346411613,754070378373592
782.1229,816.2541,798.9797,794.86865,754070378659738,754070411632499
782.8501,836.6323,782.8501,813.731,754070411784426,754070442403280
769.36066,834.59674,782.8501,816.2541,754070442502290,754070476362759
778.94574,872.29736,782.8501,834.59674,754070477405728,754070509173801
790.56995,829.4497,782.8501,829.4497,754070509678332,754070541121353
775.8707,857.8805,782.8501,834.59674,754070541197603,754070574677863
786.83856,872.71045,782.8501,834.59674,754070574765363,754070610253072
781.1579,861.6913,782.8501,857.8805,754070610359426,754070641912551
743.07764,870.3737,782.8501,861.6913,754070642012603,754070675753228
683.4536,1000.79626,781.1579,861.6913,754070676283228,754070709357134
662.8741,1006.9973,743.07764,870.3737,754070710329478,754070750874946
659.06195,1062.9818,683.4536,1000.79626,754070750971613,754070783893905
663.3177,1040.4535,663.3177,1006.9973,754070784110988,754070821021144
652.14795,1070.4553,663.3177,1040.4535,754070821130363,754070852899894
651.433,1072.6538,663.3177,1040.4535,754070853009426,754070882663748
682.2172,1069.0837,663.3177,1069.0837,754070882836821,754070914704530
679.1161,1084.2406,663.3177,1069.0837,754070914831665,754070946403696
634.1468,1095.3734,663.3177,1069.0837,754070946571978,754070979170103
683.8595,1038.0835,663.3177,1069.0837,754070979321196,754071011065571
709.97784,1020.7907,663.3177,1069.0837,754071011227498,754071052772082
693.5325,1011.81055,683.8595,1038.0835,754071052857082,754071087925884
700.4675,1036.6421,693.5325,1036.6421,754071088093540,754071118262238
731.8485,1041.2976,693.5325,1038.0835,754071118411717,754071149378384
714.311,1058.3434,700.4675,1038.0835,754071149564373,754071179033696
701.47125,1044.6205,701.47125,1041.2976,754071179133123,754071211041300
719.64246,1058.7003,701.47125,1044.6205,754071211184946,754071240717967
723.15643,1136.8329,701.47125,1044.6205,754071246625363,754071279335884
714.56024,1108.7817,714.56024,1058.7003,754071279466613,754071313819842
709.2686,1124.3687,709.2686,1108.7817,754071313972967,754071347464269
724.30334,1077.8569,714.56024,1077.8569,754071347631457,754071377952290
709.8465,1116.5574,709.8465,1108.7817,754071378096457,754071410606977
691.17755,1109.5886,709.8465,1108.7817,754071410688852,754071443449634
699.83295,1144.3846,709.8465,1109.5886,754071443614009,754071475078019
711.92664,1157.2382,709.8465,1109.5886,754071476079998,754071507988071
704.2062,1166.2836,709.8465,1144.3846,754071508697967,754071549071144
681.48737,1135.5481,709.8465,1135.5481,754071549159790,754071581221196
686.6572,1117.9257,704.2062,1135.5481,754071581343957,754071614403488
692.6452,1103.3298,692.6452,1135.5481,754071614523696,754071649261665
694.8709,1108.1422,694.8709,1117.9257,754071649405467,754071681520311
685.52655,1143.6228,692.6452,1135.5481,754071681693957,754071714628904
654.0126,1163.5438,692.6452,1135.5481,754071714808540,754071747955467
631.212,1221.9652,685.52655,1143.6228,754071748179425,754071781156404
681.2744,1234.2473,681.2744,1163.5438,754071781328279,754071813330259
668.28516,1206.9541,681.2744,1206.9541,754071813503175,754071847627967
682.80914,1211.8344,681.2744,1206.9541,754071847771456,754071882733800
670.2993,1223.9858,681.2744,1206.9541,754071882867811,754071913091092
655.94696,1261.6276,681.2744,1211.8344,754071913253071,754071944934165
661.148,1286.6235,670.2993,1223.9858,754071946647758,754071978636248
655.72327,1302.0111,661.148,1261.6276,754071978708436,754072014189946
646.7239,1262.9274,661.148,1262.9274,754072014285675,754072046126144
655.69434,1322.432,655.72327,1262.9274,754072046212081,754072080905363
669.8666,1317.9355,661.148,1262.9274,754072081062446,754072112345936
656.8536,1344.4873,656.8536,1317.9355,754072112484529,754072147728904
655.4158,1345.9618,656.8536,1317.9355,754072147904790,754072178946560
652.68726,1337.6067,656.8536,1337.6067,754072179108435,754072213865258
591.5097,1375.9819,655.4158,1337.6067,754072213940883,754072245952863
593.5806,1341.5364,652.68726,1337.6067,754072246110154,754072279611248
629.60767,1334.5707,629.60767,1337.6067,754072280190675,754072313424842
638.36664,1423.876,638.36664,1337.6067,754072313555675,754072349827602
517.40063,1610.4371,629.60767,1337.6067,754072349912342,754072382915154
505.30212,1609.4333,629.60767,1423.876,754072383011092,754072418116456
494.24234,1605.5614,517.40063,1605.5614,754072418264529,754072452943592
472.57272,1606.4589,505.30212,1605.5614,754072453048800,754072489653435
467.91864,1599.5609,494.24234,1605.5614,754072489802081,754072520402758
495.3038,1596.651,495.3038,1605.5614,754072520498852,754072578805102
489.76663,1573.0209,494.24234,1599.5609,754072578920727,754072611922914
479.92178,1596.6846,494.24234,1596.6846,754072612064581,754072645451977
494.87698,1670.6499,494.24234,1599.5609,754072646153696,754072679423227
479.23215,1667.1829,494.24234,1599.5609,754072679590571,754072711771508
486.85843,1671.7374,494.24234,1667.1829,754072713299581,754072746569373
481.27298,1644.0995,486.85843,1644.0995,754072746742081,754072778927394
466.61172,1694.7028,486.85843,1667.1829,754072779013383,754072811531091
458.36566,1686.8032,481.27298,1667.1829,754072811633279,754072845307758
501.25748,1645.8336,486.85843,1667.1829,754072845386769,754072878591456
493.16354,1661.8672,486.85843,1667.1829,754072878700102,754072912538383
481.01447,1718.7606,486.85843,1667.1829,754072912611769,754072944924112
486.87808,1704.839,486.85843,1667.1829,754072946014269,754072981539008
489.85864,1725.2096,486.85843,1704.839,754072981646404,754073012685571
460.86566,1688.3323,486.85843,1688.3323,754073012865102,754073044983748
476.6108,1682.8704,486.85843,1688.3323,754073046165571,754073077681456
436.60706,1708.6442,476.6108,1688.3323,754073078904008,754073113496352
455.06567,1734.411,476.6108,1688.3323,754073113648956,754073146174477
469.969,1758.163,469.969,1708.6442,754073146260935,754073181563175
428.2463,1724.1876,469.969,1724.1876,754073181697133,754073216855727
411.62198,1779.2407,469.969,1724.1876,754073216954946,754073248722081
413.78934,1767.9684,428.2463,1724.1876,754073248797862,754073281443695
408.81482,1794.3851,413.78934,1767.9684,754073281637550,754073313257602
409.0357,1813.8809,413.78934,1767.9684,754073313419789,754073346941352
363.0342,1824.3759,409.0357,1794.3851,754073347092393,754073377112289
393.91592,1783.7001,409.0357,1783.7001,754073377200987,754073408853539
404.91983,1782.2776,404.91983,1783.7001,754073410537289,754073448589529
391.3014,1816.4366,404.91983,1783.7001,754073448667810,754073481494008
423.7017,1785.4514,404.91983,1783.7001,754073483132497,754073513739529
421.72974,1775.503,404.91983,1783.7001,754073516860622,754073549994060
450.7334,1764.7885,421.72974,1783.7001,754073550085935,754073581448383
449.0355,1775.283,421.72974,1775.503,754073581562758,754073612723175
485.21945,1748.4487,449.0355,1775.283,754073612826560,754073645600883
521.68774,1763.1534,449.0355,1775.283,754073645700518,754073675110831
472.0881,1782.4088,472.0881,1775.283,754073676339320,754073707038122
442.28397,1773.6422,449.0355,1775.283,754073712061612,754073745552549
473.47794,1793.7037,472.0881,1775.283,754073745647862,754073777957914
481.2215,1823.975,472.0881,1775.283,754073779050466,754073808989945
433.30286,1351.5278,472.0881,1775.283,754073809877237,754073839208227
468.04022,1479.4028,472.0881,1775.283,754073841351664,754073884550206
674.2025,1852.017,472.0881,1775.283,754073884657549,754073921135414
668.1202,1860.0797,472.0881,1775.283,754073921319476,754073956293070
638.04675,1763.6246,638.04675,1775.283,754073956470883,754073988838174
604.5846,1800.9358,604.5846,1775.283,754073989010779,754074019674893
565.979,1785.0936,604.5846,1775.283,754074019831039,754074051813070
538.00366,1800.318,604.5846,1785.0936,754074052803018,754074086504633
557.86646,1778.1954,565.979,1778.1954,754074086638174,754074125968018
544.1923,1765.352,557.86646,1778.1954,754074126096403,754074158347706
511.18906,1781.9513,557.86646,1778.1954,754074158506039,754074192655258
523.4205,1795.0804,544.1923,1778.1954,754074192844633,754074223459528
547.7145,1813.4049,547.7145,1781.9513,754074223590518,754074259742601
509.36594,1851.1545,544.1923,1795.0804,754074259917237,754074295228331
454.5712,1849.7554,544.1923,1813.4049,754074295436247,754074332839112
472.9028,1870.0719,509.36594,1849.7554,754074332992914,754074363694164
428.3886,1873.3083,472.9028,1849.7554,754074364109893,754074401692185
424.39984,1884.5244,472.9028,1870.0719,754074401803487,754074438734424
503.7193,1865.8745,472.9028,1865.8745,754074440190674,754074474195153
497.8421,1862.626,472.9028,1865.8745,754074474296872,754074507248903
460.06525,1876.0876,472.9028,1865.8745,754074507411299,754074539768278
470.3884,1891.6627,472.9028,1865.8745,754074539960674,754074569711872
517.75757,1889.0955,472.9028,1876.0876,754074569853435,754074602572445
499.7971,1880.0082,472.9028,1880.0082,754074602662862,754074632817445
506.32666,1881.285,499.7971,1880.0082,754074632931820,754074666607914
508.88135,1897.5823,499.7971,1880.0082,754074666796299,754074700357549
583.7476,1879.3583,506.32666,1880.0082,754074700460622,754074731098435
484.53375,1905.0613,499.7971,1880.0082,754074731211716,754074760477914
465.77496,1903.9128,499.7971,1880.0082,754074760662393,754074794905466
504.66376,1887.2775,499.7971,1887.2775,754074795089320,754074835157341
448.67377,1897.222,499.7971,1887.2775,754074835305257,754074867670726
464.8588,1930.7596,499.7971,1887.2775,754074867812966,754074908380518
481.88333,1904.8212,481.88333,1897.222,754074908471820,754074938758487
477.13495,1911.6238,481.88333,1904.8212,754074938853799,754074970819164
480.09952,1905.2965,481.88333,1904.8212,754074970966143,754075002198591
500.14456,1908.52,481.88333,1905.2965,754075002400361,754075036857132
486.1556,1905.3698,481.88333,1905.2965,754075036985570,754075067666924
471.77982,1931.6934,481.88333,1905.3698,754075067786872,754075098470986
402.7955,1954.1567,481.88333,1905.3698,754075098575257,754075129603747
419.2758,1937.7317,471.77982,1931.6934,754075129731403,754075160930101
391.94342,1956.5021,419.2758,1937.7317,754075161066820,754075195821507
399.19598,1948.52,419.2758,1937.7317,754075196175361,754075230963591
374.71484,1957.5918,399.19598,1948.52,754075231066351,754075275013747
363.26898,1955.8972,399.19598,1948.52,754075275191663,754075306560622
369.5069,1954.6631,374.71484,1954.6631,754075307468955,754075341592341
451.48438,1930.1183,399.19598,1948.52,754075341687653,754075375083903
464.2075,1940.8363,399.19598,1948.52,754075375254632,754075409163330
442.97568,1955.2767,442.97568,1948.52,754075409289111,754075439461507
403.80893,1959.3643,403.80893,1948.52,754075439652653,754075471092236
424.13846,1936.3143,424.13846,1948.52,754075471200413,754075500192913
406.2403,1952.6514,406.2403,1948.52,754075500305570,754075532333747
416.53006,1951.8982,416.53006,1948.52,754075532436038,754075564972132
428.10236,1956.1616,416.53006,1951.8982,754075565074111,754075595971559
409.1978,1964.9949,416.53006,1951.8982,754075596549684,754075629001820
444.31714,1929.2294,416.53006,1951.8982,754075629119476,754075661632392
447.1694,1945.3091,416.53006,1951.8982,754075661751299,754075697772445
475.7937,1952.9972,444.31714,1951.8982,754075697906090,754075728434059
469.15683,1943.5654,447.1694,1951.8982,754075728595205,754075766392913
457.5489,1944.8124,457.5489,1951.8982,754075766554372,754075806994840
423.24225,1953.4834,447.1694,1951.8982,754075807087497,754075837184059
392.90485,1958.3185,447.1694,1951.8982,754075837266142,754075868442392
407.89713,1944.1328,423.24225,1951.8982,754075869593747,754075900354476
419.9772,1934.8318,419.9772,1951.8982,754075900539007,754075930998642
407.7161,1935.7899,419.9772,1944.1328,754075931101247,754075960759892
322.3173,1960.9598,419.9772,1951.8982,754075961694476,754075993538799
279.46567,1958.684,407.7161,1951.8982,754075993636038,754076026028799
267.86334,1976.9966,322.3173,1958.684,754076026205257,754076058630309
226.9828,1988.5939,279.46567,1958.684,754076058830622,754076090801351
230.0326,1997.0879,267.86334,1976.9966,754076090922601,754076123042549
244.8194,1976.3868,244.8194,1976.3868,754076123157028,754076156202913
242.09744,1986.9615,244.8194,1976.9966,754076156317496,754076188462861
326.52042,1967.9894,244.8194,1976.3868,754076188571351,754076222209632
325.3533,1957.6108,244.8194,1976.3868,754076222326351,754076264157444
369.7384,1960.2051,325.3533,1967.9894,754076264271455,754076299246246
334.94724,1966.871,325.3533,1966.871,754076299363017,754076330845361
345.72354,1973.2349,334.94724,1967.9894,754076332607601,754076362798434
371.37183,1966.7136,334.94724,1966.871,754076362888694,754076394474215
376.0448,1965.0878,345.72354,1966.871,754076394585673,754076427318851
404.44803,1970.8027,371.37183,1966.871,754076427433851,754076460538173
401.98328,1962.9718,376.0448,1966.871,754076460647184,754076492810569
396.37448,1976.9806,396.37448,1966.871,754076492939996,754076524197236
392.22992,1967.3063,392.22992,1966.871,754076524290934,754076556879163
360.96887,1972.0284,392.22992,1967.3063,754076556978173,754076590166819
336.05823,1976.8818,392.22992,1967.3063,754076590280778,754076626161559
339.07104,1977.2601,360.96887,1972.0284,754076626356038,754076659180569
364.09457,1972.4496,364.09457,1972.4496,754076659353434,754076715331455
396.70987,1964.1963,364.09457,1972.0284,754076715905517,754076749423798
314.82178,1976.8143,364.09457,1972.4496,754076749573173,754076784244371
340.53973,1974.6233,364.09457,1972.4496,754076784344319,754076819914111
346.4624,1974.0139,346.4624,1974.0139,754076819997757,754076853245309
337.517,1983.667,346.4624,1974.0139,754076853438017,754076888874527
321.71274,1983.8961,346.4624,1974.0139,754076890239215,754076921499059
341.07358,1991.4735,341.07358,1983.667,754076921664371,754076952452236
322.6078,1992.135,341.07358,1983.8961,754076953761767,754076986061350
351.00775,1979.2448,341.07358,1983.667,754076987372757,754077023281715
333.19962,1982.2261,341.07358,1983.667,754077023376350,754077058095465
347.0062,1994.0028,341.07358,1983.667,754077058208590,754077091247132
335.78064,1976.9272,341.07358,1983.667,754077091419892,754077126105257
329.36655,2002.5331,341.07358,1983.667,754077126267757,754077162524111
317.586,2005.8533,335.78064,1983.667,754077162615829,754077194024267
345.68002,1991.1389,341.07358,1991.1389,754077194153277,754077231249684
323.48322,1979.6228,335.78064,1983.667,754077231358329,754077265349475
330.95648,1990.6152,335.78064,1990.6152,754077265532131,754077298996194
258.68182,2007.6082,330.95648,1990.6152,754077299197548,754077331634371
211.5665,2017.8319,330.95648,1990.6152,754077331816663,754077364476871
213.29802,2033.6115,258.68182,2007.6082,754077364646506,754077398071611
182.81955,2024.6129,213.29802,2017.8319,754077398256819,754077431722340
210.16568,2024.2043,213.29802,2024.2043,754077431896975,754077463499996
183.36581,2025.5077,210.16568,2024.2043,754077463679631,754077497782913
189.1814,2020.0258,210.16568,2024.2043,754077497894058,754077529699475
259.59756,2012.605,210.16568,2024.2043,754077529870256,754077563511194
217.77866,2029.1644,210.16568,2024.2043,754077563675256,754077594235204
220.42477,2021.5543,217.77866,2024.2043,754077594335621,754077628051350
263.74777,2019.9583,217.77866,2024.2043,754077629135204,754077661740777
255.57318,2017.1995,220.42477,2021.5543,754077662001350,754077699235100
297.82574,2006.5162,255.57318,2019.9583,754077699336663,754077732290881
290.43912,1997.006,255.57318,2017.1995,754077732473954,754077765492340
262.43185,1996.3224,262.43185,2006.5162,754077765679319,754077800450308
279.83652,2007.0321,262.43185,2007.0321,754077800634840,754077832924423
284.05646,2011.7947,262.43185,2007.0321,754077833097340,754077867751715
271.789,2009.872,271.789,2007.0321,754077867893017,754077900138537
240.28793,1997.9689,262.43185,2007.0321,754077900301715,754077931206923
256.3944,2005.5801,262.43185,2007.0321,754077931284215,754077964058590
243.5805,2010.0461,256.3944,2007.0321,754077964226506,754077995831923
232.3294,1995.3151,256.3944,2007.0321,754077996175621,754078028651767
246.30469,1998.017,246.30469,2007.0321,754078028799006,754078062691975
256.19986,1991.115,256.19986,1998.017,754078062860517,754078099811298
253.45305,1992.6942,253.45305,1998.017,754078099900464,754078133633850
244.69905,1996.9757,253.45305,1996.9757,754078133822235,754078179217444
248.65007,2002.373,253.45305,1998.017,754078179734475,754078211963329
167.51503,2004.5399,248.65007,1998.017,754078212972027,754078247400517
148.51141,2004.7731,248.65007,2002.373,754078247572444,754078276826819
172.01964,2008.9971,172.01964,2004.5399,754078277328069,754078309080881
141.52226,1990.9092,172.01964,2002.373,754078309172860,754078339269579
139.11687,1993.9874,172.01964,2002.373,754078339460464,754078373737391
138.08226,1992.05,141.52226,1993.9874,754078373864631,754078405892131
144.99951,1996.5382,144.99951,1996.5382,754078406038850,754078438747339
159.92914,1992.8171,144.99951,1993.9874,754078438943485,754078470867444
166.74126,1994.6301,144.99951,1994.6301,754078471031246,754078503164631
170.31302,2000.2521,159.92914,1994.6301,754078503352027,754078535714110
184.73904,1988.7468,166.74126,1994.6301,754078535892600,754078572892548
191.23619,1990.918,170.31302,1994.6301,754078573056558,754078605274006
203.04135,1998.7261,184.73904,1994.6301,754078605385048,754078642322079
244.28038,1991.5499,191.23619,1994.6301,754078642437860,754078675107756
252.99919,2006.9502,203.04135,1994.6301,754078675201766,754078717935308
215.98244,2003.3387,215.98244,1994.6301,754078718121818,754078750440777
197.3319,1994.9733,203.04135,1994.9733,754078750567652,754078785114839
185.55821,1996.7933,203.04135,1994.9733,754078785280100,754078815136714
189.25475,1997.104,197.3319,1994.9733,754078816276141,754078852639579
218.08263,2003.5879,203.04135,1996.7933,754078852754162,754078885320048
220.67445,1995.5905,203.04135,1995.5905,754078885492600,754078916107964
192.59038,2009.2241,203.04135,1996.7933,754078916297131,754078946584787
213.48384,2003.9951,203.04135,1996.7933,754078946755047,754078978712600
237.00117,1990.4882,203.04135,1996.7933,754078978915152,754079010248225
247.36665,1999.6404,213.48384,1996.7933,754079010417027,754079043330620
270.86276,1996.8723,237.00117,1996.7933,754079043465725,754079089071558
234.24577,1989.4249,234.24577,1996.7933,754079089148589,754079131448016
265.27243,1985.5029,237.00117,1996.7933,754079131545672,754079164307027
224.83473,1998.498,234.24577,1996.7933,754079164386037,754079196794006
360.94138,1938.7649,237.00117,1996.7933,754079196893329,754079229797547
374.77768,1610.6716,237.00117,1996.7933,754079229895933,754079265035672
384.89932,1685.29,360.94138,1938.7649,754079265137235,754079299793329
394.90128,1935.7941,374.77768,1935.7941,754079299887652,754079331906141
332.1915,1973.2722,360.94138,1938.7649,754079332107912,754079363720256
272.5961,1974.7418,360.94138,1938.7649,754079363891245,754079398672756
222.98755,1965.7356,332.1915,1965.7356,754079398769214,754079431865151
245.92009,1948.2097,272.5961,1948.2097,754079432063589,754079469217912
240.27203,1946.9292,245.92009,1948.2097,754079469389162,754079502124422
288.58386,1950.6829,272.5961,1948.2097,754079502240464,754079535555464
265.69815,1938.6324,265.69815,1948.2097,754079535739474,754079591773276
262.37915,1945.2385,265.69815,1948.2097,754079592193485,754079623641714
242.36592,1949.7357,265.69815,1948.2097,754079624619787,754079657812547
239.58801,1944.1947,262.37915,1948.2097,754079658722339,754079690806818
269.56534,1955.7975,265.69815,1948.2097,754079693140151,754079725410099
235.92545,1939.8918,262.37915,1948.2097,754079725548901,754079758512183
275.96332,1945.777,265.69815,1948.2097,754079758700203,754079788969370
213.87868,1958.1345,262.37915,1948.2097,754079792114943,754079824678224
237.1144,1947.6028,262.37915,1948.2097,754079826422912,754079857307912
199.42184,1962.106,237.1144,1948.2097,754079858181766,754079896366870
238.9141,1956.159,238.9141,1948.2097,754079896540985,754079930743485
237.08842,1957.1428,237.1144,1956.159,754079930855724,754079967279214
238.64148,1952.9363,238.64148,1952.9363,754079967382183,754080002168797
222.66946,1967.3096,237.1144,1956.159,754080002326766,754080036322755
209.42256,1959.2372,237.1144,1956.159,754080036522495,754080098798953
204.05745,1967.2198,222.66946,1959.2372,754080098917807,754080137196662
212.59756,1973.815,212.59756,1959.2372,754080137307651,754080171311245
223.15112,1965.2506,222.66946,1965.2506,754080171409005,754080206913120
215.6898,1978.3975,215.6898,1965.2506,754080207046401,754080243738016
221.17433,1976.3909,221.17433,1965.2506,754080243902234,754080277721557
253.18587,1985.2281,221.17433,1976.3909,754080277855359,754080308362547
247.22192,1980.3483,221.17433,1976.3909,754080308523641,754080341504891
246.97812,1957.0985,246.97812,1976.3909,754080341658953,754080376152859
249.6638,1961.2692,246.97812,1976.3909,754080376328068,754080434286141
239.30463,1951.1678,246.97812,1961.2692,754080434399995,754080470940620
262.32623,1951.319,246.97812,1961.2692,754080471037495,754080505608172
250.7998,1947.7458,246.97812,1951.319,754080506034005,754080539318849
280.90347,1932.271,250.7998,1951.319,754080539420672,754080572560724
265.05304,1932.905,250.7998,1947.7458,754080572683693,754080602489422
264.7275,1935.6508,264.7275,1935.6508,754080602594682,754080649102078
226.88142,1939.3481,250.7998,1939.3481,754080649225620,754080679031245
246.05797,1949.3395,250.7998,1939.3481,754080679216713,754080713215203
284.89682,1947.0411,250.7998,1939.3481,754080713448172,754080745819891
270.85703,1953.7015,250.7998,1947.0411,754080746018536,754080778289526
238.40047,1955.0728,250.7998,1947.0411,754080778474943,754080809239161
250.5988,1953.1677,250.7998,1953.1677,754080809417703,754080840874005
267.48056,1944.2837,250.7998,1947.0411,754080841054943,754080873279682
260.97986,1943.5216,250.7998,1947.0411,754080873422130,754080907146140
263.4114,1948.2245,260.97986,1947.0411,754080907288745,754080938949005
273.3528,1937.3398,260.97986,1947.0411,754080939163849,754080973597495
278.86227,1931.365,263.4114,1947.0411,754080973701193,754081006079161
308.63638,1920.5125,273.3528,1937.3398,754081006243745,754081040242807
287.48105,1925.333,278.86227,1931.365,754081040413015,754081072604474
285.01627,1906.5502,285.01627,1925.333,754081072794474,754081109454213
297.06677,1911.5596,285.01627,1925.333,754081109557390,754081139975984
296.3192,1931.5988,285.01627,1925.333,754081140147755,754081173620880
292.4765,1899.1793,292.4765,1925.333,754081173782547,754081204645255
290.32657,1944.4958,290.32657,1925.333,754081205384109,754081238010203
294.44205,1904.885,292.4765,1925.333,754081238119213,754081273918692
282.6593,1910.1643,290.32657,1925.333,754081274082026,754081307231609
270.64154,1897.3495,290.32657,1910.1643,754081308885307,754081339786244
251.42332,1903.5822,282.6593,1910.1643,754081340947547,754081371034265
274.2737,1905.7987,274.2737,1905.7987,754081372119265,754081405312599
254.05482,1905.1703,274.2737,1905.7987,754081405478380,754081437677911
257.5873,1903.4755,274.2737,1905.7987,754081437814734,754081475082026
262.50385,1891.3741,262.50385,1905.1703,754081475197859,754081511899369
226.63698,1881.4921,262.50385,1903.4755,754081512113484,754081544609213
260.0438,1907.8984,262.50385,1905.1703,754081544828067,754081578618744
243.21246,1878.0912,260.0438,1903.4755,754081579951296,754081614310984
250.79726,1872.5616,260.0438,1903.4755,754081614431349,754081644487546
248.7563,1856.1366,250.79726,1878.0912,754081644613276,754081675943432
218.7053,1877.9349,250.79726,1877.9349,754081676201505,754081710451661
251.99782,1852.0714,250.79726,1877.9349,754081710563953,754081742174838
240.96103,1855.3236,250.79726,1877.9349,754081742363484,754081777285515
254.5916,1828.6688,250.79726,1855.3236,754081777461661,754081809306817
245.46725,1823.3495,250.79726,1855.3236,754081809465515,754081847458432
256.02994,1830.9828,250.79726,1830.9828,754081847599109,754081883643328
236.70822,1855.3918,250.79726,1855.3236,754081883747911,754081917030411
242.07661,1844.474,250.79726,1844.474,754081917294630,754081946857026
239.67413,1820.6461,242.07661,1844.474,754081946969890,754081982277911
261.62332,1817.6624,250.79726,1844.474,754081982365046,754082011198380
253.77716,1841.1516,250.79726,1841.1516,754082011338796,754082042285203
245.34108,1856.6887,250.79726,1844.474,754082042403796,754082074315775
239.55484,1828.7477,250.79726,1841.1516,754082074427598,754082106315463
251.83873,1750.4391,250.79726,1841.1516,754082106470619,754082139664317
224.74562,1770.0018,250.79726,1828.7477,754082139757963,754082170389890
236.0525,1767.4523,250.79726,1770.0018,754082170524421,754082203520202
244.46414,1765.0016,244.46414,1770.0018,754082203699265,754082235876609
234.1408,1748.6342,244.46414,1767.4523,754082237703380,754082270602077
208.27289,1750.6448,244.46414,1765.0016,754082270738588,754082305598380
236.8611,1734.935,236.8611,1750.6448,754082305763848,754082339165515
243.51192,1709.1533,243.51192,1750.6448,754082339299057,754082373867650
239.61273,1739.0856,239.61273,1739.0856,754082374065046,754082405478744
273.3509,1718.9159,243.51192,1739.0856,754082405663171,754082451662025
269.99463,1721.1428,243.51192,1739.0856,754082451740411,754082484581140
268.2455,1822.5919,268.2455,1739.0856,754082484702338,754082519040098
481.33316,1468.6399,268.2455,1739.0856,754082519260098,754082558111140
548.53076,1434.6031,268.2455,1739.0856,754082558295515,754082590207025
408.48346,1595.9966,408.48346,1595.9966,754082590343223,754082622720827
315.5828,1559.8993,315.5828,1595.9966,754082624878275,754082655584577
324.57162,1395.0542,324.57162,1595.9966,754082659478848,754082691451504
300.64682,1359.5189,315.5828,1559.8993,754082693658952,754082723428536
313.08978,1293.0598,315.5828,1395.0542,754082724802181,754082756207546
284.92755,1360.1412,313.08978,1360.1412,754082757730879,754082787668952
325.16266,1303.9966,315.5828,1360.1412,754082798393275,754082833790827
316.08075,1292.7126,315.5828,1360.1412,754082833877598,754082866942546
337.07385,1224.437,316.08075,1303.9966,754082867020671,754082923975463
292.07343,1256.0889,315.5828,1292.7126,754082924095723,754082957313692
313.72064,1232.657,315.5828,1256.0889,754082959014056,754082989467650
280.9241,1212.1555,313.72064,1256.0889,754082992847233,754083024559265
277.17386,1199.2845,313.72064,1232.657,754083024639629,754083056331973
286.753,1200.5084,286.753,1212.1555,754083056600046,754083090175619
307.49,1223.4971,307.49,1223.4971,754083091382546,754083124977858
311.085,1195.7532,307.49,1212.1555,754083126088119,754083161555983
312.32794,1233.8981,307.49,1223.4971,754083161658119,754083196741088
309.38385,1195.636,309.38385,1212.1555,754083196826608,754083228511244
270.8345,1227.779,307.49,1223.4971,754083228614160,754083259668900
263.97983,1252.5331,307.49,1223.4971,754083259785931,754083292626817
263.60132,1228.961,270.8345,1227.779,754083293821192,754083323156244
242.42168,1233.2583,263.97983,1228.961,754083323244265,754083354650046
250.40286,1219.324,263.60132,1227.779,754083362424473,754083399055879
265.53772,1198.2831,263.97983,1227.779,754083399144369,754083435277337
277.41696,1242.6019,263.97983,1227.779,754083435382337,754083467896087
251.74214,1273.5385,263.97983,1227.779,754083468115358,754083500537650
258.58353,1290.2677,263.97983,1242.6019,754083500676035,754083531274369
283.87854,1260.7538,263.97983,1260.7538,754083531365827,754083564880046
266.29413,1284.9756,263.97983,1260.7538,754083564986192,754083598051921
281.65387,1287.5796,266.29413,1260.7538,754083598158171,754083634073431
283.1452,1268.2217,266.29413,1268.2217,754083634224681,754083666239629
279.99686,1236.4575,279.99686,1260.7538,754083666647806,754083707383327
287.2944,1245.0378,279.99686,1260.7538,754083707576192,754083738125775
317.38544,1232.0286,279.99686,1245.0378,754083738232233,754083770429629
322.5991,1196.7454,287.2944,1245.0378,754083770526712,754083802296712
290.53543,1219.5193,290.53543,1232.0286,754083802479629,754083834724629
314.2231,1164.4268,290.53543,1219.5193,754083834863639,754083874762546
310.08447,1170.6597,290.53543,1219.5193,754083874880150,754083906891504
319.73074,1149.2291,310.08447,1170.6597,754083907065827,754083939710462
324.72675,1148.7749,310.08447,1170.6597,754083939896504,754083972927858
330.72037,1177.875,319.73074,1170.6597,754083973119108,754084004663327
332.7655,1154.9609,324.72675,1170.6597,754084004860306,754084037255046
301.59958,1177.9792,319.73074,1170.6597,754084037393743,754084069608223
319.83948,1154.8434,319.83948,1170.6597,754084069776504,754084101224993
306.7903,1136.0079,319.73074,1170.6597,754084101403535,754084132592962
286.92606,1115.0267,319.73074,1154.8434,754084132742962,754084171836920
324.53552,1121.9996,319.73074,1136.0079,754084171959160,754084203615254
330.85477,1080.6079,319.73074,1121.9996,754084203720202,754084236574733
362.95593,1093.3365,324.53552,1121.9996,754084236747441,754084270915723
335.4281,1069.8726,330.85477,1093.3365,754084271022285,754084305114160
363.51486,1051.1632,335.4281,1093.3365,754084305306348,754084347636295
376.76294,1044.8956,335.4281,1069.8726,754084347735202,754084377831295
354.51535,1076.9553,354.51535,1076.9553,754084377950098,754084411553379
356.4794,1084.0155,354.51535,1076.9553,754084411671243,754084444631868
360.83566,1101.3688,354.51535,1076.9553,754084444746452,754084474341035
342.40982,1054.4207,354.51535,1076.9553,754084474456972,754084508789733
370.3322,1070.335,354.51535,1076.9553,754084508880722,754084540393639
333.8147,1037.0907,354.51535,1070.335,754084540511035,754084569025150
381.4488,988.9961,354.51535,1070.335,754084569170462,754084604775202
347.2142,1017.75507,354.51535,1037.0907,754084604932858,754084636827441
346.16623,1007.24896,354.51535,1017.75507,754084636944420,754084669769941
395.63,957.34125,354.51535,1017.75507,754084669868795,754084702003691
387.0414,961.1594,354.51535,1007.24896,754084702142077,754084735266399
394.9389,970.37714,387.0414,970.37714,754084735440670,754084767749108
378.1884,940.81244,378.1884,970.37714,754084767913795,754084821249837
379.8417,951.6692,379.8417,970.37714,754084821333795,754084854142754
388.32816,931.0239,379.8417,951.6692,754084854319524,754084889288847
429.29007,867.9393,379.8417,951.6692,754084889386191,754084919797910
439.69443,831.5224,388.32816,931.0239,754084922108587,754084953332129
433.46347,809.8465,429.29007,867.9393,754084954231139,754084987986191
445.41272,773.80786,433.46347,831.5224,754084990527233,754085022595149
458.07626,795.6082,433.46347,809.8465,754085024921556,754085058660722
476.46878,784.24603,445.41272,795.6082,754085060711556,754085092722024
465.431,799.8132,458.07626,799.8132,754085092866660,754085128221868
487.5351,814.57806,465.431,799.8132,754085128301972,754085159751816
469.1433,801.6945,465.431,799.8132,754085159885722,754085193201608
435.65137,788.8388,465.431,799.8132,754085195279941,754085224954108
412.13226,797.82733,465.431,799.8132,754085226338951,754085260628014
423.00415,751.45245,435.65137,797.82733,754085260901972,754085293528326
405.23657,743.17505,423.00415,797.82733,754085293612701,754085324416243
425.77603,730.6088,425.77603,751.45245,754085325300253,754085358910566
443.2532,719.7021,425.77603,743.17505,754085359010930,754085393233430
425.55573,693.6468,425.77603,730.6088,754085393334264,754085426362076
416.5279,714.29376,425.77603,719.7021,754085427767910,754085457384003
444.0931,711.73883,425.77603,714.29376,754085458219368,754085489599524
434.20377,706.5063,425.77603,714.29376,754085490497285,754085527220982
426.888,759.1635,426.888,714.29376,754085527290670,754085557986451
457.54645,729.7681,426.888,714.29376,754085559197753,754085591800514
454.17648,695.19586,426.888,714.29376,754085591884107,754085623789837
418.9098,700.2824,426.888,714.29376,754085624521295,754085660670357
461.08566,697.8652,426.888,700.2824,754085660837545,754085694877024
433.94873,685.0383,426.888,700.2824,754085694953899,754085729322493
430.52106,679.94806,430.52106,697.8652,754085729401816,754085763144941
464.77875,610.8088,430.52106,685.0383,754085763340826,754085804765462
472.26886,573.88776,430.52106,679.94806,754085804861816,754085836281399
452.67465,581.45184,452.67465,610.8088,754085836456659,754085870348587
469.4854,577.3594,452.67465,581.45184,754085870523326,754085904239680
462.33234,616.1354,452.67465,610.8088,754085904413587,754085934966607
461.55902,572.9942,461.55902,581.45184,754085935129211,754085967849680
458.57666,585.5484,458.57666,585.5484,754085967939472,754086002006607
450.9371,578.8882,458.57666,581.45184,754086002177805,754086034204368
488.4706,577.5166,458.57666,581.45184,754086034379472,754086065275461
474.47653,565.5832,458.57666,578.8882,754086065445305,754086097855930
476.562,547.85284,474.47653,577.5166,754086097985253,754086130320618
461.0686,544.5158,461.0686,565.5832,754086130466555,754086162342388
471.63745,537.5717,471.63745,547.85284,754086162482076,754086197716243
481.75742,546.45154,471.63745,546.45154,754086197869211,754086238160201
475.60843,541.8059,471.63745,546.45154,754086238262597,754086270408118
502.45425,556.0519,475.60843,546.45154,754086270521816,754086307245305
473.39868,568.1888,473.39868,546.45154,754086307431868,754086338204159
489.39468,543.6453,475.60843,546.45154,754086338394836,754086370554836
459.34546,568.66034,473.39868,546.45154,754086370738534,754086405190357
501.53415,538.979,475.60843,546.45154,754086405384628,754086437654940
500.57916,546.2741,475.60843,546.45154,754086437826034,754086471525774
492.64355,536.19244,492.64355,546.2741,754086471696190,754086532736555
455.1466,532.2932,475.60843,546.2741,754086532846190,754086567883222
505.0431,491.83057,492.64355,536.19244,754086568039211,754086606863170
493.685,507.9251,492.64355,532.2932,754086606993378,754086642550774
474.28824,547.0906,492.64355,536.19244,754086642649888,754086674070930
463.4507,614.0267,492.64355,536.19244,754086674205565,754086704520097
475.7518,806.2424,475.7518,547.0906,754086704694524,754086738911555
544.0609,794.2221,492.64355,614.0267,754086739015617,754086772472232
595.1817,650.72864,492.64355,650.72864,754086772569003,754086807689888
632.2085,551.0063,544.0609,614.0267,754086807788534,754086867348274
621.23376,535.12805,595.1817,614.0267,754086867465097,754086901361242
642.09796,440.31052,621.23376,551.0063,754086901457961,754086937173117
586.2982,427.10837,595.1817,535.12805,754086937284888,754086971118378
564.5835,411.29117,595.1817,440.31052,754086971280930,754087006339732
582.2657,394.96643,586.2982,427.10837,754087006447805,754087039985774
596.18176,404.71927,595.1817,411.29117,754087040159315,754087074338221
597.46936,354.83502,595.1817,404.71927,754087074446607,754087110317753
567.09375,396.94153,595.1817,404.71927,754087110495357,754087140583534
574.2121,391.81256,595.1817,396.94153,754087140678690,754087188684992
586.54803,360.58127,586.54803,396.94153,754087188785044,754087218439680
593.7895,382.06635,593.7895,391.81256,754087227161086,754087276138169
579.6097,368.74445,586.54803,382.06635,754087277046451,754087310037128
581.3175,383.2635,586.54803,383.2635,754087310212023,754087350066867
586.89294,372.97638,586.54803,382.06635,754087350161919,754087380435669
586.75507,381.0636,586.54803,382.06635,754087380530773,754087412123951
583.16437,351.73965,586.54803,381.0636,754087412300930,754087453671763
592.6676,353.49786,586.54803,381.0636,754087453859628,754087487349680
571.1364,316.87073,586.54803,353.49786,754087487462648,754087522314471
536.10944,327.23624,586.54803,353.49786,754087522592596,754087556275096
562.99585,308.64105,571.1364,327.23624,754087556382492,754087586760878
549.0101,320.42874,562.99585,327.23624,754087586921867,754087617233482
593.04645,317.8903,571.1364,320.42874,754087617395825,754087649746242
587.28625,286.95755,571.1364,320.42874,754087649928117,754087681456555
581.68414,274.44974,581.68414,317.8903,754087681598638,754087712333221
576.0907,292.81964,576.0907,292.81964,754087712490252,754087743848430
605.06885,252.81699,581.68414,292.81964,754087744149680,754087785262596
615.68414,278.30954,581.68414,292.81964,754087785343534,754087819355877
657.4374,258.26743,605.06885,278.30954,754087819513586,754087851691502
648.4835,293.01343,615.68414,292.81964,754087851891346,754087882488950
631.5115,280.28598,631.5115,280.28598,754087882594054,754087914863169
646.05524,291.42316,631.5115,291.42316,754087915042336,754087947054732
663.2933,293.19934,631.5115,291.42316,754087947249992,754087977060148
652.33417,296.42477,646.05524,291.42316,754087977250825,754088010962596
628.36523,284.80594,631.5115,291.42316,754088011138794,754088041921554
648.2299,259.27075,646.05524,291.42316,754088042063638,754088074641398
656.526,253.21971,646.05524,284.80594,754088074812700,754088105548273
652.5313,249.93053,648.2299,259.27075,754088105625877,754088137939888
652.7784,263.93124,652.5313,263.93124,754088138049211,754088168959471
630.89075,280.08096,648.2299,263.93124,754088169046086,754088215377909
632.1881,280.88702,648.2299,263.93124,754088215495304,754088250416815
626.9498,267.7831,632.1881,267.7831,754088250505044,754088282927023
621.9954,272.78262,632.1881,267.7831,754088283036763,754088314049106
626.2627,255.63593,626.9498,267.7831,754088314163273,754088349607961
633.58966,269.58853,632.1881,267.7831,754088349724523,754088382477336
641.8561,258.73367,632.1881,267.7831,754088382611554,754088410980304
656.12213,272.39792,633.58966,267.7831,754088411166190,754088442138586
661.57544,260.76544,641.8561,267.7831,754088442318742,754088477506450
675.4909,263.85632,656.12213,267.7831,754088477663481,754088509829679
652.2202,261.44534,652.2202,263.85632,754088509928377,754088544684263
701.5675,258.40964,656.12213,263.85632,754088544864888,754088578949575
639.89935,279.62756,652.2202,263.85632,754088579054835,754088609778169
638.03613,276.61163,652.2202,263.85632,754088609951919,754088645402283
690.86206,217.76035,652.2202,263.85632,754088645611085,754088678799835
640.9734,273.30002,652.2202,263.85632,754088678966606,754088712762700
695.38776,279.30734,652.2202,263.85632,754088713619783,754088749774315
667.17365,254.64284,652.2202,263.85632,754088749880825,754088782636137
671.50287,242.24559,667.17365,263.85632,754088782819627,754088816475877
702.0297,221.64006,667.17365,254.64284,754088816631137,754088849031867
706.92474,199.67938,671.50287,242.24559,754088849201658,754088882825825
716.74054,196.31978,702.0297,221.64006,754088883818950,754088915028221
690.745,241.47789,690.745,241.47789,754088915208742,754088947082283
720.05743,226.114,702.0297,226.114,754088947238585,754088982058898
701.5921,223.7428,701.5921,226.114,754088982229210,754089015059523
688.02216,220.95544,701.5921,226.114,754089015238377,754089049116242
692.1172,249.25562,701.5921,226.114,754089049321137,754089081288169
714.90027,261.7819,701.5921,226.114,754089081472544,754089115490669
719.07697,241.98842,701.5921,241.98842,754089115666085,754089149148898
744.2528,231.30644,714.90027,231.30644,754089149271606,754089184417960
718.99963,247.73012,718.99963,241.98842,754089184534419,754089216263169
745.2474,244.3157,718.99963,241.98842,754089216478273,754089247992856
735.78577,225.7174,718.99963,241.98842,754089248244210,754089279868533
718.8492,248.12985,718.99963,241.98842,754089280071971,754089313843689
716.83716,237.9464,718.99963,241.98842,754089314040252,754089346979210
732.7567,244.26195,718.99963,241.98842,754089347134887,754089381902335
714.9674,269.04718,718.99963,241.98842,754089382016398,754089415147491
753.5779,219.51123,718.99963,241.98842,754089415336137,754089451683637
703.4684,216.09735,718.99963,241.98842,754089451792231,754089481526606
689.5532,249.7168,718.99963,241.98842,754089481631398,754089513191814
703.683,237.61443,703.683,241.98842,754089513376762,754089546577960
731.8451,249.53178,718.99963,241.98842,754089546768846,754089577996866
728.2979,234.69981,718.99963,241.98842,754089578104523,754089620535252
708.81354,226.96985,718.99963,241.98842,754089620649991,754089653166450
760.0735,241.45354,718.99963,241.45354,754089653360148,754089685263689
758.7904,251.49309,718.99963,241.98842,754089685375356,754089717429939
744.41614,250.84866,744.41614,241.98842,754089717538741,754089747275929
785.27014,272.67593,744.41614,250.84866,754089747473168,754089778221189
766.2092,215.8912,744.41614,241.98842,754089778411762,754089809350564
763.0737,234.01297,763.0737,241.98842,754089809490720,754089842653845
724.32983,229.5352,744.41614,234.01297,754089842833689,754089874888689
752.6419,243.64728,752.6419,241.98842,754089875063168,754089909563012
716.44507,255.5207,744.41614,241.98842,754089909724627,754089943989262
742.35895,254.65225,744.41614,243.64728,754089944150304,754089979107908
736.38184,226.68619,742.35895,241.98842,754089979294783,754090010618533
774.3534,231.25284,744.41614,241.98842,754090010804627,754090043290200
743.53516,256.68353,743.53516,241.98842,754090043394210,754090090699991
769.1443,242.38727,744.41614,241.98842,754090090802127,754090123441085
770.2712,261.4516,744.41614,242.38727,754090123539002,754090154230616
769.7558,195.79565,769.1443,241.98842,754090155164731,754090184696241
753.32306,221.03406,753.32306,241.98842,754090185716970,754090221634939
793.7326,244.71275,769.1443,241.98842,754090221727908,754090255920512
797.8569,236.41293,769.1443,241.98842,754090256160877,754090288058064
779.4284,236.74934,779.4284,241.98842,754090288231449,754090321291449
774.08795,269.21802,774.08795,241.98842,754090321455356,754090353915356
818.2953,263.53146,779.4284,241.98842,754090354115095,754090383516866
790.9705,240.33244,779.4284,241.98842,754090383613116,754090417067439
789.513,265.04156,789.513,241.98842,754090417169991,754090449196293
811.2721,251.58076,789.513,241.98842,754090449302595,754090479703481
793.3145,278.74265,789.513,251.58076,754090479866397,754090512132074
796.9137,273.71576,793.3145,251.58076,754090512321866,754090546053637
833.66516,297.47177,793.3145,273.71576,754090546252699,754090579559835
823.5861,280.62442,796.9137,273.71576,754090580936137,754090613811085
837.3657,268.388,823.5861,273.71576,754090613909522,754090648852699
807.64026,276.61038,807.64026,273.71576,754090648959574,754090708368012
797.3408,288.43945,807.64026,273.71576,754090708484939,754090740655980
800.2009,282.87012,807.64026,276.61038,754090740847699,754090776798012
803.15094,296.89392,803.15094,282.87012,754090776903533,754090810281553
841.335,256.0647,807.64026,276.61038,754090810449366,754090843632022
812.4229,291.61542,807.64026,282.87012,754090843751137,754090875405095
775.3641,293.51724,807.64026,282.87012,754090875594053,754090909448064
814.8728,306.89853,807.64026,291.61542,754090909616137,754090940525355
808.3294,320.9316,807.64026,293.51724,754090940613741,754090971735668
816.4149,300.9106,808.3294,300.9106,754090973549105,754091005790095
792.71075,300.2503,807.64026,300.2503,754091005906032,754091053359366
800.449,287.6876,807.64026,300.2503,754091053460147,754091083783480
808.2458,304.04962,807.64026,300.2503,754091083969887,754091114468324
848.45734,295.81183,807.64026,300.2503,754091114575564,754091146252022
827.73364,303.5526,808.2458,300.2503,754091146361501,754091182861293
850.6664,297.06665,827.73364,300.2503,754091183019105,754091214344053
818.4097,314.13348,818.4097,300.2503,754091214437751,754091247077178
814.6155,332.3367,818.4097,300.2503,754091247189157,754091280873116
806.4533,338.13293,818.4097,314.13348,754091280975095,754091314842699
830.1552,308.60928,818.4097,308.60928,754091315337907,754091345999730
833.01544,294.6272,818.4097,308.60928,754091346109887,754091377537439
832.6431,328.85297,830.1552,308.60928,754091377678220,754091413295095
827.18054,318.66934,827.18054,308.60928,754091413402439,754091447735928
828.175,316.19565,828.175,316.19565,754091449239314,754091507094522
833.0697,326.7504,828.175,316.19565,754091507213741,754091542249157
843.6114,317.1451,828.175,316.19565,754091542347751,754091580752022
832.31915,341.6651,832.31915,317.1451,754091580845511,754091612950407
832.63116,346.29477,832.31915,317.1451,754091613072230,754091642066866
823.9309,347.01492,832.31915,341.6651,754091642199730,754091673743063
825.0961,341.88715,832.31915,341.88715,754091673845459,754091708980980
835.84094,350.44757,832.31915,341.88715,754091709169209,754091742609313
853.58203,356.2682,832.31915,341.88715,754091742739418,754091774368063
861.80347,299.22787,835.84094,341.88715,754091774552178,754091807857647
864.7732,317.15378,853.58203,341.88715,754091808142855,754091841014626
847.7213,342.3405,847.7213,341.88715,754091841188480,754091873942907
849.5073,345.45206,849.5073,341.88715,754091874151084,754091906163793
849.61035,333.8703,849.5073,341.88715,754091906327126,754091936981397
863.6162,341.1113,849.5073,341.88715,754091937124053,754091969047907
864.9909,382.42825,849.61035,341.88715,754091969949418,754092003476084
856.3496,361.052,856.3496,341.88715,754092004099990,754092038995095
870.1386,376.03735,856.3496,361.052,754092039088480,754092074998792
855.02423,383.86963,856.3496,361.052,754092075170615,754092107414574
863.8182,365.99826,856.3496,365.99826,754092107517595,754092142972959
866.8873,393.02255,856.3496,365.99826,754092143085824,754092175583532
859.09283,392.70444,859.09283,365.99826,754092176091240,754092210958063
871.17883,410.34888,859.09283,392.70444,754092211068636,754092243574053
873.6534,360.1654,859.09283,365.99826,754092243672647,754092277462438
864.7305,394.62192,864.7305,392.70444,754092277582282,754092311017230
860.6002,366.84976,860.6002,366.84976,754092311123376,754092343957959
870.86066,372.76733,864.7305,372.76733,754092344089209,754092376981240
858.88416,409.46286,860.6002,372.76733,754092377083219,754092411642126
861.52673,394.1794,861.52673,372.76733,754092411758532,754092442732542
866.13165,407.5855,861.52673,394.1794,754092442837178,754092476993636
881.5732,412.2566,861.52673,394.1794,754092477129938,754092513884938
874.0095,410.35422,866.13165,407.5855,754092514696292,754092548983896
856.77203,434.20746,861.52673,410.35422,754092549154626,754092579878219
867.5055,418.8592,866.13165,410.35422,754092580081865,754092610406449
869.6404,390.62723,866.13165,410.35422,754092610521188,754092640091240
884.20746,424.64172,867.5055,410.35422,754092640289105,754092673832334
876.6533,444.97894,869.6404,410.35422,754092674758480,754092705696240
897.90674,442.5233,876.6533,424.64172,754092705881501,754092738607490
898.49896,486.80435,876.6533,442.5233,754092738791292,754092773350667
912.89325,458.94666,897.90674,442.5233,754092773523063,754092826093323
894.82935,461.98242,894.82935,458.94666,754092826196813,754092859627126
894.6025,454.2237,894.82935,454.2237,754092861198219,754092891673740
888.7064,460.3502,894.82935,458.94666,754092892063323,754092924201188
896.96625,459.4706,894.82935,458.94666,754092925331657,754092955732334
896.24756,482.25992,894.82935,459.4706,754092964023271,754092998461240
873.8805,483.55234,894.82935,459.4706,754092998561084,754093029752803
892.0686,470.801,894.82935,470.801,754093030232750,754093063653480
881.114,500.43134,892.0686,470.801,754093063801292,754093096967803
888.4834,496.88947,892.0686,470.801,754093097137959,754093129016865
874.9222,526.3995,888.4834,496.88947,754093130102802,754093188204834
875.46155,529.92017,888.4834,496.88947,754093188303740,754093220581709
897.86804,513.87396,888.4834,513.87396,754093220695771,754093252896188
899.6687,508.7107,888.4834,508.7107,754093253092386,754093286716813
883.48157,518.2553,888.4834,513.87396,754093286878323,754093324243115
890.9816,516.37195,888.4834,513.87396,754093324392334,754093355765094
898.9366,568.54095,888.4834,516.37195,754093355842959,754093387187386
881.6762,560.2321,888.4834,516.37195,754093387322907,754093417599834
892.8132,558.9925,888.4834,558.9925,754093417773532,754093448174990
906.4878,601.906,888.4834,558.9925,754093448357334,754093484070563
925.23706,583.23883,892.8132,558.9925,754093485245563,754093521731552
920.23486,594.3971,906.4878,583.23883,754093521816917,754093555931813
910.08984,561.3706,910.08984,561.3706,754093556201917,754093592342542
915.0691,570.7432,910.08984,570.7432,754093592750979,754093651270094
917.66693,556.8524,910.08984,561.3706,754093651373844,754093682813063
942.2609,559.3504,915.0691,561.3706,754093682932750,754093714363844
937.22406,597.238,917.66693,561.3706,754093724056344,754093758963427
959.9176,640.2005,937.22406,561.3706,754093759058531,754093793362177
977.6868,614.7459,937.22406,597.238,754093794186604,754093829279781
984.9412,604.80005,959.9176,604.80005,754093830651969,754093860391708
984.7888,636.7424,977.6868,604.80005,754093860529833,754093891717177
975.01654,666.09106,975.01654,604.80005,754093893590354,754093925299052
956.8274,688.3663,975.01654,636.7424,754093926606917,754093967705406
960.9567,672.55444,975.01654,666.09106,754093967795563,754094007187802
950.6269,698.20264,960.9567,672.55444,754094007299052,754094045872490
936.2329,709.68854,960.9567,672.55444,754094047460719,754094087370042
921.7907,684.2283,950.6269,684.2283,754094087489573,754094118874260
926.07385,709.63983,936.2329,684.2283,754094119054313,754094151497750
937.47705,711.2805,937.47705,684.2283,754094151660615,754094185061708
936.37036,725.2963,936.37036,709.63983,754094185289990,754094220539781
970.2759,741.6287,937.47705,711.2805,754094221070094,754094251688844
957.1911,731.83405,937.47705,725.2963,754094251829521,754094285341969
980.69293,807.9015,957.1911,731.83405,754094285435354,754094318384104
961.6717,758.14294,957.1911,731.83405,754094318473375,754094351030198
951.2606,730.30206,957.1911,731.83405,754094351208844,754094383164208
965.35187,744.7689,957.1911,731.83405,754094383316917,754094414167333
961.84644,749.91815,957.1911,731.83405,754094414361500,754094453292073
966.92664,785.78845,961.84644,744.7689,754094453375719,754094491857177
972.2778,765.93945,961.84644,749.91815,754094492113896,754094523199573
943.15784,804.3033,961.84644,765.93945,754094525124781,754094560056917
940.0083,874.1391,961.84644,765.93945,754094560864729,754094593488948
920.8874,868.0104,943.15784,804.3033,754094594836604,754094626161969
920.64825,904.8759,940.0083,868.0104,754094626937437,754094658139000
955.53357,916.77423,943.15784,868.0104,754094658929781,754094689499729
923.4942,918.72754,940.0083,904.8759,754094694599521,754094730591135
928.9584,909.47015,940.0083,909.47015,754094731377854,754094762379156
937.9705,943.0901,937.9705,909.47015,754094762808010,754094794735198
940.0311,963.3687,940.0083,909.47015,754094795565458,754094826774989
933.91,928.60944,937.9705,928.60944,754094826859833,754094857779573
935.67096,934.9942,937.9705,928.60944,754094861743375,754094892101500
1002.11224,1041.8063,937.9705,928.60944,754094893315406,754094923819104
1008.8977,1350.0288,937.9705,934.9942,754094925764468,754094962069885
861.80255,1295.9692,937.9705,1041.8063,754094962155198,754094995520406
965.56476,1294.0116,937.9705,1294.0116,754094996172646,754095025581135
1043.2177,1460.7734,937.9705,1294.0116,754095026378427,754095057771291
986.2749,1168.6605,965.56476,1294.0116,754095092227333,754095134822541
982.91815,1101.1046,982.91815,1294.0116,754095135960406,754095170795250
992.7967,993.3073,982.91815,1168.6605,754095170873323,754095216987073
972.734,1039.6094,982.91815,1101.1046,754095217081343,754095247910875
976.06616,1041.0328,982.91815,1041.0328,754095248154625,754095279789052
981.25134,1041.0403,981.25134,1041.0403,754095279985041,754095314115822
971.0462,1035.3796,981.25134,1041.0328,754095314217958,754095344897697
998.9383,1015.61365,981.25134,1041.0328,754095345081708,754095377841708
978.0462,1092.9044,981.25134,1041.0328,754095378022854,754095417441291
976.77966,1074.1847,981.25134,1041.0328,754095417600718,754095450007281
976.8528,1085.9948,978.0462,1074.1847,754095450170770,754095483746031
963.8215,1147.297,976.8528,1074.1847,754095483850093,754095519956968
952.7864,1199.5392,976.8528,1085.9948,754095520086708,754095553074624
958.0063,1138.1857,963.8215,1138.1857,754095553176656,754095585708635
976.45013,1137.3789,976.45013,1137.3789,754095585786083,754095615529416
964.5397,1133.2457,964.5397,1137.3789,754095615699729,754095647888270
949.6904,1189.2661,964.5397,1137.3789,754095648150874,754095679382124
940.1462,1174.6277,964.5397,1137.3789,754095679531916,754095711359781
960.3658,1193.6359,960.3658,1174.6277,754095711537177,754095744538479
961.1431,1234.9847,961.1431,1174.6277,754095744720301,754095778430979
960.9495,1287.5298,960.9495,1193.6359,754095778585822,754095811445458
959.86993,1299.0461,960.9495,1234.9847,754095811638947,754095841885249
968.2844,1237.1091,960.9495,1237.1091,754095842015926,754095879853583
932.7859,1260.101,960.9495,1237.1091,754095880075406,754095916733270
952.0914,1236.9739,960.9495,1237.1091,754095916886656,754095954929676
982.27167,1262.2391,960.9495,1237.1091,754095955438687,754095989755197
991.9092,1254.6772,960.9495,1237.1091,754095989939728,754096023531187
989.43353,1328.7289,982.27167,1254.6772,754096023703426,754096055893739
998.7694,1348.1306,989.43353,1254.6772,754096056150458,754096087177801
981.50836,1326.5939,982.27167,1326.5939,754096087348739,754096124345041
995.74493,1285.0443,989.43353,1285.0443,754096124544833,754096155855301
984.25793,1303.918,984.25793,1303.918,754096155970666,754096185638322
991.86426,1360.2117,989.43353,1303.918,754096186014364,754096218066916
985.6495,1335.5046,985.6495,1303.918,754096218499312,754096249419728
990.32227,1363.5804,989.43353,1335.5046,754096249523583,754096282399989
974.07996,1384.5575,985.6495,1335.5046,754096282517280,754096315072437
1009.0051,1330.8007,989.43353,1335.5046,754096315176395,754096346076499
989.09955,1371.2484,989.09955,1335.5046,754096346192333,754096386837072
972.43384,1413.4199,989.09955,1335.5046,754096387689051,754096419974780
977.87085,1397.2504,989.09955,1371.2484,754096420170353,754096450774520
994.99005,1422.3715,989.09955,1397.2504,754096450892801,754096482621864
978.08386,1454.2898,989.09955,1397.2504,754096482733478,754096512377489
974.3834,1401.769,989.09955,1401.769,754096512566135,754096543924937
978.0522,1412.1017,978.08386,1401.769,754096544140770,754096575290041
977.31976,1458.4543,978.0522,1401.769,754096575474989,754096607460301
965.38605,1448.1663,978.0522,1412.1017,754096608601864,754096640435197
979.40533,1436.1578,978.0522,1436.1578,754096640607489,754096675346864
985.7032,1491.6471,978.0522,1436.1578,754096675539832,754096705500249
978.9159,1463.5714,978.9159,1436.1578,754096705658218,754096740160093
976.1486,1464.5022,978.0522,1463.5714,754096740309259,754096775636291
984.0643,1464.2604,978.9159,1463.5714,754096775742176,754096810346291
991.5052,1511.0383,978.9159,1464.2604,754096810530666,754096844635457
982.7684,1554.1327,982.7684,1464.2604,754096844757020,754096881776291
963.4958,1523.1426,978.9159,1511.0383,754096881898739,754096912258947
966.91455,1591.7307,978.9159,1523.1426,754096912429624,754096943253166
980.6781,1657.65,978.9159,1523.1426,754096944327124,754096975769676
992.53015,1648.9456,978.9159,1591.7307,754096975945561,754097009008114
993.4633,1638.5795,980.6781,1638.5795,754097009181916,754097041573530
977.21716,1660.8713,978.9159,1638.5795,754097041718686,754097075612228
971.4733,1653.226,978.9159,1638.5795,754097075782020,754097111024468
960.5112,1634.5819,977.21716,1638.5795,754097111208166,754097143786134
961.3789,1623.8649,971.4733,1638.5795,754097143974259,754097179086551
964.5121,1656.9955,964.5121,1638.5795,754097179823738,754097214046759
935.1851,1797.1448,964.5121,1638.5795,754097214144520,754097251225509
694.8483,1476.9675,964.5121,1638.5795,754097251465822,754097282442801
593.48926,1575.9958,935.1851,1638.5795,754097283570197,754097314105509
700.7735,1612.021,700.7735,1612.021,754097314213582,754097356190978
881.9132,1736.5591,881.9132,1638.5795,754097356300874,754097392893738
996.5413,1732.1266,881.9132,1638.5795,754097393001238,754097430185509
1021.3478,1617.7041,881.9132,1638.5795,754097430284520,754097462682280
992.3875,1628.0854,992.3875,1638.5795,754097464840093,754097499215040
993.16943,1625.9183,992.3875,1628.0854,754097500384467,754097536642280
980.9855,1654.525,992.3875,1638.5795,754097536759520,754097568457332
1001.4969,1627.5294,992.3875,1628.0854,754097569821082,754097603025613
967.75165,1673.9989,992.3875,1638.5795,754097603098217,754097636395665
970.63654,1680.9384,992.3875,1638.5795,754097636595665,754097669678582
985.8957,1682.2432,985.8957,1673.9989,754097670937332,754097707350301
950.00244,1715.0833,985.8957,1680.9384,754097707446967,754097739150301
949.8021,1719.7129,985.8957,1682.2432,754097739242644,754097771072540
938.68286,1739.9086,950.00244,1715.0833,754097771170665,754097805968426
947.6562,1743.3212,949.8021,1719.7129,754097806083165,754097840171811
929.8441,1768.3773,947.6562,1739.9086,754097840274259,754097873225197
932.4607,1773.2555,947.6562,1743.3212,754097873330197,754097904739728
905.73975,1778.6598,932.4607,1768.3773,754097904892749,754097939082801
922.8509,1783.9331,932.4607,1773.2555,754097939245249,754097973515874
891.6061,1784.6599,922.8509,1778.6598,754097973678165,754098010173321
914.3683,1776.6393,922.8509,1776.6393,754098010260249,754098042676499
897.0268,1782.4727,914.3683,1778.6598,754098042832801,754098073320769
927.48505,1791.4595,922.8509,1778.6598,754098073458530,754098106923269
904.4606,1794.2975,914.3683,1782.4727,754098107107749,754098139099728
903.41846,1801.3086,914.3683,1791.4595,754098139208790,754098169570405
927.37366,1795.9208,914.3683,1794.2975,754098171030561,754098202531394
899.8697,1804.3447,914.3683,1795.9208,754098202618738,754098236189415
912.9163,1807.2898,914.3683,1795.9208,754098236297176,754098277673478
936.9926,1803.8824,914.3683,1803.8824,754098277785092,754098309248269
914.1508,1813.8304,914.3683,1803.8824,754098309353738,754098341540248
941.6574,1784.0927,914.3683,1803.8824,754098341722176,754098375641082
943.6754,1812.607,914.3683,1803.8824,754098375719832,754098411187748
925.9616,1816.3533,925.9616,1803.8824,754098411273582,754098444808425
920.42883,1846.3003,920.42883,1812.607,754098444928321,754098477230405
901.05597,1849.5223,920.42883,1816.3533,754098477313790,754098510567071
872.5584,1866.0557,920.42883,1846.3003,754098510667019,754098544492957
904.8015,1858.8612,904.8015,1849.5223,754098544589675,754098578090769
879.00183,1859.5544,904.8015,1858.8612,754098578175196,754098622707227
899.24634,1861.0083,904.8015,1858.8612,754098623698217,754098658123009
894.0602,1871.202,899.24634,1859.5544,754098658337280,754098695724623
853.4166,1881.8258,899.24634,1861.0083,754098695811446,754098727772488
880.66986,1849.4896,894.0602,1859.5544,754098727863425,754098787967800
877.7099,1868.5938,880.66986,1861.0083,754098788079467,754098819981550
793.1294,1925.523,880.66986,1861.0083,754098820200092,754098851275509
746.3176,1917.5183,877.7099,1868.5938,754098851462592,754098884343894
727.2711,1947.6313,793.1294,1917.5183,754098884498894,754098916969467
728.3633,1929.3116,746.3176,1917.5183,754098917105873,754098946392592
711.005,1929.0892,728.3633,1929.0892,754098946572227,754098978181134
713.09424,1945.2739,728.3633,1929.0892,754098978279259,754099010829571
709.054,1949.1036,713.09424,1929.0892,754099011213113,754099046343738
731.65845,1944.0647,728.3633,1944.0647,754099046541186,754099079826029
749.39276,1946.6349,728.3633,1944.0647,754099079998061,754099114216029
734.3566,1936.6324,731.65845,1944.0647,754099114409675,754099146560509
829.7114,1894.0778,734.3566,1944.0647,754099146762019,754099177567696
860.4576,1868.2975,734.3566,1936.6324,754099177694363,754099209385092
901.45593,1854.1489,829.7114,1894.0778,754099209485561,754099240513790
911.1719,1842.5156,860.4576,1868.2975,754099240684571,754099276089519
904.247,1844.537,901.45593,1854.1489,754099276175873,754099310216602
908.4919,1850.303,904.247,1850.303,754099310317279,754099343860977
866.93896,1872.2645,901.45593,1854.1489,754099343979415,754099379374831
861.63464,1879.5793,901.45593,1854.1489,754099379536394,754099413105977
879.485,1871.697,879.485,1871.697,754099413277904,754099446497696
848.02985,1875.7913,879.485,1871.697,754099446691602,754099478468060
895.3526,1874.9487,879.485,1871.697,754099478660248,754099513839415
892.61505,1880.988,879.485,1874.9487,754099514034935,754099546999102
825.59796,1872.8591,879.485,1872.8591,754099548675821,754099578218060
871.27765,1878.7848,879.485,1874.9487,754099578362956,754099609642644
868.4669,1892.8552,871.27765,1874.9487,754099610058790,754099641261133
857.1374,1887.6729,871.27765,1878.7848,754099641354623,754099674158737
898.05585,1855.0912,871.27765,1874.9487,754099674241498,754099709111394
890.68365,1873.295,871.27765,1874.9487,754099710003946,754099744493685
824.4063,1868.2808,871.27765,1873.295,754099746940196,754099777599987
839.31085,1886.5331,871.27765,1874.9487,754099777785196,754099809668165
841.5427,1882.5503,841.5427,1874.9487,754099809832019,754099840822331
833.59894,1878.3617,841.5427,1878.3617,754099840919727,754099875620404
813.5931,1882.249,841.5427,1878.3617,754099875869571,754099908953946
832.2354,1871.5381,833.59894,1878.3617,754099909053946,754099948422904
813.6173,1885.2877,832.2354,1878.3617,754099948612956,754099981891550
841.1927,1869.6716,833.59894,1878.3617,754099981988998,754100014780977
814.9742,1894.5768,832.2354,1878.3617,754100014954414,754100048400196
787.5311,1902.5714,832.2354,1878.3617,754100048592696,754100080423581
811.4922,1886.0859,814.9742,1886.0859,754100080592175,754100111715977
831.26886,1884.7288,831.26886,1884.7288,754100111887123,754100148870091
819.6779,1891.644,819.6779,1886.0859,754100149044362,754100187148425
878.52716,1872.2145,831.26886,1884.7288,754100187241758,754100218086133
815.53955,1887.296,819.6779,1886.0859,754100218207123,754100254330039
798.5534,1902.8256,819.6779,1886.0859,754100254433112,754100290190144
813.60693,1891.9369,815.53955,1887.296,754100290303894,754100322678269
810.2412,1910.021,813.60693,1891.9369,754100322766550,754100352509154
803.7753,1927.9952,813.60693,1891.9369,754100352656550,754100382994987
810.79364,1920.8789,810.79364,1910.021,754100383197279,754100419102852
793.77563,1930.8273,810.79364,1920.8789,754100419212123,754100454484466
799.7583,1919.5573,810.79364,1919.5573,754100454666393,754100486602643
808.31744,1918.4784,808.31744,1919.5573,754100486800508,754100519183841
812.3543,1908.6649,810.79364,1919.5573,754100519347539,754100553546602
810.95886,1925.2482,810.79364,1919.5573,754100554681914,754100586721862
803.48645,1905.4795,810.79364,1919.5573,754100586905873,754100617795977
846.12634,1904.9265,810.79364,1919.5573,754100617980560,754100651089414
818.17194,1913.7739,810.79364,1913.7739,754100651273685,754100686720352
831.314,1895.5981,818.17194,1913.7739,754100686822748,754100718358789
798.1951,1907.5192,810.79364,1913.7739,754100718473320,754100751418998
799.07983,1913.9308,810.79364,1913.7739,754100751612643,754100781728529
791.6397,1906.1049,799.07983,1913.7739,754100781938008,754100813918737
797.1326,1894.7546,799.07983,1913.7739,754100814071550,754100846418945
807.1391,1910.202,799.07983,1910.202,754100846595456,754100877586133
802.23334,1911.8113,799.07983,1911.8113,754100877771862,754100910109622
838.4105,1906.0786,802.23334,1910.202,754100910206029,754100946772227
801.7908,1918.6472,801.7908,1911.8113,754100946960925,754100978004258
862.11584,1900.5256,802.23334,1910.202,754100978160195,754101010537956
791.02057,1918.0917,801.7908,1911.8113,754101010721393,754101042434206
791.4297,1921.3442,801.7908,1911.8113,754101042602018,754101075828997
764.3073,1921.4933,791.4297,1918.0917,754101076000091,754101112467539
814.0371,1906.5175,801.7908,1911.8113,754101112625716,754101146315612
763.45874,1917.647,791.4297,1917.647,754101146478112,754101180165924
787.5471,1931.9409,791.4297,1917.647,754101180266133,754101211066393
768.95776,1926.1233,787.5471,1917.647,754101211265664,754101240674518
818.79785,1913.9227,791.4297,1917.647,754101240839987,754101272961445
769.0186,1934.0271,787.5471,1917.647,754101273116758,754101306781966
798.8233,1922.817,791.4297,1917.647,754101306936654,754101337666706
797.21857,1918.9661,791.4297,1918.9661,754101337754674,754101373368164
822.2859,1914.434,797.21857,1917.647,754101373456185,754101406580716
830.1947,1920.2799,797.21857,1918.9661,754101406761758,754101440822956
805.1575,1913.9106,805.1575,1917.647,754101440987591,754101473345091
841.1112,1911.9108,805.1575,1917.647,754101473540872,754101515693737
810.68896,1904.3674,805.1575,1913.9106,754101515868268,754101545535872
789.00104,1918.8577,805.1575,1917.647,754101545655872,754101575378268
799.37366,1911.8702,805.1575,1913.9106,754101575551966,754101610463737
784.29706,1925.9454,799.37366,1917.647,754101610565299,754101642076862
774.16986,1929.923,799.37366,1917.647,754101642255612,754101674223476
762.1726,1928.353,784.29706,1925.9454,754101674401289,754101706079883
768.2397,1926.2598,774.16986,1926.2598,754101706217435,754101737392747
727.92883,1933.6328,768.2397,1926.2598,754101737653528,754101771433893
744.41614,1929.2292,768.2397,1926.2598,754101771553008,754101802388008
749.9038,1922.6465,749.9038,1926.2598,754101802475091,754101834777695
756.5211,1933.0941,756.5211,1926.2598,754101834892591,754101867425976
727.91156,1951.3662,749.9038,1926.2598,754101867535976,754101899228320
748.0432,1943.0135,749.9038,1933.0941,754101899341289,754101934916237
717.9672,1943.1256,748.0432,1943.0135,754101936514726,754101971006132
729.2497,1928.517,748.0432,1933.0941,754101971100143,754102006996028
693.4729,1922.5598,729.2497,1933.0941,754102007118632,754102039826966
773.1194,1918.4446,748.0432,1928.517,754102039917539,754102071914987
735.7538,1916.0024,735.7538,1922.5598,754102072163789,754102110966028
690.2619,1922.7401,735.7538,1922.7401,754102111069205,754102144132174
750.4375,1921.4208,735.7538,1922.5598,754102144246028,754102174846237
707.4387,1929.5273,735.7538,1922.7401,754102175030091,754102208850455
676.9676,1933.7087,735.7538,1922.7401,754102209033841,754102240978424
701.283,1934.086,707.4387,1929.5273,754102241154987,754102276796289
676.01794,1937.8903,701.283,1933.7087,754102276900247,754102308445716
700.40845,1937.395,701.283,1934.086,754102308595768,754102346049934
686.95044,1939.8838,700.40845,1937.395,754102346175091,754102377263945
677.5932,1941.5486,700.40845,1937.395,754102377442330,754102411908684
685.02386,1928.9451,686.95044,1937.395,754102412141080,754102444443580
682.11584,1955.7911,685.02386,1937.395,754102444570195,754102477472539
688.5158,1952.6604,686.95044,1937.395,754102477578111,754102521139049
695.0115,1955.6908,686.95044,1952.6604,754102521230976,754102552883476
719.5515,1942.3048,688.5158,1942.3048,754102553356445,754102583664778
733.4682,1945.152,695.0115,1945.152,754102583779778,754102614994361
712.8441,1945.3323,712.8441,1945.152,754102615095091,754102648164830
718.08466,1933.8636,712.8441,1945.152,754102648313528,754102679438788
755.31287,1919.3368,712.8441,1945.152,754102679633945,754102741029153
737.2873,1946.1824,718.08466,1945.152,754102741147799,754102776075507
706.825,1946.5736,712.8441,1945.152,754102776183632,754102808431080
730.7107,1939.2386,718.08466,1945.152,754102808541497,754102841730976
706.41626,1932.1049,712.8441,1945.152,754102841903997,754102874170195
721.851,1949.0923,718.08466,1945.152,754102874352747,754102910083372
715.3955,1935.6486,715.3955,1945.152,754102910192643,754102947001028
720.8187,1939.5383,718.08466,1945.152,754102947110976,754102980407070
726.85986,1930.5841,718.08466,1939.5383,754102980597642,754103028524153
734.51306,1919.6216,720.8187,1939.5383,754103028615559,754103070247226
761.6416,1926.6354,726.85986,1930.5841,754103070337851,754103101463528
690.03,1936.4066,720.8187,1936.4066,754103101627278,754103135534049
702.0536,1942.7621,720.8187,1936.4066,754103135695767,754103171619465
733.21844,1923.4364,720.8187,1936.4066,754103171821132,754103203953944
694.76483,1944.0543,720.8187,1936.4066,754103204160090,754103236300559
725.91626,1922.9358,720.8187,1936.4066,754103236493424,754103269439986
680.46014,1938.8568,720.8187,1936.4066,754103269636965,754103303563059
684.58344,1940.9607,720.8187,1936.4066,754103303689622,754103338003319
665.69006,1943.2192,684.58344,1938.8568,754103338155976,754103370128215
689.79596,1943.9388,689.79596,1940.9607,754103370309101,754103405047330
689.33075,1938.9149,689.33075,1938.9149,754103405151809,754103438309101
651.1078,1932.867,689.33075,1938.9149,754103438417590,754103478900507
693.1262,1920.1078,689.33075,1938.9149,754103479032278,754103542239934
727.14636,1913.1392,689.33075,1932.867,754103542350142,754103574036340
666.8339,1927.3053,689.33075,1927.3053,754103574203059,754103609722434
668.8196,1934.1719,689.33075,1932.867,754103609915194,754103641847851
692.4551,1937.5876,689.33075,1932.867,754103642031444,754103673194101
708.6235,1916.1868,689.33075,1932.867,754103673366340,754103707345038
679.7986,1925.6323,689.33075,1932.867,754103707444726,754103739511809
660.0592,1942.4563,689.33075,1932.867,754103739623632,754103771807955
672.4083,1930.3801,679.7986,1932.867,754103771968684,754103805289882
682.5871,1926.9557,682.5871,1932.867,754103805403528,754103838614048
669.011,1937.019,679.7986,1932.867,754103838790975,754103871269048
650.71185,1932.3335,679.7986,1932.867,754103871455923,754103904831080
678.5981,1926.8013,678.5981,1932.867,754103904998007,754103938155767
613.4522,1942.2303,678.5981,1932.867,754103938314569,754103971139621
645.95197,1929.3488,678.5981,1932.867,754103971289153,754104002950715
657.0073,1936.3197,657.0073,1932.867,754104003140871,754104046618111
666.8733,1924.4489,666.8733,1932.867,754104046711288,754104076763319
632.58813,1947.2424,657.0073,1932.867,754104076876965,754104107428215
663.08997,1945.282,663.08997,1932.867,754104107608215,754104142948163
647.6084,1935.8683,657.0073,1935.8683,754104143064100,754104179604725
681.529,1935.2566,663.08997,1935.2566,754104179728736,754104212500507
649.52094,1932.2145,657.0073,1935.2566,754104212635298,754104243387069
619.54724,1941.3717,657.0073,1935.2566,754104243528632,754104275029465
618.7568,1918.3969,649.52094,1935.2566,754104275215038,754104307848684
598.2973,1932.7883,619.54724,1935.2566,754104308058371,754104342510038
624.04456,1929.5372,624.04456,1932.7883,754104342708579,754104374936965
617.38684,1940.1431,619.54724,1935.2566,754104375072538,754104414486600
570.5049,1944.6094,619.54724,1935.2566,754104414638684,754104446257590
601.7648,1948.389,617.38684,1940.1431,754104446358475,754104484809309
628.70074,1910.2743,619.54724,1935.2566,754104484905402,754104521087694
595.94086,1924.8328,617.38684,1935.2566,754104521188423,754104553976184
577.8361,1924.2305,617.38684,1924.8328,754104554177746,754104589189309
581.68475,1911.116,595.94086,1924.8328,754104589389777,754104620495194
559.941,1934.2812,581.68475,1924.8328,754104620610767,754104652296027
542.1178,1922.8425,581.68475,1924.8328,754104652381548,754104682693788
594.3258,1912.7264,581.68475,1924.8328,754104682819777,754104715888892
592.6207,1937.8408,581.68475,1924.8328,754104715990558,754104745598215
717.2241,1741.7275,592.6207,1924.8328,754104745692850,754104777063996
566.4952,1657.8147,581.68475,1924.8328,754104777176288,754104810340767
660.72943,1790.3959,592.6207,1790.3959,754104810513058,754104854825871
690.32605,1896.0623,592.6207,1896.0623,754104854930142,754104888558631
666.91504,1884.2997,660.72943,1884.2997,754104888742850,754104923485298
565.2324,1819.706,592.6207,1884.2997,754104923615819,754104956510715
470.86237,1854.655,592.6207,1884.2997,754104956610819,754104991064777
481.6217,1826.7831,565.2324,1854.655,754104991154517,754105023687433
512.3528,1846.2281,512.3528,1854.655,754105023786548,754105060332902
517.6166,1844.6111,517.6166,1846.2281,754105061210506,754105095308319
509.14417,1860.4016,512.3528,1854.655,754105095999621,754105128868527
477.36725,1809.8207,512.3528,1846.2281,754105129940871,754105163860923
470.21255,1829.0406,509.14417,1846.2281,754105164090246,754105197207433
476.18033,1855.0931,477.36725,1846.2281,754105197361808,754105230799204
467.62796,1857.2349,476.18033,1846.2281,754105230966704,754105265215037
453.5957,1830.4805,476.18033,1846.2281,754105265371808,754105298614673
466.22006,1830.5286,467.62796,1846.2281,754105298770506,754105332997746
412.52875,1856.2114,466.22006,1846.2281,754105333159621,754105367173996
414.08154,1768.7395,466.22006,1846.2281,754105367338058,754105402906756
417.65094,1821.0492,417.65094,1846.2281,754105403072798,754105435004985
417.66373,1873.8066,417.66373,1846.2281,754105435099933,754105470554517
419.68936,1844.4421,417.66373,1846.2281,754105470673319,754105502063527
405.65253,1836.2422,417.66373,1846.2281,754105502162694,754105533961027
449.4409,1860.6776,417.66373,1846.2281,754105534080298,754105568152798
410.59436,1862.6161,417.66373,1846.2281,754105568327589,754105603858579
414.39484,1840.1431,417.66373,1846.2281,754105603965975,754105636793475
384.59885,1844.773,414.39484,1846.2281,754105636957746,754105672610194
371.73718,1849.304,414.39484,1846.2281,754105672765766,754105706560871
385.86884,1843.7504,385.86884,1846.2281,754105706673371,754105738304725
401.03455,1862.2374,401.03455,1846.2281,754105738411235,754105771951444
387.3176,1831.547,387.3176,1846.2281,754105772092121,754105804710766
429.54135,1796.0322,401.03455,1846.2281,754105804877225,754105837942954
398.0215,1851.2043,398.0215,1846.2281,754105838052016,754105872506443
368.48877,1837.1484,398.0215,1846.2281,754105872680246,754105912921756
394.3366,1826.5383,398.0215,1846.2281,754105913028214,754105950308683
369.8946,1830.2617,394.3366,1837.1484,754105950400662,754105980442693
368.86557,1823.4397,394.3366,1830.2617,754105980623943,754106010323683
385.92346,1794.9236,385.92346,1830.2617,754106010533162,754106043975662
384.4716,1845.3967,385.92346,1830.2617,754106044241808,754106075837068
377.23532,1800.816,385.92346,1830.2617,754106076112641,754106107317589
371.99942,1805.7915,384.4716,1830.2617,754106107413527,754106139648683
385.14316,1787.623,385.14316,1805.7915,754106139763370,754106174674308
393.70465,1781.9232,385.14316,1805.7915,754106174798162,754106210501652
363.79596,1769.6516,385.14316,1787.623,754106210680870,754106245850141
368.62933,1754.1978,385.14316,1781.9232,754106246034360,754106276707902
370.11276,1785.084,370.11276,1785.084,754106276895037,754106311927329
357.34802,1741.1182,370.11276,1781.9232,754106312170714,754106345967277
367.8042,1791.7952,370.11276,1785.084,754106346152381,754106380851964
363.11856,1773.5504,367.8042,1781.9232,754106381032329,754106415433266
353.90866,1801.4199,367.8042,1785.084,754106415519985,754106448503631
377.0577,1735.3833,367.8042,1781.9232,754106448687224,754106482183266
378.31824,1724.7545,367.8042,1781.9232,754106482354047,754106513202120
363.38763,1704.8273,367.8042,1735.3833,754106513390245,754106545264412
356.72144,1695.359,367.8042,1724.7545,754106545459881,754106577678318
366.47983,1717.1072,366.47983,1717.1072,754106577856704,754106614100141
325.79144,1732.6027,366.47983,1724.7545,754106614199099,754106645263683
346.6034,1650.8507,366.47983,1717.1072,754106645475037,754106676379256
340.14392,1727.9214,346.6034,1724.7545,754106676568006,754106714736287
349.111,1680.5491,349.111,1717.1072,754106714925401,754106746252485
333.22128,1678.2186,346.6034,1717.1072,754106746440766,754106778228266
321.97894,1675.4604,346.6034,1680.5491,754106778330662,754106810287693
341.50122,1598.7556,341.50122,1678.2186,754106810938735,754106845955610
349.21964,1654.5524,346.6034,1675.4604,754106846060037,754106876972641
324.7232,1665.3574,341.50122,1665.3574,754106878044620,754106912799568
330.7696,1649.4789,341.50122,1665.3574,754106913710714,754106943133995
318.38397,1600.6425,330.7696,1665.3574,754106943248578,754106974916651
317.17444,1577.843,330.7696,1649.4789,754106975088943,754107010669776
324.0781,1491.1399,324.0781,1600.6425,754107011003474,754107046495818
303.15955,1488.5138,324.0781,1577.843,754107046688058,754107083673526
320.65872,1514.7281,324.0781,1514.7281,754107083864933,754107120217120
330.33862,1536.384,324.0781,1536.384,754107120326599,754107152733214
338.76666,1512.0939,324.0781,1514.7281,754107152910662,754107183493162
319.27118,1491.6105,324.0781,1514.7281,754107183679151,754107215819880
343.80695,1476.6444,324.0781,1512.0939,754107216115193,754107246191391
283.92627,1406.3529,324.0781,1491.6105,754107246377745,754107281471339
344.4097,1398.2172,324.0781,1476.6444,754107281639360,754107326813735
319.86176,1402.0859,324.0781,1406.3529,754107326908370,754107358186703
287.5216,1387.122,324.0781,1402.0859,754107359142849,754107393624724
298.58044,1366.0272,319.86176,1402.0859,754107393796703,754107427320557
310.22156,1401.7654,310.22156,1401.7654,754107427525557,754107468411755
333.6999,1346.5046,319.86176,1401.7654,754107468562432,754107499380766
299.80405,1340.0355,310.22156,1401.7654,754107532077380,754107571542380
283.5779,1317.6168,310.22156,1346.5046,754107572577380,754107610412901
274.08652,1274.3579,299.80405,1340.0355,754107610573995,754107643382745
295.62183,1249.7617,295.62183,1317.6168,754107643562745,754107676320349
278.7716,1250.429,295.62183,1274.3579,754107676422484,754107708901755
287.05746,1286.6929,295.62183,1286.6929,754107709002849,754107741755141
311.14273,1281.5499,295.62183,1281.5499,754107742400974,754107778154203
288.5125,1245.8969,295.62183,1281.5499,754107778334203,754107814613839
301.71158,1246.8274,295.62183,1281.5499,754107814737276,754107849742745
244.30286,1369.2324,295.62183,1281.5499,754107849864776,754107884747953
439.3338,1362.455,295.62183,1281.5499,754107884895349,754107915628214
422.8814,1106.6442,295.62183,1281.5499,754107915753891,754107944930505
309.04688,1260.2074,309.04688,1281.5499,754107945085609,754107977824776
255.21788,1091.5459,295.62183,1260.2074,754107978010349,754108009952276
306.82068,945.104,306.82068,1260.2074,754108010056911,754108044276234
290.03586,902.567,295.62183,1091.5459,754108044435661,754108075889776
309.01215,835.0877,306.82068,945.104,754108076163786,754108107232484
323.93747,811.27515,306.82068,902.567,754108107321599,754108140751495
311.7348,797.5435,309.01215,835.0877,754108140846078,754108173367953
315.9251,792.89484,311.7348,811.27515,754108173463682,754108205883786
302.68744,789.24945,309.01215,797.5435,754108206120297,754108242336859
287.0327,814.0379,309.01215,811.27515,754108242432849,754108276891495
302.96118,787.3988,302.96118,797.5435,754108276985505,754108309879724
308.87607,787.88776,308.87607,797.5435,754108310037432,754108350217380
287.91248,788.0868,302.96118,788.0868,754108350318370,754108382094932
262.32016,816.86804,302.96118,797.5435,754108382257745,754108413347692
269.3325,790.7223,287.91248,790.7223,754108413533005,754108445525245
269.3251,828.9952,269.3325,797.5435,754108445622953,754108488294255
282.4294,806.84863,282.4294,797.5435,754108488393526,754108526132172
266.47372,789.5559,269.3325,797.5435,754108526313630,754108558234255
270.3118,791.30865,270.3118,797.5435,754108558413317,754108589668370
284.11728,803.14374,270.3118,797.5435,754108589798213,754108624937901
306.5328,781.22955,270.3118,797.5435,754108625129515,754108658237224
333.6578,718.48206,284.11728,797.5435,754108658417536,754108689567224
355.6607,645.59875,306.5328,781.22955,754108689762797,754108722856599
370.91434,678.89465,333.6578,718.48206,754108722965297,754108753263161
401.4161,624.3878,355.6607,678.89465,754108753456651,754108784641442
392.20132,636.249,370.91434,678.89465,754108785494203,754108825940401
331.50778,677.2101,355.6607,677.2101,754108826042484,754108860900036
373.15094,658.4942,370.91434,677.2101,754108861066963,754108892078526
375.87946,644.34314,370.91434,677.2101,754108892219046,754108924251286
369.05865,644.7337,370.91434,658.4942,754108924359671,754108955413838
366.23972,665.7591,370.91434,665.7591,754108955907015,754108985577536
365.44583,628.0161,369.05865,658.4942,754108985779203,754109018151807
396.95914,644.1624,370.91434,658.4942,754109018258213,754109049140713
380.2466,594.8566,370.91434,644.1624,754109049239099,754109081242953
376.0681,646.56165,376.0681,646.56165,754109081354151,754109115622015
381.084,599.933,376.0681,644.1624,754109115735348,754109147510244
361.40134,641.70386,376.0681,644.1624,754109147613369,754109181508473
356.70724,672.956,376.0681,644.1624,754109181619098,754109215454098
195.55374,737.73895,361.40134,644.1624,754109215617276,754109265691390
211.01772,768.02014,356.70724,672.956,754109265788161,754109297849984
227.00508,737.25653,227.00508,737.25653,754109298033838,754109331338994
225.53452,720.3845,227.00508,720.3845,754109331484411,754109364458213
218.96265,743.25354,227.00508,737.25653,754109364669150,754109398313890
213.0146,728.98486,225.53452,728.98486,754109398428161,754109429134359
225.9008,747.8355,225.9008,737.25653,754109429249203,754109461527015
215.04842,731.26294,225.53452,731.26294,754109461712432,754109493658109
222.92496,739.33844,225.53452,737.25653,754109493768786,754109524096130
242.98134,712.16315,225.53452,731.26294,754109524278473,754109554317171
237.0195,709.2987,225.53452,731.26294,754109554504411,754109587470400
276.93655,677.1522,237.0195,712.16315,754109587675869,754109618333682
287.60226,651.3484,237.0195,709.2987,754109618515973,754109649840296
291.36688,648.1634,276.93655,677.1522,754109649964984,754109683654411
293.61554,614.41144,287.60226,651.3484,754109683800296,754109720978577
288.8568,606.734,288.8568,648.1634,754109721115400,754109754847171
275.8465,621.06995,287.60226,621.06995,754109755705504,754109790647952
297.9336,595.8919,288.8568,621.06995,754109790760088,754109820783369
287.3319,625.42944,287.60226,621.06995,754109820894411,754109851871702
269.9584,621.9392,287.60226,621.06995,754109852122744,754109882029723
248.01338,648.3981,287.3319,621.9392,754109882901286,754109914745973
227.80986,642.3187,269.9584,621.9392,754109914847327,754109949558421
219.22272,686.999,248.01338,642.3187,754109949749619,754109985258629
224.1562,672.9751,227.80986,642.3187,754109985387015,754110014868317
225.0658,652.14844,225.0658,652.14844,754110014976754,754110049462171
234.55338,612.9292,227.80986,642.3187,754110049823473,754110084352692
230.60239,621.6564,227.80986,642.3187,754110084534150,754110118048473
220.71654,645.9605,227.80986,642.3187,754110118229463,754110149455504
213.31938,634.20715,227.80986,642.3187,754110149632588,754110198205973
221.63065,641.5556,221.63065,642.3187,754110199144306,754110230189463
197.26404,608.70667,221.63065,641.5556,754110230315036,754110263302900
216.21487,633.81366,221.63065,641.5556,754110263391025,754110294814723
223.54578,602.92285,221.63065,633.81366,754110294924723,754110325248681
220.10983,616.22644,221.63065,633.81366,754110325438004,754110358180140
205.67162,608.5998,221.63065,616.22644,754110358298838,754110388591181
217.80031,602.45856,220.10983,616.22644,754110388789463,754110420859879
192.63527,626.2639,217.80031,616.22644,754110421032952,754110452054202
195.85156,589.96783,217.80031,616.22644,754110452206077,754110483986077
215.8467,586.77136,215.8467,616.22644,754110484288629,754110520293265
211.67255,540.9989,215.8467,589.96783,754110520446910,754110550677640
195.05931,576.87866,215.8467,586.77136,754110550854879,754110589301181
167.16055,583.8498,211.67255,583.8498,754110589484619,754110620610140
196.92937,542.4633,196.92937,583.8498,754110620792796,754110654459410
188.77028,559.90063,196.92937,583.8498,754110654575973,754110692778473
203.15732,496.55353,196.92937,559.90063,754110695133108,754110727616598
187.38373,559.2593,196.92937,559.90063,754110727704150,754110774282640
201.42941,482.55884,196.92937,559.2593,754110774397275,754110809012275
212.8751,447.9002,196.92937,559.2593,754110809112744,754110842894306
181.0506,496.54437,196.92937,496.54437,754110843658994,754110875743004
215.0512,457.52203,196.92937,496.54437,754110875826858,754110907897900
215.10744,482.12323,196.92937,496.54437,754110907987431,754110942067119
202.22762,453.58215,202.22762,482.12323,754110942173212,754110975955764
208.14777,433.5082,202.22762,482.12323,754110976098577,754111010937431
207.29683,455.51672,202.22762,455.51672,754111011030244,754111044646025
207.96057,459.50793,207.29683,459.50793,754111044741285,754111079384619
201.72076,419.7627,202.22762,455.51672,754111079690139,754111114812744
223.68004,426.22897,207.29683,455.51672,754111114964202,754111146722535
211.82364,431.60962,207.29683,431.60962,754111146878681,754111182781441
218.90585,409.30276,211.82364,431.60962,754111182877014,754111215439671
217.51143,385.14612,211.82364,431.60962,754111215936962,754111247026233
208.69806,404.37738,211.82364,409.30276,754111247176337,754111280449098
252.33922,391.6559,211.82364,404.37738,754111280592275,754111318759827
302.48566,365.12784,211.82364,404.37738,754111318927900,754111355574879
304.7378,334.1315,252.33922,391.6559,754111355779046,754111408078108
310.21088,320.8003,302.48566,365.12784,754111408171546,754111445385608
305.3609,335.38565,304.7378,335.38565,754111445553525,754111477554931
327.88138,281.54166,305.3609,335.38565,754111478376337,754111515884827
316.15405,277.09186,305.3609,335.38565,754111516255660,754111549935452
317.56284,256.69952,316.15405,281.54166,754111550047170,754111586480973
340.39563,250.19191,316.15405,277.09186,754111586661129,754111618219150
331.11334,294.8564,317.56284,281.54166,754111618363473,754111661258316
291.90042,288.4577,316.15405,281.54166,754111661375608,754111691364670
294.95178,279.5311,316.15405,281.54166,754111691482118,754111722963837
218.70879,278.03702,294.95178,281.54166,754111723146702,754111752105972
186.52196,249.92863,294.95178,279.5311,754111752242222,754111787824775
198.19171,276.42865,218.70879,278.03702,754111788139983,754111820911962
203.92677,282.28427,203.92677,279.5311,754111821041493,754111852845972
182.44197,293.298,203.92677,279.5311,754111852954462,754111886006910
177.85419,286.80692,203.92677,282.28427,754111886118629,754111920821024
193.94026,271.8614,193.94026,279.5311,754111920974983,754111953687691
177.32683,265.14203,193.94026,279.5311,754111953886910,754111984912066
200.11224,255.29012,193.94026,271.8614,754111985083837,754112021144514
202.04713,259.05658,193.94026,265.14203,754112021284462,754112051097535
179.0896,291.03278,193.94026,271.8614,754112051278941,754112085507691
189.95456,270.81146,193.94026,270.81146,754112085606597,754112119415556
197.86229,259.12405,193.94026,270.81146,754112119600191,754112157843316
189.21022,282.51227,193.94026,270.81146,754112157943889,754112196257326
182.92397,285.0308,193.94026,270.81146,754112196368889,754112226845451
170.94785,250.04803,189.21022,270.81146,754112227008837,754112271134983
200.45197,263.78555,193.94026,270.81146,754112271288941,754112303077014
186.54326,262.2281,189.21022,263.78555,754112303212431,754112339128785
207.94556,252.90309,193.94026,263.78555,754112339233472,754112373327795
193.0212,253.33865,193.0212,262.2281,754112373463576,754112409607795
209.49542,229.49535,193.94026,253.33865,754112409738681,754112442761962
198.86125,242.90082,193.94026,253.33865,754112442925764,754112477711858
203.25656,251.75542,198.86125,251.75542,754112478424149,754112511568576
187.69577,264.6372,193.94026,253.33865,754112511934358,754112545343681
189.10262,260.23294,193.94026,253.33865,754112545517066,754112580534045
199.77893,250.52356,193.94026,253.33865,754112580694045,754112615272274
188.94002,271.39264,193.94026,253.33865,754112615438785,754112647808212
195.83043,275.44684,193.94026,253.33865,754112648061180,754112685538212
191.55426,281.12482,193.94026,271.39264,754112685640399,754112718197066
204.40645,282.56738,193.94026,275.44684,754112718408108,754112751291805
191.74059,263.64282,193.94026,271.39264,754112751457483,754112786473628
220.13683,262.4847,193.94026,271.39264,754112786660607,754112818749357
198.49785,247.1375,193.94026,263.64282,754112818935243,754112850566753
226.9556,237.03093,198.49785,262.4847,754112850747535,754112884134566
227.3146,257.30078,198.49785,257.30078,754112884319462,754112919684462
181.83147,269.71185,198.49785,262.4847,754112919793055,754112956370243
224.94878,245.40994,198.49785,257.30078,754112956479097,754112986304618
232.92068,227.62901,198.49785,257.30078,754112986501493,754113018713628
236.3614,226.62556,224.94878,245.40994,754113018873159,754113052807326
212.10284,218.12822,212.10284,227.62901,754113052999774,754113088665139
208.19293,188.41606,212.10284,226.62556,754113088778368,754113125312743
209.01646,224.96591,212.10284,224.96591,754113125623524,754113156695399
184.45718,198.54051,209.01646,224.96591,754113156814618,754113189441389
210.91313,199.06982,210.91313,224.96591,754113190538316,754113221165607
237.60593,179.67783,210.91313,199.06982,754113221274670,754113251762534
193.30496,221.15189,210.91313,221.15189,754113251959878,754113289013889
250.23314,181.27707,210.91313,199.06982,754113289600347,754113346763680
221.161,201.29509,210.91313,201.29509,754113346880139,754113383645972
197.79611,208.0974,210.91313,201.29509,754113383758628,754113419082639
198.42679,232.22137,210.91313,201.29509,754113419248732,754113449742222
194.93227,227.15387,198.42679,208.0974,754113449936128,754113483017586
217.16777,189.63486,210.91313,201.29509,754113483171493,754113517345607
204.95284,217.67752,204.95284,208.0974,754113517462534,754113550759513
215.88815,225.04718,210.91313,208.0974,754113550873003,754113596201701
195.7733,191.98131,204.95284,208.0974,754113596285920,754113625942586
188.74811,180.04544,204.95284,208.0974,754113626145868,754113657774670
202.99873,183.93169,202.99873,191.98131,754113657929513,754113692610711
216.27003,200.30476,204.95284,200.30476,754113692771857,754113722236284
205.25647,182.04994,204.95284,191.98131,754113722383732,754113753583107
213.09283,187.93831,205.25647,191.98131,754113753701128,754113784303211
215.17671,201.97661,205.25647,191.98131,754113784484513,754113815926076
189.59044,209.72395,205.25647,191.98131,754113816078159,754113849707638
203.29865,221.1575,205.25647,201.97661,754113849882899,754113880283472
222.48468,205.39316,205.25647,205.39316,754113880481649,754113912681805
223.59953,218.75928,205.25647,205.39316,754113912838888,754113945906961
201.30399,223.80484,205.25647,205.39316,754113946033420,754113978262117
215.50063,226.53336,205.25647,218.75928,754113978436545,754114009827690
202.23167,222.51347,205.25647,222.51347,754114009971180,754114056333472
218.54886,207.58939,205.25647,218.75928,754114056849513,754114086564878
220.80287,212.90178,205.25647,218.75928,754114086685815,754114116136909
197.88681,210.57191,205.25647,212.90178,754114117069461,754114148385086
223.78941,194.63332,205.25647,212.90178,754114148523107,754114183141232
204.17108,206.25885,205.25647,210.57191,754114183250451,754114215104305
205.47623,215.34787,205.25647,212.90178,754114215280347,754114250710919
198.3539,238.25227,205.25647,212.90178,754114250918628,754114282674149
219.69269,210.7549,205.25647,212.90178,754114282791909,754114315301596
211.50166,201.39969,205.25647,212.90178,754114315406232,754114347525815
159.02763,561.0128,205.25647,212.90178,754114347641076,754114382214982
402.99115,613.38513,205.25647,212.90178,754114382323003,754114417694305
374.18063,462.0506,205.25647,462.0506,754114417853732,754114451600190
232.99532,284.1316,232.99532,284.1316,754114451706492,754114498876076
254.52538,431.58142,232.99532,431.58142,754114498957378,754114530958003
278.50128,420.3483,232.99532,420.3483,754114531150398,754114573575711
262.71097,327.74356,254.52538,420.3483,754114573674513,754114605182898
262.7058,348.03012,262.7058,420.3483,754114606164721,754114637990034
251.6499,335.14554,254.52538,348.03012,754114638118263,754114672812326
262.4192,330.73285,262.4192,348.03012,754114673820971,754114707155815
287.06696,298.00122,262.4192,335.14554,754114707264617,754114742071961
253.94759,306.09326,262.4192,330.73285,754114742246648,754114781654982
244.11086,300.5432,262.4192,306.09326,754114781792950,754114814511075
244.10881,301.00897,253.94759,306.09326,754114814600034,754114852115555
225.4435,290.0511,244.11086,301.00897,754114852212846,754114888025450
219.909,304.78867,244.10881,304.78867,754114888172794,754114920325867
242.40894,288.26364,242.40894,301.00897,754114920509044,754114957920034
243.88414,298.14578,243.88414,301.00897,754114958105711,754114990232013
264.6311,297.4617,243.88414,298.14578,754114990406075,754115041229930
280.60028,281.7725,243.88414,298.14578,754115041325763,754115077050867
255.68411,346.3119,255.68411,298.14578,754115077231232,754115112108940
255.42163,355.50116,255.42163,298.14578,754115112304565,754115147266440
287.77646,318.53735,255.68411,318.53735,754115147357325,754115182071075
286.7925,301.67007,255.68411,301.67007,754115182185659,754115217717013
284.95078,293.67474,284.95078,301.67007,754115217810242,754115250942482
243.45602,296.8092,255.68411,301.67007,754115251184825,754115288699982
268.68842,282.86615,268.68842,296.8092,754115288882586,754115323737065
288.6318,318.0271,268.68842,301.67007,754115323908940,754115353866023
258.26633,306.2996,268.68842,301.67007,754115354055659,754115386114825
278.00446,310.5188,268.68842,306.2996,754115386296544,754115417799669
287.34637,273.58908,268.68842,301.67007,754115417959929,754115453979304
326.48666,292.50098,278.00446,301.67007,754115454137273,754115490016544
314.85074,299.92072,287.34637,299.92072,754115490193263,754115530842169
287.55145,333.69177,287.55145,301.67007,754115530938211,754115561424773
280.0555,300.7986,287.34637,300.7986,754115561614044,754115594460763
299.7633,345.06406,287.55145,301.67007,754115594654409,754115625642898
294.50906,316.63745,287.55145,301.67007,754115625728211,754115656822533
282.1095,334.51935,287.55145,316.63745,754115656993367,754115687852273
311.34708,324.10553,287.55145,316.63745,754115687984304,754115720831440
288.18085,295.55707,287.55145,316.63745,754115721030815,754115753468627
270.8797,302.96558,287.55145,316.63745,754115753609773,754115784361127
298.18112,308.75116,287.55145,308.75116,754115784531856,754115816410138
286.21048,321.2642,287.55145,316.63745,754115816561283,754115848885033
288.45535,325.42062,287.55145,316.63745,754115848995033,754115881230763
268.49915,348.03336,287.55145,321.2642,754115881325763,754115913893210
287.8135,326.62927,287.55145,325.42062,754115913980502,754115946834565
295.44693,352.02213,287.55145,326.62927,754115946941023,754115978557742
287.8089,354.5953,287.8089,326.62927,754115978671231,754116013823835
290.58005,374.72626,287.8089,352.02213,754116013920710,754116048062533
283.6106,368.91125,287.8089,354.5953,754116048173367,754116080964096
320.20728,369.35684,287.8089,368.91125,754116081048419,754116114796179
306.24194,369.61627,287.8089,368.91125,754116115264460,754116146972846
329.27567,351.31564,306.24194,368.91125,754116147074096,754116187693054
305.96512,388.01605,305.96512,368.91125,754116187859356,754116221118002
337.12048,366.6005,306.24194,368.91125,754116221294721,754116251946544
317.156,388.2622,306.24194,368.91125,754116254491856,754116286426127
310.44455,368.75085,310.44455,368.91125,754116286601283,754116321979460
324.8464,356.40625,310.44455,368.91125,754116322136127,754116351440294
310.59247,386.17242,310.44455,368.91125,754116351599252,754116391314617
328.45062,388.00165,310.59247,368.91125,754116391481752,754116421379044
313.32214,423.8261,310.59247,386.17242,754116421540398,754116465434096
329.3701,427.81662,313.32214,388.00165,754116465576856,754116497270189
321.63577,422.37714,313.32214,422.37714,754116497384408,754116544909981
348.57745,527.0878,321.63577,422.37714,754116545017429,754116577426387
374.21692,493.37213,321.63577,422.37714,754116578314564,754116612322950
388.13123,499.4866,348.57745,493.37213,754116612419773,754116643830294
392.25638,485.88348,374.21692,485.88348,754116643912273,754116679792794
392.03458,505.91144,388.13123,493.37213,754116680271596,754116738453523
364.7476,488.24594,374.21692,488.24594,754116738572481,754116773502846
331.65814,505.1658,374.21692,493.37213,754116773608679,754116804444668
329.51227,493.4908,364.7476,493.37213,754116804579825,754116839758210
339.60727,468.82047,339.60727,493.37213,754116839923575,754116873105918
341.18683,507.26758,341.18683,493.37213,754116873282950,754116907500658
346.41592,491.25366,341.18683,493.37213,754116907668054,754116940189304
362.72928,506.22314,341.18683,493.37213,754116940291804,754116972788210
326.00375,532.99713,341.18683,493.37213,754116972918939,754117009796023
346.91537,545.765,341.18683,506.22314,754117009907220,754117042827168
359.13876,568.4054,341.18683,532.99713,754117042983054,754117073904460
378.25925,531.8334,346.91537,531.8334,754117074096335,754117107068470
347.12512,530.5575,347.12512,531.8334,754117107242273,754117138867325
358.1635,560.4853,347.12512,531.8334,754117138956804,754117167912168
368.64706,576.85315,347.12512,531.8334,754117169135814,754117201539252
372.6195,569.421,358.1635,560.4853,754117202438418,754117233072012
364.63947,587.4712,364.63947,569.421,754117234026127,754117266904877
357.57367,607.4979,358.1635,569.421,754117267438002,754117299761022
378.43262,590.85223,364.63947,587.4712,754117300434564,754117331142064
370.3868,593.02844,364.63947,590.85223,754117334815450,754117370130085
383.772,576.86566,370.3868,587.4712,754117371127012,754117403104304
398.4331,595.4396,370.3868,590.85223,754117403288574,754117436887220
433.09836,558.7501,383.772,587.4712,754117437057533,754117476270293
424.34723,562.1679,398.4331,587.4712,754117476369824,754117512631804
423.8787,541.9545,423.8787,562.1679,754117512780606,754117547142168
398.198,590.8376,398.4331,587.4712,754117547892168,754117578853106
407.15323,629.5082,407.15323,587.4712,754117578991335,754117610800449
408.10782,645.1845,407.15323,590.8376,754117612757324,754117643982168
418.1993,658.234,407.15323,629.5082,754117644125137,754117677506595
420.64047,633.45245,408.10782,633.45245,754117677708418,754117709810866
414.56598,648.0177,414.56598,633.45245,754117709898158,754117745792845
411.23538,684.21655,411.23538,633.45245,754117746020189,754117778505814
424.2474,642.0326,414.56598,642.0326,754117778673470,754117811801856
442.53705,674.70154,414.56598,642.0326,754117811968939,754117843809668
428.51804,704.1694,424.2474,642.0326,754117843908522,754117879482012
426.6876,746.2549,426.6876,674.70154,754117879597116,754117912107272
442.97543,710.3183,426.6876,704.1694,754117912298314,754117947781126
475.20184,740.73145,426.6876,710.3183,754117947878314,754117981468106
505.6362,735.9101,442.97543,710.3183,754117981643001,754118015080397
490.15836,766.3656,475.20184,735.9101,754118015267793,754118050865449
498.84088,792.559,490.15836,735.9101,754118050975189,754118081893158
510.67346,780.7365,490.15836,766.3656,754118082081439,754118117447637
520.7637,793.9135,498.84088,780.7365,754118117636855,754118150700241
486.49976,806.19855,490.15836,780.7365,754118150895345,754118187577376
475.80725,829.67847,490.15836,793.9135,754118187778939,754118219416178
473.4746,829.63617,486.49976,806.19855,754118219653939,754118253405501
461.53052,853.96625,475.80725,829.63617,754118253517689,754118286926282
473.00742,866.59753,473.4746,829.63617,754118287027637,754118323782116
488.082,893.48895,475.80725,853.96625,754118323868314,754118353035814
477.4143,907.53705,475.80725,866.59753,754118353218678,754118405293835
461.47208,902.8435,475.80725,893.48895,754118405391647,754118437901387
460.16235,938.44226,475.80725,902.8435,754118438833418,754118474219980
429.8654,969.75793,461.47208,902.8435,754118474839095,754118507658574
447.8683,965.16425,460.16235,938.44226,754118507746439,754118539599772
453.58194,990.9949,453.58194,965.16425,754118539695345,754118574395501
429.92087,965.5377,453.58194,965.16425,754118574515345,754118610617220
426.50244,991.2373,453.58194,965.5377,754118610792428,754118642379616
449.83575,977.54016,449.83575,965.5377,754118642480657,754118675953262
453.18954,1002.49176,453.18954,977.54016,754118676178522,754118708693886
477.95392,989.3549,453.18954,977.54016,754118708833209,754118741035032
459.9225,1030.723,453.18954,989.3549,754118742000866,754118776795866
449.29208,1039.335,453.18954,989.3549,754118777196491,754118810994199
457.30664,995.113,453.18954,995.113,754118811149824,754118842521230
442.42212,1002.49506,453.18954,995.113,754118842678782,754118876667741
443.66888,972.17145,453.18954,995.113,754118876944511,754118911477532
432.5778,976.3942,443.66888,995.113,754118912309095,754118947624355
461.55258,980.9535,453.18954,980.9535,754118947797949,754118979523574
452.42,1046.2498,452.42,995.113,754118979706438,754119013772532
469.69913,1055.9293,453.18954,995.113,754119013952688,754119051664303
469.3431,1078.801,453.18954,1046.2498,754119051841230,754119084981178
494.1413,1097.7433,469.3431,1055.9293,754119085156074,754119116125605
507.8776,1071.7858,469.3431,1071.7858,754119116312011,754119150304772
502.02817,1055.9745,494.1413,1055.9745,754119150511490,754119184266751
491.06003,1058.2981,491.06003,1058.2981,754119184426386,754119215789459
514.5872,1050.5228,494.1413,1055.9745,754119215956907,754119246578001
506.01764,1123.212,494.1413,1058.2981,754119246734668,754119279453261
505.0679,1132.182,505.0679,1058.2981,754119279629563,754119313457740
512.1324,1081.2765,505.0679,1081.2765,754119313631595,754119359224511
531.97253,1116.299,505.0679,1081.2765,754119359305397,754119390694876
525.9317,1130.7738,512.1324,1081.2765,754119390854147,754119422655345
505.96295,1142.2837,505.96295,1116.299,754119423560240,754119459071334
515.54736,1135.3013,512.1324,1130.7738,754119459248678,754119490315865
492.3384,1163.2653,505.96295,1135.3013,754119490489824,754119525712636
508.16464,1173.3893,508.16464,1135.3013,754119525887480,754119561016126
510.9314,1221.3346,508.16464,1163.2653,754119561222063,754119592193053
536.20856,1198.8024,508.16464,1173.3893,754119592357949,754119624676490
537.8157,1198.5111,510.9314,1198.5111,754119624905917,754119660169980
554.8294,1223.054,536.20856,1198.5111,754119660359094,754119692334876
540.4866,1245.9911,537.8157,1198.5111,754119692528417,754119722792636
563.7922,1194.2725,540.4866,1198.5111,754119722947532,754119756183834
542.1252,1281.7411,540.4866,1198.5111,754119756349303,754119788445240
700.5584,1646.0272,542.1252,1198.5111,754119788557324,754119819647376
658.6865,1301.8182,542.1252,1281.7411,754119819775813,754119853457271
647.5221,1558.321,647.5221,1301.8182,754119853568105,754119884685501
783.4633,1715.7446,647.5221,1301.8182,754119884808730,754119914935084
716.57666,1625.9796,647.5221,1558.321,754119915064199,754119947602063
678.69165,1556.3217,678.69165,1556.3217,754119947715917,754119978944042
671.753,1518.3969,671.753,1556.3217,754119979119928,754120014232376
612.68304,1515.5144,671.753,1556.3217,754120014428261,754120044842792
629.77435,1532.864,671.753,1532.864,754120045016751,754120076722063
614.5663,1496.0084,629.77435,1532.864,754120076900917,754120112113105
616.719,1561.7974,629.77435,1532.864,754120112280344,754120144908157
632.0063,1477.5411,629.77435,1532.864,754120145089563,754120180343417
660.34375,1414.048,629.77435,1532.864,754120180529980,754120218863000
662.8377,1387.3452,632.0063,1477.5411,754120219040761,754120249751646
636.5471,1419.0869,636.5471,1419.0869,754120250684667,754120283916959
640.20056,1407.1562,636.5471,1419.0869,754120284086698,754120316542688
631.66364,1432.517,636.5471,1419.0869,754120316691907,754120346555292
544.59265,1254.5571,636.5471,1419.0869,754120346742375,754120380505917
533.51544,1182.749,631.66364,1419.0869,754120380619980,754120411426698
544.13574,1115.8256,544.59265,1254.5571,754120411548105,754120445553521
537.8616,1121.4155,544.13574,1182.749,754120445668730,754120479642323
503.95715,1121.5869,544.13574,1121.5869,754120479827375,754120512666177
544.9775,1092.2836,544.13574,1121.5869,754120512858625,754120547353730
526.66327,1089.6855,544.13574,1121.5869,754120547515865,754120587669667
531.007,1117.5819,544.13574,1117.5819,754120587791802,754120620899094
518.31635,1109.8049,531.007,1117.5819,754120621060865,754120650590969
521.0708,1119.5181,531.007,1117.5819,754120650726594,754120682727323
588.4168,1149.5548,531.007,1117.5819,754120682824459,754120713300604
598.2626,1167.5642,531.007,1119.5181,754120713493521,754120750185136
634.9494,1178.3303,588.4168,1149.5548,754120750399719,754120789837115
674.6091,1168.2345,598.2626,1167.5642,754120789924511,754120822118521
674.1499,1163.9331,634.9494,1163.9331,754120822308573,754120852036334
691.00946,1228.9298,674.1499,1167.5642,754120852138938,754120883974511
683.5404,1187.5007,674.1499,1167.5642,754120884115500,754120930139042
706.157,1168.0522,683.5404,1168.0522,754120930234146,754120962069615
664.0657,1183.3179,674.1499,1168.0522,754120963503886,754120993009823
795.51184,1080.8082,683.5404,1168.0522,754120995497063,754121028977011
784.20624,1098.0413,683.5404,1168.0522,754121030041229,754121063666854
791.28674,1105.0653,784.20624,1105.0653,754121063874459,754121096382636
794.0368,1076.4338,784.20624,1105.0653,754121098191073,754121131789458
781.8876,1104.7994,784.20624,1105.0653,754121131939615,754121167853729
764.00977,1075.8059,784.20624,1104.7994,754121168271333,754121200517844
779.48987,1061.833,781.8876,1104.7994,754121232055656,754121289371229
798.3127,1100.8323,784.20624,1100.8323,754121289473469,754121324458156
736.0838,986.4532,781.8876,1100.8323,754121324588625,754121354267375
733.33466,1009.64734,781.8876,1100.8323,754121354360969,754121385036385
698.1614,1010.3576,736.0838,1010.3576,754121385175240,754121415760917
703.2958,1028.4747,733.33466,1028.4747,754121415855604,754121448904927
719.2002,1011.2818,719.2002,1011.2818,754121449001177,754121482686281
713.78705,952.44403,719.2002,1011.2818,754121482793521,754121514349510
699.8463,993.2269,719.2002,1011.2818,754121514465188,754121547307271
742.1694,996.00275,719.2002,996.00275,754121547424458,754121580180917
804.7197,977.38403,719.2002,996.00275,754121580270604,754121611593937
789.65906,1057.3838,742.1694,996.00275,754121611706125,754121645605344
800.7538,970.04663,789.65906,996.00275,754121645721333,754121679899510
803.518,1021.57245,789.65906,996.00275,754121679998469,754121720991802
784.16064,1044.7891,789.65906,996.00275,754121721780292,754121753296229
737.311,1040.4823,789.65906,1021.57245,754121753509406,754121799782792
