x_raw,y_raw,x_filtered,y_filtered,gaze_timestamp,record_timestamp
309.53177,1055.7922,866.16693,596.7039,9130727088235,9130802872610
302.79373,1009.26874,865.2631,596.7039,9130802978703,9130854951203
334.04785,868.7406,334.04785,868.7406,9130855044537,9130892238912
294.37976,945.59656,334.04785,868.7406,9130892413860,9130929975787
395.468,932.6777,334.04785,868.7406,9130930095422,9130966015943
776.80566,918.3545,334.04785,918.3545,9130966136099,9130999694120
815.3795,934.4335,395.468,918.3545,9130999853808,9131033240683
785.47644,950.1887,776.80566,918.3545,9131033585683,9131067231151
644.8282,1153.3932,644.8282,934.4335,9131073147193,9131109194953
632.10376,904.25836,644.8282,918.3545,9131109344380,9131142379172
630.1292,1184.9476,644.8282,934.4335,9131142556412,9131176825370
748.50775,441.91357,644.8282,918.3545,9131176970891,9131212485266
835.0715,933.0579,644.8282,933.0579,9131214017349,9131245260891
837.86383,1101.1097,748.50775,933.0579,9131247061880,9131285752505
913.3115,1053.27,835.0715,933.0579,9131285911412,9131322178182
939.3038,894.1571,837.86383,933.0579,9131322327037,9131366391203
937.82526,1048.6235,913.3115,933.0579,9131366489537,9131399129797
872.1006,1022.7915,872.1006,933.0579,9131404223234,9131436983755
768.62366,976.9765,872.1006,976.9765,9131437086568,9131467320682
720.8826,1018.9687,872.1006,976.9765,9131467425891,9131499010370
691.1128,993.53656,768.62366,976.9765,9131499104016,9131529872193
693.29175,1022.3637,720.8826,993.53656,9131531320787,9131562250578
718.2583,1026.8761,718.2583,993.53656,9131563449380,9131594473234
678.6159,988.177,718.2583,993.53656,9131594839016,9131626723078
786.1225,1036.6782,718.2583,993.53656,9131629879224,9131661711984
1077.0392,1007.46216,718.2583,993.53656,9131663723755,9131693579276
1070.5646,1056.0934,786.1225,1007.46216,9131697333703,9131730833755
1098.2789,1004.2594,1070.5646,1004.2594,9131730908339,9131761375526
1064.0505,996.7069,1064.0505,1004.2594,9131762449693,9131793432401
1011.57446,1047.5505,1064.0505,1004.2594,9131796866203,9131826882297
397.07086,1343.7776,1064.0505,1004.2594,9131828343026,9131859595995
387.81717,1252.5642,1011.57446,1047.5505,9131862672036,9131893920266
394.9829,1223.0707,397.07086,1223.0707,9131897326672,9131928705474
373.94205,1202.8799,394.9829,1202.8799,9131932098755,9131964501984
372.03296,1270.8214,394.9829,1223.0707,9131964649641,9131994995057
381.0212,1255.3497,381.0212,1223.0707,9131999298443,9132029385578
411.30573,1301.4508,394.9829,1255.3497,9132030060786,9132061159640
427.34518,1299.5597,394.9829,1255.3497,9132065407818,9132108961568
374.4953,1332.6138,394.9829,1299.5597,9132109103390,9132141975005
348.61426,1375.7024,394.9829,1299.5597,9132142148547,9132184150734
344.20547,1408.2152,374.4953,1332.6138,9132184491515,9132220189640
352.4058,1418.9288,352.4058,1375.7024,9132220360838,9132253166099
345.35965,1432.884,352.4058,1408.2152,9132253280630,9132289512817
296.77533,1446.5686,352.4058,1418.9288,9132289681932,9132322473547
304.43152,1355.474,345.35965,1408.2152,9132322626359,9132357753755
350.89218,1438.0046,350.89218,1418.9288,9132357846359,9132389905526
354.973,1367.5424,350.89218,1408.2152,9132390070265,9132424370370
881.572,1151.3136,350.89218,1408.2152,9132424546203,9132458401776
937.13226,1224.0364,354.973,1367.5424,9132458564224,9132491389119
941.84204,1287.0437,881.572,1287.0437,9132491549901,9132523202297
945.2851,1287.9174,937.13226,1287.9174,9132523335109,9132554381567
964.80615,1328.5059,941.84204,1287.9174,9132554469276,9132591342661
951.33386,1285.7439,945.2851,1287.9174,9132591437974,9132621671099
961.5114,1336.6635,951.33386,1287.9174,9132621841619,9132652894797
974.90594,1201.7847,951.33386,1287.9174,9132653016984,9132684628390
948.1903,1163.1893,951.33386,1287.9174,9132684722088,9132714986255
964.71484,1202.8333,951.33386,1202.8333,9132715155265,9132749900421
967.5824,1235.4866,951.33386,1235.4866,9132750010317,9132784887296
805.3228,1109.708,951.33386,1202.8333,9132785053911,9132815639953
741.8453,829.32776,951.33386,1202.8333,9132815804119,9132848860057
733.97266,1519.8759,805.3228,1202.8333,9132849028234,9132880352453
587.48334,814.3377,741.8453,1202.8333,9132880517348,9132912213338
672.34216,1341.6973,733.97266,1202.8333,9132912342557,9132943012817
662.13727,1457.5262,672.34216,1202.8333,9132943159119,9132975554848
643.58936,1443.5597,672.34216,1341.6973,9132975707713,9133012486567
699.15045,1292.4655,672.34216,1292.4655,9133012644692,9133045470473
523.4633,1324.8201,672.34216,1324.8201,9133045607817,9133079510161
431.74188,1256.7733,672.34216,1292.4655,9133079668755,9133117454223
418.58087,1345.0736,523.4633,1324.8201,9133117612973,9133156906932
415.99503,1394.6044,431.74188,1324.8201,9133157034484,9133186244171
382.1222,1374.749,418.58087,1345.0736,9133186338859,9133219893546
386.39615,1400.1162,415.99503,1374.749,9133220270265,9133253603078
380.89136,1400.4432,386.39615,1374.749,9133253746723,9133295103286
367.29675,1449.5198,386.39615,1400.1162,9133295264640,9133324742244
319.3496,1427.6451,380.89136,1400.4432,9133324881098,9133355045317
455.34933,1395.7903,386.39615,1400.1162,9133355222869,9133386259536
970.2657,1269.6757,386.39615,1400.1162,9133386349015,9133417736202
952.58685,1354.8533,455.34933,1395.7903,9133417826567,9133453234119
936.41437,1288.4728,936.41437,1354.8533,9133453410525,9133483012817
975.25134,1207.1405,936.41437,1354.8533,9133483330057,9133515804536
973.9793,1232.3196,936.41437,1288.4728,9133515895057,9133547127817
945.21436,1159.2086,945.21436,1232.3196,9133547289119,9133579170734
947.63513,1189.7935,945.21436,1232.3196,9133579284952,9133611764432
970.02716,1199.3997,945.21436,1199.3997,9133612346150,9133644951098
967.37506,1255.8712,947.63513,1232.3196,9133645040682,9133676922348
963.49695,1225.4384,963.49695,1225.4384,9133677033129,9133709079952
927.5628,1240.4055,947.63513,1232.3196,9133709580786,9133739339900
382.84662,1368.2992,947.63513,1232.3196,9133739465473,9133774151150
348.614,1320.6803,927.5628,1240.4055,9133774246567,9133807167504
350.9342,1321.7949,382.84662,1320.6803,9133807336984,9133837953859
350.00723,1298.0768,350.9342,1298.0768,9133838119484,9133875931671
349.6744,1336.9474,350.9342,1320.6803,9133876142817,9133906721515
332.95145,1292.13,350.00723,1298.0768,9133906868911,9133943351463
260.99475,1349.1862,349.6744,1320.6803,9133943448546,9133976996983
248.31747,1305.7054,332.95145,1305.7054,9133977142765,9134009172140
217.6805,1336.9668,260.99475,1320.6803,9134009340056,9134041021150
246.94247,1292.4889,248.31747,1305.7054,9134041170369,9134076789848
192.98448,1330.0242,246.94247,1320.6803,9134076881983,9134107589692
197.90479,1344.842,246.94247,1320.6803,9134107725629,9134139609952
222.47523,1310.6648,222.47523,1320.6803,9134139763911,9134171713650
273.62802,1307.1454,246.94247,1320.6803,9134171837036,9134202165994
333.64062,1327.724,246.94247,1320.6803,9134202495838,9134234252244
354.01492,1253.1527,273.62802,1320.6803,9134235766671,9134269743285
346.82736,1306.6285,333.64062,1320.6803,9134270171983,9134305693077
393.73685,1141.1726,346.82736,1306.6285,9134305800525,9134340471619
433.90375,1307.4154,346.82736,1307.4154,9134340656671,9134371998910
498.46207,1376.9432,393.73685,1307.4154,9134372185785,9134407299223
290.18494,1701.7635,346.82736,1307.4154,9134407474067,9134436184587
800.70184,946.8526,393.73685,1307.4154,9134436283442,9134469455056
592.40717,1645.1276,393.73685,1307.4154,9134469623806,9134517886775
664.36005,1511.7118,592.40717,1307.4154,9134518318962,9134552768910
522.0409,744.5864,522.0409,1307.4154,9134552924327,9134590829171
533.4809,1269.0306,533.4809,1307.4154,9134590990212,9134624748754
466.5278,1438.4025,522.0409,1307.4154,9134624927400,9134654742973
361.91135,1343.7196,522.0409,1307.4154,9134654922660,9134687343806
397.23508,1346.0692,466.5278,1343.7196,9134687514067,9134720316983
502.18146,1299.8474,502.18146,1307.4154,9134720492817,9134751496254
487.35632,1168.4336,487.35632,1307.4154,9134751588077,9134785129119
532.63324,1173.0869,502.18146,1299.8474,9134785244639,9134817991358
516.34534,1228.9144,502.18146,1228.9144,9134818106462,9134863118285
607.3675,1133.5065,516.34534,1228.9144,9134863296410,9134894788650
566.1604,1235.4812,516.34534,1228.9144,9134894967400,9134923896619
659.7986,1180.5431,566.1604,1228.9144,9134924136619,9134954560941
618.1995,1159.5846,566.1604,1228.9144,9134954742608,9134986381619
608.18713,1185.6226,608.18713,1185.6226,9134986529483,9135025035681
487.3187,1162.5496,566.1604,1185.6226,9135025147973,9135055509066
488.20474,1177.9078,566.1604,1185.6226,9135055706671,9135086638077
461.55853,1202.8982,488.20474,1185.6226,9135086809066,9135127745837
503.8443,1176.9099,503.8443,1185.6226,9135127905212,9135163918754
534.5438,1185.0911,503.8443,1185.6226,9135164154952,9135195270733
412.5858,1120.5,503.8443,1185.0911,9135195419952,9135226048389
450.20993,1060.3634,503.8443,1185.0911,9135226153598,9135261682191
850.6738,1005.68945,503.8443,1120.5,9135261761098,9135297092452
905.72925,1054.5942,503.8443,1060.3634,9135297257035,9135327019587
921.29456,1056.2153,850.6738,1056.2153,9135327170785,9135360874952
901.99756,992.702,901.99756,1056.2153,9135360955264,9135389544900
939.8325,1009.30945,901.99756,1056.2153,9135389697191,9135421075577
921.1683,1049.3865,901.99756,1049.3865,9135421209535,9135459960941
867.17224,932.6646,901.99756,1049.3865,9135460292087,9135488601150
915.61163,1019.5474,901.99756,1049.3865,9135488764952,9135519416410
884.4549,989.24976,901.99756,1019.5474,9135519592972,9135560955212
575.2328,1161.8552,901.99756,1049.3865,9135561038650,9135593729014
601.40936,1048.9236,884.4549,1048.9236,9135593810733,9135624551045
597.16644,1105.764,601.40936,1049.3865,9135624677556,9135658333910
565.70734,1205.4668,601.40936,1049.3865,9135658474066,9135687207816
569.88824,1272.2197,597.16644,1105.764,9135687395420,9135717073702
840.19336,1120.2504,601.40936,1120.2504,9135717176879,9135751722816
1059.2634,1062.1188,601.40936,1105.764,9135751890837,9135786812452
1077.475,1105.1974,840.19336,1105.764,9135786987347,9135819108858
1089.3948,1069.1062,1059.2634,1105.1974,9135819257243,9135849254535
1090.308,1134.9595,1077.475,1105.764,9135849344743,9135881346306
1093.4307,1104.9448,1089.3948,1105.1974,9135881459170,9135915865160
1108.1661,1131.3324,1090.308,1105.764,9135915959431,9135948697295
1111.6396,1111.1989,1093.4307,1105.764,9135948783858,9135982671410
1019.6856,1087.6454,1090.308,1105.764,9135982761774,9136014796097
769.6947,634.77155,1090.308,1105.764,9136014923701,9136049745993
743.9909,1389.2463,1019.6856,1105.764,9136049916410,9136085660368
589.7801,622.2271,769.6947,1105.764,9136085824274,9136120353649
539.9119,1152.4437,743.9909,1105.764,9136120551566,9136151642712
519.5609,1448.2313,589.7801,1105.764,9136151736514,9136194224691
578.3452,1281.1584,578.3452,1152.4437,9136194369847,9136222302556
593.1299,1225.1929,589.7801,1225.1929,9136222462712,9136252443910
597.742,1150.381,589.7801,1152.4437,9136252619118,9136281138962
595.33044,1191.6914,593.1299,1191.6914,9136281244795,9136315373858
611.80347,1238.3668,595.33044,1191.6914,9136315519066,9136348632556
623.4168,1254.5065,595.33044,1191.6914,9136348714951,9136383418962
644.0698,1222.7688,611.80347,1222.7688,9136383734847,9136414943597
603.38055,1338.2489,603.38055,1222.7688,9136415034899,9136449312608
649.18,1351.4841,611.80347,1222.7688,9136449444743,9136483159587
654.84216,1358.5175,611.80347,1338.2489,9136483309847,9136521879118
632.02246,1310.7881,632.02246,1310.7881,9136522042555,9136553230733
676.5901,1334.9005,632.02246,1334.9005,9136553433545,9136588406618
688.3707,1347.8561,632.02246,1334.9005,9136588579170,9136618522139
503.50146,1460.1611,632.02246,1334.9005,9136618704899,9136649136045
401.10086,1482.2542,632.02246,1347.8561,9136649349743,9136683310472
384.85815,1483.1775,503.50146,1460.1611,9136683480680,9136713700316
399.15115,1509.062,401.10086,1482.2542,9136713786566,9136748882035
388.68518,1452.756,399.15115,1460.1611,9136749113441,9136779073857
400.11462,1462.1665,400.11462,1462.1665,9136779176253,9136810627139
940.1372,1286.2579,400.11462,1460.1611,9136810921462,9136846014899
961.83795,1207.8467,400.11462,1460.1611,9136846103805,9136878245628
979.39667,1226.6995,940.1372,1286.2579,9136878349587,9136913201357
964.7596,1163.8121,961.83795,1226.6995,9136913299899,9136943788180
965.7538,1187.8961,964.7596,1226.6995,9136943925941,9136975625472
975.23376,1188.4143,964.7596,1188.4143,9136975791357,9137007836201
765.39496,1019.24255,964.7596,1188.4143,9137007984587,9137039120211
691.10736,987.9014,964.7596,1188.4143,9137039260784,9137071499899
702.11285,878.70056,765.39496,1019.24255,9137071661566,9137102593857
680.90094,908.6103,702.11285,987.9014,9137102711149,9137140559118
667.56866,898.6908,702.11285,908.6103,9137140724534,9137172421566
638.9092,893.93195,680.90094,908.6103,9137172585003,9137207112191
595.7862,922.3307,667.56866,908.6103,9137207246357,9137237302191
642.9068,869.5525,642.9068,908.6103,9137237465316,9137269551826
603.3705,999.8035,642.9068,908.6103,9137269698180,9137303415159
567.4769,900.89154,642.9068,908.6103,9137303532451,9137333983701
587.43164,936.109,603.3705,908.6103,9137334830263,9137365853336
685.00385,893.9749,642.9068,908.6103,9137366236774,9137398517086
660.5416,877.1583,642.9068,908.6103,9137406770211,9137440743805
640.36957,903.68146,642.9068,903.68146,9137441187972,9137470939586
400.26593,1167.9104,642.9068,908.6103,9137471080315,9137501930732
334.00494,1086.469,640.36957,908.6103,9137502765784,9137533710576
289.02133,1216.6028,400.26593,1086.469,9137534564534,9137571115732
285.55145,1113.284,334.00494,1086.469,9137571237607,9137601593909
278.75296,1119.1543,289.02133,1113.284,9137601757451,9137631320680
325.46262,1068.2734,325.46262,1086.469,9137631675055,9137666769534
255.58504,1139.3928,289.02133,1113.284,9137667778701,9137700188128
319.8479,1130.4298,319.8479,1113.284,9137700575524,9137732204951
328.49377,1112.8582,319.8479,1113.284,9137744701617,9137784962295
369.96036,1109.4973,319.8479,1113.284,9137786312763,9137821239899
325.8991,1183.5729,325.8991,1113.284,9137821359013,9137848887815
291.49954,1103.6548,319.8479,1113.284,9137849002242,9137883276461
298.01477,1086.2731,319.8479,1113.284,9137883443753,9137917693128
247.23924,1093.7886,298.01477,1103.6548,9137917798024,9137953229899
545.27014,997.2636,319.8479,1093.7886,9137953416357,9137984774690
671.89575,1676.6096,319.8479,1103.6548,9137984967347,9138017812451
530.2828,1268.6301,530.2828,1103.6548,9138017984742,9138048981097
522.9629,671.06085,522.9629,1103.6548,9138049132972,9138094051253
533.7943,1202.2943,530.2828,1103.6548,9138094159638,9138124157034
564.79364,1461.1256,530.2828,1103.6548,9138124335003,9138155327815
475.33704,1307.39,530.2828,1202.2943,9138155837659,9138185196409
531.432,1193.0197,530.2828,1193.0197,9138185330888,9138220837190
594.7888,1297.4729,530.2828,1202.2943,9138221548857,9138254066878
252.49118,1474.7991,530.2828,1202.2943,9138254156565,9138283471305
248.76318,1395.7723,530.2828,1297.4729,9138283583701,9138315886669
263.26868,1417.4854,263.26868,1395.7723,9138316132138,9138350525315
286.17178,1462.675,286.17178,1395.7723,9138350636148,9138383970523
206.31529,1559.1754,263.26868,1417.4854,9138384098076,9138415021982
212.32683,1469.0121,263.26868,1462.675,9138415195107,9138452161565
272.5798,1470.5898,263.26868,1469.0121,9138452298544,9138489330576
309.7335,1491.2128,263.26868,1469.0121,9138489455732,9138520804430
218.13635,1480.6267,263.26868,1470.5898,9138520981201,9138552658544
202.94504,1461.1652,263.26868,1469.0121,9138552813544,9138588485211
254.04984,1473.026,254.04984,1470.5898,9138588597555,9138617910523
310.30392,1418.9368,263.26868,1469.0121,9138618027815,9138649297919
581.6003,1193.2877,263.26868,1469.0121,9138649424273,9138692071044
929.6445,1192.0715,310.30392,1418.9368,9138692154534,9138723971200
942.38226,1206.8778,581.6003,1206.8778,9138724085211,9138755549065
952.92633,1234.8256,929.6445,1234.8256,9138755687294,9138784613127
975.91595,1265.5659,942.38226,1234.8256,9138784773336,9138817746357
999.1129,1181.1661,952.92633,1234.8256,9138817892502,9138849442398
951.1445,1240.3287,951.1445,1234.8256,9138849607346,9138884089794
970.2834,1150.1124,952.92633,1234.8256,9138884257138,9138916238336
467.57977,1293.8802,951.1445,1234.8256,9138916392502,9138950247450
432.72714,1195.0383,951.1445,1234.8256,9138950387763,9138986252919
460.95605,1249.3347,467.57977,1234.8256,9138986412919,9139017579898
481.2588,1169.8228,481.2588,1234.8256,9139017703284,9139050493075
442.27554,1286.883,467.57977,1234.8256,9139050652659,9139082897450
445.72446,1220.2605,467.57977,1234.8256,9139083032867,9139114017346
440.31128,1287.3655,445.72446,1234.8256,9139114133284,9139148661461
422.9492,1278.4391,445.72446,1234.8256,9139149650263,9139181968336
434.42166,1252.4562,440.31128,1252.4562,9139182098440,9139214745523
435.7917,1321.6555,435.7917,1252.4562,9139214852711,9139249383388
396.7613,1281.1012,435.7917,1252.4562,9139249534690,9139289464325
484.20358,1232.0854,435.7917,1252.4562,9139289541513,9139322794534
442.7099,1280.6572,435.7917,1252.4562,9139322944481,9139351875002
474.6128,1304.3037,442.7099,1252.4562,9139352124065,9139386995992
535.16095,1293.7928,442.7099,1280.6572,9139387210575,9139417442711
568.4748,1270.2559,474.6128,1270.2559,9139417579742,9139449754273
582.8406,1252.8522,535.16095,1270.2559,9139449921096,9139482047606
558.69385,1262.2136,558.69385,1270.2559,9139482175783,9139513751773
497.96008,1309.3052,535.16095,1270.2559,9139513891044,9139545220054
466.72946,1322.2286,535.16095,1270.2559,9139545667606,9139578473440
414.3872,1299.8339,497.96008,1299.8339,9139578898648,9139611029898
398.64325,1296.9137,466.72946,1296.9137,9139611106252,9139647236304
417.08932,1313.5569,417.08932,1299.8339,9139647374481,9139678680835
385.57614,1352.9009,417.08932,1299.8339,9139678901252,9139714615835
363.08554,1305.7181,417.08932,1305.7181,9139714981617,9139753000210
319.53146,1346.9197,385.57614,1305.7181,9139753178023,9139781843752
393.78342,1278.3462,393.78342,1305.7181,9139781992710,9139811901408
440.71597,1244.5857,393.78342,1305.7181,9139812145002,9139854611669
389.92325,1203.7059,393.78342,1278.3462,9139854795940,9139882983908
416.1091,1173.5476,393.78342,1244.5857,9139883150575,9139913845783
525.9662,1156.829,393.78342,1203.7059,9139913981096,9139947149742
528.9524,1280.8656,416.1091,1244.5857,9139947729117,9139980960679
482.12958,1277.9888,482.12958,1244.5857,9139981084533,9140010891044
316.74136,1648.1,416.1091,1277.9888,9140010971200,9140041777606
633.1176,651.28076,482.12958,1244.5857,9140041893908,9140070767190
594.66174,1543.9183,482.12958,1277.9888,9140070938335,9140105784898
577.42456,995.87445,577.42456,1244.5857,9140106231096,9140135403596
525.99884,970.0403,525.99884,1244.5857,9140135545262,9140165200054
452.42294,1596.8011,525.99884,1244.5857,9140168422033,9140198314846
496.94705,1493.5116,525.99884,1244.5857,9140198446408,9140229605419
493.19785,1418.3945,496.94705,1418.3945,9140230681877,9140260395002
444.91727,1398.678,496.94705,1398.678,9140264509689,9140293969221
425.6196,1372.6786,493.19785,1398.678,9140301024846,9140332040002
424.3007,1356.066,444.91727,1398.678,9140332165939,9140363888179
411.2561,1331.7405,425.6196,1372.6786,9140364755471,9140394520158
384.5409,1374.1411,424.3007,1374.1411,9140400149012,9140429759637
372.16232,1323.507,411.2561,1372.6786,9140430751669,9140462475835
389.16235,1276.1267,389.16235,1372.6786,9140468389273,9140501937085
372.3176,1280.0444,389.16235,1323.507,9140502008231,9140533436929
335.35678,1329.1743,389.16235,1329.1743,9140536601773,9140571587241
326.53497,1387.0735,372.3176,1329.1743,9140571672971,9140602103283
379.36624,1283.1288,379.36624,1329.1743,9140602194064,9140636227346
423.30762,1288.131,379.36624,1329.1743,9140636347971,9140669207658
368.4481,1266.9338,379.36624,1288.131,9140669621252,9140699442866
395.77148,1271.1472,379.36624,1288.131,9140700842033,9140731349012
427.55267,1325.8024,379.36624,1288.131,9140733014168,9140765279325
919.37476,1100.4115,395.77148,1288.131,9140765613075,9140796433856
911.126,1103.5774,427.55267,1288.131,9140797123283,9140826628075
937.599,1107.7089,911.126,1107.7089,9140834240158,9140867826095
940.7659,1114.9833,911.126,1114.9833,9140868863856,9140906925002
936.30035,1074.8777,936.30035,1107.7089,9140907081460,9140939901825
651.05176,1146.932,911.126,1114.9833,9140940090939,9140969750210
566.32556,1154.9598,911.126,1114.9833,9140970808231,9141003763231
584.2968,1198.8937,651.05176,1146.932,9141003918752,9141038425783
446.30017,1206.9972,584.2968,1154.9598,9141038753283,9141074863752
486.51685,1230.4758,584.2968,1198.8937,9141074940418,9141105956147
556.5363,1160.2987,556.5363,1160.2987,9141106122970,9141137937293
496.63086,1117.6521,556.5363,1160.2987,9141138385731,9141196593231
494.8273,1017.95917,556.5363,1160.2987,9141196676043,9141249364324
485.1477,1281.6482,496.63086,1160.2987,9141249478231,9141295100835
476.74774,1161.2767,494.8273,1160.2987,9141295258908,9141330923595
424.17584,1207.4719,485.1477,1161.2767,9141331013960,9141369548699
420.46542,1236.2452,476.74774,1161.2767,9141369656720,9141401879845
443.68008,1252.7457,443.68008,1207.4719,9141402060106,9141433747189
462.75156,1089.3103,462.75156,1161.2767,9141433910418,9141468373960
482.59738,1135.2244,462.75156,1161.2767,9141468506043,9141500234116
551.1466,1057.1549,462.75156,1135.2244,9141500318179,9141539916668
572.60956,1042.1719,482.59738,1135.2244,9141540029949,9141577104845
644.3329,1025.9421,551.1466,1057.1549,9141577204533,9141609851876
663.7378,1059.984,572.60956,1059.984,9141609947918,9141642226095
723.35114,1044.2037,644.3329,1057.1549,9141642312189,9141675436408
707.6342,1018.7595,663.7378,1057.1549,9141675526876,9141707890470
690.86926,1048.3654,690.86926,1048.3654,9141707984428,9141739932397
726.16595,1034.0706,690.86926,1048.3654,9141740127658,9141772894637
697.11017,1051.4977,690.86926,1048.3654,9141773066616,9141804979428
712.80493,962.29016,697.11017,1048.3654,9141805081408,9141836578491
713.50385,1032.0698,697.11017,1048.3654,9141836669272,9141866934480
677.95447,1033.8374,697.11017,1033.8374,9141868091355,9141900804168
693.77545,1067.608,697.11017,1048.3654,9141901681668,9141933320887
649.159,1010.89703,693.77545,1033.8374,9141935092449,9141964206355
695.6823,1079.205,695.6823,1048.3654,9141967103647,9141995896147
701.2624,981.22437,695.6823,1033.8374,9142006916928,9142047304116
683.1366,978.2905,695.6823,1033.8374,9142047643907,9142079068907
613.3483,1057.8223,695.6823,1033.8374,9142079230939,9142112264845
649.3672,1114.8127,683.1366,1033.8374,9142112422657,9142144708491
682.8373,1060.6761,682.8373,1057.8223,9142144837085,9142178692970
663.6317,1040.1407,682.8373,1040.1407,9142178845314,9142209397449
623.63544,957.5855,682.8373,1040.1407,9142209490314,9142245317501
634.5429,1027.9379,663.6317,1040.1407,9142245474324,9142278488178
699.2233,1067.1996,682.8373,1040.1407,9142278655001,9142315607918
660.8495,1109.582,663.6317,1040.1407,9142315760053,9142347370782
681.955,1069.0918,681.955,1067.1996,9142347528074,9142379217501
674.9675,1065.1666,674.9675,1065.1666,9142379305418,9142412101043
711.44934,1055.7489,681.955,1065.1666,9142412699532,9142445655834
677.2894,1068.9098,677.2894,1065.1666,9142445742137,9142478039793
679.25574,1123.389,679.25574,1065.1666,9142478151824,9142512619324
698.137,1136.4197,679.25574,1068.9098,9142512700574,9142544080314
610.98584,1041.5558,679.25574,1065.1666,9142544224532,9142577598439
619.56976,1085.8666,679.25574,1068.9098,9142578159428,9142613108178
598.96155,1112.916,619.56976,1068.9098,9142613274428,9142651622918
612.2402,1086.7192,619.56976,1085.8666,9142651749011,9142686443439
596.56775,1110.5237,612.2402,1086.7192,9142686563126,9142721987032
617.6077,1117.0795,617.6077,1086.7192,9142722177136,9142753935522
605.0455,1145.3593,612.2402,1110.5237,9142754112084,9142784096095
601.27655,1136.7621,612.2402,1117.0795,9142784268334,9142817970991
611.79315,1124.9703,611.79315,1124.9703,9142818135991,9142850479116
586.80634,1033.4274,611.79315,1117.0795,9142850636720,9142880830105
610.38196,1073.5637,611.79315,1117.0795,9142880976876,9142913382397
640.5363,1076.8159,611.79315,1076.8159,9142913543178,9142964856615
650.3021,1145.311,611.79315,1117.0795,9142964944063,9142997535261
699.20996,1107.8127,640.5363,1107.8127,9142997697605,9143030287032
663.4657,1104.7971,650.3021,1107.8127,9143030393699,9143069510938
663.3751,1040.432,663.3751,1107.8127,9143069606615,9143100414740
617.39575,1087.8933,650.3021,1104.7971,9143100576459,9143129585990
628.28156,1092.3182,650.3021,1092.3182,9143130178230,9143160083542
560.05634,1113.841,628.28156,1104.7971,9143160242240,9143194364011
578.80963,1117.1628,628.28156,1104.7971,9143194531042,9143240155730
538.82874,1069.1837,578.80963,1104.7971,9143240235209,9143276144845
622.6623,1000.2105,622.6623,1104.7971,9143276322553,9143307302813
629.79486,1122.9698,622.6623,1104.7971,9143307851772,9143339110209
612.86255,1048.1476,622.6623,1104.7971,9143339643595,9143367738178
552.70575,1066.2344,622.6623,1104.7971,9143369009688,9143400202969
594.8041,1092.4552,612.86255,1092.4552,9143402404324,9143432311042
623.3402,1093.0173,622.6623,1093.0173,9143439602813,9143474479584
623.16156,1122.7881,622.6623,1093.0173,9143474795834,9143503699428
641.4293,1079.0671,623.16156,1093.0173,9143504216094,9143535441459
646.47925,1113.6711,623.16156,1093.0173,9143539442865,9143569926876
617.6556,1029.7725,623.16156,1093.0173,9143573152553,9143604162917
616.44135,1113.9193,623.16156,1093.0173,9143605429011,9143637043490
638.37213,1082.6859,623.16156,1093.0173,9143638766303,9143678899063
665.23157,1082.6321,623.16156,1093.0173,9143678976355,9143713407917
636.1655,1063.9302,636.1655,1082.6859,9143713562084,9143747354949
652.2951,1097.7759,636.1655,1093.0173,9143747516824,9143782639063
635.70526,1162.248,636.1655,1093.0173,9143782726094,9143812626303
670.2038,1164.589,636.1655,1097.7759,9143812782032,9143843663438
679.34875,1192.4636,636.1655,1162.248,9143843988490,9143874695938
686.008,1182.8092,670.2038,1164.589,9143876281251,9143913700209
716.39667,1305.6608,679.34875,1182.8092,9143913778646,9143943445521
672.83276,1224.3351,672.83276,1182.8092,9143943602969,9143973462709
713.639,1226.5659,679.34875,1224.3351,9143974223698,9144002389428
684.39886,1221.038,679.34875,1221.038,9144017143542,9144053640469
676.5815,1200.3561,679.34875,1221.038,9144053807709,9144085917240
682.29785,1266.3632,679.34875,1221.038,9144086331719,9144117507240
601.4526,1160.5645,679.34875,1221.038,9144117651355,9144148916042
702.1708,1238.9257,679.34875,1221.038,9144149083125,9144189934115
684.3922,1235.1682,679.34875,1221.038,9144190059896,9144228386146
667.33167,1307.989,679.34875,1235.1682,9144228562917,9144256218542
629.43726,1289.6643,679.34875,1235.1682,9144256669115,9144287189844
636.5041,1342.2921,667.33167,1289.6643,9144287320000,9144319241094
674.74054,1325.7479,674.74054,1289.6643,9144319538334,9144359843386
650.73096,1272.1888,667.33167,1289.6643,9144359937448,9144394528646
682.2371,1314.6476,674.74054,1289.6643,9144394706094,9144427473959
712.1649,1324.0894,674.74054,1289.6643,9144427648438,9144456794636
711.9447,1304.4789,682.2371,1304.4789,9144456914167,9144488188021
714.88275,1399.2365,711.9447,1304.4789,9144488270261,9144518197917
706.1473,1397.2234,706.1473,1304.4789,9144518279011,9144551880365
724.2586,1406.2517,711.9447,1397.2234,9144551970886,9144591806719
715.19275,1371.851,711.9447,1371.851,9144591976459,9144625194271
709.255,1401.3038,711.9447,1397.2234,9144625367084,9144658912604
729.0466,1365.1725,711.9447,1371.851,9144659077552,9144693996979
717.1859,1405.7888,711.9447,1397.2234,9144694166615,9144748134584
749.2799,1331.9846,717.1859,1371.851,9144748238438,9144780163229
691.54596,1392.4188,711.9447,1392.4188,9144780261979,9144811278125
709.9617,1380.7725,711.9447,1380.7725,9144811369063,9144844066823
701.09247,1430.0836,709.9617,1392.4188,9144844777552,9144879278229
718.5484,1377.8523,711.9447,1380.7725,9144879358177,9144909447188
749.0717,1440.8029,711.9447,1392.4188,9144909537136,9144940428490
724.8272,1346.9495,718.5484,1380.7725,9144940687708,9144973264688
742.9364,1323.2732,724.8272,1380.7725,9144975482083,9145005250886
755.99384,1460.0566,724.8272,1380.7725,9145005553854,9145034677136
712.82825,1366.0543,724.8272,1380.7725,9145042213750,9145074595104
762.793,1405.1016,724.8272,1380.7725,9145075658438,9145104304792
750.9642,1338.9105,724.8272,1380.7725,9145104964167,9145137876563
763.5077,1364.8765,750.9642,1380.7725,9145138099948,9145172101615
726.21985,1484.6552,726.21985,1380.7725,9145172650521,9145205842552
807.54694,1469.9475,750.9642,1380.7725,9145209084844,9145238281979
767.435,1414.8925,750.9642,1414.8925,9145238584896,9145268054271
789.96606,1494.075,767.435,1414.8925,9145273526302,9145303285000
809.48004,1554.1215,767.435,1414.8925,9145315951979,9145357088802
766.3065,1486.2754,767.435,1486.2754,9145357227240,9145390733802
759.1505,1478.6123,767.435,1478.6123,9145390901198,9145425313490
781.16406,1570.8,767.435,1486.2754,9145425496823,9145456433750
797.2909,1548.8483,767.435,1486.2754,9145456564740,9145494318802
796.09515,1519.1208,781.16406,1519.1208,9145494413333,9145525525573
771.4443,1551.8143,771.4443,1519.1208,9145525650625,9145554313281
779.17346,1517.4874,779.17346,1519.1208,9145554395989,9145587265469
810.04675,1521.8397,779.17346,1519.1208,9145587343281,9145616815417
763.35297,1515.3585,779.17346,1519.1208,9145616970885,9145649389114
770.2099,1572.8582,779.17346,1519.1208,9145649542344,9145683708854
784.9898,1575.3289,779.17346,1519.1208,9145684147448,9145715005885
786.33954,1568.8783,779.17346,1568.8783,9145715170677,9145743246250
788.8855,1584.0061,784.9898,1568.8783,9145743405312,9145774579427
798.94086,1582.046,786.33954,1568.8783,9145774682291,9145812645416
790.83014,1521.46,788.8855,1568.8783,9145812723385,9145843791094
816.2023,1637.5057,790.83014,1568.8783,9145845055260,9145875812187
798.99115,1640.0968,790.83014,1568.8783,9145877018177,9145908922239
816.16473,1619.6078,798.99115,1619.6078,9145909456719,9145938677135
810.0753,1619.3971,798.99115,1619.3971,9145939709375,9145969976719
808.32654,1690.6787,808.32654,1619.6078,9145973466562,9146004126823
798.3986,1628.7751,798.99115,1619.6078,9146004691927,9146040940989
843.77057,1637.3032,808.32654,1628.7751,9146041109166,9146073898958
825.0568,1686.8552,808.32654,1628.7751,9146074352864,9146109721198
799.3664,1716.7421,808.32654,1637.3032,9146110484114,9146142313021
828.72516,1635.4406,808.32654,1635.4406,9146143088541,9146175922916
834.26514,1684.1763,808.32654,1637.3032,9146176583489,9146209949010
861.20386,1579.0427,828.72516,1635.4406,9146210084583,9146252068750
771.6341,1571.8077,808.32654,1635.4406,9146252158593,9146283667916
870.0232,1600.9492,828.72516,1600.9492,9146283755104,9146314525468
868.06805,1634.7618,828.72516,1634.7618,9146314628906,9146345313541
852.27936,1680.6658,852.27936,1634.7618,9146346921562,9146379831927
871.16016,1675.3605,852.27936,1634.7618,9146379921718,9146416139635
830.5955,1707.5905,852.27936,1675.3605,9146416220572,9146449185468
851.4396,1687.9244,852.27936,1675.3605,9146449350729,9146483475677
886.8134,1670.9182,852.27936,1675.3605,9146483608333,9146515074479
854.7446,1680.356,852.27936,1675.3605,9146515229843,9146546971822
868.50037,1741.0143,854.7446,1675.3605,9146547135885,9146577779114
892.4067,1717.3845,854.7446,1680.356,9146577933385,9146609569114
866.8735,1744.865,866.8735,1717.3845,9146610420364,9146641287812
862.39545,1700.9839,862.39545,1700.9839,9146641900624,9146673705468
869.15094,1675.305,866.8735,1700.9839,9146674457031,9146707510260
845.775,1683.2047,862.39545,1700.9839,9146707654010,9146746442552
860.9129,1732.1853,862.39545,1700.9839,9146746525989,9146780210416
847.97424,1728.1091,860.9129,1700.9839,9146780365208,9146814694999
934.53046,1751.0298,862.39545,1728.1091,9146814787343,9146857670156
917.44214,1709.8212,862.39545,1709.8212,9146857744114,9146892509010
904.33704,1681.2885,904.33704,1709.8212,9146892678333,9146922641041
897.04315,1739.814,897.04315,1709.8212,9146922733176,9146955229218
884.48035,1699.7372,897.04315,1709.8212,9146955387551,9146987348333
921.89624,1727.4714,897.04315,1709.8212,9146987491926,9147019402604
899.98956,1735.6017,897.04315,1709.8212,9147019487343,9147050661510
924.8669,1803.7885,899.98956,1727.4714,9147050755572,9147085387135
910.4121,1741.2239,899.98956,1735.6017,9147086234895,9147119420051
912.4953,1751.244,910.4121,1741.2239,9147119874687,9147152810051
905.3918,1721.9825,905.3918,1735.6017,9147152890989,9147194480208
871.2091,1748.5743,905.3918,1741.2239,9147195994062,9147226002760
919.7886,1755.363,905.3918,1741.2239,9147226089583,9147260897135
910.4189,1797.2474,905.3918,1748.5743,9147261062135,9147296358801
943.9852,1813.0529,910.4189,1755.363,9147297173072,9147327625416
912.9951,1813.5585,910.4189,1797.2474,9147327818280,9147357960416
888.62836,1871.1154,910.4189,1813.0529,9147358128489,9147395782916
886.5966,1870.3446,910.4189,1813.5585,9147395949739,9147429527135
904.2693,1892.9319,904.2693,1870.3446,9147429616510,9147461314426
936.52905,1843.0463,910.4189,1843.0463,9147461504895,9147497028385
918.0718,1867.2031,910.4189,1867.2031,9147497205468,9147530342968
904.0607,1859.0411,910.4189,1859.0411,9147530506041,9147560876249
915.8425,1844.5533,910.4189,1859.0411,9147561064635,9147593667864
888.6092,1847.5278,910.4189,1859.0411,9147593836301,9147627463697
902.70105,1869.0647,910.4189,1859.0411,9147627649999,9147660786562
926.4964,1824.0979,910.4189,1859.0411,9147660897760,9147696227499
910.69305,1783.4044,910.4189,1859.0411,9147696337655,9147727284999
929.02344,1833.5382,910.69305,1833.5382,9147727392134,9147758262082
892.24,1830.458,910.4189,1833.5382,9147758433541,9147802647134
904.9117,1860.7986,910.4189,1833.5382,9147802740312,9147837911405
928.8151,1839.8558,910.4189,1833.5382,9147838089687,9147874749478
943.1186,1869.5472,910.4189,1839.8558,9147874910728,9147906898280
954.8708,1852.3739,928.8151,1839.8558,9147907077447,9147937274062
910.8984,1901.0077,910.8984,1852.3739,9147937461145,9147968192030
933.5875,1892.2858,928.8151,1852.3739,9147968272082,9148001185103
925.0175,1828.7523,925.0175,1852.3739,9148001263436,9148031805311
929.98676,1867.1033,928.8151,1852.3739,9148031946405,9148064884270
931.5015,1833.2245,928.8151,1852.3739,9148065065207,9148101155311
940.22833,1839.5293,929.98676,1852.3739,9148101234895,9148136721978
978.84283,1867.6306,931.5015,1852.3739,9148136822707,9148175104009
969.00226,1913.7849,940.22833,1852.3739,9148175178645,9148204326405
967.4751,1901.8545,967.4751,1867.6306,9148204449686,9148234807186
980.845,1853.2786,967.4751,1853.2786,9148235273905,9148265899478
978.8462,1875.8779,967.4751,1867.6306,9148266005988,9148299808020
934.2837,1854.5223,967.4751,1854.5223,9148299945624,9148329085363
935.2893,1815.6658,967.4751,1854.5223,9148329230728,9148361241301
935.977,1856.781,935.977,1854.5223,9148361459738,9148390767603
942.63416,1892.6433,942.63416,1854.5223,9148390931457,9148423912499
984.24475,1881.2671,942.63416,1856.781,9148424066093,9148458919686
970.9712,1862.1052,942.63416,1862.1052,9148459022395,9148489668540
966.8176,1862.7201,966.8176,1862.1052,9148489820988,9148521792551
980.5667,1849.2698,966.8176,1862.1052,9148521877134,9148557419009
963.4141,1796.1981,966.8176,1862.1052,9148557569009,9148604168592
961.23413,1809.4575,966.8176,1849.2698,9148604244426,9148635389686
992.71136,1887.8706,966.8176,1862.1052,9148635520832,9148665082915
1017.46674,1857.3245,966.8176,1857.3245,9148665178957,9148694389217
985.6927,1862.1769,985.6927,1862.1052,9148694543436,9148727445624
999.5196,1819.2074,985.6927,1857.3245,9148727609165,9148762354582
986.1187,1891.7483,985.6927,1862.1052,9148762453124,9148793411509
998.0216,1824.0039,986.1187,1857.3245,9148793522030,9148827904894
961.2997,1817.2146,985.6927,1857.3245,9148828056613,9148859740624
975.80646,1886.0848,985.6927,1857.3245,9148859849582,9148897469894
935.2995,1903.2242,975.80646,1857.3245,9148897568540,9148928517759
964.67816,1892.7904,975.80646,1886.0848,9148928654738,9148959249947
966.0721,1901.0281,966.0721,1892.7904,9148959420884,9148993409894
969.7984,1904.4142,969.7984,1892.7904,9148993547030,9149026730936
959.781,1891.1022,966.0721,1892.7904,9149026896509,9149081079582
927.15424,1901.7902,966.0721,1892.7904,9149081162863,9149117153488
957.39355,1876.4467,959.781,1892.7904,9149117232551,9149151156717
946.7862,1898.6576,957.39355,1892.7904,9149151259374,9149185943019
961.3744,1883.5225,959.781,1892.7904,9149186024790,9149217521665
975.33563,1866.7848,959.781,1892.7904,9149217914686,9149254179738
967.5826,1892.1182,961.3744,1892.1182,9149254342655,9149286887342
957.7264,1831.8381,959.781,1892.1182,9149287041717,9149319899269
936.0366,1914.002,959.781,1892.1182,9149320143123,9149354408071
944.6684,1933.8883,957.7264,1892.1182,9149354571821,9149384944269
954.6341,1885.5002,954.6341,1892.1182,9149385029686,9149417311717
963.6049,1989.1826,957.7264,1892.1182,9149417393488,9149451232290
978.3455,1911.3331,957.7264,1892.1182,9149451327655,9149482390988
968.1527,1915.7524,963.6049,1911.3331,9149482486613,9149514060884
982.73175,1866.9293,968.1527,1892.1182,9149514137030,9149546433019
963.5847,1976.3347,963.6049,1911.3331,9149549733540,9149585108384
968.99115,1884.3656,968.1527,1892.1182,9149585409321,9149632479998
973.47296,1891.531,968.1527,1892.1182,9149632558175,9149661858175
989.8767,1872.1545,968.99115,1891.531,9149662038123,9149691176925
1002.18115,1810.833,973.47296,1891.531,9149691283228,9149721364165
1024.5231,1872.8602,989.8767,1872.8602,9149721533957,9149754553592
984.16113,1932.0836,984.16113,1891.531,9149754645571,9149786251717
989.7359,1851.1531,989.7359,1872.8602,9149787783957,9149818318957
976.7864,1855.7544,984.16113,1872.8602,9149818459790,9149850762134
971.26666,1910.1843,984.16113,1872.8602,9149850937863,9149883160623
965.25476,1897.3347,976.7864,1872.8602,9149885047446,9149918633904
964.1013,1887.6495,971.26666,1887.6495,9149919471925,9149959121873
946.5034,1966.3824,965.25476,1887.6495,9149959207290,9150004659946
976.2238,1885.7338,971.26666,1887.6495,9150005650884,9150047049425
991.8244,1816.5969,971.26666,1887.6495,9150047126925,9150086548279
991.1842,1855.681,976.2238,1885.7338,9150086631092,9150124126717
954.8542,1794.7704,971.26666,1855.681,9150124240467,9150158058279
982.85626,1859.2998,976.2238,1859.2998,9150158152915,9150231715206
949.5368,1860.6947,971.26666,1859.2998,9150231858904,9150270656144
959.3198,1804.5914,971.26666,1859.2998,9150270752550,9150304581456
952.7857,1822.2689,959.3198,1859.2998,9150307095936,9150345618644
958.92444,1840.7758,959.3198,1840.7758,9150345690311,9150379425415
983.53503,1850.0896,959.3198,1850.0896,9150379554165,9150412132342
978.7622,1789.8712,959.3198,1840.7758,9150412219269,9150444778331
968.66754,1856.4984,968.66754,1850.0896,9150444905206,9150477155883
972.3239,1869.2349,968.66754,1850.0896,9150477231456,9150509026821
988.31683,1834.1389,968.66754,1850.0896,9150509136613,9150541465363
998.8222,1807.9927,972.3239,1850.0896,9150541566144,9150581900206
991.391,1859.7238,988.31683,1850.0896,9150582443852,9150615505675
1004.47833,1869.867,991.391,1850.0896,9150615801769,9150649476717
993.68494,1901.831,991.391,1859.7238,9150651391717,9150685600415
1005.80505,1835.7328,993.68494,1850.0896,9150685686821,9150718517290
1019.1289,1816.323,993.68494,1850.0896,9150719070883,9150753268331
991.74146,1805.5747,993.68494,1835.7328,9150753419529,9150791342394
988.88184,1767.1802,993.68494,1816.323,9150791516300,9150829466665
985.1179,1778.5381,991.74146,1805.5747,9150829630206,9150859760831
1003.7129,1740.7433,993.68494,1778.5381,9150859865362,9150894038592
1001.59344,1758.3904,993.68494,1778.5381,9150895212862,9150927545467
982.76715,1762.8268,993.68494,1762.8268,9150927671560,9150959869060
1011.62036,1823.5071,993.68494,1778.5381,9150960112550,9150990768383
1000.57825,1779.1166,993.68494,1778.5381,9150990933592,9151022959998
1010.5863,1789.5187,1000.57825,1779.1166,9151023138175,9151062591925
993.9197,1751.6917,993.9197,1778.5381,9151062665935,9151092135206
994.3621,1789.027,994.3621,1779.1166,9151092302550,9151134166300
983.2934,1746.7887,993.9197,1778.5381,9151134320310,9151169940050
970.018,1745.4265,993.9197,1778.5381,9151170101248,9151207067029
977.5957,1677.0966,983.2934,1746.7887,9151207134008,9151256521716
1004.703,1735.1857,993.9197,1745.4265,9151256641716,9151287802289
994.1048,1711.2695,993.9197,1735.1857,9151287906664,9151326417081
988.326,1741.1724,993.9197,1741.1724,9151326496821,9151365284060
1014.5355,1778.3315,993.9197,1741.1724,9151365368227,9151403761664
978.2486,1774.923,993.9197,1741.1724,9151404178487,9151435947810
997.0314,1771.1968,993.9197,1771.1968,9151436085883,9151467347133
979.3542,1713.3278,993.9197,1741.1724,9151467504373,9151498894216
969.7367,1685.2886,993.9197,1741.1724,9151499016404,9151530848748
967.7223,1730.6228,979.3542,1730.6228,9151530949946,9151564497029
961.6774,1683.3185,969.7367,1730.6228,9151566376091,9151599209737
960.103,1690.3607,967.7223,1730.6228,9151599336300,9151632778071
985.5908,1703.8744,969.7367,1703.8744,9151633069060,9151665637654
1003.8134,1743.904,969.7367,1730.6228,9151665719112,9151704692289
979.177,1741.6202,979.177,1730.6228,9151704871091,9151737676508
980.0582,1673.0422,979.177,1730.6228,9151737844581,9151773674112
984.5258,1642.7648,979.177,1730.6228,9151773833695,9151804396873
989.7957,1678.7938,980.0582,1678.7938,9151804551508,9151834241820
964.1051,1630.2427,979.177,1678.7938,9151834325414,9151869485050
990.624,1658.5325,980.0582,1678.7938,9151869668070,9151901666508
993.9342,1621.5646,980.0582,1658.5325,9151901862029,9151931751300
991.0215,1616.0029,990.624,1658.5325,9151931848852,9151962908279
993.70544,1667.6202,991.0215,1658.5325,9151963003800,9151993828800
985.96844,1625.2682,990.624,1658.5325,9151993923904,9152028673018
1008.7566,1708.1622,991.0215,1658.5325,9152028844945,9152063333800
1022.3022,1676.4835,991.0215,1658.5325,9152063434164,9152094001664
988.19214,1631.6218,991.0215,1658.5325,9152094635622,9152126691612
1007.0816,1685.0151,991.0215,1658.5325,9152127131195,9152162478591
1021.071,1703.9319,991.0215,1658.5325,9152162580154,9152191420935
1000.02356,1664.9568,1000.02356,1664.9568,9152191588227,9152264253747
1027.3617,1692.2871,1000.02356,1664.9568,9152264384945,9152305790727
1034.2233,1728.7819,1000.02356,1664.9568,9152305867289,9152337782445
983.67596,1715.8115,1000.02356,1692.2871,9152338136299,9152368192654
1007.2861,1652.5518,1000.02356,1664.9568,9152372126091,9152405265466
993.12897,1526.8478,1000.02356,1664.9568,9152406032497,9152436858331
979.6435,1536.2618,1000.02356,1652.5518,9152439810101,9152471023122
980.2589,1531.0743,993.12897,1536.2618,9152477854008,9152509370518
947.474,1544.8881,980.2589,1544.8881,9152509955570,9152540468747
936.4473,1580.8774,980.2589,1544.8881,9152541178070,9152574486924
958.8534,1566.4071,958.8534,1544.8881,9152577346716,9152615923070
950.62823,1596.3518,958.8534,1566.4071,9152616167289,9152650455414
980.7578,1585.9352,958.8534,1566.4071,9152650593018,9152683324685
958.7474,1589.484,958.8534,1585.9352,9152683485414,9152718528226
961.1002,1574.1241,958.8534,1574.1241,9152718615987,9152769238695
970.9938,1576.8881,958.8534,1576.8881,9152769347237,9152802324945
981.24426,1576.733,961.1002,1576.733,9152802511560,9152833342758
997.219,1586.5603,970.9938,1576.8881,9152833499633,9152870170883
996.65894,1503.6754,981.24426,1576.733,9152870357497,9152906594372
982.5255,1547.0394,982.5255,1576.733,9152906695830,9152939364268
957.01117,1528.0358,981.24426,1547.0394,9152939492966,9152972148799
986.14667,1560.12,982.5255,1560.12,9152977391039,9153017791612
962.99945,1469.5325,981.24426,1547.0394,9153017869320,9153051232549
955.32745,1521.379,981.24426,1547.0394,9153051512653,9153086069841
950.9993,1537.897,962.99945,1537.897,9153086164737,9153118990778
971.1501,1519.6565,971.1501,1537.897,9153119094528,9153154395362
955.1054,1463.116,962.99945,1537.897,9153154541403,9153187770570
954.5226,1467.269,962.99945,1519.6565,9153187852341,9153221240153
968.53174,1461.1779,962.99945,1467.269,9153221357080,9153255800205
958.1058,1482.1351,962.99945,1482.1351,9153255963330,9153292415726
934.3101,1442.2827,962.99945,1467.269,9153292520257,9153323274945
945.529,1482.244,958.1058,1482.1351,9153323372757,9153358711664
933.91833,1467.3931,945.529,1467.3931,9153358812132,9153391279632
931.2403,1419.1079,945.529,1467.3931,9153391451455,9153422850414
941.5106,1447.4773,941.5106,1467.3931,9153423003539,9153456039841
925.34314,1508.0999,941.5106,1467.3931,9153456168174,9153491534997
933.6608,1452.7748,941.5106,1467.3931,9153491706195,9153523308330
934.3581,1420.0663,934.3581,1467.3931,9153523513226,9153559150414
944.4982,1459.1483,941.5106,1459.1483,9153559248070,9153597315622
949.2756,1428.7579,941.5106,1459.1483,9153597425830,9153630582236
786.67456,1321.1698,941.5106,1459.1483,9153630718226,9153664717132
790.5518,1281.6584,941.5106,1428.7579,9153664865153,9153699388538
742.3624,1229.1051,790.5518,1321.1698,9153699544684,9153732287653
705.11334,1250.7457,790.5518,1281.6584,9153732441195,9153776054476
721.0319,1265.9128,742.3624,1265.9128,9153776136663,9153810160101
734.4805,1313.4989,734.4805,1281.6584,9153810542288,9153842722445
832.4534,1412.0526,742.3624,1281.6584,9153842898278,9153872914580
816.1168,1448.3143,742.3624,1313.4989,9153873022913,9153907179007
801.25793,1326.8224,801.25793,1326.8224,9153907315674,9153937657184
816.5213,1353.3359,801.25793,1326.8224,9153938219632,9153969358695
805.9956,1319.5016,801.25793,1326.8224,9153974804215,9154018744215
783.03644,1379.4005,801.25793,1326.8224,9154018838486,9154054436038
646.22186,1270.7687,801.25793,1326.8224,9154054596924,9154096407132
593.80176,1360.3545,783.03644,1326.8224,9154096981767,9154139953851
578.61163,1277.9105,646.22186,1326.8224,9154140114840,9154173261090
601.3832,1283.4729,601.3832,1326.8224,9154173345622,9154206947653
513.54474,1223.8818,601.3832,1283.4729,9154207030309,9154237440882
517.17926,1304.6124,601.3832,1304.6124,9154238182445,9154267475153
520.60315,1257.7305,520.60315,1283.4729,9154271498434,9154304079840
626.35974,1267.6066,601.3832,1283.4729,9154304239944,9154338789944
891.6651,1200.9554,601.3832,1267.6066,9154338888226,9154370850361
895.8573,1158.1185,626.35974,1267.6066,9154371603069,9154405131819
885.64984,1180.2007,885.64984,1200.9554,9154405296507,9154445343694
875.0212,1256.4283,875.0212,1256.4283,9154445443122,9154479436351
922.0435,1225.249,885.64984,1225.249,9154479592653,9154511723538
912.07477,1164.9647,885.64984,1225.249,9154511791924,9154553485361
926.2466,1134.1466,912.07477,1225.249,9154553573226,9154586622913
931.09247,1125.6553,912.07477,1164.9647,9154586784476,9154621500726
908.1285,1142.74,912.07477,1142.74,9154621609424,9154653118851
876.6296,1079.223,912.07477,1142.74,9154653277757,9154683578278
882.50073,1012.1737,908.1285,1142.74,9154683674944,9154714172861
859.50476,1055.0002,882.50073,1079.223,9154714245726,9154750727965
869.9533,1069.2079,882.50073,1069.2079,9154750834944,9154786839996
881.1142,1118.0437,881.1142,1079.223,9154787023538,9154822166923
894.1439,1041.9487,882.50073,1069.2079,9154822272288,9154860667028
872.2219,981.3943,881.1142,1069.2079,9154861655101,9154892878955
885.2927,990.49054,882.50073,1041.9487,9154892971298,9154922762705
861.55707,1015.26984,881.1142,1015.26984,9154923211038,9154954753330
903.4821,1037.0405,882.50073,1037.0405,9154954854632,9154988649632
938.99054,1081.0717,882.50073,1037.0405,9154988745986,9155024183798
930.1635,1063.5828,903.4821,1037.0405,9155024279267,9155057879528
908.0854,991.1574,908.0854,1037.0405,9155057980986,9155090160048
939.8245,993.0467,908.0854,1037.0405,9155090887184,9155129825465
921.2761,1033.5995,908.0854,1033.5995,9155129903173,9155161431350
913.9016,1022.5832,913.9016,1033.5995,9155161598955,9155192994996
873.70135,987.4868,908.0854,1033.5995,9155194184944,9155227869996
839.2593,902.4235,908.0854,1022.5832,9155228068225,9155258932965
861.54126,924.83105,873.70135,987.4868,9155259037548,9155291672392
888.8448,963.88055,888.8448,963.88055,9155291754840,9155321532600
857.1192,940.4422,873.70135,963.88055,9155321680152,9155354943798
870.7944,911.26086,873.70135,963.88055,9155355052340,9155386262340
872.4559,865.25085,872.4559,940.4422,9155386360465,9155421585569
858.0031,899.71655,872.4559,911.26086,9155421686975,9155453487288
866.4358,880.7898,872.4559,899.71655,9155453652340,9155497279475
850.1966,893.7747,866.4358,899.71655,9155497363225,9155528338277
822.7468,953.8845,866.4358,899.71655,9155528458173,9155571551038
839.6697,980.8739,850.1966,899.71655,9155571645048,9155606190465
866.0509,897.2129,866.0509,899.71655,9155606270152,9155636259215
848.6226,899.1388,850.1966,899.71655,9155638194736,9155679994423
856.4005,855.5985,856.4005,899.1388,9155680824892,9155716873017
863.4237,886.5761,856.4005,899.1388,9155717022548,9155750698850
862.31775,917.99835,856.4005,899.1388,9155750865465,9155787749631
837.0472,873.1698,856.4005,899.1388,9155787829371,9155821795100
858.5237,830.4845,856.4005,899.1388,9155821899840,9155856754267
869.24524,869.34924,856.4005,873.1698,9155856923954,9155890408954
828.7121,880.2647,856.4005,880.2647,9155890508121,9155923748746
812.8715,819.373,856.4005,873.1698,9155923886611,9155968475777
826.8889,846.6722,828.7121,873.1698,9155968560725,9156002472600
840.3083,828.0877,840.3083,846.6722,9156002555517,9156036403017
794.78723,799.7144,828.7121,846.6722,9156036488485,9156067985048
814.32184,764.5611,828.7121,828.0877,9156072115517,9156104802965
820.34705,820.7225,820.34705,820.7225,9156104921923,9156138724163
806.26715,711.1979,820.34705,820.7225,9156139231402,9156170271715
824.10004,763.7357,820.34705,820.7225,9156170747340,9156205167444
821.04913,743.4519,820.34705,763.7357,9156205261767,9156240633017
840.3126,723.428,821.04913,763.7357,9156240728485,9156274089058
790.79584,720.9801,820.34705,743.4519,9156274161767,9156306465777
813.56195,695.824,820.34705,723.428,9156306541298,9156339267340
811.65906,714.0874,813.56195,720.9801,9156340204683,9156372646506
819.8548,704.6093,819.8548,714.0874,9156373657704,9156408788121
796.84863,651.0884,813.56195,714.0874,9156408887912,9156444266454
814.6891,658.2642,814.6891,704.6093,9156444363173,9156477475673
785.6976,606.22266,813.56195,658.2642,9156477565985,9156507156454
810.1209,637.5834,813.56195,658.2642,9156507246089,9156539964475
794.07697,608.2927,810.1209,637.5834,9156540111558,9156571003433
815.02716,615.4457,813.56195,637.5834,9156571085048,9156606057444
785.3177,561.2375,810.1209,615.4457,9156606224267,9156640607756
805.7924,612.8801,810.1209,615.4457,9156641805412,9156700552444
819.99396,643.0636,810.1209,615.4457,9156700660985,9156731746871
822.55725,595.4493,810.1209,615.4457,9156731845308,9156762816714
820.65765,523.89667,819.99396,615.4457,9156762898798,9156795509371
778.17883,558.10895,810.1209,595.4493,9156795618902,9156826408329
783.88605,544.76483,810.1209,558.10895,9156826561610,9156861836662
791.81903,569.57025,791.81903,569.57025,9156862005569,9156895853173
792.4211,544.57294,792.4211,558.10895,9156896044579,9156945446923
767.0829,585.5941,791.81903,569.57025,9156945522235,9156979642548
767.1603,552.1654,791.81903,558.10895,9156979783225,9157010973537
775.31854,576.17523,775.31854,569.57025,9157011106662,9157040409683
785.7734,547.964,785.7734,558.10895,9157041925777,9157080840048
708.68994,531.1018,775.31854,558.10895,9157080971089,9157113802964
696.787,610.70215,775.31854,558.10895,9157113892443,9157145272548
634.1603,480.3918,708.68994,558.10895,9157145434214,9157176186923
674.90814,597.658,696.787,558.10895,9157177876454,9157211541402
673.59717,569.87024,674.90814,558.10895,9157211676923,9157246493641
639.38873,481.03296,674.90814,558.10895,9157246622860,9157280407443
633.7043,507.46735,673.59717,558.10895,9157280548016,9157313447756
628.50464,466.60797,639.38873,507.46735,9157313598381,9157345278745
658.77026,481.87012,658.77026,507.46735,9157345421975,9157378771454
665.33734,468.1621,658.77026,481.87012,9157378915933,9157411125152
706.9713,532.4982,658.77026,507.46735,9157411257339,9157448778954
704.6806,481.0769,665.33734,481.87012,9157448864162,9157482857808
734.17914,487.2765,704.6806,487.2765,9157482994735,9157515163068
776.93256,527.0392,704.6806,487.2765,9157515315829,9157545645308
756.85144,502.42233,734.17914,487.2765,9157545740881,9157578908120
703.14545,496.78412,704.6806,496.78412,9157579082495,9157615500672
741.0327,425.70398,734.17914,487.2765,9157615991922,9157650637443
722.91205,373.54218,722.91205,487.2765,9157650809318,9157685802547
690.16156,439.84885,722.91205,439.84885,9157685973485,9157722357912
689.5737,399.76154,722.91205,439.84885,9157722502547,9157756368433
681.7,511.06396,690.16156,439.84885,9157756491766,9157790671037
699.378,534.4373,699.378,439.84885,9157790781714,9157823740568
695.1239,461.567,695.1239,461.567,9157824414579,9157856721974
673.2638,452.2025,695.1239,452.2025,9157856815568,9157907640620
621.321,478.79312,695.1239,461.567,9157907936714,9157939808329
638.31396,438.61578,673.2638,452.2025,9157941429110,9157975303276
652.3182,471.09857,652.3182,461.567,9157977062547,9158008301922
670.66547,454.26343,670.66547,454.26343,9158010475516,9158046598589
668.6366,433.1819,668.6366,454.26343,9158046682391,9158085251870
641.0784,504.9461,668.6366,454.26343,9158085422703,9158124043745
646.13086,418.92072,668.6366,454.26343,9158124851870,9158154974110
644.185,473.37964,646.13086,454.26343,9158155071558,9158188857860
607.73016,427.3756,646.13086,454.26343,9158188960412,9158222468068
652.39545,382.90866,646.13086,454.26343,9158222562287,9158256605151
660.84094,444.64795,646.13086,444.64795,9158256698641,9158286054526
638.0818,496.9126,646.13086,454.26343,9158287118589,9158329752287
650.5963,376.15628,646.13086,444.64795,9158329870724,9158362211245
622.98035,367.79276,646.13086,444.64795,9158362388641,9158393529735
577.2051,323.9578,646.13086,376.15628,9158393699422,9158426906037
548.3852,345.05597,622.98035,367.79276,9158426995776,9158459329370
525.8209,345.3258,577.2051,345.3258,9158459506922,9158491483328
528.27496,328.13055,548.3852,345.3258,9158491640985,9158521039891
512.884,325.63443,528.27496,345.3258,9158521142547,9158550916557
510.3262,380.15164,528.27496,345.3258,9158551075203,9158592424474
524.1192,434.33218,524.1192,345.3258,9158592584005,9158623764735
538.4469,412.3258,528.27496,380.15164,9158623939266,9158661086922
506.01245,351.92123,524.1192,351.92123,9158661160464,9158693159891
515.0225,278.33835,524.1192,351.92123,9158693347130,9158727120724
504.84058,282.4362,515.0225,351.92123,9158727206141,9158759126974
499.82898,262.3251,515.0225,282.4362,9158759294266,9158794665099
501.23935,303.27948,504.84058,303.27948,9158794747755,9158831075203
455.92773,225.90724,501.23935,282.4362,9158831235464,9158868444995
522.85297,251.12027,504.84058,282.4362,9158868531453,9158906005516
476.66037,227.58693,501.23935,251.12027,9158906141505,9158941809370
529.8432,225.99779,504.84058,251.12027,9158941893536,9158974859526
610.5742,244.2338,504.84058,244.2338,9158975939005,9159013229682
603.61847,225.42107,529.8432,244.2338,9159013391818,9159047472911
594.70447,273.796,594.70447,244.2338,9159047645724,9159079250828
618.13727,255.10387,594.70447,244.2338,9159079405307,9159116672391
614.3039,221.7976,594.70447,244.2338,9159116779213,9159149092911
606.9605,262.30872,606.9605,244.2338,9159149227182,9159182155776
612.04663,219.13782,606.9605,244.2338,9159182264370,9159216745828
580.34174,248.53331,606.9605,244.2338,9159217011974,9159249479838
572.1505,233.08398,606.9605,244.2338,9159249643901,9159285579161
554.4927,219.6272,580.34174,244.2338,9159285767078,9159333824370
597.4324,251.55797,597.4324,244.2338,9159333900307,9159365440568
600.2057,271.69397,597.4324,244.2338,9159365825307,9159405319265
608.029,320.34146,597.4324,251.55797,9159405408328,9159436719057
531.10187,323.33255,597.4324,271.69397,9159436798693,9159468980307
552.7624,243.38913,597.4324,251.55797,9159469921557,9159500322078
544.597,219.53024,552.7624,251.55797,9159500402286,9159531922807
548.2574,201.15411,552.7624,243.38913,9159532036245,9159563713745
494.64136,283.6655,548.2574,251.55797,9159570666192,9159605541922
530.9049,226.09465,548.2574,243.38913,9159606840515,9159637008328
424.30045,290.32773,530.9049,251.55797,9159637334265,9159671072807
410.5131,263.15186,530.9049,251.55797,9159672428328,9159706719109
422.42722,191.48972,424.30045,251.55797,9159706840567,9159740883328
365.3095,246.96559,422.42722,251.55797,9159741042390,9159771645463
359.11798,253.68309,422.42722,251.55797,9159771764578,9159805012963
395.08694,257.16238,395.08694,251.55797,9159806060151,9159837077078
501.6173,214.62029,422.42722,251.55797,9159837191349,9159872103849
451.9419,171.6449,422.42722,251.55797,9159872266192,9159907586713
540.1145,165.85703,451.9419,214.62029,9159907667286,9159937789057
525.9103,186.74313,451.9419,186.74313,9159938024994,9159980826036
516.4252,187.37422,516.4252,187.37422,9159980912026,9160011037911
516.6336,162.49823,516.4252,186.74313,9160011134786,9160044166921
529.2708,177.36815,516.4252,186.74313,9160044275671,9160075621140
541.4495,166.14253,516.6336,177.36815,9160075703224,9160107847026
495.4567,197.40063,516.4252,186.74313,9160107935203,9160138748796
525.5685,196.41524,516.6336,186.74313,9160138888171,9160170323901
491.18344,217.92523,516.4252,196.41524,9160171198901,9160204452963
486.27835,216.46733,516.4252,196.41524,9160204558276,9160235806973
506.66385,158.33362,506.66385,196.41524,9160235901140,9160271304109
434.88736,174.6521,506.66385,196.41524,9160271466609,9160321523848
456.24463,177.98065,506.66385,177.98065,9160322570151,9160354706817
441.25806,182.99046,456.24463,182.99046,9160355828484,9160389100619
454.8792,220.98953,456.24463,182.99046,9160389279942,9160419857078
424.46506,202.59128,454.8792,182.99046,9160419958900,9160481056400
463.19653,193.98784,456.24463,193.98784,9160481136973,9160513764005
432.35007,238.21791,454.8792,193.98784,9160513922859,9160547405411
426.4492,188.3355,454.8792,193.98784,9160547579994,9160586650671
434.94345,222.86331,434.94345,193.98784,9160586746505,9160622887338
430.06332,191.94164,434.94345,193.98784,9160623046088,9160655864786
420.76984,184.42654,434.94345,193.98784,9160656072442,9160689027807
435.8905,173.67984,434.94345,191.94164,9160689200775,9160722349630
421.573,187.70503,434.94345,187.70503,9160722506036,9160753187702
477.1903,185.90501,434.94345,187.70503,9160753287130,9160791127338
469.43408,202.13051,434.94345,187.70503,9160791292755,9160826903067
456.20486,197.18916,456.20486,187.70503,9160827057234,9160865543067
405.85437,183.46265,434.94345,187.70503,9160865621192,9160900802963
410.90646,198.69647,434.94345,187.70503,9160900967286,9160931502025
323.3366,203.0904,410.90646,187.70503,9160932569525,9160963285098
373.4758,203.8638,410.90646,198.69647,9160964160984,9160995964369
364.33286,194.75345,373.4758,194.75345,9160997527182,9161027433327
365.01813,242.98572,373.4758,198.69647,9161031682442,9161063738952
382.66003,201.65108,373.4758,198.69647,9161064979213,9161097629265
376.42807,200.9184,373.4758,200.9184,9161098596036,9161129856140
245.3875,187.0759,373.4758,198.69647,9161130019213,9161163656661
173.61699,195.84375,373.4758,198.69647,9161167462702,9161199589681
229.27664,182.75212,245.3875,195.84375,9161199673223,9161235616296
228.19026,178.67404,229.27664,195.84375,9161237517494,9161273089838
227.57256,178.18506,229.27664,182.75212,9161273199317,9161307932129
213.14693,211.60553,228.19026,195.84375,9161308059994,9161343678640
200.39302,187.0137,227.57256,187.0137,9161343767806,9161376370983
233.65428,196.92793,228.19026,195.84375,9161376458848,9161419575931
397.3694,216.53166,228.19026,195.84375,9161419696608,9161450026765
441.38666,202.77878,233.65428,196.92793,9161450112650,9161482723640
450.2475,196.74281,397.3694,196.74281,9161482893952,9161518850463
406.9263,232.21916,406.9263,196.92793,9161519897910,9161551460254
449.4475,172.15724,406.9263,196.74281,9161551578535,9161587870098
414.08975,217.32123,406.9263,196.92793,9161587982806,9161618616556
472.6637,178.60852,414.08975,196.74281,9161619497233,9161659429473
425.5846,178.31834,414.08975,196.74281,9161659519890,9161691934681
417.69937,182.13919,417.69937,182.13919,9161692121973,9161726416192
321.222,227.43108,414.08975,196.74281,9161726509212,9161756266817
383.51355,227.2039,414.08975,196.74281,9161756382546,9161789614785
380.7723,250.32857,383.51355,227.2039,9161789685567,9161823546400
369.0851,244.54968,383.51355,227.2039,9161823638640,9161852203171
363.84583,198.93352,380.7723,227.2039,9161852313587,9161883597598
378.24057,193.15408,378.24057,227.2039,9161883724629,9161912982442
387.36462,195.76616,380.7723,198.93352,9161913059577,9161945333379
368.69986,189.96999,378.24057,195.76616,9161945504681,9161979975306
329.71338,211.39693,378.24057,198.93352,9161980266244,9162012274369
359.5872,202.8008,368.69986,198.93352,9162012361504,9162042846608
326.88678,206.3586,359.5872,202.8008,9162042945879,9162075194421
346.11215,212.78268,359.5872,202.8008,9162075278796,9162110254889
378.49796,208.5549,359.5872,206.3586,9162110342442,9162141007806
374.325,220.75035,359.5872,208.5549,9162141160462,9162173493483
388.44025,235.9793,374.325,208.5549,9162173591296,9162207717337
367.2528,311.35046,367.2528,220.75035,9162207863379,9162253702077
396.2836,223.27177,374.325,223.27177,9162254473483,9162282926400
392.81262,211.09088,374.325,220.75035,9162283031869,9162319132702
352.87277,242.65057,374.325,223.27177,9162319559160,9162374044733
329.7129,244.12068,374.325,223.27177,9162374134785,9162411528379
342.4871,234.63042,352.87277,234.63042,9162411697858,9162445377025
340.02356,221.937,342.4871,223.27177,9162445485827,9162479541087
356.95993,251.84958,352.87277,234.63042,9162479649108,9162511758900
359.56204,253.2162,352.87277,234.63042,9162511936816,9162548969889
352.55225,258.68622,352.87277,251.84958,9162549052493,9162578857441
332.53348,224.70439,352.87277,234.63042,9162579002650,9162615867025
329.97873,235.56839,352.55225,235.56839,9162616057129,9162658166608
372.1397,211.36407,352.87277,234.63042,9162658257129,9162689379264
354.53998,268.38687,352.87277,235.56839,9162689552337,9162722495931
325.89417,244.19208,352.87277,235.56839,9162722624056,9162753783118
372.831,251.15657,352.87277,244.19208,9162753908952,9162792441452
342.07202,240.45883,352.87277,240.45883,9162792530306,9162827411400
338.70337,283.28345,352.87277,244.19208,9162827596243,9162857935045
335.14258,250.4121,342.07202,244.19208,9162858101087,9162887926504
358.12546,249.0974,352.87277,249.0974,9162888153431,9162919173379
309.68985,270.1047,342.07202,249.0974,9162919282285,9162956915670
326.3504,259.89383,342.07202,249.0974,9162957077493,9162986545202
331.11862,276.47525,331.11862,259.89383,9162986680358,9163021258274
353.6051,292.3875,342.07202,259.89383,9163021427233,9163050623952
331.24115,251.67737,331.24115,259.89383,9163050722702,9163082694160
305.843,295.36905,331.24115,259.89383,9163082788743,9163115773587
335.3741,306.23718,331.24115,259.89383,9163115910254,9163145618222
306.66058,276.44788,331.24115,276.44788,9163145748170,9163181330931
334.80206,309.7153,331.24115,276.44788,9163181495931,9163215884368
313.70853,339.5114,331.24115,276.44788,9163215984889,9163251839264
298.32883,320.8602,331.24115,309.7153,9163251942649,9163282368326
319.02463,345.3808,319.02463,320.8602,9163282453483,9163315037754
312.00876,348.77823,319.02463,320.8602,9163315138274,9163372474629
312.95706,308.7431,319.02463,320.8602,9163372614576,9163405051868
234.57214,461.6517,312.95706,320.8602,9163405136608,9163442785410
266.73215,434.68182,312.95706,320.8602,9163442885358,9163479880358
265.4998,434.11624,266.73215,434.11624,9163480114524,9163512096295
240.23505,432.07913,266.73215,432.07913,9163512264264,9163544815149
245.35715,471.26907,265.4998,434.11624,9163544983795,9163578351451
245.93254,437.21838,245.93254,434.11624,9163578510566,9163608739420
235.44864,454.85272,245.93254,437.21838,9163608916295,9163643772962
222.88002,484.22205,245.93254,437.21838,9163643933483,9163677031868
234.9208,389.64267,235.44864,437.21838,9163677112858,9163718300618
279.2966,402.70267,245.93254,437.21838,9163718925253,9163750697337
245.92372,354.92072,245.92372,402.70267,9163750793691,9163782980358
251.19286,428.30392,245.93254,428.30392,9163783700722,9163822670462
234.20975,438.5543,245.92372,428.30392,9163823675253,9163856618066
263.79688,478.69284,245.93254,428.30392,9163856780410,9163889870774
269.113,446.90457,245.93254,438.5543,9163890013014,9163924235774
263.06235,444.77084,263.06235,444.77084,9163924317441,9163955723222
300.21234,439.7363,263.06235,439.7363,9163955898430,9163988579264
290.45297,468.9071,263.06235,444.77084,9163988695826,9164020840149
244.91615,423.61108,263.06235,439.7363,9164021020826,9164060908326
251.67348,440.7886,263.06235,440.7886,9164061007493,9164090006816
294.9781,411.38846,263.06235,439.7363,9164090132441,9164121803795
286.7203,368.37534,263.06235,439.7363,9164121885045,9164152481347
256.93234,413.23907,263.06235,413.23907,9164152649524,9164186087180
303.5552,426.53238,263.06235,426.53238,9164186237232,9164220957024
289.4681,422.2248,263.06235,422.2248,9164221033014,9164251534003
267.74213,474.09232,267.74213,426.53238,9164251621920,9164285523222
285.0674,448.38458,267.74213,426.53238,9164285637389,9164321703378
255.3277,512.69366,267.74213,448.38458,9164321795409,9164351699316
302.5464,518.9266,267.74213,448.38458,9164351866243,9164384949211
264.81766,491.01086,267.74213,491.01086,9164385116920,9164430873170
227.75514,525.5822,267.74213,491.01086,9164430962961,9164464242284
215.639,534.67285,264.81766,491.01086,9164464959159,9164504306086
225.18268,536.5071,227.75514,525.5822,9164504392128,9164538285878
165.55133,692.6555,225.18268,534.67285,9164538368482,9164571471816
218.34782,540.7237,225.18268,536.5071,9164571580774,9164607577649
196.08319,580.84564,218.34782,540.7237,9164607674263,9164640253743
183.47939,600.9519,218.34782,540.7237,9164640403326,9164671379524
216.23692,579.1837,216.23692,579.1837,9164671529524,9164714230566
237.2184,558.44305,218.34782,558.44305,9164714328743,9164747032961
214.47829,684.8882,216.23692,579.1837,9164747124316,9164777837388
216.35333,588.0642,216.35333,579.1837,9164777944055,9164809541399
263.69083,572.9336,216.35333,579.1837,9164809625670,9164843166972
237.4306,558.4052,216.35333,579.1837,9164843337440,9164877802180
241.01256,528.7319,237.4306,572.9336,9164877943534,9164909569315
260.00485,606.4997,237.4306,579.1837,9164909743430,9164942802961
255.80911,614.8136,241.01256,579.1837,9164942890097,9164975664211
224.16443,616.1338,237.4306,606.4997,9164975808586,9165009713378
269.28955,630.83936,241.01256,614.8136,9165009798638,9165040675513
266.75867,609.61017,241.01256,609.61017,9165040829888,9165075662805
288.94205,635.3824,266.75867,614.8136,9165075821347,9165113347753
229.92285,716.4512,241.01256,614.8136,9165113425930,9165143643274
274.95544,731.68506,266.75867,635.3824,9165143759576,9165177848170
265.3076,690.4719,265.3076,690.4719,9165177936451,9165211689055
277.98895,691.5547,266.75867,690.4719,9165211783742,9165245258794
234.68317,754.2527,265.3076,690.4719,9165245353690,9165279748586
227.86964,799.9282,265.3076,691.5547,9165279844992,9165313313274
238.51263,815.0389,238.51263,754.2527,9165313430253,9165350539732
222.26617,885.17163,238.51263,799.9282,9165350739107,9165383380149
239.37038,832.14764,238.51263,815.0389,9165383564315,9165421152857
218.56642,775.535,238.51263,799.9282,9165421309159,9165450732596
188.65103,819.16455,238.51263,815.0389,9165450851399,9165482032076
198.19362,760.96796,218.56642,799.9282,9165482196555,9165514763221
227.68031,732.14386,227.68031,799.9282,9165514882024,9165546771607
173.14432,724.78326,218.56642,760.96796,9165546874784,9165578121555
206.82597,745.24506,218.56642,745.24506,9165578209003,9165610918534
194.75345,724.3489,206.82597,745.24506,9165611016971,9165643497961
182.79073,882.5627,206.82597,745.24506,9165643573742,9165680572232
206.18661,870.5106,206.18661,745.24506,9165681537544,9165717269003
197.65149,883.88666,206.18661,870.5106,9165717422076,9165768666451
229.92224,979.9813,206.18661,870.5106,9165768755982,9165800713169
242.89143,892.02423,206.18661,883.88666,9165802394628,9165835199367
277.21964,950.26733,229.92224,892.02423,9165835328690,9165867609888
292.03107,958.0802,242.89143,892.02423,9165869240565,9165901965200
288.93372,955.0711,277.21964,950.26733,9165902057128,9165934922753
303.48602,919.54675,288.93372,919.54675,9165935063221,9165966890825
290.08188,918.4911,288.93372,919.54675,9165968323430,9166001311034
244.56172,868.98224,288.93372,919.54675,9166002405825,9166033874680
259.09283,969.2528,288.93372,919.54675,9166034035409,9166064864419
256.22635,970.5078,259.09283,919.54675,9166067278482,9166110191086
206.42892,1025.1631,259.09283,969.2528,9166110286763,9166143555617
210.16443,1011.13214,256.22635,970.5078,9166143663169,9166194507752
210.18742,1062.4606,210.18742,1011.13214,9166194595461,9166230209732
191.10034,1031.3118,210.18742,1011.13214,9166230368690,9166266083325
213.25696,1066.5797,210.18742,1031.3118,9166266186138,9166300245044
220.15506,1033.746,210.18742,1031.3118,9166300323273,9166330846242
222.12762,1022.7322,213.25696,1031.3118,9166330946659,9166363491398
220.01459,1072.4595,220.01459,1031.3118,9166363655617,9166400595565
195.65614,1098.6504,213.25696,1031.3118,9166400689211,9166433335982
199.66463,1099.5021,213.25696,1072.4595,9166433876815,9166465781242
174.13026,1155.1066,199.66463,1098.6504,9166467228534,9166497702804
197.68642,1114.5052,199.66463,1099.5021,9166498653117,9166529978534
192.04147,1100.5709,197.68642,1100.5709,9166530399054,9166563841711
137.96887,1189.0967,197.68642,1100.5709,9166564000252,9166595749992
164.97243,1174.727,192.04147,1100.5709,9166596989679,9166631479159
135.7308,1184.9971,164.97243,1174.727,9166631788586,9166664124523
143.73589,1229.4586,164.97243,1174.727,9166665800200,9166698465148
184.92702,1125.5172,164.97243,1174.727,9166698570929,9166730590304
178.7043,1127.8788,164.97243,1174.727,9166731773221,9166762739888
139.25514,1168.5273,164.97243,1168.5273,9166764373898,9166795006919
157.92393,1183.3994,164.97243,1174.727,9166795105929,9166826843221
154.18365,1208.7719,157.92393,1174.727,9166826976398,9166857015304
161.87926,1242.6111,161.87926,1183.3994,9166862011502,9166895953690
130.46284,1341.3418,157.92393,1208.7719,9166896596294,9166929384263
136.44865,1317.8062,157.92393,1242.6111,9166929856658,9166966690460
169.39833,1246.5707,157.92393,1246.5707,9166968044263,9167004107179
159.3628,1296.7664,157.92393,1246.5707,9167005807335,9167035848846
163.1267,1351.5287,159.3628,1246.5707,9167036155669,9167087075513
167.57156,1272.4994,159.3628,1272.4994,9167087182023,9167122889523
169.22267,1295.7799,163.1267,1272.4994,9167122995408,9167156437492
185.39783,1296.7568,167.57156,1272.4994,9167156545669,9167187518690
197.65344,1267.7758,169.22267,1272.4994,9167187684158,9167220686658
205.14757,1279.8196,185.39783,1272.4994,9167220850825,9167254603429
208.04982,1246.0233,197.65344,1272.4994,9167254775877,9167289721242
185.66176,1305.6162,185.66176,1272.4994,9167289881033,9167324187440
154.73315,1431.7657,185.66176,1272.4994,9167324301033,9167355756398
140.3162,1419.8964,185.66176,1305.6162,9167355848012,9167386179523
127.09624,1427.7207,154.73315,1419.8964,9167386354835,9167415853950
124.82766,1343.8701,140.3162,1343.8701,9167416112752,9167455602908
113.55244,1428.6041,127.09624,1419.8964,9167455771294,9167489656346
110.21754,1432.6016,124.82766,1419.8964,9167489804679,9167522960721
121.79413,1382.5582,121.79413,1419.8964,9167523080408,9167565015877
101.28636,1391.2861,121.79413,1419.8964,9167565911762,9167596234158
105.00492,1400.2299,121.79413,1400.2299,9167596322179,9167628665929
110.5314,1456.2126,110.5314,1419.8964,9167629639471,9167659657856
129.48329,1347.8202,121.79413,1400.2299,9167660090564,9167691151241
115.50931,1400.9253,115.50931,1400.9253,9167695183221,9167728435096
122.45724,1422.7574,121.79413,1400.9253,9167728519262,9167762686606
123.651344,1449.951,121.79413,1400.9253,9167763972596,9167795125773
113.77684,1443.6315,121.79413,1422.7574,9167796103950,9167826909679
108.202805,1507.2418,121.79413,1443.6315,9167827989627,9167860739575
148.45195,1469.654,121.79413,1443.6315,9167860820252,9167896709835
159.16623,1484.278,121.79413,1469.654,9167911925043,9167947670721
156.41124,1390.3456,148.45195,1443.6315,9167947837804,9167977717179
139.16864,1425.1007,139.16864,1443.6315,9167978809835,9168011338429
149.4883,1598.5454,148.45195,1443.6315,9168012107543,9168042479054
158.2585,1569.6316,148.45195,1443.6315,9168042581450,9168076619887
209.4067,1486.1232,149.4883,1486.1232,9168076704210,9168106760981
179.75642,1515.6371,158.2585,1486.1232,9168106861658,9168139863793
164.5858,1561.6829,164.5858,1486.1232,9168139947856,9168172625564
207.35365,1601.8933,164.5858,1515.6371,9168172728950,9168203707856
151.38329,1603.1082,164.5858,1561.6829,9168203803273,9168236087075
160.0146,1569.1938,164.5858,1569.1938,9168236197283,9168265269470
156.32594,1582.0973,160.0146,1569.1938,9168266386345,9168299361397
187.75339,1593.343,164.5858,1569.1938,9168299529522,9168333466085
171.89154,1567.8688,164.5858,1569.1938,9168333593741,9168368077543
132.06735,1663.8359,164.5858,1569.1938,9168368169991,9168406273220
146.7644,1601.1001,164.5858,1569.1938,9168406405043,9168442360304
170.48518,1585.8469,164.5858,1585.8469,9168442455200,9168474031762
155.25787,1646.8456,164.5858,1585.8469,9168474135512,9168510380824
158.74036,1679.6641,164.5858,1585.8469,9168511351085,9168545318793
132.69101,1690.5972,158.74036,1646.8456,9168545469106,9168579775929
191.78262,1645.9309,164.5858,1645.9309,9168579986866,9168609038272
161.81007,1638.0745,161.81007,1645.9309,9168609123116,9168642306085
162.14502,1625.2526,162.14502,1645.9309,9168642412387,9168674592022
148.09189,1572.3934,161.81007,1638.0745,9168674686918,9168730315929
129.81924,1623.4397,161.81007,1625.2526,9168730398793,9168765933533
145.88396,1602.6678,148.09189,1623.4397,9168766019991,9168800558533
105.146614,1616.0066,145.88396,1623.4397,9168800704783,9168833711710
125.444046,1586.0586,145.88396,1616.0066,9168833838585,9168865931658
112.44212,1665.6935,125.444046,1623.4397,9168866093689,9168899559887
172.52797,1654.2487,145.88396,1623.4397,9168899714106,9168934998741
139.76772,1718.4219,139.76772,1654.2487,9168935097335,9168971957178
120.79057,1678.2236,139.76772,1654.2487,9168972311553,9169003520616
120.313934,1631.151,139.76772,1654.2487,9169003710043,9169039834991
162.96722,1679.27,139.76772,1654.2487,9169039945772,9169072749783
125.52362,1673.1636,139.76772,1654.2487,9169072905720,9169104049678
107.78403,1754.7156,139.76772,1673.1636,9169104168741,9169136779314
83.30702,1794.887,125.52362,1673.1636,9169136925303,9169170418428
71.25911,1769.5619,107.78403,1754.7156,9169170574210,9169202767647
72.95668,1779.3242,83.30702,1769.5619,9169202931918,9169236894991
79.2858,1774.9886,79.2858,1769.5619,9169237011553,9169273002230
96.41225,1759.3589,83.30702,1769.5619,9169273139574,9169307579522
115.79192,1788.6685,83.30702,1769.5619,9169307674314,9169340517543
103.69704,1764.4681,96.41225,1769.5619,9169340627751,9169374805460
63.292694,1819.4172,83.30702,1769.5619,9169374890407,9169411677907
75.29196,1844.5465,83.30702,1769.5619,9169411816032,9169443332699
100.16182,1748.5027,83.30702,1769.5619,9169443481762,9169473964782
85.95744,1773.3912,83.30702,1769.5619,9169474048637,9169513254782
108.85934,1771.2057,85.95744,1769.5619,9169513346085,9169545070772
80.78573,1789.2692,83.30702,1771.2057,9169545227960,9169579655095
96.1645,1764.8246,85.95744,1769.5619,9169579829522,9169613153637
135.85597,1807.8546,85.95744,1771.2057,9169613329782,9169643292751
100.98423,1863.9612,96.1645,1771.2057,9169643461709,9169673795616
126.755066,1833.2933,100.98423,1807.8546,9169673892803,9169707582126
80.861336,1839.5732,96.1645,1833.2933,9169707670980,9169742322855
112.92691,1846.4585,100.98423,1833.2933,9169743147022,9169777820199
101.5037,1869.8252,100.98423,1839.5732,9169777927907,9169808658897
92.08812,1883.7833,100.98423,1846.4585,9169809493532,9169842055355
108.08011,1883.095,100.98423,1869.8252,9169842464678,9169878072751
100.48375,1882.9669,100.98423,1882.9669,9169878218845,9169911543584
108.6287,1784.2466,100.98423,1869.8252,9169911723428,9169949031501
142.52295,1837.2485,100.98423,1869.8252,9169949225980,9169983305876
131.99593,1835.5725,108.6287,1837.2485,9169983389418,9170025207230
115.743,1769.3185,115.743,1837.2485,9170025469366,9170058382855
151.99911,1871.9178,115.743,1837.2485,9170058471605,9170117195563
167.97249,1867.3203,115.743,1837.2485,9170117298793,9170145696084
123.26374,1915.9169,123.26374,1867.3203,9170145894574,9170176799470
137.4636,1957.3151,123.26374,1867.3203,9170176974418,9170209220668
138.31352,1892.9158,123.26374,1892.9158,9170209388532,9170240404938
116.62933,1852.0692,123.26374,1867.3203,9170240507595,9170287029990
195.57103,1854.8444,123.26374,1867.3203,9170287146657,9170320584522
152.37463,1879.5022,123.26374,1867.3203,9170320676397,9170355535563
209.9299,1921.6876,152.37463,1867.3203,9170355622334,9170389294938
185.76924,1867.4728,152.37463,1867.4728,9170389377178,9170420674990
206.6984,1913.5925,185.76924,1867.4728,9170421280772,9170480592647
161.80733,1898.5903,161.80733,1867.4728,9170480689365,9170519180355
152.74615,1884.8612,161.80733,1884.8612,9170519269417,9170552144678
130.55367,1870.6722,161.80733,1870.6722,9170552296605,9170586482699
144.49149,1892.8613,152.74615,1884.8612,9170586649938,9170621640511
143.08296,1880.675,144.49149,1880.675,9170621820824,9170651803376
156.65694,1904.4777,152.74615,1884.8612,9170651958949,9170682359417
156.20409,1924.9465,152.74615,1884.8612,9170682529001,9170713512074
139.37456,1919.1051,152.74615,1904.4777,9170713702386,9170745451188
166.43835,1895.5334,152.74615,1895.5334,9170745651292,9170778992282
164.83742,1892.0366,152.74615,1895.5334,9170779084469,9170810375251
148.56271,1935.4585,152.74615,1895.5334,9170810508011,9170841068011
153.03131,1927.0079,152.74615,1895.5334,9170841161344,9170873414313
167.84862,1907.0632,152.74615,1907.0632,9170873514469,9170905527282
151.70088,1896.5034,152.74615,1896.5034,9170905644105,9170937526084
148.18364,1987.3896,152.74615,1907.0632,9170937648219,9170976501084
144.5512,2021.1974,151.70088,1907.0632,9170976601032,9171022159261
140.49782,2001.4918,148.18364,1987.3896,9171022317646,9171057820719
94.96264,2012.888,144.5512,2001.4918,9171057897438,9171090616605
143.36374,1967.5891,143.36374,1987.3896,9171090811396,9171122083480
185.722,1953.7777,144.5512,1987.3896,9171122166501,9171158597334
138.73135,1918.4266,143.36374,1967.5891,9171158733323,9171189280667
188.30067,1964.4082,144.5512,1964.4082,9171189372594,9171223703167
170.28168,2004.1987,144.5512,1967.5891,9171224422542,9171261230876
175.48843,1970.3704,170.28168,1967.5891,9171261315303,9171295478688
189.78813,2052.6655,170.28168,1970.3704,9171295570198,9171328280042
242.33377,2080.639,175.48843,1970.3704,9171329615563,9171361756188
200.24062,2077.1147,189.78813,2052.6655,9171361916865,9171395415198
170.1573,2013.1796,175.48843,2013.1796,9171395563063,9171427196136
271.07462,2064.5967,189.78813,2052.6655,9171428303948,9171463623375
245.45789,2081.134,189.78813,2052.6655,9171463706865,9171493662282
244.7801,2063.0183,244.7801,2063.0183,9171493822073,9171525932803
219.22389,2027.0815,219.22389,2052.6655,9171531425094,9171566229886
212.39035,2039.0277,219.22389,2052.6655,9171566358584,9171599938375
259.0066,2060.809,219.22389,2052.6655,9171600151240,9171635770823
176.8493,1990.9166,219.22389,2052.6655,9171635836344,9171667739782
234.83609,2115.8533,219.22389,2052.6655,9171667904573,9171700841084
206.9187,2051.733,219.22389,2052.6655,9171701045511,9171737300875
205.19159,2066.0378,219.22389,2052.6655,9171737477125,9171773114729
186.76558,2080.7246,206.9187,2052.6655,9171773472802,9171805949104
195.38977,2057.2346,205.19159,2057.2346,9171806039157,9171841430667
196.13156,2097.395,196.13156,2057.2346,9171841556448,9171875776240
221.81815,2058.9736,205.19159,2057.2346,9171875941917,9171911752125
147.71486,2054.4893,196.13156,2057.2346,9171911876657,9171956093375
212.64622,2049.7798,205.19159,2057.2346,9171956822750,9171991602854
205.85693,2025.545,205.19159,2054.4893,9171993115563,9172029371448
224.371,2115.1733,205.85693,2057.2346,9172029532750,9172060081552
224.07549,2124.7917,205.85693,2057.2346,9172061047698,9172094094104
176.42201,2101.242,205.85693,2101.242,9172094175511,9172129542750
215.77176,2094.6675,205.85693,2094.6675,9172130681344,9172164331344
236.61035,2074.1995,205.85693,2094.6675,9172164480406,9172203161708
267.35892,2140.09,215.77176,2094.6675,9172203299625,9172236961656
248.13419,2042.7079,236.61035,2094.6675,9172237059208,9172270945563
225.28444,2033.4513,225.28444,2094.6675,9172271040875,9172309320354
274.20477,2043.039,236.61035,2043.039,9172309489104,9172342438479
243.67969,2056.944,236.61035,2056.944,9172342636865,9172384083427
252.73792,2056.9133,243.67969,2056.9133,9172384162542,9172426669833
240.45259,2028.2363,240.45259,2056.9133,9172426747125,9172459270667
226.73865,2099.5237,240.45259,2056.9133,9172460183219,9172496393531
270.30124,2022.0686,240.45259,2056.9133,9172496487854,9172527842906
279.21725,2016.4456,240.45259,2056.9133,9172528055302,9172560315094
282.79745,2085.5457,270.30124,2056.9133,9172561238219,9172591168896
304.86285,2056.8928,279.21725,2056.9133,9172592025406,9172625735302
317.258,2100.8357,282.79745,2056.9133,9172626574625,9172658764156
324.6923,2063.1865,304.86285,2056.9133,9172659850875,9172691986812
352.64294,2112.964,317.258,2063.1865,9172693218375,9172724181656
333.83636,2144.0798,324.6923,2063.1865,9172725377437,9172762390667
367.54892,2064.67,333.83636,2064.67,9172768156240,9172802502646
340.42352,2042.72,333.83636,2063.1865,9172802602490,9172835465927
310.02994,2028.436,333.83636,2063.1865,9172835636969,9172868463167
338.24295,2063.3345,333.83636,2063.1865,9172868548479,9172921797333
328.24182,2085.1763,333.83636,2063.1865,9172922327646,9172955346604
309.48334,2065.4243,333.83636,2063.3345,9172955425510,9172989665406
332.84842,2113.3733,332.84842,2065.4243,9172989803271,9173024803427
312.2503,2058.2083,332.84842,2063.3345,9173026133844,9173060690771
299.85883,2074.9827,332.84842,2065.4243,9173060784989,9173093977021
286.00558,2069.2578,312.2503,2065.4243,9173094730094,9173127510614
346.5453,2091.0347,332.84842,2069.2578,9173127676291,9173158728896
355.94016,2057.0525,332.84842,2065.4243,9173160377802,9173192943791
311.54327,2033.8298,332.84842,2065.4243,9173193032333,9173227030719
296.80164,2079.9973,332.84842,2065.4243,9173227113114,9173258296916
336.41275,2113.3506,332.84842,2065.4243,9173258441760,9173291777698
345.82922,2075.5142,332.84842,2075.5142,9173293243166,9173325293323
330.39673,2054.4297,332.84842,2065.4243,9173326493479,9173360861448
297.75284,2073.753,332.84842,2073.753,9173360954989,9173393133948
321.69537,2133.4692,330.39673,2073.753,9173393288271,9173425388062
320.85483,2062.2407,321.69537,2073.753,9173427387646,9173459953062
325.77737,2085.9148,325.77737,2073.753,9173460063948,9173492909364
353.60208,2097.7065,325.77737,2073.753,9173494051916,9173525519833
359.58713,2102.5024,325.77737,2085.9148,9173525602489,9173558491395
408.852,2111.9475,353.60208,2097.7065,9173559226395,9173592482541
358.86542,2028.6085,358.86542,2085.9148,9173592550770,9173622366864
364.44077,2022.1348,358.86542,2085.9148,9173623576291,9173662717489
393.4992,1991.4637,358.86542,2028.6085,9173662845354,9173695986187
403.75967,2103.684,364.44077,2085.9148,9173696193114,9173728431656
397.66315,2021.6946,393.4992,2028.6085,9173728588375,9173760253114
397.20514,2049.4224,397.20514,2049.4224,9173760338791,9173792129885
378.12994,1999.9166,393.4992,2028.6085,9173792288166,9173824739625
338.92365,2028.2427,393.4992,2028.6085,9173824811447,9173869993895
382.99268,1984.871,382.99268,2028.2427,9173870077906,9173903266760
405.60785,1966.6881,393.4992,2028.2427,9173903363114,9173937413166
452.64163,1964.9868,393.4992,1984.871,9173937997697,9173973192229
386.06064,1992.3492,393.4992,1992.3492,9173973373062,9174007244989
353.95975,2003.6449,393.4992,1992.3492,9174007417229,9174042586864
378.69882,2035.3314,386.06064,1992.3492,9174042755979,9174074147802
370.03217,2019.3342,378.69882,2003.6449,9174074361187,9174104529885
438.60263,1986.6284,386.06064,1992.3492,9174104668062,9174136570249
386.4394,2012.1997,386.06064,2003.6449,9174136668999,9174169251916
408.37518,2036.7753,386.4394,2003.6449,9174169356551,9174203724676
420.83762,2009.6445,386.4394,2009.6445,9174203858218,9174237044051
435.86542,2011.5679,408.37518,2009.6445,9174237191083,9174269121604
472.12204,2004.5814,420.83762,2009.6445,9174269229156,9174302284833
506.78506,2025.2574,435.86542,2009.6445,9174302378947,9174337832124
527.67834,1932.7256,472.12204,2009.6445,9174338708166,9174383297489
501.58856,2038.5946,501.58856,2009.6445,9174383374989,9174415987958
475.60342,1979.2173,475.60342,2009.6445,9174416108583,9174450257176
420.99042,1993.5022,475.60342,2009.6445,9174451216656,9174484580978
465.29422,2082.1729,475.60342,2009.6445,9174484685562,9174520825926
488.85504,2055.4756,475.60342,2009.6445,9174521898895,9174555799624
461.60178,1984.9412,475.60342,2009.6445,9174555877853,9174585962593
476.2504,2042.6621,475.60342,2009.6445,9174587787906,9174618739468
474.77063,2027.5878,475.60342,2009.6445,9174620074155,9174656983687
408.68948,1938.4962,475.60342,2009.6445,9174657076968,9174689088478
481.42993,2003.8309,475.60342,2009.6445,9174690560301,9174723004051
463.46902,1982.6322,475.60342,2003.8309,9174723675718,9174755134416
438.6539,1967.2006,475.60342,2003.8309,9174755216083,9174789292697
463.89526,1997.5221,463.89526,1997.5221,9174790760926,9174821483010
409.90817,2034.0784,463.89526,2003.8309,9174823182228,9174858218843
472.82037,1965.5491,463.89526,1997.5221,9174858300457,9174888960405
380.81866,1969.8269,463.89526,1997.5221,9174889088010,9174923787541
468.19366,1983.7395,463.89526,1983.7395,9174923926864,9174954946030
466.68292,2018.5054,463.89526,1997.5221,9174955758426,9174985270926
495.20612,2090.4084,466.68292,1997.5221,9174988200770,9175018226499
450.17758,2175.259,463.89526,2018.5054,9175030263687,9175074280249
414.43344,2088.4763,463.89526,2088.4763,9175074419416,9175103786134
720.4735,1320.184,463.89526,2018.5054,9175103966134,9175136793218
635.4753,1638.7388,463.89526,2018.5054,9175137501864,9175169183999
648.64136,1176.4841,635.4753,1638.7388,9175169321082,9175205271187
568.4217,1811.5562,568.4217,1811.5562,9175205456916,9175243198114
460.71582,2109.7244,568.4217,1811.5562,9175243364051,9175273816759
475.85617,1973.0214,568.4217,1811.5562,9175273987176,9175333899364
551.3533,1933.569,551.3533,1933.569,9175334009520,9175369806916
548.5803,1845.741,551.3533,1845.741,9175370977749,9175405231603
546.5347,1876.6644,551.3533,1876.6644,9175405330145,9175434439416
541.104,1936.4762,548.5803,1876.6644,9175434536030,9175466534728
573.4652,1906.8239,551.3533,1876.6644,9175466634311,9175501083113
602.029,1902.8159,551.3533,1902.8159,9175501883843,9175533892749
636.73505,1854.8483,573.4652,1876.6644,9175533996447,9175572401968
628.63354,1860.7739,602.029,1876.6644,9175572484936,9175605379832
600.66473,1932.4998,600.66473,1876.6644,9175605482124,9175637198843
561.9693,1951.2036,600.66473,1876.6644,9175637379259,9175667043530
507.04596,1894.3767,600.66473,1894.3767,9175667138113,9175716149676
499.8479,1879.9058,561.9693,1879.9058,9175716237020,9175746947593
547.5286,1816.4523,547.5286,1879.9058,9175747399988,9175782420718
568.9153,1831.6764,561.9693,1879.9058,9175782507905,9175845491030
556.4536,1892.2273,556.4536,1879.9058,9175845594311,9175885274728
526.86584,1878.5765,556.4536,1879.9058,9175885374051,9175917160405
527.33777,1898.2057,556.4536,1879.9058,9175917256082,9175948344467
577.9732,1772.3027,556.4536,1879.9058,9175948439207,9175980351759
584.95245,1803.8536,556.4536,1879.9058,9175980440561,9176010173478
571.24854,1827.8868,571.24854,1827.8868,9176010299415,9176043068113
646.7323,1750.2847,571.24854,1827.8868,9176043156186,9176072985092
592.8877,1847.8752,571.24854,1827.8868,9176073132645,9176107426811
647.1515,1829.0585,592.8877,1827.8868,9176107604988,9176138964311
637.82294,1875.6625,592.8877,1829.0585,9176139162280,9176171047801
702.5888,1884.8392,637.82294,1829.0585,9176171244415,9176202605405
746.4398,1867.0366,637.82294,1867.0366,9176202802332,9176234674103
743.86053,1875.4756,702.5888,1867.0366,9176234766499,9176266933478
811.3376,1840.0508,743.86053,1867.0366,9176267039103,9176311106238
776.1126,1762.0421,743.86053,1867.0366,9176311196447,9176344117124
748.02167,1831.8256,748.02167,1840.0508,9176344295717,9176376182905
693.31287,1786.7258,743.86053,1831.8256,9176376342019,9176409988738
683.8416,1756.1134,743.86053,1831.8256,9176410143946,9176440521186
699.37286,1793.4727,699.37286,1793.4727,9176440694467,9176473306186
683.6544,1825.2745,699.37286,1825.2745,9176473453634,9176505222332
665.44885,1827.7185,699.37286,1825.2745,9176505397071,9176536340821
685.68744,1804.455,685.68744,1825.2745,9176536508738,9176571368061
603.0777,1828.536,685.68744,1825.2745,9176571522644,9176601695717
620.8749,1858.4371,685.68744,1825.2745,9176601866759,9176632297957
659.5698,1792.452,659.5698,1825.2745,9176632399780,9176665707853
653.96454,1758.6874,659.5698,1825.2745,9176665802436,9176701388790
713.26447,1803.7725,659.5698,1803.7725,9176701481603,9176733916342
662.32825,1817.8804,659.5698,1817.8804,9176734444571,9176771150509
653.75903,1842.8031,659.5698,1817.8804,9176771333426,9176802260665
721.11926,1794.3047,659.5698,1817.8804,9176803568946,9176835906134
678.38153,1740.6808,659.5698,1817.8804,9176836597696,9176870479363
702.3475,1724.9004,678.38153,1794.3047,9176870655769,9176902076603
758.38184,1721.3925,678.38153,1740.6808,9176902246967,9176937064467
741.18286,1692.7767,702.3475,1724.9004,9176937227592,9176966658269
713.28894,1708.6615,713.28894,1721.3925,9176966775248,9177001703425
787.8978,1690.3303,713.28894,1708.6615,9177001854467,9177033513842
764.45807,1607.4064,713.28894,1708.6615,9177033630092,9177065058217
772.58093,1662.6221,764.45807,1690.3303,9177065147123,9177098888530
755.70654,1562.7025,755.70654,1662.6221,9177098994988,9177130927175
763.2979,1609.0017,763.2979,1662.6221,9177131031655,9177163037644
741.37634,1559.1036,755.70654,1609.0017,9177163128634,9177194325248
714.8745,1539.7892,755.70654,1609.0017,9177194455613,9177229666654
722.8951,1657.8881,741.37634,1609.0017,9177229865196,9177267550144
734.4699,1649.6957,734.4699,1609.0017,9177268302957,9177305716915
678.19727,1638.4647,734.4699,1638.4647,9177305876186,9177337233529
704.8744,1637.5029,734.4699,1637.5029,9177337410352,9177372404050
707.5931,1589.0579,707.5931,1637.5029,9177372581759,9177402564936
734.5589,1597.1692,734.4699,1637.5029,9177402696915,9177434686707
700.9029,1596.8969,707.5931,1597.1692,9177434865873,9177465327384
770.77563,1632.0947,734.4699,1632.0947,9177465409884,9177497858686
757.86053,1573.3906,734.4699,1597.1692,9177497934623,9177531614154
724.5788,1613.9562,734.4699,1613.9562,9177531695040,9177562738061
755.80096,1567.6813,734.4699,1597.1692,9177562840821,9177594360196
774.2402,1496.4115,734.4699,1597.1692,9177594496811,9177630126290
771.495,1482.1383,755.80096,1567.6813,9177630234311,9177664376238
826.9091,1472.516,771.495,1496.4115,9177665016602,9177705332019
830.6017,1436.3645,771.495,1482.1383,9177705431446,9177737177488
810.9539,1368.6198,810.9539,1472.516,9177737306863,9177769500925
791.84143,1348.8865,791.84143,1436.3645,9177769590561,9177802063894
820.43353,1477.5221,810.9539,1472.516,9177802685456,9177833590404
799.20166,1417.7397,799.20166,1436.3645,9177833690248,9177865704102
839.4931,1413.4253,810.9539,1436.3645,9177865808373,9177899742279
777.1212,1460.1729,799.20166,1436.3645,9177899875977,9177934225717
779.1813,1426.1116,799.20166,1436.3645,9177934339571,9177967148633
786.6615,1463.886,786.6615,1436.3645,9177967266290,9178002321498
751.7806,1327.4028,786.6615,1436.3645,9178002475248,9178037108321
788.16003,1377.8202,786.6615,1436.3645,9178037274935,9178070363581
779.23505,1461.1355,786.6615,1436.3645,9178070490613,9178101762644
788.9865,1493.0347,786.6615,1436.3645,9178101890508,9178140665196
770.27704,1482.8068,786.6615,1461.1355,9178140785508,9178170633425
777.02515,1443.4084,786.6615,1443.4084,9178170728425,9178205605612
829.3585,1472.8777,786.6615,1461.1355,9178205707071,9178235233269
826.2229,1531.2462,786.6615,1461.1355,9178235317592,9178266533894
796.0028,1484.5137,796.0028,1472.8777,9178266686029,9178297111290
782.9942,1525.2959,786.6615,1484.5137,9178297222331,9178330599310
735.22784,1553.5261,786.6615,1484.5137,9178330687592,9178362740560
755.2114,1489.9738,782.9942,1489.9738,9178362822487,9178399103112
750.39825,1482.5701,755.2114,1484.5137,9178399264362,9178435997696
804.486,1438.2485,782.9942,1484.5137,9178436211394,9178474311862
804.031,1462.0221,782.9942,1482.5701,9178474504154,9178506227800
795.5407,1421.1984,795.5407,1462.0221,9178506391810,9178537801914
779.1022,1402.5814,782.9942,1462.0221,9178537987644,9178569814206
758.6384,1378.712,782.9942,1421.1984,9178569925144,9178601223477
809.02966,1375.3232,782.9942,1402.5814,9178601388529,9178632892019
814.4585,1298.2,782.9942,1378.712,9178633052123,9178666493998
808.29004,1321.1782,808.29004,1375.3232,9178667705352,9178703815456
796.82153,1287.8369,796.82153,1321.1782,9178703912071,9178734851185
808.1228,1283.7634,808.1228,1321.1782,9178736822383,9178767200039
839.28467,1286.6772,808.1228,1287.8369,9178767363998,9178801169935
861.36694,1255.59,808.1228,1286.6772,9178801305925,9178836563737
842.9244,1264.8226,839.28467,1286.6772,9178836650300,9178870905508
860.31946,1315.0029,842.9244,1286.6772,9178871075768,9178902717279
851.9989,1247.2688,842.9244,1286.6772,9178902894883,9178935660456
933.724,1146.8923,851.9989,1286.6772,9178935801706,9178974700768
953.9816,1173.1282,851.9989,1247.2688,9178974792800,9179009326706
915.2862,1033.4824,915.2862,1173.1282,9179009487227,9179040666237
958.3735,1081.7793,915.2862,1173.1282,9179040849987,9179072681862
932.23206,1041.0531,915.2862,1081.7793,9179072854779,9179119312695
861.39465,1122.2461,915.2862,1122.2461,9179119392748,9179152406029
899.64685,1111.0355,915.2862,1111.0355,9179154993685,9179188162643
866.77893,1089.7609,899.64685,1111.0355,9179189110768,9179223484050
912.2531,1084.2166,912.2531,1111.0355,9179224770300,9179262932487
848.7654,1086.8696,899.64685,1089.7609,9179263009831,9179296363477
790.08264,999.7181,899.64685,1086.8696,9179296796393,9179331324154
867.70557,1095.438,867.70557,1089.7609,9179331474570,9179368667279
827.4038,1080.5242,867.70557,1086.8696,9179368836393,9179401969883
879.2447,1090.6318,867.70557,1089.7609,9179402146237,9179435170143
833.3697,1104.5146,867.70557,1089.7609,9179435334310,9179467019883
846.9778,1078.3799,867.70557,1089.7609,9179467692487,9179503563372
843.1649,1095.003,846.9778,1089.7609,9179503720716,9179535751133
858.52094,1087.0742,858.52094,1089.7609,9179535948112,9179568972070
818.5485,990.91144,846.9778,1089.7609,9179569142383,9179600110195
831.28326,1027.9099,846.9778,1087.0742,9179600251497,9179649771029
906.90643,1066.1831,846.9778,1066.1831,9179649852435,9179683107747
962.7769,1085.1187,846.9778,1085.1187,9179684824101,9179716358372
949.7361,958.04376,906.90643,1066.1831,9179717503268,9179749951289
952.071,973.8191,949.7361,1066.1831,9179750987122,9179784843789
942.99,960.75006,942.99,973.8191,9179785023633,9179818069466
929.1903,963.9468,942.99,973.8191,9179819798476,9179852087226
934.0604,1037.1447,942.99,973.8191,9179852214258,9179885692278
938.4538,996.6322,938.4538,973.8191,9179885764258,9179915445508
945.64185,941.18353,942.99,973.8191,9179916502174,9179946230820
934.5291,942.057,938.4538,973.8191,9179950802383,9179983672747
967.2749,995.19775,942.99,973.8191,9179988691497,9180020872956
990.83014,1012.3254,942.99,973.8191,9180021759831,9180052523164
971.26276,1003.977,967.2749,995.19775,9180052668008,9180086010299
989.9115,1013.1137,971.26276,1003.977,9180088256445,9180126228008
933.10815,874.3238,967.2749,995.19775,9180126313008,9180158969466
932.5315,869.83124,967.2749,995.19775,9180159078372,9180199252591
951.9076,915.4665,951.9076,915.4665,9180199374726,9180235813372
925.3192,956.22125,951.9076,956.22125,9180236074674,9180267827643
910.2004,868.23047,951.9076,915.4665,9180267941966,9180297756028
925.41583,923.47675,925.41583,923.47675,9180297871705,9180332506966
898.7052,875.2798,925.41583,915.4665,9180332644310,9180367338320
914.28235,879.5597,925.41583,915.4665,9180367440976,9180401615091
958.03784,820.9133,925.41583,879.5597,9180401803007,9180433799622
922.7826,864.6588,925.41583,879.5597,9180433937643,9180465746653
930.2657,831.75226,925.41583,864.6588,9180465917955,9180499598268
915.729,863.79443,925.41583,864.6588,9180499770872,9180536168893
932.7285,845.974,925.41583,863.79443,9180536341184,9180568851966
927.6845,843.3659,925.41583,863.79443,9180569017799,9180605273007
951.02673,745.6794,927.6845,845.974,9180605397330,9180640333528
932.06915,810.035,927.6845,843.3659,9180640439882,9180673012330
923.1678,821.6176,927.6845,821.6176,9180673160716,9180705208737
957.5998,802.07666,927.6845,821.6176,9180705362851,9180742829830
962.2278,814.93134,927.6845,821.6176,9180742942018,9180782378528
950.5705,837.3025,950.5705,821.6176,9180782485716,9180821667434
944.6218,831.35815,944.6218,821.6176,9180821749986,9180850834726
936.78094,801.73883,944.6218,821.6176,9180851945768,9180884280039
941.7593,815.0894,944.6218,821.6176,9180884364205,9180922182643
961.3441,778.1751,944.6218,815.0894,9180922276966,9180958415195
951.0727,736.16895,944.6218,815.0894,9180958518320,9180997009882
940.36664,765.93054,944.6218,778.1751,9180997178841,9181037288163
927.48047,763.8036,944.6218,765.93054,9181037389049,9181068893268
941.526,762.2153,941.526,765.93054,9181069031497,9181103677070
948.0229,681.2016,944.6218,763.8036,9181103782747,9181133752903
916.9833,663.23596,941.526,762.2153,9181133856341,9181165657590
918.9518,694.5226,941.526,694.5226,9181165811340,9181199734257
938.28107,627.2851,938.28107,694.5226,9181199837486,9181238398215
945.117,641.68646,941.526,694.5226,9181238569622,9181271233736
951.56946,687.4656,941.526,687.4656,9181271424361,9181304054570
944.41504,644.3486,944.41504,687.4656,9181304236080,9181339842018
955.8871,639.2311,944.41504,687.4656,9181340046028,9181373478476
957.7978,680.74493,944.41504,680.74493,9181374137538,9181404257903
961.0549,596.41315,955.8871,680.74493,9181404354465,9181436702538
964.2784,587.6029,957.7978,680.74493,9181436872434,9181468933580
939.8648,609.693,955.8871,609.693,9181469045247,9181501253997
929.7067,603.06854,955.8871,609.693,9181501427486,9181532393111
912.86084,637.67334,939.8648,609.693,9181532481184,9181571517799
951.2456,644.52344,951.2456,609.693,9181571634309,9181605202069
942.3194,659.9672,942.3194,637.67334,9181605368267,9181639564101
945.50323,582.74194,945.50323,609.693,9181639685403,9181672088528
970.78015,603.30725,945.50323,609.693,9181672238059,9181710998788
982.28406,592.8102,945.50323,603.30725,9181711174569,9181745205038
937.66504,587.523,945.50323,603.30725,9181745376757,9181776066028
944.597,492.76547,945.50323,592.8102,9181776160507,9181805829621
964.73035,636.312,945.50323,603.30725,9181806000507,9181837535924
930.7804,481.63593,945.50323,592.8102,9181837683632,9181868744153
913.41266,555.54926,945.50323,592.8102,9181868893319,9181899574621
933.4305,472.70264,933.4305,555.54926,9181899715663,9181933248424
938.9872,504.87503,938.9872,555.54926,9181934212903,9181963891549
921.23755,533.82513,933.4305,533.82513,9181964178319,9181998774830
932.6075,564.5327,933.4305,555.54926,9181998889778,9182035247590
945.2491,530.1022,933.4305,533.82513,9182035338632,9182063634882
945.1277,496.55157,933.4305,533.82513,9182063750351,9182098685455
931.2684,381.42642,933.4305,530.1022,9182098864205,9182136178476
905.3665,397.6752,933.4305,496.55157,9182136347382,9182170899361
903.31525,418.33337,931.2684,418.33337,9182171081653,9182201968059
915.4459,399.27982,915.4459,418.33337,9182202144465,9182232880663
948.19916,441.24472,931.2684,418.33337,9182233057434,9182266719361
925.65076,408.3098,925.65076,418.33337,9182266885090,9182296790923
889.83453,429.41953,925.65076,418.33337,9182296958840,9182329045350
947.4842,501.53925,925.65076,418.33337,9182329220767,9182365439830
917.44604,493.38797,925.65076,429.41953,9182365577434,9182396801028
923.5586,540.00214,925.65076,493.38797,9182396948163,9182429334413
938.1458,433.16782,925.65076,433.16782,9182430282798,9182470634205
947.76996,454.9228,925.65076,454.9228,9182470737694,9182504809257
932.9045,360.6514,932.9045,433.16782,9182504935298,9182539068423
941.3579,397.13596,932.9045,433.16782,9182539224673,9182569611444
940.9308,438.78406,932.9045,433.16782,9182569738684,9182606774986
940.41327,422.3393,940.41327,433.16782,9182606957173,9182641343580
945.4342,397.38315,940.41327,433.16782,9182641421757,9182674973736
944.2404,396.1917,940.41327,422.3393,9182675088059,9182707931652
934.88635,360.63882,940.41327,397.38315,9182708059048,9182737449725
928.7905,390.29166,940.41327,396.1917,9182737611340,9182770670142
925.4309,357.42438,934.88635,390.29166,9182770860923,9182802016184
899.7152,398.01965,928.7905,396.1917,9182802189934,9182832744100
932.6,369.1681,932.6,390.29166,9182832917746,9182865439517
920.0652,381.89594,928.7905,390.29166,9182865622486,9182899554569
921.14636,353.7364,928.7905,381.89594,9182899731184,9182950709777
910.0166,380.4343,921.14636,381.89594,9182950798475,9182984753892
909.5049,322.01913,921.14636,380.4343,9182985417850,9183019117434
917.596,337.73056,917.596,380.4343,9183019248371,9183052063788
927.3007,352.56467,921.14636,352.56467,9183052176027,9183087355090
927.6203,336.5904,921.14636,352.56467,9183087448059,9183123316183
923.75934,346.13406,923.75934,352.56467,9183123472642,9183157295715
916.1691,358.74088,921.14636,352.56467,9183157393267,9183191376340
911.4438,360.0582,921.14636,352.56467,9183191929673,9183227457538
921.9949,270.09705,921.14636,352.56467,9183227629621,9183261313006
916.6008,343.36725,921.14636,352.56467,9183261480038,9183293699569
917.64545,380.3666,921.14636,352.56467,9183293791965,9183324215663
924.5485,311.587,921.14636,352.56467,9183324315923,9183357402642
889.20074,328.09167,921.14636,352.56467,9183357513319,9183391430506
861.8593,342.94724,921.14636,342.94724,9183391744152,9183427777954
902.86914,272.12177,902.86914,342.94724,9183428054465,9183464804308
880.90656,233.20543,902.86914,342.94724,9183464901235,9183504968371
863.944,258.9533,902.86914,272.12177,9183505112590,9183534961600
876.8003,272.6981,880.90656,272.6981,9183535156756,9183565750558
846.7343,287.33936,876.8003,272.6981,9183565915558,9183596918892
902.03827,277.97964,880.90656,272.6981,9183597031027,9183628800402
861.55786,295.15964,876.8003,277.97964,9183628949777,9183661633006
862.83826,267.15332,876.8003,272.6981,9183661725558,9183695381548
883.29205,284.70248,876.8003,277.97964,9183695563319,9183732883579
831.811,354.64966,876.8003,277.97964,9183733059621,9183772151496
852.7743,351.90256,876.8003,284.70248,9183772323267,9183807042537
849.8436,346.145,852.7743,346.145,9183807131027,9183844370871
840.6012,362.4824,852.7743,346.145,9183844463787,9183874382589
874.23816,315.75732,852.7743,346.145,9183875132121,9183921651444
900.1446,256.95856,852.7743,346.145,9183921733371,9183957007173
883.2964,247.76201,874.23816,315.75732,9183957971652,9183995753579
916.9831,243.23814,883.2964,256.95856,9183995895350,9184028444725
926.4752,247.81927,883.2964,247.81927,9184028629464,9184060379621
897.2417,274.7205,897.2417,256.95856,9184060552485,9184093793058
931.71906,336.8574,897.2417,256.95856,9184093995454,9184130286548
927.1845,282.16086,897.2417,274.7205,9184130458996,9184168978006
913.53485,268.69412,913.53485,268.69412,9184169149204,9184205453006
906.7755,320.3949,906.7755,274.7205,9184205618319,9184236959204
903.5414,203.67305,906.7755,268.69412,9184237056339,9184267166183
922.6731,225.11465,906.7755,268.69412,9184267280714,9184298550246
897.804,248.98747,906.7755,248.98747,9184298685298,9184329734048
902.94617,267.4949,906.7755,267.4949,9184329844516,9184363905037
912.51373,268.81818,906.7755,267.4949,9184364078006,9184394939152
913.7408,247.84776,906.7755,267.4949,9184395034048,9184432136808
922.5238,222.5659,912.51373,267.4949,9184432246548,9184470540454
885.24255,205.41507,906.7755,247.84776,9184470627537,9184502227798
902.14105,199.44467,906.7755,222.5659,9184502413631,9184537236652
910.6509,215.25453,906.7755,215.25453,9184537330037,9184575918891
901.1815,189.77228,906.7755,215.25453,9184576127120,9184617775350
889.8457,235.00269,906.7755,215.25453,9184617966652,9184650572329
896.82886,213.87012,901.1815,215.25453,9184650658995,9184682327902
885.555,219.30847,896.82886,215.25453,9184682418787,9184715767433
884.36615,209.78064,896.82886,215.25453,9184715939516,9184747468631
901.1869,217.65901,896.82886,215.25453,9184748687902,9184778693370
919.66315,230.72757,896.82886,215.25453,9184778780350,9184809924881
912.7762,230.64224,901.1869,217.65901,9184818484152,9184851628631
922.24023,251.80994,912.7762,230.64224,9184851723839,9184884516027
898.2537,261.87558,901.1869,230.64224,9184885127745,9184919169204
915.4859,299.73706,912.7762,251.80994,9184919255974,9184953640454
875.64014,277.2927,901.1869,261.87558,9184953810974,9184985833318
899.3401,248.26869,901.1869,251.80994,9184985968787,9185017658110
888.4837,278.3959,899.3401,261.87558,9185017778631,9185050181131
909.44794,257.2982,901.1869,257.2982,9185050346339,9185082060818
852.04736,185.09953,899.3401,257.2982,9185082220401,9185116428058
899.9921,234.2155,899.9921,257.2982,9185116599672,9185146741808
876.3693,237.66417,899.3401,237.66417,9185146856651,9185185340089
890.533,201.40543,899.3401,237.66417,9185185434204,9185218568735
852.4454,204.21933,890.533,237.66417,9185218673943,9185250085401
865.6399,177.3756,890.533,204.21933,9185250169360,9185281557954
870.35376,173.05414,870.35376,204.21933,9185281734829,9185314326912
897.1512,194.27957,890.533,194.27957,9185314498578,9185355502589
847.4997,174.7859,870.35376,194.27957,9185356120870,9185388776547
862.2289,205.26654,870.35376,194.27957,9185389601078,9185422582433
885.3328,211.45161,870.35376,194.27957,9185422728370,9185456991026
831.114,193.83165,870.35376,194.27957,9185457085610,9185493419828
836.27405,201.59058,870.35376,194.27957,9185493598787,9185526327380
861.29614,177.23091,861.29614,194.27957,9185526474255,9185564778787
864.6007,211.6205,864.6007,194.27957,9185564972328,9185596345141
842.252,204.25206,861.29614,194.27957,9185596455297,9185628079985
844.0692,201.29381,861.29614,201.29381,9185628245089,9185661587016
869.0924,198.663,861.29614,198.663,9185661697380,9185695419880
861.589,208.29178,861.29614,201.29381,9185695573474,9185730124776
810.5751,225.43636,861.29614,201.29381,9185730279828,9185762185245
803.8863,219.45093,861.29614,208.29178,9185762330141,9185792440505
831.3745,240.62541,831.3745,219.45093,9185792619360,9185841571130
812.25903,214.42728,831.3745,214.42728,9185841669464,9185878372380
823.92255,238.26434,831.3745,219.45093,9185878534099,9185914772380
821.63586,227.03154,823.92255,219.45093,9185914853214,9185947877380
826.8304,232.26698,826.8304,227.03154,9185948822380,9185979815141
842.91785,204.84177,826.8304,219.45093,9185979910297,9186011236078
841.5545,248.76358,826.8304,227.03154,9186011312745,9186046500870
812.2824,244.29112,826.8304,227.03154,9186047304151,9186077774464
825.8403,274.57385,826.8304,244.29112,9186078381391,9186114117016
797.9402,240.2667,825.8403,240.2667,9186114182016,9186143534412
833.0595,242.2197,826.8304,242.2197,9186146333057,9186179796651
828.96655,251.97014,826.8304,242.2197,9186179968109,9186212582901
860.66425,288.80328,828.96655,242.2197,9186212860245,9186245270505
874.2958,220.27007,828.96655,242.2197,9186246416755,9186278996599
859.2188,264.40735,859.2188,242.2197,9186279081859,9186313904776
852.80945,266.56848,852.80945,242.2197,9186313983578,9186348159099
817.942,218.78854,852.80945,242.2197,9186349197693,9186385933266
853.7631,289.96613,852.80945,242.2197,9186386035401,9186420136026
841.644,282.11005,852.80945,242.2197,9186420235818,9186453799776
819.22284,294.71548,852.80945,282.11005,9186453888422,9186491708943
830.7057,218.9591,841.644,242.2197,9186491885453,9186524232380
859.5785,278.30603,852.80945,278.30603,9186524324255,9186555386078
843.5055,268.95566,843.5055,268.95566,9186555534047,9186588843161
813.8441,253.66745,843.5055,268.95566,9186589009359,9186619898005
846.4468,231.58833,843.5055,268.95566,9186619995765,9186654345818
839.833,305.10495,843.5055,268.95566,9186654476651,9186689075922
847.73486,279.18988,843.5055,268.95566,9186689212068,9186723471651
846.62946,275.4773,843.5055,275.4773,9186723653213,9186758950453
856.4869,331.8681,846.62946,275.4773,9186759129255,9186794770036
839.01227,259.73596,843.5055,275.4773,9186794935661,9186830087745
838.5,325.13412,843.5055,275.4773,9186830185817,9186863453578
851.2143,290.6306,843.5055,275.4773,9186863660922,9186898824411
845.82434,284.0749,843.5055,284.0749,9186898979724,9186943988630
832.9998,291.99078,843.5055,284.0749,9186944093682,9186979663578
855.2962,412.18,843.5055,284.0749,9186979817745,9187011851390
845.64355,309.62317,843.5055,291.99078,9187013813734,9187045236078
872.97766,349.44614,845.64355,309.62317,9187045375974,9187077454515
860.60156,341.23447,845.64355,309.62317,9187077620140,9187112761651
813.15234,339.22095,845.64355,339.22095,9187112920505,9187147715713
814.468,334.2894,845.64355,334.2894,9187147898005,9187182880661
766.35394,283.08264,814.468,334.2894,9187183626703,9187218781963
763.6609,314.83664,814.468,334.2894,9187218897484,9187255798994
792.59595,377.21912,792.59595,334.2894,9187255974099,9187302183682
766.76184,317.6652,792.59595,334.2894,9187302278578,9187336177588
758.791,356.44016,792.59595,334.2894,9187336521182,9187367819619
755.7368,367.13477,766.76184,334.2894,9187367904880,9187398186911
714.1662,313.2625,758.791,334.2894,9187398297640,9187429846494
707.95154,278.68518,755.7368,334.2894,9187430041078,9187460575349
706.0827,298.04114,714.1662,313.2625,9187460764203,9187491628005
743.98096,350.0428,743.98096,334.2894,9187491804776,9187526587119
737.7269,341.30212,737.7269,334.2894,9187526748473,9187560956234
708.659,335.95306,737.7269,335.95306,9187561060713,9187595435557
735.6584,373.78445,737.7269,335.95306,9187595611651,9187627736755
753.0815,423.58856,737.7269,335.95306,9187627881807,9187658496755
752.7875,344.32742,737.7269,344.32742,9187658602744,9187690466338
782.09985,349.6239,752.7875,344.32742,9187690571182,9187725128213
813.4107,353.61862,752.7875,344.32742,9187725227640,9187758036494
827.17883,355.9385,782.09985,349.6239,9187758136598,9187796597119
824.1473,409.25134,813.4107,353.61862,9187796689671,9187832723421
824.3734,417.7041,824.1473,355.9385,9187832822692,9187869079255
832.53174,407.6319,824.1473,407.6319,9187869507848,9187901493005
837.1909,414.14252,824.3734,407.6319,9187901586650,9187932662223
824.4689,400.62643,824.4689,407.6319,9187932760973,9187963765713
799.73346,388.6718,824.3734,407.6319,9187963877015,9187995460192
809.8253,397.70044,824.3734,400.62643,9187995568057,9188027900817
813.62976,425.16336,813.62976,407.6319,9188028231286,9188062065140
827.0757,459.37247,824.3734,407.6319,9188062181286,9188094369880
845.5215,422.51688,824.3734,422.51688,9188094545765,9188126870452
834.7057,401.95322,827.0757,407.6319,9188127042848,9188158780869
801.2458,425.7778,824.3734,422.51688,9188158973525,9188194504932
828.13306,392.88467,827.0757,407.6319,9188194643629,9188227464046
824.5752,419.66357,824.5752,419.66357,9188227651754,9188275484984
846.1076,456.6973,827.0757,419.66357,9188275568004,9188307157432
815.0345,404.09937,824.5752,419.66357,9188307777588,9188338853682
839.7996,446.54538,827.0757,419.66357,9188340034879,9188372243056
763.90625,432.2058,824.5752,419.66357,9188383389619,9188423855609
793.06244,436.8228,824.5752,432.2058,9188425098838,9188463183577
762.57996,446.40286,793.06244,432.2058,9188463350140,9188499620765
709.30597,522.5868,793.06244,436.8228,9188499776546,9188530409671
732.2432,566.32324,762.57996,446.40286,9188530593734,9188565932536
752.8476,659.4033,752.8476,522.5868,9188566027744,9188596446911
727.64276,527.2065,752.8476,527.2065,9188596592015,9188632278317
717.0918,584.96735,752.8476,527.2065,9188632377952,9188663622796
696.27814,615.5456,727.64276,527.2065,9188663824879,9188693191338
658.67395,539.5072,717.0918,539.5072,9188693375244,9188722198577
639.32294,560.48395,696.27814,539.5072,9188722361650,9188759371754
655.5331,560.0668,658.67395,539.5072,9188759473890,9188789646494
739.12885,567.68005,696.27814,560.0668,9188789819358,9188822747015
735.2502,507.29343,696.27814,539.5072,9188822923421,9188856977535
743.591,568.71277,735.2502,560.0668,9188857148629,9188891170504
749.16284,595.31274,735.2502,560.0668,9188891360088,9188922959306
711.68414,588.9616,735.2502,568.71277,9188923131806,9188955823577
721.84344,643.2001,735.2502,588.9616,9188955955556,9188989239775
741.82404,681.8517,735.2502,588.9616,9188989411910,9189021688942
747.05444,620.0641,735.2502,620.0641,9189021773994,9189057781546
721.4822,638.7421,735.2502,620.0641,9189057963942,9189091678890
718.80255,659.1233,735.2502,620.0641,9189091866702,9189124824515
749.68414,641.6892,735.2502,638.7421,9189124998265,9189155993421
744.2762,772.1833,735.2502,641.6892,9189156211650,9189189137275
724.1931,709.3552,735.2502,641.6892,9189189302223,9189222860765
701.65515,737.7023,735.2502,709.3552,9189223057535,9189262150921
703.7593,683.18555,724.1931,683.18555,9189262265452,9189295565087
690.8176,667.8878,703.7593,683.18555,9189295668421,9189329285764
694.7011,705.76434,703.7593,683.18555,9189329442223,9189362368160
687.11414,719.2054,694.7011,683.18555,9189362576129,9189395764723
693.9581,748.8037,694.7011,705.76434,9189395992848,9189430318056
666.10516,688.7036,693.9581,688.7036,9189430506389,9189468232431
718.15643,691.8472,694.7011,691.8472,9189468326858,9189503499306
692.1737,762.80945,693.9581,691.8472,9189503670191,9189538169775
681.0728,743.6481,693.9581,691.8472,9189538315660,9189573237535
663.2702,652.72546,692.1737,691.8472,9189573461806,9189607560764
614.1636,731.95685,681.0728,691.8472,9189607774098,9189642591441
614.79504,732.843,663.2702,691.8472,9189642746702,9189688788733
626.58527,656.42175,626.58527,691.8472,9189688885348,9189726066389
646.0528,693.5457,646.0528,691.8472,9189726271077,9189758526493
614.3167,747.6723,626.58527,691.8472,9189758653525,9189793884775
607.3074,758.0833,626.58527,693.5457,9189794153993,9189828312327
632.4493,772.27014,626.58527,747.6723,9189828524827,9189863497379
657.41394,793.13007,626.58527,758.0833,9189864625660,9189899401598
649.7999,752.77386,632.4493,752.77386,9189899500973,9189935330139
613.00696,816.7549,626.58527,758.0833,9189936223056,9189971171389
644.541,740.76776,632.4493,752.77386,9189971378316,9190005347327
627.1635,842.42865,627.1635,758.0833,9190005542795,9190037215660
599.1728,749.29803,627.1635,752.77386,9190037429202,9190071940556
611.44604,863.66315,627.1635,758.0833,9190072187743,9190110598681
625.76227,786.751,625.76227,758.0833,9190110808733,9190144851858
618.23804,882.24274,625.76227,786.751,9190145008056,9190179215608
628.64545,881.54846,625.76227,786.751,9190179362900,9190228394879
600.5856,900.33325,625.76227,881.54846,9190228555347,9190261128577
593.1432,931.30194,625.76227,881.54846,9190261342900,9190295168004
590.1058,933.26263,600.5856,900.33325,9190295371754,9190335078264
586.00037,975.8906,593.1432,931.30194,9190335306702,9190372264045
568.863,931.2025,590.1058,931.2025,9190372480608,9190406401389
550.7856,912.7909,586.00037,931.2025,9190406600295,9190442641337
588.95654,1008.4827,588.95654,931.2025,9190442832743,9190477699254
593.6279,1051.1964,588.95654,931.2025,9190477893472,9190517917743
611.83704,1016.0133,588.95654,1008.4827,9190518116285,9190553952222
577.8789,1040.1262,588.95654,1016.0133,9190554145764,9190588595399
619.67645,979.6923,588.95654,1008.4827,9190588808681,9190624358212
598.6476,974.8919,588.95654,1008.4827,9190624481233,9190661756754
585.9781,1021.53296,588.95654,1008.4827,9190661926649,9190714646233
627.3604,979.04987,588.95654,1008.4827,9190714760712,9190749791649
574.4418,1023.6084,588.95654,1008.4827,9190749936493,9190787449670
603.8429,1010.4465,588.95654,1008.4827,9190787559045,9190828855608
589.6883,1074.5076,588.95654,1010.4465,9190829019566,9190863324722
574.35614,1029.3372,588.95654,1010.4465,9190863452066,9190896848316
543.6396,1061.3037,588.95654,1029.3372,9190897030035,9190928184410
555.46484,1047.6908,574.35614,1029.3372,9190928657535,9190977840087
538.7238,1096.0729,555.46484,1047.6908,9190977928368,9191021599410
531.44025,1137.8326,555.46484,1047.6908,9191021779358,9191059610035
547.95703,1220.2626,547.95703,1096.0729,9191059780660,9191095048680
519.467,1185.0444,547.95703,1137.8326,9191095244305,9191136270816
536.29407,1117.5308,547.95703,1117.5308,9191136438785,9191173882587
552.45654,1107.0939,547.95703,1117.5308,9191174070035,9191211772118
469.91626,1277.956,547.95703,1117.5308,9191211969670,9191249559982
421.00192,1281.7443,547.95703,1117.5308,9191249812066,9191287434930
455.90308,1414.5862,469.91626,1277.956,9191287540295,9191321937795
428.0728,1356.0243,455.90308,1281.7443,9191322126857,9191358898420
444.83835,1332.3395,455.90308,1332.3395,9191359041597,9191393689930
489.92218,1267.8544,455.90308,1281.7443,9191393884097,9191429006337
496.3592,1268.7875,455.90308,1281.7443,9191429125555,9191475602170
561.88403,1240.5972,489.92218,1268.7875,9191475697014,9191510402691
539.9368,1260.0585,496.3592,1268.7875,9191511743524,9191544361909
522.93536,1328.6683,522.93536,1268.7875,9191544548316,9191583368628
551.0661,1249.9348,522.93536,1268.7875,9191583562430,9191631033628
522.4969,1452.659,522.93536,1268.7875,9191631196284,9191666128211
489.1756,1434.6572,522.93536,1268.7875,9191666222118,9191698453836
484.09424,1388.2214,522.4969,1388.2214,9191699440607,9191741215243
479.48297,1369.5028,489.1756,1369.5028,9191741425086,9191800243524
519.0707,1341.8774,519.0707,1369.5028,9191800345816,9191840637482
470.46524,1379.2261,489.1756,1369.5028,9191840750816,9191876781649
520.05756,1385.7821,519.0707,1369.5028,9191876889618,9191928507899
504.50064,1409.502,504.50064,1379.2261,9191928631336,9191961832482
444.56216,1360.0149,504.50064,1369.5028,9191962500347,9191995092170
484.28378,1525.1445,504.50064,1379.2261,9191995202951,9192027956076
437.2868,1437.7852,484.28378,1379.2261,9192028202274,9192062981493
377.575,1446.8829,484.28378,1437.7852,9192063084461,9192098086805
416.84128,1439.6304,437.2868,1437.7852,9192098185607,9192137124930
426.55563,1507.6621,426.55563,1439.6304,9192137313368,9192172663836
403.43878,1534.7822,426.55563,1439.6304,9192172855347,9192206936597
362.9477,1578.4172,426.55563,1507.6621,9192207029201,9192240270868
410.65942,1490.3724,410.65942,1490.3724,9192241553263,9192278142743
414.3526,1510.0614,414.3526,1507.6621,9192279590190,9192316263680
423.33432,1514.1858,414.3526,1507.6621,9192316438003,9192356804722
455.6118,1415.7749,414.3526,1507.6621,9192356933055,9192392625399
421.87088,1572.2692,421.87088,1507.6621,9192392873420,9192430586024
457.44553,1617.314,421.87088,1507.6621,9192430689826,9192467772534
439.00757,1524.6771,421.87088,1524.6771,9192467948628,9192503552222
451.5714,1557.2085,439.00757,1524.6771,9192503759878,9192541388419
387.59503,1629.4989,421.87088,1524.6771,9192541492169,9192576172482
413.70883,1606.9764,421.87088,1557.2085,9192576270138,9192614411492
462.38452,1608.6941,421.87088,1606.9764,9192614522534,9192652486649
488.4415,1642.0038,421.87088,1606.9764,9192652667274,9192688994774
411.64166,1615.3419,421.87088,1608.6941,9192689206180,9192722129149
510.0713,1594.9891,421.87088,1606.9764,9192722324305,9192758011649
421.84073,1561.4193,421.87088,1606.9764,9192758219201,9192796543107
426.43848,1621.404,421.87088,1606.9764,9192796672690,9192831730190
368.50674,1655.1721,421.87088,1606.9764,9192832823680,9192871766753
301.64343,1647.8325,421.87088,1621.404,9192871866596,9192907053992
331.7101,1645.3837,368.50674,1645.3837,9192907251180,9192943891284
277.8078,1652.8615,331.7101,1645.3837,9192943991076,9192988600346
286.9733,1826.9147,331.7101,1645.3837,9192988767221,9193024344461
359.3586,1681.8475,331.7101,1652.8615,9193024646284,9193059219096
388.46338,1788.015,331.7101,1681.8475,9193059426596,9193093868471
359.0472,1714.7197,359.0472,1681.8475,9193093985346,9193128132586
342.72955,1614.8582,342.72955,1681.8475,9193128257742,9193166866596
379.22144,1574.039,359.0472,1681.8475,9193167113836,9193200463732
405.3897,1605.9818,359.0472,1614.8582,9193200552742,9193236154773
354.03952,1632.2504,359.0472,1632.2504,9193236372638,9193271756961
356.1251,1705.0844,359.0472,1632.2504,9193271935971,9193306028055
349.5127,1629.408,356.1251,1632.2504,9193306227273,9193339511648
315.87857,1744.7365,356.1251,1632.2504,9193339605607,9193385059305
374.70383,1762.9773,356.1251,1632.2504,9193385156805,9193419219357
353.65,1846.1415,356.1251,1744.7365,9193419394877,9193453312690
366.23645,1776.5326,356.1251,1762.9773,9193453433471,9193485823992
380.52548,1816.5372,356.1251,1776.5326,9193485944357,9193528910242
330.2281,1821.4535,356.1251,1776.5326,9193529023680,9193564958263
349.39948,1861.0739,356.1251,1816.5372,9193565159877,9193601642482
364.1712,1834.298,356.1251,1821.4535,9193601750346,9193635121544
342.22186,1850.5992,356.1251,1834.298,9193635281648,9193670119565
364.75275,1876.0391,356.1251,1834.298,9193670312273,9193705703211
298.6975,1869.8865,356.1251,1850.5992,9193705802794,9193739978054
329.72577,1893.8154,356.1251,1869.8865,9193740935867,9193776689565
278.36267,1949.0803,329.72577,1869.8865,9193776768575,9193813432534
296.88333,1927.6737,329.72577,1893.8154,9193813610919,9193867094461
285.7803,1935.6042,296.88333,1927.6737,9193867193523,9193901876909
310.74396,1942.3392,310.74396,1927.6737,9193901988263,9193938641336
272.7481,1824.4198,296.88333,1927.6737,9193938799981,9193974543940
342.11966,1878.1798,310.74396,1927.6737,9193974691127,9194010907638
301.08844,1871.5924,301.08844,1878.1798,9194010984200,9194046338679
295.69662,1846.5325,301.08844,1878.1798,9194047317846,9194085375815
256.3878,1878.3461,301.08844,1878.1798,9194085562169,9194125267013
255.2256,1936.9481,295.69662,1878.1798,9194125448002,9194159407325
301.58087,1901.4005,301.08844,1878.3461,9194159509096,9194191871179
323.4004,1876.2196,301.08844,1878.1798,9194192602013,9194227545919
254.57341,1864.9277,301.08844,1878.1798,9194228388419,9194259701492
309.8741,1824.5833,301.08844,1876.2196,9194259812325,9194295377690
341.3097,1851.1367,301.08844,1864.9277,9194295530190,9194336756283
328.21143,1919.681,309.8741,1876.2196,9194336961231,9194377577377
313.14624,1905.0074,313.14624,1876.2196,9194378476283,9194417165919
319.21625,1945.6241,313.14624,1905.0074,9194417261231,9194456310971
317.36075,1907.057,313.14624,1905.0074,9194456529617,9194490047533
298.15622,2038.8647,313.14624,1907.057,9194490244565,9194522956700
345.0121,2040.6357,313.14624,1907.057,9194523205762,9194556543315
290.46436,2012.947,313.14624,2012.947,9194556672273,9194588288158
315.38834,2002.4113,313.14624,2002.4113,9194588407846,9194621898210
298.65268,2036.3972,313.14624,2012.947,9194622094304,9194655244981
261.52774,1988.6608,313.14624,2002.4113,9194655396700,9194689335346
287.0996,2023.4746,298.65268,2012.947,9194689512585,9194723390867
295.39157,2019.4313,295.39157,2012.947,9194723602117,9194759280554
238.63219,2046.113,295.39157,2019.4313,9194759389981,9194798264669
241.03072,2057.5283,295.39157,2019.4313,9194798360085,9194833479825
250.00589,2131.5117,250.00589,2046.113,9194833675033,9194880056960
214.2038,2049.5415,250.00589,2049.5415,9194880169252,9194916793314
207.97072,2106.0679,250.00589,2049.5415,9194916986023,9194960196856
195.04993,2106.9111,214.2038,2049.5415,9194961346335,9194996945971
276.45718,2095.798,250.00589,2095.798,9194997088210,9195033179096
218.96841,2057.6006,218.96841,2057.6006,9195033370398,9195068110502
197.21983,2089.201,218.96841,2089.201,9195068269669,9195108298002
208.93019,2083.7312,218.96841,2083.7312,9195108401804,9195146936960
190.59389,2135.0703,208.93019,2089.201,9195147027116,9195182637950
214.228,2067.6355,214.228,2083.7312,9195182829356,9195219207168
256.8746,2040.1942,214.228,2083.7312,9195219395814,9195254173366
285.16254,2053.3354,214.228,2067.6355,9195254366700,9195290652325
242.59094,2086.0803,242.59094,2083.7312,9195290864043,9195326836543
260.96274,2015.5721,242.59094,2067.6355,9195326957898,9195360938210
279.3768,2011.4017,242.59094,2067.6355,9195361078054,9195403543210
251.63728,2095.557,251.63728,2067.6355,9195403619773,9195438263887
280.9783,2123.2305,251.63728,2067.6355,9195438370554,9195475141804
259.20242,2145.6475,251.63728,2095.557,9195475240814,9195511230554
275.5442,2128.6177,259.20242,2123.2305,9195511422012,9195547966075
287.08096,2112.802,259.20242,2112.802,9195548366283,9195586365189
249.63115,2102.205,259.20242,2112.802,9195586478731,9195621170397
175.31046,2065.8418,259.20242,2112.802,9195621343470,9195658111179
154.41457,2116.1821,249.63115,2112.802,9195658249616,9195691898939
168.7712,2125.2031,175.31046,2112.802,9195691985918,9195727023210
181.75168,2105.4954,181.75168,2112.802,9195727217116,9195761680918
178.93973,2185.9746,178.93973,2112.802,9195761965033,9195795789304
224.48094,2164.4202,181.75168,2112.802,9195795983418,9195828484147
222.32758,2105.3438,181.75168,2112.802,9195828656283,9195864342168
228.8314,2126.0789,222.32758,2112.802,9195864514147,9195898958991
213.83441,2133.4238,213.83441,2112.802,9195899159408,9195936958522
209.43327,2156.5906,213.83441,2126.0789,9195937067897,9195969584252
197.20207,2059.233,213.83441,2112.802,9195969669616,9196010620866
284.6557,2036.698,213.83441,2112.802,9196011189460,9196045916751
288.1492,2139.1487,213.83441,2112.802,9196046110241,9196080500137
270.79684,2132.6047,270.79684,2112.802,9196080693262,9196115093887
275.71298,2100.2993,270.79684,2112.802,9196115291647,9196149977429
228.37648,2139.352,270.79684,2112.802,9196150148262,9196187450189
231.29117,2143.4072,270.79684,2112.802,9196187655710,9196221192376
216.04153,2146.8706,231.29117,2139.352,9196221302689,9196254386178
256.94733,2036.5029,256.94733,2112.802,9196254516699,9196291037168
202.55853,2147.788,231.29117,2139.352,9196291246178,9196325153314
236.52577,2193.7957,236.52577,2139.352,9196325240397,9196364711439
175.40547,2191.9958,231.29117,2147.788,9196364915241,9196410310658
172.86641,2142.8193,231.29117,2142.8193,9196410502272,9196445616960
186.26329,2213.9976,186.26329,2147.788,9196445779980,9196483199460
188.82742,2151.8765,188.82742,2147.788,9196483314303,9196518049824
146.75244,2100.8672,186.26329,2147.788,9196518293262,9196556217741
161.36772,2080.5981,186.26329,2147.788,9196556429824,9196591096439
181.7593,2127.1724,181.7593,2127.1724,9196591635085,9196628339147
165.55,2183.2927,181.7593,2147.788,9196628529355,9196663928522
133.6207,2207.562,181.7593,2147.788,9196664170397,9196696997116
111.008,2225.3884,165.55,2183.2927,9196697157637,9196731426126
143.19022,2166.0479,143.19022,2166.0479,9196733871387,9196766273418
122.32724,2209.8281,143.19022,2183.2927,9196767320918,9196805663210
115.63263,2206.211,143.19022,2183.2927,9196805814251,9196845777949
144.97195,2117.887,143.19022,2183.2927,9196845961699,9196883010084
173.68661,2180.7197,143.19022,2183.2927,9196883196907,9196927651907
194.71257,2145.113,144.97195,2180.7197,9196927763157,9196960215762
170.01216,2111.6887,170.01216,2180.7197,9196960403782,9196995347168
162.65466,2171.3535,162.65466,2171.3535,9196995558314,9197031222741
143.11238,2172.1582,162.65466,2172.1582,9197031398053,9197070529668
142.54498,2194.3313,162.65466,2172.1582,9197071011334,9197107156074
155.164,2114.2832,155.164,2172.1582,9197107252793,9197144255814
132.01527,2236.1685,155.164,2172.1582,9197144421334,9197180781699
166.6598,2184.176,155.164,2172.1582,9197180968939,9197215226959
133.7153,2256.8032,155.164,2184.176,9197215347532,9197248906751
141.48987,2196.4087,155.164,2184.176,9197249076543,9197283248209
130.91644,2167.9856,141.48987,2184.176,9197283444199,9197320841803
170.54163,2000.1973,155.164,2184.176,9197321089980,9197353748366
162.38345,2163.3867,155.164,2167.9856,9197353940866,9197385455293
188.15678,2155.3037,162.38345,2163.3867,9197385632168,9197418612741
173.5794,2068.9978,162.38345,2163.3867,9197418770866,9197465619511
130.27708,2166.4502,162.38345,2163.3867,9197465711543,9197502521126
132.09496,2053.0696,162.38345,2163.3867,9197502662532,9197539232220
113.52961,2188.8135,132.09496,2163.3867,9197539339563,9197586013678
128.7136,2152.641,132.09496,2163.3867,9197586107897,9197618942740
112.08393,2097.1753,128.7136,2163.3867,9197619120813,9197651962324
122.732895,2116.8062,128.7136,2152.641,9197652202168,9197686691855
89.749954,2219.5134,122.732895,2163.3867,9197686916855,9197722940865
100.69962,2214.8843,122.732895,2163.3867,9197723473886,9197755587324
110.716866,2262.0103,110.716866,2214.8843,9197755724303,9197789237532
120.61917,2193.0942,120.61917,2193.0942,9197789346542,9197825545032
84.50384,2153.027,110.716866,2193.0942,9197825708574,9197862673678
103.776794,2143.5728,110.716866,2193.0942,9197862867011,9197902326490
98.32444,2124.6875,103.776794,2153.027,9197902526230,9197973467480
201.87054,2200.232,110.716866,2193.0942,9197973599980,9198013006542
131.0994,2175.0422,110.716866,2175.0422,9198014058157,9198047549667
138.72437,2158.1587,131.0994,2175.0422,9198047750397,9198083934199
133.18779,2172.045,131.0994,2175.0422,9198084187115,9198120615917
171.96806,2138.9517,133.18779,2172.045,9198120796386,9198155284667
153.69073,2204.196,133.18779,2175.0422,9198155386074,9198187943157
166.52023,2157.078,153.69073,2172.045,9198188086907,9198220606334
159.08345,2067.5237,153.69073,2172.045,9198220707480,9198254534771
141.51349,2121.5728,153.69073,2157.078,9198254643261,9198287630136
136.60168,2066.2212,153.69073,2121.5728,9198287733730,9198325145136
129.56924,2028.6624,141.51349,2121.5728,9198325293053,9198357732949
116.65974,2082.5137,136.60168,2082.5137,9198357862636,9198390855501
141.37816,2148.009,141.37816,2121.5728,9198391049980,9198430997271
127.73767,2077.5857,136.60168,2082.5137,9198431198001,9198467032376
115.48769,2048.2493,136.60168,2082.5137,9198467203105,9198518268001
120.938835,2057.456,127.73767,2077.5857,9198518397271,9198551387323
139.97292,2149.9006,136.60168,2082.5137,9198551587428,9198586054823
140.49217,2074.147,136.60168,2077.5857,9198586794042,9198617982428
134.44502,2034.5217,136.60168,2077.5857,9198618096490,9198650718834
84.630806,2085.5293,136.60168,2077.5857,9198650863365,9198684186230
78.77875,2103.6855,134.44502,2077.5857,9198684311594,9198717983105
92.87072,2047.2461,92.87072,2077.5857,9198718146646,9198752138521
101.11394,2026.1254,101.11394,2077.5857,9198752272167,9198788620136
101.63798,2045.5361,101.11394,2047.2461,9198788716021,9198826056646
89.63523,1936.7634,101.11394,2045.5361,9198826213678,9198861696490
140.70259,2163.5183,101.11394,2047.2461,9198861861959,9198895528157
113.23589,2129.001,101.11394,2047.2461,9198895703469,9198931472115
125.53403,2105.0771,113.23589,2105.0771,9198931680396,9198987469511
119.44601,2035.1438,113.23589,2047.2461,9198987583990,9199023912063
100.80551,2018.2316,113.23589,2047.2461,9199024109771,9199058218521
96.358795,2002.5645,113.23589,2035.1438,9199058381698,9199093696438
114.15779,2080.9407,113.23589,2047.2461,9199093918000,9199137288261
104.09372,2162.556,113.23589,2047.2461,9199137374094,9199177659459
124.77484,2155.693,113.23589,2080.9407,9199177839407,9199218120240
86.75891,2077.5173,113.23589,2077.5173,9199218288261,9199251159042
115.38891,2099.59,113.23589,2080.9407,9199251378886,9199286964615
132.7306,2105.8213,113.23589,2080.9407,9199287059823,9199321143625
106.998184,2144.0076,113.23589,2099.59,9199321539771,9199353783573
103.329865,2136.496,113.23589,2105.8213,9199353893104,9199386541698
99.61691,2106.7207,106.998184,2106.7207,9199386674927,9199423468834
103.981224,2099.3613,103.981224,2105.8213,9199423634979,9199458859927
88.30789,2074.175,103.981224,2105.8213,9199459067323,9199499998417
123.562996,2070.8303,103.981224,2099.3613,9199500136750,9199536210292
168.0124,2042.3795,103.981224,2074.175,9199536303313,9199570492375
177.61751,2013.6688,123.562996,2070.8303,9199570591333,9199606936177
159.13995,2032.4014,159.13995,2042.3795,9199607110708,9199643992375
176.923,2036.826,159.13995,2036.826,9199644333886,9199679088104
157.24294,2081.4236,159.13995,2042.3795,9199679211490,9199714387688
110.87512,1981.5637,159.13995,2036.826,9199714604563,9199747227063
142.65358,2037.3632,157.24294,2037.3632,9199747405292,9199786522792
106.68117,1980.5168,142.65358,2036.826,9199786718469,9199821770865
122.33799,1980.7919,142.65358,2036.826,9199821932896,9199855607063
124.48502,2034.3125,124.48502,2034.3125,9199855713156,9199887788104
123.56105,2039.9672,124.48502,2036.826,9199887920292,9199925867010
104.63637,2071.9226,124.48502,2036.826,9199926031073,9199968935708
75.959175,2006.1545,123.56105,2036.826,9199969168677,9200026297062
91.60957,1926.203,104.63637,2036.826,9200026398729,9200062288260
99.82812,1914.9747,99.82812,2006.1545,9200062463625,9200097771802
71.376236,1935.169,99.82812,1935.169,9200097936125,9200133797740
89.66422,1904.1946,99.82812,1935.169,9200133987687,9200172573260
88.44556,1931.7622,89.66422,1935.169,9200172770552,9200206713364
110.311905,1919.5284,99.82812,1931.7622,9200206795344,9200242785656
136.35321,1889.368,99.82812,1931.7622,9200242957635,9200279179094
105.78067,1848.6742,105.78067,1919.5284,9200279358677,9200316258312
90.669304,1912.9814,99.82812,1912.9814,9200317057687,9200349202114
131.33835,1951.2314,105.78067,1919.5284,9200349323885,9200381341281
123.721,1914.1794,105.78067,1914.1794,9200381500969,9200414720083
112.08822,1904.9165,112.08822,1914.1794,9200414928937,9200449619510
130.46861,1912.311,112.08822,1914.1794,9200449818260,9200493298833
107.734276,1882.4398,112.08822,1912.311,9200493381333,9200527809823
126.89167,1870.0923,112.08822,1912.311,9200529978000,9200572237114
102.620514,1843.5981,112.08822,1882.4398,9200572338573,9200610521958
115.69533,1889.6473,112.08822,1889.6473,9200610713625,9200657854718
122.582466,1875.3032,112.08822,1882.4398,9200658856802,9200693270239
108.57339,1872.6843,112.08822,1882.4398,9200693445864,9200726997427
125.18854,1901.7377,112.08822,1882.4398,9200727165916,9200760597531
135.06224,1977.2715,112.08822,1882.4398,9200760737687,9200800286125
127.82664,1959.6501,125.18854,1901.7377,9200800400916,9200840392323
110.84053,1892.7308,112.08822,1892.7308,9200840559875,9200878066177
84.909004,1887.6952,112.08822,1892.7308,9200878252166,9200911939093
86.04618,1883.0941,110.84053,1892.7308,9200912170552,9200948519666
117.67923,1871.6384,112.08822,1887.6952,9200948696073,9200981240864
130.51643,1846.4633,112.08822,1883.0941,9200981447635,9201014999718
94.7128,1816.9835,112.08822,1871.6384,9201015159770,9201048203000
83.17751,1899.0629,112.08822,1883.0941,9201049124250,9201088336541
152.73787,1830.4205,112.08822,1871.6384,9201088430708,9201121543364
115.55499,1841.4357,112.08822,1871.6384,9201121714666,9201156852583
92.20733,1669.5854,112.08822,1841.4357,9201157057635,9201194578312
92.09355,1743.6837,112.08822,1841.4357,9201194774666,9201227690083
85.19976,1758.9906,92.20733,1758.9906,9201227887270,9201265179822
112.97879,1887.7511,112.08822,1841.4357,9201265292531,9201301393572
110.07529,1875.5554,110.07529,1841.4357,9201301488677,9201335059406
84.926056,1894.8169,110.07529,1875.5554,9201335826333,9201371644197
87.79308,1851.7809,110.07529,1851.7809,9201371829979,9201405466802
87.76198,1863.9652,87.79308,1863.9652,9201406382270,9201442384197
93.919136,1821.1672,93.919136,1851.7809,9201442579770,9201480824458
115.667076,1812.3445,93.919136,1851.7809,9201481079874,9201516823468
113.33852,1772.1311,93.919136,1821.1672,9201516931229,9201548692739
116.51331,1742.6929,113.33852,1812.3445,9201548822010,9201582463104
127.19283,1847.4218,113.33852,1821.1672,9201582604562,9201616998676
105.96593,1706.9069,113.33852,1812.3445,9201617113937,9201654668572
156.4891,1703.1517,113.33852,1812.3445,9201654776749,9201692347843
138.69263,1675.5009,113.33852,1706.9069,9201692498103,9201727168989
141.301,1665.139,138.69263,1703.1517,9201727291853,9201763497010
135.4603,1735.0408,135.4603,1706.9069,9201763605812,9201797827687
145.21385,1710.2095,138.69263,1706.9069,9201802172010,9201838949666
144.06575,1747.6355,138.69263,1710.2095,9201839138937,9201874976593
90.31403,1751.1681,138.69263,1710.2095,9201875135656,9201910269562
95.61639,1781.7894,138.69263,1747.6355,9201910494458,9201944497478
124.39615,1726.6289,124.39615,1726.6289,9201944684614,9201980780291
179.8882,1685.5648,138.69263,1726.6289,9201981031905,9202015624614
192.97182,1638.6686,138.69263,1726.6289,9202015787166,9202050793937
211.5618,1589.4536,179.8882,1685.5648,9202050909093,9202087343624
220.70868,1650.187,192.97182,1650.187,9202087444145,9202121304353
224.80937,1649.3816,211.5618,1650.187,9202121486905,9202158215812
226.64737,1637.5763,220.70868,1650.187,9202158394405,9202192842999
219.18967,1621.6178,219.18967,1649.3816,9202193037687,9202228366176
223.08057,1624.2288,220.70868,1637.5763,9202228654249,9202263066020
198.01814,1597.1383,219.18967,1624.2288,9202263232322,9202296365864
202.81421,1567.1149,219.18967,1624.2288,9202297027687,9202335600239
203.7858,1561.1603,203.7858,1597.1383,9202335752947,9202380907322
193.12082,1520.2029,203.7858,1567.1149,9202381179978,9202416271801
201.00111,1525.2708,203.7858,1561.1603,9202416383416,9202451359145
136.89641,1621.6072,201.00111,1567.1149,9202451463989,9202490988884
219.06302,1547.8712,203.7858,1561.1603,9202491185812,9202526211280
164.58778,1467.248,201.00111,1561.1603,9202526842634,9202560272478
167.42197,1462.7026,201.00111,1547.8712,9202561919718,9202600629041
224.44112,1509.4047,201.00111,1509.4047,9202600709718,9202640270186
211.2683,1431.8132,201.00111,1509.4047,9202641181332,9202679609197
203.04926,1504.4824,203.04926,1509.4047,9202679793728,9202715079874
234.65463,1447.3903,203.04926,1504.4824,9202715276697,9202749774301
203.46638,1438.6611,203.04926,1504.4824,9202749888989,9202783576488
254.71942,1366.6853,203.46638,1447.3903,9202784258363,9202818386593
211.77618,1375.2823,203.46638,1438.6611,9202818485186,9202854332322
199.59354,1373.4135,203.46638,1375.2823,9202854579561,9202895784353
227.97466,1380.7557,203.46638,1380.7557,9202895963103,9202940695030
200.16005,1435.9037,203.46638,1380.7557,9202940872374,9202978038155
216.65947,1354.9366,203.46638,1380.7557,9202978261801,9203013221593
191.3158,1364.0121,203.46638,1380.7557,9203013429040,9203046663832
195.71947,1301.3969,203.46638,1364.0121,9203046872165,9203085901280
209.86009,1346.2496,203.46638,1364.0121,9203086037634,9203125888155
186.5813,1358.7686,203.46638,1358.7686,9203125995863,9203165668363
201.33287,1362.7943,203.46638,1362.7943,9203165854874,9203202124822
230.42125,1337.3566,203.46638,1358.7686,9203202279197,9203237806072
222.39137,1323.8177,203.46638,1358.7686,9203237918103,9203275318988
218.45126,1328.9314,218.45126,1337.3566,9203275534457,9203308666332
213.05319,1320.8787,213.05319,1328.9314,9203308842999,9203343871540
239.23242,1200.6133,218.45126,1328.9314,9203344031124,9203377799874
194.2315,1156.0757,213.05319,1320.8787,9203377997790,9203412947738
223.41936,1136.2001,218.45126,1200.6133,9203413732947,9203457419457
208.80975,1211.8503,213.05319,1211.8503,9203457511592,9203492186697
233.2836,1174.3452,218.45126,1200.6133,9203493905967,9203531655134
239.90904,1159.9484,218.45126,1200.6133,9203532459874,9203575172426
254.01746,1104.8538,233.2836,1174.3452,9203575254457,9203612674509
250.02399,1120.9421,239.90904,1159.9484,9203613169197,9203644423103
262.48462,1105.5917,250.02399,1120.9421,9203644549561,9203678657374
265.29758,1120.6498,250.02399,1120.9421,9203678798051,9203710475863
279.37088,1098.4137,262.48462,1120.6498,9203710686696,9203744182374
242.10263,1138.1459,250.02399,1120.9421,9203744410603,9203776834978
246.71648,1028.988,250.02399,1120.6498,9203777031853,9203809383571
262.29645,1094.0969,250.02399,1120.6498,9203809555707,9203843305551
239.79483,1103.4852,250.02399,1103.4852,9203843485394,9203876636019
245.36667,1019.9399,250.02399,1103.4852,9203876881436,9203910033051
260.9997,1036.7043,250.02399,1103.4852,9203910234457,9203945894873
259.75916,1055.7872,250.02399,1055.7872,9203946122946,9203978723467
272.2207,1097.647,259.75916,1097.647,9203978853311,9204028550967
246.96233,1119.9791,250.02399,1097.647,9204028659613,9204061962998
294.8984,1013.8165,259.75916,1097.647,9204062084561,9204103616228
291.60416,1019.53394,259.75916,1097.647,9204104566592,9204139335030
294.32294,1104.2365,291.60416,1097.647,9204139525394,9204175065290
275.22266,1004.32214,275.22266,1097.647,9204175200498,9204212682009
277.33597,1127.1387,277.33597,1097.647,9204212857009,9204265992790
307.66656,1021.2014,277.33597,1097.647,9204266179717,9204301302425
296.54947,1074.7687,277.33597,1097.647,9204302586800,9204339606540
293.3494,1054.101,293.3494,1074.7687,9204339720759,9204373751696
303.94046,1041.7108,293.3494,1074.7687,9204373947269,9204412595811
273.1063,1041.9865,293.3494,1054.101,9204412759821,9204445715863
321.6305,1021.19073,293.3494,1041.9865,9204446038155,9204478162738
305.10724,1053.4282,293.3494,1053.4282,9204478297217,9204515055707
334.21323,917.95404,305.10724,1041.9865,9204515169769,9204551056332
325.02612,870.39813,305.10724,1041.9865,9204551216436,9204595323467
338.07068,1035.5234,325.02612,1035.5234,9204595421436,9204634860186
333.2463,949.5048,325.02612,1035.5234,9204635148936,9204672035602
339.88516,900.4672,333.2463,1035.5234,9204672155498,9204715033207
338.87436,908.34705,333.2463,949.5048,9204715232790,9204753472998
337.47888,930.68164,337.47888,930.68164,9204753699873,9204789182269
369.1228,929.1251,337.47888,930.68164,9204789362061,9204826463259
364.60223,817.1333,337.47888,930.68164,9204826566696,9204862345602
390.73618,744.9407,364.60223,929.1251,9204862453675,9204896630394
374.70197,839.08484,364.60223,839.08484,9204896712165,9204931318519
385.5687,821.0521,374.70197,839.08484,9204932675759,9204971416279
397.86407,809.989,374.70197,839.08484,9204971511748,9205007914092
382.43243,742.4101,382.43243,821.0521,9205008088727,9205043913258
413.7962,758.70776,382.43243,809.989,9205044193519,9205084421592
341.4087,733.97235,382.43243,758.70776,9205084618154,9205123595186
351.3371,725.71533,382.43243,758.70776,9205123685654,9205158837894
351.0196,835.20886,351.3371,758.70776,9205158988675,9205194929352
377.19293,773.96906,377.19293,758.70776,9205195101019,9205228457477
415.04266,678.3071,377.19293,758.70776,9205230548258,9205266631696
416.89127,692.17914,377.19293,758.70776,9205266824821,9205302201540
429.5125,749.74603,415.04266,749.74603,9205302647425,9205336565185
417.95187,713.03986,416.89127,749.74603,9205336734508,9205374466904
406.5612,692.6713,415.04266,749.74603,9205374644196,9205411441748
457.07162,703.1841,416.89127,713.03986,9205411971540,9205446547425
450.24814,626.12683,416.89127,703.1841,9205446656904,9205485388935
403.13614,679.559,416.89127,703.1841,9205485589040,9205526121644
442.6497,647.2018,416.89127,679.559,9205526241592,9205561783050
416.62335,616.6741,416.89127,679.559,9205561958831,9205610221487
432.70956,578.49396,416.89127,647.2018,9205610347737,9205646395602
435.46024,616.7183,416.89127,616.7183,9205646533154,9205685508935
444.52304,661.03235,432.70956,647.2018,9205685624925,9205718752321
459.56964,659.89435,435.46024,647.2018,9205718962425,9205758732321
459.58444,677.11127,444.52304,659.89435,9205758909821,9205802654664
468.95828,699.53,459.56964,659.89435,9205802839717,9205839865758
483.9985,660.76746,459.58444,660.76746,9205839994508,9205875382008
477.72565,607.876,468.95828,659.89435,9205875570341,9205915360914
474.67853,645.5464,474.67853,659.89435,9205915508831,9205948116591
475.22272,633.2328,474.67853,645.5464,9205948238050,9205981153519
455.89056,614.18115,474.67853,645.5464,9205981899977,9206015074769
492.68738,579.1558,474.67853,633.2328,9206015258258,9206053346696
488.63748,603.1699,474.67853,614.18115,9206053455237,9206087274404
472.2994,400.74088,474.67853,603.1699,9206088259039,9206126059300
444.39853,513.2496,474.67853,603.1699,9206126152946,9206162134352
475.90283,480.2021,474.67853,513.2496,9206162886279,9206201329716
439.70828,437.7356,474.67853,513.2496,9206203105550,9206237636956
438.03,478.97653,474.67853,480.2021,9206237800289,9206273480237
464.87875,438.94568,464.87875,478.97653,9206273612373,9206313767945
504.45462,512.55096,474.67853,480.2021,9206313940706,9206349404925
472.19452,482.8161,472.19452,480.2021,9206349596123,9206382286695
508.4564,497.11588,474.67853,482.8161,9206384485445,9206421388206
469.82846,495.43396,472.19452,482.8161,9206421567164,9206458167789
479.35153,449.75345,474.67853,482.8161,9206458431123,9206493577164
477.01483,485.87668,474.67853,482.8161,9206493662216,9206526475289
432.01416,498.9392,474.67853,482.8161,9206526580706,9206562647060
488.2152,447.2518,474.67853,482.8161,9206564850289,9206599987633
476.34543,477.94244,474.67853,482.8161,9206601662164,9206640783622
496.88937,476.98145,476.34543,477.94244,9206640924612,9206689246956
463.6575,411.761,474.67853,477.94244,9206689340862,9206723146174
477.37762,448.71124,476.34543,476.98145,9206725510237,9206759395081
468.26746,417.86224,474.67853,448.71124,9206761011070,9206795354977
492.07175,464.49524,476.34543,464.49524,9206795535758,9206830693466
496.65344,489.37402,476.34543,464.49524,9206831532008,9206868162737
502.42026,461.7029,492.07175,464.49524,9206868250758,9206903124508
584.8818,432.66107,496.65344,464.49524,9206903315081,9206939033779
604.27826,317.96802,502.42026,461.7029,9206939240289,9206975190549
642.6444,350.58856,584.8818,432.66107,9206975303049,9207011122008
512.3461,358.5232,512.3461,358.5232,9207011230133,9207045028206
601.4254,342.19336,584.8818,358.5232,9207045138310,9207080899039
543.9972,289.09314,543.9972,358.5232,9207081101174,9207115233206
577.3949,365.73752,577.3949,358.5232,9207115394247,9207148606278
529.6122,382.00534,543.9972,358.5232,9207148784560,9207186814612
499.72406,297.0014,543.9972,358.5232,9207186925028,9207227312060
462.1557,283.40576,529.6122,358.5232,9207227492268,9207263022685
476.74344,273.04617,499.72406,297.0014,9207263136799,9207299219247
505.0689,305.40686,505.0689,305.40686,9207300113831,9207336721799
539.392,324.39935,505.0689,305.40686,9207336903935,9207372888310
515.97687,273.27832,505.0689,305.40686,9207372999039,9207407793101
531.7281,417.00128,515.97687,305.40686,9207407905028,9207444491226
550.56714,296.495,515.97687,305.40686,9207444595289,9207485498778
537.6044,328.00607,531.7281,305.40686,9207485678622,9207520654820
529.98456,347.9198,529.98456,305.40686,9207520761747,9207555358883
542.72156,298.67697,531.7281,305.40686,9207555592216,9207591022112
583.4986,311.85934,531.7281,305.40686,9207591126382,9207629134143
560.056,399.69724,542.72156,305.40686,9207630375862,9207673286122
575.4527,357.49176,560.056,311.85934,9207673402164,9207707708362
594.83563,364.59372,560.056,357.49176,9207708361122,9207745324351
619.3225,350.00375,575.4527,350.00375,9207745440028,9207779229976
598.06995,288.62112,594.83563,350.00375,9207779483622,9207812532059
623.75635,328.19012,598.06995,350.00375,9207812735289,9207846630966
631.9932,318.79224,598.06995,328.19012,9207846837528,9207886878570
653.98914,278.64923,623.75635,328.19012,9207887110914,9207921109247
640.47235,275.30884,631.9932,318.79224,9207921333726,9207956622372
682.9876,264.21982,640.47235,278.64923,9207956761487,9207991093309
638.4784,235.637,638.4784,275.30884,9207991276955,9208026984039
604.0677,215.57086,638.4784,264.21982,9208027461122,9208060285549
600.3099,250.9322,638.4784,250.9322,9208060891955,9208094717789
584.6641,307.02728,604.0677,264.21982,9208095877007,9208132357424
633.535,224.79982,633.535,250.9322,9208132530236,9208190124924
609.8528,272.2027,609.8528,264.21982,9208190235289,9208228962372
639.8239,288.1392,633.535,264.21982,9208229146018,9208262750132
661.8021,268.1685,633.535,268.1685,9208262873622,9208297522684
655.3785,258.58218,639.8239,264.21982,9208297604716,9208333233518
649.9414,271.225,649.9414,268.1685,9208333414716,9208368187111
679.8582,212.63908,649.9414,264.21982,9208368304195,9208402134091
647.0892,245.54013,649.9414,264.21982,9208402327424,9208438600705
657.4484,261.60464,649.9414,261.60464,9208438785497,9208474363465
667.08746,249.73018,649.9414,261.60464,9208474480132,9208509816955
687.34985,232.60367,657.4484,261.60464,9208510594872,9208547386955
636.6757,241.10516,649.9414,249.73018,9208547604143,9208586338257
665.9131,230.95656,657.4484,241.10516,9208586468674,9208621220861
700.0275,198.67516,657.4484,241.10516,9208621473257,9208657111434
643.45557,238.45264,657.4484,238.45264,9208657243570,9208700455497
638.11945,205.91785,657.4484,238.45264,9208700540549,9208737211538
671.0949,220.50446,657.4484,238.45264,9208737404299,9208787070601
658.7494,193.20096,657.4484,220.50446,9208788124872,9208828903726
698.7679,229.31067,658.7494,229.31067,9208829038465,9208863992736
708.38184,197.7488,658.7494,220.50446,9208864140497,9208900525132
688.8785,241.78616,688.8785,229.31067,9208900965653,9208938457111
682.91266,233.52426,682.91266,229.31067,9208938644663,9208975475705
744.6661,232.28658,688.8785,232.28658,9208975597111,9209014762944
737.99023,219.66795,688.8785,229.31067,9209014952215,9209054063049
665.7828,204.04826,688.8785,229.31067,9209054665861,9209091673517
705.92975,174.98991,688.8785,219.66795,9209091780288,9209126599871
691.0277,218.86499,688.8785,218.86499,9209126742996,9209159857111
691.67236,228.14339,691.0277,219.66795,9209161425080,9209195961017
670.1235,192.80676,688.8785,218.86499,9209196565496,9209233031486
643.6686,236.15149,688.8785,219.66795,9209233155184,9209274010288
638.94946,272.5096,670.1235,219.66795,9209274114038,9209315290809
667.40094,248.9811,667.40094,236.15149,9209315473934,9209360246330
714.80865,263.77493,670.1235,248.9811,9209360419142,9209399767111
681.61926,224.98811,670.1235,236.15149,9209399946486,9209438925757
681.3474,263.86105,681.3474,248.9811,9209439099819,9209477848205
738.51904,208.43597,681.3474,236.15149,9209478058778,9209516345340
748.1499,247.58907,681.3474,247.58907,9209516546069,9209549395080
724.67633,231.90366,724.67633,236.15149,9209549611278,9209583855288
689.8135,253.49149,689.8135,247.58907,9209584093205,9209618173309
679.22943,252.02194,689.8135,247.58907,9209618347632,9209654979403
676.80817,298.45566,689.8135,252.02194,9209655178465,9209691945340
660.5792,217.67348,679.22943,247.58907,9209692095653,9209726336798
702.29755,283.13217,689.8135,252.02194,9209726520028,9209762719403
731.0356,310.693,689.8135,252.02194,9209762889923,9209807780340
707.65485,255.60585,702.29755,255.60585,9209807896434,9209841961642
716.23914,308.58292,707.65485,255.60585,9209842088465,9209878857788
727.90045,237.31038,707.65485,255.60585,9209879070705,9209916866850
708.29913,243.61888,708.29913,255.60585,9209917041850,9209951614975
747.8188,264.41327,708.29913,255.60585,9209951748986,9209987525652
726.96155,280.8561,708.29913,255.60585,9209987722840,9210020782996
767.1177,181.95087,726.96155,255.60585,9210020988621,9210064523517
838.02216,121.72365,726.96155,255.60585,9210064608517,9210100232111
720.36914,145.20575,726.96155,181.95087,9210100393361,9210139532163
704.7097,211.73965,726.96155,211.73965,9210139659663,9210175959507
683.392,197.1384,720.36914,197.1384,9210176146173,9210223514819
732.7146,182.91087,726.96155,197.1384,9210223721746,9210265317527
746.0594,195.05707,726.96155,197.1384,9210265442631,9210302599090
744.90326,185.31956,732.7146,195.05707,9210302707163,9210350475965
733.6789,227.71565,733.6789,197.1384,9210350582267,9210385544663
724.1825,227.95781,732.7146,197.1384,9210385747475,9210419501069
758.5146,233.43492,733.6789,227.71565,9210419718048,9210455202944
717.61993,272.97614,732.7146,227.95781,9210456269038,9210491455965
711.4223,280.1288,732.7146,233.43492,9210492361173,9210527105548
735.05524,244.21425,732.7146,244.21425,9210527211954,9210561009090
756.79346,303.3492,732.7146,244.21425,9210561734975,9210596277527
770.0495,281.31937,735.05524,244.21425,9210597735652,9210632520079
734.4405,255.52193,734.4405,255.52193,9210632679246,9210667077163
739.83875,268.44824,735.05524,255.52193,9210667174715,9210706128985
758.95337,251.1164,735.05524,255.52193,9210706244558,9210741882267
780.61444,263.31015,739.83875,255.52193,9210742054767,9210783486642
810.9682,266.10986,758.95337,255.52193,9210783683933,9210836145288
821.80505,300.3979,780.61444,263.31015,9210836268308,9210878080131
797.44415,286.0463,797.44415,266.10986,9210878279819,9210914866590
808.71936,313.70306,797.44415,286.0463,9210915181954,9210947897475
755.121,323.17447,797.44415,286.0463,9210948236225,9210981236381
753.2574,329.57117,797.44415,313.70306,9210981432423,9211019931642
809.7043,351.5792,797.44415,323.17447,9211020215704,9211054532735
800.1602,330.29855,797.44415,329.57117,9211054654402,9211090118881
818.0095,367.9663,800.1602,330.29855,9211090246017,9211126102735
776.39404,306.5128,797.44415,329.57117,9211126284506,9211162100027
788.4266,346.4362,797.44415,330.29855,9211162253621,9211195211537
777.34143,289.87946,788.4266,329.57117,9211196438673,9211228744923
799.54553,322.86707,797.44415,329.57117,9211228850652,9211263199714
731.1108,321.65024,788.4266,322.86707,9211263295496,9211298802891
772.2985,336.69138,788.4266,329.57117,9211298995860,9211350771225
768.2354,341.49878,772.2985,329.57117,9211350897527,9211394412631
732.28955,294.12863,772.2985,329.57117,9211394510860,9211432633829
786.04974,372.682,772.2985,329.57117,9211432888881,9211471856433
758.5629,349.03265,772.2985,329.57117,9211471949141,9211514024141
781.14105,395.77356,772.2985,349.03265,9211514210600,9211548262110
757.10254,352.55414,772.2985,349.03265,9211548533933,9211581630027
757.9834,386.1261,772.2985,352.55414,9211581809506,9211616888204
750.0546,322.16498,757.9834,349.03265,9211617000808,9211650707371
754.57904,426.9959,757.9834,352.55414,9211650894141,9211691665027
791.8287,354.10345,757.9834,352.55414,9211691861016,9211725306641
782.2178,406.0495,757.9834,354.10345,9211725521016,9211761763725
820.3694,359.80716,782.2178,354.10345,9211761853725,9211794618568
772.4326,397.1615,772.4326,359.80716,9211794768152,9211827392943
797.4864,435.45706,782.2178,359.80716,9211827577683,9211860653881
797.6937,465.07602,782.2178,397.1615,9211863012735,9211900094610
843.6984,366.2666,797.4864,366.2666,9211900177891,9211936353673
823.7226,416.21725,797.6937,397.1615,9211936522006,9211972397995
811.10767,423.20123,811.10767,397.1615,9211972498100,9212009398620
800.81976,420.73755,800.81976,416.21725,9212009615808,9212048591381
824.60815,464.49994,811.10767,420.73755,9212048801797,9212082229922
800.86487,455.6943,800.86487,420.73755,9212082431329,9212115511641
835.4206,474.60776,811.10767,455.6943,9212115691016,9212151636589
855.4497,441.3076,811.10767,441.3076,9212151794037,9212186778829
832.0145,457.44568,832.0145,455.6943,9212187482266,9212224147839
848.695,480.3674,832.0145,455.6943,9212224320027,9212257125599
829.9691,484.8519,832.0145,457.44568,9212257296381,9212292532839
828.4455,497.78793,832.0145,480.3674,9212292765339,9212327964558
850.0085,490.66974,832.0145,484.8519,9212328212995,9212363263620
837.23706,522.31616,832.0145,490.66974,9212363360443,9212400541485
928.5292,635.8913,837.23706,490.66974,9212400670131,9212441705339
838.7011,463.01016,837.23706,490.66974,9212442165860,9212482930287
857.92773,473.68738,838.7011,490.66974,9212483217683,9212520312006
901.17883,404.66608,838.7011,473.68738,9212520413099,9212554423829
918.68005,454.51205,857.92773,473.68738,9212555646693,9212588766641
875.14716,460.56,875.14716,460.56,9212589777318,9212624452787
898.3278,508.71414,875.14716,473.68738,9212624672787,9212658032214
928.21515,489.84927,875.14716,473.68738,9212658209297,9212697558881
912.20404,497.54965,898.3278,489.84927,9212697752422,9212732606016
927.4962,481.80658,912.20404,481.80658,9212732744245,9212770852683
898.5269,536.4385,898.5269,489.84927,9212771552006,9212806980599
938.43494,499.469,912.20404,489.84927,9212807127631,9212845763776
933.1578,520.5615,912.20404,499.469,9212845892474,9212883800703
917.14404,463.35016,917.14404,489.84927,9212883998568,9212934179505
943.909,567.61255,917.14404,499.469,9212934284714,9212973606641
949.6542,538.51044,917.14404,499.469,9212973720912,9213008269037
924.87775,650.95386,924.87775,538.51044,9213008357578,9213046845235
899.6464,674.6299,917.14404,538.51044,9213047028516,9213084368047
929.06024,682.643,924.87775,650.95386,9213084535026,9213118817682
874.1241,672.2483,917.14404,672.2483,9213118912318,9213155012578
910.44464,659.87537,917.14404,659.87537,9213155166120,9213190141849
891.8271,683.15234,910.44464,672.2483,9213190319089,9213228913047
909.3362,651.9335,910.44464,659.87537,9213229114505,9213265083568
904.76294,681.4711,909.3362,672.2483,9213265173932,9213297584453
887.7289,706.2647,909.3362,672.2483,9213298200807,9213333400130
889.6158,669.855,904.76294,672.2483,9213333555703,9213369578984
912.8847,705.5106,909.3362,672.2483,9213370107787,9213407274922
917.95105,756.5603,909.3362,672.2483,9213407368099,9213445512787
939.1947,651.72534,912.8847,672.2483,9213445630547,9213483474349
938.3097,660.87866,917.95105,672.2483,9213483684297,9213519823151
984.68365,650.3545,938.3097,660.87866,9213520670234,9213560282578
969.2217,690.60315,938.3097,672.2483,9213560503516,9213596577214
935.5927,684.2696,938.3097,672.2483,9213596754453,9213631326901
958.1579,637.9684,938.3097,672.2483,9213631426641,9213668739557
954.80804,697.3403,938.3097,672.2483,9213668886068,9213704840807
951.77014,714.85767,951.77014,672.2483,9213704997474,9213739057109
973.73816,714.7918,951.77014,697.3403,9213739186120,9213775355078
944.3264,671.0171,951.77014,672.2483,9213775451224,9213814975391
933.7664,734.3838,951.77014,697.3403,9213815194453,9213852439297
923.09485,774.29553,944.3264,697.3403,9213852603880,9213889665547
947.6796,788.0438,947.6796,734.3838,9213889852891,9213931127161
959.88885,758.06146,947.6796,758.06146,9213931228515,9213966610703
945.8949,804.4706,947.6796,758.06146,9213967170703,9214000873203
958.82,828.90155,947.6796,758.06146,9214000979765,9214035790755
970.87634,937.415,947.6796,804.4706,9214035880338,9214074289401
943.2684,860.87866,947.6796,828.90155,9214074514922,9214112197890
972.58,843.8334,947.6796,843.8334,9214112290963,9214147854401
955.7782,901.64246,947.6796,843.8334,9214148146120,9214183118932
964.4014,838.1735,955.7782,843.8334,9214183326380,9214219415547
951.44763,933.04205,951.44763,843.8334,9214219529713,9214254305755
978.9109,827.7471,955.7782,843.8334,9214254457474,9214291975911
960.1973,924.78406,955.7782,843.8334,9214292222838,9214325879765
942.3082,971.3927,955.7782,843.8334,9214326085442,9214362878880
887.84625,932.511,955.7782,924.78406,9214363054765,9214400603984
924.66315,960.00574,942.3082,932.511,9214400692734,9214452723776
958.81323,967.85187,955.7782,932.511,9214452826953,9214492526797
912.6162,956.72974,942.3082,956.72974,9214493396328,9214529352682
921.57935,911.4333,942.3082,932.511,9214529455547,9214567212942
947.7495,950.7387,942.3082,950.7387,9214567396588,9214603629974
950.03455,1051.6487,942.3082,950.7387,9214603722213,9214639653151
932.0344,975.21387,942.3082,950.7387,9214639740703,9214674789244
954.8873,911.5649,942.3082,950.7387,9214674952734,9214711445286
923.84515,1023.16644,942.3082,950.7387,9214711653411,9214747484869
937.55414,1024.0559,942.3082,950.7387,9214747665234,9214782472109
944.7533,1012.653,942.3082,1012.653,9214782585859,9214817538515
939.4646,973.5222,942.3082,973.5222,9214817730026,9214859604401
959.46564,967.4923,942.3082,973.5222,9214859804505,9214893712734
944.67725,968.79474,942.3082,973.5222,9214893814140,9214930050963
932.2258,1051.1749,942.3082,973.5222,9214930160807,9214976090442
913.82166,1054.5862,942.3082,973.5222,9214976212786,9215018432682
931.8422,1106.6947,932.2258,1051.1749,9215019022421,9215053332369
946.876,1128.4883,942.3082,1054.5862,9215054250963,9215089936171
954.18494,1107.3444,942.3082,1106.6947,9215090135078,9215127374505
958.60876,1040.668,946.876,1054.5862,9215127478932,9215163112786
921.48065,1097.2313,942.3082,1097.2313,9215163281536,9215201976900
975.04785,1087.6074,946.876,1087.6074,9215202092578,9215244736171
962.4095,1043.825,946.876,1087.6074,9215244923515,9215282955494
962.46265,1141.1195,962.4095,1087.6074,9215283070234,9215318847369
968.0069,1112.0782,962.4095,1087.6074,9215319041640,9215356950702
955.0937,1118.9849,962.4095,1112.0782,9215357150025,9215392091536
978.2275,1163.3994,962.4095,1112.0782,9215392209140,9215427537890
971.2954,1220.0913,962.4095,1118.9849,9215427689036,9215463170442
991.5943,1165.1475,971.2954,1163.3994,9215464130754,9215501764661
979.3039,1215.5859,971.2954,1165.1475,9215501889869,9215544595077
931.1853,1248.4071,971.2954,1165.1475,9215544734192,9215578669348
897.62524,1323.0427,971.2954,1215.5859,9215578877473,9215615248150
915.90094,1759.2412,931.1853,1248.4071,9215615369296,9215648724817
930.848,1725.6505,930.848,1323.0427,9215649589296,9215683244088
965.9614,1796.4773,931.1853,1725.6505,9215683359036,9215716261692
938.26196,1791.8248,931.1853,1725.6505,9215716393619,9215749834661
898.849,1820.7559,931.1853,1791.8248,9215749951796,9215784077421
926.95276,1809.39,931.1853,1791.8248,9215784190754,9215843323515
952.2578,1224.6676,931.1853,1791.8248,9215843465963,9215887041692
931.07,1247.5303,931.1853,1791.8248,9215887216171,9215925384140
990.7683,1254.069,931.1853,1254.069,9215925563723,9215970164400
958.82684,1271.5834,931.1853,1271.5834,9215970346796,9216006496119
964.7497,1286.5933,958.82684,1271.5834,9216006663358,9216043495702
977.94684,1307.3823,958.82684,1271.5834,9216043693775,9216086124036
973.8654,1298.4069,964.7497,1286.5933,9216086244713,9216120392369
972.6323,1311.5923,972.6323,1298.4069,9216120628150,9216157284765
947.0383,1321.5846,964.7497,1298.4069,9216157444192,9216193836431
939.2566,1339.1589,964.7497,1311.5923,9216193948931,9216230410754
953.7706,1399.1376,953.7706,1321.5846,9216230498098,9216294089973
956.12335,1408.7369,956.12335,1339.1589,9216294220338,9216334487212
939.8421,1461.3948,953.7706,1399.1376,9216334628098,9216375629087
940.1292,1395.6343,953.7706,1395.6343,9216375765129,9216410375598
932.9123,1441.2609,940.1292,1399.1376,9216410590806,9216448329869
902.7999,1450.8464,940.1292,1399.1376,9216448441275,9216482775910
897.20123,1431.8164,932.9123,1431.8164,9216482893671,9216515459608
905.14435,1459.5747,905.14435,1431.8164,9216515593410,9216556858723
906.3245,1501.998,906.3245,1431.8164,9216557065858,9216592926275
986.1766,1561.6119,906.3245,1459.5747,9216593037525,9216634247421
999.0562,1543.5171,906.3245,1501.998,9216634337837,9216674636744
991.09515,1461.9022,986.1766,1461.9022,9216674818254,9216717871744
978.1132,1511.8075,978.1132,1501.998,9216718073202,9216755497629
995.62213,1579.7972,986.1766,1501.998,9216755669400,9216793289504
1018.1998,1492.4718,986.1766,1501.998,9216793497941,9216829468775
999.99066,1580.105,995.62213,1501.998,9216829663410,9216865507525
958.28357,1581.6989,986.1766,1501.998,9216865589764,9216903731379
994.4061,1527.7858,994.4061,1527.7858,9216904187108,9216940295806
952.5327,1516.7568,986.1766,1516.7568,9216940473514,9216978952733
955.4382,1499.7607,986.1766,1516.7568,9216979071691,9217019767368
949.1042,1535.4376,955.4382,1516.7568,9217019893098,9217052970181
947.4867,1527.0496,955.4382,1516.7568,9217053143358,9217086305546
959.4152,1590.9171,955.4382,1527.0496,9217086478723,9217122081223
921.34924,1571.9927,955.4382,1527.0496,9217122245858,9217166680181
956.61163,1599.7827,955.4382,1571.9927,9217166800285,9217202543514
932.98755,1497.6471,955.4382,1527.0496,9217202746170,9217237015962
963.762,1601.5736,955.4382,1571.9927,9217237209660,9217272937837
961.6592,1533.8578,955.4382,1533.8578,9217273140910,9217310056014
946.387,1550.0791,955.4382,1550.0791,9217310257941,9217347736900
948.42725,1575.5377,955.4382,1550.0791,9217347889087,9217389089764
951.64813,1558.7811,951.64813,1550.0791,9217389323045,9217424757420
938.7959,1550.8212,951.64813,1550.8212,9217424867004,9217458389035
927.97235,1595.722,951.64813,1550.8212,9217458579660,9217493966170
907.60876,1665.8613,938.7959,1550.8212,9217494110441,9217532973462
865.6378,1699.93,927.97235,1595.722,9217533078983,9217569157004
921.6357,1620.756,921.6357,1620.756,9217569344556,9217605533306
915.1126,1629.9872,921.6357,1620.756,9217605713358,9217654041587
919.55133,1668.9984,921.6357,1620.756,9217654137629,9217696394191
907.207,1593.2793,919.55133,1620.756,9217696558045,9217738326274
947.70435,1595.3401,921.6357,1620.756,9217738421587,9217774712472
900.56604,1662.4789,919.55133,1620.756,9217774807212,9217816391795
933.7178,1690.5387,921.6357,1620.756,9217817637108,9217858053410
933.20465,1789.5145,921.6357,1662.4789,9217858153514,9217892247212
931.18146,1779.3992,931.18146,1690.5387,9217892438983,9217932353410
961.78864,1773.1676,931.18146,1773.1676,9217932500441,9217966649920
968.9249,1687.4137,931.18146,1690.5387,9217966742941,9218005073254
976.37286,1748.1198,961.78864,1748.1198,9218005248826,9218042827889
903.3379,1806.3566,931.18146,1748.1198,9218042975858,9218079446431
918.74023,1837.2295,931.18146,1748.1198,9218079602003,9218113774660
945.28485,1746.7573,931.18146,1748.1198,9218113906326,9218150957681
900.9627,1795.0299,931.18146,1748.1198,9218151114712,9218198035024
843.90594,1824.6755,931.18146,1748.1198,9218198142212,9218235207472
864.359,1801.8049,900.9627,1795.0299,9218235378878,9218271219920
897.77625,1805.284,897.77625,1801.8049,9218271338566,9218308747212
892.19434,1763.9625,897.77625,1795.0299,9218308915180,9218348879503
863.3657,1838.2214,897.77625,1801.8049,9218349037941,9218384442264
828.9917,1860.2509,892.19434,1801.8049,9218384635597,9218424479295
826.0884,1858.463,863.3657,1838.2214,9218424711587,9218459997837
808.1546,1854.5499,828.9917,1854.5499,9218460234764,9218496095493
739.09485,1842.8671,826.0884,1842.8671,9218496205962,9218531712472
754.34784,1920.9465,808.1546,1854.5499,9218531873253,9218569966274
751.59204,1926.8444,754.34784,1854.5499,9218570144243,9218604455805
832.80225,1921.974,808.1546,1920.9465,9218604640128,9218644310441
808.8444,1872.0863,808.1546,1872.0863,9218644449451,9218680738045
868.1316,1935.6847,808.8444,1920.9465,9218680857160,9218716149712
875.7704,1918.2711,808.8444,1918.2711,9218716346066,9218753879399
857.69324,1948.111,857.69324,1920.9465,9218753982316,9218788736378
870.5794,1868.1051,857.69324,1918.2711,9218788908774,9218825231639
842.983,1921.7264,857.69324,1920.9465,9218825431691,9218861271639
864.9963,1876.7919,857.69324,1918.2711,9218861372316,9218893714451
859.7464,1912.7413,857.69324,1918.2711,9218894615962,9218933714503
896.5409,1856.188,859.7464,1912.7413,9218935435493,9218973852003
907.42786,1843.7001,859.7464,1912.7413,9218974046326,9219012421847
896.87665,1814.0704,896.5409,1856.188,9219012546899,9219046012524
953.9808,1894.6045,896.87665,1894.6045,9219046117472,9219087956014
927.64233,1906.7971,896.87665,1894.6045,9219088575024,9219124467836
889.9434,1878.3207,896.87665,1894.6045,9219124591482,9219158942993
936.16394,1843.5613,896.87665,1894.6045,9219159178514,9219195466326
857.64276,1877.4485,896.87665,1878.3207,9219196471691,9219229899086
842.24365,1903.8855,896.87665,1894.6045,9219230000441,9219273673201
860.09357,1957.9829,860.09357,1894.6045,9219273776534,9219307595180
822.181,2005.0242,860.09357,1903.8855,9219307785753,9219343480753
760.9035,2029.4423,860.09357,1957.9829,9219343658670,9219379788097
709.70465,1972.2161,822.181,1972.2161,9219379906170,9219422070597
739.3477,1987.3972,760.9035,1972.2161,9219422267003,9219455135805
674.58514,1972.1359,739.3477,1972.2161,9219455333930,9219489138305
685.866,1937.2037,739.3477,1972.2161,9219489369138,9219529594659
646.62616,1926.2369,685.866,1972.1359,9219530187420,9219568908461
800.6847,1990.5404,739.3477,1972.2161,9219569029711,9219606552055
771.5752,2025.8047,739.3477,1972.2161,9219606758774,9219649831534
752.81494,2017.6539,752.81494,1990.5404,9219650026742,9219685678149
812.00085,2000.9106,752.81494,2000.9106,9219685854347,9219724812888
785.5882,1941.2407,752.81494,1990.5404,9219725028774,9219764800701
817.38916,2023.7428,785.5882,2000.9106,9219764984503,9219806310805
773.51855,2025.8046,773.51855,2000.9106,9219806422836,9219842655284
776.01245,2013.8016,776.01245,2013.8016,9219842763357,9219887547315
736.56116,2028.3784,773.51855,2013.8016,9219887783461,9219921234242
792.66833,2061.857,776.01245,2013.8016,9219921438305,9219955476378
789.1377,2000.3268,776.01245,2013.8016,9219955714972,9219992363149
780.5018,2062.727,780.5018,2013.8016,9219992530284,9220027558044
826.19763,1992.957,780.5018,2013.8016,9220027680492,9220064378878
793.2264,2037.911,780.5018,2013.8016,9220064551274,9220101031430
740.59827,2024.0391,780.5018,2013.8016,9220101231169,9220138982211
729.3937,2077.534,780.5018,2024.0391,9220139202263,9220177681482
848.61176,2007.7181,780.5018,2013.8016,9220177813617,9220217610388
853.55023,2042.4957,780.5018,2024.0391,9220217816326,9220254226430
723.2967,2060.5288,780.5018,2024.0391,9220254988096,9220303043721
713.667,2062.8135,780.5018,2042.4957,9220303170857,9220341309971
740.54816,2056.857,740.54816,2056.857,9220341425023,9220393711638
752.2865,2076.9407,752.2865,2056.857,9220393815284,9220427867680
804.0145,2036.5725,752.2865,2056.857,9220427963148,9220463559034
771.9715,2088.44,752.2865,2056.857,9220464110180,9220502954138
702.57855,2143.5867,752.2865,2056.857,9220503134503,9220539692471
757.8189,1996.8713,752.2865,2056.857,9220539893930,9220579845440
692.6212,2038.7327,752.2865,2056.857,9220579992367,9220617372003
737.7454,2076.9338,752.2865,2056.857,9220617532680,9220659484555
716.6481,2089.3296,737.7454,2056.857,9220659590232,9220697868409
772.85693,2055.0874,752.2865,2056.857,9220698016430,9220733286169
770.62396,2020.4114,752.2865,2056.857,9220733391742,9220767108461
769.2532,2068.907,769.2532,2056.857,9220767230700,9220810253721
745.1034,2083.8486,752.2865,2056.857,9220810403148,9220844926377
703.46014,2139.8438,752.2865,2068.907,9220845347732,9220884402940
771.84357,2048.744,752.2865,2056.857,9220884511013,9220924091169
769.7196,2044.0208,752.2865,2056.857,9220924296690,9220965509867
693.90295,2096.9321,752.2865,2056.857,9220965674867,9221004586429
738.4473,1997.5277,752.2865,2056.857,9221004802159,9221039728982
700.365,2044.9055,738.4473,2056.857,9221039826325,9221075057211
629.7385,2076.9746,738.4473,2056.857,9221075268877,9221110325492
645.8359,2120.512,700.365,2056.857,9221111527627,9221152327263
660.1894,2087.288,660.1894,2076.9746,9221152438409,9221186025804
698.726,2089.0396,698.726,2087.288,9221186227315,9221220887888
654.85614,2132.7559,660.1894,2087.288,9221221107367,9221265172263
760.29,2039.8229,698.726,2087.288,9221265999034,9221309654971
746.1399,2034.574,698.726,2087.288,9221309763148,9221344808409
645.642,2110.7817,698.726,2087.288,9221344975909,9221397445231
689.38885,2083.6086,698.726,2087.288,9221397569606,9221437427367
711.47095,2079.0378,698.726,2087.288,9221437568929,9221471965336
679.3118,2163.3062,698.726,2087.288,9221472152731,9221511434033
679.3137,2169.9368,698.726,2087.288,9221512464711,9221549518773
684.1327,2058.0007,684.1327,2087.288,9221549706898,9221584765127
675.0773,2070.906,684.1327,2087.288,9221584877679,9221620754867
666.80884,2054.4,684.1327,2070.906,9221620877940,9221656835492
671.34296,2127.2593,675.0773,2087.288,9221656938721,9221697251794
612.8518,2063.1633,671.34296,2070.906,9221697352783,9221734859138
598.32367,2049.3958,671.34296,2070.906,9221735042106,9221771572627
601.36725,2068.2344,612.8518,2068.2344,9221771781273,9221811631169
593.0583,2066.822,601.36725,2068.2344,9221811802158,9221845678096
602.76685,2053.8032,602.76685,2068.2344,9221845889450,9221884407887
601.5377,2097.1414,601.5377,2068.2344,9221884599450,9221920735440
542.31433,2088.6055,601.5377,2068.2344,9221920877940,9221962626846
594.8798,1999.8055,601.5377,2068.2344,9221962740596,9221998630856
607.2662,2065.4216,601.5377,2068.2344,9221999335752,9222037185231
564.5352,2056.2673,601.5377,2065.4216,9222037296429,9222079199294
616.0176,2108.7493,601.5377,2068.2344,9222079347575,9222114369137
636.3124,2051.8762,601.5377,2065.4216,9222114557367,9222148981689
613.17834,2087.8784,613.17834,2068.2344,9222149171429,9222185732575
515.2423,2088.4868,601.5377,2068.2344,9222185943617,9222221483044
574.0447,2015.2538,601.5377,2068.2344,9222221580596,9222259007991
507.58087,2100.8018,574.0447,2068.2344,9222259433408,9222302778616
454.15897,2108.009,574.0447,2068.2344,9222302952314,9222351952939
517.6808,2063.72,517.6808,2068.2344,9222353008252,9222387767054
495.03683,2040.1102,517.6808,2068.2344,9222387910075,9222427985439
515.65576,2114.827,517.6808,2068.2344,9222428222314,9222464405491
534.60754,2122.078,517.6808,2068.2344,9222464532418,9222503719866
497.98752,2083.919,517.6808,2083.919,9222503829814,9222540678408
524.00793,2112.6719,517.6808,2083.919,9222540788981,9222575443252
454.38138,2123.8765,517.6808,2083.919,9222575564398,9222608872835
498.92633,2069.861,517.6808,2083.919,9222609700283,9222646172523
488.36633,2039.8722,498.92633,2083.919,9222646357627,9222684606637
495.7327,2076.6296,498.92633,2076.6296,9222684840179,9222720347887
491.6192,2106.379,495.7327,2083.919,9222720459918,9222756823981
562.2217,2073.734,498.92633,2076.6296,9222756913720,9222794498512
620.6699,2050.8804,498.92633,2076.6296,9222794742262,9222832270595
627.6062,2044.6017,562.2217,2073.734,9222832403252,9222868684189
650.76843,2061.4312,620.6699,2061.4312,9222868885908,9222910956220
589.7926,2073.6643,589.7926,2073.6643,9222911119137,9222945172314
609.1046,2096.3647,609.1046,2073.6643,9222945375543,9222996888616
553.9795,2045.5402,589.7926,2073.6643,9222997006897,9223039444450
500.54245,2069.017,589.7926,2073.6643,9223039821585,9223075771689
487.37918,2041.148,553.9795,2069.017,9223075933147,9223118000908
493.176,2002.1296,500.54245,2069.017,9223118106845,9223155194085
439.85535,2063.336,493.176,2063.336,9223155371064,9223197618720
449.17944,2063.25,493.176,2063.336,9223197722783,9223232900127
497.88388,2005.3813,493.176,2063.336,9223233069866,9223268282627
543.44543,1984.592,493.176,2063.25,9223268467054,9223310176272
468.0693,2097.4653,493.176,2063.336,9223310293877,9223343419710
509.83658,1938.9688,493.176,2063.25,9223343648147,9223379359658
540.2534,1980.3594,493.176,2063.25,9223379491845,9223415282626
552.7264,1932.1138,509.83658,1980.3594,9223415446793,9223455659293
539.3869,2023.5297,539.3869,2023.5297,9223455856429,9223493589866
489.29367,1948.58,509.83658,1980.3594,9223493758147,9223528959241
457.81982,1981.4574,509.83658,1981.4574,9223529188720,9223569127053
400.55618,2001.0104,489.29367,1981.4574,9223569234137,9223611267106
370.20486,1989.2607,457.81982,1981.4574,9223611407366,9223644907991
383.73743,1988.3169,400.55618,1988.3169,9223645994449,9223680385178
377.10593,1975.2856,383.73743,1981.4574,9223680501845,9223718754293
437.30292,1989.2976,400.55618,1988.3169,9223718990856,9223755415647
424.197,1952.8885,400.55618,1981.4574,9223755572001,9223788969033
484.88876,2016.3156,424.197,1988.3169,9223789078824,9223822073876
458.3974,1995.6241,424.197,1988.3169,9223822180908,9223857811533
439.91824,1942.3647,439.91824,1988.3169,9223858396168,9223895589293
407.57547,2040.1648,424.197,1988.3169,9223896287991,9223933590803
438.10056,1977.1744,438.10056,1988.3169,9223933768928,9223970428147
475.26913,2070.4229,438.10056,1988.3169,9223970558980,9224009217574
486.0329,1937.5469,438.10056,1988.3169,9224009335751,9224046214657
459.7855,1965.5076,459.7855,1988.3169,9224046308980,9224086310543
432.05606,1951.4503,438.10056,1965.5076,9224086412470,9224124820855
473.79065,1913.9209,459.7855,1965.5076,9224125933043,9224162966168
396.1446,2004.548,438.10056,1965.5076,9224163148564,9224202615803
386.23935,1941.7861,438.10056,1965.5076,9224202764762,9224243055647
385.1597,1961.9124,396.1446,1965.5076,9224243248043,9224280956324
373.3483,1984.4987,386.23935,1965.5076,9224281159709,9224316346428
361.43243,1972.7084,385.1597,1965.5076,9224316565803,9224349994084
433.7878,1853.0024,386.23935,1965.5076,9224350094449,9224386144345
407.137,1796.7054,386.23935,1965.5076,9224386335595,9224423656741
391.22266,1889.3928,391.22266,1889.3928,9224424178928,9224460472522
404.96802,1757.3221,391.22266,1889.3928,9224460565022,9224494367001
450.56354,1780.4907,391.22266,1889.3928,9224494463459,9224532316845
397.87817,1784.084,397.87817,1784.084,9224532442001,9224577011636
253.41537,1883.1943,391.22266,1883.1943,9224577854501,9224625785282
204.72198,1842.4336,391.22266,1842.4336,9224625930647,9224674425907
212.47446,1843.068,253.41537,1843.068,9224674524866,9224712904241
176.07019,1882.0837,212.47446,1843.068,9224712996532,9224751213511
147.85548,1910.1652,212.47446,1843.068,9224751416741,9224789924136
187.48415,1894.7306,187.48415,1882.0837,9224790055543,9224822569084
214.12177,1910.1525,212.47446,1894.7306,9224822701428,9224858414918
232.24199,1908.982,212.47446,1894.7306,9224858579136,9224893976011
293.67264,1791.7279,214.12177,1894.7306,9224894073147,9224932978251
296.1017,1767.3219,232.24199,1894.7306,9224933174293,9224973431376
324.39944,1767.1885,293.67264,1791.7279,9224973657313,9225009365022
302.52432,1752.0089,296.1017,1767.3219,9225009615647,9225044155074
280.96634,1764.2119,293.67264,1767.1885,9225044316688,9225081070282
183.541,1815.455,293.67264,1767.3219,9225081225855,9225114518667
67.64862,1781.7196,280.96634,1767.3219,9225114721011,9225151220074
41.412846,1874.2688,183.541,1781.7196,9225151331845,9225187211063
34.252445,1920.1045,67.64862,1781.7196,9225187321480,9225223969865
43.075542,1930.692,43.075542,1874.2688,9225224999188,9225261454084
47.709286,1911.7665,47.709286,1911.7665,9225261633251,9225297164865
45.31238,1827.1029,45.31238,1874.2688,9225297285751,9225335397469
52.365677,1849.4017,47.709286,1874.2688,9225335530855,9225373560855
58.900406,1766.351,47.709286,1849.4017,9225373823147,9225415837522
158.16835,1784.5042,52.365677,1849.4017,9225416081167,9225455619657
219.50427,1754.5193,58.900406,1784.5042,9225456438094,9225495198147
244.78854,1783.9147,158.16835,1784.5042,9225496191271,9225532904969
258.4747,1818.7643,219.50427,1784.5042,9225533054553,9225568685438
279.53012,1805.5021,244.78854,1784.5042,9225568796532,9225606454709
257.94135,1831.8298,257.94135,1805.5021,9225606551688,9225651369969
243.404,1771.7314,244.78854,1784.5042,9225651765855,9225689106636
281.3906,1713.8739,257.94135,1784.5042,9225689193980,9225725579865
273.30237,1736.2859,257.94135,1771.7314,9225726365542,9225760386167
214.23045,1743.1929,257.94135,1743.1929,9225760494553,9225802265855
205.49545,1708.1714,257.94135,1743.1929,9225802365230,9225841918146
224.49554,1702.224,224.49554,1743.1929,9225842127365,9225879288303
179.72772,1754.2538,224.49554,1743.1929,9225879496948,9225918094448
189.4385,1737.0016,224.49554,1743.1929,9225918252417,9225956200073
164.74583,1757.4469,189.4385,1743.1929,9225956406375,9225993801167
136.83713,1714.2607,189.4385,1743.1929,9225993897521,9226029028250
111.142555,1746.7141,164.74583,1743.1929,9226029155698,9226063808928
138.76942,1677.4722,138.76942,1743.1929,9226063929188,9226105962834
105.29129,1681.8633,138.76942,1743.1929,9226106134813,9226144909136
116.0119,1689.9631,138.76942,1689.9631,9226145143875,9226196426115
144.87636,1672.1244,138.76942,1689.9631,9226196524240,9226234293667
193.80638,1613.8422,138.76942,1689.9631,9226234452834,9226273915386
151.5548,1640.6718,144.87636,1672.1244,9226274086636,9226316219605
141.37218,1647.2966,141.37218,1647.2966,9226316409396,9226349303250
140.74577,1710.6481,141.37218,1672.1244,9226349463771,9226387534188
143.2072,1665.5946,141.37218,1665.5946,9226388210594,9226427242521
127.07515,1553.895,141.37218,1665.5946,9226427355177,9226465613667
128.64497,1572.3734,141.37218,1665.5946,9226465738875,9226509920125
118.00994,1580.7196,128.64497,1580.7196,9226510111375,9226544383875
125.37827,1565.5099,128.64497,1580.7196,9226544536636,9226578714917
114.57691,1593.0369,125.37827,1580.7196,9226578911063,9226615610594
112.02465,1608.7642,125.37827,1580.7196,9226615809292,9226651316115
111.51167,1603.7228,114.57691,1593.0369,9226651552261,9226688413563
109.161514,1601.9846,112.02465,1601.9846,9226688601115,9226725748823
142.89984,1579.225,114.57691,1593.0369,9226725858042,9226764166792
166.28296,1537.2202,114.57691,1593.0369,9226764241792,9226799183511
189.6236,1508.6725,142.89984,1579.225,9226799831636,9226844874136
201.43568,1433.189,166.28296,1537.2202,9226845079604,9226879476583
183.5157,1372.3457,183.5157,1508.6725,9226879682781,9226915120177
186.0957,1370.5015,183.5157,1433.189,9226915323615,9226950468042
185.87102,1367.316,183.5157,1372.3457,9226950687990,9226989075281
135.052,1392.2166,183.5157,1392.2166,9226990057469,9227024252052
192.65611,1306.0039,183.5157,1372.3457,9227024409865,9227061761688
176.37135,1394.6055,183.5157,1392.2166,9227063109188,9227102872208
207.36983,1455.0068,183.5157,1392.2166,9227103040698,9227141931948
202.59885,1358.6782,183.5157,1392.2166,9227142136167,9227176619969
218.26154,1314.6571,202.59885,1392.2166,9227176822521,9227212969031
240.38261,1426.9883,202.59885,1392.2166,9227213157625,9227245980698
243.46063,1382.6958,218.26154,1392.2166,9227246099708,9227282414812
202.39313,1340.2471,202.59885,1392.2166,9227282507312,9227317318094
238.45633,1362.5121,218.26154,1382.6958,9227317531271,9227352785385
235.96065,1394.6328,218.26154,1392.2166,9227353822521,9227388319344
219.60356,1302.3796,219.60356,1382.6958,9227389507260,9227425246167
193.52171,1296.2203,218.26154,1382.6958,9227425983823,9227470751896
204.06691,1270.9965,218.26154,1302.3796,9227470849083,9227508239656
205.11298,1313.4097,205.11298,1313.4097,9227508436271,9227542459552
218.63962,1219.858,218.26154,1302.3796,9227542654656,9227582329083
198.58493,1213.2676,205.11298,1302.3796,9227582527521,9227624307521
196.29492,1293.2069,205.11298,1293.2069,9227624486427,9227661362729
180.26581,1286.7334,198.58493,1293.2069,9227661569552,9227699698041
165.57346,1290.0435,196.29492,1293.2069,9227699814864,9227741315541
144.76912,1240.8036,180.26581,1290.0435,9227741542937,9227780653406
151.81403,1283.4728,165.57346,1290.0435,9227780761948,9227821927729
169.10144,1215.8573,169.10144,1283.4728,9227822475333,9227860997208
172.77725,1248.7742,169.10144,1283.4728,9227861091010,9227904496896
161.19902,1209.1194,169.10144,1248.7742,9227905478562,9227946803614
126.32759,1195.1711,169.10144,1248.7742,9227946977000,9227984640646
151.47495,1158.6951,161.19902,1209.1194,9227984743302,9228025384500
159.94064,1191.7229,159.94064,1195.1711,9228025547260,9228062437521
172.53462,1163.8503,161.19902,1191.7229,9228062644343,9228099508927
210.3662,1156.5471,161.19902,1191.7229,9228099673875,9228140902989
173.7773,1193.2186,172.53462,1191.7229,9228141107312,9228174436323
223.3273,1079.4156,173.7773,1191.7229,9228174655906,9228214785645
219.33899,1073.7513,173.7773,1191.7229,9228215021375,9228253562468
233.121,1047.8873,219.33899,1079.4156,9228253712000,9228287850229
210.74014,1067.877,210.74014,1073.7513,9228287999187,9228337449864
187.87776,1140.4855,210.74014,1079.4156,9228337554916,9228376871114
185.37553,1091.2809,210.74014,1079.4156,9228377070229,9228412954760
203.88698,1071.0979,203.88698,1079.4156,9228413138197,9228447297312
191.8723,1064.8099,203.88698,1079.4156,9228447401843,9228483088718
199.16084,1039.0165,203.88698,1071.0979,9228483660125,9228518754239
197.82686,1005.2054,199.16084,1064.8099,9228519542677,9228556266166
166.56714,1020.10583,199.16084,1039.0165,9228556371635,9228591583874
132.1396,934.9072,197.82686,1020.10583,9228591697572,9228628930385
139.38094,1005.68964,166.56714,1020.10583,9228629077364,9228669939135
163.90749,1008.6919,163.90749,1008.6919,9228670308770,9228708197781
171.55466,953.66364,166.56714,1008.6919,9228708387677,9228743476218
190.97153,985.28766,166.56714,1008.6919,9228745617833,9228779430124
168.5642,924.1391,168.5642,985.28766,9228779601426,9228813485958
163.90126,908.16,166.56714,985.28766,9228813597416,9228848503197
161.5147,959.1355,166.56714,959.1355,9228849625645,9228894928562
160.585,917.80286,163.90126,959.1355,9228895015749,9228927779812
166.75246,959.4424,166.56714,959.1355,9228927954239,9228967302468
130.46722,1020.24176,163.90126,959.1355,9228967394083,9229006140906
145.83539,937.5671,163.90126,959.1355,9229006263770,9229042567520
137.70877,922.8522,145.83539,959.1355,9229042778249,9229075181166
161.24016,897.741,161.24016,937.5671,9229075431478,9229113005697
144.48247,925.4755,145.83539,925.4755,9229113104291,9229150960697
180.16446,888.8297,161.24016,925.4755,9229151897624,9229187736999
175.2506,906.65985,161.24016,925.4755,9229187953041,9229221867780
120.00456,899.82825,161.24016,906.65985,9229222047624,9229261029551
123.54674,835.9381,161.24016,906.65985,9229261133718,9229298827937
125.15374,868.3226,125.15374,899.82825,9229298929395,9229336042520
127.75538,801.043,127.75538,868.3226,9229336138145,9229372812520
126.33681,860.6467,126.33681,868.3226,9229372926478,9229412167260
129.0643,780.4972,127.75538,860.6467,9229412269603,9229450490957
110.05051,817.3934,126.33681,860.6467,9229450921478,9229486469030
112.30033,776.52496,126.33681,817.3934,9229486597416,9229523098978
115.557884,762.45917,115.557884,817.3934,9229523314343,9229559403926
119.37897,753.9938,119.37897,776.52496,9229559587364,9229597377520
114.79258,740.5292,115.557884,762.45917,9229597591322,9229635850801
102.87996,793.6932,115.557884,776.52496,9229636067832,9229678261530
122.69333,846.7617,115.557884,776.52496,9229678476530,9229714370593
120.83817,736.18915,115.557884,776.52496,9229714480853,9229750620957
126.41476,745.74805,120.83817,776.52496,9229750750072,9229790201582
129.83727,772.87335,120.83817,772.87335,9229790404187,9229826712832
146.78716,640.9382,126.41476,772.87335,9229826904864,9229866533874
154.80577,665.1682,129.83727,772.87335,9229866637832,9229902955176
187.50433,672.17017,146.78716,672.17017,9229904359707,9229957996374
198.84845,628.526,154.80577,672.17017,9229958092207,9230000478926
162.79395,627.9505,162.79395,672.17017,9230000584499,9230036668405
141.43867,587.0417,154.80577,628.526,9230036842311,9230075674551
130.53783,595.79144,154.80577,627.9505,9230075888718,9230110993978
151.0631,568.3792,151.0631,595.79144,9230111168041,9230145030436
124.970985,647.8118,151.0631,627.9505,9230145219082,9230182967468
129.30945,533.541,151.0631,595.79144,9230183086738,9230219540541
121.40998,540.74713,129.30945,595.79144,9230219736895,9230255434968
125.66938,531.653,129.30945,540.74713,9230255531947,9230289730957
129.9671,528.5897,129.30945,540.74713,9230289909447,9230324361426
133.5065,574.0647,129.30945,540.74713,9230324559707,9230366836218
144.09111,575.9163,129.9671,540.74713,9230366965176,9230405020645
117.847404,600.6031,129.30945,574.0647,9230405200176,9230459147468
125.04298,630.9927,129.30945,575.9163,9230459268301,9230496857884
128.69972,554.4514,128.69972,574.0647,9230496960801,9230539967624
169.42203,498.7211,129.30945,574.0647,9230540345749,9230576689082
146.36394,582.51904,129.30945,574.0647,9230576835228,9230612959603
147.88728,590.3543,146.36394,574.0647,9230613272259,9230648640801
140.55858,607.57825,140.55858,582.51904,9230649851217,9230685434082
159.09134,570.6454,146.36394,574.0647,9230685611009,9230724489811
143.36548,542.5144,143.36548,574.0647,9230724662572,9230758612415
124.23724,496.62674,143.36548,570.6454,9230760069238,9230803310697
115.22672,505.67944,143.36548,542.5144,9230803513405,9230842219394
140.20192,445.18024,140.20192,505.67944,9230842425436,9230877941634
136.12483,466.86316,140.20192,505.67944,9230878422467,9230912271061
132.85545,405.425,140.20192,466.86316,9230912386009,9230950089499
130.1456,451.0884,136.12483,466.86316,9230950190280,9230997954707
125.841095,394.48093,132.85545,451.0884,9230998783144,9231036164082
129.04747,392.45322,130.1456,451.0884,9231036340540,9231074698301
154.64888,435.79315,132.85545,435.79315,9231074819915,9231109713457
145.61472,414.71487,132.85545,435.79315,9231109890801,9231146342415
133.5573,411.16476,133.5573,435.79315,9231146551374,9231181687676
132.667,416.12088,132.85545,416.12088,9231182488561,9231217256582
143.89641,403.6431,133.5573,416.12088,9231217430384,9231254897363
155.80981,340.84637,133.5573,416.12088,9231255094967,9231292912467
138.64558,362.2642,138.64558,403.6431,9231293127207,9231335185853
145.79936,318.6772,138.64558,362.2642,9231335388665,9231376277884
145.31766,308.72284,138.64558,362.2642,9231376415488,9231411992207
141.636,411.19135,141.636,362.2642,9231412214759,9231463441321
138.72621,362.22464,138.72621,362.2642,9231463572363,9231503467988
138.37216,344.33548,138.72621,362.2642,9231503623092,9231542068821
121.513985,384.13986,138.72621,362.2642,9231542250853,9231585558040
127.50975,359.57867,138.37216,362.2642,9231585644655,9231627206842
133.47319,335.16592,133.47319,362.2642,9231627377832,9231664478352
147.54272,310.80783,138.37216,359.57867,9231664574186,9231706296790
136.15192,287.70737,136.15192,335.16592,9231706521321,9231743203717
131.35498,300.37823,136.15192,310.80783,9231743394082,9231784554967
131.99867,286.83908,136.15192,300.37823,9231784756894,9231822005644
130.43793,345.83405,131.99867,310.80783,9231822104498,9231864333873
128.88615,305.43353,131.99867,305.43353,9231864498977,9231901971373
132.42316,272.06235,131.99867,305.43353,9231902151477,9231940785488
141.29253,290.2888,131.99867,305.43353,9231940962207,9231977073613
141.38454,316.1908,132.42316,305.43353,9231977951998,9232012943873
133.38419,343.75204,133.38419,305.43353,9232013050852,9232048580332
136.7851,372.15063,133.38419,316.1908,9232048758300,9232084577050
134.5373,316.5407,133.38419,316.5407,9232086877831,9232129775227
130.61607,381.29257,133.38419,316.5407,9232129881321,9232170433404
127.95278,333.7057,133.38419,316.5407,9232170694498,9232208070800
145.58339,290.07123,133.38419,316.5407,9232208267936,9232242822779
149.85439,342.69116,133.38419,316.5407,9232242997884,9232290839238
148.21622,306.35867,145.58339,316.5407,9232290947050,9232328994654
146.74315,274.32562,146.74315,316.5407,9232329833092,9232368278717
146.27023,258.76144,146.27023,306.35867,9232368457779,9232405711008
149.03511,262.14066,146.74315,274.32562,9232405922988,9232445833248
150.42247,283.33646,146.74315,283.33646,9232446063248,9232482149967
168.53615,245.6165,149.03511,274.32562,9232482308613,9232519317206
173.96216,272.99127,150.42247,274.32562,9232519519810,9232558542988
136.62462,254.58427,149.03511,272.99127,9232558657258,9232598179394
155.82573,275.6128,150.42247,274.32562,9232598313977,9232642627154
157.14296,275.28137,150.42247,274.32562,9232642756321,9232689889602
171.20534,296.87463,155.82573,275.28137,9232689983821,9232732225852
178.8423,284.43497,157.14296,275.28137,9232732344758,9232769979237
146.2395,279.0575,155.82573,279.0575,9232770093769,9232805478196
144.16628,304.51904,155.82573,279.0575,9232805660123,9232841895904
137.25792,284.55457,146.2395,279.0575,9232842086529,9232877147935
154.03954,310.86868,154.03954,284.55457,9232877277987,9232914464915
161.1332,279.2774,154.03954,279.2774,9232914679394,9232951567675
166.09102,276.05777,154.03954,279.2774,9232951739758,9232990132727
151.69879,322.2528,154.03954,279.2774,9232990936789,9233031168873
136.97586,305.25656,154.03954,279.2774,9233031358977,9233073175435
160.57982,292.50125,154.03954,292.50125,9233073342987,9233108092206
169.90166,281.57526,154.03954,281.57526,9233108288144,9233146128091
158.81425,306.5278,158.81425,292.50125,9233146619498,9233186018977
152.8044,329.52505,154.03954,292.50125,9233186210019,9233241374446
154.2813,269.39954,154.2813,292.50125,9233241471477,9233274789394
134.04042,267.16882,154.03954,292.50125,9233274934237,9233311877675
128.86034,268.4363,154.03954,269.39954,9233312892466,9233355183925
131.96646,328.2878,134.04042,292.50125,9233355389289,9233393145539
144.50099,292.86752,144.50099,292.50125,9233394016841,9233434244654
130.97977,289.14594,134.04042,292.50125,9233434501060,9233470888768
134.87648,322.10217,134.87648,292.50125,9233471087206,9233507217206
163.02313,326.6364,134.87648,292.50125,9233507350071,9233550987414
127.83064,255.82684,134.87648,292.50125,9233551127623,9233590319862
136.78346,238.95143,134.87648,292.50125,9233590453925,9233630382935
129.09427,236.22072,134.87648,255.82684,9233631221060,9233667665904
139.24579,285.33704,134.87648,285.33704,9233667867050,9233706787987
168.4954,266.2517,134.87648,266.2517,9233707032102,9233740639445
145.55447,249.03226,139.24579,266.2517,9233740771633,9233781037883
159.58708,261.69394,145.55447,266.2517,9233781139445,9233823032987
167.7628,255.44357,145.55447,261.69394,9233823239654,9233864986425
159.37744,259.63547,159.37744,261.69394,9233865168143,9233900799237
170.80656,229.31697,159.37744,259.63547,9233900987675,9233935486060
185.40187,229.9446,159.37744,259.63547,9233935615227,9233970497727
185.84663,238.74963,170.80656,238.74963,9233970681841,9234017324758
193.79384,270.04315,185.40187,259.63547,9234017486112,9234054180539
178.47565,309.8003,178.47565,259.63547,9234054375852,9234091764497
208.4284,310.52472,185.40187,270.04315,9234091954914,9234136944810
206.76791,298.59637,185.40187,298.59637,9234137139237,9234175098872
228.01846,326.935,206.76791,298.59637,9234175530956,9234218362310
196.95622,349.41382,196.95622,298.59637,9234218542362,9234253394237
211.34995,349.84683,206.76791,326.935,9234253492831,9234289597362
209.62244,293.8684,206.76791,298.59637,9234289736060,9234337137622
232.0722,315.75183,209.62244,315.75183,9234337240643,9234372331476
218.83629,331.87933,209.62244,315.75183,9234372445279,9234407859393
175.36693,344.1406,209.62244,315.75183,9234408109601,9234445293247
179.5592,377.21124,209.62244,331.87933,9234446008924,9234486251945
163.22917,338.583,179.5592,338.583,9234486379758,9234528759601
173.19261,335.79742,179.5592,335.79742,9234529356945,9234578718351
188.14395,378.57425,179.5592,338.583,9234578941997,9234617012362
175.62636,379.28027,179.5592,338.583,9234617206008,9234652311685
181.9011,293.17618,179.5592,338.583,9234652518768,9234688939237
200.39569,330.0183,179.5592,338.583,9234689057466,9234735002362
179.32674,397.24655,179.5592,338.583,9234735133403,9234769137883
190.49336,399.10004,179.5592,338.583,9234769325278,9234806303455
179.21701,327.76477,179.5592,338.583,9234806411528,9234873207310
140.37474,356.61893,179.5592,338.583,9234873312153,9234914586528
193.04893,356.4065,179.5592,338.583,9234914684966,9234958117830
192.00223,401.04102,179.5592,356.4065,9234958244289,9234994710487
205.55328,403.06384,192.00223,356.4065,9234994886372,9235036774393
219.14229,372.62433,192.00223,372.62433,9235036971320,9235071580278
235.06644,318.417,205.55328,356.4065,9235071725643,9235111603768
222.23962,394.703,219.14229,372.62433,9235111829393,9235152243872
216.83072,347.30035,216.83072,356.4065,9235152345434,9235187796476
229.54552,422.20917,219.14229,372.62433,9235187907674,9235233270851
195.58699,386.01147,216.83072,372.62433,9235234470955,9235279220382
197.15637,461.1231,216.83072,386.01147,9235279424966,9235316482882
220.99069,375.89594,216.83072,375.89594,9235316674237,9235352923351
232.20638,382.6183,216.83072,382.6183,9235353144757,9235391036528
226.18689,385.94327,220.99069,382.6183,9235391182049,9235433639289
262.89618,436.78888,226.18689,382.6183,9235433754393,9235485259914
272.1712,452.5561,226.18689,385.94327,9235485353039,9235522621632
240.31468,457.91742,240.31468,436.78888,9235522736945,9235568704236
243.12025,545.7874,240.31468,452.5561,9235568919393,9235606543455
215.39206,503.21744,240.31468,457.91742,9235606761684,9235645453455
217.08441,583.59845,240.31468,503.21744,9235645670538,9235681486216
224.59157,629.3738,224.59157,503.21744,9235681577622,9235721387205
243.51535,503.26553,240.31468,503.26553,9235722516424,9235759596111
264.2206,573.55133,240.31468,503.26553,9235759693507,9235796662778
287.717,667.8689,243.51535,503.26553,9235796843038,9235838805799
334.2851,528.8361,264.2206,528.8361,9235838938143,9235873621320
319.51962,527.7959,287.717,527.7959,9235873795174,9235914879913
335.27332,499.96402,319.51962,527.7959,9235914966632,9235949553872
269.9786,513.67334,287.717,527.7959,9235949752518,9235998939601
248.411,558.0961,287.717,527.7959,9235999056684,9236035404913
288.4424,657.8416,287.717,527.7959,9236035525122,9236079548872
329.28787,593.8305,287.717,558.0961,9236079937257,9236114711736
297.00784,623.2849,288.4424,593.8305,9236114936892,9236152170070
282.5769,567.55005,287.717,567.55005,9236152366892,9236188556945
266.77374,625.08105,287.717,593.8305,9236189854809,9236227111684
280.84647,624.0676,282.5769,593.8305,9236227290226,9236265730122
215.12459,654.6852,280.84647,624.0676,9236265902413,9236302772986
260.34357,661.83716,280.84647,624.0676,9236302904080,9236342022778
276.80072,598.9922,276.80072,624.0676,9236342875642,9236383284705
300.76874,543.1217,280.84647,624.0676,9236383442934,9236421902830
268.29745,566.86206,276.80072,598.9922,9236422051684,9236461341684
230.03444,614.415,276.80072,614.415,9236461513507,9236500794288
282.28284,608.0685,276.80072,608.0685,9236500922778,9236535448871
245.65605,597.7473,276.80072,608.0685,9236535705590,9236575564080
267.96454,644.7506,276.80072,608.0685,9236576565278,9236608981736
277.87112,637.88617,276.80072,608.0685,9236609085434,9236643238611
282.57104,654.45123,276.80072,637.88617,9236643425382,9236676570069
244.54639,650.90125,276.80072,637.88617,9236676699861,9236713525173
272.86356,695.199,276.80072,650.90125,9236713705903,9236749947830
289.763,619.6988,276.80072,637.88617,9236750175538,9236787877465
310.13135,598.24615,276.80072,637.88617,9236788112413,9236827861684
321.92865,579.3561,289.763,619.6988,9236829249392,9236865890746
356.86987,661.0939,310.13135,637.88617,9236866004080,9236901789496
346.45663,681.3802,321.92865,637.88617,9236901972621,9236940801215
334.32004,690.49835,334.32004,661.0939,9236940912153,9236974869392
346.24173,671.0993,334.32004,671.0993,9236974982257,9237012944965
337.1945,670.2289,334.32004,670.2289,9237013148507,9237070678455
393.17477,747.16156,337.1945,671.0993,9237070808559,9237109892152
321.91827,795.4811,334.32004,671.0993,9237110060330,9237147044913
324.8642,782.6463,334.32004,747.16156,9237147253507,9237183902152
332.12915,770.2609,332.12915,770.2609,9237184148038,9237221632986
385.2547,775.5352,334.32004,770.2609,9237222721059,9237264869548
362.69525,747.1593,334.32004,770.2609,9237265111840,9237305311163
348.3972,759.37994,348.3972,770.2609,9237305525277,9237345846111
349.3365,800.1002,348.3972,770.2609,9237346018559,9237382575590
386.53934,716.42596,348.3972,770.2609,9237382758194,9237420635486
386.4233,778.85443,349.3365,770.2609,9237420824027,9237456499965
347.10983,817.31744,348.3972,770.2609,9237456606579,9237494300225
400.89517,841.70844,349.3365,778.85443,9237494472361,9237532096423
372.3028,838.78156,349.3365,817.31744,9237532300225,9237568607569
355.6195,835.9949,355.6195,835.9949,9237568734288,9237625647621
394.43134,845.9642,355.6195,835.9949,9237625941944,9237663521267
374.60165,904.7333,355.6195,835.9949,9237663693246,9237704646840
384.61456,923.39246,374.60165,845.9642,9237704874548,9237745776371
338.31693,941.27716,355.6195,904.7333,9237745982881,9237782574808
356.99945,893.46893,356.99945,893.46893,9237782794548,9237818428819
348.17157,908.5207,355.6195,904.7333,9237818615590,9237854531163
370.91254,1006.9376,356.99945,904.7333,9237854638246,9237887789704
351.99243,982.281,355.6195,908.5207,9237888535173,9237924551736
336.3205,994.0158,355.6195,982.281,9237924900329,9237959067933
381.70108,1023.148,355.6195,982.281,9237959231683,9237996057517
361.99237,1076.8943,355.6195,994.0158,9237996157985,9238033671944
395.68445,994.5527,361.99237,994.5527,9238033801006,9238076218038
393.14426,995.58307,361.99237,994.5527,9238076396631,9238111542621
401.14273,990.9694,393.14426,994.5527,9238111731163,9238147311110
440.63788,977.8806,393.14426,994.5527,9238147410433,9238185185798
429.6443,1039.1866,401.14273,994.5527,9238185272725,9238221562621
436.24283,1088.1583,429.6443,994.5527,9238222817933,9238259076110
418.59113,1131.0708,418.59113,1039.1866,9238259262777,9238298666527
407.0917,1106.7676,418.59113,1088.1583,9238298868923,9238339641162
433.2553,1138.1917,418.59113,1106.7676,9238339764079,9238388068662
391.4246,1134.4058,418.59113,1106.7676,9238388174652,9238426190642
402.265,1166.8928,418.59113,1134.4058,9238427010537,9238465744444
417.17685,1185.3971,417.17685,1134.4058,9238465876267,9238507831267
410.43173,1178.2916,417.17685,1166.8928,9238507941058,9238543480850
419.01413,1213.4005,417.17685,1178.2916,9238543630589,9238588427360
424.02393,1199.6876,417.17685,1178.2916,9238589543662,9238623976319
445.2063,1110.505,419.01413,1178.2916,9238624181527,9238661340798
463.3496,1110.1288,424.02393,1178.2916,9238661520641,9238701455121
398.58688,1109.1649,419.01413,1110.505,9238701638714,9238738615329
436.81598,1107.8002,424.02393,1110.1288,9238739417516,9238775557100
428.8482,1123.9103,424.02393,1110.505,9238775754964,9238813384339
472.34955,1106.6841,428.8482,1110.1288,9238813580746,9238850226371
452.1684,1235.3352,428.8482,1110.505,9238850352256,9238885730589
483.3308,1201.1914,452.1684,1110.505,9238885931475,9238926860693
453.55582,1298.929,452.1684,1201.1914,9238927006579,9238964432308
458.40167,1289.35,453.55582,1201.1914,9238964587568,9239006675537
498.0229,1267.0446,453.55582,1267.0446,9239006806214,9239045968766
424.09985,1268.0602,453.55582,1267.0446,9239046073298,9239088518714
466.82513,1315.8961,453.55582,1267.0446,9239088744860,9239125977412
447.66394,1272.294,453.55582,1268.0602,9239126158818,9239166008610
457.57153,1307.4678,453.55582,1272.294,9239166152777,9239204589964
450.4025,1255.2979,453.55582,1268.0602,9239204716266,9239251768454
476.79892,1270.0659,453.55582,1270.0659,9239251867725,9239294428818
473.67688,1203.3954,453.55582,1268.0602,9239295120954,9239331772464
442.90237,1278.2216,453.55582,1270.0659,9239331884600,9239371930954
457.88028,1232.4655,453.55582,1268.0602,9239372292204,9239407861266
467.58923,1287.3458,453.55582,1270.0659,9239408063089,9239446485797
490.07925,1349.1526,457.88028,1270.0659,9239446690329,9239485864756
534.4725,1301.7505,467.58923,1287.3458,9239486086943,9239523952412
505.6913,1313.6604,490.07925,1301.7505,9239524101735,9239568519495
494.6728,1281.605,494.6728,1287.3458,9239568712308,9239604156214
491.13977,1305.0807,491.13977,1301.7505,9239604280589,9239639114287
463.21628,1306.1593,491.13977,1301.7505,9239639258349,9239676663245
537.3134,1163.2925,491.13977,1301.7505,9239676902256,9239712342464
515.80316,1260.3982,491.13977,1301.7505,9239712554704,9239746705329
464.95593,1306.6161,491.13977,1301.7505,9239746936318,9239817116943
430.19232,1193.442,491.13977,1301.7505,9239817217047,9239854293401
417.60907,1275.648,464.95593,1301.7505,9239855147516,9239892441318
476.42514,1182.9778,476.42514,1275.648,9239892647412,9239930843974
481.2315,1139.2809,476.42514,1275.648,9239931555276,9239968948558
479.6717,1265.9911,476.42514,1265.9911,9239969486943,9240004435433
487.36603,1181.4612,479.6717,1265.9911,9240004903349,9240045067516
429.15588,1139.7488,476.42514,1265.9911,9240045258401,9240082313610
467.0614,1109.6008,476.42514,1181.4612,9240082428453,9240131918662
373.79102,806.316,467.0614,1139.7488,9240132075589,9240184905433
500.0254,351.81058,476.42514,1109.6008,9240185033818,9240224259391
634.801,333.44836,476.42514,806.316,9240224373870,9240275243037
324.9523,808.18286,476.42514,808.18286,9240275369912,9240323151162
354.0364,981.06506,476.42514,808.18286,9240323293037,9240378223505
353.23785,898.7151,354.0364,808.18286,9240378352151,9240418441318
358.7124,951.5849,358.7124,898.7151,9240418554912,9240463358401
309.46756,959.5999,354.0364,898.7151,9240463488089,9240516445432
303.7088,1068.1516,354.0364,951.5849,9240516560641,9240580425537
319.52295,956.41766,319.52295,956.41766,9240580544287,9240629665172
493.96854,232.57362,354.0364,951.5849,9240629777047,9240676508141
534.95184,517.29016,354.0364,951.5849,9240676632724,9240723095901
249.57422,691.8391,354.0364,691.8391,9240723215380,9240787242516
230.62201,631.1204,354.0364,691.8391,9240787453818,9240836159339
225.7139,620.4058,249.57422,691.8391,9240836960276,9240884736474
213.80447,713.50476,230.62201,691.8391,9240884855432,9240925929599
223.20702,700.18396,225.7139,691.8391,9240926061578,9240981122151
234.64973,767.6522,230.62201,700.18396,9240981251943,9241028553557
257.217,661.1144,230.62201,691.8391,9241028696109,9241074212359
247.72615,624.70026,234.64973,691.8391,9241074455172,9241125788193
323.36758,517.2342,247.72615,661.1144,9241125909495,9241173994703
335.93372,575.19183,247.72615,624.70026,9241174586109,9241231309443
267.85956,576.6926,267.85956,576.6926,9241231426995,9241280991734
