x_raw,y_raw,x_filtered,y_filtered,gaze_timestamp,record_timestamp
216.98332,798.34485,779.84503,1278.2953,633089294377712,633089373211566
361.5948,696.75684,779.84503,1278.2953,633089373351306,633089423464951
380.1542,739.42163,380.1542,798.34485,633089423547868,633089465785628
508.75168,822.9731,508.75168,822.9731,633089465944795,633089505916983
564.32086,755.08276,508.75168,798.34485,633089506074795,633089550517243
490.56046,587.20984,508.75168,798.34485,633089550642555,633089586497868
456.76154,584.75323,508.75168,755.08276,633089586652816,633089618937243
250.8276,650.80176,490.56046,650.80176,633089619085733,633089664178441
149.48404,742.78265,456.76154,742.78265,633089664361201,633089708841097
150.4004,896.0833,250.8276,742.78265,633089708935732,633089748573337
174.33928,937.81213,174.33928,742.78265,633089748724743,633089783689274
251.14452,946.9302,250.8276,896.0833,633089783856722,633089830866566
249.99428,874.4018,249.99428,874.4018,633089831037764,633089880105993
468.01114,937.2988,250.8276,896.0833,633089880254014,633089917663493
402.69293,1091.0853,250.8276,896.0833,633089917819743,633089952750420
345.63666,989.8697,345.63666,937.2988,633089952884951,633089984578597
467.67645,1068.0171,345.63666,989.8697,633089984717659,633090017416878
448.33337,834.1357,345.63666,937.2988,633090017552243,633090054580732
477.1642,1131.2051,448.33337,989.8697,633090054699274,633090088229951
497.50684,1204.8754,448.33337,989.8697,633090088346253,633090127582243
357.56522,1289.8572,448.33337,1131.2051,633090127736774,633090160363909
180.37146,1307.4261,448.33337,1204.8754,633090160462034,633090191104639
343.11972,1139.611,357.56522,1139.611,633090191416201,633090223172139
347.5806,1048.8354,347.5806,1139.611,633090223342086,633090254102295
331.69852,1135.0702,347.5806,1139.611,633090254481982,633090286103024
298.88354,1254.0345,347.5806,1139.611,633090286223805,633090317094847
308.03864,1233.772,331.69852,1139.611,633090317255524,633090351543545
333.20917,1263.6893,333.20917,1233.772,633090351694691,633090385358388
345.1882,1059.1384,333.20917,1139.611,633090385704222,633090415959795
405.22476,1098.4056,333.20917,1139.611,633090416140211,633090448609899
365.77383,1355.5217,345.1882,1139.611,633090448716253,633090480793284
246.52994,1075.4858,333.20917,1139.611,633090480886149,633090512686097
64.635414,1234.4614,333.20917,1139.611,633090512852555,633090544395628
80.70966,1377.1477,246.52994,1139.611,633090544820368,633090575973753
70.15117,1512.9261,80.70966,1234.4614,633090576117243,633090608401201
57.975662,1453.9628,80.70966,1377.1477,633090608477607,633090637677399
80.43811,1644.7418,80.43811,1453.9628,633090638464899,633090672498909
73.394554,1687.8557,80.43811,1453.9628,633090672577972,633090704925836
110.44438,1524.0789,80.43811,1524.0789,633090705177711,633090735900940
100.17768,1516.9937,80.43811,1516.9937,633090740521045,633090772682920
108.631035,1462.873,100.17768,1516.9937,633090773045940,633090805671097
86.295845,1527.3147,86.295845,1516.9937,633090805766617,633090841805472
181.76295,1681.6984,100.17768,1516.9937,633090841893024,633090905283545
158.04652,1518.213,100.17768,1518.213,633090905369847,633090940792815
180.49658,1434.0085,158.04652,1516.9937,633090940874222,633090975549065
140.3212,1496.5408,140.3212,1516.9937,633090975641513,633091010041357
43.466827,1457.5144,140.3212,1496.5408,633091010173961,633091048212086
72.8381,1310.4736,140.3212,1496.5408,633091048374951,633091084472190
63.216427,1386.1227,72.8381,1457.5144,633091084557972,633091116830524
35.89907,1468.0183,72.8381,1468.0183,633091116982763,633091151812034
34.570587,1406.6467,63.216427,1457.5144,633091151978232,633091184499274
52.292088,1425.8856,52.292088,1457.5144,633091184950628,633091214915524
52.63201,1516.5533,52.63201,1457.5144,633091215035784,633091244306930
77.80327,1252.3861,52.63201,1457.5144,633091245300784,633091281163596
68.48141,1291.8506,52.63201,1457.5144,633091281334013,633091315734326
84.37217,1340.2268,68.48141,1340.2268,633091315862971,633091348503336
112.23477,1356.208,68.48141,1356.208,633091348642555,633091380640576
125.359795,1450.4261,84.37217,1356.208,633091380828180,633091412721044
130.34496,1485.8425,112.23477,1356.208,633091414783128,633091447047971
182.90742,1342.3296,125.359795,1356.208,633091447230888,633091480776617
395.89954,1340.0874,130.34496,1356.208,633091480902867,633091514235419
470.95078,1389.9209,182.90742,1356.208,633091514400055,633091549505159
455.42825,1231.0427,395.89954,1356.208,633091549670576,633091585218023
590.17645,586.86945,455.42825,1356.208,633091585345419,633091615758544
336.00223,1851.3164,395.89954,1356.208,633091615892398,633091647437763
356.2016,1759.401,395.89954,1356.208,633091647567607,633091677861148
373.8308,1693.0708,373.8308,1693.0708,633091678001044,633091709590784
423.24777,770.18256,395.89954,1356.208,633091709783648,633091743252555
442.0869,428.33536,395.89954,1356.208,633091743396253,633091777956825
692.0712,953.2231,423.24777,953.2231,633091778049065,633091809073075
675.4602,1162.2295,442.0869,1162.2295,633091809475003,633091841857815
782.96735,1119.9956,675.4602,1119.9956,633091842721773,633091876696044
746.5666,1017.57806,675.4602,1119.9956,633091876838075,633091910671252
569.4175,1048.3005,675.4602,1119.9956,633091910852450,633091949099638
603.0865,1176.3738,675.4602,1119.9956,633091949245315,633091979692971
566.3416,1168.9199,603.0865,1119.9956,633091979859898,633092013960888
558.7737,1162.2218,603.0865,1162.2218,633092014131044,633092046283752
439.0255,1129.4055,566.3416,1129.4055,633092046378075,633092080540679
7.2842374,1106.6427,558.7737,1129.4055,633092080682242,633092113744065
4.444206,1095.7057,439.0255,1129.4055,633092113833961,633092148601252
1.6303761,1110.7738,7.2842374,1110.7738,633092148713596,633092182828492
327.71497,1263.1652,327.71497,1129.4055,633092182964638,633092213877242
357.06558,1824.4106,327.71497,1129.4055,633092214040419,633092245587607
330.06696,1864.0079,327.71497,1263.1652,633092245755107,633092279484742
450.14697,1260.2882,330.06696,1260.2882,633092279644898,633092311319898
397.89594,1090.1552,330.06696,1260.2882,633092311475002,633092345221825
588.4302,1447.2637,397.89594,1260.2882,633092345404013,633092377167034
433.7264,1603.6727,397.89594,1260.2882,633092377338440,633092410080367
389.57394,1614.4779,397.89594,1447.2637,633092410255679,633092446518231
435.16428,1365.7993,397.89594,1365.7993,633092447035315,633092477990523
402.26636,1514.5396,397.89594,1447.2637,633092478146304,633092510609221
401.59326,1437.4506,401.59326,1437.4506,633092510785783,633092542365263
481.86252,1377.4932,401.59326,1437.4506,633092542464429,633092575974013
625.159,1353.1257,401.59326,1437.4506,633092576889221,633092611462554
670.86084,1374.1018,481.86252,1377.4932,633092611558804,633092644306773
699.39087,1297.2534,625.159,1374.1018,633092644473127,633092677057867
680.4689,1259.3832,670.86084,1374.1018,633092677243648,633092706854950
683.66693,1331.4326,680.4689,1331.4326,633092707196460,633092749013231
742.8145,1613.8698,680.4689,1374.1018,633092749093283,633092781253856
312.4724,1680.8574,680.4689,1374.1018,633092781741252,633092813944117
446.68994,1788.8872,680.4689,1613.8698,633092814046460,633092846667763
365.11737,1481.6545,446.68994,1481.6545,633092846790523,633092878572085
402.5854,429.68826,446.68994,1481.6545,633092878694950,633092909311512
605.75104,1026.84,446.68994,1481.6545,633092909493856,633092945443335
617.61835,1168.6947,446.68994,1168.6947,633092945607502,633092978299742
768.7673,1503.4998,605.75104,1481.6545,633092978391460,633093013546460
762.8481,1274.0586,617.61835,1274.0586,633093013746096,633093048391148
823.12665,1330.2258,762.8481,1330.2258,633093048548387,633093080677398
781.39764,1280.58,762.8481,1280.58,633093081154742,633093115053856
809.7969,1244.0822,781.39764,1280.58,633093115254481,633093151709846
821.9069,1129.9144,781.39764,1280.58,633093151909325,633093184130731
751.55566,1171.3702,781.39764,1244.0822,633093184589221,633093215697606
803.3771,1145.5842,781.39764,1171.3702,633093215843856,633093247432450
571.3789,1262.023,781.39764,1244.0822,633093247912502,633093280573856
495.16882,1269.2462,781.39764,1244.0822,633093280667346,633093312510939
415.15735,1297.5354,571.3789,1262.023,633093312650992,633093345829064
389.18176,1262.3027,495.16882,1262.3027,633093345938075,633093378406460
358.57278,1286.5425,415.15735,1262.3027,633093378492189,633093410190887
392.91058,1242.4473,392.91058,1262.3027,633093410344846,633093452409846
403.5585,1240.631,403.5585,1262.3027,633093452564585,633093485659481
393.8363,1225.4988,393.8363,1242.4473,633093485823908,633093518496616
412.15106,1204.3286,403.5585,1240.631,633093518629116,633093555152189
415.53192,1213.559,403.5585,1225.4988,633093555344273,633093592541460
543.2141,1098.2755,412.15106,1213.559,633093592698700,633093624782814
582.6179,1113.5697,415.53192,1213.559,633093624944064,633093655725679
588.0802,1153.4039,543.2141,1153.4039,633093655907137,633093686571668
589.5277,1205.9175,582.6179,1205.9175,633093686917137,633093719911304
520.52783,1164.631,543.2141,1164.631,633093720265523,633093760369533
615.47186,1165.6812,582.6179,1165.6812,633093760540158,633093795958648
542.5294,1243.9954,543.2141,1165.6812,633093796623752,633093836645939
560.7521,1146.2631,560.7521,1165.6812,633093836766356,633093869873387
699.8261,1184.8755,560.7521,1165.6812,633093871041408,633093902679481
680.2166,1225.3617,560.7521,1165.6812,633093903151825,633093937762241
767.88654,1162.6239,680.2166,1165.6812,633093937940783,633093975018283
737.65234,1094.3254,680.2166,1165.6812,633093975470731,633094006558283
783.0734,1029.069,737.65234,1162.6239,633094006699689,633094039118439
729.3872,1116.6418,729.3872,1116.6418,633094039263283,633094076511929
732.1744,1187.9014,732.1744,1162.6239,633094077483752,633094108771981
782.0811,1128.2605,732.1744,1128.2605,633094108944585,633094141965731
588.0507,1297.0227,732.1744,1162.6239,633094142149845,633094173282866
414.71613,1264.7949,732.1744,1162.6239,633094173452606,633094206323647
298.92892,1257.3939,588.0507,1257.3939,633094206888543,633094239883491
254.98254,1240.0763,414.71613,1240.0763,633094241205835,633094272311199
263.57446,1363.9272,298.92892,1257.3939,633094273040991,633094304275783
180.27173,1376.1373,263.57446,1257.3939,633094304403387,633094334593127
208.1173,1385.6996,263.57446,1363.9272,633094334674429,633094369807710
275.5746,1326.481,263.57446,1326.481,633094369963804,633094401581668
409.9275,1405.064,263.57446,1363.9272,633094401963543,633094432388074
397.34634,1264.462,275.5746,1326.481,633094433924324,633094467030418
425.6616,1213.4042,397.34634,1326.481,633094467126616,633094497334168
486.9036,1190.8595,397.34634,1264.462,633094501333647,633094531161929
469.14447,1227.8419,425.6616,1227.8419,633094534532397,633094570881199
466.3716,1232.5343,466.3716,1232.5343,633094571015262,633094602171095
420.9487,1309.6561,425.6616,1232.5343,633094602309324,633094650882814
352.94702,1316.2548,425.6616,1232.5343,633094651507241,633094681874585
395.425,1297.8071,420.9487,1297.8071,633094682007710,633094719030366
416.22104,1252.1122,416.22104,1252.1122,633094719210783,633094752146095
372.96542,1162.1619,416.22104,1252.1122,633094752249116,633094784388908
351.34717,1168.2205,416.22104,1252.1122,633094784564845,633094820397241
352.44968,1186.9731,372.96542,1186.9731,633094820555939,633094853579428
385.2592,1233.7866,385.2592,1233.7866,633094853788803,633094886001199
384.59055,1310.9169,384.59055,1233.7866,633094886173335,633094926006303
399.0071,1252.7393,385.2592,1233.7866,633094926220418,633094959830158
452.88763,1139.4586,385.2592,1233.7866,633094960303178,633094991515574
597.2713,1231.8506,399.0071,1233.7866,633094991620991,633095022056303
595.8949,1252.0582,452.88763,1233.7866,633095022159376,633095053494272
653.8028,1218.7119,595.8949,1233.7866,633095053642189,633095087097866
660.4961,1294.3833,595.8949,1233.7866,633095087267501,633095120335210
695.51843,1323.9463,653.8028,1233.7866,633095120468387,633095153097501
676.31006,1248.3118,660.4961,1248.3118,633095153285210,633095183635887
734.29456,1246.0167,676.31006,1246.0167,633095183751928,633095214531199
709.24866,1279.5178,676.31006,1248.3118,633095214640782,633095244606824
772.5929,1194.6681,709.24866,1246.0167,633095244780001,633095276838751
733.4135,1137.178,709.24866,1246.0167,633095277012657,633095309982085
770.48224,1191.4172,733.4135,1194.6681,633095310171251,633095342264064
772.3413,1355.6,733.4135,1246.0167,633095342630366,633095376000053
782.00494,1356.7305,770.48224,1246.0167,633095376273334,633095407902762
725.0334,1245.9507,733.4135,1246.0167,633095408533647,633095438059949
760.0848,1266.5612,760.0848,1246.0167,633095438160366,633095469366824
679.8995,1312.777,733.4135,1246.0167,633095469616095,633095502544584
491.9771,1271.5752,733.4135,1266.5612,633095503591199,633095537038022
456.0086,1354.5764,679.8995,1271.5752,633095537150209,633095568399116
444.93567,1372.8463,491.9771,1271.5752,633095569128022,633095600061199
620.1445,1416.2405,620.1445,1354.5764,633095600207657,633095631595470
351.05905,1001.52716,491.9771,1271.5752,633095631695001,633095661490209
452.01416,1481.9866,491.9771,1354.5764,633095667281511,633095698516199
453.72498,1425.6614,453.72498,1354.5764,633095699385314,633095733081147
330.64172,808.24994,453.72498,1354.5764,633095734216772,633095767021459
508.40427,436.21915,453.72498,1354.5764,633095767131043,633095798681095
439.77762,1017.0927,453.72498,1017.0927,633095798778438,633095832300209
379.40384,1260.299,453.72498,1260.299,633095840186876,633095886890991
471.9358,1498.5519,453.72498,1260.299,633095887029324,633095918711511
533.91376,1368.7996,453.72498,1260.299,633095918854897,633095951822866
485.58,1341.6172,471.9358,1341.6172,633095952143491,633095985416355
482.93414,1329.76,482.93414,1329.76,633095985600522,633096014898751
425.09805,1186.3911,471.9358,1329.76,633096015030522,633096048207084
456.56778,1258.7854,471.9358,1329.76,633096049356615,633096079791459
491.47723,1306.171,471.9358,1306.171,633096079887501,633096112531355
406.98685,1392.2909,471.9358,1329.76,633096112621668,633096145533022
402.70178,1416.2885,471.9358,1329.76,633096145613178,633096176240834
372.99734,1348.7345,406.98685,1348.7345,633096176317605,633096208219949
408.8862,1266.3231,408.8862,1329.76,633096208317032,633096240971615
463.88434,1298.689,408.8862,1329.76,633096241063490,633096270929740
468.82614,1381.8209,408.8862,1329.76,633096271043595,633096303139011
437.24237,1387.0146,437.24237,1329.76,633096303304845,633096334514324
402.44202,1326.8665,408.8862,1329.76,633096334651147,633096367483386
375.42563,1375.2646,408.8862,1329.76,633096367594688,633096397208282
429.45837,1416.4852,408.8862,1329.76,633096404298022,633096436498022
448.12335,1311.7273,408.8862,1329.76,633096436610626,633096469240313
414.88455,1431.8535,414.88455,1329.76,633096469324688,633096504304115
423.00565,1410.0365,414.88455,1329.76,633096504388074,633096534918126
430.88956,1309.5626,414.88455,1329.76,633096535384063,633096565364167
444.6274,1343.7141,423.00565,1329.76,633096566568594,633096604756667
448.4399,1372.8644,430.88956,1329.76,633096605328178,633096637882292
433.4011,1605.8334,433.4011,1343.7141,633096638722188,633096667925938
466.1243,1492.9392,433.4011,1372.8644,633096668067188,633096701003699
553.2501,1507.821,433.4011,1492.9392,633096701126355,633096735240469
631.68304,1486.9014,466.1243,1486.9014,633096735410782,633096767608074
649.1972,1371.5107,553.2501,1486.9014,633096767709636,633096799552501
715.3618,1347.4116,631.68304,1486.9014,633096799724115,633096830103490
747.86523,1370.0917,649.1972,1371.5107,633096830257292,633096868312605
721.217,1395.4788,715.3618,1395.4788,633096868879948,633096900876667
708.0055,1358.2797,708.0055,1371.5107,633096901879532,633096932214532
696.62134,1413.6427,708.0055,1395.4788,633096933104532,633096964782396
765.68604,1408.6458,708.0055,1395.4788,633096966241667,633097005637240
753.4943,1494.1293,708.0055,1408.6458,633097006105521,633097041166876
814.67017,1519.479,753.4943,1408.6458,633097041244480,633097073408803
770.5481,1345.6906,753.4943,1408.6458,633097073498803,633097106066250
842.4209,1475.7761,770.5481,1408.6458,633097106152032,633097139621667
776.4607,1517.1503,770.5481,1408.6458,633097139751042,633097171744428
809.65643,1494.5306,776.4607,1475.7761,633097171911928,633097208210261
832.1448,1414.8545,776.4607,1414.8545,633097208293750,633097240180834
769.9508,1536.7205,776.4607,1475.7761,633097240284271,633097272122344
700.6895,1574.857,776.4607,1475.7761,633097272288907,633097335453490
704.0616,1434.5128,769.9508,1475.7761,633097335552448,633097369137344
709.68634,1402.7369,709.68634,1475.7761,633097369295469,633097401202344
686.15717,1503.1416,709.68634,1475.7761,633097401313334,633097433148177
717.05066,1364.0817,709.68634,1475.7761,633097434359375,633097464592969
756.44006,1498.7295,709.68634,1475.7761,633097465035521,633097494783490
717.183,1455.426,717.05066,1475.7761,633097503049740,633097533781354
586.9489,1476.0321,709.68634,1475.7761,633097533946042,633097567211042
329.6352,1499.909,709.68634,1475.7761,633097567340261,633097599108959
236.31235,1479.0648,586.9489,1476.0321,633097600254219,633097638702396
150.58221,1444.6908,329.6352,1475.7761,633097638807136,633097672105417
167.68037,1422.9734,236.31235,1475.7761,633097672269219,633097717018750
149.42346,1380.4473,167.68037,1444.6908,633097717197344,633097748388386
125.95959,1418.3679,167.68037,1422.9734,633097748634896,633097783132240
140.40068,1423.1797,149.42346,1423.1797,633097783297084,633097817033854
120.65417,1400.5104,140.40068,1422.9734,633097817189323,633097851242865
154.70543,1433.5706,149.42346,1423.1797,633097851444584,633097881899115
113.52819,1500.4545,140.40068,1423.1797,633097882103906,633097921803959
337.463,1292.2817,149.42346,1423.1797,633097922495313,633097956739740
514.3466,1309.0702,149.42346,1423.1797,633097956825104,633097988095052
556.59735,1303.6292,337.463,1309.0702,633097988211771,633098019771563
516.1715,1397.1925,514.3466,1397.1925,633098019959948,633098051935833
544.4383,1371.5612,516.1715,1371.5612,633098052132708,633098081340208
600.11383,1358.6921,516.1715,1371.5612,633098081492136,633098114235521
653.9716,1353.0294,544.4383,1371.5612,633098114374219,633098170801875
476.44135,1347.7887,516.1715,1358.6921,633098170892135,633098204500677
572.72876,1498.5266,544.4383,1371.5612,633098204635365,633098238817396
603.89966,1488.1813,544.4383,1371.5612,633098238895469,633098271635260
656.5128,1411.8977,572.72876,1411.8977,633098271721094,633098303636042
723.2003,1577.9814,603.89966,1411.8977,633098303747760,633098335670990
661.11584,1585.3839,656.5128,1411.8977,633098335851667,633098368784271
674.0252,1497.8113,661.11584,1497.8113,633098368888333,633098399320625
790.7216,1239.0967,661.11584,1411.8977,633098400677240,633098430810937
751.2999,1314.067,674.0252,1411.8977,633098431297240,633098463372031
719.095,1307.8572,719.095,1314.067,633098465385469,633098496503281
712.4085,1437.1436,712.4085,1411.8977,633098497679427,633098528142500
717.6895,1485.6782,717.6895,1411.8977,633098533919896,633098564366979
716.8688,1465.3451,716.8688,1437.1436,633098564664219,633098596085312
764.1391,1314.6354,717.6895,1411.8977,633098598167864,633098635799739
724.16235,1449.2152,717.6895,1437.1436,633098635937396,633098668164948
712.07745,1565.0057,717.6895,1437.1436,633098668294114,633098703707344
771.838,1498.7542,717.6895,1449.2152,633098704249375,633098737182292
655.66614,1515.8572,717.6895,1498.7542,633098737313750,633098768940052
618.6745,1569.5212,717.6895,1498.7542,633098769084844,633098799824583
464.06592,1489.6749,655.66614,1498.7542,633098800215729,633098829653229
366.26108,1617.9695,618.6745,1498.7542,633098836024375,633098869155989
348.53766,1572.9722,464.06592,1498.7542,633098869239479,633098899737812
298.61642,1606.0703,366.26108,1572.9722,633098900172604,633098931405729
248.96805,1635.7178,348.53766,1572.9722,633098934995521,633098964630000
233.89682,1628.1761,298.61642,1606.0703,633098965615677,633098995278750
167.49495,1631.0641,248.96805,1628.1761,633099004112083,633099038929010
126.552925,1650.736,233.89682,1628.1761,633099039361614,633099071194739
119.214485,1672.5817,167.49495,1631.0641,633099071283021,633099104944948
91.37615,1667.063,126.552925,1650.736,633099105028333,633099140601927
76.683846,1696.9576,119.214485,1667.063,633099140706979,633099175970156
135.98827,1669.5175,126.552925,1667.063,633099176162239,633099208286718
147.11652,1606.7954,126.552925,1667.063,633099208732396,633099247797968
127.75239,1654.8025,127.75239,1667.063,633099247948958,633099280190364
144.5084,1652.5323,127.75239,1654.8025,633099280317500,633099313809323
97.722916,1578.5356,127.75239,1654.8025,633099314248229,633099344894687
100.62168,1687.6234,127.75239,1654.8025,633099344997135,633099377706875
333.47345,1623.4181,127.75239,1654.8025,633099377807552,633099410082291
502.23615,1579.1958,127.75239,1654.8025,633099410986198,633099445285052
549.5119,1590.7628,333.47345,1623.4181,633099445438333,633099478680989
542.63727,1642.7306,502.23615,1642.7306,633099478847031,633099512196979
517.6301,1625.5537,517.6301,1625.5537,633099512330260,633099544297083
452.08377,1469.7328,502.23615,1625.5537,633099544453072,633099577792552
581.549,1583.5327,517.6301,1625.5537,633099578985781,633099613299010
508.11163,1659.2849,508.11163,1625.5537,633099613432916,633099645514375
630.029,1514.2411,517.6301,1625.5537,633099645685104,633099677792083
666.8004,1512.7725,517.6301,1625.5537,633099677885937,633099711711614
767.759,1428.0713,630.029,1514.2411,633099711861458,633099743866406
783.33856,1314.8214,666.8004,1512.7725,633099743967291,633099777306406
733.5092,1339.5503,733.5092,1428.0713,633099777456197,633099808377864
693.12415,1430.2682,693.12415,1430.2682,633099808530052,633099840192656
746.6476,1477.6885,733.5092,1430.2682,633099840469843,633099870676927
797.7661,1440.612,733.5092,1430.2682,633099871974947,633099903945208
757.60144,1417.01,746.6476,1430.2682,633099904079947,633099933583593
716.416,1481.943,733.5092,1430.2682,633099934414687,633099971120989
619.25757,1402.5593,733.5092,1430.2682,633099971229895,633100004207291
572.2238,1445.5574,716.416,1430.2682,633100004281145,633100048408385
569.60693,1478.2882,619.25757,1430.2682,633100048578333,633100081344583
574.70105,1419.4985,574.70105,1430.2682,633100081604270,633100114185520
586.06305,1459.756,586.06305,1430.2682,633100114302551,633100147382603
486.2583,1485.1821,574.70105,1430.2682,633100147519374,633100183897135
451.00098,1548.4382,574.70105,1459.756,633100183973385,633100216876510
445.78604,1546.5731,486.2583,1485.1821,633100217011093,633100251804426
507.79834,1608.7252,507.79834,1546.5731,633100251934895,633100288785937
458.82416,1523.7349,486.2583,1523.7349,633100288956718,633100322513281
474.52258,1547.6483,486.2583,1546.5731,633100322688593,633100356399426
118.96356,1528.8429,474.52258,1528.8429,633100356567291,633100388931093
92.53703,1518.9172,474.52258,1528.8429,633100389063437,633100420591666
107.28891,1532.857,118.96356,1528.8429,633100420784583,633100456624426
103.73981,1723.3937,107.28891,1528.8429,633100456782447,633100501097083
132.70906,1551.2715,118.96356,1532.857,633100501193958,633100537165572
60.397167,1557.3907,107.28891,1551.2715,633100537594999,633100575312082
156.08534,1517.4038,118.96356,1532.857,633100575414843,633100605644530
234.56157,1503.761,118.96356,1532.857,633100606875832,633100638394635
295.12555,1509.2194,156.08534,1517.4038,633100638536197,633100671414374
266.68317,1484.6044,234.56157,1509.2194,633100672139999,633100702231301
519.83026,1334.7845,266.68317,1509.2194,633100706603957,633100737750989
478.45877,1289.8914,266.68317,1484.6044,633100739702135,633100771962812
430.03146,1686.5713,430.03146,1509.2194,633100772321926,633100808581562
370.7072,1702.2217,370.7072,1509.2194,633100808764687,633100840051457
423.06064,719.83765,423.06064,1509.2194,633100840181978,633100871925364
427.82104,496.99704,423.06064,1509.2194,633100872243437,633100903795937
399.19376,644.401,423.06064,719.83765,633100906519114,633100943600103
271.19217,1059.5957,423.06064,1059.5957,633100943780416,633100984287239
358.9104,1336.8895,399.19376,1059.5957,633100984380520,633101020255572
314.37802,1376.4539,358.9104,1059.5957,633101020435468,633101054231666
308.3716,1403.9712,358.9104,1336.8895,633101054400155,633101087043957
238.68553,1422.6066,314.37802,1376.4539,633101087204686,633101118703749
329.06207,1440.1796,329.06207,1403.9712,633101119101926,633101151484270
394.96317,1415.6362,329.06207,1415.6362,633101151600624,633101183959009
363.14896,1331.6317,329.06207,1403.9712,633101184114218,633101216594843
347.68872,1286.3693,347.68872,1403.9712,633101216677447,633101254097082
276.52234,1478.9623,329.06207,1403.9712,633101254237499,633101285113905
276.2669,1412.8553,329.06207,1403.9712,633101285255468,633101319372707
218.58151,691.51404,276.52234,1403.9712,633101319523488,633101354067655
205.40604,702.9949,276.2669,1403.9712,633101355488957,633101392806353
136.07175,642.2841,218.58151,702.9949,633101392951301,633101424285155
235.13968,708.1822,235.13968,708.1822,633101424448697,633101455568645
160.64917,782.61096,218.58151,708.1822,633101455694790,633101489776978
144.28264,813.1289,218.58151,708.1822,633101489902343,633101521659322
155.19174,768.5406,160.64917,768.5406,633101521835468,633101554518540
213.53592,766.34314,213.53592,766.34314,633101554642759,633101588781718
208.62024,800.77356,208.62024,768.5406,633101588944738,633101621994686
226.89497,960.302,213.53592,768.5406,633101622164843,633101655873384
204.0205,902.7543,208.62024,800.77356,633101656096457,633101689173540
187.61946,816.54065,208.62024,816.54065,633101689330467,633101724085259
302.56845,1155.374,208.62024,816.54065,633101724255936,633101756159582
456.73578,1760.0164,208.62024,816.54065,633101756342655,633101789186770
529.8516,1746.6553,302.56845,1155.374,633101789918749,633101822977447
576.18866,1701.7427,456.73578,1701.7427,633101823101301,633101854166926
521.6538,1688.4829,521.6538,1688.4829,633101854256717,633101887409478
535.9602,1710.7263,521.6538,1701.7427,633101887530572,633101919901457
482.6244,1685.6232,521.6538,1688.4829,633101920109061,633101952350103
528.33215,1628.0317,521.6538,1688.4829,633101952495728,633101986776249
483.78143,1640.7457,521.6538,1685.6232,633101986948957,633102022172238
368.0318,1653.4541,521.6538,1653.4541,633102022345936,633102054320519
298.92264,1708.6241,483.78143,1685.6232,633102054491249,633102088574061
296.70566,1722.6628,368.0318,1685.6232,633102088746249,633102119512499
300.64423,1706.155,300.64423,1706.155,633102119691196,633102160227342
300.86328,1732.3091,300.86328,1706.155,633102160332759,633102190218124
279.43588,1753.5226,300.64423,1706.155,633102190345519,633102222533176
294.6139,1631.8496,300.64423,1706.155,633102222669999,633102255237759
319.00876,1617.4858,300.64423,1706.155,633102255361769,633102286057707
132.07314,1720.2844,300.64423,1706.155,633102286207551,633102322027915
287.27448,1767.4661,300.64423,1706.155,633102322111040,633102354475363
273.6455,1820.6754,287.27448,1720.2844,633102354613540,633102386465728
280.55963,1790.0264,287.27448,1767.4661,633102386612759,633102426555571
252.09521,1651.5535,280.55963,1720.2844,633102426659894,633102456383176
274.1798,1657.2756,280.55963,1720.2844,633102456543696,633102491535676
233.39995,1660.9415,274.1798,1660.9415,633102491618853,633102523269217
366.02615,1776.797,280.55963,1720.2844,633102523438071,633102584665103
327.163,1737.5238,280.55963,1720.2844,633102584785936,633102617812082
258.07745,1756.2349,280.55963,1737.5238,633102617982186,633102650628644
288.5239,1683.3007,280.55963,1720.2844,633102650797134,633102684175675
351.0059,1625.7913,280.55963,1720.2844,633102684308488,633102742413905
274.03827,1582.9788,280.55963,1683.3007,633102742498852,633102773288488
328.84048,1397.447,280.55963,1625.7913,633102775606248,633102807326561
326.36536,1412.1488,280.55963,1582.9788,633102812635727,633102845452030
248.62068,1450.352,280.55963,1450.352,633102845587342,633102877211405
293.12762,1432.0271,280.55963,1450.352,633102877344321,633102911433123
409.03653,1466.1719,280.55963,1450.352,633102913933905,633102945230988
374.61874,980.63544,293.12762,1450.352,633102946654373,633102979906925
505.62393,1284.7516,374.61874,1450.352,633102980047863,633103016654998
395.0967,1347.0316,374.61874,1347.0316,633103018061404,633103051438175
394.73215,1155.7675,394.73215,1347.0316,633103051590259,633103081698436
361.96274,550.2901,374.61874,1347.0316,633103082045779,633103118222186
407.70105,539.6179,394.73215,1155.7675,633103118987394,633103152498904
218.1675,906.3521,374.61874,906.3521,633103152633175,633103183925467
150.36003,1404.658,374.61874,1155.7675,633103184127186,633103216153227
209.75208,1298.6924,218.1675,1155.7675,633103216248071,633103247158540
244.48943,1254.4451,244.48943,1254.4451,633103247452967,633103280970519
195.44983,1158.209,218.1675,1158.209,633103281729373,633103312891561
204.98691,1169.0953,218.1675,1169.0953,633103313086509,633103344393123
211.28055,1131.0757,211.28055,1158.209,633103345813331,633103376108175
213.51765,1110.4125,213.51765,1158.209,633103378305779,633103408430831
197.93188,1032.1978,211.28055,1131.0757,633103414254321,633103445504686
136.19356,1058.1836,211.28055,1110.4125,633103449931456,633103480837342
232.10791,1139.1099,211.28055,1131.0757,633103480933644,633103524540831
205.2636,940.40027,211.28055,1110.4125,633103524655988,633103560357029
196.92285,1037.0238,211.28055,1110.4125,633103560508800,633103599258592
172.6073,1069.6954,205.2636,1069.6954,633103599451144,633103634095675
201.94768,989.0035,201.94768,1069.6954,633103634240102,633103669736092
245.86076,1003.64655,205.2636,1069.6954,633103669896560,633103701618644
259.23495,877.19324,205.2636,1003.64655,633103701833956,633103736748227
258.20184,931.02844,245.86076,1003.64655,633103736897706,633103775491665
297.3697,955.2483,258.20184,955.2483,633103775620050,633103807621508
279.8054,851.19696,258.20184,955.2483,633103808178852,633103838501248
351.1178,627.848,279.8054,955.2483,633103838607862,633103867278696
312.89743,518.7547,279.8054,851.19696,633103867475415,633103899776404
282.13095,421.4218,282.13095,627.848,633103899944842,633103935372290
271.99243,449.68646,279.8054,518.7547,633103935551300,633103967712133
250.11177,451.20398,279.8054,451.20398,633103967845779,633104001875779
278.76187,408.86288,278.76187,451.20398,633104002000258,633104038482290
287.42673,401.1884,279.8054,451.20398,633104038605623,633104069616039
267.35275,436.469,278.76187,436.469,633104069815831,633104099247602
283.06345,450.02643,279.8054,450.02643,633104099397550,633104137074633
309.54282,332.03986,279.8054,436.469,633104137254946,633104172724008
226.80647,489.80185,279.8054,450.02643,633104172903123,633104209656925
239.75998,547.5114,279.8054,450.02643,633104209950258,633104241502498
258.5428,511.2905,258.5428,489.80185,633104241589894,633104274392341
232.80919,1227.2454,258.5428,511.2905,633104274485779,633104309689737
287.24692,1053.5874,258.5428,511.2905,633104309782550,633104344568487
303.3317,1254.5151,258.5428,1053.5874,633104344666612,633104379366769
372.04465,793.6093,287.24692,793.6093,633104379572810,633104420066300
360.3019,1551.3202,303.3317,1053.5874,633104420162654,633104452285102
333.25696,849.84827,333.25696,849.84827,633104452408904,633104487772341
281.44064,423.4763,303.3317,849.84827,633104487864737,633104530881300
254.14838,851.7345,303.3317,849.84827,633104531400258,633104571492758
465.17334,1002.4382,303.3317,849.84827,633104571602289,633104610526091
522.8417,990.079,303.3317,851.7345,633104610671873,633104648158591
549.69714,887.47845,465.17334,887.47845,633104648302758,633104681754321
596.6806,832.3197,522.8417,851.7345,633104681862341,633104719714581
495.96274,887.8949,495.96274,887.47845,633104719796091,633104751499164
594.00696,821.16815,522.8417,851.7345,633104751866716,633104784947654
534.64825,1031.1938,522.8417,887.47845,633104785090518,633104815778748
531.52954,1171.1298,531.52954,887.47845,633104817302810,633104847028175
527.7556,1157.8816,527.7556,1031.1938,633104849957133,633104882360518
533.11487,1058.1666,531.52954,1058.1666,633104891661039,633104925131300
453.9365,1106.9858,527.7556,1058.1666,633104925264320,633104985682029
335.44843,1231.3375,527.7556,1058.1666,633104985764008,633105017198904
315.62796,1335.9255,453.9365,1106.9858,633105017295206,633105046869997
285.15274,1408.3181,335.44843,1231.3375,633105055108435,633105087980154
266.14633,1369.6019,315.62796,1335.9255,633105088170050,633105120753383
194.87834,1332.379,285.15274,1332.379,633105120834425,633105155247185
202.28091,1261.9287,266.14633,1332.379,633105155340518,633105191412133
189.76503,1309.9194,202.28091,1332.379,633105192138383,633105230721768
195.47287,1292.5657,202.28091,1309.9194,633105230868018,633105264440310
387.5038,1290.051,202.28091,1309.9194,633105264568383,633105298234893
701.6496,1144.048,202.28091,1292.5657,633105298343799,633105333966352
801.3717,1184.214,387.5038,1290.051,633105334118487,633105365493383
815.4748,1118.4576,701.6496,1184.214,633105365649268,633105398608279
870.18085,1205.007,801.3717,1205.007,633105398764997,633105431366664
812.66705,1204.2977,812.66705,1204.2977,633105431498383,633105464096143
838.6047,1163.2762,812.66705,1204.2977,633105464269997,633105495360622
795.57916,1195.9575,812.66705,1204.2977,633105495503904,633105528536351
811.11304,1142.6367,812.66705,1195.9575,633105528708799,633105561387289
806.6704,1241.4666,811.11304,1204.2977,633105561549424,633105595485570
773.3262,1261.9149,811.11304,1204.2977,633105595776612,633105629630570
764.3731,1304.2655,806.6704,1241.4666,633105629763070,633105666618331
732.2634,1305.1204,773.3262,1261.9149,633105666797914,633105699674164
688.51855,1249.6737,764.3731,1249.6737,633105699847966,633105733239476
704.7566,1225.3724,732.2634,1249.6737,633105733395049,633105766624945
692.9476,1292.4752,704.7566,1249.6737,633105766793070,633105799041143
673.2839,1251.6819,704.7566,1249.6737,633105799216768,633105829212289
711.439,1309.9207,704.7566,1251.6819,633105829379060,633105860981299
703.6048,1421.408,704.7566,1251.6819,633105861080310,633105896567914
745.2487,1478.4418,704.7566,1309.9207,633105898156351,633105931542497
682.64404,1373.1185,704.7566,1373.1185,633105931691664,633105962447810
727.08466,1360.7726,704.7566,1360.7726,633105962610570,633105994488278
719.1995,1242.035,704.7566,1360.7726,633105994686039,633106025552080
845.57153,1308.0723,719.1995,1360.7726,633106025706560,633106057391039
793.396,1324.771,719.1995,1324.771,633106062730570,633106095964112
915.4909,1297.3372,793.396,1324.771,633106096258643,633106126840882
856.5505,1127.1865,793.396,1324.771,633106126973330,633106160248226
903.8303,1254.7399,856.5505,1297.3372,633106160885414,633106192806664
887.4139,1223.3777,856.5505,1254.7399,633106193001039,633106226200882
570.4111,1330.8683,856.5505,1297.3372,633106226343851,633106259168018
288.5927,1420.8652,856.5505,1297.3372,633106259315362,633106292731455
190.39023,1565.5961,570.4111,1330.8683,633106292844424,633106325230570
163.33554,1528.5525,288.5927,1420.8652,633106325421872,633106357935987
294.13385,1873.2722,294.13385,1528.5525,633106358042132,633106389646976
395.18033,1249.7078,294.13385,1420.8652,633106390450153,633106423436507
350.79263,1299.5338,294.13385,1420.8652,633106424292757,633106457985309
522.377,1286.8927,350.79263,1299.5338,633106458093539,633106494027705
642.1691,1562.2318,350.79263,1420.8652,633106494170778,633106526230414
690.32404,1603.8724,522.377,1420.8652,633106526408539,633106558246351
786.64716,1502.6829,642.1691,1502.6829,633106558350830,633106591654268
695.33813,1364.843,690.32404,1420.8652,633106591787653,633106623253018
729.53735,1352.119,695.33813,1420.8652,633106623431768,633106654353591
622.27014,1365.887,690.32404,1365.887,633106654446872,633106686189476
671.10236,1360.4685,690.32404,1365.887,633106686476038,633106722377184
828.98755,1278.6482,690.32404,1365.887,633106722526195,633106754708538
788.7803,1325.6997,690.32404,1360.4685,633106755145986,633106790683122
793.69525,1369.9095,788.7803,1365.887,633106790829111,633106821773486
739.6821,1232.4413,739.6821,1360.4685,633106822835778,633106855135934
804.3508,1239.0752,788.7803,1360.4685,633106856048538,633106889829945
749.33,1165.3274,749.33,1239.0752,633106889935726,633106924989840
610.4566,1088.5776,749.33,1239.0752,633106925096090,633106958597913
606.54144,942.54297,749.33,1165.3274,633106958770830,633106990560361
618.0727,1066.3895,618.0727,1088.5776,633106990655101,633107021240674
609.56573,1061.3505,618.0727,1066.3895,633107027587184,633107059150413
601.9026,1112.5055,618.0727,1088.5776,633107059248955,633107099675518
653.51306,1196.0688,618.0727,1088.5776,633107099808434,633107137636663
652.66016,1144.6038,618.0727,1112.5055,633107137794788,633107170823799
661.5179,1055.4502,652.66016,1088.5776,633107171678695,633107206045049
519.78546,1109.9045,618.0727,1109.9045,633107206250778,633107237053747
371.91827,1168.6617,618.0727,1109.9045,633107237399320,633107272564788
316.2984,1224.3761,519.78546,1109.9045,633107272731351,633107304201299
290.94708,1298.7133,371.91827,1168.6617,633107304342705,633107343639788
260.78403,1356.9032,316.2984,1224.3761,633107343788330,633107376185049
319.69714,1310.1602,319.69714,1298.7133,633107376322861,633107409939476
334.72705,1319.5931,319.69714,1310.1602,633107410407549,633107450296299
313.8577,1191.017,319.69714,1298.7133,633107450384163,633107488189944
352.23306,1359.2542,319.69714,1310.1602,633107488354997,633107522547236
382.74207,1340.288,319.69714,1310.1602,633107522807549,633107557394059
419.6318,1302.499,352.23306,1310.1602,633107557483226,633107592289007
236.43451,1275.1545,319.69714,1310.1602,633107592390674,633107623874476
325.57663,1327.7091,325.57663,1310.1602,633107624074424,633107657830205
322.70633,1268.3739,322.70633,1310.1602,633107663021559,633107695436767
380.30826,1328.7849,325.57663,1310.1602,633107695615778,633107729887444
532.2052,1289.7268,325.57663,1310.1602,633107730007913,633107762066299
619.7215,1315.6669,380.30826,1310.1602,633107762248382,633107794040569
594.2669,1247.1179,532.2052,1310.1602,633107794220048,633107825545048
541.18036,1246.5339,541.18036,1310.1602,633107825721663,633107857858017
519.75665,1219.5004,532.2052,1247.1179,633107857958590,633107890338642
583.3496,1212.4592,541.18036,1246.5339,633107890499944,633107938997913
645.0737,1331.8842,541.18036,1247.1179,633107939193746,633107973042340
680.8326,1314.3999,583.3496,1247.1179,633107973191298,633108005636715
647.80176,1299.3168,645.0737,1299.3168,633108005842861,633108037840153
662.60876,1317.8248,647.80176,1299.3168,633108038026507,633108070924371
509.62314,1357.6884,645.0737,1299.3168,633108071106455,633108109267340
428.23328,1264.7288,645.0737,1299.3168,633108109449632,633108143086194
425.58176,1229.5496,509.62314,1299.3168,633108143877809,633108174562236
431.89865,1180.4114,431.89865,1264.7288,633108174669788,633108206116611
334.0629,1030.989,431.89865,1229.5496,633108206258955,633108237826038
457.89804,1071.3588,431.89865,1180.4114,633108238012809,633108270030569
390.9181,1020.5451,431.89865,1071.3588,633108270216767,633108302274215
476.47772,1048.8453,431.89865,1071.3588,633108302438017,633108333777080
488.58466,1027.5403,431.89865,1048.8453,633108333866975,633108367559632
523.1447,1110.8259,476.47772,1071.3588,633108369150413,633108405356715
499.3572,1052.7894,488.58466,1052.7894,633108405530257,633108438137496
635.9098,856.49615,499.3572,1052.7894,633108438316142,633108472367236
491.8996,372.9397,491.8996,1052.7894,633108472552444,633108503072340
412.33768,199.0636,491.8996,856.49615,633108503282913,633108536518746
348.88608,198.36165,491.8996,372.9397,633108536703329,633108570014319
375.49033,168.4609,412.33768,199.0636,633108570182027,633108599954111
433.16415,285.68872,433.16415,285.68872,633108600078746,633108634986767
392.99033,300.28085,412.33768,285.68872,633108635165777,633108671838850
396.22763,349.60788,412.33768,285.68872,633108672190517,633108705864423
427.2806,384.19604,412.33768,300.28085,633108706084319,633108736588017
384.98706,303.91464,412.33768,303.91464,633108736765152,633108767792027
387.21408,310.92273,412.33768,303.91464,633108767949423,633108801654631
386.96143,346.73486,387.21408,303.91464,633108801853069,633108833113798
356.57922,300.19482,387.21408,303.91464,633108833965986,633108872526194
314.5744,322.87482,386.96143,303.91464,633108872618121,633108903740829
346.0112,352.292,356.57922,303.91464,633108903919475,633108936832652
371.17014,357.96094,371.17014,322.87482,633108937033069,633108971536246
352.66727,350.9586,356.57922,350.9586,633108971710100,633109006084736
405.71863,374.5663,371.17014,350.9586,633109006256194,633109037248902
354.39233,397.1571,356.57922,350.9586,633109037433433,633109070282808
355.6478,388.66367,356.57922,374.5663,633109070454631,633109102406038
344.24185,396.51807,355.6478,388.66367,633109102598173,633109135399371
398.14188,439.22906,356.57922,388.66367,633109135546038,633109167245881
350.70532,471.2678,355.6478,396.51807,633109167377340,633109199351506
375.17587,476.25137,356.57922,439.22906,633109199457860,633109231059110
346.3239,481.63733,355.6478,471.2678,633109231161715,633109264346038
293.14578,515.61,355.6478,476.25137,633109264450569,633109298083798
288.42822,470.08563,346.3239,471.2678,633109298186142,633109338584423
310.7345,443.78613,310.7345,471.2678,633109338760048,633109373057131
341.64737,564.7297,341.64737,471.2678,633109373255725,633109405579267
341.4198,1478.3771,341.4198,471.2678,633109405759475,633109438219996
295.1096,1547.7867,341.4198,564.7297,633109438413537,633109472443329
253.77013,1420.1136,341.4198,1420.1136,633109472618121,633109503402131
380.87552,1515.7137,341.4198,1420.1136,633109503829840,633109533540881
358.51883,1468.5652,341.4198,1420.1136,633109533721454,633109565333069
344.4713,1570.9332,344.4713,1468.5652,633109565459579,633109599218746
414.90988,1423.2804,344.4713,1423.2804,633109599406298,633109631931402
388.8203,1505.7327,344.4713,1468.5652,633109632132287,633109664450256
461.23148,1585.9314,388.8203,1468.5652,633109664845412,633109699319527
508.03244,1607.2305,388.8203,1505.7327,633109699507548,633109731445777
549.34045,1551.6682,461.23148,1551.6682,633109731537079,633109764806662
590.817,1554.8325,508.03244,1551.6682,633109764923954,633109815987444
505.9408,1617.75,505.9408,1551.6682,633109816192339,633109850134527
558.93585,1537.2906,508.03244,1551.6682,633109850303589,633109886028173
598.79706,1536.8489,508.03244,1551.6682,633109886514475,633109918264631
513.6822,1534.3934,513.6822,1537.2906,633109920266506,633109951171662
577.9373,1544.1675,513.6822,1544.1675,633109951299787,633109984269266
562.52,1517.4279,513.6822,1537.2906,633109985118954,633110015480516
547.13293,1588.7755,547.13293,1544.1675,633110017979214,633110049220204
594.14905,1648.0365,547.13293,1544.1675,633110050457391,633110080692652
538.63135,1645.4512,547.13293,1588.7755,633110084772496,633110116535152
583.6556,1599.199,547.13293,1599.199,633110116642183,633110149792912
527.8896,839.8549,547.13293,1588.7755,633110150622600,633110182419631
347.06445,321.33136,547.13293,1588.7755,633110182958589,633110216489266
448.31055,226.38344,527.8896,839.8549,633110221478745,633110254942912
499.57098,225.82372,499.57098,321.33136,633110255111766,633110289746089
436.7439,295.31937,499.57098,295.31937,633110289850516,633110322147548
558.3989,320.49762,499.57098,320.49762,633110322246923,633110358516454
478.5677,274.49802,499.57098,295.31937,633110360120777,633110393971506
510.72443,303.8507,499.57098,303.8507,633110394158641,633110429226089
430.198,258.05746,499.57098,295.31937,633110429312808,633110463522079
326.58047,299.99747,499.57098,299.99747,633110463653589,633110496884735
348.93854,296.92163,430.198,296.92163,633110497038641,633110528415516
357.62738,325.16068,357.62738,299.99747,633110528520933,633110564077183
400.70575,260.288,400.70575,296.92163,633110564235256,633110599731818
379.1524,303.16016,379.1524,299.99747,633110599901766,633110631349839
327.68005,286.10086,379.1524,296.92163,633110631524735,633110670944891
358.7775,309.9184,379.1524,299.99747,633110671121714,633110704258120
365.5486,285.3462,365.5486,296.92163,633110704480881,633110738995620
370.6219,519.6073,370.6219,299.99747,633110739074735,633110769990516
486.55536,819.3043,370.6219,299.99747,633110770203589,633110800451766
397.17755,1065.516,370.6219,519.6073,633110800640568,633110831730985
430.402,733.0096,397.17755,733.0096,633110831915985,633110866255672
327.87335,642.3586,370.6219,642.3586,633110866441610,633110902414422
266.76218,649.9798,370.6219,649.9798,633110902605099,633110933122808
306.2258,505.72284,327.87335,642.3586,633110933310620,633110972759526
340.18594,413.37814,340.18594,642.3586,633110972866245,633111007600464
429.11618,360.2475,340.18594,505.72284,633111008053849,633111038531141
262.14993,385.65118,340.18594,413.37814,633111038635412,633111077046714
447.32257,372.54196,340.18594,385.65118,633111077129474,633111109385620
470.8241,304.23233,340.18594,385.65118,633111109483120,633111139617026
485.54327,332.08075,447.32257,372.54196,633111141559995,633111175406141
513.23846,280.6892,470.8241,332.08075,633111175641974,633111206186297
441.85052,278.68616,447.32257,332.08075,633111206364787,633111237636037
501.3043,371.6374,470.8241,332.08075,633111237829162,633111270569318
495.05948,304.5485,470.8241,332.08075,633111270720985,633111300051505
446.11914,404.316,470.8241,332.08075,633111300230099,633111334777755
485.0447,1295.5651,470.8241,332.08075,633111334994474,633111365497860
407.6244,1487.8522,470.8241,404.316,633111365673693,633111399740255
408.36725,1432.3422,470.8241,1295.5651,633111399940933,633111431529318
366.01266,1494.4099,408.36725,1432.3422,633111431683016,633111465027599
395.94812,1340.2242,408.36725,1340.2242,633111465200151,633111499707235
493.9105,1299.8031,408.36725,1340.2242,633111499895255,633111537166297
484.15335,1351.2571,408.36725,1340.2242,633111537365985,633111573135672
552.6687,1354.2842,484.15335,1340.2242,633111573245099,633111604703641
454.78555,1395.3756,454.78555,1351.2571,633111604901870,633111635890047
564.05743,1377.6229,484.15335,1354.2842,633111636137078,633111671291401
598.3975,1392.359,484.15335,1377.6229,633111671462703,633111702928224
581.4199,1448.0043,564.05743,1377.6229,633111703099526,633111736760984
550.6808,1442.8376,550.6808,1392.359,633111736914057,633111768057026
470.80728,1407.0216,550.6808,1407.0216,633111768230776,633111800988797
508.6801,1460.5942,550.6808,1407.0216,633111801178068,633111833218068
516.5004,1381.5638,516.5004,1407.0216,633111833455412,633111863304526
484.16187,853.04083,516.5004,1407.0216,633111863485412,633111897140359
486.72543,710.5528,516.5004,1381.5638,633111897325412,633111936219474
459.77216,699.6489,486.72543,853.04083,633111936354109,633111969098693
446.6515,719.83167,486.72543,719.83167,633111969234630,633112001505984
482.43396,763.519,482.43396,763.519,633112002298172,633112034095359
541.7708,733.14386,486.72543,733.14386,633112034238380,633112069150047
519.0654,744.95844,486.72543,744.95844,633112069361714,633112100675984
481.42313,710.9378,486.72543,733.14386,633112100848745,633112132765359
462.53558,740.3485,486.72543,740.3485,633112132939943,633112164817286
433.1962,757.0253,481.42313,740.3485,633112164999422,633112195975151
476.3001,793.7081,476.3001,740.3485,633112196234005,633112231154995
516.46375,688.2319,481.42313,740.3485,633112231321453,633112262813484
451.22714,713.51324,476.3001,740.3485,633112263001974,633112295311922
451.86868,701.15356,476.3001,713.51324,633112295486088,633112328953120
464.36063,628.60754,464.36063,713.51324,633112329124161,633112371034265
459.26437,554.1442,464.36063,701.15356,633112371132703,633112404932286
453.31427,637.9972,464.36063,637.9972,633112405025620,633112435398015
466.68292,673.8834,464.36063,673.8834,633112435569682,633112471703901
463.75046,602.9327,464.36063,637.9972,633112471804057,633112502015463
453.33658,627.9273,464.36063,637.9972,633112502206818,633112533703328
416.46863,649.2922,463.75046,637.9972,633112533905307,633112564376297
384.2608,836.6387,453.33658,637.9972,633112564559578,633112597119838
358.13168,649.1564,416.46863,649.1564,633112597295984,633112631917442
367.8696,684.2945,384.2608,649.1564,633112632151401,633112663860567
559.16644,953.0863,416.46863,649.1564,633112664079213,633112698945672
604.72766,1926.1139,416.46863,684.2945,633112699116922,633112736243901
493.01038,1870.2637,493.01038,953.0863,633112736349942,633112766386765
496.30594,1792.1128,493.01038,1792.1128,633112766520880,633112800815984
562.71796,1871.0592,493.01038,1792.1128,633112800919057,633112831649734
489.80334,1916.4384,493.01038,1792.1128,633112832375359,633112861694734
595.28046,1810.1653,493.01038,1810.1653,633112861843901,633112893997807
466.86264,1857.0305,493.01038,1810.1653,633112894145515,633112926079057
531.3471,1893.2969,493.01038,1810.1653,633112926214942,633112958616713
463.531,1881.174,493.01038,1857.0305,633112958765411,633112991792599
495.77185,1903.4891,493.01038,1881.174,633112991948953,633113024262286
477.02637,1877.4918,493.01038,1877.4918,633113024399317,633113059485932
488.2854,1901.0577,493.01038,1881.174,633113059671088,633113094154005
566.62866,1860.6305,493.01038,1877.4918,633113094339057,633113131613484
542.05896,1937.729,493.01038,1881.174,633113131795828,633113168347130
491.60922,1918.4009,493.01038,1881.174,633113168509213,633113214686401
525.0057,1899.2512,493.01038,1899.2512,633113214768484,633113245153171
386.90982,1980.2135,493.01038,1899.2512,633113246249786,633113279684421
463.41068,1904.5862,493.01038,1899.2512,633113281817963,633113312817286
342.64157,2006.5884,463.41068,1904.5862,633113312967546,633113347261765
362.943,2016.3193,463.41068,1904.5862,633113347374317,633113380872026
444.25592,1921.1978,444.25592,1921.1978,633113381008640,633113413813744
310.5432,1912.1969,444.25592,1912.1969,633113416992130,633113455405723
406.0557,1988.6714,444.25592,1921.1978,633113455510203,633113489698848
320.97177,2010.5573,406.0557,1921.1978,633113489829890,633113522639473
456.96277,1956.3815,444.25592,1956.3815,633113522728015,633113557851036
459.58945,2024.1855,444.25592,1956.3815,633113558024369,633113590768536
441.5651,1983.0476,444.25592,1956.3815,633113590927911,633113628103744
443.8169,2024.0314,444.25592,1983.0476,633113628286400,633113663325880
400.003,2057.1663,443.8169,1983.0476,633113663501452,633113697994734
467.4748,2018.5907,444.25592,2018.5907,633113698110515,633113729674109
427.4705,2008.9663,443.8169,2008.9663,633113729836140,633113762181036
421.0812,2051.763,443.8169,2018.5907,633113762372963,633113796215255
430.94064,2049.0293,430.94064,2018.5907,633113796385098,633113832196921
559.3719,1967.4741,443.8169,2018.5907,633113832409161,633113866389786
463.55838,1957.589,443.8169,2018.5907,633113866572702,633113898848379
479.82486,2059.661,463.55838,2018.5907,633113899069629,633113936928692
489.88757,2027.307,463.55838,2018.5907,633113937144265,633113972336817
652.06067,1617.8586,479.82486,2018.5907,633113972484317,633114009684994
586.03375,1063.6125,489.88757,2018.5907,633114009856296,633114047069838
466.22052,957.8581,479.82486,1617.8586,633114047245515,633114080534682
458.3801,912.7857,479.82486,1063.6125,633114080631869,633114114962442
512.74585,922.9503,479.82486,957.8581,633114115055463,633114150633640
506.33508,835.25635,479.82486,922.9503,633114150712129,633114188309734
501.92285,798.37006,501.92285,922.9503,633114188437650,633114224702442
546.64746,735.09265,501.92285,835.25635,633114224867286,633114259325463
384.97797,596.9518,501.92285,798.37006,633114259469213,633114294623588
412.77078,615.5255,501.92285,735.09265,633114294793067,633114329064056
402.06644,539.94257,412.77078,615.5255,633114329240411,633114365847702
448.88913,648.3649,448.88913,648.3649,633114366025671,633114406772754
449.12582,659.0874,448.88913,648.3649,633114406957754,633114446117181
394.938,661.8828,448.88913,648.3649,633114446206556,633114482206140
381.97122,607.63,448.88913,648.3649,633114482304733,633114518067494
420.84265,589.21094,420.84265,648.3649,633114518197858,633114552930827
419.7529,547.4502,420.84265,607.63,633114553024890,633114590557858
324.02087,545.56946,420.84265,589.21094,633114590652702,633114625764108
332.67004,580.3543,419.7529,580.3543,633114625874160,633114660480671
456.37003,741.77014,420.84265,589.21094,633114660662754,633114694036713
413.92102,720.7164,419.7529,589.21094,633114694194733,633114727894213
345.05875,832.33026,419.7529,720.7164,633114728125983,633114766305358
300.84293,857.8777,413.92102,720.7164,633114767189577,633114797105619
374.72644,1201.8345,374.72644,832.33026,633114797220671,633114830403640
390.99527,1044.3752,390.99527,857.8777,633114830597494,633114862010098
376.58472,1097.4393,376.58472,1044.3752,633114862202233,633114896273535
416.7122,855.40686,390.99527,857.8777,633114896390515,633114930259629
413.03833,767.63885,390.99527,857.8777,633114930445775,633114962756400
410.2237,728.9707,410.2237,855.40686,633114962930410,633114998166504
432.2284,721.32074,410.2237,767.63885,633114998343535,633115029888952
334.16202,1113.5607,410.2237,855.40686,633115030059264,633115064082389
327.58447,1279.866,410.2237,855.40686,633115064283379,633115103859785
311.51743,1320.1597,334.16202,1113.5607,633115104722858,633115141039525
275.88437,1307.3082,327.58447,1279.866,633115141662910,633115174541035
289.48904,1213.6776,311.51743,1213.6776,633115174737025,633115209075254
341.57,1306.0233,327.58447,1279.866,633115209239837,633115245560566
319.95517,1301.2401,319.95517,1279.866,633115245722702,633115281363900
313.94144,1304.4059,319.95517,1301.2401,633115281464681,633115313678275
352.96912,762.6426,319.95517,1279.866,633115313793066,633115347345462
344.57562,446.6713,319.95517,1279.866,633115349170462,633115380794056
336.5715,594.9032,336.5715,762.6426,633115382138691,633115413599108
268.64673,565.374,319.95517,594.9032,633115415652806,633115452673535
281.1262,620.8633,319.95517,620.8633,633115452814889,633115488313431
351.21396,476.32443,319.95517,594.9032,633115488509889,633115523602077
349.2102,493.49423,319.95517,594.9032,633115523694681,633115558958848
355.03516,546.7085,349.2102,546.7085,633115559129993,633115590576712
324.15128,528.2972,324.15128,546.7085,633115590766921,633115624771139
359.97147,515.3245,349.2102,546.7085,633115624964733,633115659480306
301.28656,496.59454,324.15128,528.2972,633115659666816,633115693662545
388.56754,490.46548,349.2102,515.3245,633115693856608,633115724593223
359.37396,493.277,349.2102,496.59454,633115724742545,633115759619316
308.26724,554.7591,349.2102,515.3245,633115759724004,633115793091556
282.45007,525.60394,349.2102,515.3245,633115793194160,633115823910410
274.18503,551.2507,308.26724,525.60394,633115824417129,633115857306504
288.43936,462.23785,288.43936,515.3245,633115857489472,633115889733014
286.91104,503.53528,288.43936,515.3245,633115889891347,633115923656868
307.32043,489.84045,288.43936,503.53528,633115923832597,633115956115410
387.4994,704.5141,288.43936,515.3245,633115956236295,633115989518066
399.78366,1616.9093,307.32043,515.3245,633115989711243,633116022253587
172.73315,1910.0458,288.43936,704.5141,633116022442702,633116055885150
240.32411,1879.4045,288.43936,1616.9093,633116056111347,633116088467910
176.18689,1751.958,240.32411,1751.958,633116088642910,633116123114212
247.02882,1781.3248,247.02882,1751.958,633116123302962,633116158435618
328.98593,1760.7993,247.02882,1751.958,633116158657389,633116191505097
369.92072,1778.315,247.02882,1760.7993,633116191601243,633116223100254
284.37112,1766.9012,284.37112,1760.7993,633116223203379,633116256354472
303.94684,1859.9558,284.37112,1766.9012,633116258670306,633116290822129
401.83728,1783.2773,284.37112,1766.9012,633116290919316,633116322249108
375.37057,1756.2861,303.94684,1766.9012,633116322418431,633116358068014
432.61392,1801.3655,375.37057,1766.9012,633116358268951,633116392158743
444.87607,1793.7487,375.37057,1766.9012,633116392330566,633116427004368
515.4052,1798.8317,432.61392,1793.7487,633116427182024,633116464942701
488.46783,1759.5349,444.87607,1766.9012,633116465318274,633116499097806
535.203,1794.0208,488.46783,1793.7487,633116499471816,633116537483431
545.9876,1818.8767,488.46783,1793.7487,633116537679889,633116571746295
279.27368,1826.9722,488.46783,1794.0208,633116571924993,633116603798274
122.51539,1807.278,488.46783,1807.278,633116603975878,633116638254837
66.86731,1773.9441,279.27368,1794.0208,633116638435358,633116671844941
83.9448,1722.4471,122.51539,1794.0208,633116672058431,633116704613431
91.373795,1814.8789,91.373795,1794.0208,633116704716035,633116737684941
104.25301,1866.726,104.25301,1794.0208,633116737838535,633116772871816
74.08933,1849.0061,91.373795,1814.8789,633116773608639,633116807519837
86.039215,1868.395,91.373795,1849.0061,633116807726868,633116845181660
201.9965,1942.9302,91.373795,1849.0061,633116846526451,633116880077389
224.45316,2010.3044,91.373795,1868.395,633116880529889,633116915455045
176.84875,2053.0562,176.84875,1942.9302,633116915605774,633116950958899
233.08844,2098.7622,176.84875,2010.3044,633116951048274,633116987290982
144.3549,2072.4622,176.84875,2053.0562,633116987459889,633117022026660
366.58713,1990.9966,176.84875,2010.3044,633117022184160,633117057554576
580.38763,2036.8184,176.84875,2036.8184,633117057659420,633117092449941
577.6125,2046.9006,366.58713,2036.8184,633117092628118,633117126438899
666.4915,1993.3469,577.6125,2036.8184,633117126643274,633117169121816
594.0153,1950.1143,577.6125,2036.8184,633117170262232,633117202209264
649.6993,2011.8696,594.0153,2011.8696,633117202811868,633117234839159
616.23224,1993.8527,594.0153,2011.8696,633117234990357,633117269243534
607.6881,1920.6378,607.6881,2011.8696,633117269416607,633117301464107
673.175,1944.3206,607.6881,1993.8527,633117301644159,633117335166451
710.5737,1926.3726,607.6881,1944.3206,633117335332909,633117368673222
663.95416,2009.2294,663.95416,1993.8527,633117368869524,633117400513899
705.2712,1933.9766,663.95416,1944.3206,633117400677128,633117449994576
734.07697,1956.868,663.95416,1956.868,633117450177649,633117480566816
551.9648,1979.2731,663.95416,1956.868,633117481316711,633117519286503
450.63007,2004.0403,663.95416,1956.868,633117519469993,633117554031607
445.62134,1960.1722,551.9648,1960.1722,633117554137961,633117588737753
356.22418,1983.681,450.63007,1960.1722,633117588906711,633117622871347
374.04514,2010.1926,445.62134,1960.1722,633117623035045,633117658050878
417.92587,2034.3262,417.92587,1983.681,633117658232441,633117691114472
439.75854,2062.4148,439.75854,2010.1926,633117691291920,633117729440670
383.85684,2035.2466,417.92587,2034.3262,633117729533638,633117761656920
427.2021,2017.9911,427.2021,2017.9911,633117761777805,633117797074107
467.41827,2084.8398,427.2021,2034.3262,633117797228170,633117829846138
429.04712,2097.1594,427.2021,2034.3262,633117830150774,633117862482753
485.32855,2002.934,429.04712,2034.3262,633117863421711,633117899765774
471.66824,2114.5117,429.04712,2034.3262,633117899943430,633117933542232
583.0297,2007.2623,471.66824,2034.3262,633117933721138,633117969329836
572.90265,2004.4138,471.66824,2034.3262,633117970446555,633118002756868
499.54132,1992.3319,499.54132,2007.2623,633118002867024,633118038943170
529.4892,1916.8717,499.54132,2004.4138,633118039158326,633118070629003
621.28265,1813.7261,499.54132,1992.3319,633118070845409,633118104911920
692.3221,1567.982,529.4892,1916.8717,633118105103742,633118138085617
684.5394,1540.2516,621.28265,1813.7261,633118138178222,633118173552649
677.30945,1525.4525,677.30945,1567.982,633118173640670,633118205998378
658.6043,1379.9142,658.6043,1540.2516,633118206090670,633118238328482
584.99255,1428.0094,658.6043,1525.4525,633118240855305,633118272719159
392.1974,1090.5322,658.6043,1428.0094,633118276954472,633118314027753
355.17343,893.9412,584.99255,1428.0094,633118314296294,633118349188690
373.55743,867.75256,392.1974,1090.5322,633118349267076,633118391494211
430.0246,885.4773,430.0246,893.9412,633118391595149,633118429016294
417.48965,894.7108,417.48965,894.7108,633118429191972,633118461819732
422.2127,826.3613,422.2127,893.9412,633118461945044,633118494450669
398.70773,792.7032,417.48965,893.9412,633118494568326,633118527606034
408.00186,784.95886,417.48965,826.3613,633118528754315,633118561834055
399.88727,843.3763,408.00186,843.3763,633118562000201,633118596537128
457.86642,850.83856,417.48965,843.3763,633118596629680,633118629400774
449.8014,841.39935,417.48965,843.3763,633118629574992,633118661642909
505.6465,836.6423,449.8014,843.3763,633118661754940,633118693909263
513.85956,844.6616,449.8014,843.3763,633118694760096,633118735039419
517.6109,869.1756,505.6465,843.3763,633118735235669,633118769987023
488.70023,963.7412,488.70023,844.6616,633118770072180,633118803597909
493.36478,890.54004,493.36478,869.1756,633118803758013,633118840346242
420.45972,883.36,488.70023,883.36,633118841124471,633118884327076
374.30652,695.3908,488.70023,869.1756,633118884505669,633118919915044
391.6202,636.7253,420.45972,869.1756,633118920149211,633118955485721
437.5628,624.3849,437.5628,695.3908,633118955676034,633118994601034
410.4027,775.1648,420.45972,775.1648,633118994784211,633119028062596
370.5299,731.64825,420.45972,731.64825,633119029069732,633119068055253
412.78955,762.7109,412.78955,762.7109,633119068247388,633119101651659
462.48813,706.45105,420.45972,731.64825,633119101843482,633119133769784
468.4394,769.2154,420.45972,762.7109,633119134826919,633119165762336
401.0557,674.25055,420.45972,731.64825,633119165893065,633119199126086
426.42612,647.13007,420.45972,731.64825,633119199294002,633119237289315
481.69205,590.40875,420.45972,674.25055,633119237417336,633119268878117
474.7763,715.742,426.42612,715.742,633119269058898,633119304441815
413.36877,702.74335,420.45972,702.74335,633119304616502,633119349420513
475.22757,1086.034,426.42612,715.742,633119349593794,633119401736190
531.66406,1662.0979,426.42612,715.742,633119401812648,633119432426763
545.2771,1651.9297,475.22757,1086.034,633119432601190,633119467915304
656.264,1672.1492,531.66406,1651.9297,633119468152544,633119504571398
576.9325,1738.2257,545.2771,1651.9297,633119504659888,633119540900513
608.42163,1796.8812,576.9325,1672.1492,633119540987700,633119571789940
573.7121,1757.8975,573.7121,1738.2257,633119571931763,633119604222336
510.56125,1623.228,573.7121,1672.1492,633119605763690,633119642319106
487.4494,1702.0448,573.7121,1702.0448,633119643405669,633119678168273
484.09128,1687.9729,510.56125,1687.9729,633119678440409,633119713675617
409.18253,1637.2124,487.4494,1687.9729,633119713828534,633119746885096
508.74832,1591.828,508.74832,1687.9729,633119747814002,633119783851867
562.99023,1597.938,508.74832,1637.2124,633119784074263,633119818056242
477.10788,1642.9713,508.74832,1642.9713,633119818210148,633119855662596
414.08496,1501.9268,508.74832,1637.2124,633119855878794,633119892162179
502.68,1498.7566,502.68,1637.2124,633119892314158,633119925413013
489.3018,1524.3483,502.68,1524.3483,633119926338377,633119959541867
457.38058,1491.0662,502.68,1524.3483,633119959725356,633119993507700
522.6943,1735.2954,502.68,1524.3483,633119993706763,633120026086450
575.7512,1792.2737,502.68,1524.3483,633120026269263,633120059315565
648.8485,1833.2319,522.6943,1735.2954,633120059417700,633120091212023
532.9892,1635.8094,532.9892,1635.8094,633120091356658,633120125752231
480.46548,1656.1776,522.6943,1656.1776,633120126349783,633120158610044
448.36652,1707.4426,522.6943,1656.1776,633120158793481,633120189496763
363.433,1584.7759,480.46548,1656.1776,633120189587075,633120225484523
589.0788,1817.9386,522.6943,1656.1776,633120225600825,633120259383481
631.8068,1735.837,522.6943,1656.1776,633120259552700,633120294068429
679.3013,1745.3495,589.0788,1735.837,633120294270565,633120327755825
662.10706,1777.4841,631.8068,1735.837,633120327933690,633120359320825
571.2078,1853.5116,589.0788,1745.3495,633120359528846,633120400616033
721.8674,1689.6528,631.8068,1735.837,633120400829679,633120436635825
579.2043,1722.8304,589.0788,1735.837,633120436738169,633120470055304
588.98456,1755.2435,589.0788,1735.837,633120471000044,633120504338846
558.8478,1788.1171,588.98456,1735.837,633120509003742,633120541661033
663.8509,1779.1414,589.0788,1755.2435,633120543598481,633120578139679
537.436,1775.6125,588.98456,1775.6125,633120578427960,633120613100356
655.4362,1843.5433,589.0788,1775.6125,633120613263689,633120645512335
625.71454,1837.887,589.0788,1775.6125,633120645634106,633120680358012
652.7085,1826.4318,625.71454,1826.4318,633120680515148,633120719360148
632.4448,1859.558,625.71454,1826.4318,633120719527439,633120755058116
466.26486,1400.3212,625.71454,1826.4318,633120755183741,633120787977960
480.64154,1544.9219,625.71454,1826.4318,633120788189835,633120829537283
424.34656,1702.9042,480.64154,1702.9042,633120829727752,633120862303169
452.44702,1186.7698,480.64154,1702.9042,633120862509419,633120896164210
366.7158,819.91113,452.44702,1702.9042,633120896955408,633120925917856
607.4549,1207.6832,480.64154,1207.6832,633120926050616,633120958787023
512.12994,1274.2998,480.64154,1274.2998,633120958959314,633120990138273
620.8464,1396.282,512.12994,1274.2998,633120990291606,633121023990877
677.3461,1818.7743,512.12994,1274.2998,633121024228168,633121055115564
670.78827,1787.1896,620.8464,1396.282,633121057141293,633121089050095
727.67584,1817.0516,670.78827,1787.1896,633121089399106,633121121313741
714.28503,1841.9125,670.78827,1787.1896,633121121441606,633121161132543
759.5031,1932.7115,714.28503,1817.0516,633121161221918,633121193352543
746.9086,1961.3116,714.28503,1841.9125,633121193540408,633121225855356
702.9843,1836.6973,714.28503,1836.6973,633121226036398,633121263114887
812.0625,1828.3812,714.28503,1836.6973,633121263302387,633121296231241
816.04486,1802.0715,714.28503,1836.6973,633121296406502,633121328837022
723.6452,1719.3546,723.6452,1828.3812,633121328923325,633121359547491
668.46533,1740.5085,714.28503,1802.0715,633121359693585,633121389596866
609.3394,1863.2019,714.28503,1828.3812,633121389786814,633121421377700
572.2916,1813.6434,668.46533,1813.6434,633121421758741,633121459188377
538.2827,1709.562,609.3394,1813.6434,633121459376345,633121489791502
596.01324,1514.8375,596.01324,1813.6434,633121489927856,633121524818377
640.2116,1535.7372,609.3394,1709.562,633121524975825,633121559364210
350.3746,1401.4297,596.01324,1535.7372,633121559564522,633121591208116
356.63666,1494.9868,596.01324,1535.7372,633121592209262,633121625067752
472.65424,1475.4471,472.65424,1494.9868,633121625234470,633121659542595
404.84058,1614.5037,472.65424,1535.7372,633121659722699,633121690628220
428.0525,1606.2549,472.65424,1535.7372,633121690830772,633121727478481
388.74838,1524.0913,428.0525,1535.7372,633121727656241,633121759804887
359.65353,1567.3644,428.0525,1535.7372,633121759950876,633121790323324
435.41568,1263.7394,428.0525,1535.7372,633121790480408,633121823324106
471.47607,1054.3289,428.0525,1535.7372,633121823459679,633121857318481
493.3463,923.6913,435.41568,1263.7394,633121857452647,633121887047439
485.35022,975.4866,471.47607,1054.3289,633121887479054,633121925303429
538.64435,922.3604,485.35022,975.4866,633121925445251,633121959542387
509.97305,947.54486,485.35022,975.4866,633121959769418,633121991995460
469.29037,909.6528,485.35022,947.54486,633121992218064,633122024912231
526.95636,860.4156,485.35022,947.54486,633122025089783,633122057254418
403.5763,1061.098,485.35022,947.54486,633122057448064,633122093094783
459.08652,976.82654,485.35022,947.54486,633122093286189,633122127591449
498.0471,1089.7354,485.35022,976.82654,633122127782387,633122161785720
489.4333,1125.2573,485.35022,976.82654,633122161957543,633122195587647
553.39056,1014.6412,489.4333,1014.6412,633122195664939,633122225468897
481.04413,1020.5539,485.35022,1014.6412,633122225657335,633122258068168
436.6558,1122.4193,485.35022,1014.6412,633122258203012,633122288639418
373.92175,880.2751,481.04413,1014.6412,633122288808116,633122323409626
303.57697,825.06415,436.6558,1014.6412,633122323536970,633122356667855
307.48746,775.7249,373.92175,880.2751,633122356866033,633122391336866
295.7223,785.127,307.48746,825.06415,633122391526137,633122423949522
350.64804,680.9894,350.64804,785.127,633122424153845,633122456588637
349.2143,774.46594,349.2143,785.127,633122456778376,633122490270460
336.45947,596.0286,349.2143,774.46594,633122490466762,633122525104835
342.65158,612.26013,349.2143,774.46594,633122525278220,633122558163064
352.72238,847.5509,349.2143,774.46594,633122558315668,633122590760251
337.39948,696.3471,349.2143,774.46594,633122591643845,633122624315824
316.705,725.327,349.2143,774.46594,633122624480095,633122656670199
329.09583,686.2694,337.39948,725.327,633122657208220,633122690357855
251.67458,691.91034,329.09583,725.327,633122690533272,633122724214209
344.24802,750.02704,337.39948,725.327,633122724394574,633122755814522
286.42276,721.3247,329.09583,725.327,633122755986241,633122788137647
323.42773,795.30164,329.09583,725.327,633122788309522,633122820624053
339.47626,790.34705,329.09583,725.327,633122820806345,633122864838741
272.2655,824.71704,329.09583,790.34705,633122865011397,633122899384105
255.06073,856.0572,329.09583,790.34705,633122899479782,633122932250511
231.98807,949.4574,272.2655,824.71704,633122932449834,633122964796032
416.05383,1521.2684,329.09583,856.0572,633122964990980,633123003142074
602.2858,1928.3397,329.09583,949.4574,633123003248428,633123048819730
566.86676,1901.8801,416.05383,1521.2684,633123048923636,633123080739834
570.95197,1856.6466,566.86676,1856.6466,633123080898324,633123113698220
521.2699,1865.8586,521.2699,1856.6466,633123113878116,633123150539261
506.62924,1909.9946,521.2699,1856.6466,633123150643845,633123184231709
457.57886,1850.2947,521.2699,1856.6466,633123184411293,633123219629053
360.76523,1190.0632,506.62924,1856.6466,633123219800095,633123254686761
314.68774,1992.8342,457.57886,1856.6466,633123254867699,633123287394730
290.9714,2054.6763,360.76523,1856.6466,633123287570668,633123319621345
353.95154,1320.3689,353.95154,1856.6466,633123319810980,633123351453480
395.6435,993.117,360.76523,1856.6466,633123351649418,633123394350355
487.23016,984.9074,360.76523,1320.3689,633123394441032,633123427059990
370.70966,1668.4286,370.70966,1668.4286,633123427250720,633123458594626
602.0395,1863.6644,370.70966,1668.4286,633123458798063,633123490390459
462.97488,1884.8596,370.70966,1668.4286,633123490595459,633123524136188
532.17993,1876.6873,462.97488,1863.6644,633123524308740,633123556629678
554.3281,1836.6211,462.97488,1836.6211,633123556801449,633123588950303
482.2451,1783.6302,482.2451,1836.6211,633123589137803,633123623552751
421.80997,1812.0126,462.97488,1836.6211,633123623729470,633123655180459
210.1197,1760.9202,462.97488,1812.0126,633123655371553,633123688884209
353.42715,1914.8544,421.80997,1836.6211,633123689083792,633123723164938
270.35812,1791.1533,353.42715,1812.0126,633123723369678,633123758811397
283.27866,1800.7766,353.42715,1812.0126,633123758988063,633123790926032
395.73837,1840.3246,353.42715,1812.0126,633123791106188,633123822478428
324.31433,1878.0253,353.42715,1812.0126,633123823348376,633123855922490
228.88753,1734.909,353.42715,1812.0126,633123856084365,633123886710772
330.83154,1780.6852,330.83154,1812.0126,633123886839678,633123919332386
324.11563,1758.187,330.83154,1780.6852,633123919524678,633123951941449
357.94177,1783.213,330.83154,1783.213,633123952319886,633123985324521
381.66187,1871.2349,330.83154,1783.213,633123985486292,633124018350407
429.54962,1961.2213,357.94177,1783.213,633124018489469,633124054891344
401.11386,1875.7535,381.66187,1871.2349,633124055068844,633124086834157
464.9822,1874.7755,401.11386,1874.7755,633124087020199,633124118574417
463.456,1887.0323,401.11386,1874.7755,633124118773896,633124152083011
449.9214,1891.631,449.9214,1874.7755,633124152278376,633124184077646
475.00943,1935.5846,449.9214,1887.0323,633124184254469,633124223767126
447.18317,1990.2628,449.9214,1891.631,633124223922282,633124253953271
469.333,1860.7228,449.9214,1887.0323,633124254100876,633124286044209
461.11008,1931.7915,449.9214,1891.631,633124286187751,633124319626553
459.7824,1871.6506,459.7824,1887.0323,633124320756761,633124352461865
400.48956,1939.147,449.9214,1891.631,633124352592646,633124385514105
405.2761,1877.9447,449.9214,1887.0323,633124385702438,633124418082698
477.36465,1934.4238,449.9214,1891.631,633124418229365,633124452159730
462.82956,1922.3702,449.9214,1891.631,633124452284573,633124486240355
543.14716,1783.8785,462.82956,1891.631,633124486430980,633124518639730
501.23465,1688.6721,462.82956,1891.631,633124518819782,633124551620459
483.9457,1814.5518,483.9457,1814.5518,633124551803271,633124585873219
387.70465,1877.8209,462.82956,1877.8209,633124586110511,633124620561552
414.73285,1715.9026,462.82956,1814.5518,633124620739261,633124655184052
453.38016,1738.0913,453.38016,1814.5518,633124655365980,633124688983636
387.78094,1859.8613,453.38016,1814.5518,633124689085615,633124720926605
458.2287,1789.3884,453.38016,1814.5518,633124721014365,633124752971917
609.5508,1689.1692,453.38016,1814.5518,633124753118480,633124785818323
464.493,1854.9178,458.2287,1814.5518,633124786359261,633124819240146
550.42035,1701.7086,464.493,1814.5518,633124819403479,633124853448063
514.23285,1707.5446,464.493,1814.5518,633124853626917,633124885407334
481.17957,1765.0679,481.17957,1765.0679,633124885596188,633124918597698
529.0033,1751.8843,481.17957,1765.0679,633124918783271,633124950652125
466.17273,1721.7894,481.17957,1765.0679,633124950841136,633124987695563
388.81262,1741.3457,481.17957,1751.8843,633124987894625,633125019587021
462.69403,1696.8921,466.17273,1741.3457,633125019737229,633125052673375
469.2655,1700.0562,469.2655,1741.3457,633125052829469,633125085019417
423.1273,1603.5118,466.17273,1700.0562,633125085158844,633125117977386
478.44672,1550.481,469.2655,1700.0562,633125118126188,633125152232959
423.87653,1560.5588,466.17273,1603.5118,633125153044886,633125183171865
323.2321,1708.7672,466.17273,1700.0562,633125183316969,633125218055927
367.3318,1603.7223,423.87653,1603.7223,633125218178896,633125250152958
316.6204,1603.2732,367.3318,1603.7223,633125250319104,633125288681500
265.06744,1611.5848,367.3318,1603.7223,633125288854833,633125318475875
277.9232,1523.6499,316.6204,1603.7223,633125318669417,633125349431448
222.68158,1440.6558,277.9232,1603.7223,633125349590146,633125382819261
259.1894,1385.303,277.9232,1523.6499,633125383008844,633125414938844
267.6511,1406.5507,267.6511,1440.6558,633125415127958,633125447615198
317.95538,1401.1903,277.9232,1406.5507,633125447754365,633125486088583
257.08643,1296.7249,267.6511,1406.5507,633125486198271,633125518819677
201.63393,1436.2208,267.6511,1406.5507,633125519007750,633125551131708
338.19193,1357.1919,267.6511,1406.5507,633125551262438,633125582221552
478.72128,1338.6444,267.6511,1406.5507,633125582377542,633125615378271
519.9975,1319.1481,338.19193,1357.1919,633125615488375,633125648240719
560.0721,1250.4905,478.72128,1338.6444,633125648383479,633125683386187
581.8581,1307.3967,519.9975,1319.1481,633125683527177,633125719172854
567.52515,1404.6377,560.0721,1338.6444,633125719399677,633125749258323
605.6576,1385.8535,567.52515,1338.6444,633125749456083,633125779469365
404.2492,1526.5565,560.0721,1385.8535,633125779597750,633125816322542
341.4177,1595.3132,560.0721,1385.8535,633125816509156,633125846756344
312.36386,1555.011,404.2492,1526.5565,633125846934000,633125889439469
270.52493,1459.156,341.4177,1459.156,633125889600667,633125919760875
332.17862,1327.6841,332.17862,1459.156,633125920184208,633125952832073
376.85968,1385.1133,341.4177,1459.156,633125952954729,633125985309364
252.97432,1051.061,332.17862,1385.1133,633125985916969,633126015013114
317.54984,846.0731,332.17862,1385.1133,633126015194937,633126049224989
517.26044,721.6942,332.17862,1051.061,633126049364989,633126081056604
489.24182,1243.4183,332.17862,1243.4183,633126081231448,633126114238479
523.64636,1322.6819,489.24182,1243.4183,633126114384469,633126152762698
462.96997,1351.7705,462.96997,1243.4183,633126154296969,633126185515666
450.97815,1465.2736,462.96997,1322.6819,633126185695146,633126216547333
300.34296,1553.154,462.96997,1351.7705,633126216743635,633126247986708
174.54369,1440.6252,450.97815,1440.6252,633126248207281,633126281044729
168.40576,1428.6592,300.34296,1428.6592,633126281213635,633126315117489
255.56335,1469.2396,255.56335,1440.6252,633126315304937,633126350974937
155.81685,1592.186,255.56335,1440.6252,633126351184468,633126382671135
143.7558,1574.0284,255.56335,1469.2396,633126382810354,633126414019000
89.61178,1524.2146,155.81685,1524.2146,633126414144885,633126450047385
199.04271,1480.7039,199.04271,1480.7039,633126450180875,633126480420823
156.75465,1401.0972,156.75465,1480.7039,633126480538531,633126511570146
341.8902,1542.549,199.04271,1480.7039,633126511727698,633126543858687
354.0567,1595.7206,199.04271,1480.7039,633126543988583,633126576259000
408.92368,1421.6313,341.8902,1480.7039,633126577230302,633126611435823
469.33917,1304.846,354.0567,1480.7039,633126611584208,633126650103062
460.7609,1251.8507,408.92368,1421.6313,633126650298166,633126681083114
592.3577,1220.0149,460.7609,1304.846,633126681270770,633126714697020
571.5936,1201.1711,460.7609,1251.8507,633126714892906,633126748794625
606.14514,1236.8584,571.5936,1236.8584,633126748958323,633126783598114
554.1081,1266.5834,554.1081,1251.8507,633126783766135,633126815951916
547.3725,1216.2853,554.1081,1236.8584,633126816159000,633126845259156
325.49945,1374.8466,554.1081,1251.8507,633126845440406,633126879998479
218.50702,1368.4288,547.3725,1251.8507,633126882184364,633126914353531
168.92712,1411.4241,325.49945,1368.4288,633126914476656,633126952500562
138.67868,1372.9565,218.50702,1368.4288,633126952598010,633126982778270
123.67437,1543.3802,168.92712,1372.9565,633126982946760,633127013783010
130.52136,1404.0006,138.67868,1372.9565,633127013974989,633127046666708
98.123245,1525.8933,130.52136,1404.0006,633127046860093,633127081711031
227.53621,1531.5052,138.67868,1404.0006,633127081882489,633127113986968
137.0126,1598.165,137.0126,1525.8933,633127114160614,633127148082958
419.6677,1455.1129,138.67868,1455.1129,633127148259937,633127182638010
467.33282,1504.1196,138.67868,1504.1196,633127182827541,633127215591499
544.2467,1485.6188,419.6677,1485.6188,633127215731239,633127247155145
605.0047,1368.8296,467.33282,1485.6188,633127247338583,633127282125822
552.51276,1357.2728,544.2467,1485.6188,633127282308010,633127315825510
623.8678,1301.6324,552.51276,1368.8296,633127316072176,633127351516760
556.7046,1489.3413,552.51276,1485.6188,633127351673635,633127383532541
635.20825,1438.1539,556.7046,1438.1539,633127383731551,633127414688843
609.8688,1553.9415,556.7046,1485.6188,633127414873687,633127445815249
634.9006,1607.3326,609.8688,1485.6188,633127446007437,633127477487749
683.808,1538.4878,609.8688,1538.4878,633127477657333,633127510518739
764.61676,1517.0616,634.9006,1517.0616,633127510673218,633127548127958
729.1416,1538.8083,683.808,1538.4878,633127548312176,633127581277541
774.3769,1565.1938,729.1416,1538.4878,633127581463426,633127615124728
720.74005,1486.6504,720.74005,1538.4878,633127616639260,633127647068947
470.24243,1681.5262,720.74005,1538.4878,633127647192749,633127678233010
84.596466,1532.4238,720.74005,1538.4878,633127678349833,633127710620458
125.91856,1675.2657,470.24243,1538.4878,633127710803114,633127743412072
211.61803,1263.689,211.61803,1538.4878,633127743542437,633127778193791
317.19254,1863.5574,317.19254,1538.4878,633127778317228,633127813618687
305.5535,2042.2362,305.5535,1538.4878,633127813748687,633127845296083
360.28674,1557.2964,317.19254,1557.2964,633127845458166,633127879887593
251.12175,703.0688,305.5535,1538.4878,633127880093478,633127914711135
305.4825,1042.3158,305.5535,1538.4878,633127914911760,633127946273010
266.42783,1336.4119,305.4825,1336.4119,633127946429780,633127980508947
457.637,1166.0642,305.5535,1336.4119,633127980695197,633128014965093
589.1327,1248.7101,305.5535,1336.4119,633128015113322,633128047569832
532.5076,1559.7289,457.637,1336.4119,633128047749572,633128078812957
481.05585,1088.7281,481.05585,1336.4119,633128079759989,633128111402072
465.79465,1393.9723,465.79465,1336.4119,633128111541030,633128142616187
638.74097,1191.3131,481.05585,1336.4119,633128142782593,633128176118843
589.1987,1339.3961,481.05585,1336.4119,633128176272593,633128210268739
550.58203,1265.9951,550.58203,1336.4119,633128210394312,633128241459468
624.8639,1304.6129,550.58203,1336.4119,633128241606343,633128274321759
617.35583,1255.0721,550.58203,1304.6129,633128274478530,633128308933686
693.2601,1292.7843,617.35583,1304.6129,633128309103061,633128341793114
750.2531,1225.1211,617.35583,1292.7843,633128341984832,633128378866811
563.6725,1318.345,617.35583,1304.6129,633128379049572,633128413743218
404.87488,1309.1455,617.35583,1304.6129,633128413936447,633128446625561
408.1676,1218.8276,563.6725,1304.6129,633128446811239,633128477507801
333.08044,1330.1648,408.1676,1304.6129,633128477649259,633128509818114
293.17996,1197.0804,408.1676,1304.6129,633128509991916,633128544654103
432.88806,927.4479,408.1676,1304.6129,633128544776916,633128576678113
475.27216,1010.0541,408.1676,1197.0804,633128576814936,633128607950457
488.12524,814.5275,432.88806,1010.0541,633128608165978,633128641495353
552.98645,819.2849,475.27216,1010.0541,633128641624884,633128675442697
622.60205,987.58655,488.12524,987.58655,633128675551343,633128710850822
498.4593,1024.8217,498.4593,1010.0541,633128711012124,633128743769780
462.02133,1064.214,488.12524,1010.0541,633128743963999,633128776815040
435.03894,1053.688,488.12524,1024.8217,633128776966343,633128810330978
447.3209,1015.5389,462.02133,1015.5389,633128810510665,633128846293634
465.9775,1094.4995,465.9775,1024.8217,633128846481030,633128879222957
497.4192,938.2115,465.9775,1015.5389,633128880592593,633128909738530
496.55057,1044.645,465.9775,1024.8217,633128909871343,633128943094103
473.60318,1080.1465,473.60318,1024.8217,633128943209311,633128975994311
441.6402,945.83356,465.9775,1024.8217,633128976190822,633129009688322
470.3128,920.5134,470.3128,1024.8217,633129009822488,633129044583530
539.2716,1049.0452,470.3128,1024.8217,633129045634311,633129078939936
465.81036,1172.1953,470.3128,1024.8217,633129079115353,633129112783217
582.25397,1132.4576,470.3128,1049.0452,633129112960405,633129146830665
463.71423,792.479,470.3128,1024.8217,633129146985822,633129181524624
411.77493,1713.8481,470.3128,1049.0452,633129181684936,633129216942801
412.12857,1707.3174,463.71423,1049.0452,633129217162124,633129250240040
435.4809,775.2452,435.4809,1049.0452,633129250331447,633129283797280
617.9131,562.7269,463.71423,1049.0452,633129283950092,633129314716499
614.9065,1555.8857,463.71423,1049.0452,633129314892228,633129349124728
400.86182,1366.4319,463.71423,1049.0452,633129349291759,633129382490144
594.8269,1179.2488,463.71423,1179.2488,633129382641342,633129426279676
489.44916,1058.8684,463.71423,1058.8684,633129426440092,633129461906967
594.4125,991.4006,489.44916,1058.8684,633129461997853,633129497538686
501.80756,869.703,489.44916,1058.8684,633129497638374,633129528852332
496.10526,939.2957,496.10526,991.4006,633129528931446,633129563092280
493.4714,946.93933,493.4714,946.93933,633129563190769,633129598180196
452.82333,953.57007,493.4714,953.57007,633129598270353,633129630086290
444.1926,902.5536,493.4714,946.93933,633129630175509,633129664974051
529.8778,913.2224,493.4714,946.93933,633129665070196,633129698615144
456.05936,870.71216,493.4714,913.2224,633129698719571,633129734052332
552.78424,1012.2605,493.4714,946.93933,633129734152280,633129768718217
530.4682,1146.9373,493.4714,946.93933,633129769245301,633129822646863
569.60834,1308.0452,530.4682,1012.2605,633129822734780,633129865959519
452.39865,1375.4672,493.4714,1146.9373,633129866063842,633129901344780
408.89667,1391.2402,493.4714,1308.0452,633129901442384,633129937199884
480.75616,1382.6736,480.75616,1375.4672,633129937376030,633129969575978
543.6844,1435.5038,493.4714,1382.6736,633129969762957,633130005187175
565.01794,1365.8474,493.4714,1375.4672,633130005349259,633130042639832
665.65265,1369.1671,543.6844,1375.4672,633130042805144,633130075950509
654.67474,1370.0511,565.01794,1370.0511,633130076170769,633130110682384
599.4856,1379.3239,599.4856,1375.4672,633130110868530,633130143276238
555.8027,1378.7167,565.01794,1375.4672,633130143377905,633130175025977
544.2686,1366.6656,565.01794,1375.4672,633130175119727,633130207518634
687.2787,1352.7021,565.01794,1375.4672,633130209102852,633130240720873
558.0871,1217.1711,565.01794,1366.6656,633130240820613,633130276607852
553.6409,872.1607,565.01794,1352.7021,633130276709727,633130311608946
594.09393,806.1349,565.01794,1217.1711,633130311710665,633130343532592
537.4956,799.80304,565.01794,872.1607,633130343726290,633130376594884
537.28625,765.10785,565.01794,806.1349,633130376770144,633130407691654
616.25244,556.6487,565.01794,799.80304,633130407878061,633130444948946
658.6366,685.22736,565.01794,765.10785,633130445131082,633130478511498
586.6611,856.5149,586.6611,799.80304,633130478639363,633130511215977
640.81714,746.73224,586.6611,765.10785,633130511327227,633130541437019
566.06494,649.33545,586.6611,765.10785,633130541605144,633130573407279
552.03406,604.7402,586.6611,746.73224,633130573597175,633130606852071
543.00555,607.78284,566.06494,649.33545,633130608450300,633130639951081
525.6279,627.9115,552.03406,627.9115,633130640392540,633130674096394
592.7553,679.9284,566.06494,649.33545,633130674841290,633130711272748
544.93536,783.37445,552.03406,649.33545,633130711462331,633130742825456
483.36044,724.7922,552.03406,679.9284,633130743004936,633130776994571
535.6028,723.9754,544.93536,723.9754,633130777196550,633130809431811
589.19147,645.85364,552.03406,679.9284,633130809585873,633130840977748
517.2085,605.35834,544.93536,679.9284,633130841166342,633130873518581
542.5027,527.7306,544.93536,645.85364,633130873678633,633130906345456
512.13324,545.0422,542.5027,605.35834,633130906538008,633130938875613
549.7004,680.3672,544.93536,645.85364,633130939045404,633130975128633
564.4671,677.9578,544.93536,645.85364,633130975301915,633131008494831
553.861,666.2292,549.7004,666.2292,633131008594935,633131040596446
498.93933,538.023,544.93536,645.85364,633131040686290,633131073719779
433.28708,506.8779,544.93536,645.85364,633131073816915,633131107663373
446.90854,457.8114,498.93933,538.023,633131107761081,633131142395717
492.46167,436.9485,492.46167,506.8779,633131142562748,633131176135717
507.79553,441.5696,498.93933,457.8114,633131176238790,633131208898165
600.43134,434.20792,498.93933,441.5696,633131209070873,633131243441862
666.14386,391.59738,507.79553,441.5696,633131243590873,633131277191915
687.24274,507.3608,600.43134,441.5696,633131277306133,633131312438112
727.3539,562.0248,666.14386,441.5696,633131312654310,633131343358633
697.9028,730.23834,687.24274,507.3608,633131343478269,633131377174414
662.92377,1555.7699,666.14386,562.0248,633131377299414,633131407901602
505.95334,1661.7872,666.14386,730.23834,633131407996706,633131441562592
524.2991,1642.9088,662.92377,1555.7699,633131441658008,633131472472435
490.48697,1763.598,524.2991,1642.9088,633131473374571,633131506364206
515.34924,1720.9154,524.2991,1642.9088,633131506463217,633131537451758
554.7141,1593.8777,524.2991,1642.9088,633131537638789,633131569949310
520.33685,1735.1661,524.2991,1642.9088,633131570084310,633131603830612
354.3955,1608.9368,524.2991,1642.9088,633131604058737,633131637512227
422.6476,1555.5721,520.33685,1642.9088,633131637688060,633131671085508
381.97882,1711.7399,422.6476,1642.9088,633131671248581,633131703313373
360.85562,1758.8112,422.6476,1642.9088,633131703482956,633131736180873
353.0741,1685.563,381.97882,1685.563,633131736347019,633131771426289
255.59135,1620.4446,360.85562,1642.9088,633131771606550,633131804211289
305.82703,1655.7878,353.0741,1655.7878,633131804378321,633131836148893
201.32587,1762.3776,305.82703,1655.7878,633131836305873,633131868939675
114.68802,1708.1526,305.82703,1655.7878,633131869127643,633131902353164
88.52482,1693.8444,201.32587,1693.8444,633131902480925,633131935071081
150.31595,1760.328,150.31595,1693.8444,633131935206758,633131967058685
136.60068,1750.8474,150.31595,1693.8444,633131967182591,633131999164883
195.51872,1783.6893,150.31595,1750.8474,633131999347800,633132031092695
144.82692,1658.3676,150.31595,1693.8444,633132031208685,633132070028112
86.647354,1649.7101,150.31595,1693.8444,633132070122643,633132105205664
79.38051,1688.0808,144.82692,1688.0808,633132105288320,633132136683633
108.95308,1778.912,108.95308,1693.8444,633132136852539,633132169785873
114.18653,1813.3601,114.18653,1693.8444,633132169959154,633132202552748
124.258675,1794.5479,114.18653,1778.912,633132202720977,633132237625560
156.04578,1752.6573,114.18653,1752.6573,633132237804050,633132271286914
120.8587,1794.8154,120.8587,1778.912,633132271382852,633132303475560
118.31211,1808.664,118.31211,1778.912,633132303556393,633132334449102
111.04656,1795.7593,118.31211,1794.8154,633132334566758,633132367364154
141.44257,1754.9583,118.31211,1778.912,633132367513060,633132398632175
140.14412,1734.1953,118.31211,1778.912,633132400244987,633132439317747
97.440445,1752.2169,118.31211,1754.9583,633132439418112,633132469972643
107.63103,1918.603,118.31211,1778.912,633132470132799,633132505129414
102.956726,1809.006,107.63103,1778.912,633132505224414,633132539255039
86.83101,1812.6147,107.63103,1809.006,633132539423008,633132575182591
106.08761,1872.098,106.08761,1809.006,633132575342852,633132610189206
111.0724,1859.0787,107.63103,1812.6147,633132610371706,633132647381654
116.787544,1915.4246,107.63103,1859.0787,633132647544570,633132680354258
92.10893,1883.3192,107.63103,1859.0787,633132680542487,633132712231081
111.76437,1899.6415,107.63103,1883.3192,633132712728112,633132774483216
115.00737,1705.5945,107.63103,1859.0787,633132774585820,633132807559518
97.17867,1898.9501,107.63103,1883.3192,633132807729987,633132839401549
117.28503,1865.337,107.63103,1865.337,633132839614310,633132872151185
130.19759,1785.63,107.63103,1865.337,633132873074779,633132904371862
151.98827,1778.9663,117.28503,1865.337,633132904492278,633132940677435
194.92299,1642.0624,130.19759,1785.63,633132940784987,633132977133112
211.59007,1627.4424,151.98827,1778.9663,633132977240508,633133010743008
231.91351,1615.3671,194.92299,1642.0624,633133010854049,633133046201706
492.71942,1765.3163,211.59007,1765.3163,633133046359258,633133079308737
584.3659,1745.0024,231.91351,1745.0024,633133079586862,633133118489883
439.6049,1679.6006,439.6049,1745.0024,633133119453008,633133150194310
471.20804,1650.2828,439.6049,1745.0024,633133150353320,633133182788841
589.4334,1645.5687,439.6049,1679.6006,633133182875664,633133215861237
513.9072,1740.8242,471.20804,1740.8242,633133215941028,633133246324622
557.2348,1756.4108,513.9072,1740.8242,633133246497903,633133277749414
612.9678,1797.2245,513.9072,1740.8242,633133278068164,633133311028685
528.8009,1828.9553,528.8009,1756.4108,633133311404258,633133343161028
550.50366,1779.5399,528.8009,1779.5399,633133343289987,633133375191341
439.53415,1076.3634,528.8009,1756.4108,633133375298580,633133415251966
426.2953,907.8538,528.8009,1756.4108,633133415431966,633133446605039
455.725,829.61554,455.725,1076.3634,633133446790143,633133478315820
420.84766,857.5133,455.725,907.8538,633133478505716,633133510507747
419.258,857.1334,455.725,857.5133,633133511396810,633133543752955
379.21753,1054.9214,420.84766,907.8538,633133544747330,633133577421289
365.9712,1093.2776,419.258,907.8538,633133578305612,633133614128007
350.83185,1199.9226,379.21753,1054.9214,633133614268476,633133647920976
370.39664,1162.3247,370.39664,1093.2776,633133648169049,633133679940976
357.51443,1109.8129,370.39664,1109.8129,633133680337122,633133711428997
334.113,1067.5195,370.39664,1093.2776,633133711588528,633133744072122
342.29498,1100.296,357.51443,1100.296,633133744202851,633133779765455
249.70941,1154.6427,342.29498,1100.296,633133779953424,633133810633111
325.63507,1226.7155,342.29498,1100.296,633133810807070,633133844604778
337.14258,1104.9523,337.14258,1104.9523,633133844702851,633133876310247
327.8191,1186.7113,337.14258,1104.9523,633133876832903,633133909261914
330.518,1128.0126,337.14258,1104.9523,633133909364934,633133953217539
337.25052,1192.1261,337.14258,1128.0126,633133953398320,633133987266236
489.46005,2042.7852,337.14258,1128.0126,633133987352695,633134024653163
619.43286,2083.0942,337.25052,1192.1261,633134024851497,633134059402018
689.0446,2094.4949,489.46005,2042.7852,633134059643997,633134118589466
532.1103,1506.1904,532.1103,1506.1904,633134118670299,633134148414049
471.20828,2061.3398,489.46005,2042.7852,633134148583945,633134180903997
505.12195,1724.9705,505.12195,1724.9705,633134181074257,633134212473893
632.5445,1453.9213,505.12195,1724.9705,633134212645038,633134246453007
685.2676,1836.0829,505.12195,1724.9705,633134246645820,633134278238268
711.83093,2048.641,632.5445,1724.9705,633134278425976,633134322362695
534.5768,2154.0813,534.5768,1836.0829,633134322508684,633134358487174
550.47406,2099.0188,550.47406,2048.641,633134359345663,633134394218320
608.33093,2141.1387,550.47406,2099.0188,633134394386653,633134429906028
570.4226,2029.3881,550.47406,2048.641,633134430080559,633134463413163
544.3029,2109.9568,550.47406,2099.0188,633134463598476,633134497002903
527.2846,2151.0486,550.47406,2099.0188,633134497105872,633134529008320
453.35416,2219.8513,544.3029,2109.9568,633134529969882,633134560240195
448.6885,2223.432,527.2846,2151.0486,633134560417747,633134593329934
471.2516,2214.8457,471.2516,2214.8457,633134593507330,633134624262330
549.0595,2166.5767,527.2846,2166.5767,633134624349934,633134663194830
621.1369,2154.2354,527.2846,2166.5767,633134663293059,633134696645767
586.111,2164.8228,549.0595,2166.5767,633134696811601,633134728513788
704.28577,2076.6707,586.111,2164.8228,633134728668528,633134761020611
588.62335,2044.6868,586.111,2164.8228,633134761176913,633134807503997
562.5579,2015.4789,586.111,2076.6707,633134807609205,633134841367486
545.44354,2023.5382,586.111,2044.6868,633134841478111,633134875167278
558.9608,1999.528,562.5579,2023.5382,633134875391496,633134907614778
510.71643,1973.2476,558.9608,2023.5382,633134908081496,633134943282486
488.7971,1930.7917,558.9608,1999.528,633134943448944,633134974666965
562.0964,1993.1626,558.9608,1993.1626,633134974827017,633135007192799
626.25195,1673.4904,558.9608,1993.1626,633135009030142,633135041337278
487.6549,815.2763,558.9608,1993.1626,633135041506601,633135074255298
488.97284,836.6065,558.9608,1673.4904,633135075348528,633135108428788
442.33328,770.1204,488.97284,836.6065,633135108528111,633135141308996
475.09674,705.42664,488.97284,836.6065,633135141439778,633135183286444
395.99323,744.0391,475.09674,770.1204,633135183442278,633135219733996
395.8978,698.99194,475.09674,744.0391,633135219840038,633135253029934
464.8796,798.20184,464.8796,770.1204,633135253228059,633135292327278
504.886,759.27405,475.09674,759.27405,633135292492382,633135326327746
464.9119,664.6324,464.9119,759.27405,633135326480715,633135359303840
457.72537,669.8515,464.9119,759.27405,633135359461965,633135393202642
387.21628,728.87195,464.9119,728.87195,633135393376965,633135425743319
453.27554,825.1266,457.72537,759.27405,633135425864673,633135458547903
512.80005,796.4226,464.9119,759.27405,633135458728007,633135493388996
460.6385,803.2025,460.6385,796.4226,633135493562434,633135527042069
482.29813,1029.5192,464.9119,796.4226,633135527211600,633135563014517
439.29477,850.8098,460.6385,803.2025,633135563174309,633135597328840
437.00034,1108.0781,460.6385,850.8098,633135597491809,633135629887173
462.93793,1063.17,460.6385,850.8098,633135630066080,633135663858163
460.85205,833.40515,460.6385,850.8098,633135663950142,633135697344777
424.31345,960.8052,460.6385,850.8098,633135697428267,633135737383684
442.8239,923.09015,460.6385,850.8098,633135737481236,633135772157382
494.83817,888.9332,460.6385,888.9332,633135772958267,633135806629986
456.62198,887.905,460.6385,887.905,633135806835246,633135840121861
426.85788,857.7411,460.6385,887.905,633135840326444,633135873541340
443.3876,911.0631,456.62198,887.905,633135873718788,633135905407798
411.81482,903.8657,443.3876,887.905,633135906294569,633135938088371
335.443,1012.01355,443.3876,903.8657,633135938192590,633135974284986
362.5459,1107.5781,411.81482,903.8657,633135974475819,633136008112225
340.2886,1156.8091,362.5459,1012.01355,633136008301392,633136039947069
336.18347,1175.3959,362.5459,1107.5781,633136040324881,633136075330402
387.9948,1131.7942,362.5459,1131.7942,633136075555975,633136114074673
287.3952,1181.3787,362.5459,1131.7942,633136114253631,633136145326184
252.53705,1290.7653,362.5459,1131.7942,633136145502173,633136182530819
312.31436,1303.8309,312.31436,1181.3787,633136182624308,633136215975402
384.75754,1204.8132,362.5459,1204.8132,633136216153631,633136250543475
419.8804,1169.224,362.5459,1181.3787,633136250713319,633136285323631
430.32693,1125.794,384.75754,1181.3787,633136285432798,633136319478267
521.0518,1052.8768,419.8804,1169.224,633136319571236,633136351380871
432.90848,928.24335,430.32693,1125.794,633136351488631,633136384673215
502.4976,1015.39056,432.90848,1052.8768,633136384759413,633136420317017
475.58005,1096.4371,432.90848,1096.4371,633136420409621,633136458572642
599.0067,2099.4624,475.58005,1096.4371,633136458674048,633136490351235
565.47186,2071.2407,475.58005,1096.4371,633136490524777,633136523795402
495.42712,1889.5411,495.42712,1889.5411,633136525057121,633136559030663
449.77936,1590.4912,475.58005,1590.4912,633136559116808,633136593044933
554.2753,1628.1942,495.42712,1628.1942,633136593148944,633136627235923
473.9665,1852.4996,475.58005,1628.1942,633136627350506,633136660718735
551.78064,1764.6602,495.42712,1628.1942,633136660811756,633136694827433
493.06055,1672.568,493.06055,1672.568,633136694997537,633136726786079
497.12164,1755.1332,495.42712,1672.568,633136726913215,633136757602798
469.5498,1803.036,493.06055,1672.568,633136758438579,633136789580767
508.63477,1830.647,495.42712,1755.1332,633136790818527,633136826019360
486.3429,1738.3812,493.06055,1738.3812,633136826123058,633136856922954
534.601,1746.1097,495.42712,1746.1097,633136858226756,633136894464048
374.33344,1451.2163,493.06055,1738.3812,633136894650037,633136927982954
394.17197,1362.958,493.06055,1738.3812,633136928175454,633136960202850
349.77127,1432.6411,394.17197,1451.2163,633136960293423,633136993784048
354.8064,1305.9402,394.17197,1432.6411,633136993881131,633137028386860
410.8467,1276.626,394.17197,1432.6411,633137028576756,633137062240662
450.32104,1188.1613,394.17197,1305.9402,633137062479621,633137100479985
386.58243,1361.5836,394.17197,1361.5836,633137100664100,633137135712381
419.68524,1409.0967,394.17197,1361.5836,633137136116235,633137170681704
434.85666,1364.9363,394.17197,1361.5836,633137170864829,633137203517381
464.51398,840.2633,419.68524,1361.5836,633137203613683,633137239268944
405.50427,584.3536,405.50427,1361.5836,633137239472485,633137271695193
453.579,703.19183,419.68524,840.2633,633137271889829,633137306206496
483.8331,577.8765,419.68524,703.19183,633137306382225,633137340838579
544.7553,578.65344,453.579,703.19183,633137341012068,633137372109881
468.97925,642.41235,468.97925,642.41235,633137372277329,633137408205923
512.4991,640.91473,468.97925,642.41235,633137408379204,633137441137850
502.76044,645.4317,468.97925,642.41235,633137441319829,633137474633943
514.16077,631.1584,502.76044,642.41235,633137474746600,633137515823475
425.58258,598.814,468.97925,642.41235,633137515924568,633137549301495
497.22522,584.34064,497.22522,631.1584,633137549460610,633137583881131
519.3648,636.7228,497.22522,636.7228,633137583993423,633137616175558
494.82486,659.7904,497.22522,636.7228,633137616290037,633137647658995
575.0422,897.05225,497.22522,636.7228,633137647741652,633137679080818
616.5553,1531.5848,497.22522,659.7904,633137679172693,633137710712954
556.487,1823.1171,556.487,897.05225,633137710808058,633137742212850
541.00946,1583.4302,541.00946,1531.5848,633137744098943,633137776856131
359.94342,1253.4069,541.00946,1253.4069,633137776946079,633137807336912
443.4022,711.3299,541.00946,1253.4069,633137809122641,633137839916183
503.1341,1081.4476,503.1341,1253.4069,633137840135975,633137872981652
507.4905,1257.2286,507.4905,1253.4069,633137873072016,633137906974412
536.84814,1061.3499,507.4905,1253.4069,633137907115350,633137939708318
553.7986,848.908,507.4905,1253.4069,633137939887068,633137972534152
555.3895,825.39966,536.84814,1061.3499,633137972711964,633138006048735
470.24118,676.0308,507.4905,848.908,633138006235974,633138038490766
471.2867,632.60986,507.4905,825.39966,633138038721079,633138069983110
529.1071,835.79834,507.4905,835.79834,633138070186599,633138102267745
467.38232,862.2853,507.4905,835.79834,633138102426079,633138139827068
470.6184,863.6022,507.4905,835.79834,633138140076651,633138172847172
479.84583,895.41534,479.84583,862.2853,633138173027485,633138206772016
442.2788,807.13086,479.84583,835.79834,633138206936443,633138239128422
422.6464,848.71893,479.84583,848.71893,633138239639047,633138271289620
403.1713,829.87396,442.2788,835.79834,633138271837120,633138302948214
384.41013,814.1451,422.6464,835.79834,633138303156860,633138338617485
407.45364,665.984,407.45364,829.87396,633138338742537,633138373951078
303.2703,687.5223,407.45364,814.1451,633138374134412,633138405025297
304.8587,572.25024,407.45364,687.5223,633138405194776,633138436705141
438.10825,812.3797,407.45364,812.3797,633138436889412,633138470192797
376.57684,1212.2682,407.45364,812.3797,633138470364464,633138502662016
511.97852,1420.6333,407.45364,812.3797,633138502833526,633138535081808
580.881,1379.3928,407.45364,1212.2682,633138535261756,633138566836443
531.6226,1418.981,511.97852,1379.3928,633138566979880,633138601244255
483.23773,1496.8939,483.23773,1379.3928,633138601408214,633138639292328
438.12875,1443.1198,483.23773,1418.981,633138639475558,633138670952797
474.9178,1510.614,483.23773,1443.1198,633138671482901,633138702656964
515.70636,1507.1772,483.23773,1443.1198,633138702820766,633138735869464
513.49493,1528.149,483.23773,1507.1772,633138736046183,633138769907276
513.93713,1439.4005,513.49493,1443.1198,633138770053370,633138805857485
472.82547,1393.4883,483.23773,1443.1198,633138806040922,633138837594203
434.826,1413.5176,483.23773,1439.4005,633138837771391,633138869637120
383.17548,1604.9587,472.82547,1443.1198,633138869800505,633138901454516
571.73505,1482.5048,483.23773,1443.1198,633138901616391,633138936085870
612.8745,1293.569,483.23773,1443.1198,633138936289099,633138968962953
514.84973,1521.8687,514.84973,1443.1198,633138969154412,633139007390349
616.9147,1422.6404,514.84973,1443.1198,633139007636547,633139039043891
478.00183,1586.883,514.84973,1443.1198,633139039235245,633139069895609
357.23782,1556.3918,514.84973,1443.1198,633139070069620,633139105771339
366.71964,1542.5095,478.00183,1542.5095,633139107148318,633139140759880
288.99902,1698.8646,366.71964,1542.5095,633139140933162,633139171782120
310.93402,1633.2451,366.71964,1542.5095,633139171973787,633139204676078
319.75174,1684.0134,319.75174,1633.2451,633139204852901,633139235888995
429.30554,1585.4312,366.71964,1585.4312,633139236100609,633139268596182
476.77512,1242.7742,366.71964,1585.4312,633139268777693,633139302096339
429.2105,1303.6962,429.2105,1585.4312,633139302314724,633139334592016
439.2666,1277.5588,429.2105,1303.6962,633139334769776,633139372314724
545.22034,1063.3804,429.2105,1303.6962,633139372488891,633139404267953
549.26434,916.1408,439.2666,1277.5588,633139404462693,633139437762172
559.737,1088.41,545.22034,1088.41,633139437936078,633139470932328
496.02423,1275.1431,496.02423,1275.1431,633139471025245,633139502970141
591.26556,1152.7869,545.22034,1152.7869,633139503257120,633139535540713
541.46906,1413.3065,541.46906,1275.1431,633139535692641,633139567523161
497.83942,1428.3466,541.46906,1275.1431,633139567667536,633139601155661
424.59088,1711.232,541.46906,1413.3065,633139601293422,633139634476443
420.23642,1857.08,497.83942,1428.3466,633139634622536,633139667149359
422.41495,1635.3329,424.59088,1635.3329,633139667337588,633139702877797
388.4555,1731.0885,422.41495,1635.3329,633139703083474,633139735062068
292.5695,1488.4781,422.41495,1635.3329,633139735273422,633139767783578
482.42615,1506.1154,422.41495,1635.3329,633139767984672,633139799877224
449.14005,1402.1971,422.41495,1506.1154,633139800097536,633139833009307
300.02658,1409.2379,422.41495,1506.1154,633139833136703,633139867298734
441.42624,969.23444,422.41495,1409.2379,633139867522484,633139901099099
348.9962,1232.8745,422.41495,1409.2379,633139901223995,633139937280974
303.10947,1250.413,422.41495,1250.413,633139937392953,633139967561286
212.84644,1582.5565,348.9962,1409.2379,633139967656807,633139998885765
275.48022,1504.8735,303.10947,1409.2379,633139999074880,633140031592588
235.73308,1264.2719,275.48022,1409.2379,633140031749099,633140065540401
411.00046,1219.4976,303.10947,1409.2379,633140067873890,633140102130609
399.1521,1155.621,303.10947,1264.2719,633140102218578,633140132068265
372.20676,1415.7053,372.20676,1409.2379,633140132247536,633140171736859
406.42032,1491.5815,372.20676,1409.2379,633140171876182,633140205038578
468.755,1531.0669,372.20676,1415.7053,633140205230817,633140235480401
468.67157,1519.3411,406.42032,1491.5815,633140235755453,633140269714932
272.4064,566.08734,372.20676,1415.7053,633140270857432,633140302641390
368.49118,633.4123,372.20676,1415.7053,633140302832849,633140332358057
329.98224,565.0551,368.49118,633.4123,633140332551286,633140367301963
390.28305,497.05832,372.20676,633.4123,633140369679099,633140401403942
376.1071,525.6247,372.20676,565.0551,633140401519203,633140435475401
329.53754,555.60254,372.20676,555.60254,633140435715036,633140467158109
359.30212,532.6734,372.20676,555.60254,633140467346963,633140498841651
344.0976,890.68884,359.30212,555.60254,633140499009099,633140532913786
512.92523,938.99646,372.20676,555.60254,633140533105296,633140568067067
485.18732,1047.909,372.20676,890.68884,633140568257796,633140614550661
487.296,1071.5139,485.18732,938.99646,633140614699098,633140645929203
529.1066,1071.0946,485.18732,1047.909,633140646816963,633140678814932
454.9936,1130.9298,485.18732,1071.0946,633140682614411,633140716741078
506.70514,1048.6039,485.18732,1048.6039,633140719101755,633140757268734
466.01956,1149.5798,485.18732,1071.0946,633140757362484,633140791938265
401.15137,978.4767,485.18732,1048.6039,633140792205661,633140828557796
448.59796,786.48267,466.01956,1048.6039,633140828673005,633140862254828
404.22137,851.564,448.59796,978.4767,633140862425661,633140894487275
375.99597,863.9243,448.59796,863.9243,633140894595505,633140927890192
387.17197,865.9995,404.22137,865.9995,633140928132380,633140964691755
403.57187,825.50464,403.57187,863.9243,633140964888578,633140999793369
430.1737,793.89417,404.22137,863.9243,633140999980661,633141035604671
437.20862,782.8319,404.22137,825.50464,633141035791130,633141068306911
416.08734,838.53174,416.08734,838.53174,633141068473525,633141101315192
408.5949,751.09564,408.5949,825.50464,633141101502640,633141134575557
436.9364,683.1893,416.08734,825.50464,633141134745244,633141166316650
509.63135,776.91327,416.08734,776.91327,633141166467900,633141198160244
575.2375,748.4983,436.9364,776.91327,633141198316807,633141231256754
523.79285,802.51855,509.63135,776.91327,633141232967275,633141263457171
627.36993,733.7719,523.79285,776.91327,633141263594359,633141298084254
553.5048,770.6325,523.79285,776.91327,633141298266286,633141331933421
446.0444,1241.7244,523.79285,776.91327,633141332160921,633141378792796
459.1847,1826.1467,523.79285,776.91327,633141378935036,633141418557431
451.85138,1748.3298,459.1847,1241.7244,633141418644515,633141449989723
470.36383,1869.7683,470.36383,1748.3298,633141451902952,633141482566859
425.16577,1862.705,459.1847,1748.3298,633141483651494,633141515244411
431.89554,1798.4893,459.1847,1798.4893,633141516202796,633141548742223
538.8668,1820.0751,459.1847,1798.4893,633141550599306,633141583821546
471.29062,1709.7592,459.1847,1798.4893,633141583891129,633141617083786
486.224,1837.2899,471.29062,1798.4893,633141617255400,633141649452275
476.73532,1840.6412,471.29062,1798.4893,633141650310869,633141683180556
491.0432,1821.6746,476.73532,1821.6746,633141683278838,633141720363213
530.7269,1730.3517,476.73532,1798.4893,633141721212327,633141754124202
456.6268,1854.8085,476.73532,1821.6746,633141754675192,633141787794254
413.9471,2036.6375,476.73532,1821.6746,633141787950817,633141822717483
418.75668,2053.3171,456.6268,1854.8085,633141822896233,633141857202067
352.79816,2008.4951,418.75668,2008.4951,633141857312588,633141890382119
496.9581,1595.7621,456.6268,1854.8085,633141890493369,633141925548317
446.02094,1203.765,446.02094,1854.8085,633141926489306,633141958043838
478.3397,1072.3838,456.6268,1595.7621,633141958134671,633141992874098
564.6653,1356.1547,456.6268,1356.1547,633141993028108,633142026031390
451.2383,1220.5398,456.6268,1356.1547,633142026151077,633142087401754
501.82492,1345.7761,456.6268,1356.1547,633142087494983,633142126098369
489.4441,1458.6334,456.6268,1356.1547,633142126244879,633142164259931
501.56265,1396.8387,489.4441,1356.1547,633142164439150,633142199393317
614.8501,1574.516,489.4441,1396.8387,633142199601910,633142234194254
584.87067,1603.062,501.56265,1396.8387,633142234421598,633142267792640
584.02563,1813.522,584.02563,1574.516,633142268070035,633142301999567
587.4104,1706.0155,584.02563,1603.062,633142302150348,633142336240921
403.67157,1896.9844,584.02563,1706.0155,633142337099879,633142371957692
489.36032,1935.102,584.02563,1706.0155,633142372090452,633142403182379
608.10767,1898.7668,584.02563,1896.9844,633142403342067,633142434252744
659.64233,1947.9668,584.02563,1898.7668,633142434476285,633142465989827
640.039,1969.3496,608.10767,1898.7668,633142466171285,633142498769306
664.18976,2015.6635,640.039,1947.9668,633142498947952,633142531733577
574.0312,2033.5104,608.10767,1969.3496,633142531919514,633142564157014
517.74805,2085.9912,608.10767,2015.6635,633142564329566,633142602849723
471.1052,2071.0981,574.0312,2033.5104,633142603021441,633142663337171
652.9697,1969.955,608.10767,2015.6635,633142663435608,633142700580869
635.1001,1861.9177,608.10767,2015.6635,633142700691389,633142735148316
544.1597,1770.3656,608.10767,1969.955,633142735387431,633142767868889
566.9635,1912.0565,608.10767,1912.0565,633142768046806,633142798903368
532.9226,1876.0833,566.9635,1912.0565,633142799004879,633142830389098
545.9693,1800.732,566.9635,1912.0565,633142830578681,633142864124462
624.17914,1859.9185,566.9635,1876.0833,633142864227431,633142898083056
663.73126,1717.5524,566.9635,1859.9185,633142900412275,633142930421806
590.6537,1812.4528,590.6537,1859.9185,633142930583421,633142963591806
659.5969,1717.4664,590.6537,1812.4528,633142963778056,633142996661025
531.90344,1920.0425,590.6537,1859.9185,633142996845139,633143030256598
501.67554,1847.6272,590.6537,1847.6272,633143030430295,633143073320816
483.53046,1836.6531,531.90344,1847.6272,633143073488681,633143106505191
496.35083,1845.4004,501.67554,1847.6272,633143106686910,633143137782639
437.07626,1880.4078,496.35083,1847.6272,633143137964410,633143173333264
475.16965,1840.035,496.35083,1847.6272,633143173528993,633143205371441
453.426,1840.5607,475.16965,1847.6272,633143206503212,633143239369983
436.2747,1810.4225,475.16965,1840.5607,633143239523316,633143272467587
454.0783,1731.8977,454.0783,1840.5607,633143272586858,633143305756962
441.93866,1741.453,454.0783,1810.4225,633143305895972,633143339196597
461.0592,1913.4564,454.0783,1840.5607,633143339316858,633143372510139
422.25607,1809.9121,454.0783,1810.4225,633143372637691,633143409556024
487.8482,1841.7383,454.0783,1840.5607,633143409650972,633143443989045
701.68036,1646.0208,454.0783,1810.4225,633143444100452,633143476216129
613.3211,1728.3815,487.8482,1810.4225,633143476371545,633143512452170
513.0147,1804.4982,513.0147,1804.4982,633143516098941,633143550491285
419.58417,1701.3146,487.8482,1804.4982,633143552412379,633143583794566
363.46857,1762.683,487.8482,1804.4982,633143584467118,633143618603733
500.31595,1783.6863,487.8482,1783.6863,633143618696597,633143652240139
508.48096,1737.52,487.8482,1783.6863,633143652381233,633143683423993
481.89597,1753.6102,487.8482,1783.6863,633143687224566,633143720865816
460.05264,1724.7716,487.8482,1753.6102,633143722072222,633143759603420
518.593,1559.435,487.8482,1753.6102,633143759758004,633143791141597
425.99268,1514.9249,487.8482,1724.7716,633143791221649,633143822877639
357.323,1238.3788,487.8482,1559.435,633143823001806,633143856187691
341.1075,1262.0393,425.99268,1514.9249,633143856331285,633143891278993
295.74866,1212.7136,357.323,1262.0393,633143891370660,633143926972378
463.16434,1255.9608,425.99268,1262.0393,633143927161181,633143959946389
419.58994,1391.148,419.58994,1262.0393,633143960174931,633144001313993
480.20865,1229.3875,425.99268,1262.0393,633144001530712,633144035418524
502.98343,1257.9307,425.99268,1262.0393,633144035532378,633144071953212
348.76343,1113.7285,425.99268,1257.9307,633144072145191,633144108833680
405.39343,1003.5307,425.99268,1257.9307,633144108996962,633144145860503
465.67273,1214.3746,425.99268,1214.3746,633144146002639,633144181177951
274.27835,1163.5398,425.99268,1214.3746,633144181341128,633144216814878
399.3899,1032.1932,425.99268,1214.3746,633144216955451,633144258303732
407.60098,729.96063,407.60098,1163.5398,633144258437014,633144290969826
450.88632,761.0534,425.99268,1032.1932,633144291137691,633144324919878
453.36218,726.6097,425.99268,761.0534,633144325087066,633144358732274
428.05667,702.45667,428.05667,761.0534,633144358899826,633144400267587
419.69553,830.7341,425.99268,761.0534,633144400364045,633144434367014
441.85422,828.6817,428.05667,761.0534,633144434484045,633144469969982
362.67563,865.1618,425.99268,828.6817,633144470092534,633144502481962
361.4219,742.44965,425.99268,761.0534,633144502867118,633144536978368
459.79532,771.2894,425.99268,771.2894,633144537088107,633144573708159
360.54877,798.5504,425.99268,771.2894,633144573850399,633144608212014
378.67603,735.00903,425.99268,771.2894,633144608396649,633144641265295
422.451,784.85535,422.451,771.2894,633144641507430,633144673102847
470.85663,664.49426,425.99268,771.2894,633144673310087,633144704909201
475.02264,727.3409,425.99268,771.2894,633144705051597,633144739209357
464.33588,759.29083,464.33588,759.29083,633144739363159,633144778064149
456.84055,719.2468,456.84055,759.29083,633144778196649,633144810596649
538.6431,727.53296,464.33588,759.29083,633144811825868,633144856485034
522.2569,624.7721,464.33588,727.53296,633144856874930,633144889908003
257.9451,1175.2186,464.33588,759.29083,633144890082586,633144923334618
393.01053,839.2623,464.33588,759.29083,633144923529774,633144960298211
330.3954,911.26874,393.01053,839.2623,633144960414305,633144992117013
401.9373,696.3638,401.9373,759.29083,633144992200868,633145023792118
299.346,836.663,393.01053,836.663,633145023941336,633145056937378
400.62436,783.15216,400.62436,783.15216,633145057117586,633145090248941
344.59058,1132.4296,393.01053,836.663,633145090362378,633145125065086
412.60785,839.8125,400.62436,836.663,633145125230190,633145158139618
428.124,769.1947,400.62436,836.663,633145158318420,633145191730711
424.1122,753.06726,412.60785,836.663,633145191909618,633145223975295
413.33334,580.96545,413.33334,769.1947,633145224169253,633145257582430
368.50266,585.2543,412.60785,753.06726,633145257749513,633145293123524
450.3637,494.0632,413.33334,585.2543,633145294187013,633145331090138
323.97702,487.7465,412.60785,585.2543,633145331199826,633145362343472
405.6334,538.56995,412.60785,538.56995,633145362531597,633145394881961
581.13275,1306.3347,412.60785,585.2543,633145395038732,633145433589722
454.16418,1520.9811,412.60785,585.2543,633145434383524,633145467382065
488.2441,1476.0555,454.16418,1306.3347,633145467519097,633145508917378
541.69104,1500.2395,454.16418,1476.0555,633145509023628,633145541699826
517.3642,1405.2177,488.2441,1405.2177,633145541841961,633145581818159
489.9255,1363.5444,489.9255,1405.2177,633145581909409,633145616815034
529.8355,1404.2854,489.9255,1405.2177,633145617854201,633145653899617
587.7882,1611.959,489.9255,1405.2177,633145654065190,633145689959149
475.89944,1599.6587,489.9255,1405.2177,633145690181388,633145728834826
497.03244,1794.1018,489.9255,1599.6587,633145729008524,633145763821649
487.30576,1728.0841,489.9255,1599.6587,633145764045399,633145795938003
540.0276,1739.5858,489.9255,1728.0841,633145796203940,633145831851961
498.9699,1820.3269,489.9255,1728.0841,633145831951857,633145874879513
421.99106,1944.0405,489.9255,1739.5858,633145875058628,633145906321232
457.45596,1938.5729,489.9255,1820.3269,633145911248055,633145955491284
452.45935,1891.3514,457.45596,1891.3514,633145957288576,633145988917899
476.24478,1867.1385,476.24478,1867.1385,633145989083992,633146023050711
348.25967,1923.5532,457.45596,1891.3514,633146023255398,633146055634513
409.39923,1915.3962,457.45596,1891.3514,633146055799721,633146087954044
527.8207,1956.15,457.45596,1915.3962,633146088192794,633146148069096
635.08844,2002.6525,457.45596,1915.3962,633146148176388,633146183991857
482.7649,1954.8325,482.7649,1954.8325,633146184190346,633146217193003
690.77997,1865.8761,482.7649,1915.3962,633146217295294,633146251580503
630.27045,1998.3927,482.7649,1954.8325,633146251757273,633146287489669
673.0308,1998.9546,630.27045,1954.8325,633146287668315,633146324466440
700.6831,1808.3007,630.27045,1954.8325,633146324549200,633146357388367
633.7159,1876.0612,633.7159,1954.8325,633146357571284,633146393784617
612.0953,1709.8767,630.27045,1876.0612,633146393946805,633146428355971
687.14276,1816.9292,633.7159,1876.0612,633146428544096,633146464707586
663.5991,1793.9701,633.7159,1816.9292,633146465687534,633146498725450
667.98,1768.701,663.5991,1816.9292,633146498878680,633146531432221
569.8238,1786.059,633.7159,1793.9701,633146531532169,633146574319096
640.5912,1659.5396,640.5912,1786.059,633146574528419,633146610809044
428.39822,672.52765,633.7159,1786.059,633146610897586,633146644463471
430.7079,411.40665,633.7159,1659.5396,633146645490867,633146680716336
386.62134,418.93744,430.7079,672.52765,633146681949565,633146715598002
417.92926,402.08066,430.7079,418.93744,633146715695034,633146750578367
510.49734,364.39465,430.7079,418.93744,633146750677273,633146784503211
398.38153,442.64853,430.7079,418.93744,633146784693627,633146814898054
381.77747,438.62268,430.7079,418.93744,633146815076075,633146847087325
348.71783,572.8883,398.38153,438.62268,633146847673575,633146879433888
263.88116,661.2773,381.77747,438.62268,633146881574513,633146917184044
245.55563,642.06586,348.71783,572.8883,633146917299356,633146954668315
148.851,744.0452,263.88116,642.06586,633146954789773,633146991583263
134.18214,794.25793,245.55563,642.06586,633146992254617,633147026496596
135.55644,873.9182,148.851,744.0452,633147026601596,633147060976284
155.01706,908.02856,155.01706,794.25793,633147061408940,633147094040658
164.52367,977.49005,155.01706,873.9182,633147095309356,633147127640346
231.28316,972.3775,155.01706,908.02856,633147127743263,633147158698679
263.47333,906.875,164.52367,906.875,633147158857013,633147190179929
429.62234,906.40295,231.28316,906.875,633147190373992,633147223467898
465.244,716.9694,263.47333,906.875,633147223605867,633147257988054
463.81573,607.15594,429.62234,906.40295,633147258186023,633147294477429
517.9671,662.8655,463.81573,716.9694,633147294577690,633147325559825
526.78284,656.7591,463.81573,662.8655,633147325665763,633147359199773
520.12164,684.6574,517.9671,684.6574,633147359287325,633147390650346
502.0918,725.6536,502.0918,684.6574,633147390763783,633147422889877
481.20276,752.2435,502.0918,684.6574,633147423019825,633147458662638
527.8527,777.8325,502.0918,725.6536,633147458782325,633147493684617
515.233,657.2829,502.0918,684.6574,633147493864044,633147529697273
467.70044,651.7636,502.0918,684.6574,633147529851544,633147561741440
432.62396,843.525,502.0918,684.6574,633147561870033,633147595221492
440.00888,725.4706,467.70044,684.6574,633147595325450,633147628884669
447.06628,704.35815,447.06628,704.35815,633147629232065,633147664140398
348.07,785.0859,447.06628,704.35815,633147664323002,633147696749981
347.53726,870.0834,447.06628,704.35815,633147696933158,633147728992533
330.885,899.0645,348.07,785.0859,633147729658367,633147762062585
223.11769,831.712,347.53726,831.712,633147763185242,633147798191023
204.67674,703.575,330.885,785.0859,633147798278367,633147831341648
221.3042,800.5542,223.11769,800.5542,633147831532689,633147880413158
222.54689,664.1648,222.54689,785.0859,633147880506960,633147914865398
254.07121,605.6185,223.11769,785.0859,633147915033731,633147956371439
222.88145,670.937,222.88145,670.937,633147956511596,633147990821544
252.34459,720.383,223.11769,720.383,633147990986491,633148027219304
501.27753,879.557,223.11769,720.383,633148027318887,633148086121023
513.1035,895.6665,252.34459,720.383,633148086226075,633148124116023
474.07785,1154.063,474.07785,879.557,633148124206908,633148162032533
434.81897,1089.937,434.81897,895.6665,633148162190554,633148204243783
376.18924,1132.3597,434.81897,1089.937,633148204420033,633148239802637
387.64075,1501.2157,434.81897,1089.937,633148239892481,633148272726283
155.24219,1821.1936,387.64075,1132.3597,633148272813939,633148304927325
242.0978,1805.7864,387.64075,1501.2157,633148308693262,633148343114512
385.34122,1848.1635,385.34122,1805.7864,633148343199668,633148377561804
527.02905,1951.8611,387.64075,1805.7864,633148378612689,633148412751491
599.48175,2008.8295,387.64075,1848.1635,633148412903262,633148453875658
472.2365,1665.7748,472.2365,1805.7864,633148453989720,633148487245241
478.9966,1679.6748,472.2365,1805.7864,633148487421595,633148522054720
471.1663,1602.7777,472.2365,1679.6748,633148522243627,633148557649200
394.1294,1599.7432,472.2365,1679.6748,633148557835398,633148595494043
512.6536,1714.4991,472.2365,1679.6748,633148595701387,633148628444408
601.25085,1593.1079,472.2365,1679.6748,633148628558627,633148661125554
469.4912,1691.3109,472.2365,1679.6748,633148661302845,633148698144564
532.595,1775.5975,472.2365,1679.6748,633148698304043,633148729622429
526.0634,1804.7272,472.2365,1691.3109,633148729805033,633148767879043
582.0093,1763.7631,526.0634,1763.7631,633148768270345,633148801355762
723.37506,1881.3367,526.0634,1763.7631,633148801470085,633148832793366
725.214,1821.0642,582.0093,1763.7631,633148833661647,633148865014460
622.2771,1843.2268,622.2771,1821.0642,633148865931856,633148897410502
692.02246,1872.6697,622.2771,1821.0642,633148897514095,633148929018054
596.8503,1965.6525,622.2771,1843.2268,633148929814564,633148960902168
681.9062,1891.0118,622.2771,1872.6697,633148961034095,633148991564356
719.12085,1927.6116,622.2771,1891.0118,633148991657585,633149026221022
642.3651,1982.5044,642.3651,1891.0118,633149026343262,633149062626231
583.7398,1988.0985,622.2771,1927.6116,633149062761335,633149094604043
643.8872,2025.6888,642.3651,1982.5044,633149094833991,633149128245241
700.28796,1917.7056,642.3651,1927.6116,633149128410397,633149160274720
577.9089,1788.4939,642.3651,1927.6116,633149160453783,633149191773522
628.531,1850.8855,642.3651,1917.7056,633149192747637,633149236453210
727.65485,1893.1935,642.3651,1893.1935,633149236660762,633149268793835
660.5578,1865.1855,642.3651,1893.1935,633149268978731,633149301632376
765.2583,2021.602,660.5578,1893.1935,633149301810085,633149332694981
714.0035,2036.9086,660.5578,1893.1935,633149332875449,633149365133106
730.5226,2031.5746,714.0035,2021.602,633149365279876,633149409689981
764.6647,2131.1206,714.0035,2031.5746,633149409866908,633149446442689
777.46796,2061.6514,730.5226,2031.5746,633149446625814,633149482276595
752.1721,2044.8221,752.1721,2044.8221,633149482455814,633149516107637
672.38837,2037.4589,730.5226,2037.4589,633149516253522,633149549858210
726.30963,2058.0098,730.5226,2044.8221,633149550029772,633149584361595
729.90204,2103.5095,729.90204,2044.8221,633149584449928,633149615949460
742.5677,2108.0488,730.5226,2058.0098,633149616091960,633149648332324
711.019,2090.8574,729.90204,2090.8574,633149648413887,633149679388939
667.9091,2069.5103,729.90204,2069.5103,633149680138574,633149712352220
660.0326,1937.1505,711.019,2069.5103,633149712483626,633149745363157
633.31177,1965.2471,667.9091,2069.5103,633149745509460,633149779771907
622.27625,1948.3574,660.0326,1965.2471,633149779890501,633149814243314
607.50275,1932.355,633.31177,1965.2471,633149814433001,633149851168105
666.3694,2040.248,660.0326,1965.2471,633149851335605,633149884435918
568.14575,2105.4607,633.31177,1965.2471,633149884635189,633149919191647
515.49384,2007.8589,633.31177,2007.8589,633149919290501,633149954416855
413.14462,1897.6345,568.14575,1965.2471,633149954510918,633149985673626
461.45425,2083.1912,515.49384,2007.8589,633149985867064,633150018564616
435.73584,2089.8643,461.45425,2007.8589,633150018656074,633150050410866
624.43634,1994.876,515.49384,2007.8589,633150050590553,633150084125084
565.2009,1978.4086,515.49384,2007.8589,633150084309720,633150118642376
617.7788,1941.7479,565.2009,1994.876,633150118787741,633150151615657
572.24316,1871.9392,565.2009,1978.4086,633150151790970,633150191578991
584.2307,1779.2312,572.24316,1941.7479,633150191706386,633150226109303
538.6717,1790.2213,565.2009,1871.9392,633150226292116,633150266443886
534.59454,1758.7137,565.2009,1790.2213,633150266607011,633150298779147
560.9288,1731.4426,560.9288,1790.2213,633150298961647,633150332428991
509.90356,1804.2683,560.9288,1790.2213,633150332624824,633150366995553
628.03815,1814.9799,560.9288,1790.2213,633150367113261,633150400837428
377.24396,1374.9036,560.9288,1790.2213,633150400930918,633150432727845
191.47638,951.741,560.9288,1790.2213,633150432839772,633150468064303
149.92645,1143.026,377.24396,1374.9036,633150468163991,633150506775293
370.82092,797.63214,370.82092,1143.026,633150506882793,633150544567741
344.4658,830.46674,370.82092,1143.026,633150546513157,633150579930084
293.5145,856.13354,370.82092,856.13354,633150580103470,633150613566074
311.7586,865.0708,344.4658,865.0708,633150613675293,633150647295813
361.92966,810.85657,361.92966,856.13354,633150647468886,633150681359928
437.41293,898.74286,361.92966,865.0708,633150681513678,633150720180970
399.2464,881.8182,361.92966,865.0708,633150720500501,633150757940240
387.94247,845.251,387.94247,865.0708,633150758961230,633150791452636
368.04437,949.5413,368.04437,865.0708,633150791629303,633150829219251
307.5517,979.22546,368.04437,865.0708,633150829370709,633150864250292
348.73642,964.7683,368.04437,949.5413,633150864410865,633150899299459
292.3118,830.0221,348.73642,865.0708,633150899510240,633150933704303
370.3781,899.2746,368.04437,899.2746,633150933908105,633150967470865
332.866,925.4903,348.73642,899.2746,633150967552584,633151008917688
317.37766,989.4615,348.73642,899.2746,633151009062688,633151044082480
381.0826,1003.892,348.73642,925.4903,633151044174459,633151079836699
346.21432,1113.041,348.73642,989.4615,633151081924563,633151120989303
434.62793,1115.0286,348.73642,1003.892,633151121165709,633151155805813
350.55118,1023.3395,348.73642,1023.3395,633151155999511,633151190929563
321.18393,1058.6451,348.73642,1023.3395,633151191111542,633151222400397
379.35043,1028.6686,348.73642,1023.3395,633151222567480,633151272440969
468.08685,1019.8575,348.73642,1023.3395,633151273208626,633151313402740
465.6565,1030.9767,379.35043,1023.3395,633151313559459,633151349388157
539.13763,936.9359,465.6565,1023.3395,633151349489146,633151386119667
538.731,746.8752,465.6565,1023.3395,633151386221334,633151429576699
472.64957,740.4733,472.64957,936.9359,633151429724615,633151461359042
533.4445,824.20874,472.64957,824.20874,633151461532011,633151492089146
565.1115,851.59625,472.64957,851.59625,633151492242584,633151524296386
581.33514,806.64624,533.4445,824.20874,633151524481230,633151557781594
581.3821,753.2658,565.1115,824.20874,633151557955448,633151595971334
571.78284,724.63837,571.78284,806.64624,633151596278001,633151627723730
493.95282,713.6743,565.1115,753.2658,633151627909198,633151661051490
468.11682,757.5249,565.1115,757.5249,633151661235448,633151691234407
382.18256,633.3717,493.95282,753.2658,633151691419198,633151729531230
416.19363,746.2245,468.11682,753.2658,633151729691073,633151762469667
541.7944,975.9939,493.95282,753.2658,633151762557115,633151794747584
396.2038,1274.8751,468.11682,753.2658,633151794924719,633151827396750
389.60956,1254.1237,468.11682,975.9939,633151827574719,633151860365396
355.13556,620.46136,396.2038,753.2658,633151860543834,633151893838782
309.4401,558.15045,389.60956,753.2658,633151894075917,633151925334250
503.0878,790.3492,396.2038,753.2658,633151925523209,633151957249615
444.20676,949.25354,396.2038,753.2658,633151957472063,633151996119667
435.51392,984.1895,435.51392,790.3492,633151996295552,633152030511334
405.97058,908.7634,405.97058,908.7634,633152030681907,633152067879250
474.62674,644.646,435.51392,790.3492,633152068768886,633152107767011
517.48175,597.398,435.51392,790.3492,633152107932792,633152143802375
532.8097,623.9276,474.62674,644.646,633152143953052,633152176714094
477.3662,666.7247,477.3662,666.7247,633152176799407,633152212088313
489.7159,589.29706,477.3662,644.646,633152212193521,633152247680865
567.82794,592.49506,477.3662,644.646,633152247760396,633152285646073
465.73294,590.17694,477.3662,592.49506,633152285791594,633152322956594
495.8959,691.2271,477.3662,644.646,633152323191750,633152358033573
472.08826,628.60876,477.3662,628.60876,633152358270292,633152390364875
495.08374,660.80725,477.3662,644.646,633152390558729,633152429119042
463.30936,603.0885,477.3662,628.60876,633152429264615,633152464220448
413.68848,602.9289,477.3662,628.60876,633152464415969,633152496382740
476.16217,559.6759,476.16217,603.0885,633152496493156,633152528464875
455.62775,517.79724,476.16217,602.9289,633152528555761,633152565278208
477.72327,915.1969,476.16217,603.0885,633152565373938,633152597824511
308.79822,697.2749,476.16217,603.0885,633152598008052,633152633810865
384.20856,1313.8163,476.16217,697.2749,633152634686646,633152666819667
366.20837,486.403,384.20856,603.0885,633152668404563,633152702788990
296.37506,841.54614,384.20856,697.2749,633152705349875,633152739089094
517.2515,999.9155,384.20856,697.2749,633152739226542,633152774271542
522.4376,1141.6038,384.20856,841.54614,633152775502948,633152806788313
575.12775,1120.2662,517.2515,999.9155,633152806951854,633152840458000
410.17313,1041.4187,410.17313,1041.4187,633152841021490,633152874370135
480.07202,1149.9775,480.07202,1041.4187,633152874532740,633152910329146
554.56854,1176.3121,480.07202,1041.4187,633152910483729,633152947097427
586.66833,1080.8032,480.07202,1080.8032,633152947193938,633152981896958
671.9486,1927.8889,554.56854,1080.8032,633152982170500,633153016659406
678.8698,1859.0907,586.66833,1080.8032,633153017084042,633153051380604
636.298,1834.9713,636.298,1834.9713,633153051533208,633153086593469
655.06067,1771.7345,636.298,1771.7345,633153086737896,633153120229771
639.78015,1757.3406,636.298,1771.7345,633153120396594,633153154140812
556.5124,1787.9037,636.298,1771.7345,633153154318885,633153189279875
609.17975,1801.725,636.298,1771.7345,633153189422479,633153220373521
645.24554,1692.8119,636.298,1771.7345,633153220568885,633153261046854
570.73,1720.9811,636.298,1771.7345,633153261213521,633153296728625
651.8875,1705.0658,636.298,1720.9811,633153296954719,633153332332739
674.1696,1656.4667,636.298,1720.9811,633153333364146,633153367182427
648.15845,1633.2804,648.15845,1705.0658,633153367296437,633153401819667
381.73553,1765.6748,636.298,1720.9811,633153401968833,633153438034406
431.59982,1756.7472,636.298,1720.9811,633153438113625,633153473072271
344.5464,1537.4412,431.59982,1720.9811,633153473168885,633153505147791
348.15778,869.953,431.59982,1720.9811,633153505245760,633153539740552
316.29172,1117.6725,348.15778,1537.4412,633153539835864,633153572149771
325.09793,1429.0161,348.15778,1429.0161,633153573076385,633153606926646
372.26025,1503.2546,348.15778,1503.2546,633153607014666,633153641124823
496.1802,1435.1394,348.15778,1435.1394,633153641627427,633153672457166
417.99197,1487.247,372.26025,1487.247,633153672605604,633153706447271
340.6391,1453.3113,348.15778,1453.3113,633153706602739,633153742336333
337.43655,1525.5017,348.15778,1487.247,633153742526021,633153775147427
353.8996,1457.8085,348.15778,1457.8085,633153775253989,633153809278052
407.04846,1545.7588,348.15778,1487.247,633153809371281,633153844167479
330.2775,1577.368,348.15778,1487.247,633153844250656,633153883180864
297.9661,1694.0814,348.15778,1545.7588,633153883269510,633153922065552
474.46924,1577.9495,348.15778,1577.368,633153922162583,633153954714510
430.57742,1644.1924,348.15778,1577.9495,633153954906541,633153993924145
511.75208,1696.2465,430.57742,1577.9495,633153994942323,633154027869354
424.33688,1802.9778,424.33688,1644.1924,633154027991489,633154066156906
487.51553,1717.5216,430.57742,1696.2465,633154066286177,633154100572739
614.7538,1784.6354,430.57742,1717.5216,633154100771958,633154133140187
551.67365,1692.9229,487.51553,1696.2465,633154133324718,633154167662375
473.12387,1814.632,473.12387,1717.5216,633154167845187,633154204888520
476.25925,1915.4794,476.25925,1717.5216,633154205066645,633154237365500
422.3117,1772.6832,473.12387,1772.6832,633154237488052,633154271260916
475.56302,1735.5106,475.56302,1735.5106,633154272792166,633154303343989
664.8751,1684.9575,475.56302,1735.5106,633154304593833,633154337310135
434.656,1670.4044,475.56302,1735.5106,633154337400760,633154380562062
318.3329,1125.1692,475.56302,1684.9575,633154380868104,633154414449041
375.18744,995.67865,434.656,1670.4044,633154414580864,633154447335083
371.75018,938.3775,375.18744,1125.1692,633154447435968,633154479815552
370.61716,1115.5017,375.18744,1115.5017,633154479908572,633154518236906
375.3752,1032.5701,375.18744,1115.5017,633154518429301,633154550825656
318.68768,1157.1056,375.18744,1115.5017,633154551004145,633154587571749
431.0013,1041.3357,375.18744,1115.5017,633154587793676,633154620883104
393.60327,804.35516,375.18744,1115.5017,633154621056645,633154654556333
389.65723,806.0818,389.65723,1041.3357,633154654657739,633154687324614
425.57022,807.99176,389.65723,807.99176,633154687510239,633154717594926
400.20477,831.0856,389.65723,831.0856,633154717774458,633154751394770
336.22446,787.0757,389.65723,807.99176,633154751969926,633154785152895
416.73682,779.9255,389.65723,807.99176,633154785324510,633154817777062
418.40244,741.6535,389.65723,787.0757,633154817938260,633154850010656
443.34137,676.963,416.73682,779.9255,633154850203312,633154885601489
414.4536,694.40735,414.4536,741.6535,633154885764510,633154918089926
450.71613,699.0143,416.73682,699.0143,633154918277895,633154951228572
341.73972,577.2149,414.4536,699.0143,633154951412687,633154982036020
426.3595,540.6388,416.73682,699.0143,633154982238051,633155018582010
486.99792,481.41226,416.73682,577.2149,633155018753312,633155051327947
418.85983,546.9293,418.85983,546.9293,633155051512999,633155081633051
434.0495,548.675,418.85983,548.675,633155081861072,633155119989718
437.1427,497.73123,418.85983,546.9293,633155120256958,633155153827635
413.1805,476.7681,418.85983,546.9293,633155153917478,633155186226437
427.94254,505.74515,418.85983,505.74515,633155186426280,633155216761385
348.23846,423.51257,418.85983,505.74515,633155216944093,633155250435239
350.32672,499.6313,418.85983,505.74515,633155250575187,633155284908155
231.42169,580.3819,350.32672,505.74515,633155285093364,633155318851280
136.5385,596.593,350.32672,505.74515,633155319026801,633155353311228
125.01152,559.2476,231.42169,559.2476,633155353483624,633155387516593
132.83563,501.53415,136.5385,505.74515,633155387707634,633155419645134
133.50348,603.3059,133.50348,559.2476,633155419825551,633155467941228
159.2606,537.25757,136.5385,537.25757,633155468114562,633155504692687
180.64067,571.49603,136.5385,559.2476,633155506894718,633155543074978
174.24046,564.3943,159.2606,559.2476,633155543154509,633155579209562
126.39182,539.9309,136.5385,559.2476,633155579306801,633155613537270
184.1314,659.245,159.2606,559.2476,633155613708780,633155645824666
186.99954,648.9999,159.2606,559.2476,633155646016957,633155681955551
179.8176,718.11566,179.8176,648.9999,633155682092530,633155716164770
225.99147,616.1758,179.8176,616.1758,633155716352426,633155748829614
447.5295,596.1613,179.8176,616.1758,633155748998676,633155785715655
500.2447,489.24744,225.99147,616.1758,633155785894770,633155816890499
549.8748,558.9172,447.5295,596.1613,633155817083259,633155848108363
518.6562,571.05774,500.2447,571.05774,633155848297634,633155882207478
511.91394,534.1676,511.91394,571.05774,633155882390551,633155914172582
572.6896,497.8197,511.91394,571.05774,633155914347270,633155947507113
592.5211,486.33197,511.91394,534.1676,633155947683416,633155982603311
503.89572,528.2095,511.91394,528.2095,633155982780238,633156015579978
534.7105,403.46512,511.91394,528.2095,633156015762426,633156051561384
537.9884,443.37567,511.91394,528.2095,633156052317790,633156085446697
532.7704,454.92978,532.7704,454.92978,633156086395186,633156121431697
573.5423,542.39746,532.7704,528.2095,633156121595134,633156154451228
604.5061,1441.6543,532.7704,528.2095,633156154631957,633156189423780
556.0188,1560.016,556.0188,542.39746,633156189595238,633156224093728
400.5922,1506.6735,532.7704,1441.6543,633156224208988,633156254889353
453.6707,1609.0839,532.7704,1506.6735,633156254981853,633156286453676
469.85257,1798.9126,469.85257,1506.6735,633156286558936,633156317920499
423.08347,1664.8711,469.85257,1609.0839,633156318012322,633156351689665
433.94492,1834.7009,469.85257,1664.8711,633156351880499,633156386220707
588.1692,1627.1093,469.85257,1627.1093,633156386343467,633156438765447
581.8238,1810.1976,469.85257,1664.8711,633156438858676,633156471956592
485.4845,1909.3987,485.4845,1664.8711,633156472162842,633156517676176
535.6104,1830.2367,485.4845,1810.1976,633156518903363,633156548172894
505.8872,1801.8019,485.4845,1801.8019,633156548361436,633156582080186
400.4613,1822.0819,485.4845,1810.1976,633156582263207,633156616956749
531.5305,1721.2097,485.4845,1801.8019,633156617161072,633156649391853
586.7411,1631.0657,485.4845,1801.8019,633156649573519,633156692484561
550.613,1862.4562,531.5305,1801.8019,633156692677686,633156734961280
410.93658,1723.3506,485.4845,1801.8019,633156735134926,633156769362894
460.46292,1746.692,485.4845,1801.8019,633156769475342,633156803345499
633.2103,1798.1638,485.4845,1798.1638,633156803512738,633156841810082
625.55383,1835.6512,485.4845,1801.8019,633156842794978,633156878452738
705.2909,1829.955,625.55383,1801.8019,633156880925603,633156913278780
617.6825,1789.4651,617.6825,1801.8019,633156913526124,633156947042894
638.8758,1774.9822,625.55383,1801.8019,633156947334353,633156982602165
722.4008,1777.2701,625.55383,1789.4651,633156982783676,633157013335186
748.9253,1829.6025,638.8758,1801.8019,633157013508259,633157046181123
741.45685,1750.909,722.4008,1789.4651,633157046360342,633157078807009
792.82526,1700.8893,741.45685,1789.4651,633157078979717,633157113153936
728.4899,1647.1715,728.4899,1750.909,633157113346592,633157146314457
739.47003,1729.4176,739.47003,1729.4176,633157146495134,633157180205238
792.89636,1791.5135,739.47003,1750.909,633157180369769,633157215660603
669.1136,1508.3738,739.47003,1729.4176,633157215854248,633157249289144
760.7489,1706.8209,739.47003,1729.4176,633157249481228,633157280705290
721.7212,1744.1201,739.47003,1729.4176,633157280801436,633157314011853
721.0566,1829.332,739.47003,1729.4176,633157314690186,633157349388363
698.4231,1814.8063,721.7212,1744.1201,633157349558363,633157382003519
675.1306,1877.4346,721.0566,1814.8063,633157384335863,633157421915290
709.5528,1862.3873,709.5528,1814.8063,633157422015134,633157456076696
705.0371,1815.723,709.5528,1815.723,633157456169040,633157488216957
726.99677,1938.2896,709.5528,1815.723,633157488334352,633157518391175
702.0793,1805.6335,709.5528,1815.723,633157518509977,633157549885186
717.4672,1888.3748,709.5528,1815.723,633157550053467,633157583033727
731.99207,1834.7217,709.5528,1815.723,633157583165186,633157615218050
736.1723,1871.0151,717.4672,1834.7217,633157615336279,633157645211904
671.4418,1847.5792,709.5528,1834.7217,633157645313363,633157677610915
700.10864,1827.0819,709.5528,1834.7217,633157677707425,633157713902373
733.16675,1991.1139,709.5528,1834.7217,633157714073675,633157750453779
766.41046,1990.7294,709.5528,1834.7217,633157750648779,633157792066540
765.23474,1950.6056,733.16675,1950.6056,633157793017738,633157824129092
724.8331,1953.2821,724.8331,1950.6056,633157824248936,633157855146331
759.68085,1964.8685,733.16675,1950.6056,633157855253050,633157887426071
712.4507,1938.6592,724.8331,1950.6056,633157887525134,633157917566488
718.7138,1893.528,724.8331,1950.6056,633157917671227,633157949650134
671.43536,1870.0161,718.7138,1938.6592,633157949763675,633157982109613
618.04364,1701.9865,718.7138,1893.528,633157982223102,633158013948571
552.7109,1447.071,671.43536,1870.0161,633158014053779,633158045330290
695.9506,1488.5688,695.9506,1701.9865,633158045522008,633158080622894
609.29004,1559.2446,671.43536,1559.2446,633158080771800,633158115099092
491.3773,1483.3329,671.43536,1559.2446,633158115232633,633158147607373
574.81055,1357.5703,609.29004,1559.2446,633158147787686,633158191646852
576.3714,1270.7134,576.3714,1483.3329,633158191841852,633158226814977
588.9564,1206.5591,588.9564,1357.5703,633158227698050,633158261708988
454.38016,1025.6105,576.3714,1270.7134,633158261903831,633158297452894
461.96048,839.1601,576.3714,1206.5591,633158297623467,633158331447894
459.41895,791.62714,461.96048,1025.6105,633158331632269,633158363326956
460.70322,761.4872,461.96048,839.1601,633158363488779,633158397876435
458.55237,706.3243,460.70322,791.62714,633158398058050,633158430750706
502.8068,717.96643,461.96048,761.4872,633158431571279,633158468830394
643.6346,414.27008,461.96048,717.96643,633158468908623,633158502524925
666.4679,321.22675,502.8068,717.96643,633158502698102,633158539065602
586.02423,268.49408,586.02423,414.27008,633158539159196,633158572813727
664.7008,284.60422,586.02423,321.22675,633158572916956,633158607037633
627.18744,240.99345,586.02423,284.60422,633158607231748,633158642434508
584.6463,246.52896,586.02423,284.60422,633158642580029,633158679212217
612.4517,222.70088,586.02423,246.52896,633158679394977,633158711830133
721.58264,188.8321,586.02423,246.52896,633158712067060,633158744518831
757.49335,149.66385,612.4517,222.70088,633158744684196,633158778355498
726.9195,110.04291,721.58264,188.8321,633158778541748,633158810229769
684.1695,72.520645,684.1695,149.66385,633158810394977,633158844075289
727.0022,99.5374,721.58264,110.04291,633158844269352,633158875901331
706.3242,84.27261,706.3242,99.5374,633158876126539,633158913330602
640.83795,89.98316,706.3242,99.5374,633158913514977,633158952077008
687.465,111.86506,706.3242,99.5374,633158952150237,633158987020602
698.5287,99.57569,698.5287,99.5374,633158987252841,633159023356383
727.97046,102.60622,706.3242,99.57569,633159023545341,633159054911748
735.637,74.48883,706.3242,99.5374,633159055105498,633159085338883
736.62415,60.886852,727.97046,99.5374,633159085427946,633159119247060
757.8513,51.66973,735.637,74.48883,633159119357008,633159150790498
687.4081,114.06099,727.97046,99.5374,633159150900862,633159182226748
768.30896,123.1547,735.637,99.5374,633159182324300,633159217908883
706.83105,101.021736,727.97046,101.021736,633159218089508,633159253328050
813.95325,139.59488,735.637,101.021736,633159254261383,633159291315185
595.4858,267.665,727.97046,101.021736,633159291516956,633159326101123
567.029,319.9847,727.97046,139.59488,633159326288310,633159358882893
466.31717,387.53333,595.4858,267.665,633159359076643,633159391071800
442.46625,438.91464,567.029,319.9847,633159392617633,633159425116018
388.68997,499.94998,466.31717,387.53333,633159425266591,633159456224248
386.97058,349.3196,442.46625,349.3196,633159456366591,633159490619612
451.61096,442.28976,451.61096,387.53333,633159490799768,633159524481643
455.56525,556.0659,451.61096,387.53333,633159524661070,633159557271331
463.13953,561.3785,451.61096,442.28976,633159557418727,633159588187685
462.78323,485.2186,455.56525,485.2186,633159588369143,633159625293258
457.1242,1077.7124,457.1242,485.2186,633159625469716,633159659494560
629.9119,1967.4653,457.1242,485.2186,633159659661122,633159691605341
604.11664,2002.5109,457.1242,1077.7124,633159694042997,633159727358622
590.84033,1949.331,590.84033,1949.331,633159728114456,633159764123622
617.62933,2017.468,590.84033,1949.331,633159764223310,633159800150706
664.00854,1899.9327,590.84033,1949.331,633159800302685,633159843770289
702.8413,1985.1234,617.62933,1949.331,633159843949352,633159879220914
695.2667,1774.2136,664.00854,1949.331,633159879399508,633159916940549
628.48254,1972.39,628.48254,1949.331,633159917035029,633159976875133
649.49603,1821.1426,649.49603,1949.331,633159976988674,633160009406279
729.3255,1935.0214,649.49603,1949.331,633160009572216,633160046581695
752.58673,1984.8893,649.49603,1949.331,633160046676018,633160077555654
739.7167,1839.0485,729.3255,1949.331,633160077669508,633160109815549
783.5394,1863.642,739.7167,1949.331,633160109915966,633160143797424
813.6548,1859.2322,739.7167,1863.642,633160143901799,633160177139039
809.36926,1922.0938,783.5394,1922.0938,633160177242268,633160210496018
824.554,1824.302,809.36926,1863.642,633160210602893,633160245351487
898.15674,1875.7843,809.36926,1875.7843,633160245529664,633160278682633
892.201,1891.5831,824.554,1875.7843,633160278861643,633160344149976
928.80304,1823.3448,892.201,1875.7843,633160344261643,633160378690445
886.463,1998.3264,886.463,1875.7843,633160378891591,633160414580862
896.9542,1950.2584,892.201,1875.7843,633160414758414,633160447684143
898.3671,1896.9044,892.201,1896.9044,633160447804195,633160479624455
823.76587,1982.485,892.201,1896.9044,633160479728570,633160512289039
839.1568,1992.7423,892.201,1896.9044,633160512395810,633160546217685
777.11444,2000.7594,839.1568,1982.485,633160546343101,633160578457112
695.4172,1944.1139,839.1568,1944.1139,633160578653778,633160611927945
749.77936,1934.787,777.11444,1944.1139,633160612158570,633160655533778
703.7436,1887.0748,749.77936,1944.1139,633160655694820,633160689470289
651.4346,1981.8604,749.77936,1944.1139,633160689560966,633160723596539
549.3164,1997.4369,703.7436,1944.1139,633160724221799,633160757837893
416.09427,1929.4069,651.4346,1944.1139,633160758570080,633160793476747
557.98,2005.2958,557.98,1944.1139,633160796020757,633160827777268
521.66516,2026.1875,557.98,1944.1139,633160828628310,633160862239455
449.3895,2023.98,557.98,2005.2958,633160864070966,633160897934872
579.0308,2024.3799,557.98,2023.98,633160898009924,633160936109924
678.228,1990.5616,557.98,2005.2958,633160936445653,633160968904559
538.0291,2005.7295,557.98,2005.7295,633160969048882,633161001505237
654.98413,1990.0916,557.98,2005.2958,633161001685549,633161039233049
642.3599,1921.2479,557.98,2005.2958,633161039391851,633161072506695
613.123,1921.1995,613.123,1990.0916,633161072619091,633161106114559
518.4723,1777.839,557.98,1921.2479,633161106233049,633161138332789
479.03406,1758.3468,557.98,1921.1995,633161138503466,633161172600289
419.22357,1759.0096,518.4723,1777.839,633161172774716,633161207073466
493.98145,1790.9824,493.98145,1790.9824,633161207230445,633161269898518
569.5811,1546.6627,518.4723,1777.839,633161269990653,633161305213778
320.65958,1028.4653,493.98145,1777.839,633161305298934,633161345194038
481.67087,980.33844,493.98145,1546.6627,633161345291174,633161379541122
423.5047,968.45166,481.67087,1028.4653,633161379647007,633161416538934
466.28198,1019.6445,481.67087,1019.6445,633161416727580,633161451912632
545.7557,910.0492,481.67087,1019.6445,633161452146330,633161492143570
481.68695,745.02136,481.67087,1019.6445,633161492322111,633161527640705
480.57224,710.0872,481.67087,910.0492,633161527823778,633161593473778
113.47564,751.4093,481.67087,751.4093,633161593542268,633161625278986
120.78761,773.69403,480.57224,773.69403,633161625450184,633161659624559
136.03294,795.8834,136.03294,773.69403,633161659814247,633161698047007
147.7672,781.6971,147.7672,773.69403,633161698134455,633161738998465
101.77712,854.87006,136.03294,781.6971,633161739074924,633161771723830
194.14247,963.7048,147.7672,781.6971,633161771840601,633161808609195
92.195854,907.4095,136.03294,854.87006,633161808807840,633161842757945
75.15333,1241.2312,136.03294,907.4095,633161842840653,633161877856538
198.43048,773.5052,136.03294,854.87006,633161878045705,633161913659299
166.85278,819.9938,136.03294,854.87006,633161914186070,633161965889976
276.27344,854.5192,166.85278,854.5192,633161966069611,633161999322580
251.54573,1067.3198,166.85278,854.87006,633161999511174,633162031216434
171.51854,1155.0334,171.51854,854.87006,633162031355236,633162064245080
257.26648,861.42224,171.51854,861.42224,633162064423726,633162096776955
278.98703,644.0472,171.51854,854.87006,633162097874142,633162130540965
233.73366,672.38715,233.73366,854.87006,633162130690132,633162165008621
426.81976,687.93823,233.73366,687.93823,633162166266069,633162208104819
231.8994,602.593,233.73366,687.93823,633162208194767,633162241300132
328.00693,605.9365,233.73366,687.93823,633162241406590,633162274434299
489.513,706.82056,233.73366,687.93823,633162274549038,633162310162267
242.3505,619.55585,242.3505,687.93823,633162310349663,633162346652632
297.99487,711.07196,242.3505,687.93823,633162346804507,633162379237059
117.71911,689.1139,242.3505,687.93823,633162379844090,633162414444403
121.779175,678.0017,242.3505,687.93823,633162414614142,633162448585705
114.830124,773.43726,121.779175,687.93823,633162448756642,633162479621121
127.94805,700.2263,127.94805,687.93823,633162479737840,633162513264403
109.90144,668.2797,121.779175,687.93823,633162513415288,633162545700392
104.18057,608.34625,121.779175,687.93823,633162546546017,633162579135705
105.19091,747.27893,109.90144,687.93823,633162580201486,633162613275392
168.78,707.04004,121.779175,687.93823,633162613376798,633162651141173
373.125,1409.5875,121.779175,707.04004,633162651369350,633162688424663
467.07297,1548.8861,168.78,707.04004,633162688634090,633162721922111
372.79852,1549.255,372.79852,1409.5875,633162722113673,633162756253361
324.04626,1545.7935,324.04626,1545.7935,633162756407944,633162791423934
307.82034,1546.2283,324.04626,1545.7935,633162794525600,633162833269194
335.49493,1519.2876,324.04626,1545.7935,633162834851694,633162872572736
331.76755,1511.3862,324.04626,1545.7935,633162873308934,633162905785184
343.75665,1448.7897,331.76755,1519.2876,633162905953725,633162944153413
305.97464,1464.4646,324.04626,1511.3862,633162944260184,633162978207319
349.71423,1487.1858,331.76755,1487.1858,633162978564350,633163013520913
397.6151,1416.4542,331.76755,1487.1858,633163013616225,633163053319923
428.55774,1344.3037,349.71423,1487.1858,633163053494611,633163111701434
406.7055,1392.1449,397.6151,1416.4542,633163112690444,633163144907059
396.9302,1393.5623,396.9302,1393.5623,633163145007163,633163177880704
407.5488,1518.8048,397.6151,1416.4542,633163178880236,633163215220444
434.03778,1384.306,397.6151,1393.5623,633163215401225,633163250014715
368.93454,1509.1376,397.6151,1416.4542,633163250117788,633163284695027
380.67694,1500.7314,397.6151,1416.4542,633163284877006,633163319569246
392.0151,1427.2083,392.0151,1427.2083,633163319772163,633163354585288
390.69952,1464.1758,392.0151,1427.2083,633163354789350,633163389197371
406.3688,1609.4963,392.0151,1427.2083,633163389395913,633163423468569
355.95773,1542.9017,392.0151,1464.1758,633163423636277,633163455807840
268.29126,1662.401,392.0151,1542.9017,633163455904819,633163491214090
208.49489,1591.2627,355.95773,1542.9017,633163491297423,633163526721694
192.973,1588.6984,268.29126,1588.6984,633163527710444,633163562595913
166.6719,1715.6838,208.49489,1588.6984,633163563423829,633163603526642
150.66656,1700.5698,192.973,1588.6984,633163603722163,633163636118881
111.2663,1620.906,166.6719,1620.906,633163636287840,633163675670600
97.35108,794.17993,150.66656,1588.6984,633163675790444,633163737129610
109.62012,623.8784,111.2663,1588.6984,633163737234610,633163773966069
101.21924,726.7898,109.62012,794.17993,633163774071173,633163806528413
104.56733,747.5784,109.62012,747.5784,633163806637735,633163839376433
121.137596,708.10974,109.62012,747.5784,633163839480340,633163875236381
97.848045,699.60095,109.62012,747.5784,633163875354975,633163909669506
74.32379,771.893,109.62012,747.5784,633163909759923,633163943571069
74.30789,781.55035,97.848045,747.5784,633163943713412,633163976775392
135.47606,846.0554,109.62012,771.893,633163977021225,633164009784558
92.118256,1045.8105,97.848045,781.55035,633164009922892,633164061009558
103.76562,1333.3883,103.76562,846.0554,633164061093933,633164093843100
297.47284,653.09576,103.76562,781.55035,633164093949715,633164131822944
360.75522,1342.9413,103.76562,846.0554,633164131902944,633164166360548
418.9255,1421.4901,297.47284,846.0554,633164166561642,633164199955392
393.90912,1460.6274,360.75522,1342.9413,633164200146642,633164234969610
374.90073,1518.6218,374.90073,1421.4901,633164235138933,633164268044610
319.09094,1155.2527,360.75522,1342.9413,633164268194089,633164302116589
228.64735,817.22766,360.75522,1342.9413,633164302298829,633164336282527
282.20935,871.91174,319.09094,1155.2527,633164336391902,633164370413360
365.65292,815.52277,360.75522,871.91174,633164370509610,633164404497266
352.41214,893.0495,352.41214,893.0495,633164404659506,633164440714298
306.6641,1158.2373,352.41214,893.0495,633164440806277,633164479960652
342.84402,1417.0236,352.41214,893.0495,633164480311381,633164511073256
260.53412,1515.2357,342.84402,1158.2373,633164511269402,633164542349819
408.61673,1578.4016,352.41214,1417.0236,633164542481069,633164576188621
468.27728,1564.6035,352.41214,1515.2357,633164577762943,633164608668256
438.82816,1702.0468,408.61673,1564.6035,633164608816329,633164639380496
402.1334,1823.985,402.1334,1564.6035,633164639494193,633164673553100
473.1616,1734.4221,408.61673,1702.0468,633164673663152,633164706523829
450.76486,1744.8031,408.61673,1734.4221,633164706624610,633164740497943
329.21698,1829.0648,408.61673,1734.4221,633164740611537,633164774152943
472.33215,1788.1097,408.61673,1744.8031,633164775117058,633164807126745
258.0143,1754.0889,408.61673,1754.0889,633164808142423,633164842061433
389.81552,1417.7563,408.61673,1744.8031,633164842232162,633164873608256
375.1541,1296.1611,389.81552,1744.8031,633164873730860,633164906621381
482.61176,1126.9304,408.61673,1417.7563,633164906741798,633164944935339
472.9736,1220.8744,408.61673,1296.1611,633164945057110,633164978231745
479.6721,1265.9988,472.9736,1265.9988,633164978372735,633165011841433
485.47345,1189.1453,472.9736,1265.9988,633165013167370,633165043898568
234.74036,1216.9537,472.9736,1265.9988,633165044115131,633165077387631
204.31778,1156.0153,472.9736,1216.9537,633165077618568,633165115756537
196.38281,1209.0181,234.74036,1216.9537,633165115940652,633165153399506
136.91695,1269.809,204.31778,1216.9537,633165153496068,633165187718412
118.95375,1169.4663,196.38281,1216.9537,633165189196277,633165225075079
238.50992,852.2693,204.31778,1216.9537,633165226202891,633165263559141
220.46802,753.8779,204.31778,1169.4663,633165263706224,633165298183516
282.73843,698.2839,220.46802,852.2693,633165298269037,633165333704141
283.18274,692.3363,220.46802,753.8779,633165333890287,633165366717943
300.12103,673.3244,282.73843,698.2839,633165366911902,633165411702683
310.38892,691.4539,283.18274,692.3363,633165411788516,633165445408568
273.8253,650.0763,282.73843,691.4539,633165445587839,633165476835287
224.23648,667.30786,282.73843,691.4539,633165477026537,633165511399506
236.57944,671.9612,273.8253,671.9612,633165511575495,633165544950026
209.95894,675.93536,236.57944,675.93536,633165545128620,633165579020547
151.8435,657.51587,236.57944,671.9612,633165579187318,633165611340912
174.59218,657.7888,209.95894,671.9612,633165611527631,633165644562006
150.97437,685.1343,174.59218,671.9612,633165644719037,633165678826953
142.19281,689.2622,174.59218,671.9612,633165678931849,633165711668776
178.24074,723.8699,174.59218,685.1343,633165711818620,633165744496849
187.30365,746.1487,174.59218,689.2622,633165744734141,633165776809297
142.15465,697.9013,174.59218,697.9013,633165777408256,633165808986485
137.12175,738.11664,174.59218,697.9013,633165809130912,633165840371485
191.58766,764.169,174.59218,697.9013,633165842133881,633165875008464
151.7999,838.3295,174.59218,738.11664,633165875185599,633165907167370
166.9683,823.3236,174.59218,764.169,633165908180287,633165941243568
139.4925,807.6093,166.9683,807.6093,633165941472526,633165972126901
147.0694,770.3645,166.9683,770.3645,633165972287995,633166006288620
153.01826,733.8731,153.01826,770.3645,633166006411901,633166047881797
116.314354,740.2879,153.01826,770.3645,633166048179401,633166081041328
146.29202,697.011,153.01826,740.2879,633166081122110,633166115440703
120.454796,665.1356,146.29202,740.2879,633166115534610,633166149458151
280.89154,869.10486,153.01826,740.2879,633166149655755,633166182908412
148.69664,724.7577,148.69664,740.2879,633166183096120,633166223323724
181.4937,747.0474,153.01826,740.2879,633166223441172,633166259811693
192.72533,693.0853,153.01826,740.2879,633166259918255,633166292476328
193.66371,758.3736,181.4937,740.2879,633166292622787,633166326908672
171.12927,588.3339,171.12927,740.2879,633166327065703,633166360618047
183.59366,493.16156,181.4937,740.2879,633166360795339,633166396682214
208.92474,453.97656,181.4937,588.3339,633166396858932,633166430500807
280.59134,472.84753,183.59366,493.16156,633166430591693,633166462965547
211.73262,524.06287,208.92474,524.06287,633166463044453,633166495430599
238.45541,370.70502,211.73262,493.16156,633166495531589,633166528518151
220.59514,446.8255,211.73262,493.16156,633166528678099,633166561718932
207.72287,499.82272,211.73262,493.16156,633166561812995,633166593751276
227.15605,452.41562,211.73262,493.16156,633166593909349,633166628355182
241.0032,482.44,211.73262,493.16156,633166628451380,633166675147057
268.10364,444.3576,227.15605,482.44,633166675274505,633166708757370
228.73755,472.44058,228.73755,482.44,633166708955964,633166741073359
240.75839,772.5007,228.73755,482.44,633166741314609,633166772967005
278.4601,675.13196,228.73755,482.44,633166773153307,633166811709193
167.75435,636.09674,228.73755,636.09674,633166811879974,633166845102005
166.94763,693.4671,228.73755,636.09674,633166845279557,633166877583151
159.50327,726.5769,167.75435,636.09674,633166877768463,633166915126068
191.8081,706.5038,191.8081,693.4671,633166915273932,633166949042943
224.07028,831.6281,191.8081,706.5038,633166949127318,633166986130651
369.4814,1626.1414,191.8081,706.5038,633166987331068,633167021755807
309.78946,1657.5754,224.07028,831.6281,633167021867161,633167055037734
187.58922,1714.5704,191.8081,1626.1414,633167055192682,633167087094245
258.323,1826.7216,224.07028,1657.5754,633167087208776,633167118746484
172.78638,1815.4534,191.8081,1714.5704,633167121136588,633167158516380
205.99307,1770.3047,205.99307,1770.3047,633167158621536,633167196462995
195.34566,1769.2637,195.34566,1769.2637,633167196540130,633167231670651
204.67027,1778.1056,204.67027,1770.3047,633167231864974,633167265287890
232.29007,1802.4143,204.67027,1770.3047,633167265370338,633167300730442
266.15366,1714.4587,204.67027,1770.3047,633167300838411,633167337674870
227.90585,1690.439,227.90585,1770.3047,633167337857890,633167373834088
223.97603,1721.8207,223.97603,1721.8207,633167374003828,633167404952682
178.98726,1804.9453,223.97603,1770.3047,633167405141432,633167438638359
315.3486,1661.9043,223.97603,1721.8207,633167438793619,633167469165494
226.44702,1815.9705,223.97603,1770.3047,633167469324869,633167504316901
259.4006,1752.5028,226.44702,1752.5028,633167504474609,633167537626015
269.4343,1788.3645,226.44702,1770.3047,633167537775442,633167572321953
268.94012,1773.5986,259.4006,1770.3047,633167572542890,633167607446744
296.55615,1756.6201,268.94012,1770.3047,633167607950026,633167653396796
248.59639,1801.1558,259.4006,1770.3047,633167653563255,633167688131328
348.68045,1711.2303,268.94012,1770.3047,633167688290078,633167723364713
282.0523,1780.7123,268.94012,1770.3047,633167733360494,633167769260599
294.2999,1874.9785,282.0523,1770.3047,633167769446588,633167806193151
188.74945,1706.1383,268.94012,1770.3047,633167806372942,633167840824348
188.47156,1876.5243,268.94012,1770.3047,633167841020338,633167873472109
258.38516,1840.7319,258.38516,1770.3047,633167873667630,633167906004244
179.57031,1836.0369,258.38516,1836.0369,633167906209973,633167941539453
207.8268,1725.2722,258.38516,1770.3047,633167941729557,633167973677421
337.76257,1784.6348,258.38516,1784.6348,633167973852682,633168006517838
265.03854,1730.049,258.38516,1770.3047,633168006653567,633168038438359
231.38815,1728.4814,258.38516,1770.3047,633168038668828,633168068331692
359.46518,1769.4867,258.38516,1769.4867,633168068508255,633168106735182
339.2742,1891.5624,258.38516,1770.3047,633168107784088,633168142908880
316.32092,2015.6633,316.32092,1770.3047,633168143079244,633168175510025
277.51074,2023.9625,277.51074,1891.5624,633168175695598,633168206092265
301.71155,2104.7036,301.71155,2015.6633,633168206202682,633168239386953
311.35706,2035.4502,301.71155,2023.9625,633168239505703,633168271591328
322.8157,2053.937,301.71155,2035.4502,633168271843098,633168303738150
244.55888,2002.9163,301.71155,2023.9625,633168304196796,633168335135963
318.1579,1946.1349,301.71155,2023.9625,633168335311640,633168366567213
331.0238,2005.4601,301.71155,2005.4601,633168366678359,633168399777786
368.29684,1861.0686,318.1579,2005.4601,633168400133671,633168433920807
407.05133,1285.5214,331.0238,2005.4601,633168434109713,633168468294765
450.99796,1222.429,368.29684,1861.0686,633168468469973,633168507958932
406.3234,1113.1405,406.3234,1285.5214,633168508168046,633168540579921
106.00998,1103.4152,368.29684,1222.429,633168540790911,633168572917629
87.26209,982.16003,368.29684,1113.1405,633168573098567,633168604296015
71.839554,1073.1951,106.00998,1103.4152,633168604483723,633168637285911
122.051834,995.4293,122.051834,1073.1951,633168637463046,633168669450859
152.4754,1162.8501,122.051834,1103.4152,633168669644765,633168702288202
141.29538,1035.5579,122.051834,1073.1951,633168702478567,633168733052421
142.26822,571.2569,141.29538,1073.1951,633168733237838,633168768968150
110.86465,563.2244,122.051834,1035.5579,633168769100754,633168799922056
105.95647,553.7963,122.051834,571.2569,633168800316900,633168833888098
123.67925,561.5766,122.051834,563.2244,633168834045494,633168873815442
130.67792,551.13104,122.051834,561.5766,633168873996275,633168906322369
160.65279,588.0896,123.67925,563.2244,633168906507213,633168936786119
128.02275,582.53815,128.02275,563.2244,633168936984036,633168970973358
155.67642,580.2078,128.02275,580.2078,633168971161640,633169002810077
121.0298,557.29474,128.02275,563.2244,633169002975390,633169037827056
154.45374,562.83105,128.02275,563.2244,633169037996744,633169072109504
140.38553,496.58887,128.02275,562.83105,633169072243983,633169105674765
195.01321,489.3893,140.38553,562.83105,633169105846588,633169138435077
243.19833,549.6397,140.38553,549.6397,633169138618879,633169170116796
206.61421,496.04614,195.01321,549.6397,633169170285494,633169202827265
231.73492,472.7209,206.61421,549.6397,633169202995702,633169235135025
224.72751,520.5197,206.61421,520.5197,633169235343046,633169268468202
237.18942,436.9857,224.72751,520.5197,633169268632004,633169298893202
215.51685,409.69427,215.51685,520.5197,633169299073306,633169340586379
242.49054,459.34818,224.72751,459.34818,633169340765233,633169376520181
219.77374,481.44296,219.77374,481.44296,633169376684348,633169410490858
228.36194,498.9374,224.72751,481.44296,633169410579921,633169446590285
187.08556,599.64075,219.77374,481.44296,633169446784765,633169481513358
169.67384,832.4988,219.77374,498.9374,633169481624140,633169515655390
321.1424,1416.0383,219.77374,599.64075,633169515852369,633169573666587
375.5428,1805.9338,219.77374,832.4988,633169573746587,633169604648150
395.36465,1805.0055,321.1424,1416.0383,633169604839712,633169636404712
285.25583,1728.1581,285.25583,1728.1581,633169636578046,633169670711275
494.1825,2065.7915,321.1424,1728.1581,633169670892837,633169705130285
456.3765,2090.717,321.1424,1728.1581,633169705231379,633169735909192
450.44226,1968.1676,450.44226,1968.1676,633169736123410,633169767441431
622.7064,1895.888,450.44226,1895.888,633169767633202,633169800690494
655.6041,1731.9302,450.44226,1895.888,633169800886483,633169840234921
611.6429,1555.7607,611.6429,1895.888,633169840437056,633169872094608
431.8891,1643.0222,450.44226,1731.9302,633169872200754,633169904605077
336.9997,1676.8628,450.44226,1676.8628,633169904698723,633169940434296
306.00937,1526.1666,431.8891,1676.8628,633169940525598,633169978222108
479.22687,1622.3369,450.44226,1676.8628,633169978305285,633170022072004
490.1133,1704.1837,450.44226,1676.8628,633170022222785,633170057659087
448.66574,1709.1251,450.44226,1676.8628,633170057747681,633170090188931
241.37296,1772.059,450.44226,1704.1837,633170090359660,633170125860129
373.92358,1762.253,448.66574,1709.1251,633170126050441,633170160739348
320.39304,1757.7423,373.92358,1757.7423,633170160828723,633170196659712
251.54456,1808.4205,373.92358,1757.7423,633170196845441,633170233495129
211.17372,1756.1235,320.39304,1757.7423,633170233667681,633170269410337
146.74763,1552.9204,251.54456,1757.7423,633170269620181,633170302113670
196.90546,1768.1296,211.17372,1757.7423,633170302293566,633170335660285
176.49808,1686.1418,196.90546,1757.7423,633170335763983,633170366206483
217.10301,1861.9679,211.17372,1757.7423,633170366392681,633170400123045
141.97064,1781.5255,196.90546,1757.7423,633170400657316,633170436204920
96.64841,1745.8281,196.90546,1757.7423,633170436657889,633170467949556
112.92695,1617.2708,141.97064,1757.7423,633170468158722,633170500610545
159.95267,1561.7534,159.95267,1745.8281,633170500786587,633170533880493
90.772896,1594.638,141.97064,1617.2708,633170534057785,633170566534920
76.83541,1597.4077,141.97064,1597.4077,633170566693775,633170600138722
55.427048,1476.6791,90.772896,1597.4077,633170600328879,633170646758410
62.30876,1706.8192,76.83541,1597.4077,633170646884660,633170678987264
86.500374,1496.0457,86.500374,1597.4077,633170679138879,633170711573774
64.29925,1504.8612,76.83541,1597.4077,633170711704087,633170744389452
50.41803,1418.4177,76.83541,1504.8612,633170745208358,633170782114868
79.69402,1700.9631,76.83541,1597.4077,633170782391431,633170816789347
105.33932,1662.6559,76.83541,1597.4077,633170816927160,633170850662472
98.423294,1601.2822,79.69402,1601.2822,633170851005389,633170886215441
100.70262,1518.1342,98.423294,1597.4077,633170886325597,633170915990701
95.09817,1454.6715,95.09817,1597.4077,633170918271587,633170950756951
75.525475,1492.2225,95.09817,1518.1342,633170951184295,633170983154712
79.523834,1420.2911,95.09817,1492.2225,633170985713931,633171017781170
86.576546,1421.8955,86.576546,1492.2225,633171017970024,633171050997316
69.49439,1294.375,86.576546,1421.8955,633171052702264,633171086942056
80.71877,1348.6785,86.576546,1421.8955,633171087101170,633171121963201
82.02917,1400.041,82.02917,1400.041,633171122051899,633171163636118
73.03783,1589.2943,82.02917,1421.8955,633171163825128,633171198509764
86.00122,1512.622,82.02917,1421.8955,633171198690493,633171233285806
84.453766,1589.6948,82.02917,1512.622,633171233374399,633171266773462
128.47548,1636.3077,84.453766,1512.622,633171267402368,633171299755806
81.47221,1635.6656,82.02917,1589.6948,633171299944347,633171331988045
97.7844,1495.4128,84.453766,1512.622,633171332202003,633171364162889
75.591415,1550.8215,82.02917,1550.8215,633171364345441,633171400180597
74.98777,1614.5702,82.02917,1550.8215,633171400373983,633171436328253
73.318596,1571.8247,75.591415,1550.8215,633171436520545,633171472308878
72.33355,1575.4489,74.98777,1571.8247,633171472489608,633171503329503
63.94446,1695.1553,73.318596,1571.8247,633171503423253,633171533195337
335.37775,1896.6864,74.98777,1575.4489,633171533371274,633171568792837
372.22308,1739.7717,74.98777,1695.1553,633171569654139,633171602626014
369.9141,1848.1354,335.37775,1739.7717,633171602734503,633171636463722
457.9757,1714.5621,369.9141,1714.5621,633171636587003,633171669197785
436.92816,1890.8307,369.9141,1739.7717,633171669301743,633171699610389
468.96362,1939.6577,436.92816,1739.7717,633171699777316,633171736573305
364.60806,1879.5725,369.9141,1879.5725,633171736666899,633171766727732
328.46423,1876.0095,369.9141,1876.0095,633171766893774,633171798030962
371.85565,1863.0664,369.9141,1876.0095,633171798212472,633171828992420
409.21503,1185.1973,369.9141,1876.0095,633171829172576,633171865388409
347.75592,1022.29956,369.9141,1863.0664,633171865583097,633171902027159
321.78375,953.6925,369.9141,1185.1973,633171902225649,633171939272784
339.52243,879.4912,347.75592,1022.29956,633171939358982,633171971793982
374.24442,1063.5763,369.9141,1063.5763,633171971979347,633172008557107
300.3229,970.2684,347.75592,1022.29956,633172009551951,633172068743566
275.09335,990.79083,347.75592,1022.29956,633172068848878,633172103334920
311.1643,1065.8713,311.1643,1022.29956,633172103437107,633172135838878
302.3122,1084.8735,311.1643,1022.29956,633172136021534,633172167628149
321.51312,1073.3059,311.1643,1065.8713,633172167816795,633172202918670
282.9283,1010.4234,311.1643,1022.29956,633172203121430,633172240811951
249.78232,939.624,311.1643,1022.29956,633172240906222,633172277330597
200.79146,826.9367,282.9283,1010.4234,633172277516170,633172310539816
197.20398,729.3,249.78232,939.624,633172310696795,633172343123409
183.80928,777.79425,200.79146,826.9367,633172343298722,633172379948670
170.51442,678.6237,197.20398,777.79425,633172380163201,633172415755336
178.15445,736.053,183.80928,777.79425,633172417041274,633172449120961
206.49857,783.2391,197.20398,777.79425,633172449205701,633172482925388
171.26254,756.1299,183.80928,777.79425,633172483016274,633172516358097
242.04301,787.12976,197.20398,777.79425,633172516898513,633172557650857
206.69258,738.79297,197.20398,777.79425,633172558556222,633172590373722
200.47844,747.2751,200.47844,777.79425,633172591360336,633172627258982
290.3407,726.93,200.47844,747.2751,633172627397055,633172661900492
425.45493,642.4252,200.47844,747.2751,633172662078826,633172695372524
499.873,614.2493,290.3407,726.93,633172695541117,633172730725076
519.2827,512.94867,425.45493,642.4252,633172730900805,633172764862680
579.0064,544.02966,499.873,614.2493,633172765043097,633172797183565
579.70624,605.1373,519.2827,605.1373,633172797361795,633172829553149
577.572,593.4328,577.572,605.1373,633172829639607,633172861743357
554.3251,561.45667,554.3251,605.1373,633172861919607,633172894730857
575.42896,678.06134,575.42896,605.1373,633172894904711,633172928105076
367.61557,705.4645,554.3251,605.1373,633172928256222,633172959067315
434.89294,762.91504,554.3251,678.06134,633172959192472,633172997406326
306.13718,879.4855,434.89294,705.4645,633172997502680,633173029123617
267.73328,833.0583,434.89294,762.91504,633173029309763,633173062115440
283.11255,767.8003,306.13718,767.8003,633173062298305,633173094462576
239.23708,747.4174,283.11255,762.91504,633173094643878,633173131259555
210.13138,760.9365,283.11255,762.91504,633173131434763,633173167990388
223.7265,745.38116,239.23708,760.9365,633173168246586,633173201259971
360.56262,1493.253,283.11255,762.91504,633173201382367,633173232485388
470.86316,1875.3826,283.11255,762.91504,633173232692524,633173265104555
391.81274,1934.5198,360.56262,1493.253,633173265221742,633173297432471
400.35602,1963.7983,391.81274,1875.3826,633173297537367,633173329814815
333.7854,1920.5846,360.56262,1920.5846,633173329912315,633173363524190
338.7225,1933.0588,360.56262,1920.5846,633173363733461,633173397317107
371.86484,1896.6655,360.56262,1920.5846,633173397496273,633173440717315
342.444,1853.0708,360.56262,1920.5846,633173440893826,633173473900909
268.76974,1729.6385,360.56262,1896.6655,633173474112888,633173508123669
304.54034,1824.6829,342.444,1853.0708,633173508220128,633173542412315
299.36234,1757.9359,304.54034,1824.6829,633173542559763,633173575552471
352.02713,1765.6143,342.444,1824.6829,633173575780805,633173607961273
370.88547,1799.3566,342.444,1799.3566,633173608176742,633173643892003
309.04758,1839.4933,342.444,1824.6829,633173644083305,633173676790857
336.18964,1872.0154,342.444,1824.6829,633173676963357,633173713190023
354.0197,1774.8022,342.444,1824.6829,633173713364346,633173744087680
312.56155,1737.2043,342.444,1824.6829,633173744182940,633173774913773
408.56982,1814.9866,342.444,1814.9866,633173777393669,633173812728982
343.16562,1823.595,342.444,1823.595,633173812810492,633173845403252
364.41748,1855.8934,343.16562,1823.595,633173847857523,633173881860388
356.4889,1751.492,343.16562,1823.595,633173882011117,633173923489919
488.1576,1998.6036,356.4889,1823.595,633173923822888,633173956254398
421.46454,1905.4342,356.4889,1823.595,633173956435075,633173997191013
429.4996,1945.5575,421.46454,1905.4342,633173997370440,633174031536794
424.28427,1934.4332,421.46454,1905.4342,633174031652054,633174062867159
461.62198,1801.1561,424.28427,1905.4342,633174062962002,633174093516846
480.73434,1848.0023,424.28427,1905.4342,633174094374034,633174129051638
486.40836,1826.326,461.62198,1848.0023,633174129156690,633174162350909
465.15427,1840.752,465.15427,1848.0023,633174162455596,633174193480752
415.20416,1900.098,461.62198,1848.0023,633174193662992,633174226049450
426.75912,1928.6426,461.62198,1848.0023,633174226985544,633174260273565
336.6198,1931.1664,426.75912,1900.098,633174260453252,633174302758409
282.10626,1894.186,426.75912,1894.186,633174302854242,633174335655856
415.93427,1766.2627,415.93427,1894.186,633174335782106,633174369460492
389.67233,1819.197,415.93427,1894.186,633174369814919,633174400661325
289.6891,1919.3687,415.93427,1894.186,633174400766533,633174432338252
508.63983,1777.2457,415.93427,1894.186,633174432443929,633174465057575
348.08646,1734.6757,415.93427,1894.186,633174465156325,633174496969033
333.9238,1729.7938,415.93427,1777.2457,633174497079919,633174528187158
282.5814,1736.7147,348.08646,1736.7147,633174528290908,633174562844242
300.58252,1831.7925,333.9238,1777.2457,633174562955492,633174593939190
247.91928,1711.3158,300.58252,1736.7147,633174594113408,633174626622054
324.08984,1872.8452,324.08984,1777.2457,633174626801585,633174669697888
281.04425,1793.6335,300.58252,1777.2457,633174669829398,633174704128044
300.55908,1864.3655,300.58252,1793.6335,633174704302679,633174737187992
254.64963,1790.705,300.55908,1790.705,633174737370127,633174769539658
238.82295,1776.6547,300.55908,1790.705,633174769662835,633174802062940
259.5532,1825.329,259.5532,1790.705,633174803124763,633174836818721
375.8315,1815.3976,300.55908,1790.705,633174836906637,633174868352419
455.75797,1770.6881,300.55908,1790.705,633174869232835,633174902199919
470.79318,1710.2618,375.8315,1790.705,633174902313252,633174935507627
445.5169,1636.1016,445.5169,1770.6881,633174935625752,633174976324554
422.45523,1622.2937,422.45523,1710.2618,633174976488252,633175007858200
517.5429,1648.8789,445.5169,1648.8789,633175007964554,633175040564502
476.29086,1680.5754,445.5169,1680.5754,633175040668200,633175075391846
415.66318,1664.535,445.5169,1664.535,633175075506169,633175108378512
451.94962,1555.8317,445.5169,1664.535,633175108999033,633175140117210
400.84567,1520.8478,445.5169,1664.535,633175140270023,633175173324606
424.56866,1604.6287,445.5169,1604.6287,633175173489450,633175208441950
563.7118,1613.8414,445.5169,1613.8414,633175208630700,633175243680179
570.5745,1580.4292,445.5169,1604.6287,633175243817158,633175277854919
578.5695,1582.5375,563.7118,1604.6287,633175278052835,633175315741273
291.16928,678.05194,445.5169,1582.5375,633175315822262,633175352736585
270.13257,680.05023,445.5169,1582.5375,633175352813148,633175386950908
335.71878,687.5708,335.71878,687.5708,633175387107106,633175423771481
281.25204,677.7577,335.71878,687.5708,633175423912471,633175457931116
254.4109,668.3835,335.71878,687.5708,633175458019606,633175492424971
252.55086,699.78723,281.25204,687.5708,633175492562991,633175527330856
326.6468,776.5841,326.6468,687.5708,633175527527679,633175559515908
293.09143,759.8533,293.09143,699.78723,633175559682210,633175594934398
206.66507,727.8147,293.09143,727.8147,633175595127471,633175632642783
194.12737,741.0479,293.09143,727.8147,633175632753773,633175667224918
172.1195,719.7632,206.66507,727.8147,633175668353877,633175703115231
175.84412,686.49524,194.12737,727.8147,633175703772991,633175737621012
181.48782,724.42706,181.48782,724.42706,633175737803200,633175773849189
176.43013,664.84717,181.48782,724.42706,633175773972470,633175806514762
175.60068,650.9051,181.48782,724.42706,633175806698304,633175839148408
174.39381,670.4131,176.43013,670.4131,633175839847158,633175874998825
144.98769,602.78204,175.60068,670.4131,633175875078043,633175905151377
100.38639,600.44275,174.39381,670.4131,633175910844033,633175943521741
123.61877,573.606,144.98769,602.78204,633175947751845,633175984268460
124.4559,638.49115,124.4559,638.49115,633175984431897,633176020601168
125.582115,660.5264,125.582115,638.49115,633176021136950,633176054965595
106.379654,613.78174,124.4559,638.49115,633176055146168,633176087777991
123.27544,664.8597,124.4559,638.49115,633176087942783,633176123392575
162.08409,622.72144,124.4559,638.49115,633176123568095,633176155934397
125.49543,687.5212,124.4559,638.49115,633176156158408,633176191124137
169.15277,600.2113,125.49543,638.49115,633176191222731,633176224292887
113.46973,677.6906,124.4559,638.49115,633176224394397,633176258516949
131.74828,718.72784,125.49543,638.49115,633176258624866,633176293408304
160.68105,717.74695,125.49543,677.6906,633176293581845,633176332240595
132.1847,646.1588,131.74828,646.1588,633176332499241,633176392307262
109.18997,598.9406,125.49543,646.1588,633176392418304,633176427753251
108.48016,654.4808,125.49543,646.1588,633176427851897,633176463460751
96.5507,588.757,109.18997,646.1588,633176463638460,633176495919137
122.84432,591.6406,122.84432,646.1588,633176496130126,633176526204137
123.87407,630.13324,122.84432,630.13324,633176526318772,633176559527210
193.94643,631.9045,122.84432,631.9045,633176559639085,633176592446689
147.43149,683.2722,123.87407,631.9045,633176592557001,633176627664970
155.83264,591.7172,147.43149,631.9045,633176627785126,633176660883303
188.93265,600.5223,147.43149,631.9045,633176661073876,633176697545543
309.4507,624.7246,155.83264,624.7246,633176697652418,633176732165751
347.6431,639.57465,188.93265,631.9045,633176732340074,633176766771741
345.20273,554.83936,309.4507,624.7246,633176766985543,633176800261637
341.58682,521.593,341.58682,624.7246,633176800452574,633176832143772
330.46033,576.49457,330.46033,576.49457,633176832246949,633176865507158
476.46826,596.9485,341.58682,596.9485,633176865685803,633176899981480
380.27792,537.69403,341.58682,576.49457,633176900185960,633176937078980
367.08737,690.997,367.08737,596.9485,633176937223980,633176970802574
324.766,706.67957,341.58682,596.9485,633176970996845,633177003619501
335.60257,746.4376,341.58682,690.997,633177003828095,633177037502262
349.62628,802.82904,341.58682,706.67957,633177037692835,633177071075022
313.268,778.65216,341.58682,746.4376,633177071266637,633177104355230
280.75677,746.02856,341.58682,746.02856,633177104450907,633177135107939
316.4339,742.584,316.4339,746.02856,633177135247001,633177168534397
376.6161,752.98834,341.58682,746.02856,633177168635387,633177203329449
360.58096,1040.4681,341.58682,746.02856,633177204376585,633177237385647
288.9898,1688.0171,341.58682,752.98834,633177237550126,633177273039605
302.51474,1645.2233,341.58682,1040.4681,633177273211845,633177310535022
374.10797,1725.0731,341.58682,1645.2233,633177310690387,633177344965647
356.05908,1749.7236,341.58682,1645.2233,633177345123668,633177379239657
368.7153,1732.3392,356.05908,1725.0731,633177379718720,633177421753043
331.7222,1755.7109,341.58682,1732.3392,633177421844241,633177457530386
325.1936,1768.221,341.58682,1732.3392,633177457627470,633177489521116
358.3101,1842.6008,341.58682,1755.7109,633177489724814,633177524729814
338.03143,1787.4551,341.58682,1768.221,633177524861532,633177563585595
330.1973,1786.9285,341.58682,1786.9285,633177563702001,633177597901845
294.42282,1835.6805,338.03143,1786.9285,633177598067886,633177629416897
340.6494,1813.149,340.6494,1786.9285,633177629520282,633177663285126
353.6513,1808.2699,340.6494,1808.2699,633177663451741,633177695811272
301.04175,1778.4286,340.6494,1786.9285,633177696823720,633177736033876
221.45871,1798.8639,340.6494,1798.8639,633177736132886,633177768182574
94.75191,1727.9006,301.04175,1786.9285,633177768349918,633177800180334
150.00296,1815.6628,221.45871,1798.8639,633177800368199,633177831841584
199.13287,1794.7748,199.13287,1794.7748,633177832085022,633177864286845
209.13348,1813.5702,209.13348,1798.8639,633177864462313,633177903970647
335.03714,1773.3608,209.13348,1794.7748,633177904244918,633177936154345
388.7436,1724.6554,209.13348,1794.7748,633177936264084,633177967676740
283.6657,1722.8113,283.6657,1773.3608,633177967822626,633178001458095
280.8079,1643.2004,280.8079,1724.6554,633178001573511,633178034147418
326.52676,1572.0947,283.6657,1722.8113,633178034297470,633178066808928
300.46396,1635.0629,283.6657,1643.2004,633178066979501,633178099516115
195.24272,1653.3534,283.6657,1653.3534,633178099669188,633178132334449
215.62637,1722.1295,283.6657,1653.3534,633178132516845,633178164370386
149.54236,1791.0691,215.62637,1653.3534,633178164534397,633178212804345
205.609,1785.2588,215.62637,1722.1295,633178212982834,633178245067261
192.90668,1768.4008,205.609,1768.4008,633178245565647,633178280186636
254.6115,1873.2415,215.62637,1768.4008,633178281404240,633178316875959
178.83937,1766.0955,205.609,1768.4008,633178317038980,633178352654657
231.87167,1873.0623,215.62637,1768.4008,633178352739969,633178388799397
188.9704,1854.036,205.609,1768.4008,633178388903615,633178420523094
318.1562,1948.9304,215.62637,1854.036,633178420598094,633178454200490
181.7815,1888.8049,205.609,1854.036,633178454364917,633178486766584
192.56046,1959.2831,205.609,1888.8049,633178486942105,633178518758355
349.8276,1945.2833,205.609,1888.8049,633178518931011,633178551440438
369.61218,1766.2317,205.609,1888.8049,633178551596271,633178582515282
383.78473,1699.7273,349.8276,1888.8049,633178582687834,633178613128771
347.64832,1651.258,347.64832,1766.2317,633178614255282,633178650314084
372.43057,1665.4735,349.8276,1699.7273,633178650464344,633178691004136
411.0133,1676.1542,349.8276,1676.1542,633178691107782,633178730411740
341.78503,1720.3054,349.8276,1699.7273,633178730543459,633178761870230
334.9452,1783.3927,349.8276,1699.7273,633178762059657,633178795973876
412.89127,1711.7205,349.8276,1711.7205,633178796279292,633178830651323
407.44467,1412.436,349.8276,1699.7273,633178830781584,633178863954917
413.04855,1354.0625,407.44467,1699.7273,633178864194448,633178897978407
438.46167,1262.7021,407.44467,1412.436,633178898182105,633178930060178
424.40277,1202.7552,413.04855,1354.0625,633178930175907,633178963676428
471.6718,1155.2704,424.40277,1262.7021,633178963825803,633178996532625
479.61945,813.4157,424.40277,1202.7552,633178996675073,633179030178250
174.9359,567.03595,424.40277,1155.2704,633179030371844,633179067312209
169.89957,680.3123,424.40277,813.4157,633179067395855,633179102579761
244.84587,817.9552,244.84587,817.9552,633179102779292,633179141599292
256.042,669.7044,256.042,813.4157,633179141685750,633179176426792
152.50188,644.02374,244.84587,813.4157,633179176830594,633179215352313
225.53853,691.6227,244.84587,691.6227,633179215527573,633179251311532
180.25319,764.72217,225.53853,764.72217,633179251404813,633179285548042
231.05678,708.84033,231.05678,708.84033,633179285735125,633179319754032
238.8317,621.47644,231.05678,708.84033,633179319915750,633179359549552
216.84018,632.7748,231.05678,708.84033,633179359652157,633179395681792
257.95984,539.8639,231.05678,632.7748,633179395855334,633179428404240
255.49344,537.6927,231.05678,632.7748,633179428587677,633179460572521
187.97328,575.4147,231.05678,575.4147,633179460760438,633179491737417
301.55692,541.66223,231.05678,575.4147,633179492826063,633179527076375
354.98404,553.56805,231.05678,575.4147,633179527253979,633179565712469
482.84744,1126.2247,301.55692,575.4147,633179565891375,633179598201844
483.38983,1042.2363,354.98404,575.4147,633179598383511,633179629681844
361.91074,695.93823,361.91074,695.93823,633179629861740,633179664610542
338.2452,380.62787,354.98404,575.4147,633179664685594,633179696241063
326.54776,448.626,354.98404,575.4147,633179696572261,633179727491115
237.85019,508.72632,338.2452,508.72632,633179727700490,633179760310073
159.19952,653.84265,326.54776,575.4147,633179760505021,633179792330177
170.08072,709.44104,237.85019,575.4147,633179792563146,633179824960698
181.63376,570.3738,181.63376,575.4147,633179825122990,633179856791479
239.1306,453.47223,237.85019,575.4147,633179856921115,633179890442781
201.89221,521.75336,201.89221,570.3738,633179890565906,633179925665802
183.97794,455.20026,201.89221,521.75336,633179925772365,633179966379083
187.10806,487.50632,201.89221,521.75336,633179966569656,633179999527521
150.37737,438.08652,187.10806,487.50632,633180000904240,633180031782625
211.57773,426.21152,201.89221,487.50632,633180031873771,633180063217365
166.60187,452.3382,187.10806,452.3382,633180063353563,633180097249917
151.1766,517.21387,187.10806,487.50632,633180098352469,633180127468823
153.28835,493.65643,166.60187,487.50632,633180127630490,633180160000177
161.01495,510.08325,161.01495,493.65643,633180160238406,633180192176688
194.88753,380.05084,166.60187,487.50632,633180192301792,633180223179396
190.33676,446.82138,166.60187,487.50632,633180223633927,633180256110958
189.40518,478.85367,189.40518,478.85367,633180256228875,633180291831167
224.76343,520.0249,189.40518,487.50632,633180292056687,633180325261792
184.96178,1194.5795,189.40518,487.50632,633180325460437,633180357988042
180.60173,1270.7764,189.40518,520.0249,633180358105906,633180393236323
193.29698,1264.8608,189.40518,1194.5795,633180394812729,633180426993042
171.87537,1246.9799,189.40518,1246.9799,633180427176948,633180460331740
186.01955,1160.0024,189.40518,1194.5795,633180460515802,633180495586219
219.66292,1215.6978,189.40518,1215.6978,633180495768302,633180528077052
287.67166,1383.14,189.40518,1215.6978,633180528248875,633180561655802
313.48242,1454.313,219.66292,1215.6978,633180561930698,633180595781010
349.54672,1388.3535,287.67166,1383.14,633180595905594,633180630126167
418.79327,1439.3464,313.48242,1388.3535,633180630317677,633180664243042
372.27423,1472.7706,349.54672,1388.3535,633180664386271,633180697783979
434.7773,1369.4176,372.27423,1388.3535,633180697965177,633180732395958
495.03625,1276.6575,372.27423,1388.3535,633180732599291,633180769494291
464.08566,1383.4393,434.7773,1383.4393,633180769601583,633180801097625
525.8751,1429.5475,464.08566,1388.3535,633180802213458,633180838144396
493.97656,1554.7579,464.08566,1388.3535,633180839006635,633180872041791
375.02878,1658.1018,464.08566,1429.5475,633180872235073,633180911060073
448.01416,1512.0785,464.08566,1512.0785,633180911197625,633180947952625
427.28867,1734.1298,448.01416,1512.0785,633180948094187,633180980956531
351.51892,1673.2524,448.01416,1512.0785,633180981112781,633181013220802
336.63474,1604.3329,427.28867,1604.3329,633181013382312,633181047046843
336.1235,1703.331,351.51892,1604.3329,633181047205073,633181082249135
294.28772,1556.3561,336.63474,1604.3329,633181082387416,633181116267156
324.5804,1556.7666,336.1235,1604.3329,633181116474760,633181150294656
372.18857,1550.1873,336.63474,1556.7666,633181150391271,633181183560698
338.77002,1701.4475,336.63474,1604.3329,633181183662989,633181216079968
442.6285,1709.9653,338.77002,1604.3329,633181216170229,633181249795645
357.2465,1554.7584,338.77002,1604.3329,633181249875958,633181290229291
342.7016,1497.9528,342.7016,1604.3329,633181290453823,633181326687312
279.0077,1465.9152,338.77002,1554.7584,633181326880906,633181357829500
318.8475,1429.8041,338.77002,1497.9528,633181358016114,633181389042520
339.48935,1569.0259,338.77002,1554.7584,633181389236687,633181421445645
339.4394,1526.3864,338.77002,1526.3864,633181421618614,633181455061427
299.90347,1443.9303,338.77002,1526.3864,633181455255593,633181486616479
361.08875,1674.707,338.77002,1526.3864,633181486715125,633181522244031
413.8324,1514.3342,338.77002,1526.3864,633181522433406,633181562821635
410.2198,1594.1112,361.08875,1526.3864,633181562920958,633181602878406
467.92017,1449.2577,410.2198,1526.3864,633181603089968,633181639180333
377.09482,1725.0842,377.09482,1526.3864,633181640135072,633181671845749
303.96854,1685.8154,377.09482,1526.3864,633181671990854,633181708188718
379.59833,1654.6162,377.09482,1654.6162,633181708356895,633181742710281
392.99573,1690.5344,377.09482,1654.6162,633181742801583,633181776502208
425.63693,1702.4019,379.59833,1654.6162,633181776614499,633181809924187
460.71524,1617.4628,392.99573,1654.6162,633181812271635,633181846781062
496.46558,1608.099,425.63693,1654.6162,633181846882156,633181884908406
447.97565,1623.2556,447.97565,1623.2556,633181885072937,633181918842781
474.63388,1642.8479,447.97565,1642.8479,633181918944499,633181951761010
460.3833,1727.5538,447.97565,1642.8479,633181951878354,633181986880958
466.04453,1781.2269,460.3833,1642.8479,633181987013770,633182023415541
469.83176,1786.793,460.3833,1727.5538,633182023586583,633182059575541
349.7943,1494.2994,460.3833,1642.8479,633182059762885,633182090086374
362.88052,1684.3536,460.3833,1684.3536,633182090268458,633182123026166
461.54343,1815.5413,460.3833,1684.3536,633182123226895,633182158795697
563.3235,1785.2422,460.3833,1684.3536,633182158969291,633182190495697
496.07532,1819.5376,461.54343,1785.2422,633182190612676,633182226556895
493.21164,1811.0575,493.21164,1785.2422,633182227786166,633182259872676
623.8661,1496.5172,493.21164,1785.2422,633182260777260,633182293399395
439.10654,1344.0049,493.21164,1785.2422,633182293556166,633182329687051
458.6917,1296.9492,493.21164,1496.5172,633182329854343,633182368501374
434.11203,1378.3723,458.6917,1378.3723,633182369062572,633182400788874
401.53638,1409.1384,458.6917,1409.1384,633182400880020,633182433104603
367.4533,1337.1188,434.11203,1378.3723,633182433203510,633182465068197
414.33395,1326.9689,414.33395,1378.3723,633182465161426,633182497335645
436.38348,1253.9216,434.11203,1337.1188,633182497433041,633182529200280
432.73764,1293.5674,432.73764,1326.9689,633182529293249,633182560297520
408.7092,1226.8865,432.73764,1293.5674,633182560804864,633182591526010
382.13382,1097.0981,432.73764,1293.5674,633182591633770,633182621283718
348.7723,1093.3295,408.7092,1226.8865,633182621466114,633182655584655
388.14685,1086.4099,388.14685,1097.0981,633182660657780,633182691545332
373.12088,937.11365,388.14685,1093.3295,633182691729499,633182724488770
396.40796,905.456,388.14685,1086.4099,633182724661947,633182756785437
403.44812,919.5264,388.14685,937.11365,633182756958301,633182788974134
402.82907,921.88934,396.40796,921.88934,633182789164499,633182822038405
411.09583,761.9017,402.82907,921.88934,633182822199968,633182855194551
429.88956,609.7655,402.82907,921.88934,633182855381947,633182889075072
425.6352,614.3194,411.09583,761.9017,633182889234916,633182923259707
395.7891,618.6024,402.82907,618.6024,633182923444968,633182958233770
377.746,698.7575,402.82907,698.7575,633182958392520,633182990611582
449.0619,609.04126,402.82907,618.6024,633182990774707,633183022071739
391.49725,703.91376,402.82907,698.7575,633183023188353,633183055392416
391.77383,637.235,402.82907,637.235,633183055547989,633183089524551
370.33505,725.5203,391.77383,698.7575,633183090557259,633183120489603
342.1636,654.9241,391.77383,654.9241,633183120668249,633183152108457
352.52454,655.40283,370.33505,655.40283,633183152244186,633183183119395
310.01187,677.52875,352.52454,655.40283,633183183225020,633183218162103
346.88803,702.6882,352.52454,655.40283,633183218326530,633183252937311
354.66943,732.3662,352.52454,677.52875,633183253114447,633183282807988
394.84256,739.2293,352.52454,702.6882,633183283269291,633183319476426
315.01553,628.2969,352.52454,677.52875,633183319659238,633183351905020
304.83575,576.86743,352.52454,677.52875,633183352105645,633183382647363
287.17502,570.1097,315.01553,628.2969,633183383617155,633183416083822
309.25836,620.94525,309.25836,620.94525,633183416545436,633183450447363
302.38013,614.9799,309.25836,620.94525,633183450628770,633183484543249
351.1999,608.82916,309.25836,620.94525,633183484710280,633183518939968
350.14273,550.8963,309.25836,614.9799,633183519120697,633183551570488
310.41806,502.859,310.41806,608.82916,633183551752676,633183582634551
320.31525,551.184,310.41806,551.184,633183582844134,633183617369603
478.33527,1186.4009,310.41806,608.82916,633183617511895,633183651666686
564.08325,1740.7709,320.31525,608.82916,633183651834603,633183682534447
547.2574,1688.8893,478.33527,1186.4009,633183682760697,633183718117311
591.4542,1606.092,547.2574,1606.092,633183718316999,633183751187780
517.9983,1619.8948,517.9983,1606.092,633183751370072,633183785822467
484.422,1629.9417,517.9983,1606.092,633183786006113,633183820711113
566.51056,1845.0463,517.9983,1619.8948,633183820899030,633183854999290
531.4197,1822.4677,517.9983,1629.9417,633183855179082,633183885642728
484.94907,1769.1134,517.9983,1769.1134,633183885839603,633183918298769
519.20685,1736.064,517.9983,1736.064,633183918462467,633183953020749
477.3924,1836.2726,517.9983,1769.1134,633183953169499,633183987300019
637.56244,1877.8578,517.9983,1769.1134,633183987452676,633184019495280
654.95734,1882.9713,517.9983,1836.2726,633184019672780,633184054839967
564.1402,1841.9503,564.1402,1841.9503,633184055027571,633184086448978
499.8225,1879.6316,517.9983,1841.9503,633184086629134,633184118383978
639.8042,1931.0206,564.1402,1841.9503,633184118571478,633184154751946
642.23663,1813.7988,564.1402,1841.9503,633184154942363,633184187481478
650.64886,1860.3763,639.8042,1841.9503,633184187673978,633184220559446
643.42285,1881.3292,642.23663,1841.9503,633184220749915,633184253461842
687.46643,1888.2621,643.42285,1860.3763,633184253658144,633184285852728
701.59344,1867.6395,643.42285,1867.6395,633184286041894,633184317872259
634.1312,1838.8905,643.42285,1860.3763,633184318063561,633184350802623
606.9456,1875.0491,643.42285,1867.6395,633184350979290,633184381933196
576.35315,1961.9495,634.1312,1867.6395,633184382107363,633184414012207
580.7378,1861.2521,606.9456,1867.6395,633184415796582,633184448334550
697.49976,1817.4436,634.1312,1867.6395,633184448526373,633184482694082
600.74774,1883.246,606.9456,1867.6395,633184482890071,633184518511738
667.4958,1892.6844,634.1312,1867.6395,633184518708353,633184550800540
604.96436,1945.9269,606.9456,1883.246,633184550991321,633184583664134
447.75916,1809.2262,606.9456,1867.6395,633184583858040,633184618865696
579.1456,1780.4807,604.96436,1867.6395,633184619046269,633184652793248
427.29047,1817.8936,579.1456,1817.8936,633184652973457,633184685276894
470.92685,1817.1576,579.1456,1817.8936,633184685442259,633184716670227
385.4263,1759.5404,470.92685,1817.8936,633184716888405,633184751216790
370.6384,1753.5165,470.92685,1817.1576,633184751369967,633184784240696
366.61533,1772.5682,385.4263,1772.5682,633184785266998,633184818406373
464.1655,1690.3647,464.1655,1772.5682,633184818552727,633184851585748
364.24243,1718.9813,385.4263,1772.5682,633184851732415,633184883914342
368.81647,1719.3032,385.4263,1719.3032,633184884134550,633184919575696
379.07547,1703.7115,379.07547,1719.3032,633184919785800,633184953090852
354.6261,1851.7334,379.07547,1719.3032,633184953258144,633184986719811
387.11646,1875.3809,379.07547,1719.3032,633184986917988,633185021852779
479.54895,1803.1838,379.07547,1803.1838,633185021950904,633185053600592
390.14066,1746.492,387.11646,1746.492,633185053699967,633185085651009
443.24622,1641.4714,390.14066,1746.492,633185085829342,633185116754654
454.44342,1688.1484,390.14066,1746.492,633185116938613,633185149444863
458.9961,1724.748,443.24622,1724.748,633185149618873,633185181989394
493.85498,1655.9366,454.44342,1724.748,633185182183873,633185214954134
533.4575,1784.1525,458.9961,1724.748,633185215157050,633185248788144
520.8658,1640.8628,493.85498,1724.748,633185248985019,633185281639811
504.38364,1601.1554,504.38364,1724.748,633185281759186,633185318313300
604.824,1609.4443,504.38364,1640.8628,633185318509394,633185350973769
635.9407,1733.9978,504.38364,1724.748,633185352784029,633185385032675
512.49316,1758.2405,512.49316,1724.748,633185385232258,633185423916842
532.71344,1711.3027,512.49316,1724.748,633185424097779,633185456293352
583.4488,1669.8933,512.49316,1724.748,633185456486113,633185488730279
589.4846,1709.9058,532.71344,1711.3027,633185488825383,633185521702519
562.774,1720.1713,562.774,1720.1713,633185521822415,633185561972102
711.2406,1754.4152,562.774,1720.1713,633185563514550,633185597523873
707.37775,1775.0227,562.774,1720.1713,633185597700540,633185631084185
737.26776,1744.8177,707.37775,1744.8177,633185631242310,633185662672467
755.8756,1827.5109,707.37775,1744.8177,633185664347206,633185694179758
648.1777,1745.4255,707.37775,1744.8177,633185694290852,633185726620227
685.0414,1749.4187,707.37775,1745.4255,633185726723092,633185758712935
625.9509,1745.7877,685.0414,1745.4255,633185758808665,633185790056842
734.99133,1721.9857,707.37775,1745.4255,633185790155540,633185822740800
677.0135,1741.1444,685.0414,1745.4255,633185823215644,633185853893404
693.9129,1683.9843,693.9129,1741.1444,633185854086946,633185885953144
610.4221,1566.0984,685.0414,1741.1444,633185886092154,633185919112467
467.4948,1366.3093,685.0414,1683.9843,633185919331373,633185952862362
499.87985,1485.9828,610.4221,1566.0984,633185953050175,633185985697362
502.12198,1496.0251,502.12198,1496.0251,633185985802519,633186017353560
476.59793,1426.0037,502.12198,1496.0251,633186017555487,633186049698300
461.96982,1411.1163,502.12198,1496.0251,633186049871373,633186082709706
447.90128,1467.0863,476.59793,1467.0863,633186082904654,633186115566998
423.2309,1520.7466,461.96982,1496.0251,633186115721581,633186150809654
404.99097,1437.934,447.90128,1467.0863,633186150994654,633186181775800
307.82062,1407.3322,423.2309,1467.0863,633186181959654,633186230230956
287.7278,578.25446,404.99097,1437.934,633186230398716,633186264318977
231.80261,561.80664,307.82062,1407.3322,633186266216894,633186298550019
341.18512,496.00793,341.18512,578.25446,633186299944706,633186331566581
350.93872,522.4905,341.18512,561.80664,633186334272883,633186366264289
301.06763,525.0208,341.18512,525.0208,633186366433039,633186400436529
313.76398,523.97003,341.18512,525.0208,633186400526269,633186433506581
354.63705,543.80994,341.18512,525.0208,633186433596112,633186468515018
324.3621,517.0321,341.18512,525.0208,633186468605591,633186501762310
242.60701,1172.5693,341.18512,525.0208,633186501938248,633186538893768
300.1103,739.0195,324.3621,525.0208,633186539057518,633186571896060
290.3086,443.96243,300.1103,525.0208,633186572142466,633186607547831
391.03433,434.39914,324.3621,525.0208,633186607714237,633186644425435
418.26672,424.2445,324.3621,443.96243,633186644594029,633186688490070
300.80295,503.51187,324.3621,503.51187,633186688646112,633186724146529
363.53986,674.0821,324.3621,503.51187,633186724277102,633186754827987
354.44592,522.05286,324.3621,503.51187,633186755035435,633186790619966
424.93628,426.70715,354.44592,503.51187,633186790820331,633186836920748
431.4054,268.15417,354.44592,503.51187,633186837081893,633186882249497
442.07605,288.43726,424.93628,426.70715,633186882434133,633186913522466
410.81326,300.42258,410.81326,300.42258,633186913691581,633186950700122
443.53284,334.445,424.93628,334.445,633186950805331,633186981234445
430.40012,369.49826,424.93628,334.445,633186981425018,633187015918872
370.73428,341.71124,424.93628,334.445,633187016139029,633187048548508
403.9324,431.03143,424.93628,341.71124,633187048743716,633187080511945
345.28915,392.0788,403.9324,341.71124,633187080727570,633187113897362
388.3223,326.8168,403.9324,341.71124,633187114076841,633187156523872
358.83188,336.08224,388.3223,341.71124,633187156679654,633187193219966
435.20715,328.54315,403.9324,336.08224,633187193407102,633187229645956
449.34985,223.05527,403.9324,336.08224,633187229853404,633187264171372
560.0241,234.42981,435.20715,328.54315,633187264481216,633187296600331
604.4971,176.36108,449.34985,234.42981,633187296764081,633187328501372
579.0772,188.79105,560.0241,234.42981,633187328681997,633187362571372
567.53455,174.5367,567.53455,188.79105,633187364169393,633187398612518
450.77237,558.4712,560.0241,234.42981,633187398781997,633187432099341
375.39075,1502.7174,560.0241,234.42981,633187432262414,633187467826737
454.3807,1913.1749,454.3807,558.4712,633187470386476,633187503371789
272.96353,1759.5997,454.3807,1502.7174,633187503467831,633187539213247
331.09695,1800.1234,454.3807,1759.5997,633187539313039,633187572626685
238.29149,1875.7843,331.09695,1759.5997,633187572767258,633187613878247
267.7423,1796.0657,331.09695,1796.0657,633187614075643,633187646383924
376.83594,1844.9727,331.09695,1796.0657,633187646556685,633187678421372
384.20258,1896.37,331.09695,1796.0657,633187678610331,633187713686581
383.82242,1859.7397,376.83594,1844.9727,633187713776841,633187747032414
462.57507,1761.613,383.82242,1796.0657,633187748253664,633187780393039
531.81305,1830.7616,383.82242,1830.7616,633187780592049,633187817340226
635.4122,1803.765,462.57507,1803.765,633187817565018,633187849377674
649.14606,1847.0765,531.81305,1830.7616,633187849594497,633187879701841
665.9439,1856.3115,635.4122,1830.7616,633187879869758,633187911408820
734.0858,1785.5586,649.14606,1830.7616,633187911593195,633187943512257
600.9035,1566.6882,635.4122,1830.7616,633187943700487,633187977869966
697.8636,1670.8777,649.14606,1785.5586,633187978044914,633188013719289
707.72125,1676.7025,649.14606,1676.7025,633188013894185,633188048749341
652.3702,1492.3904,652.3702,1676.7025,633188048916789,633188081948403
550.6255,1692.561,649.14606,1676.7025,633188082056372,633188113643716
443.64288,1745.0057,649.14606,1676.7025,633188113836424,633188147476164
507.46423,1718.555,550.6255,1692.561,633188147918716,633188179758455
463.0025,1716.1678,507.46423,1716.1678,633188179931945,633188214310174
351.7414,1727.2369,507.46423,1716.1678,633188214493612,633188246204393
439.63354,1762.0481,463.0025,1716.1678,633188246398559,633188279592205
387.00708,1672.4221,439.63354,1716.1678,633188279778455,633188314860070
344.92136,1675.9019,439.63354,1716.1678,633188315043612,633188350048039
354.48508,1721.747,387.00708,1716.1678,633188350246112,633188385234393
221.32848,1813.2434,354.48508,1716.1678,633188385339236,633188427440434
259.32184,1850.0702,354.48508,1721.747,633188427536320,633188465038976
297.66678,1887.7625,297.66678,1813.2434,633188465131789,633188497993716
256.8651,1895.7262,297.66678,1850.0702,633188498079497,633188538441164
283.83344,1918.701,297.66678,1887.7625,633188538531684,633188572621007
246.57224,1956.8704,283.83344,1895.7262,633188572718455,633188608304028
221.66066,1919.5988,283.83344,1918.701,633188608485643,633188640476945
235.5914,1991.9586,246.57224,1919.5988,633188640622570,633188673872674
314.64734,1929.6356,283.83344,1919.5988,633188674069080,633188709419601
178.48358,1962.1348,246.57224,1929.6356,633188709609288,633188742203976
180.7269,1931.533,246.57224,1929.6356,633188742378716,633188775756216
193.63786,1847.0673,193.63786,1929.6356,633188775938559,633188808097153
176.13846,1857.3967,193.63786,1929.6356,633188808275695,633188840629132
149.0913,1849.3972,193.63786,1857.3967,633188840795903,633188872223299
259.9365,1816.3782,193.63786,1857.3967,633188872391788,633188905380070
273.16302,1910.7592,193.63786,1857.3967,633188905519809,633188941065538
403.17725,1733.0101,259.9365,1857.3967,633188941221788,633188975016840
351.46658,1700.0488,273.16302,1857.3967,633188975113559,633189007997101
370.46622,1783.9305,351.46658,1783.9305,633189009457413,633189042569445
502.54028,1878.7394,351.46658,1857.3967,633189042661528,633189078016007
402.41412,1894.4336,370.46622,1857.3967,633189078196215,633189111373299
422.6242,1904.6718,402.41412,1878.7394,633189111538663,633189143602570
468.21796,1963.4875,402.41412,1894.4336,633189143783507,633189179107986
484.79965,1799.5127,422.6242,1878.7394,633189179295226,633189215186111
548.0498,1569.9137,468.21796,1878.7394,633189215373195,633189247845747
457.96677,1794.8593,457.96677,1799.5127,633189247956632,633189281161840
364.01477,1804.7721,457.96677,1804.7721,633189281277517,633189312381111
306.9607,773.87976,457.96677,1799.5127,633189312551840,633189346026580
286.44067,834.9572,364.01477,1799.5127,633189346226684,633189382083663
366.9889,838.4739,366.9889,838.4739,633189382331476,633189414340694
389.20578,1097.9119,366.9889,1097.9119,633189414509861,633189447916059
319.5595,698.2688,366.9889,838.4739,633189448153247,633189488357101
358.80762,655.55365,366.9889,838.4739,633189488542309,633189522043455
337.89832,609.4244,358.80762,698.2688,633189522230746,633189555910121
342.9814,950.1792,358.80762,838.4739,633189556130851,633189588322934
356.90036,1168.1698,356.90036,838.4739,633189588530486,633189623781111
427.16888,827.6692,358.80762,838.4739,633189623978299,633189659350121
315.00473,754.8146,356.90036,838.4739,633189659507465,633189694298090
334.24786,810.452,356.90036,827.6692,633189694508038,633189727782517
389.48822,872.15686,356.90036,838.4739,633189727876944,633189757848976
344.4,805.711,356.90036,827.6692,633189758047778,633189792616632
439.8277,792.92926,356.90036,827.6692,633189792804548,633189824253298
505.74313,544.29803,356.90036,805.711,633189825231684,633189855307465
549.7849,185.8789,439.8277,792.92926,633189855423298,633189885894705
489.36023,199.0002,489.36023,544.29803,633189886029705,633189917860642
499.93216,194.02899,489.36023,199.0002,633189917966684,633189950691736
503.6933,244.27289,489.36023,244.27289,633189950806111,633189982830486
481.09796,225.8225,489.36023,225.8225,633189982957517,633190014411736
469.98633,186.77281,489.36023,225.8225,633190014532413,633190045980069
520.70416,204.69907,489.36023,225.8225,633190047676736,633190082802517
531.6921,184.49786,489.36023,204.69907,633190082918090,633190116180955
448.3109,189.28639,489.36023,204.69907,633190116369705,633190155757205
451.80136,263.27206,489.36023,204.69907,633190155937934,633190189598455
459.16916,226.03484,459.16916,204.69907,633190189770486,633190221703871
508.28305,249.83884,489.36023,226.03484,633190221880069,633190256660850
435.7395,220.35776,459.16916,220.35776,633190256803559,633190288724132
519.4401,246.22183,489.36023,226.03484,633190288879080,633190322174757
493.52173,218.68753,489.36023,220.35776,633190322353923,633190356970173
490.82007,127.15067,490.82007,220.35776,633190357177829,633190390672986
506.06223,181.97026,490.82007,218.68753,633190390860434,633190425176996
509.77975,223.919,490.82007,220.35776,633190425297934,633190462319704
449.84808,237.19339,490.82007,220.35776,633190462511527,633190495154132
450.53458,290.91095,490.82007,223.919,633190495256319,633190527452361
539.6274,255.44847,490.82007,237.19339,633190527560329,633190560372100
466.75665,287.86935,490.82007,255.44847,633190561893194,633190594569184
401.56094,431.6194,490.82007,255.44847,633190594652569,633190623816215
389.9154,413.51276,466.75665,287.86935,633190626956944,633190659282986
336.86874,493.92007,401.56094,413.51276,633190662381631,633190695928142
272.3859,482.005,389.9154,413.51276,633190697830642,633190734154027
279.52805,488.38535,336.86874,482.005,633190734226059,633190766896319
233.01512,503.15692,279.52805,482.005,633190766996267,633190802148246
202.74976,524.2735,279.52805,488.38535,633190802308663,633190837746371
204.70824,543.50305,233.01512,503.15692,633190837892308,633190870992621
177.54329,609.0911,204.70824,524.2735,633190871141006,633190911038038
184.09294,692.3734,204.70824,543.50305,633190911224600,633190946856163
224.64795,599.3074,204.70824,599.3074,633190946972517,633190982798194
177.83777,626.7792,204.70824,599.3074,633190982931111,633191027331735
136.84439,563.7933,204.70824,599.3074,633191027493558,633191060307048
142.9228,575.60254,177.83777,599.3074,633191060497360,633191095611631
165.44499,720.33527,165.44499,599.3074,633191095818038,633191159169860
167.13718,609.0555,167.13718,599.3074,633191159265225,633191192629235
200.61464,542.4409,167.13718,599.3074,633191193294392,633191227765121
227.3794,461.51648,167.13718,599.3074,633191229372360,633191265211006
218.02994,451.74686,200.61464,542.4409,633191266273402,633191300390069
187.32944,489.34116,187.32944,489.34116,633191300572673,633191334879235
174.88081,532.68494,187.32944,532.68494,633191335014808,633191366975173
208.85156,536.74866,187.32944,532.68494,633191367154704,633191400706267
218.4796,520.01666,187.32944,532.68494,633191401713402,633191444186058
224.18326,522.4608,208.85156,532.68494,633191444285277,633191477469027
240.37779,454.1248,218.4796,522.4608,633191477649183,633191514398506
213.38455,475.34155,213.38455,522.4608,633191514501735,633191549227256
181.71849,565.41266,213.38455,522.4608,633191549338506,633191582645798
233.11098,482.058,213.38455,522.4608,633191582811527,633191614671944
382.34982,134.06648,213.38455,522.4608,633191614917881,633191647377412
354.40198,172.82362,233.11098,482.058,633191647497725,633191679786266
334.1112,212.7463,334.1112,212.7463,633191679882673,633191710056162
393.17465,133.48325,334.1112,212.7463,633191710178975,633191744794235
310.04922,181.71098,334.1112,212.7463,633191744914808,633191778960798
456.01846,45.56613,334.1112,181.71098,633191779077777,633191812772881
415.915,144.73619,334.1112,181.71098,633191812951058,633191847163923
380.94992,198.83206,380.94992,181.71098,633191847269391,633191880329287
351.94147,193.85747,351.94147,181.71098,633191880436214,633191915245381
293.9721,257.9037,351.94147,193.85747,633191915465641,633191949190641
329.02817,253.50856,351.94147,193.85747,633191949373350,633191983177881
168.20065,1163.2068,329.02817,253.50856,633191983278558,633192014840902
473.8229,1754.1222,351.94147,253.50856,633192015035277,633192046175433
562.62854,1751.4764,351.94147,1163.2068,633192046299548,633192080189496
604.0975,1657.0609,473.8229,1657.0609,633192080612673,633192113316839
614.8965,1714.7952,562.62854,1657.0609,633192114364912,633192148236214
598.75684,1720.5151,598.75684,1657.0609,633192148425329,633192180056110
569.2346,1686.3018,569.2346,1686.3018,633192180153870,633192220624183
579.22754,1773.2349,579.22754,1686.3018,633192220769339,633192253468870
540.516,1740.704,569.2346,1686.3018,633192253607881,633192285936370
570.5879,1824.7073,570.5879,1740.704,633192286086318,633192318119131
576.87085,1909.199,570.5879,1740.704,633192318233402,633192352163141
368.20197,1947.0619,570.5879,1824.7073,633192352378662,633192386103089
437.21738,1912.91,570.5879,1909.199,633192386192620,633192419710016
353.44867,1952.9797,437.21738,1912.91,633192420666058,633192450491266
320.67932,1956.88,437.21738,1912.91,633192450651266,633192483548558
307.50626,1989.5544,353.44867,1952.9797,633192483735225,633192514272152
309.78403,1998.6147,320.67932,1956.88,633192514438662,633192547143245
504.4083,1807.4242,353.44867,1952.9797,633192547320641,633192579318558
396.14337,1698.0748,353.44867,1952.9797,633192579642985,633192613490902
505.55026,1706.5876,396.14337,1807.4242,633192613671891,633192646776006
474.1808,1734.9619,396.14337,1734.9619,633192646923297,633192684554808
522.4967,1807.2977,474.1808,1807.2977,633192684756943,633192719244860
632.2792,1783.5586,474.1808,1783.5586,633192719383974,633192752707985
659.2887,1780.748,522.4967,1783.5586,633192752792620,633192785928193
539.8937,1608.4867,539.8937,1783.5586,633192786023766,633192819979026
578.50494,1594.5287,539.8937,1780.748,633192820176735,633192861846318
567.9757,1728.8881,539.8937,1728.8881,633192861950797,633192894906058
511.0185,1686.7568,539.8937,1728.8881,633192895022204,633192930672464
366.5082,1085.4048,539.8937,1728.8881,633192930834391,633192969542047
435.09973,1005.46375,511.0185,1686.7568,633192969723141,633193006246422
446.21487,981.4747,446.21487,1085.4048,633193006407308,633193040783714
322.75763,1101.0393,446.21487,1101.0393,633193040976787,633193073886162
386.79584,1175.4429,446.21487,1101.0393,633193074004339,633193112164964
359.74414,1156.1646,386.79584,1101.0393,633193112356422,633193154898818
334.48935,1183.0535,386.79584,1156.1646,633193155089756,633193187827672
413.0895,1300.138,386.79584,1156.1646,633193188064235,633193219664964
490.64883,1085.9828,386.79584,1156.1646,633193219859495,633193253299235
285.65308,472.32663,386.79584,1156.1646,633193253457985,633193289225641
252.22548,509.09613,386.79584,1085.9828,633193289347828,633193328172412
286.4492,502.7745,286.4492,509.09613,633193329012880,633193364221370
293.9202,536.9153,293.9202,536.9153,633193365839912,633193399142672
244.77657,575.32184,286.4492,536.9153,633193399309495,633193435839495
203.27678,857.3677,286.4492,536.9153,633193436066266,633193471311682
317.81772,560.391,286.4492,560.391,633193471496318,633193507207672
284.07678,605.26447,286.4492,560.391,633193507393297,633193544511005
341.425,1149.8253,286.4492,560.391,633193544659078,633193577703505
288.51,1159.1428,286.4492,605.26447,633193578021735,633193614300693
334.73294,467.20456,288.51,560.391,633193614434391,633193646726891
430.20242,373.67902,288.51,560.391,633193646918818,633193680450068
406.2133,341.0299,334.73294,467.20456,633193680629599,633193712704807
355.9995,761.0531,355.9995,560.391,633193712858609,633193746292464
452.13632,522.03485,355.9995,522.03485,633193746483714,633193777383089
318.34454,751.67926,355.9995,560.391,633193777484599,633193809799182
271.5583,707.56104,355.9995,560.391,633193810725537,633193850557047
245.16736,703.86053,318.34454,703.86053,633193850741682,633193885885172
215.07889,729.4407,271.5583,703.86053,633193886090953,633193917664339
240.86412,749.1018,245.16736,703.86053,633193917849547,633193952223557
163.30429,871.37195,240.86412,729.4407,633193952308453,633193984811786
283.86884,774.7375,245.16736,749.1018,633193985127880,633194017256526
256.66934,979.0131,245.16736,774.7375,633194017365120,633194047339859
290.31915,980.39075,256.66934,774.7375,633194047458922,633194078387047
220.43765,949.39075,245.16736,949.39075,633194078589078,633194110647359
262.9016,1090.9893,256.66934,949.39075,633194110797099,633194146098193
176.08821,1087.9762,245.16736,949.39075,633194146289807,633194179860693
306.09888,960.66187,256.66934,960.66187,633194180111838,633194210518401
286.14865,956.8446,256.66934,956.8446,633194210639078,633194251344911
355.30072,868.3507,286.14865,956.8446,633194251553713,633194285292411
291.04688,745.6386,286.14865,956.8446,633194285503349,633194321017307
278.94656,764.46594,286.14865,868.3507,633194321130484,633194354155015
298.73056,735.1865,286.14865,764.46594,633194354274234,633194385149495
255.33597,711.7011,286.14865,764.46594,633194385387515,633194421993870
516.7736,1656.631,286.14865,764.46594,633194422093713,633194454422568
553.04095,1941.3953,286.14865,764.46594,633194456197932,633194492910745
575.36865,1952.1827,516.7736,1656.631,633194495059078,633194553088661
553.7085,1995.1229,553.04095,1941.3953,633194553195328,633194588327620
584.08466,1976.4122,553.7085,1952.1827,633194588436161,633194625072099
499.68912,1997.2665,553.04095,1976.4122,633194625195015,633194663545692
660.55,1856.3367,553.7085,1952.1827,633194663646578,633194695323922
680.63684,1824.1093,553.7085,1952.1827,633194695506317,633194729448557
616.8866,1894.3202,616.8866,1894.3202,633194729613713,633194765136734
600.249,1973.3822,600.249,1952.1827,633194765262984,633194803237411
615.57477,1877.3759,615.57477,1894.3202,633194803363401,633194841527255
522.7866,1796.7461,600.249,1894.3202,633194841701526,633194878085484
542.04083,1816.144,600.249,1877.3759,633194878192880,633194910352515
402.499,1804.1322,542.04083,1816.144,633194910542307,633194942512619
378.88696,1863.314,542.04083,1863.314,633194942683140,633194975953661
410.68112,1734.1663,410.68112,1816.144,633194976170015,633195009088557
403.85715,1697.0625,410.68112,1816.144,633195009268921,633195040091682
486.48145,1630.1725,410.68112,1734.1663,633195041094390,633195073758765
383.08884,1411.5549,410.68112,1697.0625,633195073899182,633195106514546
461.5777,1492.8374,410.68112,1630.1725,633195106609911,633195142893661
445.30164,1609.2632,410.68112,1609.2632,633195143148192,633195181588609
361.75073,1496.0005,410.68112,1609.2632,633195181881890,633195216367723
452.51663,1610.6101,410.68112,1609.2632,633195216465380,633195246864286
421.08127,1621.7703,410.68112,1609.2632,633195248086786,633195281527984
473.9813,1730.7723,421.08127,1610.6101,633195281628296,633195312713661
439.82077,1544.964,421.08127,1609.2632,633195313623244,633195346415119
432.50012,1576.2269,432.50012,1609.2632,633195346530328,633195378938296
414.15277,1599.3236,421.08127,1599.3236,633195379130119,633195410519025
412.14508,1610.9772,421.08127,1609.2632,633195410691890,633195445630275
348.86484,1554.9296,414.15277,1599.3236,633195445805171,633195476923244
555.35864,1547.3302,421.08127,1599.3236,633195477107098,633195514588973
419.49832,1572.0486,419.49832,1572.0486,633195514681786,633195545274911
469.0339,418.73752,421.08127,1572.0486,633195545460848,633195575829963
428.9293,406.3526,421.08127,1572.0486,633195576096838,633195607984702
257.05508,459.0944,421.08127,459.0944,633195608290327,633195641485640
398.6807,501.8011,421.08127,501.8011,633195641668244,633195674629755
313.57254,736.53485,398.6807,501.8011,633195674815640,633195713368192
319.60007,706.0688,398.6807,501.8011,633195713548348,633195745088661
264.19537,789.1384,319.60007,706.0688,633195745290640,633195776902619
295.55405,779.68854,319.60007,706.0688,633195777139077,633195812272098
248.90512,745.37146,295.55405,745.37146,633195812367411,633195844987723
376.606,794.79266,319.60007,745.37146,633195845130588,633195879916004
335.9424,666.71765,319.60007,745.37146,633195880168973,633195914072515
168.14867,683.4031,319.60007,745.37146,633195914182567,633195945738036
174.35255,795.11395,319.60007,745.37146,633195945921734,633195978006004
132.7087,704.52795,174.35255,745.37146,633195978119442,633196008743973
127.839905,673.47186,174.35255,745.37146,633196008941109,633196039548556
158.56216,484.50134,158.56216,704.52795,633196039731525,633196072160275
196.68587,553.3457,174.35255,673.47186,633196072340952,633196128867984
187.5404,415.1199,174.35255,553.3457,633196128990015,633196162040848
380.1709,750.99054,187.5404,673.47186,633196162149442,633196198770900
402.08218,609.0096,187.5404,609.0096,633196198859963,633196232360692
418.3372,802.35095,380.1709,673.47186,633196232550692,633196271395952
373.9843,404.11142,373.9843,609.0096,633196271941004,633196304870796
439.32938,317.6189,380.1709,609.0096,633196305016681,633196337536681
531.6582,709.7981,380.1709,609.0096,633196337909390,633196369503661
475.03345,505.3593,439.32938,609.0096,633196369607619,633196402649598
424.7773,662.0875,424.7773,609.0096,633196402754650,633196438573452
389.50583,534.3796,424.7773,609.0096,633196438756786,633196471205692
364.26993,615.8403,424.7773,609.0096,633196471328400,633196505996108
377.6872,561.012,389.50583,609.0096,633196506200379,633196536806577
215.07713,569.2312,377.6872,609.0096,633196536911681,633196572938348
304.79834,464.97693,377.6872,569.2312,633196573133921,633196607572515
321.262,397.7055,321.262,569.2312,633196607749702,633196642710900
308.08136,355.04816,321.262,464.97693,633196642830796,633196676988035
312.3866,377.4314,321.262,397.7055,633196677079546,633196708413817
277.96933,364.82544,312.3866,377.4314,633196708598765,633196748397515
277.0268,454.29852,312.3866,397.7055,633196748584337,633196783068244
315.6565,440.92148,312.3866,397.7055,633196783275692,633196819338400
202.41193,387.77368,312.3866,397.7055,633196819807619,633196853988087
202.74866,302.48395,312.3866,397.7055,633196864094025,633196895258504
218.79831,271.07132,218.79831,387.77368,633196895411785,633196927909337
171.40012,379.58054,218.79831,379.58054,633196953534337,633196989785067
180.46416,383.61005,218.79831,383.61005,633196992265483,633197023035744
207.81374,378.33835,207.81374,379.58054,633197023199598,633197055730952
223.74554,353.95645,218.79831,379.58054,633197055860119,633197089116056
177.25124,368.04477,207.81374,378.33835,633197089246629,633197123121941
162.452,346.44852,207.81374,368.04477,633197124072046,633197158006889
247.38927,333.81723,207.81374,368.04477,633197158175691,633197190861889
301.4748,275.96002,207.81374,346.44852,633197191025952,633197224604181
325.5276,342.4573,247.38927,342.4573,633197224792358,633197264764181
369.1386,378.58472,301.4748,346.44852,633197264936160,633197298478035
350.81467,353.45078,325.5276,346.44852,633197298588035,633197340988348
374.05756,336.26382,350.81467,346.44852,633197341868973,633197372650483
330.37195,355.9264,330.37195,346.44852,633197372844858,633197406297983
345.95654,337.00015,345.95654,346.44852,633197406494285,633197439740952
371.1657,332.21704,345.95654,346.44852,633197439905118,633197474911681
363.3384,340.81326,345.95654,340.81326,633197476403400,633197510502306
349.25714,397.54578,349.25714,346.44852,633197510686368,633197542706056
234.62582,484.73376,345.95654,346.44852,633197542896681,633197573748504
232.50783,542.58405,345.95654,397.54578,633197573923868,633197607716941
156.06912,585.70764,234.62582,484.73376,633197607909702,633197639916993
157.48296,574.6239,232.50783,542.58405,633197640144493,633197671054337
255.58232,561.93256,234.62582,561.93256,633197671237358,633197706896160
239.11217,551.51447,234.62582,551.51447,633197707076733,633197753865587
174.40012,615.46704,234.62582,561.93256,633197754040535,633197788825639
213.18448,511.3614,234.62582,551.51447,633197789021525,633197825429077
173.62354,514.70465,213.18448,551.51447,633197825525275,633197858100952
227.7635,423.11316,227.7635,514.70465,633197858196264,633197892889077
215.05424,434.12827,215.05424,514.70465,633197894066629,633197929463868
259.11285,493.9064,227.7635,493.9064,633197929628608,633197963825587
389.7919,1056.0233,227.7635,514.70465,633197964061160,633197997253608
471.58252,1308.3148,259.11285,514.70465,633197997344545,633198030673035
461.86655,1436.4321,389.7919,1056.0233,633198030783035,633198064614754
454.23706,1474.1847,454.23706,1308.3148,633198064724962,633198097215118
447.00317,1456.4902,447.00317,1436.4321,633198097330014,633198133094389
512.5832,1464.2917,454.23706,1456.4902,633198133200691,633198166667879
462.26904,1532.1509,454.23706,1456.4902,633198166799285,633198218688295
527.794,1612.0117,462.26904,1464.2917,633198219172462,633198252973191
565.3303,1549.5452,462.26904,1532.1509,633198253110274,633198288069754
549.0604,1617.5902,527.794,1549.5452,633198289345274,633198321626420
510.9272,1627.9264,510.9272,1549.5452,633198322518920,633198355200222
471.64203,1612.72,510.9272,1612.72,633198355303556,633198388665326
498.24377,1657.9813,510.9272,1612.72,633198391695274,633198420916681
540.952,1558.1698,510.9272,1612.72,633198421691003,633198452453347
463.0984,1664.2943,510.9272,1612.72,633198454374753,633198487265743
358.143,1696.594,510.9272,1612.72,633198488612826,633198520585795
481.51718,1668.3077,481.51718,1664.2943,633198523170535,633198557079753
347.71674,1658.0339,481.51718,1658.0339,633198557863764,633198590101889
387.70074,1586.8245,481.51718,1658.0339,633198591028608,633198623524024
333.8764,1547.4635,387.70074,1658.0339,633198623668295,633198658081837
451.0316,1546.9056,451.0316,1586.8245,633198658229597,633198691413451
549.9764,1467.9474,451.0316,1547.4635,633198691507305,633198724436993
502.62527,1411.8815,451.0316,1546.9056,633198724540951,633198759020430
546.64484,1522.8307,502.62527,1522.8307,633198759198712,633198792930795
600.6675,1751.0719,502.62527,1546.9056,633198793796680,633198831751993
580.6253,1518.5872,546.64484,1522.8307,633198831927410,633198865834857
519.38873,1453.2034,519.38873,1522.8307,633198866014649,633198903921941
562.1118,1432.5074,546.64484,1518.5872,633198904147722,633198934624128
421.30487,1358.9049,519.38873,1453.2034,633198934817357,633198971178972
374.40143,1254.8073,519.38873,1432.5074,633198971350326,633199007163868
398.85422,1256.0831,421.30487,1358.9049,633199007357982,633199037742045
460.03732,1235.6499,460.03732,1256.0831,633199037905274,633199070742930
426.9097,1149.4541,426.9097,1256.0831,633199070963347,633199103680222
392.73206,1294.6813,426.9097,1256.0831,633199104631472,633199135517774
398.3681,1278.8746,426.9097,1256.0831,633199135715014,633199169388868
504.73975,1379.4846,426.9097,1278.8746,633199169601212,633199203378659
365.55618,1584.1008,426.9097,1278.8746,633199203650691,633199236969753
384.3371,1639.8451,426.9097,1379.4846,633199237176107,633199270536837
445.27698,1308.9277,426.9097,1308.9277,633199270771889,633199301168243
528.7965,1298.8348,426.9097,1308.9277,633199301356732,633199335807566
606.65594,1301.2428,445.27698,1308.9277,633199336058191,633199367312930
532.92664,1251.2539,528.7965,1301.2428,633199367477878,633199400323451
611.6754,1463.4001,532.92664,1308.9277,633199400503347,633199435614232
649.80994,1660.2665,532.92664,1308.9277,633199435797514,633199467933920
648.02344,1657.7312,611.6754,1463.4001,633199468162826,633199501979961
572.6215,1317.5382,572.6215,1317.5382,633199502132566,633199532996211
710.4879,1478.13,611.6754,1463.4001,633199533194805,633199565117878
719.9781,1510.243,611.6754,1463.4001,633199565296316,633199596890951
683.37305,1507.1622,683.37305,1478.13,633199597015534,633199631743607
681.9708,1494.0076,681.9708,1494.0076,633199631929336,633199665769597
751.52423,1548.0751,683.37305,1494.0076,633199667419961,633199700903816
358.48148,999.01794,681.9708,1494.0076,633199701687409,633199737572149
472.76636,844.681,681.9708,1494.0076,633199737757149,633199769064961
393.4443,943.27106,472.76636,999.01794,633199769251940,633199801878555
457.5145,977.7808,472.76636,977.7808,633199802050951,633199833699440
427.85617,1005.473,457.5145,999.01794,633199833887774,633199865318868
413.31277,875.46497,457.5145,977.7808,633199865466576,633199896403659
366.58966,754.61475,427.85617,977.7808,633199896511055,633199934326836
424.40546,825.90814,424.40546,875.46497,633199935296524,633199967181420
351.14157,804.5482,424.40546,825.90814,633199967356836,633199999374388
371.12952,782.264,424.40546,825.90814,633199999522513,633200034399961
427.6929,958.43097,424.40546,825.90814,633200034589597,633200066373138
419.1784,1116.3416,424.40546,825.90814,633200066560690,633200100776524
415.42978,1112.6917,424.40546,958.43097,633200101211159,633200135654024
405.64383,1063.9799,419.1784,1063.9799,633200135837097,633200168297617
429.85205,1053.2837,424.40546,1053.2837,633200168491888,633200202600117
402.50778,701.66235,419.1784,1053.2837,633200202786732,633200234881159
282.378,700.9491,419.1784,1053.2837,633200235054128,633200266274284
267.38028,646.083,402.50778,701.66235,633200266474961,633200299213242
273.46112,642.15094,282.378,700.9491,633200299317826,633200331916159
222.7453,714.6188,273.46112,701.66235,633200332145013,633200365436367
292.8548,632.7197,282.378,700.9491,633200365620794,633200397540326
252.76569,615.3354,273.46112,700.9491,633200397688971,633200433458971
297.18893,514.567,282.378,632.7197,633200434458294,633200465211628
287.76874,517.05035,282.378,615.3354,633200465386471,633200499818399
243.60791,558.7624,282.378,558.7624,633200499964232,633200533215794
343.3734,530.3933,282.378,558.7624,633200533414440,633200564929857
243.13754,490.0923,282.378,558.7624,633200565097149,633200607584857
353.85144,587.5883,282.378,558.7624,633200607773867,633200641016107
376.15393,616.3877,282.378,558.7624,633200641129753,633200673466940
224.56715,604.4945,282.378,587.5883,633200673569492,633200705464492
243.04115,578.5361,282.378,578.5361,633200705658659,633200737444753
315.59512,644.11584,282.378,587.5883,633200737652669,633200774453138
296.8654,699.5751,282.378,587.5883,633200774588711,633200811226940
324.5517,779.53973,296.8654,644.11584,633200811365482,633200846877982
383.54956,751.3894,296.8654,699.5751,633200847069648,633200881505846
370.91885,760.3807,324.5517,751.3894,633200881657721,633200913420690
373.80222,793.7025,370.91885,751.3894,633200913616263,633200944890325
380.13742,751.883,370.91885,751.883,633200945032878,633200977169492
419.41745,755.6698,373.80222,751.883,633200977283711,633201010311315
453.5197,751.91895,380.13742,751.883,633201010415169,633201046413086
422.68832,775.71735,419.41745,751.91895,633201046637461,633201081138659
457.77805,725.3074,422.68832,751.883,633201081322044,633201114104284
432.08517,688.8401,422.68832,751.883,633201114299492,633201145794075
472.8034,651.58545,432.08517,725.3074,633201145986627,633201178110430
433.51822,753.4127,432.08517,751.883,633201178298346,633201212206315
435.10593,686.236,433.51822,725.3074,633201212321992,633201245782200
499.3285,748.93555,433.51822,748.93555,633201245964023,633201281884961
472.70316,1179.6194,435.10593,748.93555,633201282049596,633201315603346
720.8046,1797.918,472.70316,748.93555,633201316706054,633201348825742
756.1657,2026.3617,472.70316,1179.6194,633201350727982,633201383264232
804.34674,2046.104,720.8046,1797.918,633201383831107,633201415173554
780.3265,2037.3987,756.1657,2026.3617,633201417085482,633201450460117
820.5959,2064.3848,780.3265,2037.3987,633201452078815,633201485757200
763.57007,1988.2961,763.57007,2026.3617,633201485957721,633201543919284
782.855,2081.2803,780.3265,2037.3987,633201544539231,633201579594909
757.48206,1998.232,763.57007,2026.3617,633201579793554,633201616677513
820.628,1985.0726,780.3265,2026.3617,633201616866159,633201648160742
799.39984,1972.2856,780.3265,1998.232,633201648360377,633201681037356
752.0014,1928.601,780.3265,1985.0726,633201681472773,633201712174283
724.6743,1919.2323,780.3265,1972.2856,633201716379961,633201749205273
664.72034,1928.7661,752.0014,1928.7661,633201751578190,633201784818711
632.6397,1917.8533,724.6743,1928.7661,633201785837773,633201816337200
631.8738,1937.9236,664.72034,1928.7661,633201816519596,633201849686419
637.3094,1933.9429,637.3094,1928.7661,633201849865481,633201882365533
624.8543,2009.8672,637.3094,1933.9429,633201882450065,633201914087721
584.6509,1908.2415,637.3094,1928.7661,633201914209752,633201946419960
506.98532,1892.7235,624.8543,1928.7661,633201946527877,633201985965273
562.33136,1925.6735,584.6509,1925.6735,633201992557513,633202034236523
598.44464,1877.5958,598.44464,1925.6735,633202034340742,633202066293033
620.1707,1924.9457,598.44464,1925.6735,633202066521992,633202101403658
619.7158,1915.0177,598.44464,1924.9457,633202101593919,633202136763033
569.2331,1934.0331,598.44464,1925.6735,633202136951419,633202170439492
539.27344,1880.5079,598.44464,1924.9457,633202172336054,633202206614544
530.4999,1807.1097,569.2331,1924.9457,633202206752773,633202239677669
508.91653,1820.0282,539.27344,1880.5079,633202239758398,633202273469127
498.68332,1813.5385,530.4999,1820.0282,633202273593502,633202304583137
480.771,1858.2686,508.91653,1858.2686,633202304702825,633202335968658
464.8703,1787.5574,498.68332,1820.0282,633202336207877,633202371970064
518.0941,1741.2992,508.91653,1820.0282,633202372101992,633202406255846
674.0272,1741.866,508.91653,1787.5574,633202406456731,633202441966262
749.145,1831.9863,518.0941,1820.0282,633202442088814,633202476847512
806.4973,1784.5223,674.0272,1787.5574,633202477040221,633202510387200
781.7966,1632.3687,749.145,1787.5574,633202510536262,633202544444700
809.71844,1703.6909,781.7966,1784.5223,633202544625221,633202577978554
802.3183,1650.9929,781.7966,1703.6909,633202578134856,633202615130794
799.6848,1616.1454,799.6848,1703.6909,633202615293658,633202646998346
717.3208,1754.6349,781.7966,1703.6909,633202647184544,633202678254960
659.4401,1960.5404,781.7966,1703.6909,633202678459179,633202710536471
662.43744,1921.8622,717.3208,1754.6349,633202710735064,633202742865429
634.6575,1867.9119,662.43744,1867.9119,633202743060169,633202773741002
653.0909,1929.9058,662.43744,1867.9119,633202773856575,633202805404179
635.8556,1885.6807,653.0909,1867.9119,633202805520064,633202840712460
528.81665,1958.9967,653.0909,1885.6807,633202840898658,633202882188814
569.4322,1924.5508,635.8556,1885.6807,633202882356523,633202916592043
532.1745,1925.9214,569.4322,1924.5508,633202916761418,633202952501210
543.2651,1925.6377,569.4322,1924.5508,633202952706054,633202989664283
483.20078,1994.8339,543.2651,1925.6377,633202989755898,633203047618554
571.61786,1716.8767,569.4322,1924.5508,633203047710429,633203084685220
546.1789,1570.666,546.1789,1924.5508,633203084786158,633203122952043
553.59766,1503.0339,553.59766,1716.8767,633203123825741,633203160100273
523.6798,1514.8783,546.1789,1570.666,633203160283710,633203194713762
539.4457,1457.2,546.1789,1514.8783,633203194877356,633203227777512
594.9302,1378.882,546.1789,1514.8783,633203227953866,633203261196522
571.5787,1354.4097,546.1789,1457.2,633203261385845,633203292983397
567.3427,1326.5798,567.3427,1378.882,633203293134491,633203326494022
556.4822,1323.9135,556.4822,1354.4097,633203326681314,633203358292043
553.8634,1272.6157,556.4822,1326.5798,633203358461158,633203393269700
516.84125,1239.3124,556.4822,1323.9135,633203393436314,633203426156731
524.80444,1250.6855,553.8634,1272.6157,633203426321731,633203461126470
580.4698,1319.0311,556.4822,1319.0311,633203461303085,633203516151366
384.40405,981.1445,553.8634,1272.6157,633203516259231,633203557713918
347.8172,972.78265,553.8634,1272.6157,633203557853137,633203597376210
348.40637,917.33765,384.40405,981.1445,633203597570272,633203630344699
326.35144,974.9562,348.40637,974.9562,633203630544283,633203661263918
408.76474,894.45245,384.40405,974.9562,633203661434179,633203696256054
423.35248,893.32135,384.40405,974.9562,633203696446262,633203728847251
418.69858,838.4362,408.76474,894.45245,633203728938189,633203761684856
364.5844,729.464,384.40405,893.32135,633203761865272,633203795283085
302.25098,762.89545,384.40405,838.4362,633203795373137,633203824982564
262.50485,658.04224,364.5844,762.89545,633203825158241,633203859326887
245.25406,633.9701,302.25098,762.89545,633203859501574,633203891419856
240.90091,612.35144,262.50485,658.04224,633203891606574,633203929190428
280.54883,667.6435,280.54883,667.6435,633203929371626,633203966006887
280.9025,652.2718,280.54883,658.04224,633203966213606,633204000499231
283.0639,599.3291,280.54883,658.04224,633204001781939,633204037690793
330.10034,512.3793,280.9025,652.2718,633204037872668,633204070873606
284.0343,614.51074,283.0639,614.51074,633204070971939,633204103677095
332.80014,562.98376,284.0343,614.51074,633204103773449,633204138030897
277.9903,519.4802,283.0639,614.51074,633204138140533,633204176884439
312.0837,490.71957,284.0343,562.98376,633204177025480,633204208705480
367.0088,498.3074,284.0343,519.4802,633204214807824,633204253404491
393.5985,452.37064,312.0837,498.3074,633204253515064,633204287533189
385.0983,449.50638,367.0088,498.3074,633204287617251,633204320839282
349.77618,405.65115,349.77618,452.37064,633204321000585,633204357134335
423.27652,640.82904,367.0088,498.3074,633204357326782,633204390782460
341.75366,1733.6957,349.77618,498.3074,633204390946210,633204425543501
230.98099,1820.6569,349.77618,640.82904,633204425718137,633204458515012
312.1615,1821.5342,341.75366,1733.6957,633204458708085,633204518246991
351.95352,1839.4133,349.77618,1820.6569,633204518351574,633204558610012
305.65228,1871.2886,341.75366,1821.5342,633204558701366,633204592470116
355.498,1943.8105,349.77618,1839.4133,633204592560168,633204626252564
252.06812,1929.1399,341.75366,1871.2886,633204626361991,633204660347928
215.6752,1339.9526,341.75366,1839.4133,633204660528605,633204695623032
204.73636,1380.0165,252.06812,1839.4133,633204695808814,633204730038397
447.81235,2116.441,341.75366,1839.4133,633204730221470,633204769852407
477.60886,2175.3777,341.75366,1839.4133,633204769968761,633204813789282
258.94925,1007.84955,341.75366,1839.4133,633204813880428,633204849260324
277.03674,1536.844,341.75366,1839.4133,633204849367511,633204883299074
321.6296,2004.1606,321.6296,1839.4133,633204883401157,633204922609855
408.9868,2066.115,341.75366,1839.4133,633204922771314,633204958901939
471.54147,2037.2313,341.75366,2004.1606,633204959084543,633204992971938
433.1981,1970.4286,408.9868,1970.4286,633204993081001,633205032267876
360.08783,1923.084,360.08783,1970.4286,633205032388084,633205064467459
365.31906,1896.1483,365.31906,1970.4286,633205064658188,633205102825532
351.9165,1995.274,360.08783,1970.4286,633205102971001,633205136944282
424.4341,1865.9764,365.31906,1970.4286,633205137156470,633205169348136
434.63992,1874.2063,365.31906,1970.4286,633205169482095,633205200425584
432.93964,1814.397,424.4341,1874.2063,633205201356313,633205231979490
295.67358,1798.1287,365.31906,1874.2063,633205232126938,633205264780740
260.98483,1627.535,365.31906,1814.397,633205264905845,633205296572668
255.59767,1626.7025,295.67358,1798.1287,633205296687876,633205331828761
300.8907,1736.6448,300.8907,1736.6448,633205331943865,633205365648970
316.8706,1707.1763,300.8907,1736.6448,633205366648084,633205399717303
235.68555,1555.4857,300.8907,1736.6448,633205399819074,633205447468136
339.2625,1637.2626,300.8907,1707.1763,633205447918032,633205480240272
260.86783,1554.0327,300.8907,1637.2626,633205482261574,633205517851990
282.83395,1572.119,300.8907,1637.2626,633205518027876,633205551451730
313.58365,1564.7856,300.8907,1572.119,633205551611209,633205586945480
349.38715,1535.8812,300.8907,1572.119,633205587079438,633205623931105
423.63773,1618.1403,313.58365,1572.119,633205624111105,633205658446209
338.6107,1704.0345,338.6107,1572.119,633205658637355,633205694511209
321.28415,1595.4102,321.28415,1595.4102,633205694696678,633205728880480
372.5832,1734.7405,338.6107,1595.4102,633205729131053,633205762185532
386.47153,1642.1477,338.6107,1595.4102,633205762297615,633205795656157
281.29382,1557.275,338.6107,1595.4102,633205795848344,633205832539178
473.41406,1491.1698,338.6107,1595.4102,633205833439803,633205875765271
472.2034,1152.6459,338.6107,1557.275,633205875938865,633205916122771
515.01636,1169.961,472.2034,1491.1698,633205917061938,633205953890167
486.65158,1167.8002,472.2034,1169.961,633205954017980,633205988784699
512.3186,1120.6693,486.65158,1169.961,633205988980428,633206036291626
420.237,807.3724,472.2034,1167.8002,633206036427355,633206068616678
347.5066,541.0938,472.2034,1120.6693,633206068799282,633206102620792
394.0755,520.8961,420.237,807.3724,633206102801990,633206136774334
370.3832,656.1267,394.0755,656.1267,633206136959907,633206170205063
390.32062,489.97977,394.0755,656.1267,633206170372667,633206207778448
426.76575,476.7303,394.0755,656.1267,633206207967459,633206241697198
364.47223,590.28876,394.0755,590.28876,633206241890948,633206277812980
370.3704,595.30096,394.0755,595.30096,633206277891209,633206310918344
443.24173,567.9553,394.0755,590.28876,633206312765532,633206342798084
451.23532,536.7215,394.0755,590.28876,633206344982511,633206378997511
454.41208,528.8571,443.24173,567.9553,633206380246990,633206417110323
495.26465,470.8594,451.23532,536.7215,633206418268500,633206451367303
458.82834,446.56213,454.41208,528.8571,633206451463865,633206486691105
462.28296,410.03802,458.82834,470.8594,633206486857094,633206525099855
472.56418,474.6561,458.82834,474.6561,633206526973448,633206561624698
336.8036,542.47656,458.82834,474.6561,633206562676834,633206596135584
280.25516,688.68945,458.82834,474.6561,633206596248657,633206632034490
251.96274,684.102,336.8036,542.47656,633206633647667,633206665743813
227.71559,637.90546,280.25516,637.90546,633206665881417,633206698430480
192.13573,581.69434,251.96274,581.69434,633206698528084,633206737688969
187.83224,643.66815,227.71559,637.90546,633206737908604,633206773472094
203.27954,630.7803,203.27954,630.7803,633206773642198,633206810335219
294.91733,657.56274,227.71559,637.90546,633206810431834,633206843381104
297.08005,605.33923,227.71559,630.7803,633206843464646,633206881075115
304.46524,690.7337,294.91733,637.90546,633206881215584,633206913381469
239.50291,665.6735,239.50291,637.90546,633206914291625,633206946574125
300.8585,743.8666,294.91733,665.6735,633206946990271,633206982980688
315.0961,670.961,294.91733,665.6735,633206983294229,633207020279959
278.87885,686.9775,294.91733,670.961,633207020465584,633207054985636
298.4248,605.3924,294.91733,665.6735,633207055078656,633207088591104
315.48,592.429,294.91733,665.6735,633207088695531,633207120147875
330.57077,598.5277,298.4248,605.3924,633207120234750,633207153441156
346.57465,612.5587,315.48,612.5587,633207153578656,633207189819542
354.5124,686.95087,330.57077,612.5587,633207189963188,633207222329594
389.15808,686.95844,346.57465,612.5587,633207222507094,633207256849958
367.10315,500.76944,354.5124,612.5587,633207257030896,633207290506886
304.12494,500.83994,346.57465,612.5587,633207290702198,633207336655688
324.17233,492.9251,346.57465,500.83994,633207336776625,633207367899386
237.49156,414.00494,324.17233,500.83994,633207368101000,633207399566104
262.0249,429.5899,324.17233,492.9251,633207399695896,633207432095010
285.2115,412.62036,285.2115,429.5899,633207432287302,633207464699646
325.84412,426.37912,324.17233,429.5899,633207464900323,633207496687771
359.06027,521.1556,324.17233,429.5899,633207496870688,633207533377042
406.66885,572.5132,325.84412,429.5899,633207533555531,633207566847406
435.42422,533.85034,359.06027,521.1556,633207567033344,633207601120115
376.7624,583.832,376.7624,533.85034,633207601955687,633207631902354
420.4899,556.3093,376.7624,533.85034,633207632066885,633207661523865
451.3856,585.1867,376.7624,556.3093,633207663500531,633207695490167
413.2186,606.07587,413.2186,556.3093,633207696195740,633207727704542
381.9384,542.1093,381.9384,556.3093,633207727809125,633207762168656
429.4091,609.97504,413.2186,556.3093,633207762286312,633207795193240
373.4266,519.4592,381.9384,556.3093,633207795669125,633207829710948
369.13452,669.0314,381.9384,556.3093,633207829839385,633207861348552
510.1238,1555.8512,381.9384,556.3093,633207861455427,633207909976885
436.14963,1594.8579,381.9384,669.0314,633207910156833,633207945139594
465.96503,1596.1836,436.14963,1555.8512,633207947968969,633207986800323
334.23538,1439.74,381.9384,1439.74,633207986870167,633208019199021
335.35602,1384.5071,381.9384,1439.74,633208019395114,633208052477510
368.48883,1594.9296,368.48883,1439.74,633208052650479,633208085887614
429.42184,1391.8503,381.9384,1439.74,633208086064437,633208122526573
378.81354,1419.8032,378.81354,1439.74,633208122696260,633208160660896
369.80225,1430.5236,378.81354,1430.5236,633208160868864,633208194707354
431.92606,1326.1609,378.81354,1430.5236,633208194865948,633208235254646
509.20416,1416.2192,378.81354,1430.5236,633208235358604,633208265023656
539.0369,1455.3086,431.92606,1430.5236,633208265173343,633208298269854
476.2435,1406.7568,476.2435,1430.5236,633208298464437,633208330792718
595.9961,1374.5262,476.2435,1430.5236,633208330974177,633208371191625
537.9538,1282.0944,476.2435,1406.7568,633208371395010,633208405036052
533.1515,1340.6486,533.1515,1374.5262,633208405117354,633208438438500
547.47015,1485.2003,533.1515,1406.7568,633208438602250,633208482197302
326.0395,1683.3589,533.1515,1406.7568,633208482379489,633208516299437
274.62314,1681.857,533.1515,1485.2003,633208516448239,633208551157614
295.66632,1752.9463,326.0395,1681.857,633208551333395,633208584500687
408.3016,1729.5287,408.3016,1681.857,633208584595427,633208616900166
377.45145,1648.2081,377.45145,1681.857,633208617065895,633208651551833
368.8006,1742.9025,377.45145,1681.857,633208651755270,633208686619854
353.43307,1796.3314,377.45145,1681.857,633208686802354,633208722276677
363.99582,1695.6552,368.8006,1695.6552,633208722455062,633208759429125
382.41638,1791.2859,377.45145,1695.6552,633208759537666,633208792951885
298.95297,1784.6713,368.8006,1695.6552,633208793705062,633208828264020
303.05267,1778.3588,368.8006,1778.3588,633208828447979,633208861918916
280.58258,1821.8044,303.05267,1778.3588,633208862117197,633208895970687
255.1683,1781.7633,303.05267,1778.3588,633208896318812,633208927193968
248.87482,1748.2136,280.58258,1778.3588,633208927387770,633208958295999
211.42238,1757.1604,255.1683,1778.3588,633208958405114,633208991594124
199.91763,1787.0244,248.87482,1778.3588,633208991686364,633209023328031
275.9048,1645.2269,255.1683,1778.3588,633209023448916,633209054662458
235.70323,1763.3778,248.87482,1778.3588,633209054749854,633209087187927
253.54274,1856.7476,253.54274,1778.3588,633209087300270,633209119420479
331.81888,1903.2775,253.54274,1778.3588,633209119513187,633209153089385
345.1697,1920.3743,253.54274,1856.7476,633209153187874,633209183142041
358.10147,1908.5426,331.81888,1903.2775,633209183253187,633209219586833
351.04605,1909.4088,345.1697,1908.5426,633209219705947,633209255063239
344.1178,1967.4008,344.1178,1908.5426,633209255261729,633209292319229
322.917,1924.6919,344.1178,1909.4088,633209292523656,633209350873864
395.37848,2023.9645,344.1178,1924.6919,633209350974333,633209401750426
363.81348,2090.5422,344.1178,1924.6919,633209401848031,633209436892510
398.71942,1962.8201,363.81348,1962.8201,633209437015947,633209471202718
320.2299,1972.7601,344.1178,1962.8201,633209471426208,633209504674020
269.71655,1999.5715,344.1178,1962.8201,633209504845166,633209542736572
309.5565,1998.53,320.2299,1972.7601,633209542890895,633209575026728
328.0421,1940.9745,328.0421,1962.8201,633209575187978,633209610989228
356.645,2047.7384,328.0421,1972.7601,633209611157510,633209646694541
118.508675,1743.4221,328.0421,1962.8201,633209646881416,633209679249437
128.56418,1727.1727,328.0421,1962.8201,633209679449385,633209712520843
113.608116,1664.358,128.56418,1743.4221,633209712665322,633209746596676
107.78828,1681.581,128.56418,1727.1727,633209747203083,633209785599332
102.158035,1722.5245,113.608116,1722.5245,633209785768812,633209824396468
150.69138,1675.331,128.56418,1722.5245,633209824597510,633209856946051
335.16583,1567.5376,128.56418,1722.5245,633209857045166,633209892630791
524.57086,1572.0074,150.69138,1675.331,633209892835062,633209924828603
473.1391,1589.8821,335.16583,1589.8821,633209924983030,633209961129489
535.82983,1572.1129,473.1391,1589.8821,633209961310114,633209995154749
511.33063,1591.3973,473.1391,1589.8821,633209995340582,633210026632562
545.4666,1606.4724,511.33063,1589.8821,633210026814384,633210063978447
670.4929,1656.998,511.33063,1591.3973,633210064257093,633210095948864
648.9957,1572.04,545.4666,1589.8821,633210096308447,633210129130634
670.0676,1644.4222,648.9957,1591.3973,633210129240791,633210159516155
691.76514,1626.9587,648.9957,1591.3973,633210160705739,633210190706937
717.69403,1712.2153,670.0676,1626.9587,633210190898134,633210223737041
678.3512,1634.9412,678.3512,1626.9587,633210223939957,633210253483186
640.10284,1714.7999,670.0676,1634.9412,633210253592145,633210285659436
705.50244,1674.8688,678.3512,1634.9412,633210288171364,633210319487093
709.63214,1646.8595,678.3512,1646.8595,633210319600999,633210352092041
606.8352,1337.2274,678.3512,1634.9412,633210352196780,633210386326780
428.2683,804.423,678.3512,1634.9412,633210386440009,633210418989593
378.47665,737.6239,606.8352,1337.2274,633210419188655,633210468461363
386.9782,804.3895,428.2683,804.423,633210468637509,633210501540061
326.90085,742.6376,386.9782,804.3895,633210501695113,633210546137457
324.7289,795.5962,386.9782,804.3895,633210546314020,633210584414280
266.11844,859.0607,326.90085,804.3895,633210584521207,633210617572093
275.43326,742.91327,324.7289,804.3895,633210617728863,633210652936259
255.93887,860.43494,275.43326,804.3895,633210653037561,633210686680009
270.80963,749.1961,275.43326,804.3895,633210687597509,633210719828707
274.34106,749.5827,274.34106,804.3895,633210719926311,633210752505165
245.9979,392.76483,274.34106,749.5827,633210752870790,633210790316572
255.76807,349.4164,274.34106,749.5827,633210790507301,633210827677665
291.5826,338.49326,274.34106,392.76483,633210827855790,633210859727613
232.31456,382.97406,274.34106,382.97406,633210859915686,633210892627249
337.20526,388.8675,274.34106,388.8675,633210892804332,633210926468030
256.6338,296.18634,274.34106,382.97406,633210926710165,633210958244801
244.10098,322.61728,274.34106,382.97406,633210958397040,633210989771259
173.48288,321.90546,256.6338,322.61728,633210989965790,633211021696728
207.37372,292.1783,244.10098,322.61728,633211021886832,633211053507092
201.11542,343.87146,207.37372,322.61728,633211054064592,633211086863759
238.30997,360.78848,238.30997,322.61728,633211086968967,633211119830322
263.7033,294.6247,238.30997,322.61728,633211119939228,633211152576728
268.66525,335.81076,238.30997,322.61728,633211152695634,633211188088238
274.37872,288.90204,263.7033,322.61728,633211188268759,633211221876103
275.79288,323.9378,268.66525,322.61728,633211222034436,633211253797926
301.16785,316.77603,274.37872,322.61728,633211254736363,633211295398290
293.4371,330.76535,275.79288,322.61728,633211295577040,633211327635061
303.25146,341.83762,293.4371,322.61728,633211327741207,633211360586936
236.75507,350.7888,275.79288,330.76535,633211361256728,633211391412301
272.5203,412.99063,275.79288,341.83762,633211392274176,633211423859228
146.24825,608.3087,272.5203,350.7888,633211424143967,633211459029332
172.39198,469.19244,272.5203,412.99063,633211459163134,633211490250999
171.71722,567.2757,172.39198,469.19244,633211490420374,633211524499592
152.96506,577.4154,172.39198,469.19244,633211524682196,633211564071832
198.00053,513.6423,172.39198,513.6423,633211564270738,633211598426676
215.96463,643.98724,172.39198,513.6423,633211598541155,633211631160790
370.46942,1437.0519,198.00053,513.6423,633211631259592,633211665740738
426.46298,1421.0582,215.96463,643.98724,633211665838082,633211696790113
392.22107,1361.748,370.46942,1361.748,633211696890530,633211727291519
355.5769,1295.6742,355.5769,1295.6742,633211727477665,633211760150373
427.204,1464.0342,370.46942,1361.748,633211760285946,633211790993498
418.43735,1524.287,370.46942,1361.748,633211791141988,633211821604748
375.142,1512.1124,375.142,1464.0342,633211821790061,633211855359071
411.0109,1682.4254,375.142,1512.1124,633211855509540,633211887350790
282.91068,1698.6027,375.142,1512.1124,633211887531155,633211920384175
345.46597,1708.4104,375.142,1682.4254,633211920572717,633211954910061
267.73563,1717.9429,345.46597,1698.6027,633211955110686,633211989418238
280.45813,1726.6808,345.46597,1708.4104,633211989595373,633212021072717
275.77228,1693.3246,280.45813,1698.6027,633212021252873,633212053150582
294.14374,1575.4122,294.14374,1698.6027,633212053313030,633212090739280
431.0424,1660.078,294.14374,1693.3246,633212090928915,633212124938915
409.0434,1787.205,294.14374,1698.6027,633212125136675,633212160808394
393.7652,1836.3488,393.7652,1698.6027,633212160988602,633212193154071
428.727,1825.5258,393.7652,1787.205,633212193259592,633212223861154
375.40225,1881.0988,393.7652,1825.5258,633212224041467,633212257766050
310.70374,1782.3218,393.7652,1787.205,633212257879019,633212290321050
255.43517,1838.2688,375.40225,1825.5258,633212290467509,633212324506779
245.15442,1839.7257,310.70374,1825.5258,633212324670113,633212355317404
241.79837,1846.8495,255.43517,1838.2688,633212355490634,633212390736154
230.90138,1844.7429,245.15442,1839.7257,633212390926415,633212423815634
217.3722,1873.6561,241.79837,1844.7429,633212423954800,633212455838967
296.22766,1843.346,245.15442,1843.346,633212456111623,633212489991206
345.9207,1740.071,245.15442,1843.346,633212490165686,633212529795686
267.30154,1739.635,267.30154,1843.346,633212529981467,633212563637300
390.35364,1693.7631,267.30154,1740.071,633212563855686,633212595836467
404.8649,1631.0607,267.30154,1739.635,633212596112040,633212641584644
454.51608,1646.203,390.35364,1693.7631,633212641741311,633212676707092
531.3987,1627.7076,404.8649,1646.203,633212676806936,633212718939696
417.52652,1681.3248,417.52652,1681.3248,633212719111258,633212752898290
397.78653,1629.1152,404.8649,1646.203,633212753090894,633212787301154
373.1374,1537.5602,404.8649,1646.203,633212787512248,633212821718238
393.0024,1612.6953,397.78653,1629.1152,633212821928081,633212853395946
435.18835,1669.5961,404.8649,1646.203,633212853592665,633212885915425
493.9982,1590.5331,404.8649,1629.1152,633212886082717,633212920384123
360.85217,1651.8872,404.8649,1646.203,633212920564748,633212958944279
373.5913,1592.1763,404.8649,1629.1152,633212959140008,633212990107925
295.1925,1626.4521,373.5913,1629.1152,633212990264227,633213021761154
287.52487,1694.127,373.5913,1629.1152,633213021991623,633213054805581
357.1487,1594.4186,357.1487,1629.1152,633213055285842,633213087275477
340.44046,1624.1538,357.1487,1629.1152,633213088286050,633213120126467
309.69373,1676.6533,357.1487,1629.1152,633213120250842,633213152631831
302.64062,1700.6659,340.44046,1629.1152,633213152812612,633213185834644
326.61102,1685.3419,326.61102,1676.6533,633213186322404,633213220364071
332.58353,1672.6292,332.58353,1672.6292,633213220553654,633213253483133
361.4071,1692.374,332.58353,1676.6533,633213253666050,633213285457300
316.0607,1692.2098,332.58353,1676.6533,633213285666675,633213319458498
200.1183,1632.4811,332.58353,1676.6533,633213319636883,633213350354852
236.17194,1711.2394,316.0607,1676.6533,633213350544019,633213384820164
276.77225,1628.513,276.77225,1676.6533,633213385023185,633213420433342
255.50778,1753.8356,276.77225,1676.6533,633213420590217,633213452218602
453.0259,1791.1901,276.77225,1676.6533,633213452417769,633213484321831
399.51172,1807.9288,276.77225,1753.8356,633213484525789,633213515822456
319.85632,1903.3444,319.85632,1791.1901,633213516053498,633213551880373
523.9403,1816.121,319.85632,1807.9288,633213552136519,633213586345737
483.21558,1850.7264,319.85632,1816.121,633213586529435,633213619488758
483.49927,1721.0472,483.21558,1807.9288,633213619678758,633213668571102
497.20422,1704.7231,483.21558,1807.9288,633213668655946,633213697839071
535.3205,1726.5935,483.49927,1726.5935,633213712076050,633213756916987
521.4449,1782.1179,497.20422,1782.1179,633213757088914,633213791768654
613.0212,1685.4884,521.4449,1726.5935,633213791926154,633213825282768
457.96,1713.908,497.20422,1726.5935,633213825463706,633213859040112
576.67523,1648.616,521.4449,1713.908,633213859130008,633213893490477
505.5801,1261.4918,505.5801,1713.908,633213893695789,633213938187664
455.46756,1160.6678,505.5801,1648.616,633213938317091,633213971100841
413.78455,1229.023,505.5801,1261.4918,633213971269643,633214002962248
280.63974,1246.1802,455.46756,1246.1802,633214004383289,633214036181206
323.05194,1130.3529,413.78455,1246.1802,633214045489279,633214082066258
207.1889,849.5266,323.05194,1246.1802,633214082153602,633214115683133
155.00995,887.815,323.05194,1130.3529,633214115835737,633214150340997
138.75266,893.10974,207.1889,893.10974,633214150543966,633214189398706
199.44102,818.697,199.44102,893.10974,633214189601518,633214221125268
232.451,771.074,207.1889,893.10974,633214221325268,633214253945581
130.75815,576.01355,199.44102,818.697,633214254141206,633214285878550
149.10422,532.21545,199.44102,771.074,633214286052300,633214318487768
185.3482,617.81635,185.3482,617.81635,633214318681883,633214351670633
180.55571,733.02826,185.3482,733.02826,633214351815581,633214385726049
208.29002,1078.4287,185.3482,733.02826,633214385924956,633214416690164
464.13614,411.0732,185.3482,733.02826,633214416858133,633214451602247
432.7953,436.38168,208.29002,733.02826,633214451791987,633214484640893
404.0407,285.1081,404.0407,436.38168,633214484835320,633214516258133
381.08118,527.9605,381.08118,527.9605,633214516443029,633214551747143
221.69487,952.8375,381.08118,527.9605,633214551924383,633214585239018
152.0021,901.1361,381.08118,527.9605,633214585427352,633214616754383
145.13396,855.6602,221.69487,855.6602,633214616943706,633214652853029
179.32475,717.8532,179.32475,717.8532,633214654319851,633214686840060
168.3574,727.8471,179.32475,727.8471,633214687035476,633214718838029
139.24359,669.04443,179.32475,717.8532,633214719042351,633214750193029
158.1309,698.8769,168.3574,717.8532,633214750345945,633214783122976
185.16365,766.3531,179.32475,717.8532,633214783266518,633214816162820
218.38763,717.8266,179.32475,717.8532,633214816339018,633214850414383
181.28914,618.19293,181.28914,717.8532,633214850568289,633214883854956
209.85083,509.35635,181.28914,717.8266,633214884100372,633214918399591
162.84805,524.1236,181.28914,618.19293,633214918606778,633214952320528
200.94806,472.26218,181.28914,524.1236,633214952518289,633214983749383
163.4961,594.3354,181.28914,594.3354,633214983935789,633215018952924
171.81734,600.01013,181.28914,594.3354,633215019139903,633215053593185
158.78473,484.65216,171.81734,594.3354,633215053778028,633215087660008
142.5234,462.53494,171.81734,594.3354,633215087853185,633215123367820
176.1125,528.95123,171.81734,528.95123,633215123454903,633215156295424
226.24391,504.8546,171.81734,528.95123,633215156463445,633215188933445
187.22432,504.1715,176.1125,528.95123,633215189120060,633215221959539
172.56264,504.17084,172.56264,504.8546,633215222158914,633215256487195
174.01917,461.17923,174.01917,504.1715,633215256639487,633215289353549
169.3214,505.0139,172.56264,504.8546,633215289500528,633215322155893
154.87714,494.42422,172.56264,504.1715,633215322338393,633215355915112
156.50922,470.2001,169.3214,504.1715,633215356138914,633215391807664
132.45409,480.29233,156.50922,494.42422,633215391953080,633215426840528
128.07716,503.9431,156.50922,503.9431,633215427652507,633215468922924
173.25862,417.09024,156.50922,494.42422,633215469040841,633215502250684
207.81,433.17722,156.50922,494.42422,633215502434643,633215535888862
179.18858,415.3233,173.25862,433.17722,633215535982143,633215571575216
146.92245,549.7897,156.50922,494.42422,633215571670007,633215609114122
148.06512,638.3112,156.50922,494.42422,633215609211049,633215654467299
185.10599,640.0539,156.50922,549.7897,633215654541518,633215684298914
178.75403,680.48694,156.50922,638.3112,633215684444903,633215717429226
168.82808,678.6214,168.82808,640.0539,633215717623445,633215749197247
149.82262,677.3802,156.50922,677.3802,633215749396778,633215786590580
174.01982,736.5632,168.82808,677.3802,633215786832247,633215821211778
197.60564,659.1339,168.82808,677.3802,633215821403705,633215853335841
136.71495,743.66266,168.82808,677.3802,633215853563028,633215885476934
160.58472,640.7643,168.82808,677.3802,633215885659539,633215918572820
179.90382,665.3445,168.82808,677.3802,633215918700007,633215949381049
165.88945,597.6038,168.82808,665.3445,633215949563653,633215982326674
102.35429,648.9177,168.82808,665.3445,633215982518288,633216016336882
176.2313,673.5058,168.82808,665.3445,633216016433861,633216048805111
189.80728,673.1733,168.82808,665.3445,633216049173080,633216083231986
132.19281,648.55316,168.82808,665.3445,633216083343861,633216117677195
116.826096,625.8558,168.82808,665.3445,633216117884122,633216147505788
133.69122,675.95685,133.69122,665.3445,633216147651257,633216182562768
155.00359,727.9841,155.00359,665.3445,633216182748288,633216215262090
121.34241,731.8503,133.69122,675.95685,633216215463705,633216248329955
201.35141,743.5494,155.00359,727.9841,633216248474122,633216279604695
161.50246,706.8881,155.00359,706.8881,633216279795684,633216316515424
303.52533,730.2986,161.50246,727.9841,633216316703288,633216348572195
201.57031,781.60394,161.50246,727.9841,633216348769070,633216385226674
271.7387,1451.179,201.57031,730.2986,633216385413601,633216416510267
460.72177,1923.5107,201.57031,781.60394,633216416689695,633216447512872
385.47043,1885.4752,271.7387,1451.179,633216447613809,633216479084903
378.4948,1707.2141,378.4948,1707.2141,633216479237038,633216515297351
425.52805,1645.4242,378.4948,1645.4242,633216516119330,633216548089590
345.49185,1735.7991,378.4948,1707.2141,633216548271049,633216580239330
487.2479,1782.8291,378.4948,1707.2141,633216580427247,633216612321830
514.2504,1744.4607,378.4948,1735.7991,633216612511674,633216645461465
466.28717,1647.7339,466.28717,1707.2141,633216645631778,633216678235372
617.6788,1620.8644,466.28717,1707.2141,633216678407976,633216714152038
518.78546,1595.2782,466.28717,1647.7339,633216714322038,633216747858444
406.76154,1598.1544,466.28717,1620.8644,633216748094278,633216790502194
629.47485,1687.3047,466.28717,1647.7339,633216790621465,633216826222403
556.1911,1718.6366,466.28717,1647.7339,633216827319694,633216870087507
544.0571,1716.5667,544.0571,1687.3047,633216870177767,633216911637090
285.38956,1670.2097,466.28717,1670.2097,633216911721621,633216947128757
314.2888,1753.6373,466.28717,1687.3047,633216947226465,633216980553028
305.197,1590.544,314.2888,1670.2097,633216980685476,633217028811361
363.311,1728.556,363.311,1687.3047,633217028908913,633217062253444
371.08115,1709.685,363.311,1687.3047,633217062425423,633217096133132
357.29083,1838.3428,363.311,1709.685,633217098085007,633217131329798
339.62335,1818.9231,363.311,1709.685,633217132232767,633217167112976
300.47296,1779.9817,357.29083,1779.9817,633217168535111,633217205113444
315.85092,1688.679,339.62335,1709.685,633217205988496,633217242868496
421.32693,1754.8538,357.29083,1754.8538,633217243038600,633217280670111
360.179,1703.8102,357.29083,1709.685,633217280844278,633217313886465
352.71222,1789.9128,357.29083,1754.8538,633217314859069,633217346919538
379.49216,1765.4581,357.29083,1754.8538,633217347086205,633217381327507
307.0748,1764.258,357.29083,1764.258,633217381481465,633217417190944
286.34775,1695.0828,357.29083,1754.8538,633217417429850,633217448796986
370.5505,1599.7242,357.29083,1754.8538,633217448983288,633217482135319
578.1663,1097.705,357.29083,1695.0828,633217482329434,633217518035684
316.05447,709.4626,357.29083,1599.7242,633217518271361,633217548911673
350.72018,690.2598,357.29083,1097.705,633217549091830,633217581726517
288.13782,709.5067,350.72018,709.5067,633217581927194,633217616408652
255.96667,769.3807,350.72018,769.3807,633217616534017,633217647825475
231.81535,846.1666,288.13782,769.3807,633217647924746,633217679791100
272.568,789.2512,272.568,769.3807,633217679891048,633217712979850
236.18214,516.0904,272.568,769.3807,633217713074225,633217745831413
243.25699,464.95544,272.568,769.3807,633217746870267,633217778825423
279.05463,406.60516,272.568,516.0904,633217779012975,633217811249382
223.97406,1161.4094,272.568,769.3807,633217811439017,633217845417507
236.44588,1235.9893,272.568,769.3807,633217845615215,633217880085163
228.16158,791.9638,236.44588,791.9638,633217880261048,633217911949798
279.4429,364.4009,272.568,769.3807,633217912174538,633217945199954
155.76814,499.41257,236.44588,769.3807,633217945384225,633217981324902
154.29584,491.62753,236.44588,499.41257,633217981512975,633218016197298
273.74463,430.32324,236.44588,499.41257,633218016288288,633218050343756
277.01685,349.77145,236.44588,491.62753,633218050459329,633218084626933
214.13474,337.96848,236.44588,430.32324,633218084821361,633218121728340
252.33159,314.34863,236.44588,349.77145,633218122052454,633218155707975
181.64117,321.41696,236.44588,337.96848,633218155895840,633218214599590
217.5757,386.8214,236.44588,349.77145,633218214716308,633218252721361
246.20206,398.85272,236.44588,349.77145,633218252836829,633218287167038
255.53723,402.575,236.44588,386.8214,633218287315319,633218321826777
243.14056,420.1496,243.14056,398.85272,633218321919121,633218360105423
205.9941,386.03934,236.44588,386.8214,633218360303340,633218392601048
206.32712,423.3038,236.44588,398.85272,633218392797402,633218424843235
217.83878,385.9152,217.83878,386.8214,633218425044485,633218458102038
249.42058,329.76904,236.44588,386.8214,633218458269381,633218489577767
226.20004,330.40387,226.20004,385.9152,633218489741465,633218551374277
218.97816,443.11337,226.20004,386.8214,633218551492194,633218583282194
198.05103,413.54813,226.20004,386.8214,633218583498912,633218615306777
191.8591,443.48788,218.97816,413.54813,633218615507715,633218648210735
189.38586,440.52884,198.05103,413.54813,633218648406725,633218680690527
183.87154,407.32898,191.8591,413.54813,633218680884069,633218715802871
196.97035,413.03583,196.97035,413.54813,633218715997246,633218752888183
150.2735,476.6328,191.8591,413.54813,633218752973860,633218786343287
160.4954,1116.5814,191.8591,413.54813,633218786508704,633218821356569
144.23514,1549.6382,160.4954,476.6328,633218821638079,633218858200319
147.99863,1677.7944,160.4954,1116.5814,633218858298756,633218890043339
123.197495,1645.085,147.99863,1549.6382,633218890196881,633218922648392
163.91716,1475.6132,160.4954,1475.6132,633218922852923,633218954009589
163.65768,1516.1475,160.4954,1516.1475,633218954184017,633219013954381
105.43232,1609.7085,160.4954,1516.1475,633219014075631,633219046416777
113.18238,1471.8928,160.4954,1516.1475,633219046627714,633219089027714
155.71599,1751.1129,155.71599,1516.1475,633219089149433,633219121249954
156.14467,1793.234,156.14467,1516.1475,633219121437610,633219153764173
84.09418,1724.8254,155.71599,1724.8254,633219153953183,633219185003964
76.5131,1713.406,155.71599,1713.406,633219185118600,633219216382558
86.17865,1526.3232,86.17865,1713.406,633219216493027,633219249335214
67.03997,1506.2618,86.17865,1713.406,633219249453652,633219280270527
111.229195,1692.8519,86.17865,1692.8519,633219280385214,633219310841777
106.99958,1671.8193,86.17865,1692.8519,633219311030006,633219343516100
142.04247,1635.9021,106.99958,1692.8519,633219343701725,633219379236881
134.59142,1666.6752,106.99958,1671.8193,633219379354173,633219411118339
96.51037,1746.0005,106.99958,1692.8519,633219411282350,633219446163548
68.20961,1643.2173,106.99958,1671.8193,633219446384173,633219489830527
135.28152,1659.4087,106.99958,1671.8193,633219490011100,633219522322923
102.13,1611.9598,106.99958,1659.4087,633219522492402,633219557365735
98.55106,1599.1655,106.99958,1659.4087,633219557553443,633219592162506
69.14194,1494.2844,102.13,1611.9598,633219592364277,633219623098287
106.63711,1564.6243,106.63711,1599.1655,633219623292662,633219654062714
141.2701,1631.3298,106.63711,1611.9598,633219654268339,633219688739537
220.34314,1689.6768,106.63711,1611.9598,633219688935110,633219723717662
405.7451,1599.1117,141.2701,1611.9598,633219723886100,633219759262245
400.1103,1789.5588,220.34314,1611.9598,633219759450631,633219791356256
291.542,1622.1841,291.542,1611.9598,633219791514433,633219826206620
317.0959,1718.9663,291.542,1622.1841,633219826282922,633219857456152
393.7125,1791.2109,291.542,1622.1841,633219858612766,633219891775214
419.96173,1837.1929,317.0959,1718.9663,633219896448652,633219931771516
409.98007,1466.0385,393.7125,1622.1841,633219933809641,633219968030527
380.0056,1320.2421,380.0056,1622.1841,633219968150735,633220003853027
379.92953,1471.448,380.0056,1471.448,633220004085318,633220039771881
407.0228,1427.3802,380.0056,1471.448,633220039945579,633220074289537
290.4146,1514.392,380.0056,1471.448,633220074477037,633220112822454
121.090866,1501.1125,380.0056,1471.448,633220112945422,633220149866204
86.505486,1369.9758,290.4146,1471.448,633220149962349,633220183588026
73.87405,1318.8314,121.090866,1471.448,633220183684068,633220217190110
76.76784,1433.6393,86.505486,1433.6393,633220218420891,633220263543808
48.182514,1524.8397,76.76784,1471.448,633220263635683,633220300628026
53.41802,1461.5739,76.76784,1461.5739,633220300716881,633220334750370
79.44457,1534.5426,76.76784,1471.448,633220334908703,633220368323026
62.681538,1461.9031,76.76784,1461.9031,633220368466308,633220402837141
60.095516,1525.9987,76.76784,1471.448,633220402965422,633220439141881
69.88052,1606.2875,69.88052,1471.448,633220439242506,633220473215735
64.07377,1508.7382,69.88052,1508.7382,633220473980266,633220506245735
67.11196,1466.6373,69.88052,1471.448,633220506411360,633220538540578
291.84235,1901.3939,69.88052,1508.7382,633220538714380,633220572210474
273.68262,1867.4945,69.88052,1508.7382,633220572302193,633220609397297
316.03925,1720.1807,273.68262,1720.1807,633220609578755,633220641640943
340.34912,1756.8842,273.68262,1720.1807,633220641728755,633220675828443
358.47696,1779.7306,316.03925,1720.1807,633220675995422,633220707443182
196.55551,1837.9705,273.68262,1756.8842,633220707601672,633220745971516
221.0058,1820.6088,273.68262,1779.7306,633220746122193,633220776376151
337.34558,1823.8793,273.68262,1820.6088,633220776544953,633220810657714
352.16354,1683.1288,273.68262,1779.7306,633220810831776,633220844857193
369.12885,1565.273,337.34558,1779.7306,633220845023443,633220883835943
282.56628,809.5607,282.56628,1683.1288,633220883967505,633220923428599
448.27042,847.61053,337.34558,1565.273,633220923617141,633220954989380
417.58322,1015.736,337.34558,1015.736,633220955188026,633220990766464
393.74295,925.821,393.74295,1015.736,633220990965734,633221025551464
369.07104,860.42316,369.07104,1015.736,633221025657557,633221058004953
445.23618,717.3217,393.74295,925.821,633221058199641,633221093866828
436.3351,726.62,393.74295,860.42316,633221093953391,633221127358912
413.1587,701.21545,413.1587,726.62,633221128456620,633221161233286
385.69876,729.78925,393.74295,729.78925,633221162957401,633221225309172
425.94543,685.03046,413.1587,726.62,633221225421099,633221260907505
433.17487,665.7483,413.1587,726.62,633221261009484,633221296806828
431.941,694.16315,425.94543,694.16315,633221296902922,633221330093859
419.02155,501.0066,419.02155,694.16315,633221330193703,633221367803182
401.7126,448.17017,419.02155,694.16315,633221367967141,633221406008755
419.97598,450.10266,419.02155,501.0066,633221406165057,633221439424120
417.2883,373.89822,419.02155,450.10266,633221439583443,633221473166255
349.32532,457.93707,419.02155,457.93707,633221473268859,633221505958859
335.90176,393.31613,417.2883,450.10266,633221506077297,633221541389016
344.35358,428.72498,349.32532,450.10266,633221541510318,633221574932766
346.05743,401.92017,346.05743,428.72498,633221575116203,633221608795109
463.4241,449.80353,349.32532,449.80353,633221608981880,633221642341776
428.51035,422.39154,349.32532,428.72498,633221642533390,633221676823182
420.3696,512.7099,420.3696,449.80353,633221677007557,633221712348599
469.3956,519.601,420.3696,449.80353,633221712554745,633221743446724
479.51416,509.6954,420.3696,509.6954,633221743578963,633221775982505
510.14288,491.3319,469.3956,491.3319,633221776140370,633221807708755
519.8754,441.65195,479.51416,491.3319,633221807815942,633221839769849
464.73322,430.0842,469.3956,491.3319,633221839867453,633221872674067
495.42493,472.24176,479.51416,472.24176,633221872781880,633221906786724
428.65976,519.3553,469.3956,491.3319,633221906876463,633221938557870
510.3879,387.78217,479.51416,472.24176,633221938680213,633221973940370
494.52277,453.65115,479.51416,472.24176,633221974139692,633222006790213
432.01895,495.4242,479.51416,472.24176,633222006965890,633222041358963
515.12354,512.5621,479.51416,472.24176,633222041558494,633222074604276
522.274,451.40497,479.51416,472.24176,633222074806724,633222109600942
526.0183,486.819,515.12354,472.24176,633222109788963,633222142293755
486.36734,495.288,486.36734,472.24176,633222142405734,633222175687192
503.47757,461.19327,503.47757,472.24176,633222175812140,633222208148859
508.22324,480.43613,503.47757,472.24176,633222208250213,633222241367557
521.8982,449.73953,503.47757,472.24176,633222241475161,633222275193390
453.63007,642.817,503.47757,472.24176,633222275310734,633222308419015
374.47427,612.1084,503.47757,472.24176,633222308604536,633222358413338
347.84802,703.8024,453.63007,612.1084,633222359398390,633222393203651
380.05325,754.9052,380.05325,612.1084,633222393368703,633222429569692
351.68546,859.2902,380.05325,703.8024,633222429744744,633222464953078
508.80777,1150.9293,380.05325,754.9052,633222465147036,633222499600890
599.68726,1602.5922,380.05325,859.2902,633222499745265,633222534753338
597.62427,1481.2064,508.80777,1150.9293,633222534920630,633222572201411
605.0603,1471.3899,597.62427,1471.3899,633222572388494,633222605484536
575.6601,1518.9034,575.6601,1471.3899,633222605576359,633222637769380
543.71045,1553.0721,575.6601,1471.3899,633222637859432,633222673246203
596.67596,1555.7334,575.6601,1518.9034,633222673371098,633222711334432
637.5476,1605.8027,575.6601,1553.0721,633222711460525,633222743161932
472.426,1756.8512,575.6601,1555.7334,633222743343546,633222789049588
492.30222,1820.3054,575.6601,1605.8027,633222789150994,633222823917348
477.8616,1815.6466,492.30222,1756.8512,633222824125994,633222863936619
511.75754,1693.7006,511.75754,1693.7006,633222864133650,633222897406775
484.7566,1769.2292,492.30222,1756.8512,633222897554848,633222930323911
493.35617,1766.1775,493.35617,1756.8512,633222930500890,633222966871411
562.2687,1811.073,493.35617,1766.1775,633222967039952,633223000218963
552.0721,1821.7876,493.35617,1766.1775,633223000382765,633223034019223
521.81134,1762.2843,521.81134,1766.1775,633223034201723,633223067838963
545.2691,1896.2458,521.81134,1766.1775,633223068043077,633223103629588
510.8829,1954.7162,521.81134,1766.1775,633223103806775,633223138007557
454.72946,1883.4543,521.81134,1883.4543,633223138114171,633223171740265
387.35516,1834.109,510.8829,1834.109,633223171928390,633223210264796
454.73312,1869.698,454.73312,1869.698,633223211314379,633223242743025
394.0321,1804.7028,454.73312,1834.109,633223242845890,633223290689900
336.76794,1896.7745,454.73312,1869.698,633223290784536,633223324814952
340.6362,1844.6359,394.0321,1844.6359,633223325893494,633223368459744
331.91434,1842.8733,340.6362,1844.6359,633223368573077,633223399623286
400.7339,1792.3188,394.0321,1844.6359,633223399788546,633223433860838
468.41547,1924.8124,394.0321,1844.6359,633223434027400,633223469889952
466.2392,1828.0856,400.7339,1844.6359,633223470059015,633223506378702
464.73322,1789.5525,464.73322,1844.6359,633223506485681,633223539985994
478.85773,1721.3057,464.73322,1828.0856,633223540294119,633223586130161
427.6598,1721.5977,464.73322,1789.5525,633223586220994,633223619133702
409.06787,1723.4581,464.73322,1723.4581,633223619321411,633223651706775
405.3403,1714.9801,427.6598,1723.4581,633223651894171,633223681429848
428.1156,1810.5696,428.1156,1723.4581,633223681570786,633223714055265
542.5202,1645.2766,428.1156,1723.4581,633223714440681,633223749360004
644.9622,1650.3114,428.1156,1723.4581,633223749556098,633223780652973
692.33167,1757.7968,542.5202,1723.4581,633223780825265,633223814344952
654.42175,1625.2063,644.9622,1723.4581,633223814488702,633223852691619
625.5446,1599.1759,625.5446,1723.4581,633223852892556,633223887549588
608.99536,1655.5469,625.5446,1655.5469,633223887641671,633223924722608
677.3793,1646.2881,625.5446,1655.5469,633223925462765,633223972153129
583.27313,1658.0707,625.5446,1655.5469,633223972266463,633224005663650
621.07697,1674.0789,625.5446,1655.5469,633224005763181,633224048604223
658.1796,1783.675,625.5446,1658.0707,633224048798598,633224078155056
702.6358,1691.5851,625.5446,1674.0789,633224078268910,633224110591775
751.1504,1753.4929,658.1796,1691.5851,633224110805108,633224141355525
772.3718,1701.1394,702.6358,1691.5851,633224142271046,633224174818181
685.47296,1688.5443,685.47296,1691.5851,633224174923025,633224207148442
544.3687,1012.18274,685.47296,1691.5851,633224207251723,633224239782869
443.98804,505.8515,685.47296,1688.5443,633224239893702,633224271087348
394.09827,577.00116,544.3687,1012.18274,633224271180108,633224302048285
398.2972,495.4691,443.98804,577.00116,633224302158442,633224335348962
325.40784,292.07532,398.2972,577.00116,633224335465525,633224368447348
513.8714,414.58533,443.98804,495.4691,633224368560317,633224403215994
541.69934,508.26877,443.98804,508.26877,633224403410369,633224436100681
622.3646,702.7758,513.8714,508.26877,633224436302660,633224469370473
529.699,903.96356,529.699,508.26877,633224469535941,633224511982816
403.192,831.4704,513.8714,702.7758,633224512279223,633224544268910
217.78596,853.0713,513.8714,831.4704,633224544513754,633224574519223
240.02174,767.8136,403.192,767.8136,633224574666202,633224606644639
297.49274,773.51794,297.49274,773.51794,633224607684379,633224639938754
209.28624,695.7641,297.49274,767.8136,633224641664327,633224677005473
211.47418,620.2136,297.49274,767.8136,633224677196879,633224710555941
220.18707,694.17664,220.18707,695.7641,633224710755525,633224744047452
323.63815,694.7368,297.49274,694.7368,633224744251566,633224776098285
233.84828,648.98126,233.84828,694.7368,633224776300785,633224808767868
211.07515,654.736,233.84828,694.7368,633224808907608,633224844361879
297.95187,598.48047,233.84828,654.736,633224844540264,633224881544118
207.43304,635.4696,233.84828,654.736,633224881721618,633224914314795
287.63245,686.7145,233.84828,654.736,633224914495837,633224948712660
201.82341,647.69977,233.84828,654.736,633224948887243,633224981400212
134.93713,581.05914,233.84828,654.736,633224981599066,633225013240473
126.32076,587.9773,201.82341,647.69977,633225013424275,633225044497139
126.10597,615.8058,134.93713,615.8058,633225044631566,633225076199691
112.366684,616.2604,126.32076,616.2604,633225076429691,633225109337035
160.66542,620.41626,134.93713,616.2604,633225109512660,633225140300681
189.58167,805.0186,134.93713,616.2604,633225140435420,633225175834066
209.85692,747.6687,160.66542,620.41626,633225176055785,633225206927608
150.12857,713.52185,150.12857,713.52185,633225207121462,633225238235525
110.830055,606.6991,150.12857,620.41626,633225238334431,633225279491150
116.61015,661.0707,150.12857,661.0707,633225279673493,633225310125264
150.23366,691.37476,150.12857,661.0707,633225310287035,633225345466410
112.221176,627.8575,150.12857,661.0707,633225345587920,633225377810160
148.13882,627.40466,150.12857,661.0707,633225377985056,633225410210889
197.4574,694.68854,150.12857,661.0707,633225410328337,633225444166410
181.56778,704.0581,150.12857,661.0707,633225444343181,633225477922868
259.83344,708.9769,181.56778,694.68854,633225478109639,633225510078910
251.09268,655.9001,181.56778,661.0707,633225510249170,633225543744326
235.15796,767.0336,235.15796,694.68854,633225543904274,633225579322868
277.93912,781.7489,235.15796,694.68854,633225579502556,633225617825837
260.38284,871.80005,235.15796,767.0336,633225617971566,633225655521879
298.01544,1648.9431,260.38284,781.7489,633225656656931,633225697366462
295.65884,1693.7245,260.38284,871.80005,633225697540004,633225732636410
335.65887,1818.4182,295.65884,1648.9431,633225732753753,633225767926097
325.5406,1748.2253,295.65884,1693.7245,633225768204535,633225815958233
340.83884,1735.4023,325.5406,1735.4023,633225816110889,633225850264743
533.58575,1721.2451,325.5406,1721.2451,633225850402087,633225884580316
495.9557,1834.4847,340.83884,1735.4023,633225887481201,633225920428233
501.36835,1817.0878,495.9557,1735.4023,633225921219795,633225953317712
452.3678,1796.7854,452.3678,1796.7854,633225953672712,633225989825889
439.48453,1867.7706,452.3678,1796.7854,633225989972503,633226023569430
487.89774,1845.1162,452.3678,1796.7854,633226024385212,633226058224847
480.4476,1804.8105,452.3678,1804.8105,633226059654483,633226091666149
431.82086,1825.146,452.3678,1804.8105,633226092773858,633226125040628
468.17728,1895.6733,452.3678,1804.8105,633226126800993,633226159325524
509.50845,1799.5482,452.3678,1804.8105,633226159444326,633226196687087
576.40234,1766.9655,468.17728,1804.8105,633226196801253,633226232096045
502.34332,1763.3855,502.34332,1799.5482,633226232289118,633226270391097
553.88806,1808.8346,502.34332,1804.8105,633226270515420,633226303037295
525.0092,1791.5667,502.34332,1799.5482,633226304898285,633226336156774
484.8606,1933.3887,502.34332,1804.8105,633226336392139,633226371028701
288.61758,1684.1339,502.34332,1799.5482,633226371167503,633226404529482
296.73514,1630.1987,484.8606,1799.5482,633226404839951,633226439041305
280.38608,1734.4365,296.73514,1734.4365,633226439226357,633226472399639
211.29884,1735.9093,296.73514,1735.9093,633226472584795,633226504153857
356.54306,1722.9917,296.73514,1734.4365,633226504338753,633226536306514
415.23877,1781.8268,296.73514,1735.9093,633226536482712,633226597526670
240.43248,716.50543,296.73514,1734.4365,633226597630628,633226633264326
218.54126,609.25446,296.73514,1734.4365,633226634263389,633226668963701
251.06476,589.49304,251.06476,716.50543,633226669071878,633226702078649
297.03287,621.2951,296.73514,621.2951,633226703007868,633226738920524
201.06563,586.76764,251.06476,621.2951,633226739108076,633226775057972
221.93796,497.06287,251.06476,621.2951,633226775248857,633226805827711
230.57994,536.6977,230.57994,586.76764,633226806005941,633226838212868
198.21384,489.13907,230.57994,536.6977,633226838400159,633226872645211
235.50862,559.5766,230.57994,559.5766,633226872848597,633226905967816
225.38501,517.9601,230.57994,536.6977,633226906138024,633226940154222
157.8885,571.9363,230.57994,559.5766,633226940327451,633226975410941
156.59987,584.33356,225.38501,559.5766,633226975587607,633227007204222
164.56232,616.90765,164.56232,571.9363,633227007325368,633227038491774
176.92378,630.104,176.92378,584.33356,633227038692555,633227072067034
242.25078,584.75665,176.92378,584.75665,633227072223493,633227106216565
165.24704,668.67126,176.92378,584.75665,633227106405576,633227137786982
208.52455,519.0983,176.92378,584.75665,633227137943649,633227172956201
241.14442,715.3881,176.92378,584.75665,633227173153597,633227205519951
248.793,709.16986,208.52455,584.75665,633227205750472,633227237697451
246.22565,616.0578,241.14442,616.0578,633227237884430,633227269088180
350.1865,1391.4065,246.22565,616.0578,633227269265211,633227301149326
365.013,1531.7389,246.22565,616.0578,633227301276513,633227349993805
383.3232,1474.9984,350.1865,1391.4065,633227350129586,633227385350263
366.82715,1352.6461,365.013,1352.6461,633227385521617,633227420485055
262.44867,1377.4175,350.1865,1377.4175,633227423940732,633227455214586
270.13428,1518.6523,350.1865,1377.4175,633227461650940,633227495550055
428.2347,1700.8405,350.1865,1377.4175,633227495630367,633227529439482
494.4497,1848.998,350.1865,1518.6523,633227529539274,633227567998701
462.91153,1856.2081,428.2347,1700.8405,633227568223388,633227603452034
493.28555,1800.3896,462.91153,1800.3896,633227604355628,633227637769899
416.73276,1796.4359,428.2347,1796.4359,633227637961097,633227669554326
454.69794,1867.7611,454.69794,1800.3896,633227669728701,633227704852346
467.04575,1890.5999,454.69794,1800.3896,633227705000784,633227737077711
459.17535,1924.4434,454.69794,1867.7611,633227737250888,633227771683336
321.2815,1785.1111,454.69794,1800.3896,633227771869534,633227808307346
380.5592,1804.9464,454.69794,1804.9464,633227808488649,633227839483232
355.08206,1762.3601,380.5592,1800.3896,633227839629274,633227870471044
374.65778,1149.9615,380.5592,1800.3896,633227870669899,633227902146461
403.05048,1069.6266,380.5592,1762.3601,633227902316565,633227934968805
356.30798,855.4353,380.5592,1149.9615,633227935161201,633227968791461
440.76038,882.4501,380.5592,1069.6266,633227968945628,633228002787711
337.58255,892.1655,380.5592,892.1655,633228004295159,633228038997034
497.60364,859.1594,380.5592,892.1655,633228039165732,633228070187346
454.74893,993.2309,380.5592,892.1655,633228070340471,633228105742763
351.27084,875.30334,380.5592,892.1655,633228105932815,633228137777398
341.46475,838.0642,380.5592,892.1655,633228137916721,633228169720680
428.5696,789.6009,380.5592,875.30334,633228169921461,633228203192919
381.34024,723.682,380.5592,838.0642,633228203389638,633228238313440
427.50812,845.16956,381.34024,845.16956,633228238523128,633228271275575
385.34988,753.9788,381.34024,838.0642,633228271446982,633228304398284
404.7371,655.1099,385.34988,838.0642,633228304548805,633228335963961
403.48056,680.95764,385.34988,753.9788,633228336170211,633228368168961
338.51843,737.27484,385.34988,737.27484,633228368315002,633228402651565
292.9267,603.25494,385.34988,737.27484,633228402803648,633228434617815
331.28687,583.6723,338.51843,737.27484,633228434822398,633228478842555
292.4406,692.3989,331.28687,692.3989,633228479037242,633228511811200
366.12604,939.1153,338.51843,737.27484,633228511901200,633228544705836
368.02087,672.52625,338.51843,692.3989,633228544805836,633228577897346
434.7284,1070.1829,366.12604,737.27484,633228578082034,633228611833388
400.1584,914.999,368.02087,737.27484,633228612092450,633228649866461
345.1392,508.52115,366.12604,737.27484,633228651179169,633228688243804
448.7108,354.63992,368.02087,737.27484,633228688384898,633228721509065
601.13513,1167.5098,368.02087,737.27484,633228721585471,633228754811669
487.61447,1022.8266,448.7108,737.27484,633228755075002,633228787937242
542.95874,759.4272,487.61447,759.4272,633228788922398,633228821574481
476.3595,666.1903,476.3595,737.27484,633228821778179,633228853268856
437.58148,731.2689,476.3595,737.27484,633228853409325,633228888490575
402.5342,711.22974,476.3595,731.2689,633228889680159,633228926043179
377.09628,669.26263,437.58148,731.2689,633228926223856,633228966502815
453.01312,686.90906,453.01312,711.22974,633228966691773,633229004637919
376.80453,692.42,437.58148,692.42,633229004747346,633229036185263
464.49942,680.7273,453.01312,692.42,633229036376408,633229071087086
436.796,730.41284,437.58148,692.42,633229071251773,633229102729377
335.41815,728.1788,437.58148,692.42,633229102925106,633229137042086
283.80725,671.3989,436.796,692.42,633229137264846,633229170784898
331.65488,628.22644,335.41815,692.42,633229170994690,633229201758127
289.54062,615.53595,331.65488,671.3989,633229201969950,633229235232919
271.76553,665.45764,331.65488,665.45764,633229235426773,633229270339221
364.30414,649.3591,331.65488,665.45764,633229270571252,633229300197710
287.69736,727.9188,331.65488,665.45764,633229300380940,633229337450575
424.79446,520.2939,331.65488,665.45764,633229337631929,633229368204377
474.96237,575.0681,331.65488,665.45764,633229368396669,633229399422867
338.1432,723.4759,338.1432,665.45764,633229399596200,633229448742085
517.7373,773.8643,338.1432,665.45764,633229448878231,633229481659221
415.44415,694.40814,338.1432,694.40814,633229482643804,633229515508127
365.7518,719.98425,365.7518,694.40814,633229515662346,633229546335106
432.11044,666.7857,365.7518,694.40814,633229563124950,633229600360002
462.71878,673.1791,365.7518,694.40814,633229600550002,633229633757867
406.7101,666.0047,406.7101,673.1791,633229633957658,633229667175262
418.7727,872.23755,406.7101,694.40814,633229667370419,633229701322867
487.8394,728.4379,406.7101,694.40814,633229701526773,633229735296512
469.80487,687.88965,418.7727,694.40814,633229735472450,633229767006825
396.80872,681.0344,406.7101,694.40814,633229767189012,633229803151356
354.18945,730.13776,406.7101,694.40814,633229803394742,633229834539898
387.74072,802.14453,396.80872,694.40814,633229834724533,633229873068700
415.47256,836.36255,406.7101,730.13776,633229873226617,633229906594273
522.05304,1831.1536,406.7101,802.14453,633229906685106,633229941188648
494.41708,1823.4147,415.47256,836.36255,633229942320106,633229980469950
415.26813,1770.1512,415.26813,1770.1512,633229980642450,633230021186460
516.1174,1822.1294,415.47256,1770.1512,633230021295419,633230056172710
471.7327,1912.0842,415.47256,1770.1512,633230056376929,633230095707762
383.36737,1927.3317,415.47256,1822.1294,633230095846304,633230130214429
372.98785,1960.1101,415.47256,1912.0842,633230130400158,633230166239325
360.25687,1922.1315,383.36737,1922.1315,633230166415627,633230199247502
388.75156,1994.5068,388.75156,1922.1315,633230199421981,633230233212606
319.01807,1943.0486,383.36737,1922.1315,633230233396408,633230268493179
423.23163,1880.4653,388.75156,1922.1315,633230268607293,633230301560314
396.6322,1955.4944,388.75156,1922.1315,633230301749429,633230337549950
417.81967,1706.8815,396.6322,1922.1315,633230337722241,633230369014898
422.15225,1864.8138,396.6322,1922.1315,633230369131043,633230399342554
393.26358,1934.6837,396.6322,1922.1315,633230399528543,633230431930418
400.39294,1851.7567,396.6322,1922.1315,633230432172814,633230464939793
388.21075,1908.4948,396.6322,1922.1315,633230465115731,633230498652762
408.05875,1885.0553,396.6322,1908.4948,633230498797918,633230532102189
479.7449,1917.9877,396.6322,1917.9877,633230532304064,633230564862970
339.9084,1905.4357,396.6322,1908.4948,633230565047658,633230597466981
478.3556,1875.5308,396.6322,1908.4948,633230597612762,633230633091408
435.2181,1762.0511,396.6322,1905.4357,633230633262241,633230669315158
423.46408,1949.8662,423.46408,1908.4948,633230669515054,633230701556929
362.864,1825.741,396.6322,1905.4357,633230701733022,633230734567450
317.34924,1772.921,396.6322,1905.4357,633230734759481,633230766024168
426.32596,1785.7914,396.6322,1825.741,633230766188908,633230799396824
481.32526,1751.6709,396.6322,1785.7914,633230799514533,633230833031824
478.07657,1806.4977,426.32596,1806.4977,633230833128439,633230866443595
607.415,1935.337,478.07657,1806.4977,633230866542137,633230902175887
561.45734,1822.5643,478.07657,1806.4977,633230903416043,633230937253960
573.5595,1851.1375,561.45734,1822.5643,633230937402710,633230971297762
541.6348,1883.9065,541.6348,1822.5643,633230971496981,633231004650366
479.73734,1753.7086,541.6348,1822.5643,633231004796929,633231038967918
667.65125,1679.6395,541.6348,1822.5643,633231039081251,633231070606043
652.81805,1700.2438,541.6348,1753.7086,633231071548335,633231102766929
564.87744,1694.7616,564.87744,1700.2438,633231102884741,633231133604741
578.57635,1693.276,564.87744,1700.2438,633231133732606,633231170758856
455.067,1670.6619,564.87744,1694.7616,633231170856304,633231204063074
432.62888,1663.507,564.87744,1693.276,633231204247293,633231235701303
354.6145,1765.21,455.067,1694.7616,633231236810106,633231266648074
312.00024,1777.5209,432.62888,1694.7616,633231266837085,633231299907449
244.48596,1768.58,354.6145,1765.21,633231300152345,633231332088283
350.18268,1749.8257,350.18268,1749.8257,633231332287033,633231374991147
370.67535,1449.1388,354.6145,1749.8257,633231375426043,633231408160158
487.35123,1014.27905,354.6145,1749.8257,633231408262085,633231442137501
334.0159,854.1696,354.6145,1449.1388,633231442230210,633231474397866
327.31912,853.60425,354.6145,1014.27905,633231474507241,633231507939949
374.01083,906.66,354.6145,906.66,633231508148491,633231541891824
337.02353,1026.2659,354.6145,1014.27905,633231542013074,633231575798178
352.31625,1119.2865,354.6145,1014.27905,633231575914324,633231608297241
247.46703,1031.849,352.31625,1026.2659,633231608397085,633231643879116
264.48236,985.7252,352.31625,1014.27905,633231644036095,633231702432397
309.25742,1021.0688,309.25742,1021.0688,633231702572762,633231740070366
263.06146,1106.2594,309.25742,1021.0688,633231740235887,633231800283335
190.11227,726.9431,309.25742,1021.0688,633231800402241,633231833082605
239.62436,783.4953,263.06146,1021.0688,633231833174532,633231863118699
247.23189,822.8097,247.23189,822.8097,633231863319897,633231904117189
183.20549,730.72595,247.23189,822.8097,633231904221355,633231936691199
210.30293,863.9299,247.23189,822.8097,633231936811303,633231971225887
135.37227,724.0816,210.30293,822.8097,633231971368334,633232005877397
194.18599,945.8078,210.30293,822.8097,633232006029480,633232048084272
220.42879,884.35223,210.30293,822.8097,633232048279532,633232080654689
226.01263,798.02234,210.30293,822.8097,633232081269064,633232111276199
461.563,1311.5267,220.42879,822.8097,633232111458491,633232144447970
573.6925,1971.7977,226.01263,822.8097,633232144623907,633232179852449
486.40988,1806.0446,461.563,1311.5267,633232179993907,633232212977084
423.6966,1785.0367,423.6966,1785.0367,633232213184272,633232248333386
511.81958,1726.2057,461.563,1726.2057,633232248451251,633232284171199
416.361,1756.844,423.6966,1756.844,633232284875834,633232320947293
413.04938,1708.5897,423.6966,1726.2057,633232321035105,633232355149480
370.24283,1526.0903,416.361,1726.2057,633232355255313,633232395463699
543.62555,1875.3427,423.6966,1726.2057,633232395604063,633232430247136
709.4485,1771.5073,423.6966,1726.2057,633232430434116,633232461829428
368.06842,721.26654,423.6966,1726.2057,633232461919376,633232494176772
343.26636,1560.9999,423.6966,1726.2057,633232494327449,633232527053282
321.24274,1633.7308,368.06842,1633.7308,633232527195886,633232559576720
408.8847,1274.5902,408.8847,1633.7308,633232559729636,633232593435053
400.97894,622.1628,400.97894,1633.7308,633232593567240,633232627730261
237.75063,1016.0163,400.97894,1274.5902,633232627880418,633232662159272
599.23505,788.0076,400.97894,1016.0163,633232662353178,633232700554480
601.40125,1353.8909,400.97894,1274.5902,633232700662449,633232732220053
605.22546,1816.7098,599.23505,1274.5902,633232732408803,633232765752917
436.59525,1775.5297,436.59525,1353.8909,633232765969584,633232799322657
507.58298,1829.0938,507.58298,1775.5297,633232799444845,633232830323542
432.63272,1705.9014,436.59525,1705.9014,633232830464688,633232861980990
372.86118,1619.3209,436.59525,1705.9014,633232862111459,633232896452709
440.12592,1775.4725,436.59525,1705.9014,633232896549688,633232933202084
461.30554,1668.3557,436.59525,1705.9014,633232933365157,633232964949219
455.99725,1614.6396,440.12592,1705.9014,633232965130938,633232997159063
483.36417,1719.052,455.99725,1705.9014,633232997349844,633233031389324
433.99347,1761.6364,440.12592,1705.9014,633233031591824,633233065071303
434.12082,1661.921,440.12592,1705.9014,633233065287917,633233098316147
479.57706,1829.8086,440.12592,1705.9014,633233098529115,633233133566042
522.8881,1736.5096,440.12592,1705.9014,633233133760522,633233171223334
475.36185,1760.0371,475.36185,1736.5096,633233172128282,633233205199584
469.14227,1734.4442,469.14227,1734.4442,633233206107188,633233239375157
481.80292,1702.5287,475.36185,1734.4442,633233239551094,633233270805053
483.4894,1737.244,475.36185,1734.4442,633233271087709,633233303950105
505.5031,1696.1943,481.80292,1734.4442,633233304096303,633233343184949
411.36188,1685.3264,475.36185,1734.4442,633233343374636,633233377735678
416.14557,1681.3087,475.36185,1696.1943,633233377826928,633233408459011
391.51297,1607.1932,416.14557,1685.3264,633233408593751,633233441299271
356.3267,1691.8438,416.14557,1691.8438,633233441443751,633233475991563
225.93802,1637.4545,391.51297,1685.3264,633233476187501,633233512173646
306.50357,1735.5789,356.3267,1691.8438,633233512287084,633233542905469
298.4422,1639.9896,306.50357,1685.3264,633233543091928,633233575635469
341.07352,1639.7614,341.07352,1685.3264,633233578494948,633233610189948
322.36575,1669.0553,322.36575,1669.0553,633233610521875,633233644649115
269.78485,1551.9978,322.36575,1669.0553,633233648273021,633233682280730
309.89297,1673.9541,322.36575,1669.0553,633233683383334,633233719541511
354.75336,1711.5234,322.36575,1669.0553,633233720062292,633233754512240
417.45062,1797.7057,322.36575,1673.9541,633233754626042,633233786660886
412.96863,1697.305,354.75336,1697.305,633233786757344,633233821114948
455.07477,1693.7583,412.96863,1693.7583,633233821253698,633233856225521
507.36536,1688.6573,412.96863,1693.7583,633233856427240,633233891274532
403.77274,1691.7072,412.96863,1693.7583,633233892042813,633233925910261
399.35803,1546.4052,412.96863,1691.7072,633233926096198,633233958090990
411.09274,1577.0145,411.09274,1691.7072,633233958276198,633233991765990
371.53973,1491.6079,411.09274,1577.0145,633233991944323,633234025277657
314.60385,1590.188,411.09274,1590.188,633234025463177,633234060664792
368.62317,1762.315,371.53973,1590.188,633234060852657,633234093240573
242.54059,1710.9568,368.62317,1590.188,633234093424323,633234126309323
312.1107,1662.8337,368.62317,1662.8337,633234126504584,633234160351198
374.22513,1741.9609,368.62317,1662.8337,633234160445521,633234195105365
312.87015,1798.7899,368.62317,1662.8337,633234195213802,633234229028125
274.28232,1810.7512,368.62317,1741.9609,633234229230365,633234263086927
195.25063,1792.4688,312.87015,1792.4688,633234263260000,633234307195000
232.74852,1793.0409,274.28232,1792.4688,633234307289167,633234341462656
316.75833,1715.8809,312.87015,1792.4688,633234341642344,633234372394636
192.4186,1896.6381,274.28232,1792.4688,633234372557136,633234405375886
225.91618,1721.9762,274.28232,1792.4688,633234405590417,633234436717084
184.34215,1780.9801,225.91618,1792.4688,633234436877969,633234469693281
350.25443,1804.82,274.28232,1792.4688,633234469864896,633234505881875
351.16782,1883.7727,274.28232,1792.4688,633234506056146,633234543051250
390.4685,1765.9062,350.25443,1792.4688,633234543215156,633234577846042
299.5481,1651.7039,299.5481,1792.4688,633234579739792,633234615511615
340.28845,1625.1069,340.28845,1765.9062,633234615685365,633234648448958
327.74942,1684.4379,327.74942,1684.4379,633234648548594,633234681779531
388.8912,1605.1798,340.28845,1684.4379,633234681869844,633234713153646
340.52875,1550.726,340.28845,1684.4379,633234714279167,633234746422865
426.67026,1637.4645,340.52875,1637.4645,633234746600938,633234779251927
485.49963,1676.9349,340.52875,1676.9349,633234781014427,633234819756042
420.75983,1502.6393,420.75983,1637.4645,633234820672760,633234853229115
285.80807,1047.0951,340.52875,1637.4645,633234853394896,633234888249583
288.47714,986.8109,340.52875,1502.6393,633234888426615,633234924209896
424.4328,866.35016,340.52875,1047.0951,633234924390677,633234957721927
404.59988,654.4462,340.52875,986.8109,633234957882656,633234991420208
314.99118,578.50604,340.52875,866.35016,633234991519479,633235023538958
293.2268,556.4825,340.52875,654.4462,633235025099219,633235058880156
318.23694,477.51514,318.23694,578.50604,633235058981875,633235092287969
255.85484,499.83142,318.23694,556.4825,633235092389792,633235125420989
270.70468,546.47394,318.23694,546.47394,633235125587708,633235159592500
276.0209,495.75998,276.0209,546.47394,633235159783854,633235195271614
211.90512,450.87457,276.0209,546.47394,633235195495573,633235229480052
314.64966,435.38657,276.0209,495.75998,633235229677031,633235262461302
254.21877,532.02075,276.0209,532.02075,633235262568594,633235299066927
239.30782,473.0196,276.0209,495.75998,633235299183125,633235333728437
212.90886,464.96222,254.21877,495.75998,633235333821719,633235366047031
214.82803,481.52383,239.30782,481.52383,633235367077500,633235400291458
147.40028,457.48163,214.82803,481.52383,633235400418750,633235448575416
156.84474,407.92093,214.82803,481.52383,633235448658541,633235482909114
202.55293,404.0065,202.55293,457.48163,633235485223489,633235516201041
227.47864,364.86554,214.82803,407.92093,633235517002239,633235549365885
165.0589,371.86435,202.55293,404.0065,633235550867760,633235585103333
132.67516,388.77643,202.55293,388.77643,633235585269687,633235620705260
116.975586,392.0097,165.0589,392.0097,633235621027396,633235654427708
129.32951,386.1691,132.67516,388.77643,633235654574531,633235687588281
140.03064,372.15765,140.03064,388.77643,633235687723177,633235722977968
140.5338,522.4084,140.03064,388.77643,633235723151302,633235757487291
165.47472,491.80548,140.03064,388.77643,633235757668177,633235793278020
136.76723,379.79453,140.03064,388.77643,633235793402708,633235828438333
153.1581,370.0309,140.03064,388.77643,633235828532968,633235859041354
337.73087,797.0063,140.03064,388.77643,633235859188958,633235893210312
459.9825,1212.9144,153.1581,388.77643,633235893392604,633235933300677
547.2783,1203.0942,337.73087,797.0063,633235933414948,633235965522395
568.06824,1307.7933,459.9825,1203.0942,633235965683281,633236024129322
532.4128,1351.7395,532.4128,1203.0942,633236024239010,633236058870677
339.51202,1634.6227,459.9825,1307.7933,633236058978125,633236095396510
368.91235,1277.9178,459.9825,1277.9178,633236095510468,633236126648697
284.42902,1979.8132,368.91235,1307.7933,633236126769531,633236159823541
264.81967,1366.6576,368.91235,1307.7933,633236159993802,633236191361822
342.6733,1100.3303,342.6733,1307.7933,633236191510572,633236226499427
469.2915,1633.189,368.91235,1307.7933,633236226614843,633236260334843
603.58203,1518.7283,368.91235,1307.7933,633236260446093,633236297352968
623.13586,1868.022,469.2915,1518.7283,633236297461770,633236331921145
620.58246,1805.9266,603.58203,1518.7283,633236332939583,633236367028177
667.8493,1711.3981,620.58246,1711.3981,633236367215468,633236400589218
582.2095,1705.3905,603.58203,1705.3905,633236400777031,633236431454427
525.07745,1615.0413,603.58203,1705.3905,633236431604895,633236462752916
384.8305,1618.0289,582.2095,1705.3905,633236462888958,633236493836301
464.4629,1496.5751,525.07745,1618.0289,633236493966458,633236524636770
410.83783,1636.305,464.4629,1636.305,633236524826874,633236556530468
363.3925,1771.2302,464.4629,1636.305,633236556688749,633236589263645
478.04663,1723.316,464.4629,1636.305,633236589451822,633236626805104
417.1287,1696.3856,464.4629,1696.3856,633236626922760,633236660593228
368.748,1577.4746,464.4629,1636.305,633236660797656,633236713767031
393.8503,1642.0028,417.1287,1642.0028,633236713912499,633236751161406
435.98383,1580.08,435.98383,1636.305,633236753602968,633236788907031
411.01785,1556.7964,417.1287,1636.305,633236789090103,633236822840781
408.5102,1576.8549,417.1287,1580.08,633236823021041,633236859952968
380.9382,1545.9132,411.01785,1576.8549,633236860232760,633236895436301
380.2189,1550.1193,408.5102,1576.8549,633236895650155,633236928872551
423.29343,1557.7307,411.01785,1557.7307,633236928980989,633236965892447
490.6858,1486.2245,411.01785,1557.7307,633236966067030,633237000274739
387.55804,1602.974,411.01785,1557.7307,633237000459999,633237034014374
411.75153,1766.3757,411.01785,1557.7307,633237034222812,633237064839999
454.22546,1661.5916,411.01785,1602.974,633237065024530,633237100111405
382.6291,1646.1914,411.01785,1646.1914,633237100285051,633237136360624
424.15955,1761.396,411.01785,1646.1914,633237136551770,633237168603280
465.09064,1737.9601,411.01785,1646.1914,633237168749322,633237201825832
410.65833,1775.9579,411.01785,1737.9601,633237202024218,633237248116041
453.65518,1899.1042,411.01785,1737.9601,633237248312864,633237280526145
399.2588,1712.7959,411.01785,1737.9601,633237280704582,633237313592187
433.1956,1545.6283,411.01785,1737.9601,633237315107603,633237348834687
386.36423,1594.793,411.01785,1712.7959,633237348963645,633237385383749
350.25156,1492.7457,411.01785,1594.793,633237385493853,633237424656874
277.76947,1608.7976,386.36423,1608.7976,633237424874687,633237461383593
373.5677,1472.8198,373.5677,1594.793,633237461938384,633237494861926
349.7815,1491.9359,373.5677,1594.793,633237494961718,633237528225051
357.92084,1459.2758,373.5677,1491.9359,633237529267864,633237561269634
364.0685,1428.9049,364.0685,1491.9359,633237561714895,633237597391301
353.83252,1481.5564,364.0685,1481.5564,633237597508801,633237631682186
355.8546,1483.9315,364.0685,1483.9315,633237631870155,633237664950468
326.34915,1506.1093,355.8546,1483.9315,633237665118697,633237696610207
338.96194,1612.7264,355.8546,1483.9315,633237696766249,633237728804634
274.81464,1390.3748,338.96194,1483.9315,633237730404218,633237762743905
333.63245,1529.617,338.96194,1483.9315,633237762930884,633237796573124
320.4949,1588.3547,333.63245,1483.9315,633237797625103,633237831667395
351.52777,1531.7156,338.96194,1529.617,633237831851145,633237864645936
363.91653,1475.5472,338.96194,1483.9315,633237864844895,633237900186666
370.38437,1635.4912,351.52777,1529.617,633237900299061,633237932992551
384.33994,1638.4454,363.91653,1529.617,633237933187603,633237965488228
402.6451,1513.0863,370.38437,1529.617,633237965584270,633237999374478
417.63806,1534.7365,384.33994,1529.617,633237999461978,633238028816197
449.37567,1320.9275,402.6451,1529.617,633238028999530,633238064516770
263.57895,660.1788,384.33994,1529.617,633238064628645,633238097176093
321.64053,674.7157,384.33994,1320.9275,633238097364270,633238127918228
286.79694,635.0729,321.64053,674.7157,633238128202134,633238159497134
234.43118,608.704,321.64053,674.7157,633238159608540,633238190681926
248.55453,649.39923,286.79694,649.39923,633238190791092,633238224645259
249.5062,581.65216,249.5062,649.39923,633238224747707,633238258264009
151.39586,696.43726,249.5062,649.39923,633238258387186,633238293027447
185.06949,644.94244,249.5062,649.39923,633238293141874,633238327792030
264.00552,638.21796,249.5062,649.39923,633238327981301,633238359190155
237.99834,654.2222,249.5062,649.39923,633238359294999,633238397903488
266.13727,641.2015,249.5062,649.39923,633238398092759,633238431284478
251.2421,698.6711,249.5062,649.39923,633238431475676,633238462493957
247.52722,785.7742,249.5062,649.39923,633238462671874,633238495564530
225.62047,769.3542,249.5062,698.6711,633238495787863,633238527046822
199.95964,745.7749,247.52722,745.7749,633238527262863,633238558854113
231.51976,720.49774,231.51976,720.49774,633238559248436,633238593813384
191.84372,743.1151,231.51976,743.1151,633238593943124,633238627370676
286.4637,826.2974,231.51976,743.1151,633238627482551,633238667692707
261.3664,652.0965,231.51976,743.1151,633238667898332,633238698302811
311.67383,717.61774,261.3664,743.1151,633238698476144,633238730086353
287.3424,665.1276,261.3664,717.61774,633238730282915,633238764089842
278.41138,669.8713,278.41138,717.61774,633238764281092,633238799724269
235.56221,637.7189,261.3664,669.8713,633238799912551,633238832473801
190.8678,507.68216,261.3664,669.8713,633238832626092,633238864160780
189.08807,523.8342,235.56221,637.7189,633238864779165,633238894443488
235.51898,421.99377,235.51898,523.8342,633238894630728,633238929098488
194.04312,534.1812,235.51898,534.1812,633238929258228,633238959195676
169.57262,479.61157,235.51898,523.8342,633238959321144,633238990297655
192.84196,485.52084,194.04312,523.8342,633238990409478,633239023352290
162.70778,483.52844,192.84196,485.52084,633239023458384,633239059579009
219.33247,486.13766,194.04312,486.13766,633239059737603,633239092791196
268.23547,504.32437,194.04312,486.13766,633239092918071,633239126003853
282.98434,602.095,219.33247,486.13766,633239126188592,633239158590728
297.88446,543.82556,268.23547,504.32437,633239158723592,633239191475623
340.8143,601.4748,282.98434,543.82556,633239192619686,633239229572238
291.83978,610.93695,291.83978,543.82556,633239229752863,633239266364998
294.4823,493.56488,291.83978,543.82556,633239266529530,633239301004165
307.29877,595.1012,291.83978,543.82556,633239301204009,633239336218227
209.51706,519.8258,291.83978,543.82556,633239336403540,633239371419477
144.89095,463.07858,291.83978,543.82556,633239371604425,633239409189425
141.82297,440.32382,209.51706,519.8258,633239409326040,633239442030675
131.76714,418.08923,144.89095,463.07858,633239442189321,633239481671040
125.60748,396.41827,141.82297,440.32382,633239481850623,633239514367029
149.96114,483.50436,144.89095,463.07858,633239514545727,633239550908332
222.84856,516.092,144.89095,463.07858,633239551097550,633239587047498
197.25937,472.89117,149.96114,472.89117,633239587149425,633239634365467
145.95564,464.7487,145.95564,464.7487,633239634468332,633239676294790
297.984,685.27325,149.96114,472.89117,633239676426977,633239712381404
402.13214,708.397,149.96114,472.89117,633239713203852,633239744759269
350.2465,898.21436,297.984,685.27325,633239744935467,633239778616040
349.57086,594.64185,349.57086,594.64185,633239778732863,633239810551040
375.4869,315.7722,349.57086,594.64185,633239811073227,633239843601300
236.68091,645.6594,349.57086,594.64185,633239843760519,633239878284790
383.29572,623.2553,349.57086,594.64185,633239878432602,633239911518175
260.0741,476.89557,349.57086,594.64185,633239911670050,633239943547238
282.53656,557.8927,349.57086,594.64185,633239943726404,633239977547550
309.38184,538.40753,309.38184,557.8927,633239977685311,633240009151613
285.74033,462.88132,309.38184,557.8927,633240010925311,633240045734269
279.72653,371.21387,309.38184,538.40753,633240045906821,633240078212758
233.16345,420.7451,285.74033,462.88132,633240078710936,633240113057863
593.9136,1121.845,309.38184,538.40753,633240114692758,633240147883696
672.7755,1339.7502,309.38184,538.40753,633240147982394,633240180249581
675.48303,1495.8657,593.9136,1121.845,633240180418904,633240213161925
672.3552,1423.7151,672.3552,1339.7502,633240213327342,633240247191040
665.77985,1357.6909,665.77985,1357.6909,633240247362238,633240279436508
705.58417,1497.6548,672.3552,1357.6909,633240279604113,633240313870675
659.4174,1388.2867,665.77985,1357.6909,633240314045831,633240348852863
681.98676,1529.9712,672.3552,1388.2867,633240349050415,633240383997758
656.0973,1491.28,665.77985,1388.2867,633240384202185,633240418515519
675.83203,1385.0386,672.3552,1388.2867,633240418614581,633240453379529
659.4304,1367.7776,665.77985,1388.2867,633240453472446,633240498245519
667.15765,1383.4277,667.15765,1385.0386,633240498353279,633240528935467
625.7237,1429.153,665.77985,1388.2867,633240529102810,633240563255883
550.23096,1469.3276,665.77985,1388.2867,633240563437654,633240605418383
569.6765,1377.5612,625.7237,1388.2867,633240605581092,633240640621769
527.8013,1498.3341,569.6765,1388.2867,633240640738175,633240674358279
504.45737,1514.4158,569.6765,1388.2867,633240674535206,633240709704217
452.04025,1583.0244,527.8013,1498.3341,633240710988644,633240745310154
432.24213,1656.7279,504.45737,1514.4158,633240745528696,633240778484998
350.54,1666.8346,452.04025,1583.0244,633240778651248,633240812168227
255.80536,1593.6373,432.24213,1593.6373,633240812347394,633240848333279
258.41904,1575.9529,350.54,1583.0244,633240848421196,633240880426977
215.76762,1596.252,258.41904,1593.6373,633240880530258,633240914571144
259.04974,1592.9158,259.04974,1592.9158,633240915572914,633240959447498
315.61725,1568.9844,259.04974,1592.9158,633240959544633,633240990261352
376.9992,1681.2905,259.04974,1592.9158,633240990435831,633241024170050
452.19464,1595.0691,315.61725,1592.9158,633241024352758,633241058485831
618.21106,1508.9286,376.9992,1592.9158,633241058623279,633241096260935
560.6499,1464.824,452.19464,1592.9158,633241096399946,633241134859164
576.4453,1416.7286,560.6499,1508.9286,633241134994893,633241167134477
657.26044,1348.3257,560.6499,1464.824,633241167221352,633241200688123
660.7919,1360.068,576.4453,1416.7286,633241200822446,633241232234946
641.4585,1377.3993,641.4585,1377.3993,633241232333748,633241262440623
593.0934,1336.9911,593.0934,1377.3993,633241262530831,633241293913123
524.8468,1395.2815,593.0934,1377.3993,633241294075779,633241325052289
454.14886,1407.6035,593.0934,1377.3993,633241325247029,633241359419164
474.76187,1429.5825,524.8468,1395.2815,633241360393018,633241391152341
453.24783,1486.3298,474.76187,1407.6035,633241391303643,633241424227185
494.58752,1433.772,494.58752,1429.5825,633241424439425,633241455275623
440.19073,1526.3457,474.76187,1433.772,633241456623122,633241487712497
506.552,1435.5643,494.58752,1433.772,633241487882289,633241521257497
497.14328,1503.9988,494.58752,1435.5643,633241521434112,633241557132185
491.65237,1459.1249,494.58752,1435.5643,633241558677341,633241590969425
428.63843,1463.7432,494.58752,1459.1249,633241591442237,633241620458018
308.1046,1439.2649,491.65237,1439.2649,633241620601143,633241665973643
355.2431,1498.7559,428.63843,1459.1249,633241666200935,633241699741716
284.79654,1509.9294,355.2431,1459.1249,633241699834945,633241732730987
356.62842,1550.796,356.62842,1498.7559,633241732834529,633241764366872
347.9936,1561.2516,355.2431,1509.9294,633241764470570,633241798995779
341.23456,1511.125,355.2431,1511.125,633241799140779,633241831928435
324.57733,1535.0715,347.9936,1511.125,633241832107706,633241868611247
327.2652,1576.9779,341.23456,1511.125,633241869514737,633241906465258
338.97906,1539.5043,338.97906,1535.0715,633241906656091,633241942721143
448.18073,1038.5576,341.23456,1511.125,633241942905622,633241975517133
421.5893,946.2318,341.23456,1511.125,633241975705414,633242008975101
579.86176,888.5795,421.5893,1038.5576,633242009161508,633242050495518
509.29672,929.69086,421.5893,946.2318,633242050589060,633242086962914
471.08096,859.95575,471.08096,929.69086,633242087153643,633242121541351
414.158,847.29956,421.5893,929.69086,633242121728643,633242156905310
467.06146,856.2764,467.06146,859.95575,633242157105466,633242189663539
507.94843,761.5207,467.06146,856.2764,633242189844789,633242225462549
492.65192,807.64844,467.06146,856.2764,633242225639528,633242260278956
566.0369,759.6803,492.65192,807.64844,633242260466403,633242292149581
506.06744,777.2941,492.65192,807.64844,633242292338591,633242323294581
462.4915,848.24286,492.65192,807.64844,633242323474008,633242354698591
308.54028,768.4297,492.65192,807.64844,633242354872549,633242388449424
254.919,729.99713,462.4915,807.64844,633242388653747,633242421308330
225.0027,701.0248,308.54028,768.4297,633242421469737,633242454320049
241.6991,647.17084,254.919,729.99713,633242454503695,633242491558278
306.35434,608.7564,306.35434,701.0248,633242491744841,633242524995935
269.25388,684.3822,269.25388,684.3822,633242525186143,633242558831768
345.77362,504.78665,306.35434,684.3822,633242560398278,633242591515570
294.20758,640.5325,294.20758,684.3822,633242591669580,633242620987914
337.5312,633.035,306.35434,640.5325,633242621162185,633242656203799
284.3324,652.0376,294.20758,652.0376,633242656619372,633242690675622
386.0761,573.89453,306.35434,640.5325,633242690818539,633242727028278
427.38873,1021.81616,306.35434,652.0376,633242727202757,633242760149685
473.4246,1646.9756,386.0761,652.0376,633242760292393,633242795013174
513.851,1547.0669,427.38873,1021.81616,633242795181039,633242827913799
523.50275,1447.9685,473.4246,1447.9685,633242828129632,633242861319059
406.9921,1576.4152,427.38873,1447.9685,633242861562653,633242894786299
377.71295,1553.6606,427.38873,1447.9685,633242894985205,633242927116768
395.9072,1554.5676,406.9921,1553.6606,633242927276403,633242958879059
389.19348,1558.9738,395.9072,1553.6606,633242959028278,633242992039997
404.23322,1560.2095,404.23322,1554.5676,633242992149841,633243023703591
385.3756,1643.1215,395.9072,1558.9738,633243024104789,633243057343434
485.0055,1423.7347,404.23322,1554.5676,633243057968122,633243089110726
453.28375,1614.0765,404.23322,1558.9738,633243089264997,633243121045049
457.32013,1585.5757,453.28375,1558.9738,633243121223174,633243154825257
484.7677,1460.339,453.28375,1558.9738,633243154963747,633243189969424
480.67993,1454.8483,457.32013,1558.9738,633243190155778,633243223661299
419.78442,1583.5164,453.28375,1558.9738,633243223805466,633243257208591
454.6002,1584.501,454.6002,1558.9738,633243257356716,633243291257653
434.5053,1626.2217,453.28375,1583.5164,633243291445413,633243326669111
488.32248,1542.2245,454.6002,1558.9738,633243326864580,633243359624893
456.2605,1555.6871,454.6002,1558.9738,633243359748643,633243390626924
428.84805,1598.1967,454.6002,1558.9738,633243390828695,633243423815674
393.27524,1706.8279,454.6002,1558.9738,633243423999007,633243456267861
491.89224,1593.6119,454.6002,1593.6119,633243456358643,633243488090361
501.20438,1511.8466,454.6002,1558.9738,633243488221611,633243518845986
481.3392,1549.2076,481.3392,1558.9738,633243519343955,633243549892445
423.85153,1663.3665,454.6002,1558.9738,633243550046715,633243585835361
454.3276,1527.919,454.6002,1558.9738,633243586006715,633243617229528
475.98785,1595.0624,454.6002,1558.9738,633243617408278,633243650357965
498.0293,1607.2594,454.6002,1558.9738,633243650521455,633243687237132
484.29733,1585.2462,475.98785,1585.2462,633243687426142,633243719750882
540.33624,1645.874,484.29733,1585.2462,633243719943174,633243750895413
550.62134,1514.1091,484.29733,1585.2462,633243751100622,633243783423642
569.7072,1577.4207,540.33624,1585.2462,633243783607392,633243816856038
665.98505,1577.7831,550.62134,1577.7831,633243817024945,633243854262913
634.54083,1509.9086,569.7072,1577.7831,633243854426403,633243888437392
570.9334,1595.8264,570.9334,1577.7831,633243888622444,633243919986611
518.2388,1627.7397,569.7072,1577.7831,633243920111403,633243953129632
529.6319,1545.4127,569.7072,1577.7831,633243953450101,633243984597965
578.1002,1542.483,569.7072,1577.7831,633243985221611,633244018196663
585.8638,1528.1732,569.7072,1545.4127,633244018413069,633244055150622
592.7982,1561.9366,578.1002,1561.9366,633244055336559,633244086908486
585.3486,1563.4963,585.3486,1561.9366,633244087062965,633244118441924
600.00745,1485.121,585.3486,1561.9366,633244118654371,633244151802705
638.5511,1470.8407,585.3486,1561.9366,633244151993903,633244183421090
577.0469,1452.6724,585.3486,1485.121,633244183599944,633244218077653
557.8313,1404.205,585.3486,1470.8407,633244218272028,633244254944424
572.9413,1319.4354,577.0469,1452.6724,633244255128382,633244290179476
531.40564,1472.1664,572.9413,1470.8407,633244290289424,633244325996767
586.68463,1446.3484,577.0469,1452.6724,633244326149684,633244367413746
555.6458,1413.8087,572.9413,1452.6724,633244367581923,633244407231246
566.2608,1391.276,572.9413,1446.3484,633244407343278,633244443343226
546.2064,1554.4459,566.2608,1452.6724,633244443448903,633244484852653
535.3409,1483.9971,566.2608,1452.6724,633244484979996,633244515416507
449.28278,1458.4171,546.2064,1458.4171,633244515595205,633244549615934
403.1395,1469.7925,535.3409,1458.4171,633244549805569,633244586247705
431.71384,1564.8998,449.28278,1458.4171,633244586430309,633244617696663
388.3391,1551.2095,431.71384,1469.7925,633244617879111,633244651889580
454.7747,1522.582,449.28278,1522.582,633244652120048,633244685633538
448.00705,1536.8649,448.00705,1522.582,633244685812600,633244718067965
531.8677,1524.657,449.28278,1522.582,633244718235986,633244755388121
517.10474,1556.3315,449.28278,1524.657,633244755498173,633244786736350
438.8113,1507.1338,449.28278,1522.582,633244786978694,633244819171194
531.33,1580.8923,449.28278,1524.657,633244819363746,633244851335725
461.4181,1611.7089,449.28278,1524.657,633244851518486,633244890645152
396.30255,1484.7471,449.28278,1524.657,633244890751611,633244927296507
459.90894,1615.675,449.28278,1524.657,633244927398277,633244957772652
451.5797,1572.0366,449.28278,1524.657,633244957889996,633244990728329
499.17444,1476.8818,451.5797,1524.657,633244990890257,633245021069788
422.87177,1558.3801,449.28278,1524.657,633245021259736,633245050688382
359.72818,1692.9265,449.28278,1524.657,633245050829632,633245082464527
403.0963,1660.6086,422.87177,1558.3801,633245082663434,633245121083590
388.2614,1731.2843,403.0963,1660.6086,633245121300100,633245153660673
399.18143,1615.3718,403.0963,1615.3718,633245153804059,633245183057444
335.76318,1746.4652,399.18143,1660.6086,633245183210413,633245214568954
313.98956,1722.7606,399.18143,1660.6086,633245214664788,633245246164059
355.19708,1766.7098,355.19708,1722.7606,633245246349892,633245279602965
255.76021,1193.89,355.19708,1660.6086,633245279703017,633245310302756
380.06628,919.6279,355.19708,1660.6086,633245310416090,633245343857340
286.69598,752.44727,355.19708,1193.89,633245346542704,633245379490673
351.67563,835.0343,355.19708,919.6279,633245380085152,633245417239840
334.39542,839.2413,351.67563,839.2413,633245417433746,633245448594267
314.89337,814.4899,351.67563,839.2413,633245448783746,633245486100204
295.95978,809.1619,334.39542,839.2413,633245487472131,633245519731819
375.3251,776.9661,351.67563,814.4899,633245519908225,633245552269006
433.68857,945.75055,351.67563,839.2413,633245552373225,633245586061142
390.51392,864.59204,375.3251,839.2413,633245586183121,633245616905048
429.38776,946.41595,390.51392,864.59204,633245617063590,633245651212913
424.92447,934.1004,390.51392,864.59204,633245651489840,633245681648954
460.35007,882.15314,424.92447,882.15314,633245682260673,633245718016871
463.4524,882.80096,424.92447,882.15314,633245718204006,633245750547392
364.75177,989.55347,424.92447,882.15314,633245750742860,633245791403121
440.6668,838.4393,424.92447,882.15314,633245791594475,633245824147652
448.0284,858.76697,424.92447,882.15314,633245824256402,633245856315100
418.28772,862.33496,424.92447,862.33496,633245856409579,633245889977600
362.534,813.18695,424.92447,862.33496,633245890083173,633245926727756
351.16656,817.3622,418.28772,862.33496,633245926824267,633245960427079
517.1908,827.2293,424.92447,827.2293,633245961442287,633245993896090
407.66016,810.4356,418.28772,827.2293,633245994095933,633246029421871
360.12778,807.5518,418.28772,827.2293,633246029560621,633246063430048
436.86063,327.6763,418.28772,810.4356,633246063862079,633246097714892
481.44446,192.2249,418.28772,807.5518,633246097841298,633246129409683
349.95587,357.70166,418.28772,357.70166,633246129528069,633246162824996
518.00543,277.73627,418.28772,357.70166,633246166022912,633246200386194
512.3999,319.09528,418.28772,357.70166,633246202461350,633246234317027
431.34763,422.43515,431.34763,357.70166,633246234407860,633246267452444
413.6017,321.0007,418.28772,357.70166,633246267605256,633246302052287
300.39404,314.12994,418.28772,357.70166,633246302208173,633246333924006
370.52835,263.0337,413.6017,321.0007,633246334092027,633246365453225
376.1099,263.8706,376.1099,314.12994,633246367357756,633246401371350
300.32043,356.47736,376.1099,321.0007,633246401455100,633246435846766
362.9874,401.36667,376.1099,321.0007,633246436031714,633246468198485
435.20856,434.0698,376.1099,356.47736,633246468268694,633246499274318
469.55832,500.41083,376.1099,401.36667,633246499430673,633246532045100
387.96698,492.85052,387.96698,434.0698,633246532163381,633246564251558
416.68347,516.2021,387.96698,492.85052,633246566219475,633246599375621
428.65567,513.04016,387.96698,492.85052,633246601172391,633246631675152
295.13202,516.63947,387.96698,513.04016,633246633839683,633246663676089
354.70126,464.85794,387.96698,492.85052,633246664391350,633246695700256
333.83347,591.02576,354.70126,513.04016,633246695830829,633246730177235
312.26053,589.3721,354.70126,513.04016,633246734722079,633246768309058
410.16684,463.33197,354.70126,513.04016,633246768489683,633246800798173
389.1494,465.4705,354.70126,513.04016,633246800896037,633246832722287
379.58975,531.46747,379.58975,513.04016,633246833126298,633246865394370
272.9688,504.01443,354.70126,513.04016,633246866611975,633246897285204
258.19852,490.582,354.70126,513.04016,633246897363433,633246930780672
275.06686,517.1835,275.06686,513.04016,633246931484475,633246963635516
352.68762,353.15057,352.68762,513.04016,633246964754475,633246996522287
407.08417,350.8616,352.68762,513.04016,633246998206089,633247030076662
440.21906,411.14624,352.68762,411.14624,633247030680568,633247069501454
348.36575,460.4156,352.68762,460.4156,633247070216662,633247109137704
377.5692,433.21725,352.68762,433.21725,633247109320308,633247141950412
397.3741,450.4212,352.68762,450.4212,633247142124006,633247176841558
339.62433,451.6833,352.68762,450.4212,633247177035412,633247219498433
384.08707,429.27762,352.68762,450.4212,633247219669370,633247249695777
284.29532,409.079,352.68762,450.4212,633247249877964,633247282283902
371.5402,597.42584,352.68762,450.4212,633247282462443,633247315757599
469.42447,911.21387,352.68762,450.4212,633247315949214,633247348178329
396.3578,886.98975,371.5402,597.42584,633247348375829,633247381720672
365.05478,703.71466,365.05478,703.71466,633247381869839,633247414298224
355.0434,833.8356,365.05478,703.71466,633247414477912,633247458370985
348.72617,774.16,365.05478,703.71466,633247458574370,633247489921818
397.69122,743.53595,365.05478,743.53595,633247490061714,633247524831974
381.17313,729.9576,365.05478,729.9576,633247525048537,633247556227079
381.5522,774.9184,381.17313,743.53595,633247557236870,633247589907599
424.8561,705.33514,381.17313,729.9576,633247590016610,633247623085620
455.81412,1332.7233,381.5522,743.53595,633247623183276,633247661185256
456.31836,1595.585,424.8561,743.53595,633247661385360,633247722382078
483.88168,1620.2372,455.81412,1332.7233,633247722474006,633247757192547
527.5091,1639.9333,456.31836,1595.585,633247757306506,633247798823641
522.2463,1557.8319,483.88168,1557.8319,633247798899839,633247832625516
552.8046,1507.4551,522.2463,1557.8319,633247832771610,633247866546558
557.2177,1570.1898,522.2463,1557.8319,633247866685985,633247898321453
546.79565,1376.6564,546.79565,1557.8319,633247900197547,633247934051870
648.5328,1371.1995,546.79565,1557.8319,633247935800620,633247969564422
603.4971,1218.9423,546.79565,1376.6564,633247969648328,633248005209318
597.13806,1265.5409,597.13806,1371.1995,633248005553901,633248039207235
518.2276,1341.879,546.79565,1341.879,633248039312443,633248073798849
635.3547,1213.2166,597.13806,1341.879,633248073954370,633248106065672
652.5993,1284.0914,597.13806,1341.879,633248106200360,633248139925672
550.4706,1128.0698,597.13806,1284.0914,633248140141505,633248175159370
418.27753,1187.959,597.13806,1284.0914,633248175281922,633248210223589
398.5058,1317.987,550.4706,1284.0914,633248210438953,633248246806453
480.24945,1117.639,480.24945,1284.0914,633248246997078,633248282885724
448.61246,1100.7253,480.24945,1284.0914,633248283067026,633248319022339
432.60327,1196.6147,480.24945,1196.6147,633248319194630,633248353423589
430.83694,681.30975,448.61246,1196.6147,633248353499839,633248385020151
301.82883,533.62134,432.60327,1196.6147,633248385137912,633248418173641
382.7128,481.4443,430.83694,681.30975,633248418272964,633248448974943
378.11032,549.4972,382.7128,549.4972,633248449173276,633248481246974
348.475,567.5586,382.7128,567.5586,633248481364370,633248517013849
369.17438,590.7891,378.11032,567.5586,633248517823068,633248552041870
389.11975,495.58386,382.7128,567.5586,633248552143172,633248583718276
315.47403,496.54404,378.11032,567.5586,633248583905880,633248615893745
311.83783,495.4705,378.11032,496.54404,633248616140932,633248647826661
280.93985,531.72833,315.47403,531.72833,633248648083016,633248680888172
386.07642,455.86096,378.11032,496.54404,633248681019266,633248713655620
363.966,501.49478,363.966,501.49478,633248714600828,633248750299109
302.10873,470.23917,363.966,496.54404,633248750482286,633248785559630
297.64084,495.67496,363.966,496.54404,633248785645463,633248819138693
311.06915,432.13275,311.06915,495.67496,633248819520359,633248857608536
345.61166,508.20947,345.61166,496.54404,633248857718797,633248893915828
363.99677,500.3947,345.61166,496.54404,633248894102703,633248929376765
277.3403,569.08936,345.61166,500.3947,633248929464005,633248961158015
329.91104,532.66003,345.61166,500.3947,633248961240047,633248994483276
379.1819,483.5475,345.61166,500.3947,633248995264682,633249028983640
382.55554,469.12137,345.61166,500.3947,633249029102651,633249061953484
326.011,500.99554,345.61166,500.3947,633249064640776,633249106815463
351.37653,520.91534,345.61166,500.3947,633249107012286,633249141849109
392.32025,438.6267,345.61166,500.3947,633249142021974,633249176082911
411.95804,390.83353,351.37653,500.3947,633249176271245,633249209943797
404.6915,434.63467,392.32025,438.6267,633249210131557,633249243682286
314.77148,549.27783,351.37653,500.3947,633249243875880,633249277433015
316.49515,419.63034,351.37653,438.6267,633249277614786,633249309249682
277.95325,499.118,316.49515,499.118,633249309430463,633249343365567
419.16614,483.09662,351.37653,483.09662,633249343518172,633249379196401
349.69943,514.66797,349.69943,499.118,633249379384265,633249412044109
405.29785,429.0971,351.37653,483.09662,633249412216713,633249445640151
405.53696,515.6308,351.37653,499.118,633249445814474,633249478922755
452.6454,428.23032,405.29785,483.09662,633249479133797,633249520445672
374.4482,778.67474,374.4482,499.118,633249520585359,633249552834578
471.26614,990.43085,405.29785,499.118,633249552979265,633249586866244
448.6996,1092.4281,405.29785,778.67474,633249587037651,633249617691921
410.69376,1198.4363,410.69376,990.43085,633249617803380,633249650306869
395.6504,1145.4808,405.29785,1092.4281,633249651154474,633249689660515
369.8503,1066.66,405.29785,1066.66,633249689843276,633249722813328
418.47952,1276.5917,405.29785,1092.4281,633249722935046,633249758437546
515.34686,1337.5116,405.29785,1092.4281,633249758602494,633249790576401
470.7526,1394.3281,418.47952,1276.5917,633249790773953,633249824909578
507.13803,1424.5093,470.7526,1337.5116,633249825004838,633249857807078
474.1634,1634.4034,470.7526,1394.3281,633249858151921,633249890842807
488.46658,1622.3816,474.1634,1424.5093,633249890983067,633249924423276
540.6729,1605.0336,474.1634,1605.0336,633249924550046,633249954209838
525.0189,1605.3586,488.46658,1605.0336,633249954394213,633249988552025
673.40015,1481.1646,525.0189,1605.0336,633249988744734,633250019961453
628.5205,1444.2184,525.0189,1605.0336,633250020218900,633250053621140
521.2629,590.308,525.0189,1481.1646,633250053779005,633250086322025
363.73322,1114.6234,525.0189,1444.2184,633250086478536,633250135211453
391.462,1154.4403,521.2629,1154.4403,633250135302390,633250170383692
383.2604,761.527,391.462,1154.4403,633250170562546,633250205124369
460.06253,823.2012,460.06253,1154.4403,633250205314577,633250241519421
455.29507,1004.53766,455.29507,1004.53766,633250241678952,633250275141036
491.42352,1289.0524,460.06253,1154.4403,633250275325515,633250305668640
640.7192,1453.9651,460.06253,1154.4403,633250305837025,633250338571348
681.6391,1685.7863,491.42352,1289.0524,633250338711973,633250371885098
672.3976,1690.3635,640.7192,1453.9651,633250372056036,633250405547911
625.6509,1811.5054,625.6509,1685.7863,633250405718588,633250439132546
593.76996,1717.1066,625.6509,1690.3635,633250439316400,633250473489942
498.98712,1728.0847,625.6509,1717.1066,633250473641036,633250507239525
481.7778,1120.2799,593.76996,1690.3635,633250507406661,633250538902702
349.23862,481.46594,498.98712,1690.3635,633250539079057,633250572884786
348.22955,500.99454,481.7778,1120.2799,633250573056296,633250607837182
367.22003,544.1618,367.22003,544.1618,633250607963744,633250643536973
344.71207,450.15918,367.22003,544.1618,633250643652754,633250675157286
326.04245,470.2686,367.22003,544.1618,633250675323692,633250709288327
309.5279,536.0785,344.71207,536.0785,633250709483744,633250755679681
297.3377,554.2606,326.04245,544.1618,633250755837806,633250791888692
339.4935,524.4144,339.4935,536.0785,633250792068275,633250825776296
282.00345,491.8432,326.04245,536.0785,633250827074265,633250859944681
316.1267,509.02484,326.04245,524.4144,633250861250463,633250895403483
213.72246,607.9347,316.1267,536.0785,633250895593379,633250931115723
166.89029,615.8886,316.1267,536.0785,633250931206973,633250966885150
186.3644,556.1931,213.72246,556.1931,633250967817754,633251003045931
216.85097,526.5846,216.85097,536.0785,633251003225411,633251036560150
204.29883,568.5289,213.72246,556.1931,633251036741036,633251072471765
205.86577,585.6796,213.72246,556.1931,633251072565098,633251106133900
186.4301,527.27277,205.86577,556.1931,633251106234838,633251141055306
167.44028,541.51697,205.86577,556.1931,633251141236400,633251174998952
214.93907,659.8782,205.86577,556.1931,633251175229421,633251207651660
212.48499,610.01935,205.86577,556.1931,633251207804004,633251241347963
207.0751,585.7478,207.0751,585.7478,633251241543483,633251277269994
193.96574,627.4238,205.86577,585.7478,633251277463900,633251310531556
222.33887,608.68,207.0751,585.7478,633251310712025,633251343147494
314.87064,515.98816,207.0751,585.7478,633251343261817,633251382368431
270.9175,446.56088,222.33887,585.7478,633251382558015,633251413618796
391.19827,502.79633,270.9175,515.98816,633251414496035,633251449897702
392.66446,552.5475,270.9175,552.5475,633251450085098,633251482426869
263.71152,525.73004,270.9175,525.73004,633251482632337,633251528352598
217.9713,622.23346,270.9175,552.5475,633251528436452,633251564287129
169.73053,657.1406,263.71152,552.5475,633251565973744,633251601849473
264.62445,476.68564,264.62445,552.5475,633251602798119,633251640256348
207.75046,556.97797,263.71152,552.5475,633251640363483,633251672513900
146.82022,505.2958,263.71152,552.5475,633251672682129,633251707146348
180.6398,504.09863,207.75046,552.5475,633251707317337,633251742855410
247.54776,436.2459,247.54776,505.2958,633251743048431,633251779989004
243.55722,446.96512,243.55722,504.09863,633251780469785,633251824440202
266.19168,471.25168,247.54776,471.25168,633251824553223,633251858980046
457.14084,1676.6829,247.54776,504.09863,633251860191608,633251896952181
499.5473,1719.5958,266.19168,504.09863,633251898480723,633251929782702
566.40234,1676.7659,457.14084,1676.6829,633251929946921,633251963371035
586.04846,1704.1073,499.5473,1676.7659,633251964798691,633252021405358
546.49225,1797.7272,546.49225,1676.7659,633252021532077,633252061757806
329.8405,1505.1315,499.5473,1676.7659,633252061856504,633252097115202
441.64203,1717.869,499.5473,1676.7659,633252097240879,633252131369004
511.79434,1634.3618,499.5473,1676.7659,633252131581660,633252169217702
454.87546,1732.1278,499.5473,1676.7659,633252169410618,633252207252129
357.8123,1637.2712,499.5473,1676.7659,633252207421556,633252239659212
390.05798,1666.8748,454.87546,1676.7659,633252239816973,633252271918066
530.31085,1830.3096,499.5473,1676.7659,633252272079785,633252303492598
530.1046,1765.1614,499.5473,1676.7659,633252303596608,633252336879004
531.60535,1677.244,530.1046,1677.244,633252336999941,633252371827702
543.35864,849.2841,530.1046,1676.7659,633252371936868,633252404954004
410.65045,693.3326,530.1046,1676.7659,633252405118535,633252439434472
261.69125,738.91394,530.1046,849.2841,633252439629629,633252478965306
228.05513,738.8738,410.65045,738.91394,633252479068639,633252511491608
283.05457,712.9306,283.05457,738.91394,633252513338743,633252546687702
291.13077,783.2641,291.13077,738.91394,633252546868483,633252584758847
337.84534,752.503,291.13077,738.91394,633252585714368,633252618351452
481.98987,821.3432,291.13077,752.503,633252618541868,633252652425879
424.65128,763.5743,337.84534,752.503,633252652628743,633252686941295
411.45453,780.3453,411.45453,763.5743,633252687101087,633252722830462
392.47778,718.6165,392.47778,752.503,633252722915722,633252756796504
413.38974,949.76624,411.45453,763.5743,633252756984004,633252805490097
383.36017,713.79297,392.47778,752.503,633252806596764,633252837988170
441.2915,685.66595,411.45453,752.503,633252838183066,633252881244212
397.09937,704.7004,397.09937,713.79297,633252881408222,633252913875566
513.795,1656.5536,411.45453,752.503,633252914057076,633252950015149
595.156,1777.3019,411.45453,752.503,633252950176556,633252980827597
506.59473,1858.3325,506.59473,1656.5536,633252981023951,633253013488222
511.39978,1838.4912,506.59473,1777.3019,633253013686139,633253054427858
488.94913,1760.6866,506.59473,1760.6866,633253054613587,633253088857858
515.3318,1925.8982,506.59473,1777.3019,633253090522649,633253130429993
496.19223,1892.7827,506.59473,1777.3019,633253130595566,633253170017806
464.13843,1782.4131,506.59473,1782.4131,633253170153274,633253203277493
488.10632,1959.2228,496.19223,1782.4131,633253203405826,633253234089264
470.30396,1981.3295,488.10632,1782.4131,633253234190566,633253267897337
517.7931,1944.8654,496.19223,1944.8654,633253268123639,633253302094941
491.20074,1864.245,491.20074,1864.245,633253302266243,633253334186555
509.07016,1841.1915,496.19223,1864.245,633253334346868,633253367743378
450.088,1852.5657,491.20074,1864.245,633253367892233,633253402271764
426.76013,1839.8527,491.20074,1852.5657,633253402465618,633253438177389
399.97125,1754.666,450.088,1852.5657,633253438354108,633253473149837
484.862,1409.9989,484.862,1839.8527,633253473336087,633253506972962
475.18326,1495.8829,475.18326,1754.666,633253507092024,633253541035253
407.56885,1900.9377,475.18326,1839.8527,633253541231295,633253599746035
399.36362,1198.5724,475.18326,1754.666,633253599842024,633253635114316
498.3448,909.625,475.18326,1754.666,633253635223170,633253671695514
457.13333,1651.7334,475.18326,1651.7334,633253671789993,633253704051920
326.9819,1765.1042,475.18326,1754.666,633253704243066,633253744118170
350.8798,1953.146,457.13333,1754.666,633253745198639,633253781268378
427.4969,1752.5186,427.4969,1754.666,633253781694212,633253812544368
391.226,1802.4985,427.4969,1754.666,633253812706139,633253845595722
448.24118,1814.7709,427.4969,1754.666,633253845781139,633253877651399
435.29828,1868.0153,427.4969,1802.4985,633253877849003,633253911105982
545.3407,1924.6832,435.29828,1814.7709,633253911296868,633253943313639
514.1145,1883.8702,435.29828,1868.0153,633253943568951,633253977965149
393.71494,1730.5774,435.29828,1814.7709,633253978122128,633254008483430
453.01202,1790.2671,435.29828,1814.7709,633254008577753,633254043061764
410.02322,1698.3401,435.29828,1790.2671,633254043221295,633254076694472
340.2171,1784.7749,435.29828,1790.2671,633254076922493,633254115661607
418.40402,1641.9978,418.40402,1784.7749,633254115758743,633254149144472
468.47675,1601.12,435.29828,1784.7749,633254149335774,633254180348691
415.28452,830.25336,418.40402,1641.9978,633254180532909,633254213477649
372.92108,771.1556,418.40402,1601.12,633254213676659,633254244958066
384.17426,714.6708,415.28452,830.25336,633254245146763,633254278610253
413.12848,586.31006,413.12848,771.1556,633254278769420,633254313138743
432.65698,680.75903,415.28452,714.6708,633254313315513,633254346194732
389.81284,597.65497,413.12848,680.75903,633254346392076,633254380842701
385.4507,569.379,413.12848,680.75903,633254381026972,633254414775722
437.73914,624.1126,413.12848,624.1126,633254414948951,633254446299940
435.24054,748.79944,413.12848,680.75903,633254447294836,633254478869836
360.96817,616.6215,413.12848,624.1126,633254479015774,633254511979159
467.57416,486.96997,413.12848,624.1126,633254512197180,633254544470097
435.34695,428.7754,413.12848,616.6215,633254544605253,633254577729628
487.70297,479.08447,435.34695,486.96997,633254577894836,633254609466920
542.76074,531.726,435.34695,531.726,633254609587857,633254645517805
454.6681,1256.7355,454.6681,531.726,633254645722284,633254677168013
447.91394,1946.2389,447.91394,531.726,633254677361138,633254707455826
537.45245,1922.4631,454.6681,1256.7355,633254707626815,633254739510878
551.2838,1893.5188,454.6681,1893.5188,633254739632649,633254779898378
505.30914,1881.7646,505.30914,1881.7646,633254780125826,633254814071138
507.179,1872.3903,505.30914,1881.7646,633254814245149,633254845673378
381.40918,1904.632,505.30914,1881.7646,633254845863274,633254879813222
355.61215,1852.6364,505.30914,1881.7646,633254879908586,633254913049992
434.50043,1841.511,434.50043,1881.7646,633254913733378,633254944785044
440.2894,1948.2736,440.2894,1881.7646,633254945384680,633254977695774
408.48975,1996.7831,434.50043,1881.7646,633254977819211,633255009062544
451.32578,1880.2527,440.2894,1881.7646,633255009181971,633255043354003
480.4925,1881.7539,440.2894,1881.7646,633255044644524,633255076571190
461.2496,1881.8525,451.32578,1881.7646,633255076773690,633255107909159
441.57648,1920.9277,441.57648,1881.7646,633255108163638,633255144559419
506.61337,1924.8883,451.32578,1881.8525,633255144679159,633255175744628
487.24774,1890.4799,451.32578,1890.4799,633255175923482,633255210251607
388.28842,1892.985,451.32578,1890.4799,633255210447805,633255242921867
380.01117,1841.0142,451.32578,1890.4799,633255243103846,633255275442128
361.58264,1766.0166,388.28842,1890.4799,633255275634888,633255307929992
431.21237,1882.3223,431.21237,1882.3223,633255308178586,633255340797857
331.9649,1815.626,388.28842,1882.3223,633255340936659,633255377249523
349.70905,1759.9419,388.28842,1882.3223,633255377415253,633255408957857
360.51666,1877.5256,360.51666,1877.5256,633255409055513,633255441818378
330.69012,1830.948,360.51666,1877.5256,633255441949263,633255474308273
320.59537,1649.4619,360.51666,1877.5256,633255474497805,633255507653325
382.05273,1789.1173,360.51666,1830.948,633255508722232,633255540244003
379.3897,1624.526,360.51666,1789.1173,633255540458638,633255573945409
403.93314,1773.3837,379.3897,1789.1173,633255575013794,633255605708065
349.75424,1600.9781,360.51666,1773.3837,633255605848742,633255643357805
319.34912,1693.5713,360.51666,1773.3837,633255643546815,633255675909315
334.8234,1650.429,349.75424,1693.5713,633255676150877,633255709456502
285.9846,1715.744,334.8234,1715.744,633255709644888,633255740549784
279.6738,1557.1019,334.8234,1693.5713,633255740732180,633255772789002
338.50446,1654.3226,334.8234,1693.5713,633255772986555,633255808189263
261.58646,1692.1838,334.8234,1692.1838,633255808336086,633255839752232
320.7851,1628.5186,334.8234,1692.1838,633255839951502,633255870088273
305.5908,1179.7976,320.7851,1692.1838,633255870191294,633255903592596
261.0029,1072.4987,320.7851,1628.5186,633255903706242,633255936325357
389.64105,870.9208,320.7851,1179.7976,633255936420044,633255968355929
323.45984,1027.2719,320.7851,1072.4987,633255968462961,633256004634888
385.5855,1021.634,323.45984,1027.2719,633256004846867,633256040648169
371.89334,926.2083,323.45984,1027.2719,633256040745825,633256074833846
383.27667,914.0207,371.89334,1021.634,633256075042232,633256105397179
361.63495,1005.01544,361.63495,1005.01544,633256105552336,633256136772284
287.32794,1094.081,361.63495,1021.634,633256136883013,633256182219106
354.9419,1101.1311,361.63495,1021.634,633256183178117,633256213517752
422.57993,897.8219,361.63495,1021.634,633256213706190,633256245482388
440.74762,935.5626,361.63495,1021.634,633256245647388,633256278567127
386.92316,913.4571,386.92316,935.5626,633256278742023,633256310383534
295.9814,546.86017,361.63495,935.5626,633256310548377,633256342870044
273.48004,582.1277,361.63495,913.4571,633256343032856,633256375964679
318.00772,582.0355,318.00772,582.1277,633256376188169,633256408397648
323.74265,571.10034,323.74265,582.1277,633256408597961,633256449417856
325.26965,533.95044,323.74265,582.0355,633256449611450,633256487355200
315.94955,563.19507,323.74265,571.10034,633256487474575,633256523794783
298.79028,518.39087,323.74265,563.19507,633256523976606,633256555381971
338.70215,532.7243,323.74265,563.19507,633256556254888,633256589911346
327.03644,605.44965,323.74265,563.19507,633256590215669,633256624401085
345.18915,605.4064,327.03644,563.19507,633256624981398,633256659561085
396.47287,511.21948,327.03644,563.19507,633256660520981,633256693265044
426.20465,462.40167,345.18915,563.19507,633256693416190,633256725268690
448.71866,496.45248,396.47287,511.21948,633256725383377,633256758309106
471.29346,529.8961,426.20465,529.8961,633256758453533,633256791043846
492.11142,562.2154,448.71866,529.8961,633256791214523,633256824103221
463.0511,471.3863,463.0511,529.8961,633256825272908,633256858028429
446.02536,489.26834,448.71866,529.8961,633256858168898,633256890726971
510.5455,439.6884,463.0511,489.26834,633256890830669,633256927028742
483.08612,403.18103,463.0511,489.26834,633256927822440,633256961289940
503.57065,524.7461,483.08612,489.26834,633256961394992,633256993269002
430.82108,305.50162,463.0511,489.26834,633256993416971,633257025792231
429.37314,210.36478,463.0511,489.26834,633257026676502,633257062737648
419.97293,189.28818,430.82108,305.50162,633257062833585,633257097928273
424.43008,259.26883,429.37314,259.26883,633257098098898,633257160295669
418.48453,173.07071,424.43008,259.26883,633257160394783,633257193871866
353.31894,275.28345,424.43008,259.26883,633257193967491,633257227229835
282.8935,325.88596,418.48453,259.26883,633257227313169,633257262723637
320.54605,344.04578,353.31894,275.28345,633257262884210,633257297433689
376.93253,309.4801,376.93253,309.4801,633257297534054,633257330691606
373.96848,355.00677,373.96848,309.4801,633257330807283,633257365525564
313.15457,271.14584,373.96848,309.4801,633257365708741,633257402024471
280.99445,322.48975,373.96848,309.4801,633257402189575,633257434866502
350.06674,226.24783,350.06674,309.4801,633257435066554,633257468857075
318.18262,311.84787,350.06674,309.4801,633257469022127,633257503927960
371.2373,344.0344,350.06674,309.4801,633257504290773,633257537459314
401.5695,354.7867,350.06674,311.84787,633257537658898,633257570895043
399.10437,392.9836,371.2373,344.0344,633257571087700,633257604893012
420.60498,427.40994,399.10437,354.7867,633257605066762,633257644128273
308.51178,402.1027,371.2373,392.9836,633257644324158,633257678539158
403.34616,398.3094,399.10437,398.3094,633257678713325,633257713463220
465.32516,467.43448,399.10437,398.3094,633257713587700,633257746478116
602.7964,1350.0879,403.34616,398.3094,633257746591189,633257779393481
739.6065,1622.9225,465.32516,467.43448,633257779590512,633257818461137
684.8582,1745.969,602.7964,1350.0879,633257818603898,633257851575668
714.791,1722.3414,684.8582,1622.9225,633257851701241,633257884782804
738.30493,1720.9747,684.8582,1720.9747,633257884952700,633257921389731
707.4057,1693.8242,707.4057,1693.8242,633257921493012,633257957785252
671.0126,1611.5823,684.8582,1693.8242,633257957891606,633257997233429
643.0421,1599.4347,684.8582,1693.8242,633257999781033,633258034124783
632.5729,1561.1592,671.0126,1611.5823,633258034223012,633258081837283
547.07086,1790.4856,643.0421,1693.8242,633258082809835,633258122248324
448.18735,1703.0199,632.5729,1693.8242,633258122421241,633258156579470
306.75235,1799.7164,547.07086,1703.0199,633258158001502,633258195522543
378.45987,1765.6143,448.18735,1703.0199,633258195614418,633258229156502
388.45346,1851.6338,388.45346,1765.6143,633258229350512,633258278105408
353.61664,1759.7028,388.45346,1759.7028,633258278236241,633258309686814
383.00262,1802.4264,388.45346,1765.6143,633258309842074,633258346200512
411.09866,1857.8639,388.45346,1765.6143,633258346398533,633258381803429
467.9266,1798.4418,388.45346,1798.4418,633258381995408,633258418068012
498.23132,1850.1283,411.09866,1798.4418,633258418240460,633258455278168
536.0326,1909.9283,467.9266,1798.4418,633258455387960,633258498861085
601.46545,1976.5638,498.23132,1850.1283,633258498961345,633258535075981
502.2473,1902.0995,502.2473,1902.0995,633258535186553,633258569777439
509.23224,1954.5657,502.2473,1902.0995,633258569963012,633258606817647
477.39432,1991.815,502.2473,1902.0995,633258607020824,633258639486189
496.0285,1966.3496,502.2473,1954.5657,633258639587387,633258670024210
519.52374,1883.5422,502.2473,1902.0995,633258670168376,633258700639106
624.034,1298.0038,502.2473,1902.0995,633258700812491,633258735684418
666.37134,1136.0754,519.52374,1883.5422,633258735842283,633258772507178
644.8215,1173.6755,624.034,1298.0038,633258772725043,633258805148168
633.32153,1215.9603,633.32153,1215.9603,633258805371710,633258837657230
561.38776,1130.9661,624.034,1215.9603,633258837830095,633258869112178
566.836,1057.2162,624.034,1215.9603,633258869298064,633258901811866
644.5122,1190.7177,624.034,1190.7177,633258902001033,633258941268376
659.3236,1127.967,624.034,1190.7177,633258941879678,633258975228376
626.56,707.3948,626.56,1190.7177,633258975337282,633259005404418
503.28436,593.3231,624.034,1127.967,633259005610303,633259039260095
516.2486,437.40802,624.034,707.3948,633259039453272,633259069660407
461.16806,454.71014,516.2486,593.3231,633259069838845,633259102984001
488.6341,575.84235,516.2486,575.84235,633259103075303,633259136717126
547.5282,449.93793,516.2486,575.84235,633259137065668,633259166908428
592.6133,389.54614,516.2486,575.84235,633259167708376,633259199470407
456.01697,474.60986,516.2486,474.60986,633259199627647,633259234063116
479.95828,536.6903,516.2486,536.6903,633259235139209,633259268916241
488.93158,481.96896,488.93158,481.96896,633259269085720,633259301606605
473.6358,609.9475,488.93158,536.6903,633259301803845,633259334583741
500.99603,572.84076,488.93158,536.6903,633259334768376,633259390362907
493.41733,533.4983,488.93158,536.6903,633259390476970,633259422754730
506.47272,559.96747,493.41733,536.6903,633259422851553,633259454954626
491.15417,486.6091,491.15417,536.6903,633259455088220,633259487879939
557.5948,574.22754,493.41733,536.6903,633259488083897,633259523985668
420.72687,574.0427,491.15417,536.6903,633259524113272,633259554464782
367.20026,623.5948,491.15417,574.0427,633259554954053,633259588242491
345.75296,457.65872,420.72687,536.6903,633259588399418,633259623319938
323.86346,516.18823,367.20026,536.6903,633259623512126,633259658625511
263.8746,619.9997,345.75296,536.6903,633259658765876,633259695388793
285.73077,574.2243,323.86346,536.6903,633259695741501,633259730982022
251.409,555.0041,285.73077,555.0041,633259731165928,633259767451970
270.35965,526.59814,285.73077,536.6903,633259767647230,633259801605616
272.9758,505.02042,272.9758,536.6903,633259801792595,633259832645928
235.20682,545.3543,272.9758,536.6903,633259832841449,633259867354313
227.50699,480.4796,272.9758,536.6903,633259867537282,633259902101188
224.80644,510.5029,235.20682,536.6903,633259902272647,633259935419834
133.70178,566.181,227.50699,536.6903,633259935576605,633259969326240
132.62938,696.2647,224.80644,536.6903,633259969432647,633260000911032
390.27234,568.9741,227.50699,566.181,633260001088845,633260034450355
373.35062,920.2103,227.50699,568.9741,633260034606136,633260069873792
344.31647,888.84607,344.31647,568.9741,633260070061553,633260105358324
399.65454,879.39,344.31647,879.39,633260105546397,633260138083324
410.28323,179.57169,344.31647,568.9741,633260138281709,633260170801657
433.52502,309.81885,399.65454,568.9741,633260170990511,633260203970824
209.68724,593.33997,344.31647,568.9741,633260204196865,633260237393272
196.7814,607.36835,344.31647,568.9741,633260237583897,633260270159417
251.33948,479.21225,251.33948,568.9741,633260270347178,633260302379365
145.40822,514.5351,251.33948,568.9741,633260302560563,633260335841917
189.13255,516.6085,251.33948,516.6085,633260336115042,633260372201240
245.65666,537.1076,245.65666,537.1076,633260372289990,633260403087803
274.4555,573.8344,251.33948,537.1076,633260403269001,633260433422386
257.0783,609.4,251.33948,537.1076,633260433589834,633260467715771
303.5258,575.9043,257.0783,573.8344,633260467875928,633260499011501
338.5863,1543.999,257.0783,575.9043,633260499172594,633260532235355
362.3979,1562.6106,303.5258,575.9043,633260532395667,633260566689313
414.33984,1554.9891,338.5863,1543.999,633260566871292,633260597396292
322.30954,1545.1052,322.30954,1545.1052,633260597580407,633260633081657
329.86832,1494.1989,329.86832,1543.999,633260633264678,633260666132126
356.1551,1532.1487,329.86832,1543.999,633260666336084,633260700175303
376.13766,1525.6403,329.86832,1532.1487,633260700379678,633260737446501
324.85016,1543.7384,329.86832,1543.7384,633260737562126,633260769561501
426.53137,1457.7987,329.86832,1532.1487,633260769667230,633260801924886
350.16556,1446.7266,329.86832,1532.1487,633260802345459,633260834180042
430.4224,1512.1594,350.16556,1512.1594,633260834382438,633260864951501
418.5377,1588.8883,350.16556,1532.1487,633260865128792,633260899646709
443.2306,1461.6586,418.5377,1512.1594,633260899792959,633260931340303
476.92484,1451.226,418.5377,1512.1594,633260931507959,633260966128219
412.07953,1438.7388,418.5377,1461.6586,633260966309782,633261000377282
427.58627,1400.105,418.5377,1451.226,633261000568844,633261033395407
439.84366,1394.4117,418.5377,1438.7388,633261033570250,633261067069730
437.79504,1271.8157,427.58627,1400.105,633261067258740,633261102733480
327.378,1448.7174,418.5377,1438.7388,633261102953167,633261134177334
402.0595,1536.7126,418.5377,1438.7388,633261134336917,633261168805875
368.24396,1375.1082,402.0595,1438.7388,633261168972125,633261200284261
303.14468,1444.7708,402.0595,1438.7388,633261200380459,633261233771552
393.6431,1370.8458,393.6431,1438.7388,633261233928219,633261271323636
292.66925,1339.5323,393.6431,1438.7388,633261271444000,633261303456136
319.02304,1378.2759,393.6431,1378.2759,633261303650823,633261338165354
209.81491,1437.788,319.02304,1437.788,633261338332229,633261370707907
318.3253,1291.9584,319.02304,1378.2759,633261370896032,633261403531292
293.10583,1316.5446,318.3253,1378.2759,633261403701604,633261436096917
342.78284,1322.5939,319.02304,1322.5939,633261436279000,633261467172698
369.7552,1396.2225,319.02304,1378.2759,633261467380979,633261498190302
335.18323,1426.656,335.18323,1378.2759,633261498373532,633261529538427
388.2661,1431.4272,335.18323,1396.2225,633261529721709,633261566246240
350.57565,1195.6027,335.18323,1378.2759,633261566446656,633261600258688
488.85916,1385.3075,350.57565,1385.3075,633261600365771,633261632201709
399.17105,1272.0219,350.57565,1378.2759,633261632347334,633261664272698
334.59518,1273.0128,350.57565,1378.2759,633261664477386,633261697736865
397.35593,1334.3832,350.57565,1334.3832,633261697869781,633261730750667
291.44785,1377.7617,350.57565,1377.7617,633261730912438,633261762867542
360.31604,1356.8955,350.57565,1356.8955,633261763059886,633261797635719
351.87607,1427.1251,350.57565,1377.7617,633261797827698,633261834026552
377.34305,1419.1171,351.87607,1377.7617,633261834211552,633261865596136
307.19794,1366.7053,350.57565,1377.7617,633261865790719,633261900988271
344.14902,1398.4642,350.57565,1377.7617,633261901166865,633261931342854
373.07385,1413.8422,350.57565,1377.7617,633261931526240,633261963084261
467.84702,1494.8928,350.57565,1398.4642,633261963275875,633261998767177
411.06024,1526.8958,373.07385,1413.8422,633261998921188,633262030391917
419.45132,1427.089,411.06024,1427.089,633262030580250,633262064269833
369.52887,1511.1573,373.07385,1427.089,633262064375979,633262095824521
409.95105,1715.7363,409.95105,1427.089,633262096452177,633262130168479
481.81964,1486.9497,409.95105,1486.9497,633262130314729,633262165697750
525.2043,1350.3746,409.95105,1427.089,633262166396448,633262197320615
424.62073,1548.9646,424.62073,1486.9497,633262197493063,633262229335250
326.18893,1408.9232,409.95105,1427.089,633262229529885,633262262002177
302.5916,1443.9858,409.95105,1443.9858,633262262143740,633262293554990
509.00653,1518.7458,409.95105,1443.9858,633262293740094,633262327308948
411.8394,1410.4573,409.95105,1443.9858,633262327490771,633262362618583
425.50247,1442.7488,411.8394,1443.9858,633262362799781,633262397494937
433.42084,1500.1514,411.8394,1443.9858,633262397673531,633262432666604
492.34256,1501.5756,425.50247,1443.9858,633262432820771,633262464648375
323.42233,1519.6129,411.8394,1500.1514,633262464770250,633262496414573
451.72955,1612.133,425.50247,1501.5756,633262496572802,633262530753375
363.82138,1480.843,411.8394,1500.1514,633262530868114,633262561766917
461.30603,1613.5946,425.50247,1501.5756,633262561953583,633262594939260
266.9681,1634.1407,411.8394,1501.5756,633262595138114,633262632969625
314.50735,1488.7323,411.8394,1501.5756,633262633293062,633262669670771
338.53784,1571.2736,338.53784,1501.5756,633262669870510,633262701085041
352.18634,1519.9647,352.18634,1501.5756,633262701289312,633262730598687
360.308,1713.9404,352.18634,1519.9647,633262730791812,633262764550094
335.39404,1647.9626,352.18634,1519.9647,633262764742906,633262798412541
320.6823,1736.0509,352.18634,1647.9626,633262798595979,633262831528479
271.4015,1551.9525,335.39404,1551.9525,633262831647281,633262863665250
306.36124,1499.2955,320.6823,1551.9525,633262863764833,633262899758791
376.68527,647.1962,335.39404,1551.9525,633262899875146,633262935388896
408.3996,641.2294,335.39404,1499.2955,633262935495771,633262967998427
295.33676,764.9074,335.39404,764.9074,633262968216396,633263001989104
290.38953,598.49695,335.39404,764.9074,633263002206604,633263035907802
443.7244,669.77,335.39404,764.9074,633263036142906,633263071147021
393.61227,653.8432,335.39404,669.77,633263071333531,633263103917437
374.63153,703.0348,374.63153,703.0348,633263105199937,633263139395666
338.60187,838.2847,338.60187,703.0348,633263139596968,633263176784208
416.8375,703.71405,374.63153,703.0348,633263176909781,633263216560770
356.64377,736.7125,356.64377,703.71405,633263216743323,633263252041708
393.25885,496.33362,374.63153,703.0348,633263252143010,633263288782281
356.72034,399.9222,356.72034,703.0348,633263289752281,633263324845197
304.80475,350.27695,356.72034,496.33362,633263326588583,633263364247177
288.31848,351.66635,356.72034,399.9222,633263364372437,633263396770406
322.5348,319.96207,322.5348,351.66635,633263396983322,633263429976864
303.07208,416.14703,322.5348,399.9222,633263430164000,633263461840718
332.20596,329.7198,322.5348,351.66635,633263462029937,633263495652645
342.57184,342.21832,322.5348,351.66635,633263495812645,633263535131812
318.39627,375.00696,322.5348,351.66635,633263535239989,633263567219989
315.72833,383.65576,322.5348,351.66635,633263567341135,633263599446187
346.71732,375.90976,322.5348,375.00696,633263600974520,633263632457385
335.18256,299.15018,322.5348,351.66635,633263632570770,633263666106239
398.4439,326.8005,335.18256,351.66635,633263666224833,633263698860718
439.66022,310.40347,335.18256,326.8005,633263699026760,633263730568791
512.0714,377.2758,398.4439,351.66635,633263730757020,633263761615197
516.1701,329.61014,439.66022,329.61014,633263761765093,633263795246291
452.88718,380.87158,452.88718,351.66635,633263795431239,633263827934624
523.50226,330.10144,452.88718,330.10144,633263828174676,633263864939104
492.87912,368.26804,452.88718,351.66635,633263865136239,633263898114520
441.43384,359.2401,452.88718,351.66635,633263898346812,633263931403270
410.41736,390.12668,452.88718,359.2401,633263931584260,633263965249468
353.2089,392.34784,441.43384,359.2401,633263965453322,633263997642801
323.5738,408.24744,410.41736,390.12668,633263997832124,633264031751083
323.70352,476.12155,353.2089,392.34784,633264031878426,633264066345301
327.04623,437.0756,327.04623,408.24744,633264066495614,633264108168583
252.62698,438.47778,327.04623,437.0756,633264108388218,633264143961135
297.70065,418.53726,327.04623,418.53726,633264144127853,633264175597697
265.8191,485.4636,297.70065,437.0756,633264175698166,633264209678010
410.12973,585.05286,327.04623,437.0756,633264209805301,633264241770614
518.0014,501.0381,327.04623,485.4636,633264241910458,633264278229208
533.68005,624.1904,410.12973,501.0381,633264278406708,633264315520874
557.6705,634.7497,518.0014,501.0381,633264315664155,633264349832541
528.2296,717.72125,528.2296,624.1904,633264350011968,633264383145301
560.41296,668.6605,528.2296,634.7497,633264383232593,633264414986864
587.15393,733.369,528.2296,668.6605,633264415068791,633264447409780
591.38715,897.8671,560.41296,668.6605,633264447585457,633264481395301
468.82422,1729.4222,528.2296,733.369,633264481498062,633264512832801
461.0751,1752.519,528.2296,897.8671,633264512928010,633264548121916
470.58997,1669.4072,470.58997,1669.4072,633264548895666,633264581815353
502.6645,1738.8246,502.6645,1669.4072,633264587228687,633264621900874
477.71118,1758.0599,477.71118,1669.4072,633264622023322,633264656858999
459.50458,1792.9623,477.71118,1738.8246,633264657793374,633264690097176
423.23334,1867.4753,477.71118,1758.0599,633264690246134,633264724740718
463.15106,1843.0847,463.15106,1792.9623,633264724906447,633264757659832
477.60962,1795.0352,477.60962,1795.0352,633264757848530,633264790520509
480.7193,1750.494,477.60962,1792.9623,633264790690509,633264823369780
423.9675,1732.769,477.60962,1792.9623,633264823548947,633264858785509
451.23798,1742.8112,477.60962,1750.494,633264858966759,633264894458426
454.4359,1762.7367,454.4359,1762.7367,633264894614051,633264927056811
536.666,1809.8947,477.60962,1762.7367,633264927159259,633264959402593
632.8924,1690.7996,477.60962,1762.7367,633264959502436,633264991856551
611.1653,1659.4569,536.666,1762.7367,633264991959051,633265024754780
607.7878,1802.6702,607.7878,1762.7367,633265024877749,633265059951343
622.4368,1828.9115,607.7878,1762.7367,633265060491291,633265091626447
646.213,1859.3274,607.7878,1802.6702,633265091816916,633265125185770
611.1074,1728.7832,611.1074,1762.7367,633265125375770,633265157606707
627.541,1718.0109,611.1074,1762.7367,633265157792801,633265192236395
537.6173,1696.4459,611.1074,1728.7832,633265192418113,633265229955770
405.85986,1777.0344,611.1074,1762.7367,633265230184884,633265261919051
417.16364,1814.8829,537.6173,1762.7367,633265262129416,633265295751968
392.62234,1662.848,417.16364,1762.7367,633265295929415,633265330286238
330.29,1817.3068,417.16364,1762.7367,633265330408478,633265369270457
326.4976,1842.5577,392.62234,1762.7367,633265369348634,633265401091603
361.92545,1867.7878,361.92545,1817.3068,633265401223478,633265449995926
319.83554,1876.4916,361.92545,1842.5577,633265450103686,633265483284155
315.84845,1886.8488,361.92545,1867.7878,633265483474363,633265523770405
317.6569,1787.139,319.83554,1842.5577,633265524698322,633265574958165
350.59055,1734.6476,350.59055,1842.5577,633265575048686,633265609189311
481.852,487.5799,350.59055,1787.139,633265609366238,633265644091967
453.88934,666.36664,350.59055,1734.6476,633265644263947,633265678435613
436.2959,578.4422,436.2959,666.36664,633265678605092,633265715341082
493.64514,394.69162,436.2959,666.36664,633265715439155,633265750852436
520.60504,372.34314,436.2959,578.4422,633265751029519,633265789786394
451.54828,476.62512,451.54828,476.62512,633265789932384,633265823105092
493.9513,528.1409,451.54828,528.1409,633265823202124,633265855172957
460.29437,614.05896,451.54828,528.1409,633265855296915,633265889487749
435.161,500.2362,451.54828,528.1409,633265890402957,633265924330561
444.04898,369.00797,451.54828,528.1409,633265924475769,633265957208842
407.32254,449.47577,444.04898,500.2362,633265957384571,633265990475665
507.3666,341.8529,451.54828,449.47577,633265990644728,633266037123999
358.14276,432.44135,444.04898,449.47577,633266037316342,633266070006967
496.41263,348.48553,451.54828,432.44135,633266070187280,633266102738374
485.0921,372.88602,451.54828,432.44135,633266102916394,633266139890301
480.71497,444.33896,480.71497,432.44135,633266140139415,633266181356603
440.72705,487.8733,451.54828,432.44135,633266181459571,633266223330353
504.13867,386.46768,480.71497,432.44135,633266223507123,633266256700821
453.15216,435.73715,453.15216,432.44135,633266256818009,633266286806290
480.03857,459.90204,480.03857,432.44135,633266286908530,633266324651186
437.17383,497.91144,453.15216,435.73715,633266325303582,633266358372123
503.7013,575.9826,480.03857,459.90204,633266358537592,633266392920561
383.49454,605.75287,453.15216,497.91144,633266393093530,633266427102436
481.9408,509.55573,480.03857,509.55573,633266427283946,633266464404259
409.5584,519.1807,453.15216,509.55573,633266464600092,633266500139207
438.93732,516.3169,453.15216,509.55573,633266500317332,633266538716498
494.28018,504.9018,453.15216,509.55573,633266538919363,633266571726238
462.00616,535.95123,453.15216,509.55573,633266571920873,633266607866915
517.3165,564.643,462.00616,509.55573,633266608084936,633266639897123
463.47714,562.05914,462.00616,535.95123,633266640107592,633266673732227
471.7412,549.5475,463.47714,549.5475,633266673837748,633266705231967
480.4454,448.2593,463.47714,535.95123,633266705320248,633266735875613
432.71594,520.6895,463.47714,535.95123,633266736182436,633266770761082
434.18167,501.40796,463.47714,520.6895,633266770925352,633266808431654
441.90173,559.09534,441.90173,535.95123,633266808618842,633266848664832
367.085,603.14484,441.90173,535.95123,633266848835821,633266883821029
341.7845,627.10736,441.90173,559.09534,633266883957957,633266915081863
244.40625,691.52484,367.085,603.14484,633266917152123,633266955969050
287.4073,579.8092,341.7845,579.8092,633266956223582,633266988800769
260.31863,608.46906,287.4073,603.14484,633266988979727,633267025921706
291.53864,646.1244,291.53864,603.14484,633267026043686,633267057950144
278.49966,524.55994,287.4073,603.14484,633267058130040,633267092827904
251.5747,533.7621,287.4073,603.14484,633267092943165,633267123072696
238.52316,626.5759,278.49966,603.14484,633267123250040,633267159284936
252.61739,639.64435,252.61739,603.14484,633267159470509,633267192059363
331.09375,619.265,278.49966,619.265,633267192243113,633267224968738
304.65173,570.8052,278.49966,603.14484,633267225137696,633267257895456
351.07632,571.2395,304.65173,603.14484,633267258088894,633267290803946
373.7973,617.3778,304.65173,603.14484,633267291002175,633267329560404
432.3329,532.7845,351.07632,603.14484,633267329748790,633267364063217
512.1178,452.68045,373.7973,603.14484,633267364167748,633267409004779
481.04428,422.62405,432.3329,532.7845,633267409183790,633267442109675
478.01953,446.38907,478.01953,452.68045,633267442219258,633267480292852
486.2583,498.55655,478.01953,498.55655,633267481967696,633267517165352
539.87537,391.37985,478.01953,452.68045,633267517325248,633267550776654
491.19302,422.7097,486.2583,452.68045,633267550907852,633267583788113
435.67612,479.26987,478.01953,452.68045,633267583957435,633267619088946
527.392,505.9571,486.2583,452.68045,633267619974935,633267655633581
465.65176,558.2643,478.01953,479.26987,633267655811654,633267687067956
486.2161,543.8032,486.2161,505.9571,633267687234467,633267720347123
522.84174,526.9381,486.2161,526.9381,633267720539050,633267752772748
557.59503,468.0579,486.2161,505.9571,633267752950300,633267788530040
568.905,466.02115,522.84174,505.9571,633267788634206,633267821163790
492.55167,401.4828,492.55167,468.0579,633267821260873,633267855191967
362.0969,609.5132,492.55167,505.9571,633267855304102,633267888853321
464.21985,578.6765,492.55167,505.9571,633267888954310,633267921110717
340.41077,1750.3105,464.21985,578.6765,633267921223164,633267954524519
306.076,1754.159,464.21985,578.6765,633267954621914,633267986999727
318.53143,1788.4647,340.41077,1750.3105,633267987160300,633268021868998
383.15448,1715.3765,383.15448,1715.3765,633268022061081,633268055894310
310.0217,1798.1505,340.41077,1750.3105,633268056104727,633268089611498
324.85828,1759.909,340.41077,1750.3105,633268089808529,633268128480560
281.53967,1705.0928,324.85828,1750.3105,633268129544102,633268159937956
286.89398,1658.5492,324.85828,1750.3105,633268160102852,633268190596133
271.79477,1635.0608,286.89398,1705.0928,633268190714102,633268227733841
346.5699,1631.9238,324.85828,1658.5492,633268227840769,633268260618841
351.7077,1826.5792,324.85828,1705.0928,633268260717539,633268295445508
233.43208,1878.6667,324.85828,1705.0928,633268295618216,633268343071914
288.24188,1740.8196,324.85828,1740.8196,633268343169779,633268377315352
284.72366,1862.2653,288.24188,1740.8196,633268378648268,633268414012904
289.72787,1694.8964,289.72787,1740.8196,633268414174935,633268448239050
296.70758,1690.6381,289.72787,1740.8196,633268449098581,633268482407383
216.61919,1776.1812,289.72787,1740.8196,633268482513164,633268516781393
203.00267,1743.4747,289.72787,1740.8196,633268516984310,633268550932435
322.3566,1650.2096,289.72787,1740.8196,633268551107435,633268589277123
291.63055,1684.6597,289.72787,1740.8196,633268589470300,633268623835404
403.71896,1764.4707,291.63055,1740.8196,633268624100508,633268656233373
405.75537,1712.7776,291.63055,1740.8196,633268656349258,633268688300300
429.53833,1695.2975,403.71896,1740.8196,633268688483685,633268721662018
467.73022,1707.266,405.75537,1712.7776,633268721776081,633268754138008
416.00507,1689.9028,416.00507,1707.266,633268754322435,633268787178997
417.49615,1680.276,416.00507,1707.266,633268787368997,633268820406289
273.9427,1025.8982,416.00507,1689.9028,633268820615977,633268858632070
380.06052,725.52216,416.00507,1680.276,633268859279570,633268898723685
277.59244,952.8255,380.06052,1025.8982,633268898889727,633268931608477
306.01663,986.2764,380.06052,986.2764,633268931782331,633268966730143
285.91693,1001.50525,306.01663,1001.50525,633268966851029,633269006686133
291.32538,938.8633,306.01663,986.2764,633269006885977,633269041095820
278.45163,916.15704,291.32538,986.2764,633269041192956,633269076130716
382.2648,914.9775,306.01663,938.8633,633269076246966,633269108722956
380.81198,809.89874,306.01663,916.15704,633269109362383,633269143405508
333.72443,1001.7722,333.72443,938.8633,633269145161081,633269177662227
442.48758,791.0433,333.72443,916.15704,633269184632435,633269217992122
407.92444,920.2485,333.72443,920.2485,633269218152383,633269254994362
351.3958,954.40375,351.3958,920.2485,633269255173216,633269302813164
448.51843,845.3769,351.3958,920.2485,633269302994935,633269335500456
404.8274,763.7765,351.3958,920.2485,633269335691029,633269368422331
389.22522,849.492,389.22522,849.492,633269368583008,633269416296393
368.23404,912.81146,368.23404,912.81146,633269416409049,633269464445768
344.98196,974.31384,368.23404,912.81146,633269464554518,633269498022747
451.02548,878.73737,368.23404,912.81146,633269498207643,633269535614258
447.97003,711.5819,368.23404,912.81146,633269535817331,633269572400924
451.331,584.9122,447.97003,878.73737,633269572504101,633269604875508
488.73157,644.09686,447.97003,711.5819,633269606814570,633269640732018
486.52444,668.4973,451.331,668.4973,633269640816810,633269675297018
437.10416,609.32935,447.97003,668.4973,633269681841914,633269715889726
421.37778,645.23126,447.97003,668.4973,633269715994101,633269749591914
422.56577,634.31757,437.10416,645.23126,633269749781028,633269784889935
446.372,642.9501,446.372,645.23126,633269785053789,633269821118685
442.18497,530.614,442.18497,642.9501,633269821269830,633269855459101
426.41824,674.5101,442.18497,645.23126,633269855559570,633269889119257
369.80814,645.2523,442.18497,645.23126,633269889240612,633269922929778
347.7294,683.0734,426.41824,645.2523,633269923060195,633269958036862
367.53503,890.5183,369.80814,645.2523,633269959066497,633269991177435
342.56375,822.2618,367.53503,683.0734,633269992198945,633270024387955
306.4071,779.9875,367.53503,779.9875,633270025070716,633270056928841
246.00575,864.68164,342.56375,779.9875,633270057040455,633270090437643
265.96732,772.1892,306.4071,779.9875,633270090565976,633270124811653
282.29892,748.9369,282.29892,779.9875,633270124940195,633270158291080
257.27075,712.5371,282.29892,772.1892,633270158459622,633270190658841
328.27768,754.07684,282.29892,754.07684,633270190962955,633270222935091
357.43295,561.23987,282.29892,754.07684,633270223055403,633270253520716
265.98672,465.10538,282.29892,754.07684,633270253629153,633270288101132
265.88528,350.93683,282.29892,561.23987,633270288233841,633270323210143
283.78845,471.14456,282.29892,471.14456,633270323617018,633270357006601
292.12845,447.8234,282.29892,471.14456,633270357093684,633270388860403
266.6625,571.91187,282.29892,471.14456,633270388960924,633270433734726
327.10757,507.53247,282.29892,471.14456,633270433931966,633270467600195
264.27884,534.24866,282.29892,507.53247,633270467718528,633270501203007
264.53662,540.7551,282.29892,507.53247,633270501331184,633270544187695
311.9203,493.72092,282.29892,507.53247,633270544302486,633270580216236
314.08725,497.3785,282.29892,507.53247,633270580315716,633270616514049
338.21072,494.4906,311.9203,497.3785,633270616693945,633270654868476
327.99612,565.3556,314.08725,507.53247,633270655054361,633270691740195
317.05087,505.99255,317.05087,505.99255,633270691866913,633270726522226
268.56662,561.3472,314.08725,507.53247,633270726711184,633270760050872
271.80618,504.57947,314.08725,505.99255,633270760227226,633270791911340
380.64954,756.7936,314.08725,507.53247,633270792131497,633270823582799
416.81107,1061.8599,314.08725,507.53247,633270823725976,633270864302903
444.1722,1010.28467,380.64954,756.7936,633270864500768,633270898667122
466.3025,1102.4178,416.81107,1010.28467,633270898777747,633270937872903
419.915,1047.3986,419.915,1010.28467,633270938066653,633270986282590
457.67303,1090.6212,419.915,1047.3986,633270986404517,633271021117590
650.34033,1420.3531,419.915,1047.3986,633271021226549,633271053355038
537.1947,1472.0061,457.67303,1090.6212,633271054335611,633271089075247
525.8314,1387.3733,525.8314,1387.3733,633271089206965,633271119832903
575.41974,1416.1936,525.8314,1387.3733,633271119943528,633271154451445
477.80392,1512.2139,525.8314,1387.3733,633271155413476,633271188340663
512.5766,1422.6422,525.8314,1416.1936,633271188438892,633271222133632
421.44214,1434.3379,512.5766,1422.6422,633271222633736,633271256496392
486.26648,1443.6619,512.5766,1422.6422,633271256690403,633271290002382
395.26477,1444.707,486.26648,1434.3379,633271290194934,633271322138007
396.6914,1516.029,486.26648,1443.6619,633271323124257,633271366064674
505.81866,1502.757,486.26648,1444.707,633271366762486,633271406882590
496.39304,1487.5592,486.26648,1487.5592,633271407025559,633271441439257
283.04282,1264.6486,486.26648,1444.707,633271441629465,633271474133736
329.2088,1391.9626,486.26648,1444.707,633271474320142,633271510552382
310.54193,1467.4723,329.2088,1444.707,633271511864465,633271544182851
411.219,747.7057,411.219,1444.707,633271544366340,633271578853632
459.66052,819.48755,411.219,1444.707,633271579030976,633271612642330
442.95554,934.7519,411.219,934.7519,633271612811705,633271645979726
378.80548,1577.669,411.219,1444.707,633271646142694,633271681341028
448.41376,1509.7303,411.219,1444.707,633271681439569,633271715059517
320.95505,1530.8214,411.219,1509.7303,633271715163111,633271750078111
303.8879,1438.3331,411.219,1444.707,633271750256861,633271788338163
213.5178,1418.035,320.95505,1444.707,633271788572798,633271847625715
250.956,1288.4005,303.8879,1438.3331,633271847725350,633271890145767
184.28325,1534.3324,250.956,1444.707,633271890478736,633271922237486
179.44608,1485.6385,250.956,1444.707,633271922453840,633271960521809
329.36465,1506.6729,250.956,1485.6385,633271960681444,633271991321392
141.52208,1623.7428,250.956,1485.6385,633271991554205,633272023435923
181.49084,1657.9933,250.956,1506.6729,633272023628267,633272055043892
298.29785,1450.2817,250.956,1485.6385,633272055236132,633272087094934
334.18387,1446.083,250.956,1485.6385,633272087238371,633272119694309
246.72964,1448.079,250.956,1450.2817,633272119800142,633272152955038
197.34615,1550.1527,250.956,1485.6385,633272153802955,633272187586652
171.02739,1505.1798,246.72964,1485.6385,633272187778111,633272222830819
131.57364,1585.0725,197.34615,1505.1798,633272222980194,633272256793840
142.31529,1493.1084,171.02739,1493.1084,633272256955038,633272290434257
216.08356,1469.2787,197.34615,1493.1084,633272290622798,633272325096861
219.58408,1460.2272,197.34615,1493.1084,633272325305975,633272370529725
184.18672,1526.9299,197.34615,1493.1084,633272370628007,633272406689725
243.59543,1526.246,197.34615,1493.1084,633272406871288,633272440599361
229.37354,1547.1085,197.34615,1526.246,633272440776861,633272476683736
277.84735,1629.9169,229.37354,1526.246,633272476768111,633272507995246
293.01874,1681.3553,229.37354,1547.1085,633272508167121,633272541110246
202.45598,1689.8553,229.37354,1629.9169,633272541259777,633272574543736
209.3696,1735.0535,229.37354,1681.3553,633272574878684,633272607322017
369.009,1526.0607,229.37354,1629.9169,633272607826548,633272642523163
366.70126,1375.3547,229.37354,1629.9169,633272643369986,633272678786913
521.678,1394.9789,366.70126,1526.0607,633272678953059,633272713765715
416.6131,1449.9197,366.70126,1449.9197,633272713978111,633272751217590
606.09015,1435.2383,416.6131,1449.9197,633272752211340,633272782875298
491.88348,1367.5178,416.6131,1449.9197,633272782985402,633272815817850
568.7844,1492.8029,491.88348,1449.9197,633272815933527,633272853350819
531.0658,1459.5781,491.88348,1449.9197,633272853792850,633272885522277
427.9082,1492.1572,491.88348,1459.5781,633272885707850,633272916917746
394.0146,1603.752,491.88348,1459.5781,633272917009725,633272961026340
351.92123,1182.6082,427.9082,1459.5781,633272961198110,633272994955506
285.33975,531.6797,394.0146,1459.5781,633272995048735,633273028862538
256.4882,518.0693,351.92123,1182.6082,633273029043944,633273059670350
350.1182,443.6382,350.1182,531.6797,633273059821235,633273093620142
335.40005,421.57083,350.1182,518.0693,633273093798840,633273128077902
313.06442,568.06146,350.1182,531.6797,633273128189413,633273159624100
394.61487,385.43646,350.1182,518.0693,633273159791079,633273192529100
386.99268,519.9982,350.1182,519.9982,633273192714412,633273222603006
414.7154,477.8183,386.99268,518.0693,633273222786183,633273254404933
336.74878,433.62534,350.1182,518.0693,633273254589621,633273284044412
341.9158,409.09506,350.1182,477.8183,633273285030246,633273319350715
257.5327,434.08035,341.9158,434.08035,633273319510246,633273351696548
289.06747,425.8636,341.9158,434.08035,633273351826027,633273383773944
244.30423,488.15924,289.06747,434.08035,633273383890714,633273421123319
259.30014,510.65497,289.06747,434.08035,633273421276444,633273453587381
304.2903,519.29254,289.06747,488.15924,633273453761704,633273485141027
229.95921,574.5512,289.06747,510.65497,633273485338267,633273521911444
318.22794,557.5664,289.06747,519.29254,633273522087798,633273555379933
169.78934,533.8803,289.06747,533.8803,633273555493944,633273587795610
213.60783,514.6816,289.06747,519.29254,633273587980662,633273619628944
120.94252,556.8962,213.60783,533.8803,633273619816808,633273652798839
99.73205,580.6034,213.60783,533.8803,633273652990506,633273689714881
122.70558,598.0029,122.70558,556.8962,633273689899048,633273720997954
200.25519,653.1196,200.25519,580.6034,633273721188266,633273752549621
209.79697,675.0352,200.25519,598.0029,633273752717173,633273792405402
218.32228,763.25226,200.25519,653.1196,633273792601964,633273823853943
182.0596,679.22156,200.25519,675.0352,633273823951079,633273855245766
157.37987,667.30634,200.25519,667.30634,633273855601912,633273887029412
262.51184,572.3894,200.25519,667.30634,633273887196183,633273919616548
301.46408,513.1039,200.25519,667.30634,633273919774256,633273950092746
285.58392,527.68976,262.51184,572.3894,633273950241496,633273982565193
220.0328,555.6883,220.0328,555.6883,633273982694568,633274016211027
237.2406,503.06705,237.2406,555.6883,633274016342850,633274049558943
289.3151,578.6393,237.2406,555.6883,633274049741339,633274086052798
337.3042,581.6408,237.2406,555.6883,633274086296964,633274118973735
276.34964,576.22424,276.34964,576.22424,633274119170923,633274151527745
274.2275,915.42377,274.2275,576.22424,633274151701027,633274190141235
274.72455,1059.9784,274.72455,576.22424,633274190317433,633274223793631
202.51639,1170.0673,274.2275,915.42377,633274223898423,633274254861287
232.13065,1111.555,274.2275,1059.9784,633274255028891,633274285817902
118.77978,1270.3365,232.13065,1111.555,633274286010454,633274321012016
111.825645,1113.7617,232.13065,1111.555,633274321162381,633274353730454
209.30125,1225.5326,209.30125,1113.7617,633274353877381,633274387547797
101.5102,1320.6915,209.30125,1113.7617,633274387746495,633274420095818
111.99625,1578.1357,209.30125,1225.5326,633274420324516,633274452233474
59.32645,1414.9219,111.99625,1320.6915,633274452429777,633274485438527
78.70519,1507.8503,111.99625,1414.9219,633274485640141,633274517148943
48.111877,1451.4269,78.70519,1414.9219,633274517351391,633274549887068
46.809734,1551.1356,78.70519,1451.4269,633274550028787,633274585068579
45.968224,1626.629,48.111877,1451.4269,633274585228579,633274620776808
54.80792,1520.2026,54.80792,1520.2026,633274620970558,633274653502120
11.0931,1514.8638,48.111877,1514.8638,633274653704516,633274686786964
41.18872,1577.6095,48.111877,1520.2026,633274686952641,633274718062276
24.529654,1464.681,41.18872,1514.8638,633274718255193,633274754630662
9.124539,1452.0807,41.18872,1514.8638,633274754744672,633274788636912
56.855743,1477.2803,41.18872,1477.2803,633274789256026,633274820273631
44.66935,1562.1428,41.18872,1514.8638,633274820477381,633274854073110
45.19502,1428.4833,44.66935,1477.2803,633274854255870,633274885776183
15.4724455,1450.5627,41.18872,1477.2803,633274885976443,633274917177068
30.133583,1508.1595,41.18872,1477.2803,633274917333735,633274950397693
22.848892,1663.6465,30.133583,1477.2803,633274950574464,633274988544828
13.884834,1618.4534,30.133583,1508.1595,633274988744516,633275022941078
46.390717,1648.5073,30.133583,1618.4534,633275023112120,633275054265506
34.27875,1692.8964,30.133583,1618.4534,633275054410193,633275086013526
12.065689,1714.4645,30.133583,1648.5073,633275086233006,633275119136026
42.491177,1624.8943,30.133583,1624.8943,633275119349828,633275151657120
53.94804,1708.4054,30.133583,1648.5073,633275151853891,633275185270662
59.22053,1611.3832,42.491177,1624.8943,633275185439672,633275219394308
87.825,1643.2476,53.94804,1643.2476,633275219584516,633275251095297
68.40224,1617.1332,59.22053,1624.8943,633275251259151,633275283592433
73.90181,1562.1394,68.40224,1624.8943,633275283787068,633275315113891
55.40955,1714.3309,59.22053,1624.8943,633275315268891,633275347755557
86.2711,1675.5579,68.40224,1624.8943,633275347901964,633275383888526
106.07672,1344.7341,68.40224,1624.8943,633275384120870,633275415199880
110.46257,1325.7253,86.2711,1624.8943,633275415382120,633275449296026
70.52283,1379.8678,70.52283,1379.8678,633275449486860,633275484813526
84.12244,1380.2826,84.12244,1380.2826,633275485022745,633275518353422
95.992294,1311.3416,84.12244,1379.8678,633275518550193,633275549952589
74.53528,1363.2888,84.12244,1379.8678,633275550149568,633275582300349
59.731827,1377.3949,84.12244,1377.3949,633275582466234,633275616928839
84.3388,1348.0358,84.12244,1377.3949,633275617950766,633275653251703
103.55153,1289.8658,84.12244,1377.3949,633275653448162,633275685851651
89.36417,1256.3114,84.3388,1348.0358,633275686036234,633275720598109
68.7129,1231.1427,84.12244,1289.8658,633275720803474,633275751401703
33.95508,899.1229,84.12244,1256.3114,633275751585037,633275783101339
43.190163,921.59534,68.7129,1231.1427,633275783261859,633275816873682
87.49878,622.5479,84.12244,921.59534,633275817055401,633275850973734
115.996284,591.9746,84.12244,921.59534,633275851167224,633275885427380
108.6414,572.0237,87.49878,622.5479,633275885589411,633275920898943
98.56355,584.2556,98.56355,591.9746,633275921057484,633275954278839
115.81068,631.04987,98.56355,622.5479,633275955042693,633275987097693
122.12278,594.4566,98.56355,594.4566,633275987281391,633276019496859
155.60045,607.9205,115.81068,607.9205,633276019685453,633276053552849
154.50313,654.5229,122.12278,607.9205,633276053739828,633276088194359
158.92429,629.0117,154.50313,607.9205,633276088363057,633276153103005
115.50207,544.83,122.12278,607.9205,633276153212484,633276185610036
124.52775,617.8211,124.52775,607.9205,633276185798526,633276218582484
146.86275,587.9215,124.52775,607.9205,633276218762120,633276258308318
154.08928,569.9671,124.52775,607.9205,633276258452484,633276296720453
134.29779,586.26154,134.29779,587.9215,633276296858838,633276328969047
141.24287,588.24524,134.29779,588.24524,633276329172536,633276362549880
90.54526,619.8203,134.29779,588.24524,633276362742328,633276395220401
85.62302,545.56134,134.29779,588.24524,633276395412849,633276428506703
96.839165,626.9442,96.839165,588.24524,633276428660505,633276460122120
108.3676,598.702,108.3676,588.24524,633276460782120,633276497011130
111.387695,519.9915,108.3676,588.24524,633276497124984,633276529836026
371.93073,503.72205,108.3676,588.24524,633276530608630,633276563751651
278.75363,494.37277,111.387695,519.9915,633276564719932,633276596734411
437.22678,368.63513,278.75363,503.72205,633276597303317,633276638680401
420.2272,819.6618,278.75363,519.9915,633276638784359,633276672624151
353.73782,522.9447,353.73782,519.9915,633276672731599,633276706377484
250.48471,253.93713,278.75363,519.9915,633276706478578,633276740495869
247.58878,399.6975,278.75363,519.9915,633276740662901,633276775185140
233.35349,604.46954,250.48471,519.9915,633276775264672,633276810877328
185.39146,787.017,247.58878,519.9915,633276810985817,633276843833994
273.05615,621.8905,250.48471,604.46954,633276844054724,633276879814671
205.81267,575.5891,247.58878,575.5891,633276879988057,633276914316546
174.16742,608.09265,247.58878,604.46954,633276914414567,633276948736286
229.91513,555.4917,229.91513,575.5891,633276948922484,633276979360088
199.08496,661.73596,229.91513,604.46954,633276979542119,633277012955505
209.78415,521.94385,229.91513,575.5891,633277013138265,633277047560661
232.47002,578.2078,229.91513,578.2078,633277047748369,633277087732588
303.02792,541.4901,229.91513,575.5891,633277087879098,633277126123682
355.19055,476.52017,232.47002,575.5891,633277126231026,633277158442848
367.89856,475.41278,303.02792,541.4901,633277158566911,633277193339984
366.47482,534.83044,355.19055,534.83044,633277193428890,633277227981338
353.37067,498.47827,353.37067,534.83044,633277228114984,633277265442588
373.93616,437.95355,355.19055,534.83044,633277265628421,633277298014203
422.58932,221.9592,355.19055,498.47827,633277298101598,633277331102848
428.34958,281.46948,373.93616,437.95355,633277331820973,633277363517275
490.28702,194.24295,422.58932,281.46948,633277363645400,633277397241390
490.417,165.64124,428.34958,281.46948,633277399491078,633277434455817
447.11713,197.55316,447.11713,197.55316,633277435180140,633277471200192
417.42044,254.3123,428.34958,254.3123,633277471370505,633277509146338
376.09708,309.98734,428.34958,254.3123,633277509333005,633277542173421
222.94724,298.30252,417.42044,254.3123,633277542325244,633277580527900
159.46698,410.88965,376.09708,298.30252,633277580719202,633277614531286
107.061905,420.10065,222.94724,298.30252,633277614729307,633277647575192
105.6561,407.30466,159.46698,407.30466,633277647837848,633277681747848
142.76741,365.73383,142.76741,365.73383,633277681931650,633277715137692
173.66225,402.33435,159.46698,402.33435,633277716276598,633277747519307
149.08395,378.77457,149.08395,378.77457,633277747713577,633277781677692
287.40442,329.39954,159.46698,378.77457,633277781869879,633277816869932
341.73953,280.9381,159.46698,378.77457,633277816982952,633277846017640
328.80777,313.7509,287.40442,329.39954,633277846199098,633277882204150
370.87256,280.33606,328.80777,313.7509,633277882379254,633277917020921
350.06485,262.5809,328.80777,313.7509,633277917254098,633277951860504
435.06418,244.5427,350.06485,280.33606,633277952178421,633277984328473
432.1846,213.33888,350.06485,262.5809,633277984432067,633278015699671
458.76532,193.34196,432.1846,244.5427,633278017218161,633278051601859
453.8522,193.5974,432.1846,213.33888,633278051726546,633278085457275
385.88275,315.482,432.1846,244.5427,633278085649671,633278120616442
296.50784,351.20364,432.1846,244.5427,633278120788838,633278151723004
322.1556,351.0291,385.88275,315.482,633278151949775,633278183308369
326.5365,275.5282,326.5365,275.5282,633278183532692,633278214926129
328.31464,339.19064,328.31464,315.482,633278215115036,633278247051077
273.44342,399.0792,326.5365,315.482,633278247232379,633278284096077
313.64764,343.3685,326.5365,339.19064,633278284197067,633278316257536
295.7077,362.7552,313.64764,343.3685,633278316463473,633278349871754
305.76044,342.4544,313.64764,342.4544,633278349992119,633278381963160
311.0823,373.73532,311.0823,343.3685,633278382060400,633278420874046
626.8582,1310.0084,313.64764,343.3685,633278420976963,633278454068681
446.13895,1230.4055,313.64764,373.73532,633278454282223,633278493690973
449.83017,1292.1014,446.13895,1230.4055,633278493872848,633278526932952
461.9138,1272.0477,446.13895,1230.4055,633278527084827,633278558869619
515.5463,1260.0394,449.83017,1260.0394,633278559053213,633278590421754
499.95792,1260.201,461.9138,1260.0394,633278590561494,633278623127015
515.74445,1299.216,499.95792,1260.0394,633278623247067,633278654263265
500.811,1206.3678,499.95792,1260.0394,633278661580973,633278693206390
432.17783,1189.8114,499.95792,1260.0394,633278696687692,633278728135712
433.2553,1129.172,499.95792,1206.3678,633278731371129,633278766270504
362.2981,1138.353,433.2553,1189.8114,633278766345504,633278799870087
381.5592,1160.8469,433.2553,1160.8469,633278800137744,633278835892639
416.26132,1156.1194,416.26132,1160.8469,633278836028160,633278873183004
440.6996,1162.3285,433.2553,1160.8469,633278873610452,633278908549619
442.35657,1245.6401,433.2553,1160.8469,633278910975921,633278944583577
406.53543,1134.7881,433.2553,1160.8469,633278944888212,633278978239567
389.66315,1135.8966,433.2553,1160.8469,633278978337379,633279010276962
388.68393,1094.8247,406.53543,1135.8966,633279010423056,633279044839046
461.01166,1231.5402,433.2553,1160.8469,633279045022014,633279078936233
459.29373,1140.7683,433.2553,1140.7683,633279079118681,633279110644566
492.58466,1164.6256,459.29373,1160.8469,633279110826077,633279146204827
505.9193,1082.9185,459.29373,1140.7683,633279146385556,633279182494046
492.77274,1157.7102,492.58466,1157.7102,633279182669827,633279217711181
441.54703,1158.6075,459.29373,1157.7102,633279217904046,633279253476181
456.06628,1168.1361,459.29373,1157.7102,633279253575921,633279287133316
472.75824,1177.5203,459.29373,1158.6075,633279287238941,633279320912275
408.73804,1182.7318,459.29373,1168.1361,633279321206754,633279355452066
407.76425,1169.0485,459.29373,1169.0485,633279355555660,633279391762327
339.5363,1150.4357,408.73804,1168.1361,633279391935087,633279426504410
358.9287,1159.7485,407.76425,1168.1361,633279427441910,633279458441806
336.99985,1158.9331,358.9287,1159.7485,633279458597014,633279493061129
337.3824,1125.5338,358.9287,1159.7485,633279493244150,633279529136233
345.7394,1159.3219,345.7394,1159.3219,633279529269306,633279566228941
276.43814,1195.0138,345.7394,1159.7485,633279566411754,633279599866389
289.92587,1186.8784,345.7394,1159.7485,633279599988629,633279633112483
356.31174,1240.8032,345.7394,1186.8784,633279633205660,633279669464723
339.98724,1267.6213,345.7394,1186.8784,633279669578212,633279704639514
315.3967,1226.6863,345.7394,1226.6863,633279704792639,633279739278160
368.8367,1251.4443,345.7394,1226.6863,633279739454618,633279775143264
336.99136,1233.5007,345.7394,1226.6863,633279775322795,633279808986858
433.6919,1115.8654,345.7394,1226.6863,633279810118785,633279843030087
412.712,1265.3038,345.7394,1226.6863,633279845321285,633279885402222
431.41614,1243.766,412.712,1226.6863,633279885500400,633279946971441
432.57468,1360.8622,412.712,1243.766,633279947093004,633279981770712
417.85318,1354.0544,417.85318,1243.766,633279981892639,633280013805191
388.1119,1381.1964,412.712,1354.0544,633280013985816,633280046655972
361.24582,1403.4141,412.712,1354.0544,633280046811389,633280078738368
369.6733,1428.2881,388.1119,1381.1964,633280078844566,633280112208837
386.70618,1380.0608,386.70618,1380.0608,633280112343264,633280144276597
403.7584,1310.8276,388.1119,1380.0608,633280144458316,633280180307274
336.92505,1298.3988,386.70618,1380.0608,633280180422222,633280217706597
331.94028,1182.0966,386.70618,1310.8276,633280217793889,633280251704462
385.69333,1200.1078,385.69333,1298.3988,633280251788108,633280310497431
450.20624,1314.8448,386.70618,1310.8276,633280310614983,633280346031649
471.74213,684.0607,386.70618,1298.3988,633280346140868,633280378222587
360.77686,567.78687,386.70618,1298.3988,633280378383889,633280417263628
406.27472,504.33163,386.70618,684.0607,633280417461233,633280449125608
317.87225,549.19836,386.70618,567.78687,633280449254566,633280485136910
365.84708,494.78665,386.70618,549.19836,633280485518837,633280516931441
336.41174,538.5841,365.84708,549.19836,633280517085712,633280551339514
263.13553,363.73883,365.84708,538.5841,633280552314566,633280589163941
263.36456,400.86502,336.41174,538.5841,633280589292483,633280623906753
253.41478,293.19998,263.36456,400.86502,633280624131962,633280660062691
267.8605,300.00534,267.8605,400.86502,633280660270764,633280692743628
263.75964,271.96457,263.75964,300.00534,633280692888680,633280723044462
284.2833,267.47714,267.8605,300.00534,633280725818368,633280761441805
328.14825,295.35904,267.8605,295.35904,633280761611753,633280794819149
337.32013,331.21347,284.2833,300.00534,633280796474201,633280829401076
346.50464,334.4604,328.14825,300.00534,633280829525035,633280864388420
320.3231,403.06134,320.3231,331.21347,633280864477430,633280896865139
305.16528,394.91144,320.3231,334.4604,633280896951128,633280931761232
311.8373,380.38425,320.3231,380.38425,633280931879826,633280971589305
320.7986,351.57254,320.3231,351.57254,633280971756441,633281004070399
223.22868,552.4738,320.3231,380.38425,633281004249722,633281036225503
184.3057,581.6628,320.3231,380.38425,633281036401024,633281070543784
148.03604,648.95654,223.22868,552.4738,633281070671857,633281104580399
165.45738,609.3142,184.3057,581.6628,633281104718003,633281139610816
259.78723,571.8749,223.22868,571.8749,633281140457482,633281173746180
182.41768,453.99948,184.3057,571.8749,633281173928212,633281207597847
367.83652,927.56464,223.22868,571.8749,633281207788316,633281241344149
341.75314,1056.8838,223.22868,571.8749,633281241504461,633281281457951
259.45294,688.89606,259.45294,688.89606,633281282341441,633281316470191
224.82507,509.47952,224.82507,571.8749,633281316823941,633281350017795
303.7718,280.51785,259.45294,571.8749,633281350102274,633281382867066
171.88335,540.1318,224.82507,540.1318,633281383796701,633281416256232
247.86096,664.51013,247.86096,571.8749,633281417193055,633281452946857
316.72336,594.12555,247.86096,571.8749,633281453127951,633281488162430
263.41602,536.55365,247.86096,571.8749,633281488780972,633281522963576
290.05426,506.4446,263.41602,571.8749,633281523127638,633281554433316
367.1079,346.06732,263.41602,536.55365,633281554646909,633281589265503
350.46225,350.69525,290.05426,506.4446,633281589456493,633281620663836
383.41385,372.8038,350.46225,372.8038,633281620833784,633281653861493
351.997,418.61194,350.46225,418.61194,633281654071961,633281690115138
372.09323,423.29135,351.997,418.61194,633281690281440,633281721722065
365.3529,428.39337,351.997,418.61194,633281721882170,633281753818784
413.99002,387.14697,365.3529,418.61194,633281753989201,633281789892743
325.06107,359.44464,351.997,418.61194,633281790102274,633281824832118
319.27435,362.635,351.997,387.14697,633281824921232,633281856308107
295.56396,472.22305,325.06107,418.61194,633281857105034,633281890171024
383.25485,447.7718,351.997,418.61194,633281891383732,633281923966805
350.00903,433.89197,350.00903,433.89197,633281924206024,633281956556701
318.91745,468.07535,350.00903,433.89197,633281956745190,633281989615867
311.5293,493.70377,350.00903,433.89197,633281989774826,633282021283524
357.60532,1353.3088,350.00903,468.07535,633282021444982,633282054662482
332.4239,1544.474,350.00903,493.70377,633282054816857,633282085436232
405.24097,1540.2377,350.00903,1353.3088,633282085640503,633282116708992
456.87857,1585.981,350.00903,1540.2377,633282116854774,633282148803003
378.7134,1500.7892,378.7134,1500.7892,633282149431701,633282182459565
371.7915,1521.5809,371.7915,1521.5809,633282182623628,633282219713107
361.35727,1580.4948,371.7915,1521.5809,633282219918472,633282255289044
348.09204,1651.5167,371.7915,1521.5809,633282255516232,633282288372065
375.92178,1549.6036,371.7915,1549.6036,633282289170034,633282319819565
397.47983,1664.9384,371.7915,1549.6036,633282325988263,633282358799096
410.7052,1567.0802,375.92178,1549.6036,633282358859774,633282393096232
400.8997,1597.2795,397.47983,1567.0802,633282394136492,633282425484774
368.22675,1647.3699,375.92178,1567.0802,633282426553940,633282465051336
360.34106,1681.9567,375.92178,1597.2795,633282465351388,633282498948888
343.11813,1538.1453,368.22675,1567.0802,633282499129617,633282530430555
324.68768,1445.7878,360.34106,1567.0802,633282531459148,633282568632378
439.30295,1527.066,368.22675,1538.1453,633282570776336,633282605972846
413.86978,1556.5641,368.22675,1556.5641,633282606159096,633282640511180
345.31845,1580.7363,368.22675,1556.5641,633282640622951,633282674198419
331.54373,1546.6298,368.22675,1556.5641,633282674311076,633282706128003
306.86084,1526.1216,345.31845,1556.5641,633282706234878,633282740850659
323.39633,1465.5844,331.54373,1546.6298,633282741056076,633282776751909
335.802,1464.9662,335.802,1526.1216,633282776927690,633282828353575
408.84366,1498.9427,335.802,1498.9427,633282828458107,633282867920398
386.2752,1511.2457,335.802,1511.2457,633282868162013,633282900564565
355.66528,1513.4907,355.66528,1511.2457,633282900739461,633282933694513
336.6489,1553.4728,336.6489,1511.2457,633282933871128,633282968124461
276.32083,1520.3829,336.6489,1513.4907,633282968292482,633283001584825
237.57661,1414.632,336.6489,1511.2457,633283001740502,633283039746023
259.20718,1522.8553,276.32083,1513.4907,633283039926961,633283077549200
235.99866,1561.5275,259.20718,1513.4907,633283078325086,633283111908002
298.82062,1594.7097,276.32083,1522.8553,633283112046857,633283145210815
302.25897,1578.7777,276.32083,1561.5275,633283145333888,633283180452482
282.64136,1574.569,282.64136,1574.569,633283180623315,633283240639409
340.6439,1645.6997,282.64136,1574.569,633283240732846,633283272707273
217.10493,1545.2761,282.64136,1574.569,633283272897065,633283306957117
115.89478,1631.8815,282.64136,1574.569,633283307110815,633283345016961
98.51523,1649.3866,217.10493,1574.569,633283347265294,633283380708575
93.5067,1586.567,115.89478,1586.567,633283380888679,633283418678992
104.84851,1558.2993,104.84851,1574.569,633283419381856,633283451123992
140.10088,1617.2511,115.89478,1586.567,633283451316023,633283486666336
117.845,1719.4108,115.89478,1586.567,633283486771388,633283518844096
132.83466,1728.0032,117.845,1617.2511,633283519015398,633283551683992
200.89418,1684.892,117.845,1684.892,633283551864825,633283582959356
285.46402,1610.5228,132.83466,1617.2511,633283583052117,633283615560190
326.6295,1579.7983,200.89418,1617.2511,633283615668523,633283645420033
404.3458,1571.109,285.46402,1610.5228,633283645567481,633283677415763
599.81116,1578.8262,326.6295,1579.7983,633283677527481,633283712635867
538.2158,801.7145,404.3458,1578.8262,633283712841700,633283743731283
417.2072,764.9091,417.2072,1578.8262,633283743860294,633283776081283
386.2666,1143.6426,404.3458,1143.6426,633283776186804,633283811221961
430.68494,444.49554,417.2072,1143.6426,633283811719513,633283846113731
347.3064,468.53772,404.3458,1143.6426,633283847366752,633283883018419
195.7084,854.02075,404.3458,854.02075,633283883196492,633283916430294
200.04779,961.40656,347.3064,961.40656,633283916601283,633283952308731
228.2099,909.05054,228.2099,909.05054,633283952495554,633283985234773
188.27399,888.79926,228.2099,909.05054,633283985312221,633284016305138
239.63153,862.4587,228.2099,909.05054,633284016434513,633284050205450
263.46985,996.0809,228.2099,909.05054,633284050357221,633284097177012
205.6825,920.5275,228.2099,909.05054,633284098023887,633284133519304
255.16634,893.43445,228.2099,909.05054,633284133615137,633284168189044
221.57796,754.31055,228.2099,909.05054,633284168350294,633284203463992
292.19174,798.71466,228.2099,893.43445,633284203639252,633284239709304
298.2935,806.0967,228.2099,806.0967,633284239900450,633284275746439
298.1665,744.2231,292.19174,806.0967,633284275845971,633284310271492
273.39523,766.19495,273.39523,806.0967,633284310574981,633284362561387
243.91646,696.10144,273.39523,766.19495,633284363562533,633284398193262
177.11247,644.36957,273.39523,766.19495,633284399942012,633284434290919
175.87816,585.58514,243.91646,696.10144,633284434472273,633284471166856
156.40852,548.9332,177.11247,644.36957,633284471350085,633284510105085
194.28767,556.68677,194.28767,585.58514,633284511198835,633284542991075
171.02614,564.7479,177.11247,564.7479,633284544698731,633284579146491
113.28535,623.1698,177.11247,585.58514,633284579286283,633284615411127
172.87141,541.15405,172.87141,564.7479,633284615575137,633284652074616
224.6959,536.8985,177.11247,564.7479,633284652246387,633284686649148
262.75308,561.2418,177.11247,561.2418,633284686865398,633284719386752
289.44592,529.7263,224.6959,561.2418,633284719480554,633284752162689
285.74506,503.16388,262.75308,561.2418,633284752466491,633284783069721
339.7537,537.2798,285.74506,537.2798,633284783164512,633284816620241
393.4126,419.35516,285.74506,537.2798,633284816734981,633284848642637
279.42676,563.3995,285.74506,537.2798,633284848759096,633284882845137
232.7434,581.64685,285.74506,537.2798,633284882986596,633284914075137
198.1812,612.182,279.42676,563.3995,633284914302637,633284946005189
184.4263,577.6121,232.7434,577.6121,633284946197429,633284981513106
121.16515,613.592,198.1812,577.6121,633284981693002,633285012489095
139.5762,651.05426,184.4263,577.6121,633285012680189,633285045299825
112.38683,539.25287,139.5762,577.6121,633285045479616,633285078015450
110.81822,495.6475,139.5762,577.6121,633285078206804,633285110237585
159.29855,638.46326,139.5762,577.6121,633285110446023,633285145207220
137.824,725.7176,139.5762,577.6121,633285145416856,633285182011700
114.34934,644.27606,139.5762,638.46326,633285182197637,633285214625814
126.68459,705.2805,137.824,644.27606,633285214801075,633285247343575
174.03539,620.2327,139.5762,638.46326,633285247478470,633285281967689
205.18643,679.4515,139.5762,644.27606,633285282061647,633285314333575
248.14757,635.99744,174.03539,638.46326,633285314483054,633285349791647
222.32005,653.52527,205.18643,644.27606,633285349983418,633285383273835
319.99213,643.8514,222.32005,643.8514,633285383445866,633285415462949
308.01266,846.55225,222.32005,644.27606,633285415678262,633285449298470
283.93332,1757.3604,283.93332,644.27606,633285449478835,633285482755606
292.60184,1703.733,283.93332,846.55225,633285482945449,633285518021439
288.05142,1751.9059,283.93332,1703.733,633285518185814,633285553268314
330.59988,1555.4552,288.05142,1555.4552,633285553462949,633285585867845
325.34543,1649.6499,288.05142,1649.6499,633285585975189,633285619342429
220.8185,1629.9492,288.05142,1629.9492,633285619556856,633285658365762
249.17409,1623.2251,288.05142,1629.9492,633285658489251,633285694601699
314.73914,1721.7443,288.05142,1629.9492,633285694710085,633285729494564
288.30222,1678.1992,288.05142,1629.9492,633285730295606,633285766496491
261.58734,1605.6838,288.05142,1629.9492,633285766597637,633285810600762
290.42834,1696.6904,288.05142,1629.9492,633285810794303,633285845583053
339.67587,1669.2382,288.05142,1629.9492,633285845788001,633285891731908
290.64902,1619.2158,290.42834,1629.9492,633285891903470,633285928632793
276.73767,1464.3196,288.05142,1629.9492,633285928771491,633285965740241
286.4509,1586.2465,288.05142,1619.2158,633285965919043,633285999255137
190.99876,1619.7352,286.4509,1619.7352,633285999346074,633286031154772
228.97719,1569.4491,286.4509,1619.2158,633286031257480,633286067265710
155.94281,1627.035,228.97719,1619.7352,633286067360866,633286100375710
195.9844,1548.6273,228.97719,1619.2158,633286100564460,633286138478105
211.3183,1606.3647,211.3183,1619.2158,633286138601908,633286175308418
222.44656,1547.0247,222.44656,1606.3647,633286175414355,633286212362845
196.81673,1513.1405,211.3183,1606.3647,633286213094980,633286256214147
237.03336,1527.1901,222.44656,1547.0247,633286256401491,633286292661907
381.40686,1449.0918,222.44656,1527.1901,633286292850918,633286325241022
355.9458,1509.8873,237.03336,1527.1901,633286325739772,633286360578366
380.22433,1608.5042,355.9458,1527.1901,633286360743522,633286399986699
415.15604,1612.6342,355.9458,1527.1901,633286400237689,633286437916074
503.96918,1600.6228,380.22433,1600.6228,633286438029876,633286471666387
474.55484,1548.7993,415.15604,1548.7993,633286472085345,633286518517689
542.7846,1605.0183,474.55484,1600.6228,633286519073314,633286551450345
383.85028,1588.3427,415.15604,1588.3427,633286551615762,633286584401074
354.73932,1493.5583,415.15604,1588.3427,633286587958418,633286626851543
258.62073,1510.4941,383.85028,1588.3427,633286626944199,633286660306959
219.45224,1427.4073,354.73932,1510.4941,633286660498522,633286695978991
191.15762,1607.5375,258.62073,1588.3427,633286696237376,633286730177897
354.11206,1551.8842,354.11206,1551.8842,633286730363991,633286766487532
266.37024,1617.4828,266.37024,1588.3427,633286766672793,633286806955449
270.19434,1475.842,270.19434,1551.8842,633286807137168,633286839052011
232.0822,1618.6014,266.37024,1588.3427,633286839233314,633286872302376
262.75476,1649.7565,266.37024,1588.3427,633286872761022,633286906371126
267.29373,1695.8258,266.37024,1618.6014,633286906549095,633286945675136
263.10983,1742.2213,266.37024,1649.7565,633286945861074,633286976249199
219.2862,1563.137,266.37024,1618.6014,633286976409980,633287008641230
194.12378,1632.993,263.10983,1632.993,633287010039928,633287043343522
345.40012,1655.1431,266.37024,1632.993,633287044159407,633287081537845
332.6105,1733.1573,266.37024,1632.993,633287082532428,633287115996595
246.24045,1770.9927,266.37024,1655.1431,633287116137376,633287154678522
269.07825,1716.0972,266.37024,1716.0972,633287155501959,633287187944043
353.2714,1705.2233,266.37024,1705.2233,633287189258105,633287222609303
342.44553,1683.3356,269.07825,1705.2233,633287223928365,633287264756959
392.93707,1617.0048,342.44553,1705.2233,633287265144980,633287298217897
227.0411,1703.6376,269.07825,1703.6376,633287298335813,633287330749459
187.7273,1661.5803,269.07825,1703.6376,633287330918470,633287365702897
335.40695,1836.7725,269.07825,1703.6376,633287365879042,633287398237897
321.2307,1669.2291,269.07825,1703.6376,633287399552740,633287432129407
400.14273,1273.0089,321.2307,1703.6376,633287432302376,633287470759147
264.50055,999.0722,269.07825,1669.2291,633287471301699,633287502980136
269.043,1023.6898,269.07825,1273.0089,633287504591438,633287535659772
194.29778,1038.5736,269.043,1038.5736,633287535794928,633287570909719
206.88455,1048.4885,269.043,1048.4885,633287571070084,633287605823001
245.3491,1087.3973,245.3491,1048.4885,633287606011230,633287636270865
246.20491,1067.9773,246.20491,1048.4885,633287637254719,633287688234876
293.77118,963.66547,246.20491,1048.4885,633287688427167,633287720991334
172.87015,885.4912,246.20491,1048.4885,633287721574407,633287763177428
233.41019,798.2589,246.20491,963.66547,633287763290397,633287797238261
189.6664,688.1688,233.41019,885.4912,633287797436803,633287847616855
210.312,727.6206,233.41019,798.2589,633287847698365,633287882006699
202.31816,781.48004,210.312,781.48004,633287882208626,633287918451438
195.82703,627.7792,210.312,781.48004,633287918565188,633287953669251
171.8708,687.3533,202.31816,781.48004,633287953842011,633287994011178
226.67926,535.966,210.312,687.3533,633288018314303,633288055668782
231.26108,560.63464,210.312,687.3533,633288056716594,633288089270501
242.18602,522.4328,226.67926,560.63464,633288090289563,633288122652011
214.68465,561.1825,214.68465,561.1825,633288122813730,633288154636751
265.00964,509.5381,226.67926,560.63464,633288155809459,633288190450240
234.8122,567.63116,226.67926,561.1825,633288190636698,633288225689667
251.95245,422.7285,234.8122,560.63464,633288225774719,633288257763521
215.08672,463.19937,226.67926,560.63464,633288257907792,633288290276386
342.10144,515.6749,234.8122,515.6749,633288290380240,633288324223053
350.35556,561.9119,234.8122,560.63464,633288324426386,633288357548417
520.5067,927.14655,342.10144,560.63464,633288357692740,633288391140709
577.5984,1103.1244,350.35556,561.9119,633288391294303,633288425230709
574.2448,935.2351,520.5067,927.14655,633288425374563,633288456560084
415.94788,407.31403,415.94788,561.9119,633288456687896,633288488638834
309.9765,303.85422,415.94788,561.9119,633288490147896,633288527129667
201.40459,652.03314,415.94788,561.9119,633288527214927,633288560118365
296.4812,590.9861,309.9765,561.9119,633288560278313,633288593006021
325.75653,526.1009,325.75653,561.9119,633288593106959,633288628235761
231.7407,580.0785,309.9765,561.9119,633288628347011,633288662770604
177.59438,468.18362,309.9765,561.9119,633288662940084,633288705116125
204.57304,472.06384,231.7407,561.9119,633288705244407,633288737274198
175.75215,474.59204,204.57304,474.59204,633288737509979,633288776371177
248.55113,482.95807,231.7407,482.95807,633288776463834,633288809203104
357.41382,388.2071,231.7407,474.59204,633288809389042,633288846615188
387.40955,400.7915,248.55113,474.59204,633288846713104,633288878228729
398.77774,433.21484,357.41382,433.21484,633288878494042,633288912541646
340.15115,490.36386,340.15115,474.59204,633288912670761,633288946470604
346.56348,483.26392,346.56348,474.59204,633288946577375,633288980194042
413.6043,435.5656,346.56348,474.59204,633288980385188,633289018406438
381.8515,496.0522,346.56348,474.59204,633289018597896,633289079629146
351.6835,498.4506,351.6835,474.59204,633289079734146,633289118175969
377.22797,636.8895,351.6835,496.0522,633289118283886,633289151754250
369.44647,549.3713,351.6835,498.4506,633289151923000,633289185870969
328.11572,651.05133,351.6835,549.3713,633289186034719,633289217551750
428.97925,580.15533,351.6835,549.3713,633289217713052,633289248908938
427.97214,548.20966,351.6835,549.3713,633289249319719,633289284539146
483.12003,497.44565,427.97214,549.3713,633289289428729,633289320908000
394.85046,563.6233,394.85046,549.3713,633289321090083,633289355143000
442.38638,566.7803,427.97214,549.3713,633289355311021,633289387550188
408.36923,568.6107,408.36923,563.6233,633289389045448,633289422013104
417.22537,635.5304,417.22537,566.7803,633289428296594,633289463510344
310.96152,1632.688,408.36923,568.6107,633289463609458,633289500450708
236.03377,1470.4766,408.36923,635.5304,633289500613104,633289546280396
326.82153,1497.9053,326.82153,1470.4766,633289546371177,633289579011958
450.36493,1419.7717,408.36923,1419.7717,633289579222271,633289620853990
449.06006,1451.9586,408.36923,1451.9586,633289620949198,633289677611490
440.4152,1497.7861,440.4152,1451.9586,633289677723208,633289709989667
424.7088,1576.9336,424.7088,1451.9586,633289710089510,633289741918364
421.6173,1529.2048,424.7088,1497.7861,633289742031594,633289774065396
315.65024,1619.6179,424.7088,1529.2048,633289774164198,633289820908156
357.8328,1583.1213,421.6173,1529.2048,633289821005187,633289857112479
357.2869,1645.0125,357.8328,1583.1213,633289857818469,633289890111958
345.49173,1618.6691,357.8328,1583.1213,633289890207687,633289922350292
394.97125,1628.4694,357.8328,1618.6691,633289922525604,633289952353312
311.968,1653.4581,357.8328,1618.6691,633289954338573,633289989217219
260.04352,1713.1886,357.8328,1628.4694,633289989311958,633290020337219
313.84772,1634.0027,313.84772,1634.0027,633290021831281,633290054172166
301.12372,1744.2657,313.84772,1634.0027,633290054342375,633290085726698
294.53574,1664.5035,313.84772,1634.0027,633290087425291,633290119476541
343.7008,1802.0481,313.84772,1664.5035,633290119643312,633290154678781
231.28682,1737.0248,313.84772,1664.5035,633290154868156,633290192437739
209.08784,1631.6152,313.84772,1664.5035,633290192557323,633290228609823
273.97873,1770.7756,273.97873,1664.5035,633290228707791,633290265894354
202.8892,1580.9708,273.97873,1664.5035,633290266943468,633290325547635
228.75229,1637.4886,273.97873,1664.5035,633290325650135,633290360577635
253.47281,1693.6295,253.47281,1664.5035,633290360661593,633290417087583
259.15524,1640.6213,259.15524,1664.5035,633290417182218,633290450391125
295.81116,1611.8547,259.15524,1664.5035,633290450751489,633290485641958
229.61142,1793.8,259.15524,1664.5035,633290485822375,633290517686281
296.90536,1661.5144,259.15524,1664.5035,633290517864458,633290549246750
319.58112,1571.1069,259.15524,1664.5035,633290549441177,633290581003677
417.70978,1506.309,296.90536,1661.5144,633290581128364,633290613449197
394.7806,1544.5564,319.58112,1571.1069,633290617335135,633290648249197
436.8093,1576.5813,394.7806,1576.5813,633290679413677,633290715745343
441.37122,1579.693,394.7806,1576.5813,633290719806854,633290752605864
465.21265,1554.2274,436.8093,1576.5813,633290752741281,633290787211333
491.51755,1475.7463,441.37122,1576.5813,633290787312895,633290819865135
259.59763,1161.8221,436.8093,1554.2274,633290821208260,633290853184614
239.06854,1006.6093,436.8093,1475.7463,633290853384562,633290887576645
242.89125,937.4579,259.59763,1161.8221,633290888239562,633290920063572
215.53496,986.4022,242.89125,1006.6093,633290920231697,633290954366177
227.26369,962.96497,242.89125,986.4022,633290954536437,633290991705760
284.7258,980.8937,242.89125,986.4022,633290991900031,633291024374614
295.26016,989.3427,242.89125,986.4022,633291024479770,633291059042479
333.6113,995.6842,284.7258,986.4022,633291059127114,633291096814249
252.23276,1028.9414,252.23276,989.3427,633291099727270,633291138487583
314.63306,1030.9536,284.7258,995.6842,633291138680864,633291171548572
327.63782,937.5772,284.7258,989.3427,633291171723156,633291203886124
338.98517,905.0194,314.63306,989.3427,633291204097635,633291238418208
294.47067,775.0933,294.47067,937.5772,633291238581437,633291272278520
259.53024,763.94025,294.47067,905.0194,633291272466593,633291306046801
249.70016,796.482,294.47067,796.482,633291306178989,633291369340291
243.99622,788.736,259.53024,796.482,633291371614249,633291402928156
213.82547,753.31775,249.70016,796.482,633291403122531,633291443994666
174.24426,700.00464,243.99622,788.736,633291444201385,633291484530760
165.0292,668.2924,213.82547,753.31775,633291484724301,633291528483051
146.90446,821.28064,174.24426,788.736,633291528623989,633291566621333
115.29079,750.1737,165.0292,753.31775,633291566846853,633291599188260
142.77652,753.5765,146.90446,753.5765,633291599362530,633291631649926
84.26284,755.87537,142.77652,753.5765,633291631820030,633291665837895
113.875275,653.0127,142.77652,753.5765,633291666005187,633291699698989
156.49962,732.3585,142.77652,753.5765,633291699834718,633291730853832
98.17954,697.58777,142.77652,732.3585,633291731023312,633291766255395
95.08571,698.9529,142.77652,732.3585,633291766457374,633291797934353
108.74861,647.27234,108.74861,698.9529,633291798117843,633291832314301
92.56435,716.75543,108.74861,716.75543,633291832514770,633291872524510
155.15009,649.7865,108.74861,698.9529,633291872707478,633291902967114
229.63945,677.88214,108.74861,698.9529,633291903075239,633291934131228
266.93097,572.96844,155.15009,677.88214,633291934999041,633291965504562
294.3926,646.95447,229.63945,677.88214,633291965648468,633291999856176
293.96704,583.5441,266.93097,646.95447,633292000144926,633292032570759
326.44583,591.62317,293.96704,646.95447,633292032793103,633292063350447
301.8985,623.41943,293.96704,623.41943,633292063525551,633292095138572
298.4576,615.70074,298.4576,623.41943,633292095312687,633292130678259
272.08722,561.0102,293.96704,623.41943,633292130813728,633292165403207
332.91165,494.6294,298.4576,615.70074,633292165605551,633292198700447
320.10315,507.73666,298.4576,561.0102,633292198895551,633292230776853
296.46738,556.4319,298.4576,556.4319,633292230930239,633292263401801
184.68486,720.9626,298.4576,561.0102,633292263572426,633292301275864
146.76117,711.12933,296.46738,561.0102,633292301456436,633292335742114
103.60719,762.9341,184.68486,711.12933,633292335947686,633292370877791
115.30881,816.45233,146.76117,711.12933,633292371021905,633292403179093
94.17906,711.9997,115.30881,711.9997,633292403348051,633292434575186
88.27759,720.8365,115.30881,711.9997,633292434752166,633292466508728
101.183914,726.5703,101.183914,711.9997,633292466693676,633292498878155
311.2937,1633.4703,115.30881,720.8365,633292499071645,633292533612113
234.8673,1873.58,115.30881,726.5703,633292533773311,633292567590238
206.07219,1817.0668,206.07219,1633.4703,633292567834405,633292598854770
224.8155,1786.4287,206.07219,1786.4287,633292599036436,633292632944405
207.77747,1750.0266,206.07219,1750.0266,633292633102843,633292672336020
235.8553,1717.9989,207.77747,1750.0266,633292672536124,633292707312530
328.88654,1774.1598,207.77747,1750.0266,633292707468155,633292742309040
342.95856,1771.029,235.8553,1750.0266,633292743371540,633292777701176
153.58524,1664.1681,207.77747,1750.0266,633292777839718,633292809209249
208.74417,1711.2616,208.74417,1750.0266,633292809323572,633292843850551
210.75925,1699.0525,208.74417,1711.2616,633292844157842,633292879116540
207.60808,1694.7532,208.74417,1711.2616,633292879253728,633292913814092
243.67082,1747.9008,208.74417,1711.2616,633292913933884,633292949192686
307.75693,1633.9927,208.74417,1711.2616,633292950722634,633292983217842
416.77084,1531.4927,243.67082,1711.2616,633292983378624,633293016122947
357.379,1472.0232,307.75693,1633.9927,633293016296853,633293050462530
309.62534,1481.8888,309.62534,1531.4927,633293050657113,633293082480394
362.30362,1482.952,309.62534,1482.952,633293084157842,633293114828936
358.88577,1503.9006,309.62534,1503.9006,633293115321176,633293149414353
359.85544,1577.8984,358.88577,1503.9006,633293151378155,633293181233572
382.24817,1537.7559,358.88577,1503.9006,633293183451749,633293215586905
391.84262,1457.3434,359.85544,1503.9006,633293217849613,633293248588103
308.39166,560.1986,358.88577,1503.9006,633293248710863,633293280461957
400.8296,588.4079,359.85544,1457.3434,633293281332946,633293315857321
354.4173,554.70825,358.88577,588.4079,633293315933988,633293348278311
370.27313,552.1124,359.85544,588.4079,633293348355238,633293383124457
416.13443,540.4299,359.85544,554.70825,633293383285499,633293414601644
421.81387,582.9687,370.27313,582.9687,633293416311853,633293447975603
466.16388,516.67444,416.13443,554.70825,633293448135603,633293483693311
484.1149,495.74503,421.81387,554.70825,633293483783467,633293515771905
480.86572,496.93817,466.16388,516.67444,633293515927790,633293549681280
480.8068,469.76532,480.8068,496.93817,633293549837321,633293584517582
463.7442,480.34476,466.16388,496.93817,633293584626540,633293616306696
510.0498,439.17136,480.8068,480.34476,633293616404457,633293648229457
550.25464,458.19333,480.8068,480.34476,633293648360394,633293680807165
572.41473,466.06268,510.0498,466.06268,633293680896332,633293715478988
556.0243,484.3198,550.25464,480.34476,633293717586332,633293766358988
558.94366,442.26297,556.0243,466.06268,633293766462790,633293798338884
572.07086,408.01633,556.0243,466.06268,633293798527790,633293832598103
548.7377,370.05945,556.0243,442.26297,633293832706592,633293863993884
583.919,401.17178,556.0243,408.01633,633293864220707,633293902829769
583.1958,380.12726,556.0243,401.17178,633293903011436,633293935390863
637.91016,437.74896,583.1958,408.01633,633293935507425,633293967202269
648.48535,1182.6594,583.1958,408.01633,633293967324925,633294000926957
479.63205,1505.7385,583.1958,437.74896,633294001016071,633294035758623
518.5489,1542.3033,583.1958,1182.6594,633294035869457,633294068855134
607.42926,1690.9202,583.1958,1505.7385,633294069021071,633294099961019
638.54535,1591.9357,583.1958,1542.3033,633294100183311,633294135200498
594.2909,1667.2758,594.2909,1591.9357,633294135334404,633294167806279
521.6007,1628.978,583.1958,1591.9357,633294167919144,633294204193832
445.876,1644.9392,583.1958,1628.978,633294204301019,633294264953519
372.08646,1642.4785,521.6007,1628.978,633294265069144,633294297288779
451.02966,1566.5476,451.02966,1628.978,633294297410811,633294327275394
462.8371,990.24634,462.8371,1628.978,633294327460550,633294375113102
247.71217,881.3122,451.02966,1566.5476,633294376299456,633294409532894
279.76923,757.66437,451.02966,990.24634,633294409725081,633294442953571
309.96393,781.85516,309.96393,881.3122,633294443127321,633294480664248
281.8314,770.699,309.96393,781.85516,633294480757842,633294512919821
308.5678,788.14716,309.96393,788.14716,633294513009352,633294545647842
357.54962,818.9635,309.96393,788.14716,633294545724040,633294577485811
380.38864,795.69916,309.96393,788.14716,633294579752321,633294612133102
454.2747,813.0124,357.54962,795.69916,633294613581800,633294645614873
395.86664,859.5937,380.38864,795.69916,633294647259508,633294677856019
306.01904,910.7688,357.54962,813.0124,633294677995394,633294718724821
315.0564,890.8584,357.54962,859.5937,633294718821123,633294753752061
302.61298,903.1767,315.0564,890.8584,633294753867477,633294792468102
220.10364,908.793,315.0564,890.8584,633294793803571,633294830042165
215.87466,946.0039,302.61298,903.1767,633294830205654,633294862882633
163.26167,904.30475,220.10364,904.30475,633294863134977,633294895769248
175.49564,890.2394,215.87466,903.1767,633294895878050,633294926732269
189.49808,923.6259,189.49808,904.30475,633294926870290,633294960265706
163.34601,993.8314,189.49808,904.30475,633294960412269,633294994671644
116.54032,934.85284,189.49808,923.6259,633294994784717,633295026998310
107.64617,854.5355,163.34601,904.30475,633295027190654,633295062496748
141.73166,895.24274,141.73166,904.30475,633295062695185,633295095933206
258.37646,1128.7747,163.34601,904.30475,633295096143831,633295130748050
290.4135,1007.91785,163.34601,904.30475,633295130960185,633295162921592
269.75943,1152.3975,258.37646,1007.91785,633295163104665,633295199287425
451.92453,309.85062,269.75943,904.30475,633295199437685,633295233214925
238.70944,739.77704,258.37646,904.30475,633295235332008,633295268756748
235.35971,963.8519,258.37646,904.30475,633295268848987,633295305114508
296.26367,990.7255,258.37646,904.30475,633295306467373,633295340126175
173.62973,998.7249,258.37646,963.8519,633295340261071,633295376706435
128.46585,888.17706,258.37646,904.30475,633295376842008,633295408306644
171.12589,940.8757,173.62973,940.8757,633295415181487,633295449163519
208.74567,880.5726,208.74567,904.30475,633295449253883,633295482479925
244.61264,873.91437,208.74567,904.30475,633295482638414,633295513871591
262.28915,891.84534,208.74567,891.84534,633295516329352,633295550896435
246.78073,823.00555,244.61264,891.84534,633295551083779,633295586367269
282.1194,853.9652,246.78073,891.84534,633295586466748,633295629900758
235.62175,854.2873,244.61264,854.2873,633295630115341,633295664751018
253.43309,844.4168,246.78073,854.2873,633295664871071,633295698400081
258.90817,892.9997,246.78073,854.2873,633295698538466,633295732278154
261.46594,935.1487,253.43309,854.2873,633295732390237,633295764372841
471.91437,1297.1327,258.90817,892.9997,633295764556383,633295808474508
498.1109,1327.6964,261.46594,935.1487,633295808663050,633295839956591
484.15457,1455.1675,471.91437,1297.1327,633295840194404,633295870819716
538.5203,1546.5516,484.15457,1327.6964,633295871005654,633295901499560
585.0047,1421.0939,484.15457,1421.0939,633295901582060,633295931776539
535.79724,1676.6384,535.79724,1421.0939,633295931957998,633295965776904
429.27243,1857.1466,484.15457,1421.0939,633295965891331,633295999387685
540.27246,1877.9755,535.79724,1676.6384,633295999512320,633296030293258
452.76437,1856.9419,484.15457,1856.9419,633296030408779,633296061411643
483.19366,1824.8447,484.15457,1824.8447,633296061604925,633296093418622
449.43643,1776.6002,483.19366,1824.8447,633296093616904,633296127788414
469.68716,1698.3247,483.19366,1824.8447,633296127900706,633296158764716
470.92065,1729.3315,470.92065,1776.6002,633296160325966,633296195680758
534.58514,1867.1196,483.19366,1824.8447,633296195865237,633296227976435
447.4818,1817.9178,470.92065,1817.9178,633296228161539,633296261814508
419.21576,1634.5259,470.92065,1817.9178,633296262018102,633296302152216
395.58936,1713.2762,447.4818,1817.9178,633296302336747,633296333968466
385.04907,1713.6223,419.21576,1713.6223,633296334535706,633296366519560
353.7306,1727.5558,395.58936,1727.5558,633296366638362,633296399017945
360.53122,1718.2439,385.04907,1718.2439,633296399132112,633296431826695
396.53937,1631.8527,395.58936,1718.2439,633296431950445,633296462466383
386.8393,1792.3118,386.8393,1718.2439,633296462599404,633296496408154
383.64038,1770.1442,386.8393,1718.2439,633296496527372,633296528400289
394.92462,1814.7227,386.8393,1770.1442,633296528581331,633296562205393
405.77484,1897.9125,386.8393,1770.1442,633296562314091,633296593055914
500.27237,1909.5225,394.92462,1814.7227,633296593246435,633296627194612
275.31082,1944.246,386.8393,1897.9125,633296627306383,633296660588154
318.87173,1922.6378,386.8393,1909.5225,633296660759456,633296691865289
268.55392,1936.3307,318.87173,1922.6378,633296692075549,633296731720133
236.3032,1863.23,318.87173,1909.5225,633296731832737,633296794480028
325.68323,1836.6292,318.87173,1909.5225,633296794592737,633296826311383
264.05002,1878.7698,318.87173,1878.7698,633296826508622,633296865416903
258.99673,1898.8153,318.87173,1898.8153,633296865598622,633296898542320
288.3635,1782.939,288.3635,1878.7698,633296898626018,633296933964247
428.31177,1868.2576,318.87173,1878.7698,633296934091591,633296969654455
433.65134,1824.872,318.87173,1868.2576,633296969814455,633297001674820
441.1188,1810.777,428.31177,1868.2576,633297001882476,633297033108883
515.47217,1688.0842,433.65134,1824.872,633297034098258,633297066208414
568.57086,1654.6674,441.1188,1810.777,633297066299299,633297098801591
483.678,1655.3384,483.678,1688.0842,633297098902789,633297133949039
400.0644,1433.8401,441.1188,1655.3384,633297134047737,633297168774820
455.09155,1359.9296,455.09155,1655.3384,633297170645028,633297204966591
369.58792,1406.302,441.1188,1433.8401,633297205164924,633297237248622
323.8542,1365.7913,441.1188,1406.302,633297237413987,633297271266070
443.53503,1731.751,441.1188,1433.8401,633297271408153,633297303066382
556.0146,1842.433,441.1188,1433.8401,633297307106591,633297341008622
432.85962,1721.4362,441.1188,1721.4362,633297341171955,633297378716903
452.79843,1887.4277,441.1188,1721.4362,633297378818882,633297410350445
374.0247,1841.4691,441.1188,1721.4362,633297445331695,633297489402737
413.73557,1875.8324,441.1188,1841.4691,633297489496903,633297522686434
348.4555,1786.4528,413.73557,1786.4528,633297522870809,633297557997580
257.76575,1809.4454,413.73557,1809.4454,633297558169247,633297591448362
321.36786,1831.4158,348.4555,1809.4454,633297591632059,633297625123205
339.3502,1746.0759,339.3502,1809.4454,633297625309195,633297668822007
271.63846,1691.6414,339.3502,1809.4454,633297669979507,633297705007476
266.87943,1656.2124,339.3502,1746.0759,633297705190341,633297741561122
369.58115,1764.0862,339.3502,1764.0862,633297741756695,633297777865653
275.6786,1759.2247,339.3502,1759.2247,633297777991070,633297809725184
292.70007,1790.716,339.3502,1764.0862,633297809828361,633297845888309
409.22324,712.51166,339.3502,1759.2247,633297845967632,633297881014403
311.04355,1047.7775,339.3502,1759.2247,633297881114299,633297915834820
426.5155,1157.2856,339.3502,1157.2856,633297916115445,633297951882372
357.00885,948.7198,339.3502,1157.2856,633297951996799,633297985868726
214.74547,1173.9083,339.3502,1157.2856,633297986016799,633298021267059
349.6752,454.5294,339.3502,1157.2856,633298021449611,633298057075080
221.50682,684.62476,339.3502,1157.2856,633298057173674,633298089238309
289.06143,714.48645,339.3502,714.48645,633298089438622,633298130007059
199.20992,903.08167,289.06143,903.08167,633298130109872,633298171333882
198.69193,919.0702,289.06143,903.08167,633298171737736,633298203438570
316.3002,762.29047,289.06143,903.08167,633298203642893,633298237475705
304.89645,838.7464,289.06143,903.08167,633298237653570,633298270688465
225.96294,892.8514,289.06143,892.8514,633298270867892,633298305320549
149.5098,1040.7524,289.06143,903.08167,633298305458517,633298337178309
160.50745,934.1638,225.96294,903.08167,633298337322424,633298368927163
167.46179,917.1391,167.46179,917.1391,633298369070497,633298404218361
298.83197,784.686,225.96294,903.08167,633298405062580,633298438003934
257.20547,739.31,225.96294,903.08167,633298439252788,633298470683517
305.16287,670.68146,257.20547,784.686,633298474399351,633298507487059
247.5182,760.8877,247.5182,760.8877,633298513635549,633298547572528
292.22675,778.33154,257.20547,778.33154,633298548060705,633298584402163
280.50452,763.33295,257.20547,763.33295,633298584532840,633298621958049
234.14261,730.65247,257.20547,763.33295,633298622120809,633298656087424
191.64308,662.693,257.20547,763.33295,633298656208309,633298687932997
179.21733,651.9833,234.14261,730.65247,633298688113674,633298724866903
221.71727,661.8577,221.71727,662.693,633298724968674,633298758377632
282.738,730.93805,234.14261,730.65247,633298758584819,633298796854871
189.76079,734.9665,221.71727,730.65247,633298798501330,633298832551174
241.21625,680.11523,234.14261,730.65247,633298832740288,633298863351434
234.0928,774.8152,234.0928,730.65247,633298863478205,633298896498101
191.90706,705.79645,234.0928,730.65247,633298896670236,633298928269090
169.13274,795.6665,234.0928,730.65247,633298928393778,633298959677840
151.51718,751.6208,191.90706,730.65247,633298959797840,633298992296330
148.7143,770.8357,169.13274,751.6208,633298992406069,633299024737944
118.81377,809.29425,151.51718,751.6208,633299024865913,633299061491694
187.35599,792.57025,169.13274,770.8357,633299061984819,633299093725236
182.0005,814.614,169.13274,792.57025,633299094697267,633299147061486
91.97031,843.2142,169.13274,792.57025,633299147248361,633299181633100
219.70511,815.9198,169.13274,814.614,633299181806694,633299217382528
176.72453,789.45105,169.13274,792.57025,633299218303621,633299250658309
253.64195,784.40295,176.72453,792.57025,633299251606746,633299286746798
250.76949,772.90454,176.72453,789.45105,633299286903569,633299320549246
229.63661,778.5861,229.63661,784.40295,633299320720340,633299352993517
353.61502,716.1969,229.63661,778.5861,633299353173413,633299388718361
223.0687,692.40436,229.63661,778.5861,633299388904611,633299423666538
330.1148,787.7922,229.63661,778.5861,633299423864767,633299464389246
348.00534,696.6897,229.63661,778.5861,633299464588621,633299497474975
213.33646,751.43756,229.63661,778.5861,633299497670236,633299532578986
241.15541,1150.9587,229.63661,778.5861,633299532763621,633299565640079
279.51913,1305.1156,229.63661,778.5861,633299565820444,633299599180809
378.86713,1300.3823,241.15541,1150.9587,633299599294923,633299632820027
275.1851,1087.6664,275.1851,1087.6664,633299634542840,633299668414402
133.77193,1289.442,241.15541,1150.9587,633299670094975,633299704793829
203.45772,995.7949,241.15541,1087.6664,633299704971434,633299739452684
172.16231,1134.9291,203.45772,1134.9291,633299739632996,633299773294194
164.99251,1153.2555,203.45772,1134.9291,633299773475548,633299812109663
164.45546,1157.9008,172.16231,1134.9291,633299812295756,633299853007996
183.01463,1197.6632,183.01463,1153.2555,633299853095809,633299887264298
224.00496,1239.6693,183.01463,1157.9008,633299887415548,633299920909975
319.02655,1246.9734,183.01463,1197.6632,633299921113100,633299954605756
402.8677,1366.0103,224.00496,1239.6693,633299954725288,633299989132319
283.88968,1426.2843,283.88968,1246.9734,633299989302788,633300025999246
354.4585,1506.9974,283.88968,1366.0103,633300026100861,633300059511433
263.2706,1378.6829,283.88968,1378.6829,633300060175027,633300092572267
204.61455,1226.183,283.88968,1366.0103,633300093572579,633300127815600
226.63167,1379.3662,263.2706,1378.6829,633300128227058,633300162046433
164.70233,1209.6395,226.63167,1366.0103,633300162226329,633300194894715
140.54999,1196.1285,226.63167,1366.0103,633300195095965,633300225083360
206.70413,1140.3215,206.70413,1209.6395,633300225183308,633300256279350
191.95894,1099.4331,206.70413,1196.1285,633300256402944,633300289185444
119.152824,1114.9905,206.70413,1140.3215,633300289294402,633300321155808
165.53043,1273.4786,191.95894,1196.1285,633300321332892,633300356253100
153.07477,1274.4991,165.53043,1196.1285,633300356369142,633300387745027
231.80699,1255.0695,191.95894,1255.0695,633300387949923,633300441560652
185.32925,1152.2964,185.32925,1196.1285,633300441659923,633300476494610
287.3472,1211.7231,191.95894,1211.7231,633300478021381,633300514008725
241.38307,811.5783,191.95894,1196.1285,633300514165756,633300548797944
218.04237,914.2729,218.04237,1196.1285,633300548968985,633300583197110
348.56656,685.2006,218.04237,914.2729,633300583358204,633300618416537
238.06453,675.60864,218.04237,914.2729,633300618516121,633300649750496
279.32208,665.89166,238.06453,685.2006,633300649927162,633300681923569
299.92117,770.6347,238.06453,770.6347,633300682076694,633300716837475
371.36694,692.1894,279.32208,692.1894,633300717018464,633300752969558
222.50569,819.12836,238.06453,770.6347,633300753116902,633300787508673
304.97565,867.68243,279.32208,770.6347,633300787622892,633300819699767
308.14697,848.51605,279.32208,819.12836,633300819887579,633300857918048
238.2348,854.91693,279.32208,848.51605,633300858023985,633300895778464
134.49725,778.0324,279.32208,819.12836,633300895928725,633300929748412
94.43983,747.1799,238.2348,819.12836,633300929839089,633300963705652
80.54646,822.65393,134.49725,819.12836,633300963901954,633300997421173
88.76641,772.64014,94.43983,819.12836,633300997621173,633301032162891
72.5798,860.0836,88.76641,819.12836,633301032315339,633301067290704
117.558426,858.54956,94.43983,819.12836,633301067529923,633301100971746
167.27274,762.6959,94.43983,819.12836,633301101214610,633301136706173
124.22196,749.4665,117.558426,819.12836,633301136819454,633301168331693
184.29556,787.1851,124.22196,787.1851,633301170941537,633301202593412
226.53073,831.9075,124.22196,819.12836,633301209948516,633301250880756
288.84705,801.70746,184.29556,801.70746,633301252241173,633301288790443
329.0433,988.59845,226.53073,819.12836,633301288887996,633301319953725
323.12537,970.97687,288.84705,819.12836,633301320195495,633301370089298
374.85583,817.3781,323.12537,819.12836,633301370214714,633301402363829
337.8615,855.9154,323.12537,819.12836,633301403310079,633301436081016
370.84967,757.50507,337.8615,819.12836,633301436741798,633301472550339
346.46512,753.76117,337.8615,819.12836,633301485378568,633301519856277
353.1748,641.18854,346.46512,757.50507,633301519967423,633301552123152
271.82504,536.4092,337.8615,753.76117,633301552240808,633301588246225
154.5947,557.89655,337.8615,641.18854,633301588362214,633301621887110
249.46844,551.41864,271.82504,557.89655,633301622006641,633301664419506
273.4081,519.671,273.4081,557.89655,633301664578725,633301699102266
228.70522,563.9574,271.82504,557.89655,633301699177422,633301730397110
269.85068,460.1564,271.82504,557.89655,633301730570339,633301762715235
206.03244,600.20447,269.85068,557.89655,633301762894922,633301794995287
280.41412,506.5386,271.82504,557.89655,633301795169349,633301828303620
188.60776,573.9732,269.85068,557.89655,633301828506693,633301859894245
314.3096,495.66315,271.82504,557.89655,633301860097943,633301892382318
326.73782,545.1923,271.82504,557.89655,633301892560860,633301926011797
331.3457,513.695,314.3096,545.1923,633301926207891,633301960199922
190.59753,504.95322,271.82504,545.1923,633301960380391,633301992073776
310.03714,487.2062,310.03714,513.695,633301992274558,633302029425860
321.2079,480.68146,310.03714,504.95322,633302029612683,633302061898099
326.21323,552.7218,310.03714,513.695,633302062075912,633302094440912
345.79855,532.78204,321.2079,513.695,633302094633047,633302130603672
349.7478,459.74136,326.21323,513.695,633302130691537,633302163395756
373.87106,411.6101,345.79855,513.695,633302163597058,633302194997839
377.4181,407.44812,349.7478,459.74136,633302195169610,633302229777006
420.62476,356.97836,373.87106,411.6101,633302229951745,633302261290703
356.95435,450.50198,356.95435,450.50198,633302261463412,633302293680547
267.5182,616.167,356.95435,450.50198,633302293831537,633302327308985
157.15198,613.6489,356.95435,450.50198,633302327480964,633302357989974
120.40447,634.638,267.5182,613.6489,633302358109610,633302389845131
102.838234,652.19446,157.15198,613.6489,633302390023464,633302421116485
104.86119,670.54456,120.40447,634.638,633302421466589,633302468207683
121.511795,614.8654,121.511795,614.8654,633302468433724,633302502146537
118.992966,619.50183,120.40447,619.50183,633302502557943,633302538322474
125.98181,717.4928,121.511795,619.50183,633302538507162,633302579202318
103.20618,729.9191,120.40447,619.50183,633302580734818,633302612868360
103.238914,673.32904,120.40447,673.32904,633302613051693,633302645518516
107.11448,664.71906,107.11448,664.71906,633302645679401,633302683255860
83.56125,713.0633,107.11448,673.32904,633302683447266,633302741905078
63.939762,659.66156,107.11448,664.71906,633302742428151,633302778488203
53.98106,629.7397,83.56125,664.71906,633302778574818,633302814575235
49.324142,620.7701,63.939762,659.66156,633302814749141,633302847667578
11.466463,674.3749,53.98106,664.71906,633302847854609,633302883816328
30.358051,710.9888,49.324142,664.71906,633302883923464,633302920053984
55.5964,649.4709,53.98106,664.71906,633302921137057,633302952360703
49.28437,720.12195,49.324142,664.71906,633302952474505,633302987524766
43.59853,750.0016,49.324142,664.71906,633302987681380,633303043436849
46.16124,724.7328,49.28437,720.12195,633303043536745,633303081442995
55.848988,790.9424,49.324142,724.7328,633303081534870,633303114826120
69.17903,703.42194,49.324142,720.12195,633303114917474,633303153087839
77.35008,659.1253,55.848988,720.12195,633303153197995,633303188150391
83.29342,643.2128,69.17903,703.42194,633303188332474,633303219887370
93.19433,608.61945,77.35008,659.1253,633303220021953,633303266136901
112.74645,528.4257,83.29342,643.2128,633303266250443,633303296725078
102.52433,576.45056,93.19433,608.61945,633303296938516,633303330807213
108.78122,589.09015,102.52433,589.09015,633303330924766,633303367276380
86.24977,662.0701,93.19433,608.61945,633303367367318,633303400957474
132.85501,603.4614,102.52433,603.4614,633303401101536,633303438320859
141.68915,583.77057,102.52433,603.4614,633303438471120,633303471336068
232.43646,399.65692,132.85501,603.4614,633303471516693,633303504244349
301.11475,418.13907,141.68915,583.77057,633303504341484,633303539695755
305.24213,358.6838,232.43646,418.13907,633303539848932,633303573825234
371.83246,308.42194,301.11475,418.13907,633303574010130,633303610544557
339.23724,451.52075,305.24213,418.13907,633303610704401,633303644653307
337.9342,440.78168,337.9342,418.13907,633303645324245,633303677988776
273.5033,826.1827,305.24213,440.78168,633303678132682,633303712922213
166.54219,1132.1448,305.24213,440.78168,633303713010390,633303745947890
89.35241,1206.2742,273.5033,826.1827,633303746048255,633303781828724
106.44177,1268.9304,166.54219,1132.1448,633303782019245,633303817351276
96.05287,1343.5693,106.44177,1206.2742,633303817463672,633303851158255
78.087135,1273.3695,106.44177,1268.9304,633303851261172,633303887472265
97.84537,1360.5382,97.84537,1273.3695,633303887702109,633303920617057
135.50272,1496.5447,106.44177,1273.3695,633303920803151,633303952342474
131.77504,1379.297,106.44177,1360.5382,633303952494244,633303984356536
301.7395,1200.0325,131.77504,1273.3695,633303985316432,633304017481849
398.115,1214.6786,131.77504,1273.3695,633304017609453,633304050178932
449.87915,1223.9558,301.7395,1223.9558,633304050289453,633304095847369
440.64755,1185.9943,398.115,1223.9558,633304096201432,633304130962109
461.47015,1195.4915,440.64755,1223.9558,633304131064349,633304163951224
418.13553,1216.8303,418.13553,1216.8303,633304164172630,633304203228515
403.00195,1095.2035,418.13553,1216.8303,633304203373724,633304240616536
351.0901,1257.4836,418.13553,1216.8303,633304241106588,633304273898671
334.05957,1241.4366,403.00195,1216.8303,633304273991119,633304309378099
387.27933,1269.0878,387.27933,1241.4366,633304311429192,633304344710546
368.59393,1291.1068,387.27933,1241.4366,633304344865130,633304386256328
375.41745,1169.2446,387.27933,1241.4366,633304386431223,633304423633151
297.32764,1182.5269,375.41745,1241.4366,633304423734713,633304454883567
323.00732,1218.2026,375.41745,1218.2026,633304455124401,633304486496276
346.49475,1247.5524,346.49475,1241.4366,633304486705234,633304517253411
152.16853,1258.2753,346.49475,1241.4366,633304518376223,633304553415338
111.2563,1404.7361,346.49475,1247.5524,633304553601276,633304592423463
117.6553,1468.8922,152.16853,1258.2753,633304592887473,633304625462630
104.25666,1389.1833,117.6553,1389.1833,633304625574192,633304661827838
145.03006,1474.3588,145.03006,1389.1833,633304661982109,633304695721744
153.98897,1450.7582,145.03006,1389.1833,633304695842890,633304728655650
141.81726,1451.9303,145.03006,1450.7582,633304728849192,633304762003775
113.18503,1507.0144,145.03006,1450.7582,633304762148203,633304795071848
120.96696,1538.7665,141.81726,1451.9303,633304795255963,633304827695911
141.00275,1527.4629,141.00275,1507.0144,633304827847577,633304863062265
127.31337,1492.6481,141.00275,1492.6481,633304863215338,633304895081692
300.38242,1165.1918,141.00275,1492.6481,633304895268567,633304930081952
352.81522,1071.9844,141.00275,1492.6481,633304930765650,633304963387786
266.96054,1185.3245,266.96054,1185.3245,633304966895390,633305001107421
425.55777,1226.9957,266.96054,1226.9957,633305002230286,633305034061588
395.1907,1280.8552,266.96054,1226.9957,633305036179452,633305066862473
378.25186,1338.3954,378.25186,1226.9957,633305068207161,633305102600807
418.1867,1339.2646,378.25186,1280.8552,633305103288411,633305138248671
500.49234,1314.9015,378.25186,1314.9015,633305138340807,633305175068984
417.49005,1320.8105,417.49005,1314.9015,633305175179713,633305206719713
386.99414,1338.3552,386.99414,1314.9015,633305206882890,633305241259609
330.85916,1222.4941,386.99414,1314.9015,633305241404140,633305278258879
304.58377,1268.376,386.99414,1314.9015,633305278421171,633305312919036
410.72412,1221.2185,386.99414,1268.376,633305313084765,633305347747838
270.24487,758.7084,386.99414,1268.376,633305347852056,633305381399869
427.76126,1597.834,386.99414,1268.376,633305381497525,633305416070129
311.6693,1495.8525,386.99414,1268.376,633305416377265,633305450950181
335.84085,1161.6173,386.99414,1268.376,633305451143150,633305482732942
566.25946,1294.9955,386.99414,1268.376,633305482925181,633305519460390
306.86337,1725.8196,386.99414,1268.376,633305519662161,633305551752733
441.6826,1487.0934,386.99414,1294.9955,633305551956015,633305586710494
286.51697,1634.6599,386.99414,1487.0934,633305586851848,633305618764088
257.87408,1697.1606,386.99414,1487.0934,633305618949608,633305650597733
340.36707,1634.3041,340.36707,1634.3041,633305650797161,633305685307942
307.5168,1594.8156,340.36707,1594.8156,633305685524765,633305718705025
375.84042,1643.2356,340.36707,1634.3041,633305718860025,633305751200754
431.45367,1623.0813,340.36707,1623.0813,633305751386015,633305785249140
491.49994,1567.3054,375.84042,1623.0813,633305785439765,633305818539556
460.0519,1809.2954,431.45367,1623.0813,633305818728410,633305850597108
552.87634,1658.0588,460.0519,1623.0813,633305850796327,633305885246015
542.453,1638.9468,460.0519,1638.9468,633305885420338,633305920673983
527.867,1651.7126,527.867,1638.9468,633305920857369,633305951576587
505.41483,1697.781,505.41483,1638.9468,633305951753462,633305982958619
509.33594,1763.5635,509.33594,1651.7126,633305983151119,633306015733775
475.66595,1668.4209,505.41483,1668.4209,633306015929296,633306048157317
396.07425,1735.0565,505.41483,1668.4209,633306048317785,633306084604869
362.82233,1751.4327,475.66595,1668.4209,633306084789348,633306117551848
367.50256,1807.8285,396.07425,1735.0565,633306117734244,633306149965337
298.9522,1832.2977,367.50256,1751.4327,633306150123098,633306183575285
353.5183,1852.2401,367.50256,1807.8285,633306183792264,633306215836275
212.00908,1783.4967,353.5183,1783.4967,633306216057369,633306249060337
218.0177,1666.446,353.5183,1783.4967,633306249246275,633306283212994
216.77054,1766.7604,218.0177,1783.4967,633306283407369,633306316956119
162.78096,1627.4199,218.0177,1766.7604,633306317144400,633306351879348
241.41978,1562.11,218.0177,1766.7604,633306352151796,633306384788879
234.51212,1567.7118,218.0177,1627.4199,633306384890025,633306417169660
312.6455,1423.2441,234.51212,1567.7118,633306417323098,633306452278983
282.40872,1520.1177,234.51212,1567.7118,633306452403098,633306489785025
279.47256,1510.854,279.47256,1520.1177,633306489889244,633306523278306
310.7359,1431.508,279.47256,1520.1177,633306523450910,633306557651796
326.03314,1487.9807,279.47256,1510.854,633306557840806,633306594163306
319.52832,1445.3206,310.7359,1487.9807,633306594383306,633306630074973
358.0722,1380.0138,319.52832,1487.9807,633306630198566,633306663268150
290.7563,970.04456,310.7359,1445.3206,633306664163566,633306696174348
338.12827,900.9304,319.52832,1380.0138,633306703561848,633306734812316
305.03842,926.8217,310.7359,970.04456,633306734945546,633306767636639
276.08832,959.3562,310.7359,959.3562,633306794992681,633306832527629
281.50348,914.4894,305.03842,959.3562,633306834965077,633306869010181
285.24042,897.4376,285.24042,959.3562,633306869137056,633306902498045
265.50827,949.19226,285.24042,949.19226,633306902607681,633306936918150
233.45374,941.3139,285.24042,949.19226,633306940057837,633306975887108
259.7002,946.586,265.50827,949.19226,633306976220910,633307014206379
236.83647,919.75635,259.7002,946.586,633307015763045,633307048849035
131.98862,936.31305,259.7002,946.586,633307049024972,633307084081118
246.29337,817.29,246.29337,936.31305,633307084292420,633307115936431
186.5427,754.2271,246.29337,936.31305,633307116183306,633307152194243
249.15561,768.949,246.29337,817.29,633307152389868,633307184929087
195.13815,819.94495,246.29337,819.94495,633307185027160,633307215268722
263.57666,816.7719,246.29337,817.29,633307215413774,633307248241274
248.07338,822.3778,246.29337,819.94495,633307248390129,633307281366847
187.12794,825.68427,246.29337,819.94495,633307281521118,633307312947733
209.09662,895.1551,246.29337,822.3778,633307313113306,633307345714399
200.76541,818.3239,209.09662,819.94495,633307345886899,633307377440649
254.23207,840.6459,246.29337,822.3778,633307377579191,633307410855441
183.3696,904.23413,209.09662,822.3778,633307411021795,633307442926847
224.09142,967.3206,224.09142,840.6459,633307443039556,633307477354764
180.65761,1043.0146,209.09662,904.23413,633307477527629,633307514239608
189.73125,990.64484,209.09662,967.3206,633307514424660,633307548297785
167.42278,1043.8373,189.73125,990.64484,633307548485181,633307582890858
179.5592,1001.1569,189.73125,990.64484,633307583095024,633307615967524
275.3558,1019.7204,189.73125,1001.1569,633307616362160,633307649800128
183.64651,1075.8821,189.73125,1001.1569,633307649987681,633307681689451
294.74738,968.3299,189.73125,1001.1569,633307681861378,633307714215910
260.32297,892.6863,189.73125,1001.1569,633307714414399,633307748876118
330.03513,877.3735,260.32297,968.3299,633307749011066,633307780303045
252.1323,874.56104,252.1323,892.6863,633307780495962,633307814774920
249.97795,949.46484,252.1323,949.46484,633307814965597,633307849276899
271.4702,850.26135,252.1323,892.6863,633307849472785,633307882542680
331.56946,925.3558,252.1323,925.3558,633307882708462,633307919606066
334.92197,984.5101,271.4702,925.3558,633307919699816,633307956503826
367.03156,937.4174,331.56946,925.3558,633307957972837,633307989149555
245.28995,1151.9774,271.4702,937.4174,633307990028462,633308022554555
253.98743,1134.701,271.4702,937.4174,633308022750701,633308059515858
198.75978,1004.1355,253.98743,1004.1355,633308059636587,633308117937785
183.18361,988.72766,253.98743,988.72766,633308118060232,633308149623878
182.56976,920.3452,198.75978,988.72766,633308149813670,633308180981639
144.51108,1037.6345,183.18361,988.72766,633308181171482,633308215575285
135.72702,1010.4697,182.56976,988.72766,633308215678930,633308247075805
148.44342,912.71265,148.44342,988.72766,633308247279555,633308293240024
169.60509,1029.311,169.60509,988.72766,633308293337107,633308334294555
273.3319,973.2271,169.60509,988.72766,633308334407889,633308365362941
308.00687,904.992,169.60509,988.72766,633308366954191,633308400902524
307.30057,866.8192,273.3319,973.2271,633308400997680,633308432793722
321.42755,911.053,307.30057,911.053,633308432886847,633308466261274
310.14777,988.9456,307.30057,973.2271,633308466942368,633308498203097
286.37872,1029.4414,307.30057,973.2271,633308499173201,633308535598097
281.09753,1022.44214,307.30057,988.9456,633308535703930,633308588259920
278.00937,964.28186,286.37872,973.2271,633308588366691,633308624094503
286.62073,972.67896,286.62073,973.2271,633308624265753,633308657979920
290.0473,853.94,286.62073,972.67896,633308658209295,633308692668461
261.16238,998.3215,286.62073,973.2271,633308693652003,633308725656847
329.11475,1013.5751,286.62073,973.2271,633308725835857,633308759003201
244.10777,1074.9622,286.62073,998.3215,633308759151066,633308797928513
316.5456,1039.2117,286.62073,1013.5751,633308798081586,633308833393982
272.42303,1388.5679,286.62073,1039.2117,633308833488097,633308865658461
177.39952,1330.6454,286.62073,1039.2117,633308865717524,633308898461274
197.69627,1283.457,272.42303,1283.457,633308898556274,633308930946066
200.6986,1363.943,200.6986,1283.457,633308931061482,633308965484034
200.22426,1301.076,200.6986,1283.457,633308965674607,633309004144920
156.26457,1302.0554,200.6986,1301.076,633309004319399,633309039264555
156.90443,1384.0272,200.22426,1301.076,633309039336274,633309075223409
199.73564,1297.5042,199.73564,1301.076,633309075414399,633309111489607
327.6039,955.5184,200.22426,1301.076,633309111677940,633309148479868
436.5854,641.52515,200.22426,1297.5042,633309148687107,633309182859815
292.59854,584.701,292.59854,955.5184,633309182962159,633309214024659
336.16696,555.9332,292.59854,641.52515,633309214211170,633309247293253
475.21622,570.3411,292.59854,584.701,633309247730128,633309279661534
402.6393,433.4991,336.16696,570.3411,633309280589451,633309314782992
417.2134,393.64468,402.6393,570.3411,633309314877315,633309349120284
381.57703,281.8526,381.57703,433.4991,633309349292524,633309382887732
409.9497,170.5872,402.6393,393.64468,633309383089399,633309414761899
327.32074,394.31927,381.57703,394.31927,633309414923461,633309456231482
329.16394,425.01562,381.57703,394.31927,633309457299919,633309492758565
405.68118,409.0707,381.57703,394.31927,633309492936534,633309528959711
380.4824,449.3867,381.57703,409.0707,633309531139972,633309569947003
351.87732,420.2621,381.57703,409.0707,633309570080597,633309608802576
332.8903,502.05847,380.4824,420.2621,633309608978669,633309647586378
412.79837,426.44946,381.57703,420.2621,633309647744138,633309681122055
359.50394,352.98233,380.4824,420.2621,633309681307680,633309710919867
318.25275,436.08823,380.4824,420.2621,633309711111482,633309744628617
418.6461,445.49884,380.4824,420.2621,633309744823617,633309778258409
360.92233,585.1645,380.4824,436.08823,633309778456742,633309810259138
194.06616,772.3562,380.4824,445.49884,633309810438774,633309844525076
114.09457,756.17725,360.92233,585.1645,633309844704034,633309876786742
162.9681,714.3599,194.06616,714.3599,633309876971221,633309911414034
123.15306,795.7065,162.9681,714.3599,633309911611169,633309950937784
195.07281,799.6597,194.06616,714.3599,633309951042003,633309982300753
154.51328,822.24554,162.9681,795.7065,633309982412836,633310016769763
173.82274,848.9997,173.82274,799.6597,633310016887419,633310049296482
197.5745,819.5357,173.82274,819.5357,633310049487003,633310081603825
142.32904,1142.3732,173.82274,819.5357,633310081766273,633310114695961
168.6468,1298.2339,173.82274,819.5357,633310114804659,633310145495700
180.00674,1058.1243,173.82274,1058.1243,633310145673825,633310177571169
188.33633,915.86444,173.82274,915.86444,633310177770857,633310211621117
189.82463,978.1892,180.00674,978.1892,633310211768513,633310245388513
165.86285,1011.61475,173.82274,978.1892,633310245613982,633310280223930
182.75455,1040.2721,180.00674,978.1892,633310280398148,633310312731117
154.94615,1137.6346,173.82274,1011.61475,633310312924659,633310344171586
186.34688,1115.824,180.00674,1040.2721,633310344381794,633310377032627
217.37428,1056.0527,180.00674,1056.0527,633310377230023,633310419030544
219.51541,1066.3115,186.34688,1056.0527,633310419217055,633310454388877
230.25111,1177.1456,217.37428,1056.0527,633310455167575,633310489978252
282.63983,1210.96,219.51541,1066.3115,633310490146221,633310523429763
245.60303,1268.9601,230.25111,1177.1456,633310523640648,633310557347159
288.5265,1223.1581,245.60303,1210.96,633310557525857,633310592429711
266.61267,1330.747,245.60303,1223.1581,633310592633357,633310626549190
338.45682,1292.4783,266.61267,1223.1581,633310626689294,633310662851794
354.30023,1468.8969,266.61267,1292.4783,633310663012159,633310699668877
330.18198,1482.4536,330.18198,1292.4783,633310699846325,633310735196846
328.96146,1361.1516,328.96146,1361.1516,633310735315961,633310767411481
334.04788,1377.7589,330.18198,1361.1516,633310767520752,633310801216169
359.2471,1324.0983,330.18198,1361.1516,633310801335127,633310835169659
288.77832,1441.3046,330.18198,1361.1516,633310835289190,633310870580648
252.36516,1260.4274,330.18198,1361.1516,633310870656325,633310904868773
303.1314,1408.8381,303.1314,1361.1516,633310905086638,633310940146794
318.1495,1388.752,318.1495,1361.1516,633310940329554,633310977026638
323.38306,1399.5503,318.1495,1388.752,633310977218096,633311010494971
323.9861,1279.4467,318.1495,1361.1516,633311011009919,633311052713148
291.73886,1456.542,318.1495,1388.752,633311052873877,633311087237783
290.28802,1235.1094,318.1495,1361.1516,633311087417888,633311120656794
244.54956,1468.7698,291.73886,1388.752,633311120788461,633311153719085
302.6454,1379.9996,302.6454,1379.9996,633311153887679,633311186896846
281.173,1293.6698,291.73886,1379.9996,633311186999346,633311221606273
232.61618,1434.7764,291.73886,1379.9996,633311221707940,633311254964450
313.36215,1332.3411,291.73886,1379.9996,633311255158981,633311291068617
257.1996,1319.7192,291.73886,1379.9996,633311291229971,633311322339502
151.1206,1170.9985,291.73886,1332.3411,633311322527106,633311355894815
254.46396,1003.686,257.1996,1319.7192,633311356109190,633311405756325
165.95699,995.9669,254.46396,1170.9985,633311405856533,633311440176325
245.8177,1005.4899,254.46396,1005.4899,633311440715127,633311476268669
167.98026,963.8871,245.8177,1005.4899,633311476385856,633311514684190
258.36942,1090.0946,254.46396,1005.4899,633311514870179,633311555726794
389.81528,606.25195,254.46396,1005.4899,633311555855700,633311589390439
370.48877,437.53595,258.36942,1005.4899,633311589575127,633311624050960
393.8347,346.89453,370.48877,606.25195,633311624239971,633311654896898
317.81046,444.151,317.81046,444.151,633311655077106,633311687712158
224.7092,792.8575,317.81046,606.25195,633311687905648,633311722335335
329.98938,618.74304,317.81046,606.25195,633311722528617,633311754584242
260.2863,417.83423,317.81046,606.25195,633311754723304,633311785390387
367.1497,1221.8707,317.81046,606.25195,633311786322783,633311822108929
334.61652,906.6053,317.81046,606.25195,633311822280075,633311854782471
348.05392,377.70926,334.61652,606.25195,633311854936221,633311886566481
300.57654,342.1764,317.81046,606.25195,633311886779762,633311918405544
205.46407,823.03394,317.81046,606.25195,633311918556116,633311950747314
322.7471,880.5784,317.81046,606.25195,633311950990075,633311982092314
285.83234,1007.85815,317.81046,823.03394,633311982207523,633312013790856
307.26437,935.79083,317.81046,880.5784,633312013900700,633312046756221
408.23053,740.7016,317.81046,823.03394,633312046902575,633312083346481
392.3683,945.59705,317.81046,880.5784,633312083454762,633312117375387
346.3116,1007.2887,346.3116,880.5784,633312117471637,633312157288096
379.7335,910.0147,346.3116,910.0147,633312157505908,633312193185908
311.80566,904.0186,346.3116,904.0186,633312193354866,633312227684502
382.22192,813.0393,346.3116,904.0186,633312227766221,633312258675127
344.5636,743.08,346.3116,904.0186,633312260257731,633312294208304
289.0598,779.4462,346.3116,813.0393,633312295583877,633312331328773
306.41364,766.7577,344.5636,779.4462,633312331994450,633312367413720
298.16528,705.8911,306.41364,779.4462,633312371983095,633312405066325
291.54025,696.1692,306.41364,766.7577,633312405961481,633312443332939
297.59253,674.39716,298.16528,705.8911,633312443530283,633312482040283
328.7401,583.14294,306.41364,696.1692,633312482202991,633312521843825
252.7794,649.54193,298.16528,674.39716,633312522727002,633312561961950
259.87662,635.4521,298.16528,649.54193,633312562126220,633312595544033
216.95619,704.13684,259.87662,674.39716,633312595722418,633312628488825
203.80742,731.76624,259.87662,674.39716,633312629445022,633312662621845
207.40556,738.4477,216.95619,704.13684,633312662800908,633312695727783
161.78374,797.1062,207.40556,731.76624,633312696964085,633312733571481
161.61574,779.73126,207.40556,738.4477,633312733693824,633312768632835
136.90721,698.5291,161.78374,731.76624,633312768830335,633312805096377
181.04375,768.99335,181.04375,738.4477,633312806220491,633312845125074
152.87549,767.1944,161.78374,738.4477,633312845328720,633312881572210
192.73868,638.39056,181.04375,738.4477,633312881672002,633312918573564
142.57645,708.60406,161.78374,738.4477,633312918751116,633312949731793
113.61872,750.2999,161.78374,738.4477,633312949912158,633312982979814
124.82126,704.1056,142.57645,738.4477,633312983099918,633313014917158
140.79648,691.4525,140.79648,738.4477,633313015514293,633313048387106
145.6128,762.6086,142.57645,738.4477,633313049704814,633313091007887
109.2874,879.97046,140.79648,738.4477,633313091148616,633313124835439
116.886475,790.9899,140.79648,762.6086,633313126261481,633313159880699
120.8499,740.7464,120.8499,740.7464,633313160076689,633313195802991
122.42046,817.62976,122.42046,762.6086,633313195985908,633313227475856
108.3707,900.8463,120.8499,762.6086,633313228426533,633313262956272
112.108574,895.0249,120.8499,817.62976,633313263041481,633313296776845
159.18645,810.9974,120.8499,810.9974,633313296862418,633313329815751
193.79169,817.78125,120.8499,817.62976,633313329945543,633313364984970
169.38705,710.7428,159.18645,810.9974,633313367115022,633313402319918
149.43846,819.6169,149.43846,817.62976,633313402482366,633313443943616
206.74542,1041.0011,159.18645,817.62976,633313444186793,633313475899449
471.92844,1387.2603,159.18645,819.6169,633313476144658,633313508621272
425.54095,1575.5144,206.74542,1041.0011,633313508814762,633313545171428
512.01117,1594.8004,425.54095,1387.2603,633313545271428,633313580751949
433.85107,1614.2717,425.54095,1575.5144,633313581182262,633313619516116
404.7659,1552.446,425.54095,1552.446,633313619622678,633313654091168
410.8884,1475.5072,425.54095,1552.446,633313654278407,633313687303564
334.83115,1409.421,410.8884,1552.446,633313687480387,633313723669345
392.9114,1429.3696,410.8884,1475.5072,633313723820647,633313759313512
342.8489,1543.6283,392.9114,1543.6283,633313759507210,633313793348876
313.3122,1565.6874,392.9114,1543.6283,633313793453407,633313826171324
298.9288,1525.1193,342.8489,1543.6283,633313826284397,633313868603043
316.7532,1523.9949,316.7532,1543.6283,633313868737730,633313903944032
297.464,1567.115,316.7532,1543.6283,633313904284657,633313938974397
287.55786,1480.1947,316.7532,1543.6283,633313939075543,633313971928147
257.77908,1473.1669,297.464,1543.6283,633313972122001,633314012205386
307.21646,1514.9838,307.21646,1514.9838,633314012309241,633314072125959
365.55188,1482.5103,307.21646,1514.9838,633314072237834,633314108060439
403.90582,1424.9291,307.21646,1514.9838,633314108609814,633314142528980
310.6738,1599.6593,310.6738,1514.9838,633314142709345,633314175478772
317.09497,1576.5754,310.6738,1514.9838,633314175592782,633314207734501
204.20624,1672.6211,310.6738,1576.5754,633314207848668,633314241047938
271.48102,1597.9672,310.6738,1576.5754,633314241163459,633314271679761
212.54218,1482.5112,271.48102,1576.5754,633314272571220,633314307468303
258.09515,1474.9646,271.48102,1576.5754,633314307583303,633314340230230
320.52295,1540.3904,271.48102,1540.3904,633314340423355,633314386640543
237.20815,1588.3204,271.48102,1576.5754,633314386830334,633314417352418
246.70831,1660.3622,271.48102,1576.5754,633314417517209,633314450262886
300.85876,1579.2549,271.48102,1579.2549,633314450597470,633314486778043
278.35144,1480.7213,271.48102,1576.5754,633314486940178,633314521058459
282.1316,1428.4623,278.35144,1576.5754,633314521836063,633314558477730
240.06946,1473.9124,271.48102,1480.7213,633314558674501,633314592702313
285.91803,1408.3518,278.35144,1473.9124,633314594648095,633314632382574
278.05664,1570.836,278.05664,1480.7213,633314632542782,633314668773095
300.77444,1498.2708,278.35144,1480.7213,633314668946272,633314702039761
274.64505,1485.105,278.05664,1485.105,633314702212261,633314735351740
392.48233,1341.17,278.35144,1480.7213,633314735544501,633314770720334
384.57922,825.8428,278.35144,1480.7213,633314770865438,633314804661949
372.1082,869.2968,372.1082,1341.17,633314804806688,633314837476324
263.77432,927.7979,278.35144,927.7979,633314837670855,633314891045594
295.87695,893.54126,295.87695,927.7979,633314891131428,633314928837730
334.08853,794.1295,295.87695,927.7979,633314928937209,633314959855594
259.53897,748.6156,295.87695,893.54126,633314959941740,633314992637678
263.73993,736.7977,295.87695,794.1295,633314992739865,633315024693667
233.29713,776.77985,263.73993,776.77985,633315024802678,633315056401480
148.74347,918.4993,263.73993,794.1295,633315056494240,633315089345074
193.05606,798.342,233.29713,794.1295,633315089440230,633315123579188
151.16359,779.7546,193.05606,794.1295,633315123676532,633315158959761
203.078,760.9901,203.078,794.1295,633315159664865,633315194129136
147.57378,862.84875,193.05606,794.1295,633315194206480,633315227276740
244.65674,799.17615,203.078,794.1295,633315227370542,633315264841219
239.24095,694.08264,203.078,794.1295,633315265009449,633315300105386
240.16417,691.2034,239.24095,794.1295,633315300216740,633315335178407
263.5353,653.3672,239.24095,694.08264,633315335364448,633315389406063
204.65414,776.8467,239.24095,776.8467,633315389504084,633315423738198
224.16641,662.57117,239.24095,694.08264,633315425529344,633315457585594
220.15108,739.55035,224.16641,739.55035,633315457989136,633315491991115
224.21909,808.45544,224.21909,739.55035,633315492213511,633315527463771
190.21283,708.7242,224.16641,739.55035,633315527626011,633315561775125
182.91429,676.32355,224.16641,739.55035,633315561968928,633315599442469
215.91888,610.7529,215.91888,708.7242,633315599612730,633315633829813
197.62502,677.0105,215.91888,677.0105,633315634768980,633315668228563
201.1381,691.268,215.91888,691.268,633315668323094,633315701306167
201.16458,583.60175,201.16458,677.0105,633315701474344,633315737120646
210.12865,650.0241,210.12865,677.0105,633315737324188,633315776498146
226.50581,749.3132,210.12865,677.0105,633315777409188,633315811068355
207.46698,635.1717,210.12865,677.0105,633315811272052,633315846769813
180.66005,632.23376,210.12865,677.0105,633315847260073,633315880038407
160.49832,659.8243,207.46698,659.8243,633315880242469,633315919224188
156.90941,713.5003,180.66005,677.0105,633315919363407,633315952535177
174.37279,720.1142,174.37279,677.0105,633315958069917,633315997705229
193.73924,698.3022,180.66005,698.3022,633315999575594,633316034726584
186.0096,679.382,180.66005,679.382,633316034908667,633316070179865
193.29643,660.9113,186.0096,679.382,633316070369709,633316115004604
185.5374,621.047,185.5374,679.382,633316115163407,633316149178771
171.61896,622.7839,185.5374,660.9113,633316149296740,633316181783459
175.32704,569.71277,185.5374,622.7839,633316181978511,633316214135906
155.22069,670.81274,175.32704,660.9113,633316214332469,633316247291792
152.35982,712.1749,175.32704,660.9113,633316247465021,633316288746219
139.8647,549.69727,155.22069,660.9113,633316288912886,633316326214136
167.39261,586.6396,167.39261,660.9113,633316326366167,633316363816271
157.10466,562.59314,157.10466,586.6396,633316363961323,633316406245229
158.68614,612.39246,158.68614,612.39246,633316406351740,633316438459136
143.1953,618.4323,157.10466,612.39246,633316438682573,633316481653094
178.42157,551.29504,158.68614,612.39246,633316481753719,633316513688979
183.66801,554.75775,158.68614,612.39246,633316513851948,633316549775854
210.0648,584.1925,178.42157,584.1925,633316551141011,633316583251583
160.96199,620.1479,160.96199,612.39246,633316583482104,633316615803667
175.97078,587.2922,175.97078,587.2922,633316615994448,633316649643458
175.89026,693.4678,175.89026,612.39246,633316649826844,633316683339031
212.5614,675.9268,175.97078,612.39246,633316683515958,633316716389708
174.39322,667.9033,175.89026,667.9033,633316716588146,633316749149396
164.36879,659.2713,175.89026,659.2713,633316749371688,633316785498875
154.2663,729.74445,174.39322,667.9033,633316785580333,633316819646115
157.12624,694.0768,164.36879,667.9033,633316819750594,633316853814135
186.84184,664.77747,174.39322,667.9033,633316853997573,633316893905542
169.4776,668.81775,169.4776,667.9033,633316894076531,633316926240490
145.65869,752.35315,169.4776,667.9033,633316926407990,633316958465542
163.96407,602.43384,169.4776,667.9033,633316958631583,633316992921479
151.6802,704.7686,163.96407,667.9033,633316993064500,633317029474031
172.11223,656.7803,169.4776,667.9033,633317029619396,633317063201948
206.77882,637.44867,169.4776,667.9033,633317063363823,633317097066792
199.28012,891.38947,172.11223,667.9033,633317097255281,633317131283354
134.94316,1284.803,169.4776,667.9033,633317131452729,633317166674448
111.820946,1462.0544,169.4776,891.38947,633317166858198,633317202465489
145.49156,1509.912,145.49156,1284.803,633317202582364,633317236193458
224.07649,1445.3209,169.4776,1445.3209,633317236320021,633317272377833
129.79889,1325.1046,145.49156,1325.1046,633317272499135,633317318498875
151.0554,1431.7074,151.0554,1431.7074,633317318593562,633317352672156
181.97476,1297.5331,151.0554,1325.1046,633317354577260,633317392926427
222.65352,1211.984,151.0554,1325.1046,633317393116948,633317427581635
322.3668,1301.3708,181.97476,1301.3708,633317427682416,633317462886166
304.39017,1412.756,222.65352,1325.1046,633317463046583,633317495331843
325.47592,1341.2866,304.39017,1325.1046,633317495517052,633317532988979
244.65942,1339.349,244.65942,1339.349,633317533158198,633317593241583
341.92297,1309.9874,304.39017,1325.1046,633317593389916,633317627077000
371.72067,1362.8536,304.39017,1339.349,633317627858198,633317661994604
263.31534,1227.1372,304.39017,1325.1046,633317662169604,633317697546427
322.3625,1231.5128,304.39017,1325.1046,633317697635489,633317729585489
278.3374,1241.8145,304.39017,1241.8145,633317729699760,633317764812260
345.1695,1379.9731,304.39017,1325.1046,633317765278250,633317799806114
310.34186,1337.6509,304.39017,1325.1046,633317799897468,633317831998093
319.3825,1456.7623,310.34186,1337.6509,633317832264187,633317865443406
339.3598,1468.1888,310.34186,1337.6509,633317865630593,633317901721427
300.3866,1449.3964,310.34186,1449.3964,633317901832156,633317934854656
216.17477,1402.347,310.34186,1402.347,633317935059343,633317968567625
354.77118,1341.7897,310.34186,1402.347,633317968671062,633318001290125
376.09,1510.1519,310.34186,1402.347,633318001395333,633318034984187
338.5995,1320.5231,338.5995,1402.347,633318035100854,633318069886427
298.7453,1401.1339,310.34186,1402.347,633318069992729,633318117809343
350.18375,1342.5657,338.5995,1401.1339,633318117906375,633318149987624
321.7225,1375.1111,321.7225,1401.1339,633318152751062,633318184465281
313.43503,1345.881,321.7225,1375.1111,633318187096010,633318229348822
265.1354,1376.9731,321.7225,1376.9731,633318230453197,633318266388041
357.04218,1308.7437,321.7225,1375.1111,633318266557677,633318299311166
363.0881,1157.2089,321.7225,1375.1111,633318299498093,633318333278249
297.18195,1208.0624,321.7225,1308.7437,633318333455802,633318367121062
331.85037,1200.1324,321.7225,1208.0624,633318367236583,633318400549551
243.46559,1243.3267,321.7225,1243.3267,633318400780958,633318444327104
258.8561,1324.1411,321.7225,1243.3267,633318445527833,633318479356062
230.91956,1464.2432,258.8561,1243.3267,633318479535437,633318509975020
286.08835,1339.3033,286.08835,1324.1411,633318510145229,633318541641791
238.58455,1363.1118,258.8561,1339.3033,633318541814187,633318574366270
232.99535,1345.9865,258.8561,1339.3033,633318574545801,633318605378249
221.51505,1428.9436,238.58455,1345.9865,633318605573614,633318637097624
316.1674,1345.4471,258.8561,1345.4471,633318637673770,633318670619447
269.06113,1355.7333,258.8561,1345.9865,633318672761426,633318701884864
232.89297,1423.5947,258.8561,1345.9865,633318701981062,633318732625281
306.0865,1390.7667,258.8561,1355.7333,633318733024031,633318766718718
300.72247,1443.626,258.8561,1390.7667,633318766821426,633318800781426
260.55756,1150.8096,260.55756,1355.7333,633318800877364,633318834791218
306.98578,981.9384,260.55756,1355.7333,633318834900020,633318866715593
262.3068,971.6061,260.55756,1150.8096,633318866862103,633318902383353
268.57654,1028.2709,262.3068,1028.2709,633318903291947,633318936115489
236.69429,1045.3079,260.55756,1045.3079,633318936414239,633318986760333
228.08221,1009.48584,260.55756,1028.2709,633318986882312,633319021190541
309.55295,833.7867,260.55756,1028.2709,633319023552207,633319056562155
240.52483,925.4951,260.55756,1009.48584,633319056734082,633319089315801
245.02687,947.0069,260.55756,947.0069,633319090412416,633319124113926
354.83572,799.8772,260.55756,947.0069,633319124210072,633319156180541
244.81009,936.25507,260.55756,947.0069,633319156338510,633319189361687
229.44406,965.5511,260.55756,947.0069,633319189492728,633319222045280
248.22014,890.95703,248.22014,947.0069,633319222223405,633319255541270
310.08017,627.1933,260.55756,947.0069,633319255705749,633319290265801
296.15903,672.44415,260.55756,890.95703,633319290436009,633319327405905
272.0328,675.3562,272.0328,675.3562,633319327583822,633319384405384
324.21805,591.7072,272.0328,675.3562,633319384478614,633319419953249
289.84497,650.221,272.0328,675.3562,633319420190228,633319452236374
342.74142,596.6559,289.84497,650.221,633319453770489,633319487190228
327.96368,541.5807,289.84497,650.221,633319489505905,633319522021791
365.5705,555.2091,327.96368,596.6559,633319522181686,633319557248614
286.79398,584.08545,289.84497,584.08545,633319557417259,633319590939916
247.63136,673.57117,289.84497,596.6559,633319591099499,633319623237520
288.46292,610.2327,288.46292,596.6559,633319623631739,633319657852051
276.78378,525.2322,288.46292,596.6559,633319658027364,633319692253145
381.80768,1167.9386,288.46292,596.6559,633319692434395,633319727355853
373.7498,1228.3689,288.46292,596.6559,633319727524863,633319762492103
340.73608,1263.2074,340.73608,1167.9386,633319762607311,633319796763249
268.9442,1148.3102,288.46292,1148.3102,633319796951582,633319840239082
429.13358,909.31824,340.73608,1148.3102,633319840421009,633319873335645
250.28798,1529.0039,288.46292,1148.3102,633319874412207,633319907875905
488.72638,1713.0054,340.73608,1148.3102,633319909086947,633319948371999
412.3224,1564.7269,340.73608,1529.0039,633319948573353,633319986846634
480.98486,1664.65,412.3224,1564.7269,633319987356530,633320024617051
372.40778,1595.2964,372.40778,1564.7269,633320024712415,633320057398561
407.21234,1592.6615,407.21234,1592.6615,633320057569290,633320092421999
386.89017,1555.4744,386.89017,1564.7269,633320092596270,633320128270592
364.09656,1591.8347,386.89017,1591.8347,633320128354395,633320163955801
276.10925,1652.2491,386.89017,1591.8347,633320164095801,633320200178665
223.35396,1690.347,364.09656,1591.8347,633320201089603,633320233742676
336.77264,1687.4384,336.77264,1652.2491,633320233856999,633320285041634
480.31906,1546.0302,364.09656,1591.8347,633320285225020,633320316884863
443.92114,1564.2861,364.09656,1591.8347,633320318307832,633320351633561
467.5653,1514.536,443.92114,1564.2861,633320352248405,633320385556217
507.90472,1537.5803,443.92114,1564.2861,633320385670853,633320418529863
548.03687,1498.7136,467.5653,1537.5803,633320418689394,633320451797832
502.62033,1441.0526,502.62033,1537.5803,633320453010384,633320486571999
543.02893,1475.5505,502.62033,1498.7136,633320486655905,633320519801738
488.96893,1485.447,502.62033,1485.447,633320522837103,633320554797884
497.88065,1347.925,502.62033,1485.447,633320554968457,633320586854394
318.18027,1365.287,497.88065,1485.447,633320592483978,633320623619446
159.52702,1403.9901,497.88065,1403.9901,633320623784030,633320657535436
65.8275,1453.279,318.18027,1453.279,633320657631999,633320690735228
67.34701,1353.714,159.52702,1403.9901,633320690880280,633320726869707
54.74911,1379.6576,67.34701,1403.9901,633320727065071,633320775281478
58.323936,1408.0692,67.34701,1403.9901,633320775505592,633320810244603
54.83179,1461.4652,58.323936,1403.9901,633320810434082,633320842776269
41.14947,1485.9446,58.323936,1408.0692,633320842931061,633320881233769
31.635248,1430.1848,54.83179,1430.1848,633320881398821,633320920827936
395.0811,908.65076,58.323936,1408.0692,633320921007988,633320954755696
338.53387,668.34924,58.323936,1408.0692,633320954931998,633320988883925
367.4103,576.975,338.53387,908.65076,633320989071061,633321019651113
333.2066,675.0373,333.2066,675.0373,633321020983509,633321054815800
367.86026,598.9531,338.53387,675.0373,633321057195800,633321091388717
374.49573,740.01965,338.53387,675.0373,633321091517623,633321125356582
384.63147,790.61163,367.86026,675.0373,633321125498978,633321164259550
286.16702,845.48505,338.53387,740.01965,633321164349915,633321199779863
347.47177,811.6859,347.47177,790.61163,633321199961373,633321233095280
312.19446,828.8336,338.53387,811.6859,633321233277571,633321265226009
316.99136,851.9914,338.53387,811.6859,633321265420592,633321297690905
305.60095,740.1207,316.99136,811.6859,633321298686477,633321333583300
362.08823,745.3319,338.53387,811.6859,633321333782675,633321372896790
265.60132,667.3431,316.99136,745.3319,633321373053717,633321405218977
337.58527,668.3662,337.58527,745.3319,633321405407832,633321440433769
327.52606,642.61743,327.52606,668.3662,633321440622519,633321473289967
303.94937,609.3937,327.52606,668.3662,633321473381425,633321505938665
428.76712,665.5608,327.52606,665.5608,633321506035175,633321542171165
399.60715,684.6547,327.52606,668.3662,633321542388404,633321575887623
406.40216,575.9773,399.60715,665.5608,633321576132050,633321615458873
423.86618,607.55634,399.60715,665.5608,633321615550852,633321649996998
426.64136,683.8536,406.40216,665.5608,633321650172779,633321688952154
411.07877,634.1934,411.07877,665.5608,633321689137154,633321724129550
418.09616,617.1408,411.07877,665.5608,633321724292623,633321758999967
423.91498,625.2253,411.07877,634.1934,633321759166581,633321793912050
420.18384,606.7608,418.09616,625.2253,633321794026061,633321828069550
400.18182,640.38416,411.07877,634.1934,633321828185904,633321864938873
313.13766,638.98694,411.07877,634.1934,633321865102415,633321899973508
255.80812,719.5812,400.18182,638.98694,633321900167936,633321933350383
227.46088,927.89703,313.13766,638.98694,633321933533717,633321966498873
257.40253,833.2138,257.40253,719.5812,633321966697936,633321999260227
215.2511,827.1782,257.40253,827.1782,633321999460279,633322030640644
270.84357,756.1466,257.40253,756.1466,633322030778144,633322063180540
194.62042,797.69775,257.40253,797.69775,633322063334394,633322096530488
197.48882,768.66376,257.40253,768.66376,633322096657988,633322131162935
213.59592,778.9026,213.59592,778.9026,633322131347831,633322167968717
171.77432,762.40704,213.59592,768.66376,633322168194498,633322199185123
276.41388,779.47595,213.59592,778.9026,633322199387519,633322232193300
343.91003,704.8768,213.59592,768.66376,633322232357050,633322278400123
324.6871,728.0923,276.41388,768.66376,633322278487988,633322311805540
420.78464,695.39185,324.6871,728.0923,633322311916425,633322346852623
435.9056,719.86475,324.6871,728.0923,633322347041060,633322387199185
381.09927,755.54834,381.09927,728.0923,633322387318144,633322419364706
438.8547,646.14813,381.09927,728.0923,633322419559810,633322453423873
422.37433,641.55206,381.09927,728.0923,633322453576321,633322486338769
386.53604,657.084,386.53604,657.084,633322486511217,633322518333769
341.144,667.4332,381.09927,667.4332,633322519603144,633322556297571
310.40762,654.7973,381.09927,657.084,633322556377935,633322590227935
327.25735,567.75073,341.144,657.084,633322590338612,633322625616998
298.86844,641.4256,327.25735,654.7973,633322625714394,633322662601685
294.80023,613.3368,327.25735,641.4256,633322662841373,633322695910592
242.8292,607.4105,298.86844,641.4256,633322696274342,633322733169550
301.4558,486.6461,301.4558,613.3368,633322733329810,633322766089810
271.79016,526.72,298.86844,607.4105,633322766341425,633322799363821
176.56232,585.6296,298.86844,585.6296,633322799553039,633322834492675
131.12152,657.79926,271.79016,607.4105,633322834621737,633322867998144
102.75873,723.17725,176.56232,607.4105,633322868249133,633322899184133
97.80817,698.7834,131.12152,657.79926,633322899376894,633322931522310
82.73626,802.3179,102.75873,698.7834,633322931707258,633322967952831
88.9025,680.03864,97.80817,680.03864,633322968227154,633323000774758
81.67515,774.134,88.9025,698.7834,633323000965956,633323033198768
97.0139,670.24347,97.0139,680.03864,633323033432987,633323065380071
82.38078,803.19055,88.9025,698.7834,633323065585487,633323098606425
83.97782,788.795,88.9025,698.7834,633323098801789,633323135670539
99.66708,667.8189,88.9025,698.7834,633323135852102,633323167709029
106.36563,650.6705,88.9025,698.7834,633323167853560,633323198891945
92.31078,727.92053,92.31078,698.7834,633323199072987,633323233350018
116.81775,688.6755,92.31078,698.7834,633323233447206,633323266906425
170.90236,835.33484,92.31078,698.7834,633323267092675,633323298531320
185.31947,750.531,116.81775,698.7834,633323298709498,633323332938091
173.98256,747.47034,170.90236,747.47034,633323333133352,633323364182466
188.68147,610.3303,173.98256,698.7834,633323364364758,633323397294706
264.64398,518.6014,173.98256,698.7834,633323397492831,633323431246008
248.91682,569.3335,188.68147,610.3303,633323431437310,633323460970383
223.81403,1009.7744,223.81403,698.7834,633323461154654,633323493530643
275.4793,1582.3176,223.81403,698.7834,633323493632779,633323526709237
267.44653,1551.5834,223.81403,1009.7744,633323526823143,633323561223872
342.76202,1335.2944,267.44653,1335.2944,633323561361477,633323598761997
379.28384,1389.3572,267.44653,1335.2944,633323599001789,633323629551841
330.71085,1562.5995,330.71085,1335.2944,633323629734133,633323662950643
348.30423,1393.4227,330.71085,1389.3572,633323663121633,633323693321216
366.8858,1414.1552,330.71085,1393.4227,633323693463820,633323730581581
288.4781,1244.8484,330.71085,1389.3572,633323730761581,633323764817154
289.4886,1106.3655,330.71085,1389.3572,633323765199654,633323797337674
377.22406,1789.4601,330.71085,1389.3572,633323797518820,633323836577518
430.05765,1696.7712,330.71085,1389.3572,633323836721789,633323869166841
367.35223,1268.5542,367.35223,1389.3572,633323869358404,633323902820799
399.7287,1023.58307,367.35223,1389.3572,633323902916685,633323933690331
419.08936,711.2354,367.35223,1268.5542,633323933878299,633323963554914
418.63388,672.7325,399.7287,1023.58307,633323963745435,633323997020174
346.2568,1190.5328,367.35223,1190.5328,633323997210279,633324032586320
226.211,1127.7053,367.35223,1127.7053,633324032681164,633324063251268
301.3346,1295.7671,346.2568,1190.5328,633324063404445,633324094388560
254.45766,1303.521,301.3346,1190.5328,633324094531581,633324126762153
172.51204,1270.0062,301.3346,1270.0062,633324126951581,633324161827726
226.63745,1210.0757,254.45766,1210.0757,633324162019758,633324195994653
248.56152,1320.9067,248.56152,1270.0062,633324196264966,633324227103508
361.8286,1310.913,254.45766,1270.0062,633324227266997,633324276352049
349.54663,1374.8865,254.45766,1310.913,633324276488143,633324309091060
287.75845,1406.1447,287.75845,1310.913,633324312763247,633324346510122
270.17303,1384.1759,270.17303,1374.8865,633324347085383,633324383389862
288.9594,1359.4165,287.75845,1359.4165,633324383561789,633324414440383
269.2876,1322.4128,270.17303,1359.4165,633324415538976,633324446713299
346.75052,1306.6909,287.75845,1359.4165,633324449010955,633324481715955
408.48874,1371.7983,287.75845,1359.4165,633324482563612,633324524799445
356.20367,1349.6047,346.75052,1359.4165,633324524918299,633324559468612
313.0355,1349.5093,313.0355,1359.4165,633324559574705,633324592488299
218.43152,1462.1852,313.0355,1359.4165,633324592657310,633324630178247
211.26465,1427.7141,313.0355,1359.4165,633324630335330,633324670570070
184.1593,1456.1165,218.43152,1427.7141,633324670728664,633324704224393
149.2666,1446.6823,211.26465,1427.7141,633324704340643,633324736604653
173.06581,1435.4229,184.1593,1435.4229,633324736728768,633324767497049
170.45241,1402.657,173.06581,1427.7141,633324767699341,633324798664705
250.114,1408.6744,184.1593,1427.7141,633324798766424,633324830940643
247.37234,1434.081,184.1593,1427.7141,633324831131216,633324863281216
392.43515,1331.446,247.37234,1427.7141,633324863462570,633324895078143
417.96948,1355.6724,247.37234,1427.7141,633324895239393,633324926962778
450.4244,1334.0504,392.43515,1355.6724,633324927159080,633324961340539
373.9827,1315.0978,373.9827,1355.6724,633324961509653,633324993337361
339.447,1411.5621,373.9827,1355.6724,633324993483716,633325027626164
450.99542,1335.2966,373.9827,1355.6724,633325027774028,633325063730747
474.45212,1406.0496,373.9827,1355.6724,633325063975070,633325094456320
476.14,1406.1338,450.99542,1355.6724,633325094648247,633325131819341
460.99478,1416.1968,460.99478,1406.0496,633325131994341,633325162212153
379.57547,1413.5531,450.99542,1406.1338,633325162409028,633325195903351
483.38846,1364.7394,460.99478,1406.0496,633325196197309,633325227461111
393.1913,1329.4491,450.99542,1406.0496,633325227638924,633325265162622
376.18365,1334.2712,450.99542,1364.7394,633325265263924,633325294199341
400.04346,1477.8788,400.04346,1406.0496,633325294351372,633325326523716
313.00858,1491.9049,400.04346,1406.0496,633325326674445,633325362873351
258.65698,1580.474,400.04346,1477.8788,633325363018715,633325396858455
244.89006,1606.8397,313.00858,1491.9049,633325396963663,633325428940955
282.31583,1716.5065,282.31583,1580.474,633325429149184,633325462958611
228.01358,1675.6083,282.31583,1606.8397,633325463060590,633325495953403
211.85649,1641.0364,282.31583,1641.0364,633325496231424,633325532948455
236.20418,1617.9858,236.20418,1617.9858,633325533132518,633325566431892
225.31537,1592.4955,236.20418,1617.9858,633325566627622,633325597695278
252.7648,1511.0865,236.20418,1617.9858,633325597892622,633325630374132
280.69727,1449.3999,236.20418,1592.4955,633325630494236,633325663222101
340.3694,1606.4099,252.7648,1606.4099,633325663321997,633325698218507
306.5181,1527.8405,280.69727,1592.4955,633325698337361,633325731901997
219.54921,907.9193,252.7648,1592.4955,633325732119809,633325763050070
220.55801,822.6733,252.7648,1527.8405,633325763204705,633325796292726
235.58533,837.6354,235.58533,907.9193,633325796475590,633325829659132
290.47107,785.55676,252.7648,837.6354,633325829853559,633325861237309
265.1782,765.1488,252.7648,837.6354,633325861430330,633325902257361
250.01697,684.3234,252.7648,785.55676,633325902468090,633325935210330
316.1693,738.02527,252.7648,765.1488,633325935413559,633325967404965
300.5486,688.6677,252.7648,738.02527,633325967526997,633325998460486
315.6677,706.09644,300.5486,738.02527,633325998619288,633326030265799
219.61832,683.8763,252.7648,706.09644,633326030466059,633326065171996
219.20525,773.562,252.7648,738.02527,633326065316267,633326096810799
154.8858,731.5186,219.61832,731.5186,633326096909913,633326128547830
182.42596,819.37994,219.20525,738.02527,633326128643767,633326160094496
204.07497,756.7069,204.07497,738.02527,633326160233142,633326192572205
179.25804,832.75323,204.07497,756.7069,633326192728038,633326225911319
162.72832,779.9763,204.07497,756.7069,633326226063767,633326260436580
194.22664,847.34204,194.22664,779.9763,633326260630590,633326297661319
180.26292,826.74304,194.22664,779.9763,633326297864444,633326327952726
215.63908,799.6412,194.22664,799.6412,633326328163403,633326360733142
297.76624,791.52466,194.22664,791.52466,633326360916996,633326394780121
279.81802,1101.3433,215.63908,799.6412,633326394967778,633326432827830
319.00116,1323.0508,279.81802,799.6412,633326433010226,633326466581736
228.03607,1323.459,228.03607,1101.3433,633326466706580,633326506692778
246.6255,1279.3126,246.6255,1279.3126,633326506812465,633326541852725
321.44977,1360.1432,246.6255,1279.3126,633326542074600,633326582349600
325.66187,1323.0541,246.6255,1279.3126,633326582447934,633326614309288
270.58786,1224.2225,270.58786,1279.3126,633326614436528,633326650773871
204.25854,1354.1543,246.6255,1279.3126,633326650889600,633326688632517
222.1354,1430.0146,246.6255,1279.3126,633326688775121,633326723219340
235.07268,1506.6271,235.07268,1354.1543,633326723418663,633326756592569
198.82521,1449.9967,235.07268,1430.0146,633326756778350,633326792300850
280.37292,1465.4698,235.07268,1449.9967,633326792479652,633326829329809
368.57352,1504.5282,235.07268,1449.9967,633326829517205,633326860602465
393.13272,1320.0055,280.37292,1449.9967,633326860800173,633326893774184
343.28656,1448.2749,343.28656,1449.9967,633326893967257,633326928881996
229.63428,1313.6305,280.37292,1448.2749,633326929082517,633326961592986
235.4365,1321.9052,280.37292,1448.2749,633326961693350,633326993701423
188.4631,1285.1346,235.4365,1321.9052,633326993892882,633327037559496
178.13757,1274.6526,235.4365,1321.9052,633327037747204,633327071006215
152.57454,1311.3538,188.4631,1311.3538,633327071185225,633327103949809
203.64275,1268.187,203.64275,1311.3538,633327104213611,633327136370746
185.04785,1285.1747,188.4631,1311.3538,633327136533142,633327170606840
135.702,1317.2871,188.4631,1311.3538,633327170742413,633327204835381
123.20161,1362.1412,185.04785,1311.3538,633327204947934,633327239388611
176.65138,1269.5742,176.65138,1311.3538,633327239596006,633327272765381
107.58805,1430.0844,176.65138,1311.3538,633327272956788,633327305403559
118.4696,1420.4963,176.65138,1311.3538,633327305615850,633327336862725
245.13252,1295.3951,176.65138,1311.3538,633327336974861,633327372437048
182.83893,1296.1509,176.65138,1311.3538,633327372587465,633327408284236
168.84427,1262.6877,176.65138,1296.1509,633327409285642,633327443731944
144.12733,1253.4331,176.65138,1296.1509,633327443839392,633327474222881
171.05988,1310.376,171.05988,1296.1509,633327475682152,633327507223715
213.24066,1268.4762,176.65138,1296.1509,633327510596527,633327541340329
176.72798,1202.3971,176.65138,1296.1509,633327543042881,633327575101683
154.38287,1211.5812,176.65138,1268.4762,633327576868142,633327607443038
187.758,1253.44,176.65138,1253.44,633327609439235,633327643486267
201.01967,1210.1511,176.65138,1253.44,633327647035642,633327685010954
139.6049,802.93823,176.65138,1253.44,633327685136735,633327720060225
233.35141,758.5763,176.65138,1210.1511,633327720184652,633327754908923
190.71382,814.9103,176.65138,814.9103,633327755050850,633327789872621
243.02902,697.11884,190.71382,814.9103,633327790061944,633327823792465
288.1094,796.2167,190.71382,814.9103,633327823923142,633327857009756
292.06857,789.57715,243.02902,796.2167,633327857181006,633327889749860
277.41562,747.2431,277.41562,796.2167,633327889928454,633327926618142
278.25693,759.4744,277.41562,789.57715,633327926818246,633327958513194
349.10803,659.1775,277.41562,759.4744,633327958700017,633328003400329
309.29453,641.20807,278.25693,759.4744,633328003607985,633328040168350
332.37082,623.4128,309.29453,659.1775,633328040271214,633328074321423
217.5338,582.3123,278.25693,641.20807,633328074645329,633328106757100
264.77777,600.19495,278.25693,623.4128,633328106885798,633328140297517
214.75609,662.5039,264.77777,641.20807,633328143089756,633328175955017
169.5944,688.50824,264.77777,641.20807,633328176086839,633328208108662
175.67897,762.5091,214.75609,662.5039,633328208861735,633328242204027
96.06373,842.59705,175.67897,688.50824,633328242280746,633328271877256
87.88571,878.4005,175.67897,762.5091,633328273005329,633328305269235
88.598236,855.7918,96.06373,842.59705,633328306534756,633328336763089
104.51329,839.66296,104.51329,839.66296,633328342086839,633328373859704
147.85611,840.7719,104.51329,840.7719,633328375177256,633328408465954
176.2594,750.8697,104.51329,839.66296,633328409928818,633328442930277
254.40718,737.99146,147.85611,839.66296,633328443109860,633328479461527
298.27133,765.2056,176.2594,765.2056,633328479617568,633328520309443
248.86841,809.63135,248.86841,809.63135,633328520492673,633328556979235
214.98146,872.77057,214.98146,809.63135,633328557159704,633328590307725
308.31284,865.3457,248.86841,809.63135,633328590473558,633328625455798
337.17395,858.1569,248.86841,858.1569,633328625641787,633328655764704
370.43906,831.59814,308.31284,831.59814,633328655961475,633328689725850
401.6091,839.15594,337.17395,839.15594,633328689816214,633328727857725
344.92795,920.0008,344.92795,839.15594,633328728139391,633328760286787
305.17123,883.30273,337.17395,839.15594,633328760481735,633328792413245
313.0304,932.3496,337.17395,883.30273,633328792588089,633328823810902
133.90642,976.87366,313.0304,883.30273,633328824129183,633328862298662
173.50241,935.66376,313.0304,932.3496,633328862486266,633328894339600
166.62048,999.86255,173.50241,935.66376,633328894539027,633328931034600
131.20473,1014.70526,173.50241,935.66376,633328931180641,633328975286318
156.8282,922.6773,166.62048,935.66376,633328975378089,633329008715902
225.85194,923.1474,173.50241,935.66376,633329008819652,633329042635797
255.15158,923.6771,173.50241,923.6771,633329042937100,633329078004443
257.8855,844.73474,225.85194,923.6771,633329079111579,633329112624287
321.99557,914.90344,255.15158,923.6771,633329112847308,633329148070172
315.6453,1068.662,257.8855,923.6771,633329149751579,633329183230537
299.73526,954.05945,299.73526,923.6771,633329183369287,633329218230693
225.99425,963.18756,257.8855,954.05945,633329219072412,633329262810485
229.65941,933.0867,257.8855,933.0867,633329262972360,633329296761631
220.46266,908.338,229.65941,933.0867,633329296882464,633329330661683
291.00598,875.2948,257.8855,933.0867,633329331585120,633329364106839
212.6328,871.7288,229.65941,908.338,633329364230381,633329396286266
237.26266,953.84503,237.26266,933.0867,633329396470068,633329427234860
241.99059,815.2712,237.26266,908.338,633329427395381,633329469302985
241.04042,874.44934,237.26266,908.338,633329469401006,633329506725537
208.6064,909.5287,237.26266,908.338,633329506800224,633329538769808
213.14635,944.6831,237.26266,908.338,633329538937308,633329572946110
260.03116,875.5414,237.26266,908.338,633329573029391,633329605965901
231.54036,861.3925,237.26266,908.338,633329606148037,633329636994078
252.3222,755.32263,237.26266,875.5414,633329637835537,633329672238193
225.55283,758.2808,237.26266,861.3925,633329673166943,633329706463453
298.57983,642.2896,237.26266,758.2808,633329706600641,633329738977568
307.95734,675.2525,237.26266,758.2808,633329740961578,633329773000380
260.14362,538.5287,260.14362,675.2525,633329774418453,633329808725016
247.11278,540.1314,247.11278,675.2525,633329809583297,633329841971526
266.34888,544.9406,260.14362,544.9406,633329842062308,633329874999495
174.97327,630.95636,247.11278,630.95636,633329875169912,633329908739026
177.81488,629.0775,247.11278,629.0775,633329909099026,633329960263870
186.95966,603.0557,186.95966,629.0775,633329960362464,633329992349807
191.78047,582.22174,191.78047,629.0775,633329992550432,633330030762880
198.4785,608.3689,191.78047,608.3689,633330030929703,633330062997464
227.8991,500.34998,191.78047,608.3689,633330064718974,633330096804807
246.23956,581.2102,198.4785,608.3689,633330096929495,633330129452047
264.86682,585.9164,227.8991,585.9164,633330129692880,633330162736578
231.06834,524.5608,231.06834,585.9164,633330163791787,633330202586057
258.16577,542.84326,231.06834,585.9164,633330202757307,633330237335849
219.3032,554.0491,231.06834,554.0491,633330237527724,633330272678297
372.92285,573.4143,231.06834,573.4143,633330272757412,633330306563818
326.98376,584.14325,231.06834,573.4143,633330306652880,633330343210328
343.17645,514.4612,326.98376,573.4143,633330343359912,633330379730797
338.658,557.1878,326.98376,573.4143,633330379814911,633330415224234
323.0423,557.58575,326.98376,557.58575,633330415395641,633330450225536
221.8795,1310.7252,326.98376,573.4143,633330450546057,633330496173505
318.0383,1529.2684,323.0423,573.4143,633330496286266,633330527503505
306.75604,1407.0624,318.0383,1310.7252,633330527607255,633330560489078
368.15848,1302.827,323.0423,1302.827,633330560612724,633330596207359
398.82675,1398.1196,323.0423,1310.7252,633330596393349,633330632837359
218.62714,1438.1052,323.0423,1310.7252,633330632931422,633330665309338
194.83884,1372.9219,323.0423,1372.9219,633330665533245,633330701272047
313.404,1375.5077,313.404,1372.9219,633330701406682,633330734643609
410.93906,1468.1803,323.0423,1372.9219,633330737295016,633330769688870
509.61945,1521.0891,323.0423,1375.5077,633330769760172,633330800534391
361.42978,1521.4083,361.42978,1468.1803,633330804306474,633330835502359
366.94144,1641.3834,361.42978,1521.0891,633330837116943,633330870129234
378.53784,1669.4519,361.42978,1521.4083,633330870195849,633330901418922
365.0054,1564.747,365.0054,1564.747,633330902321526,633330952275015
510.51883,1540.0562,365.0054,1540.0562,633330952387620,633330989175536
514.7685,1636.608,365.0054,1564.747,633330989373609,633331024452620
512.11224,1632.1871,510.51883,1564.747,633331024643349,633331059340328
530.71,1443.095,512.11224,1564.747,633331059462463,633331094487307
463.81006,1486.3953,510.51883,1564.747,633331094618453,633331127515692
373.8732,1502.6968,510.51883,1502.6968,633331127777203,633331161891682
341.28397,1486.9852,463.81006,1502.6968,633331161988557,633331201452984
347.70065,1385.7714,373.8732,1502.6968,633331201602932,633331233174963
307.48865,1570.0627,347.70065,1502.6968,633331233279390,633331265456682
297.39822,1504.5522,347.70065,1502.6968,633331266385172,633331297942932
320.07108,1434.4635,320.07108,1502.6968,633331298097984,633331331142932
333.55957,1564.3359,333.55957,1502.6968,633331331285172,633331365307672
398.87408,1488.9209,333.55957,1502.6968,633331365486942,633331397893869
454.1267,1680.775,333.55957,1502.6968,633331398060797,633331436655328
291.51132,957.116,333.55957,1502.6968,633331436854599,633331473591421
372.1656,1424.1017,333.55957,1502.6968,633331473667828,633331511567203
360.42484,674.4846,333.55957,1424.1017,633331513313140,633331552631838
482.12698,491.159,360.42484,1424.1017,633331552798140,633331586558609
387.18594,752.8462,360.42484,752.8462,633331586684494,633331624201005
192.52966,924.3473,360.42484,924.3473,633331624452671,633331659299494
421.66226,859.56946,360.42484,859.56946,633331660103140,633331719706630
343.1351,669.12683,360.42484,859.56946,633331719830901,633331758012255
316.8452,693.0008,360.42484,859.56946,633331758112307,633331790256317
319.89813,692.63135,343.1351,693.0008,633331790508453,633331822503192
300.7138,721.9926,319.89813,721.9926,633331822605901,633331857249494
290.04926,728.2411,319.89813,721.9926,633331857357567,633331890456265
298.15894,614.05743,300.7138,721.9926,633331890558921,633331926827463
294.27994,587.5875,298.15894,721.9926,633331926956682,633331990042619
325.9215,520.75055,300.7138,614.05743,633331990162671,633332025594182
250.34377,597.089,298.15894,597.089,633332026377098,633332058235692
197.54875,677.48645,298.15894,614.05743,633332058620432,633332091829859
185.06168,738.64014,250.34377,614.05743,633332092906213,633332128592671
174.9326,783.50287,197.54875,677.48645,633332128786005,633332163793244
165.5536,785.7436,185.06168,738.64014,633332163942150,633332200341265
136.52377,818.436,174.9326,783.50287,633332200525119,633332237159963
106.80469,949.6534,165.5536,785.7436,633332237315900,633332275183557
166.96532,869.7311,166.96532,818.436,633332275340171,633332311170015
177.10277,790.5106,166.96532,790.5106,633332311327046,633332344929598
175.9354,804.5866,166.96532,804.5866,633332345062827,633332391322307
203.75537,785.98047,175.9354,790.5106,633332391512150,633332428166213
268.31055,638.99896,175.9354,790.5106,633332428337879,633332461611004
312.99026,658.775,203.75537,785.98047,633332461792463,633332497111629
338.70425,622.7349,268.31055,658.775,633332497323452,633332528542307
381.79306,547.7075,312.99026,658.775,633332528733348,633332560320900
350.04507,509.9287,338.70425,622.7349,633332560436369,633332590505275
326.40802,537.62665,326.40802,547.7075,633332592380119,633332623016890
322.2744,571.73846,326.40802,571.73846,633332623126056,633332654112202
343.06558,669.94653,326.40802,571.73846,633332654222723,633332685056421
342.36383,604.9458,326.40802,571.73846,633332685855900,633332718491109
347.40048,612.2905,342.36383,604.9458,633332718662306,633332751735536
350.03055,654.9662,342.36383,604.9458,633332751849546,633332783369858
413.79828,630.1546,347.40048,612.2905,633332783526213,633332817431056
399.01733,574.4091,350.03055,604.9458,633332817553348,633332849028244
420.70523,583.87994,399.01733,604.9458,633332849181421,633332881226890
413.4655,567.8901,399.01733,583.87994,633332881345223,633332912903400
424.06973,573.28827,413.4655,583.87994,633332913043556,633332946050692
344.8188,575.4736,399.01733,575.4736,633332946201369,633333003595223
307.0512,716.7136,399.01733,583.87994,633333003673817,633333039759442
274.71005,733.6153,344.8188,583.87994,633333039941473,633333072865327
232.0378,672.51447,307.0512,672.51447,633333072955900,633333107244754
203.89035,698.61444,274.71005,672.51447,633333107393713,633333148486733
169.70485,746.62775,232.0378,672.51447,633333148628244,633333183230327
120.48113,806.1821,203.89035,698.61444,633333183424494,633333218352462
165.53394,752.40826,169.70485,746.62775,633333218455171,633333255017671
200.53206,756.11725,200.53206,752.40826,633333255199858,633333289924650
165.6917,680.8222,169.70485,746.62775,633333290056473,633333323264337
166.90076,626.2261,169.70485,746.62775,633333323423817,633333355838348
171.57857,561.2808,169.70485,680.8222,633333356192254,633333415535900
145.6041,577.9349,169.70485,626.2261,633333415658400,633333455631994
126.26701,554.8493,169.70485,577.9349,633333457244181,633333506184233
118.9765,639.95856,145.6041,626.2261,633333506350848,633333544597254
111.22409,551.64716,126.26701,577.9349,633333545768869,633333583072983
126.708916,650.3069,126.708916,626.2261,633333583252567,633333620691785
124.55093,697.78766,126.26701,626.2261,633333621011473,633333655780796
113.13342,638.7949,126.26701,638.7949,633333656791733,633333693253191
113.84041,590.20905,124.55093,626.2261,633333693440587,633333729923244
138.44986,600.9858,126.26701,626.2261,633333730104285,633333761266889
135.90128,587.3278,126.26701,600.9858,633333761435691,633333798777098
224.80348,609.1595,135.90128,609.1595,633333798870639,633333830411994
209.67061,586.7711,135.90128,600.9858,633333830630639,633333868628348
220.18416,645.8538,209.67061,609.1595,633333868795796,633333903633764
255.19438,642.28046,209.67061,609.1595,633333903737827,633333935958504
191.36281,691.6383,209.67061,642.28046,633333936131108,633333972630848
201.71149,1254.7834,209.67061,642.28046,633333972816004,633334008101629
314.04675,1347.752,209.67061,691.6383,633334008230900,633334042392671
294.13495,1433.8364,209.67061,1254.7834,633334042555014,633334077376212
249.44829,1556.3875,249.44829,1347.752,633334077530379,633334111693660
271.8016,1511.0645,249.44829,1433.8364,633334111784025,633334144583868
269.20868,1493.7897,249.44829,1493.7897,633334144718139,633334178173400
286.77872,1516.6555,269.20868,1493.7897,633334178269389,633334215405066
317.84158,1338.2362,269.20868,1493.7897,633334215599285,633334248607775
275.6707,1226.0272,275.6707,1493.7897,633334248751056,633334293102098
306.47375,1264.6273,275.6707,1338.2362,633334293614702,633334328939129
304.09167,1459.0283,275.6707,1459.0283,633334329109337,633334360903191
198.8187,1406.3796,275.6707,1406.3796,633334361096733,633334392897097
220.75179,1335.4165,275.6707,1406.3796,633334393067827,633334424973139
207.8372,1517.9795,220.75179,1406.3796,633334425125900,633334455323295
224.47522,1677.3517,224.47522,1406.3796,633334455511681,633334518328556
230.21161,1657.103,224.47522,1517.9795,633334518438087,633334554924181
248.77937,1683.7998,224.47522,1657.103,633334555092202,633334586554441
242.87373,1753.4908,230.21161,1657.103,633334587579649,633334621267097
317.65338,1709.6185,242.87373,1683.7998,633334621403556,633334655152774
286.43924,1711.2094,242.87373,1709.6185,633334655349910,633334687058608
246.16231,1693.2074,246.16231,1693.2074,633334687267722,633334719714493
212.4354,1488.3567,242.87373,1693.2074,633334721628399,633334752697670
171.50482,1439.1935,242.87373,1693.2074,633334752831420,633334788486316
136.88834,1442.8079,212.4354,1488.3567,633334788636941,633334823839233
124.36302,1559.764,171.50482,1559.764,633334824092306,633334856156889
137.58763,1626.7681,137.58763,1559.764,633334856347774,633334887825535
164.5307,1336.247,164.5307,1559.764,633334888097618,633334919288399
136.43509,1348.4656,137.58763,1559.764,633334920155535,633334958448764
89.99356,1552.8759,137.58763,1552.8759,633334958619337,633334991213816
96.10684,1553.8247,136.43509,1553.8247,633334991405378,633335024833399
113.54454,1615.3911,113.54454,1553.8247,633335025030274,633335057696576
89.14704,1499.6512,113.54454,1553.8247,633335057911108,633335091202149
92.09428,1379.3375,113.54454,1553.8247,633335091323503,633335127870795
221.07741,1480.6932,113.54454,1499.6512,633335128093556,633335168288712
264.9145,1342.3916,113.54454,1480.6932,633335168398660,633335205113243
368.22946,1397.1349,221.07741,1480.6932,633335205296993,633335238247358
366.96008,1376.1179,264.9145,1397.1349,633335238412149,633335276587514
383.79852,1470.0881,366.96008,1470.0881,633335276675483,633335312178243
399.10782,1528.9843,366.96008,1470.0881,633335313352618,633335346941316
457.89627,1519.1891,383.79852,1470.0881,633335347055014,633335379635639
387.66974,1415.7484,387.66974,1470.0881,633335379810014,633335412627670
351.45227,1373.215,383.79852,1470.0881,633335412986993,633335446856889
170.35634,1352.3958,383.79852,1415.7484,633335447058399,633335492315274
144.38855,1355.502,351.45227,1373.215,633335492480639,633335524169285
100.941605,1367.9523,170.35634,1367.9523,633335524350847,633335557746576
114.743935,1407.3657,144.38855,1373.215,633335557911316,633335591511785
103.898445,1386.1747,114.743935,1373.215,633335591707618,633335625889857
102.485794,1441.3052,114.743935,1386.1747,633335626079805,633335658079909
77.287735,1371.4601,103.898445,1373.215,633335658248920,633335690253295
73.19761,1404.263,102.485794,1386.1747,633335690420430,633335721268920
88.12066,1384.4613,88.12066,1384.4613,633335721439389,633335756088087
73.22482,1328.944,88.12066,1384.4613,633335756273139,633335792268607
74.96543,1338.9943,88.12066,1384.4613,633335792448712,633335823114493
78.14142,1333.9299,78.14142,1338.9943,633335823279597,633335854498972
146.97765,1347.5846,88.12066,1347.5846,633335854700014,633335886045274
109.18754,1335.1874,88.12066,1338.9943,633335886196680,633335918689128
149.75296,1211.8751,109.18754,1338.9943,633335918811524,633335957116628
105.23552,1259.3306,105.23552,1335.1874,633335957717930,633335990806107
98.56377,1317.9777,105.23552,1317.9777,633335991012722,633336022348920
87.46698,1327.7589,105.23552,1327.7589,633336022517357,633336053294701
124.12046,1470.165,105.23552,1327.7589,633336053494076,633336088053659
123.9327,1470.3558,105.23552,1327.7589,633336088252149,633336117486368
108.8711,1470.4733,108.8711,1470.165,633336118611368,633336150362826
197.31494,1400.438,108.8711,1400.438,633336150868034,633336182374180
102.514496,1405.1687,108.8711,1405.1687,633336182476993,633336216097566
138.24985,1286.0161,108.8711,1400.438,633336216201524,633336250366316
184.24167,1304.09,108.8711,1400.438,633336251264597,633336293714180
212.5587,1348.6444,138.24985,1348.6444,633336293819180,633336349090118
160.46582,1234.5195,160.46582,1348.6444,633336349211732,633336383566993
320.95926,675.5653,160.46582,1348.6444,633336383682305,633336416154232
321.9599,1408.316,160.46582,1348.6444,633336416284649,633336451828607
275.4675,1553.6929,275.4675,1348.6444,633336453149805,633336486263242
241.17921,524.03265,241.17921,1348.6444,633336486438138,633336518546211
358.53723,467.03647,275.4675,1348.6444,633336518815482,633336550009649
202.31602,613.63464,241.17921,613.63464,633336550139076,633336583779805
233.08122,769.48035,241.17921,769.48035,633336583969805,633336624994961
499.91037,796.75684,241.17921,769.48035,633336625130742,633336659651940
505.9672,753.8409,241.17921,769.48035,633336659764857,633336693709440
505.36658,793.79974,499.91037,769.48035,633336693917878,633336732213711
391.94208,696.2341,391.94208,769.48035,633336732895117,633336793705430
304.29922,739.11163,391.94208,769.48035,633336793810065,633336831224128
283.67752,738.766,391.94208,739.11163,633336831360534,633336866749284
253.12097,803.02435,304.29922,769.48035,633336866929544,633336903538347
145.17339,843.97943,283.67752,769.48035,633336903665117,633336940842565
161.91519,763.73285,253.12097,769.48035,633336940940169,633336974867305
141.34013,793.9107,161.91519,769.48035,633336974948711,633337013325899
158.62633,868.7525,161.91519,769.48035,633337013426263,633337048856732
169.13739,784.60443,161.91519,784.60443,633337048964232,633337082373971
155.03464,783.0649,161.91519,783.0649,633337082506003,633337119243451
98.08914,849.2878,161.91519,784.60443,633337119391784,633337151283503
63.921185,1001.5782,155.03464,784.60443,633337151431159,633337185284909
69.27337,832.5179,98.08914,832.5179,633337185532565,633337220067982
64.51811,831.06354,69.27337,831.06354,633337220259128,633337252932773
85.070145,808.38556,85.070145,831.06354,633337253107565,633337284601003
84.10984,765.66016,84.10984,831.06354,633337284785690,633337318183815
100.26763,760.01483,85.070145,808.38556,633337318368034,633337350250221
72.98574,751.2954,84.10984,765.66016,633337350424284,633337383301888
140.12805,664.288,85.070145,760.01483,633337383529023,633337414924180
246.03027,519.2664,85.070145,751.2954,633337415058138,633337455822200
248.00389,417.25922,140.12805,664.288,633337455991315,633337494240690
260.07864,400.3285,246.03027,519.2664,633337494335378,633337529208555
277.17834,411.94113,248.00389,417.25922,633337530148138,633337567312930
255.39474,395.8418,255.39474,411.94113,633337568289961,633337604902461
309.43698,353.97073,255.39474,411.94113,633337604998502,633337641319857
330.0461,369.2669,255.39474,395.8418,633337641484700,633337678084909
217.04008,449.56195,255.39474,411.94113,633337678861263,633337713066159
221.98828,574.492,255.39474,411.94113,633337713182565,633337747552930
200.6172,565.6062,221.98828,449.56195,633337747682357,633337783557200
172.05867,617.1125,221.98828,565.6062,633337783736940,633337819728711
197.21536,650.1824,200.6172,565.6062,633337819891784,633337851425950
161.10776,697.0769,197.21536,617.1125,633337851620846,633337885382669
124.35691,688.0598,197.21536,650.1824,633337885567773,633337917440898
124.79756,660.74786,161.10776,660.74786,633337917631315,633337951870638
171.47202,664.69794,171.47202,660.74786,633337952504596,633337986623086
183.44386,574.7675,171.47202,660.74786,633337986728502,633338020358398
139.17688,751.7485,171.47202,660.74786,633338020536992,633338057040742
136.5697,826.2733,171.47202,660.74786,633338057135221,633338096185013
157.42596,841.7689,157.42596,751.7485,633338096972200,633338131489231
174.45366,780.0796,171.47202,780.0796,633338131666367,633338164384804
215.48636,830.49396,171.47202,780.0796,633338165401731,633338204957929
208.58748,810.21,174.45366,780.0796,633338205039596,633338237620950
196.52042,741.81323,196.52042,780.0796,633338237811731,633338270932877
253.2157,701.456,196.52042,780.0796,633338271016731,633338303695273
269.94852,815.5658,196.52042,780.0796,633338303783919,633338336097148
279.4272,880.0917,253.2157,780.0796,633338336176054,633338369070169
246.49707,784.12006,246.49707,784.12006,633338369167825,633338402819075
139.77573,736.3132,246.49707,780.0796,633338402897773,633338436621940
108.08407,825.7361,246.49707,784.12006,633338436792617,633338469203138
82.78835,842.4945,139.77573,784.12006,633338469370377,633338504508346
81.52946,779.42163,108.08407,784.12006,633338504681106,633338535949544
64.51167,895.2881,82.78835,784.12006,633338536140065,633338570152096
71.59935,901.52686,81.52946,784.12006,633338570339179,633338604391679
73.08264,836.6281,73.08264,836.6281,633338604578085,633338638579440
43.73542,970.0543,73.08264,836.6281,633338639366263,633338671846262
51.37211,950.0314,73.08264,836.6281,633338671938346,633338704222825
50.569603,987.1808,51.37211,950.0314,633338704308502,633338737329127
67.7861,1063.4829,67.7861,950.0314,633338737505742,633338771507200
74.019775,1023.5629,67.7861,987.1808,633338771619804,633338810617200
67.286224,1164.8811,67.7861,1023.5629,633338810720950,633338846835742
49.000156,1066.9904,67.7861,1023.5629,633338846988242,633338880129648
70.36297,1027.6107,67.7861,1027.6107,633338880256002,633338920540012
72.99061,907.8934,67.7861,1023.5629,633338920719752,633338951884856
52.568855,973.8233,67.7861,1023.5629,633338952170117,633338983732825
83.80116,935.8249,67.7861,973.8233,633338983929335,633339015082981
56.682636,937.0885,67.7861,973.8233,633339015249283,633339048365221
65.292435,928.819,67.7861,937.0885,633339048549231,633339082455742
54.478367,1013.4983,65.292435,973.8233,633339082653762,633339114303762
92.87911,968.0961,67.7861,968.0961,633339114470064,633339150488241
197.93208,1208.3761,67.7861,973.8233,633339150686783,633339184192512
205.65044,1528.9235,92.87911,973.8233,633339184384804,633339215051835
166.82172,1569.492,166.82172,1208.3761,633339215257096,633339249886991
195.28351,1475.5629,166.82172,1475.5629,633339250054231,633339285014127
163.96732,1442.4062,166.82172,1442.4062,633339285204439,633339317231679
185.44586,1480.4652,166.82172,1475.5629,633339317371262,633339361566471
187.1285,1523.8927,166.82172,1475.5629,633339361741627,633339392871262
229.87975,1437.3407,185.44586,1475.5629,633339392985168,633339423872564
188.45805,1495.6953,187.1285,1475.5629,633339428608346,633339461897721
237.07196,1701.4448,188.45805,1475.5629,633339462659491,633339494834179
214.82652,1596.7076,188.45805,1495.6953,633339497007096,633339530981783
255.02368,1659.3037,214.82652,1596.7076,633339532154856,633339568578710
387.19186,1560.3717,214.82652,1560.3717,633339568748345,633339600413085
382.4073,1639.6257,255.02368,1596.7076,633339600506418,633339631282095
371.30444,1515.1602,371.30444,1560.3717,633339631383450,633339664514387
384.6255,1612.0752,371.30444,1596.7076,633339664616887,633339699170950
480.41156,1639.739,371.30444,1596.7076,633339699278137,633339734148918
453.3681,1747.7916,384.6255,1612.0752,633339734250741,633339767454752
435.34576,1786.4379,435.34576,1639.739,633339767600950,633339802707981
357.32565,1719.6699,384.6255,1719.6699,633339802798606,633339836684960
289.424,1737.6119,384.6255,1719.6699,633339838511314,633339871583345
363.2934,1800.9335,363.2934,1719.6699,633339871668970,633339903344439
332.33966,1781.0262,363.2934,1737.6119,633339903436470,633339936651522
344.2376,1849.253,363.2934,1781.0262,633339936763866,633339972420012
210.50076,1516.2128,344.2376,1737.6119,633339972519752,633340004875168
243.72295,969.2062,344.2376,1737.6119,633340005234022,633340040633866
324.53,987.85913,324.53,1516.2128,633340040737564,633340074499960
308.3551,959.3041,324.53,987.85913,633340074605845,633340108198710
313.54977,988.6612,324.53,988.6612,633340108304022,633340141301627
347.28333,1075.8766,324.53,988.6612,633340141422824,633340175721783
226.04256,935.5161,324.53,988.6612,633340175855585,633340209951418
313.72995,1078.1287,324.53,988.6612,633340210115793,633340246412668
325.96924,1106.8645,324.53,988.6612,633340246609595,633340277761054
355.17087,1031.2804,324.53,1031.2804,633340277945012,633340310523345
270.63342,1176.7102,324.53,1031.2804,633340311464908,633340345870949
239.16408,1069.3622,324.53,1031.2804,633340346021991,633340379356158
235.98926,1087.1549,270.63342,1069.3622,633340379559074,633340415430897
262.3057,1042.357,262.3057,1042.357,633340415623554,633340447318397
272.89713,1092.4043,270.63342,1069.3622,633340447516835,633340479557460
293.88855,1038.2428,270.63342,1042.357,633340479748085,633340514043762
308.94284,1082.6696,272.89713,1069.3622,633340514154335,633340549087668
189.4084,1068.1855,270.63342,1068.1855,633340549261106,633340580706678
263.80695,964.991,270.63342,1068.1855,633340580897199,633340612772876
245.19865,1188.7063,263.80695,1068.1855,633340612965428,633340643566522
266.87466,1188.7886,266.87466,1068.1855,633340643725949,633340677376105
178.39082,1160.5961,263.80695,1160.5961,633340677558553,633340717830168
184.17096,1148.2704,263.80695,1148.2704,633340718006730,633340749324647
180.62502,1259.5839,184.17096,1160.5961,633340749451053,633340782662251
226.33565,1192.1206,226.33565,1160.5961,633340782748501,633340814011105
215.58101,1194.6252,215.58101,1192.1206,633340814193293,633340848225897
308.55057,1147.4265,226.33565,1160.5961,633340848388918,633340879222095
287.53024,1103.2739,226.33565,1160.5961,633340879326314,633340910315220
309.09286,1147.0712,287.53024,1147.4265,633340910474178,633340943325689
284.0177,1073.2726,284.0177,1147.0712,633340943525480,633340976787564
219.18251,1095.7869,284.0177,1147.0712,633340976942355,633341009001678
175.44101,1143.7794,284.0177,1143.7794,633341009165585,633341039122303
255.4434,1060.692,255.4434,1143.7794,633341039228137,633341071536626
209.2181,1174.398,255.4434,1143.7794,633341071641470,633341108067876
211.842,1151.9408,255.4434,1143.7794,633341108183814,633341141600064
277.11893,1100.7233,255.4434,1143.7794,633341141787251,633341173864334
204.17815,1156.1299,255.4434,1143.7794,633341174003814,633341219713709
335.77826,1175.0159,255.4434,1143.7794,633341220515845,633341251121991
356.91412,1087.5795,255.4434,1143.7794,633341251294907,633341283162095
343.2293,915.0509,335.77826,1143.7794,633341283605689,633341313789647
375.73904,975.87054,343.2293,1087.5795,633341314896730,633341346736001
403.52597,1201.9867,343.2293,1143.7794,633341346839855,633341377286626
388.31207,1331.4763,375.73904,1143.7794,633341377454855,633341411419543
200.17557,1260.6837,343.2293,1201.9867,633341411571626,633341449391470
231.94304,525.64984,343.2293,1143.7794,633341449536366,633341514614438
367.31445,664.20374,343.2293,1143.7794,633341514689386,633341550169126
