x_raw,y_raw,x_filtered,y_filtered,gaze_timestamp,record_timestamp
125.65815,1204.888,272.17877,969.7921,642935758309372,642935857437549
32.81738,1261.438,272.17877,969.7921,642935857559789,642935912789164
53.250443,1311.9044,125.65815,1204.888,642935912913070,642935974484685
129.1241,1124.6194,129.1241,1124.6194,642935974630362,642936027119789
876.5676,1108.3883,129.1241,1124.6194,642936027237653,642936093387133
883.05743,1009.8215,129.1241,1124.6194,642936093504789,642936154767653
872.25793,1109.8619,872.25793,1109.8619,642936154884216,642936211647653
880.1977,1022.8438,872.25793,1109.8619,642936212268226,642936263190049
933.17487,1024.955,872.25793,1109.8619,642936263312237,642936326324685
990.2392,1070.8865,880.1977,1070.8865,642936326433330,642936391109633
954.1406,1065.8486,933.17487,1070.8865,642936391559633,642936449445205
979.52765,1031.5225,954.1406,1070.8865,642936449650987,642936503572914
780.37384,1103.1356,933.17487,1070.8865,642936503758539,642936556597862
344.42285,1196.6799,933.17487,1070.8865,642936556710935,642936612321820
278.63644,1158.5977,780.37384,1103.1356,642936612537705,642936670504476
301.08255,1153.3468,344.42285,1153.3468,642936670697393,642936729086716
492.12354,1149.9872,492.12354,1149.9872,642936729259893,642936789325466
499.29028,1107.6094,492.12354,1149.9872,642936789467549,642936860585466
684.8286,1110.4158,492.12354,1149.9872,642936860739111,642936919487705
775.6656,1077.9321,499.29028,1110.4158,642936919644059,642936976493955
840.4303,1152.0134,684.8286,1149.9872,642936977156403,642937028118018
948.1038,1195.6548,775.6656,1149.9872,642937028244216,642937084439268
988.765,1231.6317,840.4303,1152.0134,642937084575518,642937142691663
992.3911,1202.5695,948.1038,1195.6548,642937142807028,642937203259788
968.4485,1187.2823,968.4485,1187.2823,642937203387757,642937256913799
992.72943,1155.2272,968.4485,1187.2823,642937257096247,642937316316872
1019.0306,1189.2771,968.4485,1187.2823,642937316470518,642937367784997
1027.939,1171.2917,992.72943,1187.2823,642937367974788,642937435471038
420.22278,1172.3595,968.4485,1187.2823,642937435817340,642937482733955
344.01593,1186.62,968.4485,1186.62,642937482869893,642937529080309
376.2856,1196.6923,420.22278,1187.2823,642937529428174,642937586639528
375.02756,1271.6696,376.2856,1187.2823,642937586954945,642937663528955
573.84314,1246.2356,420.22278,1196.6923,642937663907653,642937719206976
603.03937,1250.4954,420.22278,1246.2356,642937719331195,642937775989684
810.97156,1223.7808,573.84314,1223.7808,642937776319580,642937823571351
864.0752,1309.0356,603.03937,1246.2356,642937823713799,642937876252080
868.4896,1269.429,810.97156,1246.2356,642937876798226,642937930483278
966.32263,1250.8364,864.0752,1250.8364,642937930625257,642937988683017
1018.3052,1262.9417,868.4896,1250.8364,642937988820361,642938047910674
1017.7687,1243.8442,966.32263,1250.8364,642938048430049,642938109960674
915.69415,1274.9397,915.69415,1250.8364,642938110174371,642938156290882
373.79318,1326.1805,915.69415,1250.8364,642938156768903,642938215305882
328.61652,1307.0916,915.69415,1274.9397,642938215418069,642938284531507
322.341,1242.0792,373.79318,1250.8364,642938284685465,642938329584944
279.36536,1310.8994,328.61652,1274.9397,642938329758434,642938389186403
450.73636,1266.3602,373.79318,1266.3602,642938389679007,642938443647028
607.29803,1304.2494,373.79318,1274.9397,642938443836611,642938488174528
678.4088,1286.7865,450.73636,1274.9397,642938488314736,642938540061975
716.73505,1404.3696,607.29803,1286.7865,642938540192913,642938589661923
818.4169,1446.6958,678.4088,1286.7865,642938589804423,642938643557132
799.6921,1517.091,716.73505,1404.3696,642938643960934,642938696813694
484.06805,1439.0922,678.4088,1439.0922,642938696960309,642938754418225
396.6149,1235.8098,678.4088,1404.3696,642938754521194,642938817759527
353.03778,1601.5635,484.06805,1439.0922,642938818303069,642938866079632
325.4526,1492.7538,396.6149,1439.0922,642938866566975,642938922410986
431.5806,1377.8066,431.5806,1439.0922,642938922606350,642938978924007
441.12366,1313.6224,431.5806,1439.0922,642938979040361,642939034379527
446.1481,1319.2535,431.5806,1377.8066,642939034902236,642939106425256
354.26846,1580.0504,431.5806,1439.0922,642939106547600,642939161603017
334.1124,1701.9722,431.5806,1439.0922,642939161744475,642939210850725
349.22723,1207.6611,354.26846,1439.0922,642939211008538,642939263530777
445.88412,1347.2603,431.5806,1439.0922,642939263671506,642939316684683
416.8712,1377.2681,416.8712,1377.2681,642939316829006,642939385815100
495.85846,1424.3464,431.5806,1424.3464,642939385958798,642939433472183
874.78894,1308.1864,431.5806,1377.2681,642939433659892,642939486024319
928.1254,1371.1554,495.85846,1377.2681,642939486983694,642939544719267
916.4666,1359.5963,874.78894,1371.1554,642939544853173,642939610317079
919.65784,1285.5282,916.4666,1371.1554,642939610446663,642939658207600
929.6154,1175.8718,916.4666,1359.5963,642939658358277,642939714238329
931.7285,1168.0145,919.65784,1285.5282,642939714370777,642939770095256
945.055,1142.7058,929.6154,1175.8718,642939770229892,642939819756767
938.19006,1196.4246,931.7285,1196.4246,642939820500725,642939880532860
938.6317,1171.549,938.19006,1175.8718,642939880645100,642939928101246
957.2093,1049.0359,938.19006,1175.8718,642939928276923,642939983831037
1001.0516,985.0447,938.6317,1171.549,642939983981714,642940039464996
1007.2034,1015.47076,957.2093,1049.0359,642940039626714,642940094300985
1031.5726,1038.2627,1001.0516,1038.2627,642940094495412,642940154596402
1005.56726,1079.9434,1005.56726,1049.0359,642940154769839,642940212303537
983.7999,979.67395,1001.0516,1038.2627,642940212493641,642940265749944
999.49243,1002.6145,1001.0516,1038.2627,642940266120725,642940328947548
957.984,947.9651,999.49243,1002.6145,642940329076819,642940384437548
972.6597,975.2778,999.49243,1002.6145,642940384565568,642940432476350
986.683,923.41254,986.683,975.2778,642940432656818,642940492091975
982.2299,996.1424,986.683,996.1424,642940492275360,642940546157808
592.56995,1062.9797,986.683,996.1424,642940546814943,642940600196193
496.76398,1043.779,982.2299,996.1424,642940600333641,642940651641975
437.0297,1083.535,592.56995,1043.779,642940651810829,642940698071610
506.41376,1002.36475,506.41376,1002.36475,642940698217287,642940752881454
481.61652,1063.5239,506.41376,1043.779,642940753367495,642940810079370
632.2196,983.6536,506.41376,1002.36475,642940810232912,642940873984318
769.9992,1040.21,506.41376,1040.21,642940874112339,642940925712183
711.5162,1030.5491,632.2196,1030.5491,642940925872652,642940991685204
787.3269,1093.4235,711.5162,1040.21,642940991784318,642941047798277
812.2266,1096.7754,711.5162,1040.21,642941047971974,642941103143329
782.2593,1100.7238,782.2593,1093.4235,642941103655829,642941150649891
937.33124,1080.0189,782.2593,1080.0189,642941150859943,642941209932183
988.73975,1048.1771,782.2593,1080.0189,642941210084735,642941262364370
1003.0258,1235.0598,937.33124,1080.0189,642941262490099,642941339658797
517.8103,1442.2097,782.2593,1080.0189,642941339796349,642941393021974
549.9952,663.01984,782.2593,1080.0189,642941393180412,642941451554891
907.8732,762.0695,782.2593,1080.0189,642941451920308,642941499640568
878.7581,751.96967,782.2593,762.0695,642941499792183,642941554443224
397.2715,1572.619,782.2593,1080.0189,642941554589526,642941607751714
434.17667,1580.2698,782.2593,1080.0189,642941607874318,642941672478849
572.44446,479.06,572.44446,1080.0189,642941672630464,642941724375360
863.0827,974.7261,782.2593,1080.0189,642941724494162,642941777914162
897.1874,1033.6714,782.2593,1033.6714,642941778032287,642941848417547
993.2137,940.0093,863.0827,1033.6714,642941848540099,642941898103068
1038.3656,968.7336,897.1874,1033.6714,642941898234891,642941954823016
1016.2539,980.86835,993.2137,980.86835,642941954997755,642942010544943
1017.05133,889.3123,1016.2539,980.86835,642942011426297,642942059667339
497.09753,1003.99036,993.2137,980.86835,642942060389422,642942112451245
383.89597,1014.7009,993.2137,980.86835,642942112581609,642942166496349
316.9958,965.41626,497.09753,980.86835,642942167022651,642942217143016
346.18115,1025.7225,383.89597,980.86835,642942217649162,642942271283953
326.37485,1054.6593,346.18115,980.86835,642942271458849,642942321571557
387.6601,986.8689,383.89597,986.8689,642942321751661,642942383901349
505.5725,970.625,383.89597,980.86835,642942384115203,642942436107495
538.4752,992.3591,387.6601,986.8689,642942436269109,642942493756193
541.8029,994.30444,505.5725,986.8689,642942493895672,642942547203745
707.7035,1016.37946,538.4752,992.3591,642942547319422,642942605220828
691.0971,1024.6431,541.8029,994.30444,642942605357755,642942653260307
705.69006,1029.8748,691.0971,1016.37946,642942653422182,642942727592755
714.7826,1051.756,691.0971,1024.6431,642942727718745,642942796854109
722.6124,1021.09576,705.69006,1021.09576,642942797009682,642942845556557
775.91003,965.4455,714.7826,1021.09576,642942845691140,642942891606870
901.1812,977.90076,722.6124,1021.09576,642942891764786,642942963714265
922.0564,1113.0792,775.91003,1021.09576,642942963853849,642943017650620
945.5085,1048.5831,901.1812,1021.09576,642943017795828,642943073760880
933.4267,1176.25,922.0564,1048.5831,642943073926088,642943120909630
934.83514,1070.157,933.4267,1048.5831,642943121103015,642943181126974
909.65924,1098.5599,922.0564,1070.157,642943181232026,642943229156244
932.18005,1088.8082,932.18005,1070.157,642943229844161,642943281744890
946.3755,1067.8346,932.18005,1070.157,642943282002807,642943336612494
969.23773,1082.612,932.18005,1070.157,642943336804213,642943385031609
990.0311,1073.0864,946.3755,1070.157,642943385185151,642943450442182
995.47266,1099.0027,969.23773,1073.0864,642943450618536,642943498015724
1026.7522,1066.1172,990.0311,1070.157,642943498558432,642943547830099
1045.1226,1149.7294,995.47266,1073.0864,642943547978380,642943597945359
1038.3195,1119.5427,1026.7522,1073.0864,642943598434213,642943655739369
1052.3477,1136.8892,1038.3195,1119.5427,642943655863953,642943710385098
307.62036,1135.8295,1026.7522,1119.5427,642943710513171,642943753662807
247.19304,1069.1797,1026.7522,1119.5427,642943753821609,642943812076765
230.9977,1171.2618,307.62036,1119.5427,642943812183276,642943864944630
235.22789,1176.73,247.19304,1119.5427,642943865293848,642943915785046
289.92953,1175.9918,289.92953,1171.2618,642943915975046,642943963689213
307.69147,1244.2555,289.92953,1175.9918,642943963821244,642944015679525
363.42703,1337.1788,289.92953,1175.9918,642944016412911,642944072603171
396.94052,1264.7251,307.69147,1244.2555,642944072735463,642944136336348
429.0969,1264.1166,363.42703,1264.1166,642944136473327,642944187299994
416.68585,1321.0928,396.94052,1264.1166,642944187456036,642944243392546
828.7171,1484.51,416.68585,1264.1166,642944243526921,642944298653015
895.6553,1412.3934,416.68585,1321.0928,642944298872754,642944346711036
890.54724,1429.475,828.7171,1412.3934,642944346817286,642944393800827
880.67847,1510.4402,880.67847,1412.3934,642944394216765,642944451898015
895.6101,1462.1904,880.67847,1429.475,642944452088171,642944509622754
979.34033,1484.4393,880.67847,1462.1904,642944509748588,642944561688744
1012.0291,1388.9329,895.6101,1429.475,642944562437859,642944611697650
992.6407,1471.2905,979.34033,1462.1904,642944611810359,642944665419161
980.6532,1516.884,980.6532,1462.1904,642944665599213,642944729031817
444.41513,1428.0741,979.34033,1462.1904,642944729217963,642944780931556
348.63266,1540.3593,979.34033,1462.1904,642944781267702,642944833305515
383.22382,1559.987,444.41513,1462.1904,642944833481036,642944881762338
303.62738,1582.9603,383.22382,1540.3593,642944881902181,642944932677129
284.96735,1522.7109,383.22382,1522.7109,642944932856192,642944989093640
270.30524,1476.7577,303.62738,1522.7109,642944989266192,642945038531192
313.5925,1441.0271,313.5925,1522.7109,642945038834525,642945094988119
658.5254,1430.8855,313.5925,1476.7577,642945095141296,642945149051765
707.8046,1424.7035,313.5925,1441.0271,642945149189838,642945195636348
707.982,1442.2095,658.5254,1442.2095,642945195837233,642945251228535
774.82916,1569.0033,707.8046,1442.2095,642945251346140,642945303028640
794.4966,1569.3796,707.982,1442.2095,642945303208223,642945367445202
815.26984,1502.2605,774.82916,1502.2605,642945367607181,642945418236921
823.42596,1550.0044,794.4966,1502.2605,642945418406192,642945468729629
722.308,1609.2732,774.82916,1502.2605,642945468941921,642945520281712
350.6648,1117.3276,774.82916,1502.2605,642945520410462,642945576544264
470.96927,1203.7369,722.308,1502.2605,642945576821400,642945624178587
396.4999,1087.297,470.96927,1203.7369,642945625263379,642945681066660
363.69925,1339.6316,470.96927,1339.6316,642945681221869,642945731704212
348.14236,1267.4275,396.4999,1267.4275,642945731895514,642945784886973
402.28543,1091.7333,402.28543,1267.4275,642945785049473,642945835334056
585.04816,1237.5387,402.28543,1267.4275,642945835698223,642945887615150
568.50793,1480.5536,402.28543,1267.4275,642945887771921,642945937915775
610.9675,1543.6417,568.50793,1267.4275,642945938078327,642945991662910
586.24005,1544.613,568.50793,1480.5536,642945991796816,642946062271973
564.6688,1513.8535,568.50793,1513.8535,642946062546660,642946115212806
783.9063,1085.7809,568.50793,1480.5536,642946115345879,642946172525775
700.0151,874.4803,568.50793,1480.5536,642946172692493,642946219487598
701.9626,830.37994,700.0151,1085.7809,642946219649577,642946282132702
722.7622,793.97314,700.0151,874.4803,642946282224837,642946327361868
734.40906,715.05634,701.9626,830.37994,642946327477233,642946384958222
465.83713,598.2643,700.0151,793.97314,642946385281972,642946438744472
353.04083,673.2436,700.0151,715.05634,642946438897337,642946486896920
351.2238,1132.5952,465.83713,793.97314,642946487044993,642946536599524
347.96094,1026.3783,353.04083,793.97314,642946536728795,642946603682702
498.06207,887.9647,465.83713,887.9647,642946603836243,642946650296452
556.8198,534.21173,465.83713,793.97314,642946650415722,642946696360722
322.28168,715.70135,465.83713,793.97314,642946696515722,642946753502545
312.7233,857.5583,465.83713,793.97314,642946753611243,642946808437962
435.59192,609.4637,435.59192,793.97314,642946810607806,642946867300722
635.3359,846.77234,465.83713,793.97314,642946867417806,642946939161972
653.7975,980.84766,465.83713,793.97314,642946939305931,642946988818274
642.42346,1018.26843,635.3359,846.77234,642946988981868,642947046414993
651.2995,934.54877,642.42346,934.54877,642947046570774,642947097799785
658.28265,910.8734,642.42346,910.8734,642947097993066,642947150213587
670.2018,990.8163,651.2995,934.54877,642947150535826,642947193731243
854.918,1469.5397,658.28265,934.54877,642947193851712,642947242210670
804.03436,1423.0336,670.2018,990.8163,642947242313170,642947289716816
800.8888,1417.4551,800.8888,1417.4551,642947289850566,642947342480253
798.9116,1450.8782,798.9116,1417.4551,642947342660514,642947392652024
754.6527,1532.9972,798.9116,1417.4551,642947392862232,642947445021087
766.53925,1481.186,798.9116,1450.8782,642947445215774,642947497910878
850.6962,1496.2004,798.9116,1481.186,642947498060305,642947546115514
812.6078,1539.2452,798.9116,1481.186,642947546274732,642947598003534
447.22882,1448.1932,798.9116,1481.186,642947598144993,642947649780201
473.8684,1373.0319,798.9116,1481.186,642947649976920,642947701372701
585.48694,1516.6277,585.48694,1481.186,642947701505097,642947748114576
488.5544,1488.3893,585.48694,1481.186,642947748244889,642947801376086
546.25183,1469.9459,585.48694,1481.186,642947801530930,642947848820461
601.86676,1491.9683,585.48694,1481.186,642947848986607,642947897328951
713.2353,1519.7297,585.48694,1481.186,642947897845409,642947950141295
753.32904,1479.601,601.86676,1481.186,642947950557493,642947996989055
793.9715,1523.2084,713.2353,1481.186,642947997568274,642948048468795
805.22784,1504.5522,753.32904,1481.186,642948048653534,642948101076399
757.79736,1739.2361,757.79736,1504.5522,642948101224159,642948147121920
664.7808,1057.6511,753.32904,1481.186,642948147283743,642948199127961
393.82895,963.917,753.32904,1481.186,642948199299159,642948259437909
409.94287,888.62885,664.7808,1057.6511,642948259549107,642948308871659
748.82623,678.86725,748.82623,963.917,642948309057076,642948356289472
733.0851,1036.7556,733.0851,1036.7556,642948356414940,642948404981659
740.13007,1042.1652,740.13007,1036.7556,642948405108743,642948450688586
637.14496,975.2782,733.0851,1036.7556,642948450844524,642948493558951
689.0489,986.9588,733.0851,1036.7556,642948493774263,642948537229524
663.1652,989.4636,689.0489,989.4636,642948537332180,642948585080774
714.999,937.90015,714.999,989.4636,642948585290253,642948631478482
688.0006,524.6475,689.0489,989.4636,642948631596295,642948675907024
670.459,545.4769,689.0489,937.90015,642948676124576,642948725643482
708.3717,620.7015,689.0489,620.7015,642948725788794,642948770003169
742.5785,611.68207,689.0489,620.7015,642948770135201,642948818292284
674.3421,576.9467,689.0489,620.7015,642948818399315,642948867794263
728.96454,487.23227,689.0489,611.68207,642948867915878,642948914480930
717.51447,508.0704,689.0489,576.9467,642948914667232,642948965438117
792.6148,767.21704,717.51447,611.68207,642948965542336,642949019035149
786.63605,795.443,717.51447,611.68207,642949019157857,642949070646346
801.86426,680.5608,786.63605,680.5608,642949070878169,642949124172440
786.04626,640.3397,786.04626,640.3397,642949124325096,642949179387128
746.98334,617.7982,786.04626,640.3397,642949179621138,642949231754576
737.07697,649.18695,786.04626,640.3397,642949231904107,642949291289003
713.5964,582.37616,746.98334,640.3397,642949291431086,642949340874055
706.56604,602.2356,737.07697,640.3397,642949341088065,642949397581346
704.1561,583.5697,713.5964,602.2356,642949397703325,642949475287440
755.87756,725.0883,737.07697,640.3397,642949475416190,642949528401763
834.57074,939.39075,737.07697,640.3397,642949528531763,642949577403482
859.17194,1037.1537,755.87756,725.0883,642949577591398,642949641561502
884.12213,969.90015,834.57074,939.39075,642949641705825,642949696156711
920.0421,1039.5107,859.17194,969.90015,642949696312440,642949754151086
940.5616,1074.8333,884.12213,969.90015,642949754317752,642949803640565
965.8751,1197.3881,920.0421,1039.5107,642949803814211,642949854784940
982.9643,1073.7407,940.5616,1073.7407,642949854928950,642949900923794
1001.522,1122.1565,965.8751,1073.7407,642949901063742,642949947203117
1000.03876,1157.5486,982.9643,1073.7407,642949947382596,642950009042440
969.048,1321.2678,969.048,1122.1565,642950009234419,642950054115877
378.06018,1093.5441,969.048,1093.5441,642950054534367,642950109063065
427.1425,1397.8622,969.048,1122.1565,642950109186398,642950152560461
423.17334,1336.1298,427.1425,1122.1565,642950152704731,642950200749106
360.84506,1050.7256,427.1425,1122.1565,642950200853273,642950252728013
428.4474,440.82388,427.1425,1122.1565,642950252922804,642950300221450
760.5461,719.5341,427.1425,1050.7256,642950300372908,642950350274419
703.72205,800.50806,428.4474,800.50806,642950350433169,642950397626658
725.86847,713.41034,703.72205,800.50806,642950398668846,642950451416919
711.80426,690.73315,703.72205,800.50806,642950451593950,642950500346242
758.8344,715.3196,711.80426,715.3196,642950500444888,642950545663169
692.5872,725.53674,703.72205,725.53674,642950545852388,642950615632440
694.4489,688.45526,703.72205,715.3196,642950615730304,642950672363794
702.4083,696.72235,702.4083,715.3196,642950672532179,642950726178742
723.7483,717.0469,703.72205,715.3196,642950726348637,642950783477179
721.5713,730.8268,703.72205,715.3196,642950783650565,642950833716294
591.937,894.7103,703.72205,717.0469,642950834598689,642950885185617
487.25903,912.1959,703.72205,730.8268,642950885334471,642950940477804
386.46945,943.8847,591.937,894.7103,642950940692231,642950993361554
378.4367,960.9418,487.25903,912.1959,642950993563950,642951045497908
377.49408,872.09924,386.46945,894.7103,642951045637908,642951097242700
390.10458,922.52374,390.10458,912.1959,642951097375981,642951145179262
399.56085,961.5714,390.10458,912.1959,642951145343794,642951190051346
392.46008,946.2163,390.10458,922.52374,642951190184575,642951239753585
461.64188,1024.7284,392.46008,946.2163,642951239921762,642951304821033
804.3376,1115.474,392.46008,946.2163,642951304966398,642951358938481
843.7719,1006.49695,461.64188,1006.49695,642951359091606,642951414882491
827.4676,1042.1747,804.3376,1006.49695,642951414986814,642951467677648
837.3821,1081.2936,827.4676,1006.49695,642951467831554,642951512881345
870.9919,1082.864,827.4676,1042.1747,642951513026554,642951561838116
901.06885,1129.0146,837.3821,1081.2936,642951562073533,642951612591918
773.1474,1026.7291,827.4676,1042.1747,642951612825356,642951658723116
358.98737,521.19086,827.4676,1042.1747,642951658911085,642951705562648
409.29605,926.76013,773.1474,1026.7291,642951705762543,642951754306189
536.2965,866.04517,536.2965,926.76013,642951754418220,642951798649731
811.7082,978.07446,773.1474,978.07446,642951798787387,642951847762335
764.1211,1084.2108,764.1211,978.07446,642951847904262,642951897418064
841.0748,1266.031,773.1474,978.07446,642951898219991,642951948925877
807.6804,1191.3647,773.1474,1084.2108,642951949086658,642951999449574
768.8811,1222.0114,773.1474,1191.3647,642951999556606,642952053090199
753.30096,1176.2152,773.1474,1176.2152,642952053265460,642952101960043
788.4711,1152.6531,773.1474,1176.2152,642952102114106,642952147954262
785.35535,1195.5762,773.1474,1176.2152,642952148170772,642952220810304
763.16895,1245.9508,773.1474,1176.2152,642952220966918,642952283808585
813.863,1536.4375,773.1474,1195.5762,642952283961345,642952336964835
856.4321,1466.3433,773.1474,1245.9508,642952337091658,642952393961658
811.6511,1455.8085,811.6511,1455.8085,642952394092126,642952452197178
738.004,1403.6063,773.1474,1403.6063,642952452330564,642952505582803
661.34766,1419.4064,773.1474,1419.4064,642952506581085,642952573426710
557.6348,1360.7736,738.004,1403.6063,642952573564939,642952628571501
617.8293,1334.1626,661.34766,1403.6063,642952629339835,642952694845355
686.1979,845.4939,686.1979,1360.7736,642952694948480,642952745663116
672.6798,676.21387,672.6798,1334.1626,642952745786241,642952795753585
659.0056,762.5754,672.6798,845.4939,642952795884835,642952851933793
653.5386,687.6334,672.6798,762.5754,642952852754366,642952906452907
612.4138,726.3773,659.0056,762.5754,642952906577282,642952968989262
617.84076,568.67084,653.5386,726.3773,642952969138220,642953021828741
676.74805,592.2127,659.0056,726.3773,642953021999887,642953076614834
672.7087,717.8314,659.0056,717.8314,642953076739157,642953130628897
658.48206,1059.311,659.0056,726.3773,642953130841345,642953190195043
672.4353,1108.9404,659.0056,726.3773,642953190360720,642953242251761
631.2698,1234.3569,659.0056,1059.311,642953242384209,642953293614730
663.9562,1113.4653,659.0056,1108.9404,642953293805251,642953357922699
672.716,1146.3075,659.0056,1113.4653,642953358051918,642953403479209
653.6736,1086.2239,659.0056,1108.9404,642953403618324,642953459453584
723.6839,1013.98267,659.0056,1108.9404,642953459579834,642953513385147
731.6129,1020.2386,659.0056,1086.2239,642953513953897,642953562552595
719.0637,1024.4186,719.0637,1024.4186,642953562672595,642953616677647
714.2345,1003.8084,714.2345,1024.4186,642953616854782,642953669645876
705.8176,820.8498,714.2345,1024.4186,642953669758011,642953725832230
702.8319,838.89966,714.2345,1003.8084,642953725966865,642953774649782
677.38135,938.45294,705.8176,938.45294,642953775026761,642953826415720
740.74915,809.0584,714.2345,938.45294,642953826525511,642953883163324
743.65015,800.61975,714.2345,938.45294,642953883325303,642953936242595
708.36194,782.1107,714.2345,809.0584,642953936353480,642953994670407
757.45703,766.4709,714.2345,800.61975,642953995354678,642954048458167
703.2705,731.6709,714.2345,782.1107,642954049124157,642954109250980
349.57904,753.5141,714.2345,766.4709,642954109416553,642954164445511
425.08926,364.13776,703.2705,753.5141,642954165108272,642954243643063
671.23175,453.00928,671.23175,753.5141,642954243854053,642954296943949
731.47095,596.32184,703.2705,596.32184,642954297067959,642954349053949
676.0822,602.2435,676.0822,602.2435,642954349183636,642954404856292
716.79395,652.54694,703.2705,602.2435,642954404993532,642954461046709
765.6089,704.5868,703.2705,602.2435,642954461231084,642954505236865
751.59595,600.12335,716.79395,602.2435,642954505388740,642954561798480
726.4036,635.3601,726.4036,602.2435,642954562913532,642954616806084
729.63184,817.43115,726.4036,602.2435,642954616965563,642954666225198
653.01245,1076.6401,726.4036,635.3601,642954666952803,642954729383271
675.5115,1057.7877,726.4036,817.43115,642954729545980,642954805698428
682.85547,1031.7689,682.85547,1031.7689,642954805830719,642954861294782
702.17096,1046.3885,702.17096,1031.7689,642954861431396,642954917449469
673.7732,1054.8492,682.85547,1031.7689,642954917655094,642954972392438
704.62506,1094.3403,702.17096,1046.3885,642954972518688,642955020749782
869.5228,1063.349,702.17096,1054.8492,642955020871709,642955075470146
880.44415,1095.9363,704.62506,1063.349,642955075667230,642955145187073
865.56396,1067.0762,865.56396,1063.349,642955145352282,642955195480459
904.96075,1111.9539,865.56396,1067.0762,642955195657959,642955258210927
879.5475,1071.2427,865.56396,1067.0762,642955258416604,642955304897334
864.1785,1051.4083,865.56396,1067.0762,642955305046917,642955360320511
768.991,921.6497,865.56396,1067.0762,642955360496917,642955418209313
714.7897,757.1715,864.1785,1051.4083,642955418333584,642955467780302
746.14655,728.95605,768.991,921.6497,642955467988063,642955523767854
325.31555,276.21533,746.14655,757.1715,642955524540823,642955574490042
331.1939,689.77686,746.14655,728.95605,642955574671709,642955624609834
329.91568,555.9771,331.1939,689.77686,642955624934104,642955672099208
556.1906,634.544,556.1906,689.77686,642955672387802,642955730337073
779.44147,1131.845,556.1906,689.77686,642955730522281,642955800472802
688.0409,1042.6932,556.1906,689.77686,642955800617281,642955856064469
661.86993,972.2622,661.86993,972.2622,642955856937281,642955909447854
718.33984,1176.446,661.86993,972.2622,642955909630250,642955960518583
850.09564,1256.465,661.86993,972.2622,642955960657229,642956020700927
874.1629,1505.9634,718.33984,1176.446,642956020864365,642956072788635
886.15186,1446.369,850.09564,1256.465,642956072948531,642956121203219
851.5127,1483.2394,851.5127,1446.369,642956121353948,642956178529677
854.30304,1450.6245,851.5127,1446.369,642956178677333,642956229540823
823.47565,1445.2491,851.5127,1446.369,642956229715875,642956284064104
768.28156,1493.277,851.5127,1446.369,642956284656917,642956330527177
817.2032,1373.7452,823.47565,1446.369,642956330644677,642956378971031
808.94434,1389.6149,817.2032,1446.369,642956379121604,642956445068531
334.76462,1487.7183,817.2032,1446.369,642956445920771,642956491793114
410.63522,1396.3688,808.94434,1446.369,642956491922229,642956543558635
358.60767,1209.193,410.63522,1446.369,642956543720666,642956593616604
332.5264,667.3408,410.63522,1396.3688,642956593791291,642956667203010
528.8696,1132.8151,410.63522,1209.193,642956667334729,642956715891135
603.69684,1130.3732,410.63522,1132.8151,642956716076708,642956764678427
552.46594,1123.1652,528.8696,1132.8151,642956764795458,642956826749416
381.90497,695.87994,410.63522,1130.3732,642956826934052,642956877349677
362.59277,1249.0494,410.63522,1132.8151,642956877550771,642956927080093
476.05164,989.9988,410.63522,1130.3732,642956927237646,642957001399312
516.0474,1085.0032,410.63522,1130.3732,642957001547229,642957058651604
483.57373,1042.5342,476.05164,1085.0032,642957058832489,642957126213218
452.02686,981.9261,452.02686,1085.0032,642957126322437,642957183304625
484.0536,988.58136,476.05164,1042.5342,642957183438114,642957238161395
501.06696,892.2126,476.05164,988.58136,642957238298166,642957289662802
595.62683,895.22473,484.0536,988.58136,642957290815041,642957345275041
627.281,979.57446,501.06696,979.57446,642957345381343,642957402718166
602.4555,1043.1241,595.62683,988.58136,642957403639208,642957453869989
588.59766,997.7198,588.59766,988.58136,642957454268843,642957507386135
615.16406,967.22046,595.62683,988.58136,642957507580041,642957563501343
689.7535,921.4052,595.62683,988.58136,642957563624364,642957614885718
670.3661,1088.6392,615.16406,988.58136,642957615008999,642957663688270
656.018,1027.8223,656.018,988.58136,642957663835093,642957722232176
633.5912,1022.578,633.5912,1022.578,642957722433895,642957773888218
598.7661,1050.1752,633.5912,1022.578,642957774017749,642957826883947
621.1615,919.37537,633.5912,1022.578,642957827007281,642957878807853
668.88403,881.0793,633.5912,1022.578,642957879300666,642957930843114
655.8069,770.93085,633.5912,919.37537,642957930964260,642957991061447
665.0828,821.7287,655.8069,881.0793,642957991249416,642958043507645
627.40027,796.5205,633.5912,821.7287,642958043752437,642958094925405
606.8135,873.13995,633.5912,873.13995,642958095058218,642958147695822
612.8902,802.23987,627.40027,821.7287,642958147852437,642958193613530
593.39514,818.18207,612.8902,821.7287,642958193822905,642958248221291
436.74664,977.60254,612.8902,821.7287,642958248345041,642958296486082
314.57074,1045.6655,593.39514,821.7287,642958296598582,642958348048791
243.99559,1037.765,436.74664,977.60254,642958349211499,642958400686760
272.9129,1063.3434,314.57074,1037.765,642958400807332,642958454012645
497.94702,1046.5358,436.74664,1037.765,642958454197905,642958531654884
662.5107,1004.4946,436.74664,1037.765,642958531787645,642958594916968
875.4566,962.31036,497.94702,1037.765,642958595064676,642958652113530
922.00256,1006.7699,662.5107,1006.7699,642958652337020,642958699915561
950.6356,1050.5707,875.4566,1037.765,642958700088895,642958753108843
944.4586,988.1466,922.00256,1006.7699,642958753327489,642958810163895
954.2303,957.3964,944.4586,1006.7699,642958810275301,642958858078739
762.8372,928.43365,922.00256,988.1466,642958858233999,642958910068426
711.37585,889.6036,922.00256,957.3964,642958910204936,642958959339416
712.1283,902.25244,762.8372,928.43365,642958959488478,642959006361916
717.30304,1012.612,717.30304,957.3964,642959006705405,642959058183426
673.9872,975.10516,717.30304,957.3964,642959058303947,642959137755145
749.7722,1070.6118,717.30304,975.10516,642959137926134,642959184704780
740.52185,1065.3383,717.30304,975.10516,642959184936811,642959231146551
766.9875,1046.0895,740.52185,1046.0895,642959231387020,642959281916863
751.55084,894.17694,740.52185,975.10516,642959282140457,642959338745457
624.5924,566.59186,740.52185,975.10516,642959338906290,642959387523738
672.2353,490.8951,740.52185,894.17694,642959387694051,642959464372072
811.41895,249.87123,740.52185,566.59186,642959464520509,642959514410822
884.17114,159.4096,740.52185,490.8951,642959514536603,642959562913634
874.6043,182.52194,811.41895,249.87123,642959563108999,642959614188269
884.8515,223.69397,874.6043,223.69397,642959614403894,642959663961447
872.6476,217.85588,872.6476,223.69397,642959664103790,642959708701759
868.5117,154.7701,872.6476,223.69397,642959708924207,642959766890144
859.55396,178.80556,872.6476,217.85588,642959767120301,642959823030092
843.561,165.22252,868.5117,178.80556,642959823332644,642959882100457
836.66034,140.94888,859.55396,178.80556,642959882261967,642959941309571
841.95233,137.89354,843.561,165.22252,642959941427436,642959994926446
845.33954,100.01779,845.33954,140.94888,642959995053061,642960044146915
829.24316,131.31046,843.561,137.89354,642960044263009,642960093638373
852.83514,190.30733,845.33954,140.94888,642960093772801,642960151761082
866.4571,175.39757,845.33954,140.94888,642960151939623,642960204070926
860.0574,163.34366,852.83514,163.34366,642960204680978,642960251657800
864.19073,88.62053,860.0574,140.94888,642960251829363,642960304332228
879.7385,75.59797,860.0574,140.94888,642960304443217,642960355776655
899.0104,106.384186,864.19073,106.384186,642960355897071,642960412691134
876.71783,123.947365,876.71783,123.947365,642960412816498,642960459605873
852.9517,109.94875,864.19073,109.94875,642960459742019,642960513099727
846.1701,128.11223,864.19073,123.947365,642960513226030,642960569291655
836.52405,107.475945,852.9517,109.94875,642960569450717,642960633654780
845.4346,118.81511,846.1701,118.81511,642960633864363,642960697738373
867.2869,228.2231,852.9517,118.81511,642960697958946,642960760483582
708.73,1275.6934,846.1701,118.81511,642960760639415,642960813049675
719.33594,1233.9615,846.1701,228.2231,642960813922227,642960859667904
692.3475,1234.6862,719.33594,1233.9615,642960859819675,642960917549988
727.5396,1322.0272,727.5396,1233.9615,642960917740040,642960968383738
753.81067,1484.9272,727.5396,1234.6862,642960968553165,642961019367279
801.36743,1517.7148,727.5396,1322.0272,642961019552540,642961065082279
843.8898,1485.7307,753.81067,1484.9272,642961065272175,642961117733165
807.4562,1491.4569,801.36743,1485.7307,642961117868217,642961169403790
782.499,1514.8712,782.499,1485.7307,642961169546238,642961215838321
868.4357,1561.7466,801.36743,1491.4569,642961215999154,642961268122331
891.59503,1592.4397,801.36743,1514.8712,642961268302904,642961336413217
901.4056,1551.4816,868.4357,1551.4816,642961336610196,642961387431602
867.0584,1621.2762,867.0584,1551.4816,642961387696602,642961441357435
869.2529,1644.5634,868.4357,1551.4816,642961441559727,642961491331810
828.49,1597.6055,867.0584,1597.6055,642961492064363,642961546752956
820.12213,1545.0237,867.0584,1551.4816,642961546901133,642961592419310
818.1527,1624.1696,828.49,1597.6055,642961592569362,642961646886029
865.3805,1566.104,865.3805,1566.104,642961647311394,642961701073425
836.8517,1523.5466,836.8517,1566.104,642961701249935,642961748733581
822.39667,1577.3224,836.8517,1566.104,642961748946550,642961801688842
813.62134,1552.7106,836.8517,1566.104,642961801817279,642961856683217
864.2449,1638.8436,836.8517,1566.104,642961856822435,642961908269935
811.1727,1623.7683,836.8517,1566.104,642961908462904,642961961040664
828.7245,1712.8982,836.8517,1623.7683,642961961166446,642962013759883
895.1362,1779.126,836.8517,1623.7683,642962013883008,642962067787956
887.05365,1757.2958,836.8517,1712.8982,642962067904102,642962120503946
870.9499,1660.0657,870.9499,1660.0657,642962120746029,642962171573112
853.52814,1699.386,853.52814,1699.386,642962171726602,642962221173112
854.5463,1641.8169,854.5463,1660.0657,642962221322383,642962274636081
882.3947,1693.2322,854.5463,1693.2322,642962274766498,642962326237904
865.6193,1667.8357,854.5463,1667.8357,642962326372071,642962407599050
897.1061,1733.9904,865.6193,1693.2322,642962407723425,642962459712227
871.24945,1632.0135,865.6193,1667.8357,642962459873998,642962517003685
764.35284,1231.2966,865.6193,1667.8357,642962517169883,642962569866550
755.18964,1225.0623,865.6193,1632.0135,642962570512123,642962634106602
751.8899,1005.5239,764.35284,1231.2966,642962634304466,642962682208372
794.5962,900.979,794.5962,1225.0623,642962682392070,642962737538268
797.4741,928.5956,794.5962,1005.5239,642962737671497,642962790327643
785.0582,925.6379,794.5962,928.5956,642962790463581,642962858969831
782.8857,848.4831,794.5962,928.5956,642962859529518,642962911622904
773.50226,236.20345,785.0582,925.6379,642962911806549,642962963720299
758.2302,123.8192,782.8857,848.4831,642962963901029,642963021510768
745.3167,115.1956,773.50226,236.20345,642963021651654,642963096590872
755.3986,133.83571,758.2302,133.83571,642963096822695,642963154682122
826.1872,146.53973,773.50226,146.53973,642963154820351,642963208916341
825.3643,152.68727,773.50226,146.53973,642963209114414,642963270193060
832.3898,152.14648,825.3643,146.53973,642963270333216,642963333041445
780.8035,184.13101,780.8035,152.14648,642963334044935,642963389306862
740.0172,171.36954,780.8035,152.14648,642963389446445,642963444656185
725.27136,173.42674,780.8035,171.36954,642963444853581,642963497480091
716.1627,197.66191,740.0172,171.36954,642963497615976,642963559469205
824.18634,153.10294,780.8035,171.36954,642963559625924,642963615926237
845.3976,123.89733,780.8035,171.36954,642963616158216,642963672399049
831.6766,167.51283,824.18634,167.51283,642963672542383,642963730483737
846.36115,112.56623,831.6766,167.51283,642963730624935,642963789213580
841.2389,140.72562,831.6766,167.51283,642963789343372,642963840731341
856.7254,134.821,841.2389,140.72562,642963841150039,642963891307330
848.84247,80.5363,841.2389,140.72562,642963891470872,642963949374882
848.65283,135.00854,848.65283,135.00854,642963949492799,642963996433841
844.9822,152.07907,844.9822,140.72562,642963996611393,642964053865872
745.0924,203.16347,844.9822,140.72562,642964053985299,642964106734882
748.673,175.50682,844.9822,152.07907,642964106885299,642964156193112
746.6414,125.59196,748.673,140.72562,642964156299882,642964204842643
735.2015,152.77414,748.673,152.07907,642964205001653,642964262553476
720.7183,126.692825,746.6414,140.72562,642964262727903,642964319201705
828.87695,387.46967,748.673,152.07907,642964319433580,642964365905299
902.1671,1495.4237,748.673,152.07907,642964366030039,642964413618684
890.4452,1513.578,828.87695,387.46967,642964414080247,642964464281028
893.05304,1464.9987,890.4452,1464.9987,642964464410716,642964523922903
897.4365,1510.1129,890.4452,1464.9987,642964524134726,642964571873632
909.3903,1551.0814,893.05304,1464.9987,642964572051288,642964619025924
879.76184,1465.6067,890.4452,1465.6067,642964619155507,642964668280924
803.2226,1503.8356,890.4452,1465.6067,642964668406340,642964724132590
795.8933,1585.5685,879.76184,1465.6067,642964724359934,642964779390038
774.15186,1534.9928,803.2226,1503.8356,642964779529518,642964828299413
780.77356,1575.0287,795.8933,1534.9928,642964828441445,642964884748528
760.763,1538.039,780.77356,1534.9928,642964884904205,642964947938163
769.2572,1591.6638,780.77356,1538.039,642964948095195,642965004179986
814.81964,478.68085,780.77356,1534.9928,642965004299465,642965061096861
842.6428,400.26556,780.77356,1534.9928,642965061215247,642965117215351
829.804,439.22662,814.81964,478.68085,642965117324569,642965171104205
834.61615,462.9963,829.804,462.9963,642965171260142,642965228913424
815.75964,399.37128,815.75964,462.9963,642965229141080,642965283437174
792.1831,370.6638,815.75964,462.9963,642965283548580,642965348343840
678.8629,256.06088,815.75964,399.37128,642965348463580,642965403229934
694.06415,223.38776,792.1831,370.6638,642965403384621,642965451670142
661.1326,146.45898,694.06415,256.06088,642965451802746,642965504888632
675.91565,182.44441,694.06415,223.38776,642965505768892,642965566350715
703.07446,149.10864,694.06415,182.44441,642965566502955,642965620424986
644.78754,180.30185,694.06415,182.44441,642965620565663,642965674868007
667.3277,211.3489,694.06415,182.44441,642965675593267,642965723058996
736.3524,193.3181,694.06415,182.44441,642965723195975,642965769065715
745.6394,225.35939,694.06415,193.3181,642965769214361,642965827304778
739.14496,218.06424,736.3524,193.3181,642965828686653,642965882767694
756.5989,249.48137,739.14496,218.06424,642965882906861,642965929507382
760.4996,237.23822,739.14496,218.06424,642965929670507,642966010202798
743.57275,186.74586,743.57275,218.06424,642966010354934,642966059761132
734.12366,223.93777,739.14496,218.06424,642966059938736,642966115058996
739.3013,226.28258,739.3013,218.06424,642966115218371,642966171869413
743.303,1309.9305,739.3013,223.93777,642966172162486,642966219859882
704.4489,1267.136,739.3013,226.28258,642966220271861,642966270763579
733.3059,1266.3868,739.3013,1266.3868,642966270946652,642966328837329
653.30554,677.2162,733.3059,677.2162,642966328962746,642966383674152
694.6134,447.67645,733.3059,677.2162,642966383799413,642966438001288
680.96326,427.15253,694.6134,677.2162,642966438213215,642966499609517
719.74097,366.95102,719.74097,447.67645,642966499724152,642966557171392
722.2547,301.84833,719.74097,427.15253,642966558062642,642966612517017
719.95917,311.14716,719.74097,366.95102,642966612714152,642966672098579
739.0781,246.65927,719.95917,311.14716,642966672240402,642966725569100
713.5421,269.72757,719.74097,311.14716,642966725748892,642966786295715
728.3033,229.4914,719.95917,269.72757,642966786417069,642966829814360
700.88086,283.7807,719.74097,283.7807,642966829993423,642966885751913
744.25604,216.11943,719.95917,269.72757,642966885888475,642966935439621
719.7991,310.3938,719.7991,283.7807,642966935596496,642966984957538
806.6195,1217.6014,719.95917,283.7807,642966985179360,642967030840246
716.6852,1779.4028,719.7991,310.3938,642967030942329,642967079205142
703.2191,1812.297,719.7991,1217.6014,642967079385194,642967127429725
800.1119,1633.1157,719.7991,1633.1157,642967128217954,642967186178006
879.06696,1599.966,719.7991,1599.966,642967186461340,642967240322277
977.48535,1556.386,800.1119,1599.966,642967241019829,642967294532069
978.0333,1472.1321,879.06696,1599.966,642967294636652,642967343438683
1000.89197,1531.1138,977.48535,1556.386,642967343640246,642967416159881
977.99023,1656.8661,977.99023,1599.966,642967416289517,642967483805662
988.27155,1640.2996,977.99023,1599.966,642967484527121,642967530518787
997.4582,1640.6654,977.99023,1640.2996,642967530662485,642967584222902
950.3128,1563.1936,977.99023,1599.966,642967584376183,642967643756600
464.64902,1591.7887,977.99023,1599.966,642967643864308,642967690611496
389.1225,1564.5377,950.3128,1591.7887,642967690738058,642967749469985
359.82483,1550.3567,464.64902,1591.7887,642967749870246,642967809407329
332.34216,1526.4191,389.1225,1564.5377,642967809563475,642967857574725
327.4268,1516.9907,359.82483,1550.3567,642967857748787,642967905838735
346.8822,1631.5714,346.8822,1564.5377,642967906006704,642967960421079
329.8579,1566.1855,346.8822,1564.5377,642967960543110,642968016298214
304.26205,1558.5087,346.8822,1564.5377,642968016412693,642968063502641
303.12653,1528.1627,329.8579,1564.5377,642968063610870,642968118721183
312.398,1580.7616,312.398,1564.5377,642968118832120,642968166242693
352.77484,1561.2688,329.8579,1564.5377,642968166410245,642968226095297
614.7141,1617.8052,329.8579,1564.5377,642968226222693,642968277260766
815.8894,1633.6864,352.77484,1564.5377,642968277371808,642968329704256
905.8057,1671.4856,614.7141,1617.8052,642968329853110,642968381654204
937.4491,1619.2389,815.8894,1619.2389,642968381847016,642968426758579
907.0204,1607.876,905.8057,1617.8052,642968426938318,642968473096287
959.141,1620.5017,907.0204,1619.2389,642968473281391,642968523749360
988.4459,1595.0831,907.0204,1617.8052,642968523875297,642968572425349
957.88116,1641.3188,957.88116,1619.2389,642968572627016,642968618785454
956.45667,1640.4714,956.45667,1619.2389,642968618907172,642968692712381
999.3659,1632.885,957.88116,1632.885,642968692859308,642968749423526
986.51807,1581.7833,957.88116,1619.2389,642968749580766,642968795019881
971.6036,1549.1593,971.6036,1619.2389,642968795224151,642968851865870
977.681,1610.9753,971.6036,1610.9753,642968852120297,642968908319881
985.23145,1645.6184,971.6036,1619.2389,642968908462797,642968969308474
983.3715,1610.5228,977.681,1610.9753,642968969538683,642969029012797
987.55084,1603.7174,983.3715,1610.9753,642969029129568,642969087758110
765.3939,533.7628,977.681,1610.5228,642969087898526,642969147621391
781.1173,322.70407,977.681,1603.7174,642969147751755,642969194167849
780.4655,256.33673,781.1173,533.7628,642969194301755,642969253018630
751.97375,222.30862,781.1173,322.70407,642969253768266,642969306770037
806.6655,236.64651,781.1173,256.33673,642969306901495,642969357788630
787.58875,235.27107,781.1173,236.64651,642969357939932,642969414151807
721.62354,226.36774,781.1173,236.64651,642969414933734,642969473908318
710.08813,252.33592,781.1173,236.64651,642969474037276,642969529600662
686.73566,559.6629,721.62354,236.64651,642969529735349,642969585651807
704.63074,710.3786,710.08813,252.33592,642969585828891,642969640948578
671.1162,735.6263,704.63074,559.6629,642969641068786,642969691855245
665.5447,683.8439,704.63074,683.8439,642969691992641,642969749830036
634.19025,711.249,671.1162,683.8439,642969750023161,642969803999411
666.3445,693.4631,666.3445,683.8439,642969804605245,642969854047693
684.3869,787.1093,671.1162,693.4631,642969854195974,642969908558995
789.56946,389.83194,671.1162,683.8439,642969908682953,642969961142380
791.9458,323.50195,684.3869,683.8439,642969961290036,642970013346130
752.9908,250.03516,752.9908,389.83194,642970013663578,642970060053422
746.08215,260.76697,746.08215,323.50195,642970060186963,642970113866755
761.6936,194.70427,752.9908,260.76697,642970114024932,642970175162380
728.11914,208.18146,746.08215,260.76697,642970175293786,642970229806130
683.65735,249.8477,746.08215,249.8477,642970229941703,642970290776599
661.21356,226.26137,728.11914,249.8477,642970290908942,642970346382224
693.7083,251.17584,693.7083,249.8477,642970346486442,642970416364672
645.4288,239.98418,693.7083,249.8477,642970416651807,642970475061442
705.5966,254.3021,693.7083,249.8477,642970475190088,642970535367380
788.757,189.70032,693.7083,249.8477,642970535495036,642970588338942
820.03217,183.23137,705.5966,249.8477,642970588455140,642970644480609
824.6315,163.76485,788.757,189.70032,642970644643474,642970704112172
750.64703,613.2431,750.64703,249.8477,642970704233786,642970757467640
715.55194,1476.2662,750.64703,249.8477,642970757583942,642970819938578
704.30865,1433.8373,750.64703,613.2431,642970820106859,642970873565713
725.1037,1484.527,725.1037,1433.8373,642970874726651,642970931080609
724.8001,1360.752,725.1037,1360.752,642970931290088,642970987887380
701.9973,1316.5718,725.1037,1360.752,642970988088942,642971045337901
706.2714,1269.844,724.8001,1360.752,642971045468213,642971096361026
732.9782,1294.9983,725.1037,1316.5718,642971096564515,642971149582536
679.8479,1348.6462,724.8001,1348.6462,642971149780817,642971205134828
680.62195,1383.5309,724.8001,1348.6462,642971205636755,642971262143578
734.8628,1326.5737,724.8001,1348.6462,642971262369932,642971321987953
737.45935,1282.7676,724.8001,1348.6462,642971322296338,642971371634411
739.64,1303.4296,734.8628,1326.5737,642971371763890,642971420413734
749.14874,1369.6206,737.45935,1348.6462,642971422221755,642971482156182
691.34485,1327.3041,734.8628,1327.3041,642971482932744,642971535602484
721.9812,1312.8909,734.8628,1327.3041,642971535786755,642971588275140
737.09015,1295.4789,734.8628,1327.3041,642971588396442,642971641986025
755.65936,1373.9216,734.8628,1327.3041,642971642117588,642971698832744
749.37665,1369.3008,737.09015,1327.3041,642971699065400,642971753245713
719.8457,1389.6497,734.8628,1369.3008,642971753368577,642971823017015
744.562,1289.0863,737.09015,1327.3041,642971823161077,642971878993421
724.4838,1404.2183,734.8628,1369.3008,642971879226338,642971931056077
756.7974,1399.5563,737.09015,1369.3008,642971931238421,642971993957900
871.20764,1455.5372,737.09015,1399.5563,642971994191442,642972055314515
891.11176,1465.0002,756.7974,1399.5563,642972055455973,642972114282483
894.7065,1536.0393,871.20764,1455.5372,642972114485244,642972164043577
885.67346,1482.1155,885.67346,1465.0002,642972164710036,642972226030713
886.1138,1548.7802,885.67346,1482.1155,642972226197900,642972279944567
902.12866,1558.3208,885.67346,1482.1155,642972280110400,642972331167640
915.44366,1492.9269,886.1138,1492.9269,642972331376598,642972389530869
859.5164,1480.2521,885.67346,1482.1155,642972389663785,642972437511181
858.2876,1502.8022,885.67346,1492.9269,642972437695817,642972491700504
878.6455,1472.6965,878.6455,1482.1155,642972491879827,642972539379671
896.8944,1553.9636,885.67346,1492.9269,642972539523056,642972596938108
868.5347,1512.7059,878.6455,1492.9269,642972598377275,642972648514879
868.5928,1390.0414,878.6455,1492.9269,642972649679931,642972714387744
837.1548,1460.4601,868.5928,1492.9269,642972714495087,642972772254827
834.30054,1544.3029,868.5928,1492.9269,642972772430244,642972821394410
833.61145,1518.6464,837.1548,1492.9269,642972821524879,642972882391702
768.7398,1053.3295,834.30054,1492.9269,642972882509514,642972936900087
811.5306,1069.1864,833.61145,1492.9269,642972937057848,642972988708785
772.72876,992.4094,811.5306,1069.1864,642972988841702,642973045119879
810.5208,1085.4911,811.5306,1085.4911,642973045360296,642973097554619
808.57355,1039.1785,810.5208,1069.1864,642973098115608,642973162083785
793.8017,945.3354,810.5208,1069.1864,642973162663473,642973225201181
763.3434,958.37,808.57355,1039.1785,642973225408316,642973288414827
666.44916,789.76654,793.8017,958.37,642973288529983,642973339411389
365.0079,616.06305,763.3434,958.37,642973339613889,642973396983056
812.38745,408.2349,793.8017,789.76654,642973397108004,642973453435348
844.55096,255.02725,793.8017,616.06305,642973453570504,642973505289931
851.3025,172.6368,812.38745,408.2349,642973505426910,642973559259254
843.9555,178.30312,843.9555,255.02725,642973559383316,642973630763785
794.5812,155.74768,812.38745,178.30312,642973630890608,642973685374827
758.0679,110.20489,812.38745,178.30312,642973685495087,642973746119150
743.1731,126.66423,794.5812,155.74768,642973746243681,642973797976702
730.7683,87.29629,758.0679,126.66423,642973798115347,642973860318108
725.2721,136.47809,743.1731,136.47809,642973860490660,642973914078785
745.61975,165.50671,745.61975,136.47809,642973915281754,642973970808056
736.50574,81.3021,743.1731,136.47809,642973970951649,642974029725243
826.3348,81.51111,745.61975,136.47809,642974029953837,642974086969097
828.7168,55.22784,745.61975,81.51111,642974087087379,642974140180660
832.10315,74.7873,826.3348,81.51111,642974140402118,642974197010243
821.8878,125.41366,821.8878,81.51111,642974197131962,642974254035712
831.1891,104.95686,826.3348,81.51111,642974254525660,642974300940295
814.27313,104.00579,821.8878,104.00579,642974301086493,642974361483681
833.8279,109.13029,826.3348,104.00579,642974361633524,642974410537483
828.6587,143.98347,826.3348,104.00579,642974410640608,642974457747014
886.7007,1453.3489,828.6587,109.13029,642974457875764,642974514606389
895.5579,1440.1581,828.6587,143.98347,642974514785712,642974570049149
893.3537,1421.5123,886.7007,1421.5123,642974570194097,642974623592326
904.6856,1427.5973,893.3537,1421.5123,642974623804722,642974675278420
923.09235,1468.7048,893.3537,1421.5123,642974675452066,642974731383524
812.2371,1420.4833,893.3537,1421.5123,642974732136337,642974787426910
772.42017,1489.487,893.3537,1421.5123,642974788304930,642974841691389
802.21674,1533.6832,812.2371,1421.5123,642974841867691,642974892178159
757.4878,1461.7545,802.21674,1461.7545,642974892374826,642974939042691
734.7834,1554.3683,802.21674,1461.7545,642974939295243,642974989800920
735.6472,1509.5377,757.4878,1461.7545,642974990023107,642975044592691
574.8971,1634.3148,735.6472,1509.5377,642975044780451,642975099682118
472.021,1721.4666,735.6472,1509.5377,642975099821284,642975151780034
470.58322,1690.7076,574.8971,1634.3148,642975151898993,642975202026128
511.76337,1759.9335,511.76337,1690.7076,642975202163576,642975259114670
451.8298,1712.6477,511.76337,1690.7076,642975259251961,642975307801128
442.61957,1657.4594,511.76337,1690.7076,642975307958524,642975359390243
515.86975,1666.5624,511.76337,1690.7076,642975359581545,642975414162899
603.1511,1675.6464,511.76337,1675.6464,642975414282326,642975469256232
761.8956,1635.9894,515.86975,1675.6464,642975470104774,642975516934878
800.44336,1677.2632,603.1511,1675.6464,642975517108472,642975569144461
819.3525,1630.5974,761.8956,1675.6464,642975569998888,642975625245347
802.4374,1653.0314,800.44336,1675.6464,642975626167326,642975683213836
816.9893,1629.462,802.4374,1653.0314,642975683357065,642975758107795
765.45154,1513.7623,800.44336,1653.0314,642975758221649,642975811805503
727.91156,1472.7974,800.44336,1629.462,642975811909461,642975868060086
743.6748,1442.3641,765.45154,1513.7623,642975868228211,642975921812274
708.6579,1394.8047,743.6748,1472.7974,642975921931857,642975974130867
707.61926,1441.2871,743.6748,1442.3641,642975975459253,642976034597742
721.05817,1423.4604,721.05817,1441.2871,642976034735607,642976086539878
700.339,1427.0502,721.05817,1441.2871,642976086666076,642976137638732
720.3719,1594.3535,721.05817,1441.2871,642976138449044,642976192672534
798.03235,1619.2373,721.05817,1441.2871,642976192834565,642976277838315
747.8744,1647.4292,721.05817,1594.3535,642976277966701,642976333439305
608.05334,1229.1484,721.05817,1441.2871,642976333568263,642976389637482
587.46875,1041.241,721.05817,1441.2871,642976389755242,642976455553732
610.5233,1168.2919,610.5233,1229.1484,642976455699461,642976511915555
618.6213,1061.2633,618.6213,1168.2919,642976512159409,642976567886701
550.0894,1047.1783,610.5233,1168.2919,642976568042690,642976620582846
599.4645,1060.4808,610.5233,1061.2633,642976620776336,642976668086805
591.1317,985.9258,599.4645,1060.4808,642976668294409,642976716398523
604.01086,797.1713,604.01086,1060.4808,642976717490711,642976763801805
575.56006,806.79565,599.4645,985.9258,642976764078419,642976818705138
609.49634,785.4459,604.01086,806.79565,642976818866440,642976873433575
608.3182,778.9797,604.01086,806.79565,642976873613523,642976925369148
638.777,687.44867,608.3182,785.4459,642976925524721,642976975889982
599.2984,751.4693,604.01086,778.9797,642976976055659,642977031894200
288.83878,1036.1519,604.01086,785.4459,642977032064617,642977088679409
233.35835,1189.8977,599.2984,785.4459,642977088831440,642977132585919
293.0059,1116.4309,293.0059,1036.1519,642977132715086,642977190663888
399.104,916.1263,399.104,916.1263,642977190783471,642977249887221
592.96106,1175.2002,399.104,1036.1519,642977250105398,642977297138627
465.61063,1228.846,399.104,1036.1519,642977297295815,642977353162950
395.8172,1170.3435,399.104,1170.3435,642977353295502,642977406229096
646.1382,1167.9265,399.104,1167.9265,642977406376127,642977453403888
895.3872,1039.4177,399.104,1167.9265,642977453588940,642977498386648
963.3499,1136.063,646.1382,1167.9265,642977498509461,642977555331283
961.71423,1156.1357,895.3872,1156.1357,642977555447273,642977616442533
978.88904,1102.5371,961.71423,1156.1357,642977616631544,642977665445190
1015.6882,1119.4015,961.71423,1156.1357,642977666104773,642977722565867
780.1174,1183.2501,961.71423,1156.1357,642977722721283,642977785215815
455.83337,1203.8158,961.71423,1156.1357,642977785496544,642977835998419
427.97684,1169.3679,780.1174,1169.3679,642977836222898,642977886255971
397.6099,1156.8649,455.83337,1156.8649,642977886790398,642977933814669
280.76022,1320.9838,427.97684,1169.3679,642977933948940,642977988769929
227.45569,1268.351,397.6099,1169.3679,642977988921335,642978062353419
216.60954,1200.5631,280.76022,1200.5631,642978062487690,642978126694304
180.89917,1227.6016,227.45569,1200.5631,642978127357325,642978179402221
262.37225,1135.3632,262.37225,1200.5631,642978179537117,642978234058314
423.72086,1100.75,262.37225,1200.5631,642978234212481,642978289090346
426.6356,1162.0818,262.37225,1162.0818,642978289203158,642978347822950
830.5988,1160.7294,423.72086,1162.0818,642978348490189,642978398968002
893.7473,1156.5486,426.6356,1162.0818,642978399135398,642978453898210
920.2939,1218.623,830.5988,1162.0818,642978454031700,642978512152012
879.54266,1132.416,879.54266,1162.0818,642978512287846,642978565298262
878.85016,1212.4625,878.85016,1162.0818,642978565468366,642978617924616
850.49567,1171.7325,878.85016,1162.0818,642978618032377,642978667096023
814.50665,1262.2235,878.85016,1171.7325,642978667236908,642978724521023
817.8778,1210.3921,850.49567,1171.7325,642978724669721,642978774227637
827.4862,1330.3337,827.4862,1210.3921,642978774391543,642978828236387
819.9809,1210.9618,827.4862,1210.3921,642978828516023,642978883216023
830.4239,1100.5182,827.4862,1210.3921,642978883333418,642978931759043
787.49835,1156.4385,827.4862,1210.3921,642978931976387,642978987118575
709.49744,1014.9514,827.4862,1156.4385,642978987300554,642979033445762
710.4348,960.25433,787.49835,1156.4385,642979033674564,642979090230450
655.0225,888.1888,710.4348,1014.9514,642979090368158,642979138640918
649.90625,938.23193,710.4348,960.25433,642979138764200,642979190879668
675.09424,945.8364,675.09424,945.8364,642979190991960,642979238213054
648.6281,371.4817,675.09424,945.8364,642979239254772,642979289866595
620.0683,259.73022,675.09424,945.8364,642979290065293,642979335896387
619.2979,251.05786,648.6281,371.4817,642979336174616,642979384267429
610.2078,301.4751,620.0683,301.4751,642979384502377,642979428156856
604.1965,245.67474,619.2979,301.4751,642979428347116,642979481067741
629.1416,308.41074,620.0683,301.4751,642979481237637,642979529470189
695.38184,174.1298,620.0683,301.4751,642979529633731,642979577635762
791.29333,223.29869,629.1416,301.4751,642979577925189,642979624262533
780.36426,233.97604,695.38184,233.97604,642979624438470,642979674394251
804.8025,238.8862,780.36426,238.8862,642979675431439,642979719146074
756.5688,266.05093,756.5688,238.8862,642979719296387,642979765896387
709.1787,1480.7245,756.5688,238.8862,642979766017689,642979847116856
708.01306,1392.9366,756.5688,266.05093,642979847272116,642979899630137
729.2407,1452.9213,729.2407,1392.9366,642979900043262,642979960684251
681.6539,1421.6669,729.2407,1392.9366,642979961125085,642980022769460
542.63275,1449.5857,729.2407,1421.6669,642980022893835,642980069508366
553.4496,1480.4849,681.6539,1421.6669,642980069755449,642980128999199
488.6328,1376.2766,553.4496,1421.6669,642980129215814,642980186103991
531.82947,1538.6685,553.4496,1421.6669,642980186208366,642980246383157
593.7013,1506.806,553.4496,1421.6669,642980246568053,642980299172532
518.46954,1539.2325,553.4496,1506.806,642980299361907,642980349216855
507.25616,1499.8259,553.4496,1499.8259,642980349345345,642980395210605
516.47394,1514.21,518.46954,1506.806,642980395405605,642980444774251
496.07056,1473.3239,516.47394,1499.8259,642980445068522,642980499194043
527.29376,1568.993,518.46954,1506.806,642980499366699,642980557840970
489.1569,1549.85,516.47394,1506.806,642980557969095,642980607667064
496.16052,1518.7576,516.47394,1518.7576,642980607784511,642980659016699
517.5944,1592.5953,516.47394,1518.7576,642980659169043,642980713672532
529.81433,1602.3094,516.47394,1518.7576,642980713782741,642980760824668
525.4854,1601.0044,517.5944,1592.5953,642980761019876,642980818128626
497.14255,1586.3964,516.47394,1586.3964,642980818243782,642980876379563
502.81042,1412.07,516.47394,1586.3964,642980876541543,642980922832949
703.2222,295.68588,516.47394,1586.3964,642980922951282,642980991218313
711.63904,316.49597,516.47394,1412.07,642980991332845,642981035841074
725.81464,336.14996,703.2222,336.14996,642981035992011,642981085824720
651.2856,284.4494,651.2856,336.14996,642981085939928,642981132641647
621.09485,204.1163,651.2856,336.14996,642981133534303,642981187105345
645.63354,285.8875,651.2856,285.8875,642981187233626,642981239562115
658.043,222.99123,651.2856,285.8875,642981239708261,642981286063470
654.98004,221.02672,651.2856,285.8875,642981286231855,642981340794511
689.4064,272.28366,654.98004,272.28366,642981340995553,642981390044511
716.59973,299.63535,654.98004,285.8875,642981390167480,642981449520865
678.48035,309.67743,678.48035,285.8875,642981450052688,642981516381438
633.91956,240.0488,654.98004,285.8875,642981516499719,642981565964355
706.9723,261.20227,678.48035,285.8875,642981566129980,642981623907584
669.6714,290.79132,669.6714,285.8875,642981624125865,642981686536542
667.5654,333.5379,669.6714,285.8875,642981686677428,642981744317792
685.7747,316.53055,669.6714,290.79132,642981744484303,642981793388990
674.1549,276.40997,669.6714,285.8875,642981793621542,642981850498574
645.8975,308.52768,669.6714,290.79132,642981850638365,642981896230448
736.89526,1147.0183,669.6714,290.79132,642981896411855,642981953073261
624.8161,1517.4844,669.6714,308.52768,642981953186803,642982010086126
613.9138,1548.3899,669.6714,1147.0183,642982010228573,642982059713261
608.53723,1523.9027,624.8161,1517.4844,642982060108938,642982119054198
589.2888,1505.5455,613.9138,1505.5455,642982119181594,642982170910396
511.36798,1416.2598,608.53723,1505.5455,642982171065032,642982216344667
519.09656,1405.3905,589.2888,1505.5455,642982216478834,642982264954928
508.45572,1359.6193,519.09656,1416.2598,642982265074146,642982324530084
521.77905,1452.4133,521.77905,1452.4133,642982324749407,642982378367740
481.85638,1470.628,519.09656,1452.4133,642982378516646,642982426924667
565.702,1283.4196,521.77905,1452.4133,642982427067219,642982484544198
728.3709,1087.6501,521.77905,1452.4133,642982484696750,642982542415240
697.2624,1010.4499,565.702,1283.4196,642982542624823,642982592934667
700.3153,1048.981,697.2624,1087.6501,642982593109511,642982651748677
716.26556,1067.7208,697.2624,1067.7208,642982651860136,642982698674615
772.8262,1165.59,700.3153,1087.6501,642982698806334,642982757461125
734.3751,1117.1064,716.26556,1087.6501,642982757672948,642982814644875
747.6687,1067.4332,734.3751,1087.6501,642982814897792,642982875786906
730.38214,331.9701,730.38214,1087.6501,642982875984250,642982925010084
755.38525,361.49042,734.3751,1067.4332,642982925218521,642982978762271
695.2497,374.61346,730.38214,374.61346,642982978952063,642983030678156
685.80835,339.1286,730.38214,374.61346,642983030779823,642983087761386
727.07697,332.2553,727.07697,374.61346,642983087942271,642983143415083
717.10693,304.60587,727.07697,339.1286,642983143602531,642983196566073
681.743,304.56903,727.07697,332.2553,642983196673677,642983248542635
694.412,281.42294,717.10693,304.60587,642983248699563,642983293624927
711.3511,338.931,711.3511,332.2553,642983293818417,642983350329094
720.3972,315.26465,717.10693,315.26465,642983350468104,642983405950760
715.14056,321.40543,715.14056,321.40543,642983406183729,642983460036698
741.05396,323.63715,717.10693,321.40543,642983460165083,642983514009979
751.095,342.00082,717.10693,321.40543,642983514133156,642983558328833
755.2607,245.43832,741.05396,321.40543,642983559374042,642983610240448
746.13727,357.2295,746.13727,321.40543,642983610586542,642983656349562
779.80963,638.53375,746.13727,321.40543,642983656509198,642983703115604
807.4096,1307.656,746.13727,357.2295,642983703341594,642983757344667
733.7309,1311.7789,746.13727,638.53375,642983757452219,642983802212062
737.1588,1380.6051,746.13727,1307.656,642983802343937,642983854117062
762.5405,1342.0345,746.13727,1311.7789,642983854337531,642983904650656
712.05396,1431.1096,746.13727,1342.0345,642983904837427,642983989190448
578.5844,1589.8113,746.13727,1342.0345,642983989371281,642984040318885
549.89996,1684.0548,712.05396,1431.1096,642984040595031,642984087175187
472.97247,1696.4242,578.5844,1589.8113,642984087555760,642984135002479
509.0567,1626.6106,549.89996,1626.6106,642984135140968,642984188166333
464.6292,1692.5405,509.0567,1626.6106,642984188306541,642984239080656
432.33423,1759.7786,509.0567,1626.6106,642984239293000,642984298821854
429.87854,1744.0686,464.6292,1692.5405,642984298953104,642984355913208
394.45737,1779.5837,432.33423,1744.0686,642984356075187,642984408926645
346.06195,1756.1012,429.87854,1744.0686,642984409693833,642984468597114
835.0613,1600.3429,432.33423,1744.0686,642984468756802,642984523756802
844.24005,1443.409,432.33423,1744.0686,642984523918625,642984581831802
888.30194,1469.5686,835.0613,1600.3429,642984581971020,642984635564197
868.80554,1560.1655,844.24005,1560.1655,642984636160187,642984695116385
846.244,1610.627,846.244,1600.3429,642984695238104,642984752181020
838.21313,1573.5659,844.24005,1573.5659,642984752310812,642984798603677
756.4778,1563.4723,844.24005,1573.5659,642984798721697,642984854631645
690.55566,1608.4435,838.21313,1573.5659,642984854823937,642984905823260
685.8662,1612.6969,756.4778,1573.5659,642984906018677,642984971021281
689.2172,1486.4098,690.55566,1573.5659,642984971257791,642985021052583
672.2881,1519.8319,689.2172,1573.5659,642985021288885,642985066991385
681.7957,1510.601,689.2172,1519.8319,642985067120031,642985119745499
653.8462,1593.4863,681.7957,1573.5659,642985120038885,642985172129353
669.1686,1572.8107,681.7957,1572.8107,642985172276697,642985224316801
674.9743,1493.6653,674.9743,1572.8107,642985224566228,642985271320395
699.69995,1526.6531,681.7957,1572.8107,642985271540083,642985322060968
681.43396,1502.3226,681.43396,1526.6531,642985322192895,642985368899666
677.85913,1565.9548,681.43396,1565.9548,642985369129510,642985424358728
695.99133,1521.6439,681.43396,1526.6531,642985424765760,642985470495499
712.8424,1492.3857,681.43396,1526.6531,642985470647843,642985518306801
695.9942,1543.1835,695.99133,1526.6531,642985518519197,642985563710395
721.20715,1537.0355,695.9942,1526.6531,642985563821176,642985609974041
750.76355,1570.5436,695.9942,1537.0355,642985610184978,642985654252947
734.64,1376.8771,721.20715,1526.6531,642985654475135,642985703495707
791.17426,1498.1454,734.64,1526.6531,642985703710707,642985751986593
787.92114,1537.6097,734.64,1526.6531,642985752166072,642985807074718
802.1721,1486.8424,787.92114,1526.6531,642985807218155,642985863150499
699.7696,1027.7465,734.64,1526.6531,642985863282426,642985925200343
736.6414,996.9924,736.6414,1486.8424,642985925336332,642985985953780
707.2796,897.5099,734.64,1027.7465,642985986166593,642986040637686
675.29974,864.5641,734.64,996.9924,642986040902895,642986104771020
783.1345,924.66266,734.64,924.66266,642986105259301,642986165193051
778.92926,915.30237,734.64,924.66266,642986165331332,642986229089613
704.8683,458.0776,734.64,924.66266,642986229211384,642986281801957
705.3226,366.83527,734.64,915.30237,642986281960343,642986334129197
717.2591,282.54807,717.2591,458.0776,642986334261280,642986413815395
695.0096,267.74142,717.2591,366.83527,642986413970603,642986467716540
699.1132,189.00287,717.2591,282.54807,642986467944405,642986524528103
759.3796,185.45932,717.2591,267.74142,642986524638936,642986569573884
798.1885,168.09877,717.2591,189.00287,642986569766697,642986631718155
816.73895,208.927,759.3796,208.927,642986632278103,642986686363311
778.3019,181.45642,778.3019,189.00287,642986686540655,642986738134092
759.837,232.16133,759.837,208.927,642986738322113,642986794920811
866.79285,776.27515,778.3019,208.927,642986795015499,642986841958884
897.39124,948.3363,778.3019,232.16133,642986842097842,642986894852738
901.69806,935.3694,866.79285,776.27515,642986894965915,642986938791019
899.30853,1037.0228,897.39124,935.3694,642986939032582,642986986267009
892.1356,1358.4797,892.1356,935.3694,642986986797947,642987038852842
876.9589,1385.9618,892.1356,1037.0228,642987039034613,642987094891644
830.1585,1439.6484,892.1356,1358.4797,642987095031644,642987144098103
833.29596,1456.1066,876.9589,1385.9618,642987144293832,642987193103571
837.5936,1427.8401,837.5936,1427.8401,642987193317582,642987240203467
836.9878,1413.822,837.5936,1413.822,642987241413415,642987293700707
873.15454,1410.8862,837.5936,1413.822,642987293902478,642987344143103
893.34717,1311.1815,837.5936,1413.822,642987344247113,642987396638259
900.28577,1383.8768,873.15454,1410.8862,642987396785863,642987450624769
870.57263,1313.8151,870.57263,1383.8768,642987450923519,642987516245394
877.3979,1371.4452,873.15454,1383.8768,642987516470863,642987570929978
887.24347,1497.1674,873.15454,1383.8768,642987571061488,642987633070290
858.9097,1535.6278,873.15454,1383.8768,642987633255811,642987689496175
857.8412,1514.038,873.15454,1497.1674,642987689618519,642987738522217
819.5451,1491.0386,858.9097,1491.0386,642987738637582,642987800136175
854.60455,1526.7396,857.8412,1497.1674,642987800335759,642987869609561
874.23145,1583.8898,858.9097,1497.1674,642987869777113,642987914494717
869.03845,1526.4764,858.9097,1526.4764,642987914718519,642987979433154
850.9456,1548.2711,858.9097,1526.4764,642987980202790,642988033456488
835.7738,1498.0522,858.9097,1526.4764,642988033671644,642988086092894
851.0483,1449.1226,851.0483,1526.4764,642988086280238,642988137408623
870.1031,1424.7651,858.9097,1498.0522,642988137546800,642988193538779
781.768,1439.6063,851.0483,1449.1226,642988193713988,642988248470759
832.26337,1432.876,851.0483,1439.6063,642988248691331,642988304115081
859.38,1413.1008,851.0483,1439.6063,642988304363311,642988363216488
880.06604,1600.9344,851.0483,1439.6063,642988363394977,642988408683779
847.0906,1465.7236,851.0483,1439.6063,642988408816019,642988462547373
859.54535,945.8812,851.0483,1439.6063,642988463292269,642988514365550
830.78595,523.5126,851.0483,1439.6063,642988514596852,642988571121800
829.5606,428.69464,851.0483,945.8812,642988571245863,642988620928206
829.89716,404.5381,830.78595,523.5126,642988621050863,642988667767738
811.8027,429.9923,829.89716,429.9923,642988667945081,642988713957321
816.32526,355.89404,829.89716,429.9923,642988714158519,642988772448883
725.7691,276.3627,816.32526,429.9923,642988772572894,642988831622060
733.9291,268.30878,816.32526,355.89404,642988831813519,642988877866748
699.26074,203.25337,733.9291,276.3627,642988878388102,642988935768102
705.96326,177.03683,733.9291,268.30878,642988936627112,642988981990915
691.51874,286.196,705.96326,276.3627,642988982105967,642989040068883
725.3732,200.83144,725.3732,268.30878,642989040194300,642989094528206
728.81506,219.96175,725.3732,268.30878,642989095331175,642989147957842
761.8325,907.5551,725.3732,268.30878,642989148433310,642989203234717
720.8066,1396.1881,725.3732,268.30878,642989203378467,642989258795862
722.14984,1440.5272,725.3732,907.5551,642989258943831,642989305901227
715.28375,1392.3519,722.14984,1392.3519,642989306040758,642989367002373
692.12213,1442.2195,722.14984,1392.3519,642989367133935,642989438392060
732.7663,1183.9615,722.14984,1392.3519,642989438534404,642989492875758
666.82855,1080.1914,722.14984,1392.3519,642989493127737,642989550251435
751.84204,1096.5851,722.14984,1183.9615,642989550388571,642989607137893
717.7928,1135.4539,722.14984,1135.4539,642989607262946,642989673980706
660.8102,1111.2755,722.14984,1135.4539,642989674168883,642989733660706
693.8927,1123.4581,717.7928,1135.4539,642989733788675,642989792585081
746.9434,1095.7465,722.14984,1123.4581,642989792763102,642989845410758
750.46625,1108.7745,722.14984,1123.4581,642989845637893,642989898935706
739.7513,622.6057,739.7513,1108.7745,642989899121539,642989947723727
679.9656,318.46628,722.14984,1108.7745,642989947935445,642989999744456
654.96155,313.24344,722.14984,622.6057,642989999926279,642990050369195
675.63135,333.04697,679.9656,333.04697,642990050489820,642990123723883
721.48444,349.7917,721.48444,349.7917,642990123874925,642990169637841
709.095,322.6586,709.095,333.04697,642990169751487,642990222112789
686.5353,315.20337,709.095,333.04697,642990222243206,642990274508883
670.187,318.4095,709.095,322.6586,642990274638310,642990330984195
700.9609,329.66693,700.9609,329.66693,642990331160862,642990382849091
703.69104,316.61395,703.69104,322.6586,642990382978987,642990438873622
681.21063,368.35626,700.9609,329.66693,642990438990237,642990498288414
719.3757,361.1877,703.69104,329.66693,642990498417945,642990556422060
738.0269,533.1402,703.69104,361.1877,642990556563570,642990606213518
743.2888,978.6169,719.3757,361.1877,642990606341643,642990655714924
778.8301,1000.6744,738.0269,533.1402,642990655844091,642990708084403
773.13776,1382.3385,743.2888,978.6169,642990708788414,642990762704247
687.81793,1614.289,738.0269,1000.6744,642990762876539,642990812646278
726.7253,1576.4114,738.0269,1382.3385,642990812842164,642990866923414
733.4357,1568.2892,733.4357,1568.2892,642990867021330,642990940632164
799.00903,1517.8458,738.0269,1517.8458,642990941578466,642990999378258
729.937,1452.1943,733.4357,1517.8458,642990999514612,642991049507997
752.33124,1469.0044,738.0269,1517.8458,642991049632424,642991100317528
754.576,1528.3086,738.0269,1517.8458,642991100457320,642991150547789
711.14496,1480.0273,738.0269,1517.8458,642991150667841,642991210796070
724.8107,1424.9607,738.0269,1517.8458,642991211033466,642991257965914
685.22534,1460.4279,724.8107,1480.0273,642991258162476,642991317370132
730.03876,1500.669,730.03876,1500.669,642991317495080,642991375216434
690.09393,1524.2382,724.8107,1500.669,642991375328205,642991428993830
703.11707,1472.8567,724.8107,1500.669,642991429185914,642991488524976
693.6369,1525.7042,703.11707,1500.669,642991488625184,642991545137684
702.7159,1504.8088,703.11707,1500.669,642991545489455,642991619676122
672.77515,1541.192,702.7159,1504.8088,642991619782945,642991683175393
652.2295,1461.8602,702.7159,1500.669,642991683319559,642991738491174
733.37195,1572.8416,702.7159,1504.8088,642991738629872,642991785656434
680.5033,1576.382,702.7159,1504.8088,642991785788882,642991838405445
686.3078,1560.6941,702.7159,1560.6941,642991838558257,642991893636226
696.30347,1506.3329,696.30347,1506.3329,642991893829976,642991950599351
684.4041,1479.2357,696.30347,1506.3329,642991950725236,642992004634559
712.75287,1608.6337,696.30347,1506.3329,642992004784872,642992058223830
649.93463,1524.5919,696.30347,1506.3329,642992058450809,642992128610497
690.95605,1504.102,696.30347,1506.3329,642992128748361,642992180905809
693.6455,1492.1006,693.6455,1506.3329,642992181944038,642992243167424
659.319,1528.3716,693.6455,1506.3329,642992243321330,642992299371747
668.2376,1434.8347,693.6455,1506.3329,642992299498674,642992362327840
627.22986,1482.5684,668.2376,1506.3329,642992362526382,642992413560184
623.18195,1506.2473,668.2376,1506.2473,642992413671538,642992461114455
650.4214,1443.8638,650.4214,1506.2473,642992461312424,642992522441486
651.40936,1551.8165,651.40936,1506.2473,642992522655861,642992575296330
650.2773,1498.0502,650.4214,1506.2473,642992575415392,642992629196955
655.5211,1510.1556,651.40936,1506.2473,642992629376538,642992700308465
629.94257,1480.4879,650.4214,1506.2473,642992700438153,642992748796382
633.3776,1381.6414,650.4214,1506.2473,642992748938309,642992799855809
665.83826,1391.5737,650.4214,1480.4879,642992800211694,642992852929715
650.0687,1422.86,650.4214,1422.86,642992853080861,642992916771642
751.8892,772.29834,650.4214,1422.86,642992916910080,642992970476590
697.15454,713.71857,650.4214,1422.86,642992971387371,642993025090080
702.92303,741.06915,697.15454,772.29834,642993025208725,642993083212892
732.5848,662.9583,697.15454,741.06915,642993083342163,642993137795653
837.3442,700.95764,702.92303,741.06915,642993138443361,642993187138725
793.2182,738.26416,732.5848,738.26416,642993187305548,642993234677632
783.0694,560.7882,783.0694,738.26416,642993234900288,642993287089402
729.95984,451.36795,732.5848,738.26416,642993287280080,642993333944871
786.6789,495.61893,783.0694,560.7882,642993334122632,642993386306017
450.93192,232.56317,732.5848,495.61893,642993386404090,642993434696329
781.45844,466.98187,781.45844,495.61893,642993434924298,642993482427319
876.4191,348.34747,781.45844,466.98187,642993482548152,642993533485548
858.4271,140.2794,781.45844,466.98187,642993533699246,642993586376329
840.40643,230.41135,840.40643,348.34747,642993586545288,642993641101902
819.1048,249.75706,819.1048,249.75706,642993641227944,642993686802111
841.32227,198.53871,840.40643,249.75706,642993686915704,642993738627788
878.12195,298.6427,840.40643,249.75706,642993738811798,642993785083048
865.59674,306.10773,841.32227,249.75706,642993785201486,642993835737163
889.9009,256.7253,865.59674,256.7253,642993835961798,642993889287215
881.2212,295.38925,865.59674,256.7253,642993889489611,642993964993465
962.1864,1062.3113,881.2212,256.7253,642993965132006,642994021034975
956.1415,1156.3518,881.2212,295.38925,642994021276329,642994073850236
965.2056,1140.4324,956.1415,1062.3113,642994074025913,642994128167110
922.0676,1324.3429,922.0676,1140.4324,642994128309402,642994182903465
916.31104,1393.4291,922.0676,1140.4324,642994183024454,642994230354871
927.99225,1407.6171,922.0676,1324.3429,642994231189298,642994283288204
937.0888,1402.6473,922.0676,1393.4291,642994283532267,642994332807735
831.5673,1473.4026,922.0676,1402.6473,642994332916173,642994382684610
727.5752,1447.6534,922.0676,1402.6473,642994382816329,642994426642683
719.1965,1548.5599,831.5673,1447.6534,642994426861069,642994474092631
720.25616,1514.3875,727.5752,1447.6534,642994474281069,642994534232319
697.45135,1527.4288,720.25616,1514.3875,642994535264975,642994584176121
771.67847,1478.209,727.5752,1478.209,642994584320183,642994634814298
842.8819,1559.8625,727.5752,1514.3875,642994634988985,642994682768933
861.5527,1548.8704,771.67847,1514.3875,642994682910131,642994729660652
913.7332,1517.5477,842.8819,1517.5477,642994729783517,642994784209662
911.2569,1492.9274,861.5527,1514.3875,642994784437371,642994828765548
864.7093,1544.0514,864.7093,1517.5477,642994828927944,642994882910860
892.4795,1568.701,864.7093,1517.5477,642994883110235,642994929130548
883.54083,1520.7781,864.7093,1520.7781,642994929319766,642994979612371
812.57605,1671.3219,864.7093,1520.7781,642994979720496,642995028755860
773.0016,1657.9703,864.7093,1520.7781,642995028935391,642995083437891
756.4701,1688.6194,812.57605,1657.9703,642995083627943,642995130528256
753.51404,1628.6902,773.0016,1628.6902,642995130654193,642995180145287
724.395,1713.518,756.4701,1657.9703,642995180348100,642995231984350
782.74915,1631.9359,773.0016,1631.9359,642995232113933,642995285771277
765.8582,1622.4496,765.8582,1631.9359,642995285931329,642995356244298
844.9083,1693.5076,773.0016,1631.9359,642995356421902,642995411760912
864.60205,1630.6208,773.0016,1631.9359,642995411885027,642995465818881
826.56177,1649.732,826.56177,1631.9359,642995466658047,642995517222214
826.5966,1618.692,826.56177,1631.9359,642995517408412,642995570162058
794.8382,1692.0283,826.56177,1631.9359,642995570346120,642995623248672
846.8268,1605.6138,826.56177,1631.9359,642995623431537,642995675218204
771.67505,1595.6798,826.56177,1631.9359,642995675348777,642995728811433
830.87524,1600.4172,826.56177,1605.6138,642995728929662,642995779091745
768.17847,1578.7052,826.56177,1600.4172,642995779302006,642995837533151
942.7922,1475.305,826.56177,1600.4172,642995837719454,642995888881849
955.9579,1485.947,826.56177,1578.7052,642995889057631,642995943093672
962.8563,1447.74,942.7922,1485.947,642995943243047,642995998970599
976.0653,1523.8942,955.9579,1523.8942,642995999138099,642996053102006
841.7269,550.16064,942.7922,1485.947,642996053208151,642996105361381
776.7979,398.2423,942.7922,1485.947,642996105496120,642996155398412
747.02673,450.66644,841.7269,550.16064,642996155534245,642996208111172
754.51245,445.4189,776.7979,450.66644,642996208269870,642996264716016
756.44293,379.94812,756.44293,450.66644,642996265397631,642996322778672
771.4707,374.68585,771.4707,445.4189,642996322909505,642996384700651
772.70123,391.93433,771.4707,391.93433,642996384847214,642996434684297
709.74164,541.89386,771.4707,445.4189,642996434851433,642996492079662
657.0645,585.4003,771.4707,445.4189,642996493110287,642996550896432
658.7416,586.09204,709.74164,541.89386,642996551053047,642996606165026
597.6173,545.52875,658.7416,545.52875,642996606316745,642996662095495
563.1271,607.9208,658.7416,545.52875,642996662224974,642996721632422
584.4366,659.57153,597.6173,545.52875,642996721830599,642996775749141
630.0887,320.79657,630.0887,545.52875,642996775888984,642996831008151
578.1718,366.344,597.6173,545.52875,642996831225859,642996888119557
567.5967,259.76935,597.6173,366.344,642996888244141,642996941770078
541.7873,266.17746,578.1718,366.344,642996941935755,642996994560078
532.0977,248.2378,567.5967,266.17746,642996994686953,642997047870078
695.19604,227.1373,578.1718,266.17746,642997048128672,642997101874505
745.15533,327.88327,578.1718,266.17746,642997102009974,642997156562057
749.0128,310.5241,695.19604,266.17746,642997156704401,642997211728411
743.71735,349.46375,743.71735,310.5241,642997211869193,642997264799818
728.2705,265.7304,728.2705,266.17746,642997265025807,642997321960755
714.838,230.48332,728.2705,266.17746,642997322076068,642997367644818
693.719,273.5367,728.2705,266.17746,642997367823307,642997438329557
750.95233,1631.5637,728.2705,266.17746,642997438484870,642997495589401
709.7859,1655.5939,728.2705,273.5367,642997496208203,642997548866224
722.9903,1600.358,728.2705,1600.358,642997549072734,642997596649297
760.29803,1683.8387,728.2705,1600.358,642997596906692,642997652313672
763.6941,1641.5126,728.2705,1600.358,642997652503463,642997707860807
679.05615,1735.673,728.2705,1641.5126,642997707980703,642997756897265
697.40686,1728.9175,728.2705,1641.5126,642997757464922,642997810456224
775.146,1785.4135,728.2705,1728.9175,642997810616849,642997865780651
758.83826,1756.7816,728.2705,1728.9175,642997865968567,642997918540494
734.9525,1726.9906,734.9525,1728.9175,642997918670130,642997981180859
774.9679,1716.9507,734.9525,1728.9175,642997981408203,642998028636015
858.8874,1779.5938,734.9525,1728.9175,642998028775651,642998083600807
798.9087,1838.2913,774.9679,1728.9175,642998083763932,642998137704401
742.61536,1852.7297,742.61536,1779.5938,642998137873463,642998193852369
736.85626,1846.3171,742.61536,1838.2913,642998194543724,642998245279609
667.1133,1832.0913,742.61536,1832.0913,642998245494036,642998303898776
650.8664,1888.916,736.85626,1838.2913,642998304160546,642998361108307
553.42206,1776.1464,667.1133,1832.0913,642998361223880,642998409135338
620.829,1861.7692,650.8664,1838.2913,642998409287734,642998462648046
611.2461,1794.6985,620.829,1832.0913,642998462902942,642998516893203
617.98645,1805.4275,620.829,1832.0913,642998517070546,642998570566900
636.42786,1892.2828,620.829,1832.0913,642998570702057,642998621555598
680.92065,1926.1357,620.829,1832.0913,642998621675911,642998673468775
808.54877,1814.2592,636.42786,1832.0913,642998673594921,642998727103723
750.8734,1076.1989,680.92065,1832.0913,642998727248932,642998779915182
749.49005,727.05865,749.49005,1814.2592,642998780192161,642998826537473
409.80374,940.80176,680.92065,1076.1989,642998826909921,642998873776848
789.71075,418.29977,749.49005,940.80176,642998873953098,642998931993098
711.91296,445.04443,711.91296,940.80176,642998932203359,642998983526223
690.16077,572.98846,711.91296,572.98846,642998983707421,642999046184921
518.89886,529.12415,711.91296,572.98846,642999046429973,642999102975390
763.8174,368.5211,711.91296,572.98846,642999103110859,642999162479817
678.75995,258.25342,711.91296,529.12415,642999162596431,642999211781796
699.0542,208.88718,711.91296,368.5211,642999212077890,642999265415963
669.4221,221.10826,699.0542,258.25342,642999265613775,642999315019296
704.02783,210.67407,704.02783,221.10826,642999315367629,642999369589036
687.45544,134.85606,699.0542,221.10826,642999369727838,642999431697681
552.95544,198.822,699.0542,210.67407,642999431884036,642999497374400
572.1702,149.91061,687.45544,198.822,642999498332004,642999549434608
565.22864,153.70348,572.1702,198.822,642999549605338,642999602204869
558.3009,184.51416,572.1702,184.51416,642999602357629,642999660516900
590.485,212.93944,572.1702,198.822,642999660697369,642999713096796
562.5882,191.97224,572.1702,191.97224,642999713322838,642999769731535
549.82385,199.71663,572.1702,198.822,642999769880910,642999818047629
572.1723,177.97081,572.1702,191.97224,642999818233150,642999870093567
580.7042,204.51184,572.1702,198.822,642999870249869,642999920865442
572.4113,184.59834,572.1723,191.97224,642999921066119,642999973645910
717.24316,505.34317,572.4113,198.822,642999973786744,643000028750962
743.25867,531.7122,572.4113,198.822,643000028923462,643000077087369
714.3878,443.37207,714.3878,443.37207,643000077330962,643000126433306
727.6982,457.17813,714.3878,443.37207,643000126660962,643000183450806
729.1307,429.1279,714.3878,443.37207,643000183583150,643000245256691
730.6496,423.35574,727.6982,443.37207,643000245389816,643000302693462
675.5309,316.75482,714.3878,429.1279,643000302811483,643000357434973
676.3716,278.28354,714.3878,423.35574,643000357978358,643000411630806
645.44617,216.52802,676.3716,316.75482,643000411757108,643000463799452
675.6711,251.49715,676.3716,278.28354,643000463952160,643000515837108
701.69495,271.5167,676.3716,271.5167,643000515985493,643000570276014
777.9251,224.14919,676.3716,271.5167,643000570397577,643000621538254
787.66,246.95776,701.69495,271.5167,643000621685546,643000670676639
792.9586,246.93274,777.9251,246.95776,643000670799816,643000722087993
806.8497,247.13896,787.66,247.13896,643000722339660,643000780437577
792.7527,265.6685,792.7527,247.13896,643000782230545,643000835855545
799.9187,219.77568,792.7527,247.13896,643000835978514,643000912158827
798.69135,236.22632,792.7527,247.13896,643000912938462,643000972176743
797.2014,1416.8379,797.2014,247.13896,643000973068566,643001025680233
818.1814,1550.2393,797.2014,247.13896,643001025925806,643001078566066
829.82574,1602.897,797.2014,1416.8379,643001078746066,643001136333410
820.8854,1582.2013,818.1814,1550.2393,643001136454608,643001187696691
810.4144,1608.2393,810.4144,1582.2013,643001188063618,643001235488931
866.44104,1625.6075,818.1814,1582.2013,643001235646066,643001291661743
764.29785,1614.7307,810.4144,1608.2393,643001291872837,643001344565024
707.0391,1602.5029,810.4144,1602.5029,643001345137160,643001396573254
729.51794,1600.1841,764.29785,1602.5029,643001398402420,643001453359243
651.84503,1558.5973,729.51794,1602.5029,643001453535441,643001500098514
643.8212,1544.6857,729.51794,1600.1841,643001500255701,643001556557264
616.68317,1345.2421,651.84503,1558.5973,643001556828149,643001613116795
795.40533,1772.0786,729.51794,1600.1841,643001613234608,643001688834920
826.012,1639.8096,729.51794,1600.1841,643001689028410,643001744956691
878.3718,1658.7264,795.40533,1639.8096,643001745098201,643001804553045
846.348,1661.4506,826.012,1639.8096,643001804764608,643001857086743
869.98694,1674.9652,846.348,1658.7264,643001857296847,643001907095076
843.4451,1577.2595,843.4451,1639.8096,643001907290858,643001977619191
847.1193,1564.2076,846.348,1639.8096,643001977908462,643002030097524
846.51166,1549.1802,846.348,1577.2595,643002030221014,643002083335805
868.7841,1650.362,846.51166,1639.8096,643002083461795,643002138959243
816.75525,1625.7161,846.348,1625.7161,643002139165805,643002184764034
795.19867,1558.0992,846.348,1625.7161,643002184897628,643002243462107
810.045,1553.3682,816.75525,1625.7161,643002243587837,643002298130805
808.9111,1630.5366,810.045,1625.7161,643002298357316,643002349953826
768.7331,1599.1188,810.045,1625.7161,643002350170701,643002404979086
758.8007,1531.5365,808.9111,1625.7161,643002405180441,643002470266795
811.3238,1601.9742,810.045,1601.9742,643002470422941,643002517899555
852.3183,1538.021,810.045,1601.9742,643002518078409,643002579108618
878.19586,1599.8093,811.3238,1601.9742,643002579223930,643002649394711
898.8273,1633.595,852.3183,1601.9742,643002649528670,643002700352732
885.4042,1571.4575,878.19586,1601.9742,643002700486586,643002747321586
879.28345,1521.2465,879.28345,1601.9742,643002747460493,643002810424138
844.0035,1516.8153,878.19586,1571.4575,643002811006638,643002861091482
839.88605,1583.751,878.19586,1583.751,643002861202107,643002907526534
786.7283,1566.512,844.0035,1571.4575,643002907703513,643002960539399
788.4428,1472.7377,839.88605,1571.4575,643002960659086,643003017023513
755.176,1644.88,788.4428,1571.4575,643003017167888,643003071666534
786.6258,1656.9846,788.4428,1571.4575,643003071807107,643003122530649
764.23926,1669.7452,786.6258,1644.88,643003122725753,643003175471690
732.4374,1518.2661,786.6258,1571.4575,643003175603670,643003241607732
709.8451,1383.9598,764.23926,1571.4575,643003241731638,643003290290232
718.39264,1310.7001,732.4374,1518.2661,643003291308878,643003344541742
675.1408,1060.4293,718.39264,1383.9598,643003344685753,643003401910232
698.7959,982.8867,718.39264,1310.7001,643003402853669,643003456118878
642.7523,946.0815,698.7959,1060.4293,643003457627524,643003509243149
611.4527,269.11923,698.7959,982.8867,643003509371482,643003567718149
725.93427,639.76807,698.7959,946.0815,643003568842524,643003623786690
743.19476,471.10077,698.7959,639.76807,643003623933357,643003679794919
717.8923,277.55667,717.8923,639.76807,643003679911013,643003734435492
731.8223,272.9643,717.8923,471.10077,643003735733773,643003782546013
736.8426,345.19104,717.8923,345.19104,643003782657107,643003833575492
756.30334,328.41693,731.8223,345.19104,643003834324919,643003882337211
753.9789,284.0761,736.8426,345.19104,643003882517263,643003948274034
787.33,325.95856,753.9789,328.41693,643003948395909,643003996999867
782.4096,230.79404,753.9789,325.95856,643003997239398,643004045477367
807.43304,270.56088,782.4096,325.95856,643004045686846,643004101723721
803.2042,225.41846,782.4096,270.56088,643004101856794,643004153042367
809.0874,241.60132,803.2042,270.56088,643004153258461,643004204692680
815.937,248.41898,803.2042,248.41898,643004204905388,643004263332627
784.4047,222.6878,803.2042,248.41898,643004263456325,643004312234294
752.13525,279.67706,803.2042,248.41898,643004312401534,643004363023409
797.6383,245.75143,797.6383,248.41898,643004363236950,643004409340804
805.9562,258.41132,803.2042,248.41898,643004409552263,643004455778513
823.6162,255.54362,803.2042,248.41898,643004456994294,643004499697159
835.9422,263.108,805.9562,255.54362,643004499806586,643004546452575
829.0303,224.5664,823.6162,248.41898,643004546655232,643004600189711
808.0347,259.40778,808.0347,255.54362,643004600417159,643004646540909
822.1417,303.9216,822.1417,255.54362,643004646654763,643004694279815
822.5712,322.98547,822.1417,259.40778,643004694509659,643004744081273
790.35266,286.89365,822.1417,286.89365,643004744186898,643004811008044
817.6201,289.83545,822.1417,286.89365,643004811167731,643004871661950
806.1,291.11652,817.6201,286.89365,643004871846169,643004927712836
790.9996,215.21727,817.6201,286.89365,643004927842731,643004981832575
857.0133,1529.9631,817.6201,286.89365,643004982735283,643005041539346
814.93005,1533.756,817.6201,286.89365,643005041676898,643005099901950
823.68225,1497.742,817.6201,1497.742,643005100556585,643005155081950
783.7522,1518.6785,817.6201,1497.742,643005155268513,643005210951794
776.9468,1492.9768,817.6201,1497.742,643005211078460,643005274977679
832.0705,1643.061,817.6201,1497.742,643005275107575,643005330443773
824.9267,1674.7986,817.6201,1497.742,643005330582783,643005385754606
861.36774,1676.9865,824.9267,1643.061,643005385956637,643005443322106
779.97205,1690.695,817.6201,1674.7986,643005443452835,643005499780804
774.90094,1673.92,817.6201,1673.92,643005499942627,643005554717835
849.5024,1694.4778,817.6201,1674.7986,643005554868564,643005610042367
834.4312,1748.8275,817.6201,1674.7986,643005610161794,643005666611325
832.8525,1699.5916,832.8525,1694.4778,643005666793616,643005728389189
838.783,1702.1183,832.8525,1699.5916,643005728552262,643005778970804
827.5143,1679.8131,832.8525,1694.4778,643005779098929,643005839555023
846.16315,1616.9626,832.8525,1694.4778,643005839687054,643005887199866
835.6604,1689.4772,832.8525,1689.4772,643005887338773,643005938582210
794.26917,1815.5059,832.8525,1694.4778,643005938717471,643006008704762
814.05206,1806.711,832.8525,1694.4778,643006008840335,643006067494502
814.0969,1700.6147,814.0969,1700.6147,643006067643460,643006129586793
832.7247,1653.9707,832.7247,1694.4778,643006129726429,643006188714241
825.95636,1643.1406,825.95636,1694.4778,643006188864814,643006236659606
824.47955,1567.6025,825.95636,1653.9707,643006236797054,643006296399293
810.09973,1589.4037,825.95636,1643.1406,643006296745127,643006357138564
803.6921,1685.7394,824.47955,1653.9707,643006357298147,643006431574762
856.2475,1785.3197,825.95636,1653.9707,643006431776689,643006487434345
855.74396,1755.686,825.95636,1685.7394,643006487566377,643006540933877
846.99054,1663.8726,846.99054,1663.8726,643006541082991,643006595693304
851.86664,1655.1901,846.99054,1663.8726,643006596608824,643006652661585
840.68134,1639.804,846.99054,1663.8726,643006652810022,643006714033877
791.1329,1691.3972,846.99054,1663.8726,643006714236637,643006765809658
778.4873,1684.5482,840.68134,1663.8726,643006766801220,643006827467314
827.26764,1658.0044,827.26764,1663.8726,643006827602262,643006875785960
743.6409,1449.0531,827.26764,1663.8726,643006875934033,643006938300439
671.8572,1372.8314,827.26764,1658.0044,643006938454085,643006992948928
745.8648,1360.3396,745.8648,1449.0531,643006993148303,643007047460491
740.7439,1251.7379,745.8648,1372.8314,643007047655387,643007129004085
769.0415,1185.9443,745.8648,1360.3396,643007129243824,643007177303147
796.0118,1205.0413,745.8648,1251.7379,643007177427470,643007229622210
802.24695,1227.6471,769.0415,1227.6471,643007229879710,643007278398303
783.18933,1554.8666,783.18933,1251.7379,643007278614293,643007335278043
762.42865,1642.3901,769.0415,1251.7379,643007335741637,643007390511689
757.9446,1699.298,769.0415,1554.8666,643007390638408,643007469127001
760.53094,1633.5037,762.42865,1633.5037,643007469246168,643007514374137
771.26526,1673.923,769.0415,1633.5037,643007514577001,643007568294449
782.1673,1661.419,769.0415,1633.5037,643007569157366,643007625691637
784.6917,1682.8259,771.26526,1661.419,643007625835960,643007677871428
759.9386,1642.9131,769.0415,1642.9131,643007678067209,643007736373095
752.0029,1665.1846,769.0415,1661.419,643007736508668,643007785556220
797.44073,1672.9668,769.0415,1661.419,643007785683095,643007836308980
794.8031,1666.2279,769.0415,1665.1846,643007836441741,643007892301064
843.65497,1703.0804,794.8031,1666.2279,643007892439136,643007945744866
935.0684,1666.3323,794.8031,1666.2279,643007945963355,643007999967105
924.9232,1841.4219,843.65497,1666.3323,643008000204814,643008051396428
927.45374,1664.2858,924.9232,1666.2279,643008051514605,643008104172626
885.24164,1721.9197,885.24164,1666.3323,643008104354970,643008163420386
800.00745,1752.1929,885.24164,1666.3323,643008163631116,643008215919813
736.7121,1746.8265,885.24164,1721.9197,643008216080699,643008282796063
780.3597,1682.0509,800.00745,1682.0509,643008283216636,643008339205751
761.9835,1598.0112,780.3597,1682.0509,643008339303980,643008399001272
697.4463,346.18634,780.3597,1682.0509,643008399130334,643008445669709
711.14294,250.2514,761.9835,1598.0112,643008445847938,643008501775855
669.82574,335.37097,711.14294,346.18634,643008501897209,643008556121220
678.4902,262.92426,711.14294,335.37097,643008556255230,643008603069553
680.9434,225.6871,680.9434,335.37097,643008603208511,643008652631532
791.5474,158.1102,711.14294,262.92426,643008652780542,643008704558928
882.5065,127.27531,711.14294,225.6871,643008704683876,643008760769188
899.36975,115.82989,791.5474,158.1102,643008760938824,643008808131324
930.2848,199.41794,882.5065,199.41794,643008808288147,643008863188303
909.46344,143.4603,899.36975,158.1102,643008863830074,643008915314709
903.37994,162.48041,903.37994,162.48041,643008915464344,643008973225594
921.689,118.44373,903.37994,158.1102,643008973368459,643009025267001
919.17053,139.20473,903.37994,158.1102,643009026027417,643009076317469
864.9436,151.02144,903.37994,151.02144,643009076558980,643009141810021
577.2189,141.07861,903.37994,151.02144,643009141965178,643009197951011
560.8499,126.08047,864.9436,151.02144,643009198076376,643009259472053
565.3471,147.68184,577.2189,147.68184,643009259698094,643009305872157
562.0894,262.23294,565.3471,151.02144,643009306003771,643009356680021
726.85046,828.634,577.2189,151.02144,643009356822678,643009404251688
841.0219,1579.1683,577.2189,262.23294,643009404376323,643009458932469
792.9219,1545.7722,726.85046,828.634,643009459219084,643009522027053
844.1528,1767.3325,792.9219,1545.7722,643009522172730,643009583021271
832.41095,1818.6466,792.9219,1545.7722,643009583397469,643009639052209
761.8827,1681.7881,792.9219,1681.7881,643009639146011,643009696334865
718.7288,1723.0494,792.9219,1681.7881,643009696498719,643009744961688
724.6059,1567.9869,761.8827,1681.7881,643009745158355,643009799037730
707.3798,1572.463,724.6059,1681.7881,643009799162261,643009857500750
700.8241,1631.6862,724.6059,1631.6862,643009857639448,643009912264188
734.8495,1621.2424,724.6059,1631.6862,643009912427729,643009973767209
700.71576,1605.0634,724.6059,1631.6862,643009973940229,643010034081427
678.0888,1638.017,724.6059,1631.6862,643010034197052,643010097702052
667.166,1632.56,700.71576,1631.6862,643010097844136,643010149356636
663.4489,1645.6978,678.0888,1632.56,643010150567156,643010212497469
633.0215,1581.5547,667.166,1631.6862,643010212641479,643010266317000
646.6288,1657.9619,663.4489,1632.56,643010266464708,643010317800229
639.95795,1668.7944,646.6288,1632.56,643010318021323,643010374154031
654.4804,1611.2322,654.4804,1632.56,643010374352313,643010432821427
678.74316,1617.574,654.4804,1632.56,643010432979188,643010485094813
678.3353,1624.3785,654.4804,1624.3785,643010485306740,643010540266531
727.2252,1590.9664,678.3353,1624.3785,643010540500229,643010591320802
748.2046,1472.9937,678.3353,1624.3785,643010591517573,643010644858615
783.00037,1538.5248,727.2252,1590.9664,643010645058771,643010701123250
752.7547,1372.5063,748.2046,1538.5248,643010701288719,643010753313146
732.11304,1420.2355,732.11304,1538.5248,643010753455125,643010803378979
829.84985,1498.5673,748.2046,1498.5673,643010803496219,643010866426583
924.6215,1601.3002,748.2046,1538.5248,643010866563562,643010923294396
946.0322,1610.549,829.84985,1538.5248,643010924065594,643010977051948
941.3974,1541.3142,924.6215,1541.3142,643010977224292,643011028568250
924.9461,1534.1381,924.9461,1538.5248,643011028781062,643011081671271
907.728,1530.7659,924.6215,1538.5248,643011081824708,643011138473302
935.833,1512.6047,924.9461,1534.1381,643011138648719,643011205470021
834.96277,1249.3485,924.6215,1530.7659,643011205648302,643011262907156
704.0353,524.6373,924.6215,1512.6047,643011263134812,643011318733562
708.2797,518.55493,834.96277,1249.3485,643011319989135,643011375049604
708.5863,501.55698,708.5863,524.6373,643011375256948,643011428138250
734.89777,444.2209,734.89777,518.55493,643011428282104,643011487479239
694.65485,294.5069,708.5863,501.55698,643011488480646,643011541878510
697.261,266.1897,708.5863,444.2209,643011542111427,643011609852729
657.86847,275.25867,697.261,294.5069,643011610049812,643011662684343
667.6985,218.63942,697.261,275.25867,643011662804031,643011725774864
709.4088,209.5998,697.261,275.25867,643011725992781,643011771432729
899.5717,367.53894,697.261,275.25867,643011771657208,643011830819864
924.8792,294.40176,709.4088,275.25867,643011830956375,643011882491479
925.87573,323.36917,899.5717,294.40176,643011882634552,643011932373666
918.92444,320.44547,918.92444,294.40176,643011932502052,643011988189395
920.78986,289.88647,918.92444,294.40176,643011988402156,643012037472989
836.6771,261.78638,918.92444,294.40176,643012037613302,643012089607833
351.43713,188.85713,918.92444,289.88647,643012089838614,643012136636270
302.79514,186.32918,836.6771,261.78638,643012136774083,643012190701583
300.09756,172.94252,351.43713,188.85713,643012190888718,643012237179343
322.7824,190.55717,322.7824,190.55717,643012237409239,643012293742468
618.9283,853.29675,351.43713,190.55717,643012293865281,643012364839968
825.0702,1490.76,351.43713,190.55717,643012364970020,643012414093979
816.59204,1497.2108,618.9283,853.29675,643012414231791,643012462686531
890.12714,1440.8822,816.59204,1440.8822,643012462883249,643012517606583
896.8512,1437.3168,816.59204,1437.3168,643012517784239,643012573486426
953.7418,1437.2308,890.12714,1437.3168,643012573666426,643012636108197
954.09204,1332.2054,896.8512,1437.3168,643012636309135,643012695226635
949.1141,1438.391,949.1141,1437.3168,643012695715645,643012754543197
938.2012,1388.1582,938.2012,1437.3168,643012754724291,643012808493249
942.74384,1412.665,942.74384,1437.3168,643012808789551,643012869377416
902.8829,1433.2979,938.2012,1433.2979,643012869580905,643012919807103
906.63696,1453.7307,938.2012,1437.3168,643012920092260,643012968576582
933.3031,1467.4929,933.3031,1437.3168,643012968815437,643013016155489
975.7286,1464.9205,938.2012,1453.7307,643013016385176,643013068379447
990.09894,1540.9192,938.2012,1464.9205,643013069276791,643013120739447
1004.9753,1530.3553,975.7286,1464.9205,643013120952884,643013174366530
1009.1896,1530.3855,990.09894,1530.3553,643013174554395,643013234841582
1010.5412,1540.6503,1004.9753,1530.3553,643013235003509,643013291158353
1021.3367,1477.1564,1009.1896,1530.3553,643013292061114,643013350532676
1003.65656,1438.8435,1004.9753,1530.3553,643013351055020,643013403392207
1048.0894,1529.5724,1009.1896,1529.5724,643013403730176,643013466517259
1010.2893,1531.1028,1009.1896,1530.3553,643013466658301,643013522621947
1017.3937,1535.9498,1010.2893,1530.3553,643013522769291,643013577882311
1022.4204,1427.3949,1010.2893,1530.3553,643013578064395,643013631030697
987.4346,1507.5813,1010.2893,1530.3553,643013631181686,643013686825957
964.8484,1552.8085,1010.2893,1530.3553,643013688788613,643013743065280
949.0719,1453.6503,987.4346,1530.3553,643013743219082,643013799079238
963.5879,1486.8737,964.8484,1530.3553,643013799235853,643013867225645
930.86975,1425.637,963.5879,1486.8737,643013867421895,643013919937884
914.78876,1410.0399,963.5879,1486.8737,643013920280749,643013968084707
762.16693,1293.7749,930.86975,1425.637,643013968283561,643014023973145
787.77606,1237.2365,914.78876,1410.0399,643014024123249,643014079361634
708.88666,1227.1141,787.77606,1293.7749,643014079481999,643014128592520
673.9505,1190.9484,787.77606,1237.2365,643014128716530,643014185538874
659.0327,1301.7286,708.88666,1293.7749,643014185760280,643014239656478
697.6465,1281.182,697.6465,1281.182,643014240921478,643014294954394
799.0062,1467.9241,708.88666,1293.7749,643014295086374,643014349744811
825.5547,1530.0576,708.88666,1293.7749,643014349910332,643014393789238
858.538,1624.191,799.0062,1467.9241,643014393909707,643014448676894
905.29193,1470.1589,825.5547,1470.1589,643014449572884,643014502823561
824.8356,1577.6385,824.8356,1470.1589,643014503003926,643014574264967
618.24493,1606.1118,824.8356,1470.1589,643014574410384,643014625473665
594.1394,1636.6472,824.8356,1577.6385,643014625589030,643014679118769
553.7379,1688.5687,618.24493,1606.1118,643014679297155,643014738862884
567.2631,1714.4764,594.1394,1636.6472,643014738997207,643014811191009
519.9607,1720.8047,567.2631,1688.5687,643014811325540,643014861406113
485.81784,1793.7771,567.2631,1714.4764,643014861584655,643014916301009
454.4966,1809.6688,519.9607,1720.8047,643014917100592,643014967568196
424.0848,1723.5311,485.81784,1723.5311,643014967699811,643015014573665
423.82166,1709.4008,454.4966,1720.8047,643015015423769,643015064601582
407.80255,1762.2832,424.0848,1723.5311,643015064827207,643015116196165
426.45227,1673.8124,426.45227,1720.8047,643015116418352,643015163099915
645.9653,464.84573,426.45227,1720.8047,643015163316790,643015216506842
664.3579,357.20563,426.45227,1673.8124,643015216714498,643015264375071
681.639,324.74994,645.9653,464.84573,643015264549550,643015310506790
703.4853,373.7925,664.3579,373.7925,643015310769186,643015361642363
677.5162,436.55545,677.5162,436.55545,643015361874915,643015411394186
676.40326,388.48175,676.40326,388.48175,643015411569654,643015460986165
621.28467,317.7092,676.40326,388.48175,643015461122467,643015511915331
570.31244,294.20218,676.40326,388.48175,643015512182206,643015564530540
608.95764,357.97363,621.28467,357.97363,643015564712831,643015640964811
598.98773,320.74548,608.95764,357.97363,643015641110592,643015698433925
600.6049,330.13608,608.95764,357.97363,643015698665696,643015753749290
563.48395,349.64325,600.6049,349.64325,643015753948873,643015808982779
569.6513,389.00427,600.6049,357.97363,643015809125540,643015862821321
593.4615,372.17258,593.4615,357.97363,643015863176373,643015923779550
575.1857,365.84528,593.4615,365.84528,643015923889863,643015974586008
601.1831,346.82446,593.4615,357.97363,643015974742623,643016028945435
799.32446,236.97702,593.4615,357.97363,643016029520904,643016092269654
793.5921,232.71631,601.1831,346.82446,643016092397727,643016141898196
838.9122,245.29878,793.5921,245.29878,643016142041060,643016193926737
846.9044,256.02045,793.5921,256.02045,643016194053665,643016246088665
837.8989,263.07877,837.8989,256.02045,643016246255435,643016299511165
824.1589,225.13512,824.1589,256.02045,643016299696060,643016374902258
824.9234,241.87259,824.9234,256.02045,643016375089342,643016433219706
928.30896,1049.4653,824.9234,256.02045,643016433761633,643016484321633
872.56055,1607.2021,824.9234,256.02045,643016484491164,643016538054706
853.3657,1742.9229,853.3657,1049.4653,643016538908092,643016602542310
840.8481,1751.2065,840.8481,1607.2021,643016602662102,643016661085227
858.84186,1749.0302,853.3657,1742.9229,643016661208248,643016720526425
869.51935,1678.0568,853.3657,1678.0568,643016720666321,643016793477414
868.0749,1660.805,858.84186,1678.0568,643016793620487,643016845166008
820.61383,1618.7008,853.3657,1678.0568,643016845543352,643016907921164
873.1012,1681.0667,858.84186,1678.0568,643016908099185,643016957452362
862.285,1649.3739,858.84186,1678.0568,643016957566998,643017013487258
816.9313,1712.128,858.84186,1678.0568,643017014520539,643017067191893
846.4516,1732.3508,858.84186,1678.0568,643017067356581,643017112477935
836.0021,1663.1836,846.4516,1678.0568,643017112765018,643017163279862
854.02374,1636.5156,854.02374,1678.0568,643017163430695,643017215162570
843.47644,1716.2112,846.4516,1678.0568,643017215731998,643017267928820
869.77,1559.5072,854.02374,1678.0568,643017268076268,643017326078195
828.57007,1647.3278,846.4516,1678.0568,643017326224706,643017381977310
832.82874,1576.4186,846.4516,1647.3278,643017383806060,643017438004862
780.9637,1543.1667,832.82874,1647.3278,643017438164758,643017494402414
719.85986,1451.8746,832.82874,1576.4186,643017494605747,643017550599237
702.9894,1393.8256,780.9637,1543.1667,643017550817883,643017599233872
722.85645,1370.8816,722.85645,1451.8746,643017599400852,643017650711997
763.0521,1502.1542,763.0521,1502.1542,643017651504029,643017698175851
762.74384,1490.2383,762.74384,1490.2383,643017698362570,643017752420435
767.6735,1540.679,763.0521,1502.1542,643017753187362,643017801195435
746.34875,1641.2855,762.74384,1502.1542,643017801319081,643017849156320
754.07074,1676.1294,762.74384,1540.679,643017849429601,643017894985122
800.1106,1720.9055,762.74384,1641.2855,643017895187674,643017975882883
842.4777,1757.0953,762.74384,1676.1294,643017976415018,643018027565122
817.90765,1774.4777,800.1106,1720.9055,643018027952570,643018081624758
782.2518,1769.5048,782.2518,1757.0953,643018081829549,643018141255174
742.9762,1826.4163,782.2518,1769.5048,643018141445591,643018188710226
726.1621,1776.5116,782.2518,1769.5048,643018188900174,643018242948872
603.32,1850.4716,742.9762,1776.5116,643018243110070,643018295852362
563.2387,1666.0983,726.1621,1769.5048,643018296147674,643018354730539
463.75403,1720.5509,603.32,1769.5048,643018354946007,643018406232882
436.89697,1797.9402,563.2387,1769.5048,643018406447310,643018457107362
463.25128,1746.8364,463.75403,1769.5048,643018457995851,643018504223039
454.23734,1760.884,463.25128,1769.5048,643018504417205,643018552602205
650.85516,1587.3438,463.75403,1760.884,643018552780435,643018601309862
722.01056,1658.4171,463.75403,1760.884,643018601436320,643018649152830
655.4345,1694.6827,650.85516,1694.6827,643018649276997,643018714723612
739.2927,1773.2017,655.4345,1760.884,643018714884289,643018759767414
755.4196,1823.6227,655.4345,1760.884,643018759876997,643018809868664
769.4948,1817.8473,739.2927,1773.2017,643018810077986,643018855527466
758.3559,1788.1592,755.4196,1788.1592,643018855890695,643018903654757
768.8475,1775.6719,758.3559,1775.6719,643018903873455,643018955180799
732.6368,1628.0039,755.4196,1775.6719,643018956588507,643019006348351
713.1961,1533.2585,755.4196,1775.6719,643019006615591,643019054521320
698.8307,1406.6565,732.6368,1628.0039,643019054827361,643019104590382
666.4553,1536.2396,713.1961,1536.2396,643019104715070,643019149878716
670.4907,1440.0214,698.8307,1536.2396,643019150065643,643019199263820
622.2739,1472.6198,670.4907,1536.2396,643019199483038,643019255925903
683.1006,1139.4978,683.1006,1472.6198,643019256210330,643019306634080
729.5886,398.37283,683.1006,1472.6198,643019306877413,643019352654080
752.61835,432.58624,683.1006,1139.4978,643019352846268,643019400424861
748.2235,473.03458,729.5886,473.03458,643019400558247,643019452622309
750.84436,509.98526,748.2235,509.98526,643019453648924,643019501297570
744.26733,496.17148,744.26733,496.17148,643019501527257,643019553442778
760.07214,475.28317,748.2235,496.17148,643019553659965,643019602815174
787.9603,449.89432,748.2235,496.17148,643019602933663,643019657183247
804.7829,429.73355,760.07214,475.28317,643019657386997,643019705464132
787.6092,428.77563,787.6092,449.89432,643019705780851,643019756601424
826.44763,402.97205,787.6092,429.73355,643019756806319,643019804895382
809.1539,378.44562,787.6092,428.77563,643019805225486,643019855295486
817.0096,414.19885,809.1539,414.19885,643019855415955,643019905065538
826.31335,453.32355,809.1539,428.77563,643019905301996,643019952717778
812.5569,420.84183,812.5569,420.84183,643019952925434,643020002597205
777.6496,343.60925,809.1539,420.84183,643020002733715,643020055440486
776.68243,446.74872,809.1539,420.84183,643020055564653,643020115498976
789.77,428.32935,789.77,420.84183,643020115619028,643020176952153
772.9902,442.91748,789.77,428.32935,643020177171059,643020231168871
767.9673,493.61264,789.77,428.32935,643020231302778,643020292330434
758.1164,463.7087,772.9902,442.91748,643020293331371,643020347010903
785.22925,489.09787,785.22925,463.7087,643020347136423,643020399307309
753.6709,423.2295,772.9902,442.91748,643020399446111,643020452863246
756.6997,433.038,772.9902,442.91748,643020452977048,643020511039444
759.8328,446.66956,759.8328,442.91748,643020511233298,643020563155069
814.23175,1147.1791,772.9902,442.91748,643020563286840,643020618506371
825.7117,1055.3544,772.9902,446.66956,643020618657309,643020670621632
779.5245,1051.6454,779.5245,1051.6454,643020670777257,643020727324861
761.67114,1003.1912,772.9902,1003.1912,643020727473663,643020789541371
730.8834,978.8312,772.9902,1003.1912,643020789741059,643020845989913
730.8006,984.68854,761.67114,1003.1912,643020846127465,643020891763559
716.11426,979.5714,730.8834,984.68854,643020891899548,643020937910434
734.7355,981.1772,734.7355,984.68854,643020938442986,643020987388559
757.2587,980.9145,734.7355,981.1772,643020987760434,643021035273038
690.51697,975.2657,734.7355,981.1772,643021035421788,643021083203871
719.95685,934.15576,734.7355,980.9145,643021083381527,643021133029652
700.28815,1089.9121,719.95685,981.1772,643021133145850,643021191869444
706.8611,1053.0073,719.95685,981.1772,643021192148871,643021246604079
726.2576,1046.0981,719.95685,1046.0981,643021246744183,643021298295329
665.3561,988.35114,719.95685,988.35114,643021298417673,643021358754027
710.26166,1070.2628,719.95685,1046.0981,643021358877517,643021413846996
701.2227,1180.3864,710.26166,1046.0981,643021414053871,643021471898506
728.37305,1201.6753,719.95685,1070.2628,643021472156371,643021521182152
742.5531,1167.6323,719.95685,1167.6323,643021521446944,643021575120538
759.9409,1264.9862,728.37305,1167.6323,643021575293298,643021626675798
739.6609,1176.1976,739.6609,1167.6323,643021626854965,643021684165537
641.6584,357.08493,728.37305,1167.6323,643021684290590,643021742325746
660.1582,274.46082,728.37305,1167.6323,643021742507725,643021804465121
650.19775,287.45212,660.1582,357.08493,643021804666267,643021859349912
634.2941,207.81337,660.1582,287.45212,643021859553819,643021915752100
604.60974,284.4882,650.19775,287.45212,643021915866735,643021987016683
615.05695,279.3925,634.2941,284.4882,643021987173246,643022046990850
624.3894,316.77322,624.3894,287.45212,643022047102308,643022099582360
824.8496,261.33365,634.2941,284.4882,643022099699287,643022157265537
870.9242,349.9003,634.2941,287.45212,643022157447308,643022215870121
890.61633,325.92307,824.8496,287.45212,643022215996475,643022265548037
876.27014,297.68173,870.9242,297.68173,643022265677256,643022316591214
872.34674,281.10684,872.34674,287.45212,643022316715173,643022373731318
892.09485,281.9565,872.34674,287.45212,643022373942829,643022430593871
821.12164,231.60968,872.34674,281.9565,643022430744131,643022486203975
671.2387,218.92705,872.34674,281.9565,643022486325641,643022540101058
635.9549,187.49959,821.12164,231.60968,643022540256370,643022584253141
599.1701,154.49947,671.2387,218.92705,643022585222256,643022635594600
587.36676,179.71835,635.9549,187.49959,643022635821058,643022684601370
599.69794,156.3944,599.69794,179.71835,643022685207829,643022741085902
634.00574,165.57008,634.00574,179.71835,643022741228245,643022794329391
612.17804,207.87387,612.17804,179.71835,643022794463975,643022840656891
655.00494,371.35748,634.00574,179.71835,643022840846318,643022897706943
730.19434,1508.2211,634.00574,207.87387,643022897818089,643022952952829
748.02545,1538.9678,655.00494,371.35748,643022953154547,643023003607204
743.8107,1508.416,730.19434,1508.2211,643023003963818,643023052990016
764.7051,1470.6772,743.8107,1470.6772,643023053204912,643023100062412
761.9015,1496.7252,743.8107,1496.7252,643023100641422,643023160296422
761.6579,1459.4504,761.6579,1470.6772,643023160441943,643023211879026
742.7683,1495.3821,743.8107,1495.3821,643023212060172,643023260638974
745.25165,1466.7484,745.25165,1470.6772,643023260761683,643023318822568
727.0603,1532.8625,743.8107,1495.3821,643023318999808,643023380296110
742.5128,1459.7104,743.8107,1470.6772,643023380421318,643023431556891
753.9089,1572.7131,743.8107,1495.3821,643023431695328,643023485728974
750.46967,1534.5792,743.8107,1495.3821,643023485948714,643023540402881
744.00934,1589.5748,744.00934,1534.5792,643023540560797,643023593952568
750.9174,1457.4026,744.00934,1495.3821,643023594091995,643023644462620
757.3449,1481.5781,744.00934,1495.3821,643023644601422,643023697058610
734.5753,1398.2145,744.00934,1481.5781,643023697188037,643023752954912
741.03375,1502.2839,744.00934,1495.3821,643023753240016,643023810436057
742.2206,1530.7262,742.2206,1495.3821,643023810560745,643023864164651
679.004,1506.6785,742.2206,1502.2839,643023864307047,643023930783193
734.46106,1504.4762,742.2206,1504.4762,643023930915693,643023996041578
736.3569,895.121,736.3569,1502.2839,643023996162307,643024044646734
807.6227,464.62753,742.2206,1502.2839,643024044795484,643024096755172
746.8008,337.49246,742.2206,895.121,643024096903349,643024149642776
746.5309,311.29257,746.5309,464.62753,643024149859755,643024201722880
725.43286,294.4533,742.2206,337.49246,643024201860432,643024252539130
733.63904,349.73062,742.2206,349.73062,643024252677776,643024301260380
739.0672,296.54562,739.0672,337.49246,643024301401161,643024357144182
717.54663,364.92123,739.0672,349.73062,643024357279130,643024412928193
725.98444,335.1075,739.0672,337.49246,643024413074286,643024461076630
684.36115,383.60016,725.98444,349.73062,643024461209495,643024513888870
643.4947,458.66656,725.98444,349.73062,643024514027672,643024564073245
639.69556,453.5589,684.36115,383.60016,643024564307203,643024615267359
618.85345,436.50195,643.4947,436.50195,643024615419130,643024666552359
602.0248,377.64798,639.69556,383.60016,643024666707151,643024731813870
646.44446,380.20865,643.4947,383.60016,643024732122620,643024776803036
621.38574,177.17764,639.69556,380.20865,643024776937724,643024830686213
651.4623,119.45021,643.4947,380.20865,643024830824755,643024884406265
618.92285,131.49358,639.69556,177.17764,643024884555172,643024937472203
604.48346,12.819625,639.69556,131.49358,643024938391370,643024988347255
637.54626,-31.260778,637.54626,131.49358,643024989278870,643025043004547
557.1167,182.34224,637.54626,131.49358,643025043148870,643025103383349
573.0203,50.27067,637.54626,131.49358,643025103627463,643025154494234
592.32635,72.28847,592.32635,131.49358,643025154715849,643025213808922
575.8144,127.2639,592.32635,127.2639,643025214034494,643025276594390
607.6138,93.61756,592.32635,127.2639,643025276735484,643025322387151
603.3078,80.03316,592.32635,127.2639,643025322527359,643025372212255
832.6583,69.240135,603.3078,93.61756,643025372338817,643025435558244
879.0337,98.13344,603.3078,98.13344,643025435756317,643025489761526
881.5235,78.27838,832.6583,93.61756,643025489886994,643025543375536
849.604,112.64418,849.604,98.13344,643025543524494,643025604727098
782.32697,133.67108,832.6583,98.13344,643025604881161,643025663552046
709.1821,146.2589,832.6583,112.64418,643025663770171,643025716263713
674.29407,131.7699,782.32697,131.7699,643025716449859,643025770305848
681.63947,145.59581,709.1821,131.7699,643025770438661,643025828986630
598.5022,173.86406,681.63947,131.7699,643025829122307,643025890177932
602.9217,133.92108,681.63947,133.92108,643025890294390,643025945176265
549.4209,153.56383,602.9217,133.92108,643025946013921,643026003167255
808.2546,1235.2787,681.63947,133.92108,643026003306317,643026068596473
768.3261,1261.2787,681.63947,153.56383,643026070408192,643026126032463
789.85046,1233.5126,768.3261,1233.5126,643026126142880,643026176390744
798.6958,1273.7224,768.3261,1233.5126,643026176554807,643026230785015
700.2281,1523.2148,768.3261,1233.5126,643026230988088,643026285041629
683.9106,1617.2367,768.3261,1273.7224,643026285213765,643026332163244
653.9728,1615.446,700.2281,1523.2148,643026332358088,643026390249754
643.4117,1641.8707,683.9106,1615.446,643026390364129,643026449291838
661.9411,1591.8434,661.9411,1591.8434,643026449471681,643026502663609
639.68414,1504.4745,661.9411,1591.8434,643026502802463,643026561501265
861.1185,1439.8362,661.9411,1591.8434,643026561668973,643026609565431
944.7498,1429.585,661.9411,1504.4745,643026609732202,643026662356681
957.2702,1420.8027,861.1185,1439.8362,643026662575327,643026714083348
959.868,1397.1522,944.7498,1429.585,643026714279911,643026762773296
890.10175,1552.8036,890.10175,1439.8362,643026762981942,643026829884233
800.39825,1567.4418,890.10175,1439.8362,643026830112931,643026884426994
712.6407,1523.8003,890.10175,1523.8003,643026884600744,643026937493973
752.93256,1660.8135,800.39825,1523.8003,643026937626890,643026985607358
778.576,1673.913,778.576,1523.8003,643026986415744,643027036342410
671.692,1663.6421,778.576,1660.8135,643027036473244,643027112419233
717.53265,1428.369,778.576,1523.8003,643027112666785,643027168325952
825.57336,1348.4585,778.576,1523.8003,643027168464337,643027222042723
808.7223,1250.8467,778.576,1428.369,643027222185275,643027274593452
814.31366,1236.1887,808.7223,1348.4585,643027274788400,643027324515952
803.7488,334.38425,803.7488,1250.8467,643027324983817,643027388637410
788.6653,355.2406,803.7488,1236.1887,643027388766785,643027444570223
812.1587,404.15515,803.7488,404.15515,643027444779494,643027497839181
835.3408,563.66174,803.7488,563.66174,643027497975379,643027548304025
911.0665,1482.4093,812.1587,563.66174,643027548526733,643027604879754
919.1338,1626.2314,835.3408,563.66174,643027605040275,643027659632827
940.0927,1637.8738,911.0665,1482.4093,643027659825171,643027703875900
942.5749,1648.2983,919.1338,1626.2314,643027704050796,643027763021785
960.18695,1647.8552,940.0927,1637.8738,643027763207775,643027818417879
959.789,1671.0757,942.5749,1647.8552,643027818593660,643027867253348
870.71326,1602.1674,940.0927,1637.8738,643027867387306,643027924148191
769.6069,1519.1251,940.0927,1637.8738,643027924268973,643027977859233
761.21545,1509.8074,870.71326,1602.1674,643027978060483,643028034692202
747.8463,1371.8735,769.6069,1519.1251,643028034818556,643028106349077
754.8697,1275.777,761.21545,1509.8074,643028106505118,643028168488972
736.65295,1165.5369,754.8697,1371.8735,643028168641941,643028237827254
741.75977,1180.5726,754.8697,1275.777,643028237960118,643028287758972
747.45416,1140.3602,747.45416,1180.5726,643028287906837,643028339936212
780.72626,757.55505,754.8697,1180.5726,643028340117358,643028409870274
765.5122,343.89285,754.8697,1140.3602,643028410133347,643028462354285
780.3047,287.86008,765.5122,757.55505,643028462514910,643028518608660
788.34717,309.16492,765.5122,343.89285,643028519148035,643028570978868
772.80505,307.45804,772.80505,309.16492,643028571132879,643028627421004
726.89166,376.58603,765.5122,343.89285,643028628026472,643028686191212
757.24036,335.7252,765.5122,335.7252,643028686415014,643028734254597
747.0309,321.79486,757.24036,335.7252,643028734488035,643028792172722
724.2659,331.98773,757.24036,335.7252,643028792377983,643028854710014
728.06384,331.34976,747.0309,331.98773,643028854829910,643028922315743
755.5507,364.45505,755.5507,335.7252,643028922429806,643028967904806
757.8314,317.1236,755.5507,331.98773,643028968069597,643029030004128
674.2564,301.29303,755.5507,331.98773,643029030126368,643029081938555
730.6151,279.5174,755.5507,317.1236,643029082069285,643029135121941
741.5955,313.22614,741.5955,313.22614,643029135266628,643029208620535
683.665,340.24023,741.5955,317.1236,643029208828243,643029266185222
673.999,299.0346,741.5955,313.22614,643029266322045,643029324944962
709.36176,333.41263,709.36176,317.1236,643029325080014,643029372648399
767.89935,354.0038,741.5955,317.1236,643029373181472,643029429534857
727.01434,342.5124,727.01434,333.41263,643029431877878,643029491692149
734.4676,336.89825,734.4676,336.89825,643029491845899,643029545908607
735.1388,273.8636,734.4676,333.41263,643029546248087,643029609071003
774.4757,287.41418,734.4676,333.41263,643029609267670,643029660583972
738.3137,325.74753,735.1388,325.74753,643029660719284,643029724767514
730.20355,329.25098,734.4676,329.25098,643029724999701,643029771515691
842.2473,1239.5345,735.1388,329.25098,643029771727774,643029834266524
863.48303,1436.543,735.1388,329.25098,643029834410274,643029886976524
855.3704,1518.788,842.2473,1239.5345,643029887113555,643029943216263
866.73737,1462.3615,855.3704,1436.543,643029943418607,643029996472149
858.78925,1394.899,855.3704,1394.899,643029996596888,643030051253191
837.68304,1478.1798,855.3704,1436.543,643030051375170,643030104795899
784.5275,1456.3375,855.3704,1436.543,643030104960847,643030165366836
823.765,1524.0704,837.68304,1456.3375,643030166711368,643030225681628
800.9238,1599.0854,823.765,1456.3375,643030225904701,643030281938295
819.52167,1533.2028,823.765,1524.0704,643030282085222,643030345166472
831.92255,1722.1091,823.765,1533.2028,643030345304388,643030401454961
816.8959,1759.8066,823.765,1533.2028,643030401590117,643030456906784
815.04755,1721.242,823.765,1721.242,643030457625847,643030513306107
819.53595,1747.8949,819.53595,1721.242,643030514067722,643030567833763
801.78656,1741.6082,819.53595,1721.242,643030567967982,643030650317357
748.4254,388.73718,819.53595,1721.242,643030650436419,643030701803607
772.8748,388.22403,801.78656,1721.242,643030701949024,643030760499232
808.8129,398.20514,808.8129,398.20514,643030760607357,643030806979649
762.26294,390.03107,801.78656,398.20514,643030807186940,643030863846003
766.7567,385.34787,801.78656,398.20514,643030864151159,643030921520951
773.79004,397.94086,773.79004,397.94086,643030921771680,643030971085899
763.21747,347.06064,773.79004,397.94086,643030971267149,643031017766107
755.2063,364.56592,773.79004,397.94086,643031017931732,643031072857253
717.64624,331.88586,763.21747,364.56592,643031073470846,643031127789388
697.5243,338.29214,755.2063,364.56592,643031127941003,643031193311888
694.44275,288.0242,717.64624,338.29214,643031193478346,643031261489961
707.56415,280.12433,707.56415,338.29214,643031261627773,643031312140794
696.7126,246.99435,707.56415,288.0242,643031312289023,643031367200065
695.4352,305.72745,707.56415,305.72745,643031367354596,643031434407357
750.8008,763.2165,707.56415,305.72745,643031434525430,643031478623919
770.10767,698.55347,707.56415,305.72745,643031478775221,643031542408190
768.34094,690.4411,750.8008,690.4411,643031542549805,643031600727305
793.3401,723.04205,768.34094,690.4411,643031600868138,643031650899700
776.3845,680.35706,768.34094,690.4411,643031651046680,643031709107877
770.2199,695.5174,770.2199,690.4411,643031709594336,643031768394179
787.3797,670.9186,770.2199,690.4411,643031769059232,643031827472825
718.0496,401.76993,770.2199,690.4411,643031827615898,643031899723086
682.3208,356.9301,770.2199,670.9186,643031899851575,643031946713138
721.981,334.2343,721.981,401.76993,643031946854231,643032004807513
705.0244,332.73587,721.981,356.9301,643032004949648,643032073220117
715.9616,340.18454,721.981,340.18454,643032073423659,643032130931211
708.2451,328.32446,715.9616,340.18454,643032131080481,643032196475846
699.94366,339.31735,715.9616,340.18454,643032196603294,643032256717669
721.166,358.36127,715.9616,340.18454,643032256904804,643032302958919
683.6233,305.43286,715.9616,340.18454,643032303112565,643032380275481
709.37537,262.89838,715.9616,340.18454,643032380415065,643032431362773
671.863,287.2439,709.37537,305.43286,643032431512877,643032483356315
752.3169,551.8085,715.9616,340.18454,643032483687252,643032543519752
825.0363,1146.3109,715.9616,340.18454,643032544355533,643032600971002
791.2304,1177.6489,752.3169,551.8085,643032601672721,643032654936627
806.65247,1233.1449,791.2304,1146.3109,643032655126627,643032710942565
818.42523,1282.6893,791.2304,1177.6489,643032711108606,643032765390950
859.9069,1368.5131,806.65247,1233.1449,643032765510064,643032823957460
810.5995,1450.3822,810.5995,1282.6893,643032824143606,643032876230273
799.0443,1602.6943,806.65247,1368.5131,643032876363554,643032927056471
869.3675,1642.9935,810.5995,1450.3822,643032927200898,643032990036523
887.78674,1616.9825,810.5995,1602.6943,643032990174387,643033042072044
923.9879,1809.1682,869.3675,1616.9825,643033042198919,643033097502512
946.16113,1697.796,887.78674,1616.9825,643033097664023,643033146485325
931.73224,1661.7385,923.9879,1661.7385,643033146638033,643033199738293
896.5536,1683.3151,896.5536,1661.7385,643033199844283,643033254190898
798.95886,987.2389,896.5536,1661.7385,643033254378762,643033299533033
714.073,527.7578,896.5536,1661.7385,643033299696939,643033353181627
529.57825,48.148937,798.95886,987.2389,643033353375637,643033418669439
663.3371,335.8521,714.073,527.7578,643033419737929,643033466621939
618.8218,220.13245,663.3371,335.8521,643033466849908,643033516143398
694.69867,237.75577,694.69867,335.8521,643033516345168,643033568554179
678.8386,212.3392,678.8386,237.75577,643033568793033,643033616638345
675.6632,198.27223,678.8386,237.75577,643033616848085,643033669813397
732.61206,304.94852,678.8386,237.75577,643033669968814,643033731092877
782.0934,337.11026,678.8386,237.75577,643033731858762,643033782852720
767.10474,284.71222,732.61206,284.71222,643033783036314,643033831022200
771.07526,310.39087,767.10474,284.71222,643033831771731,643033883554179
783.1804,298.32803,767.10474,284.71222,643033883729543,643033934472199
782.6766,338.5917,771.07526,298.32803,643033934628345,643033979849127
784.85443,298.35394,782.6766,298.32803,643033979962304,643034031317304
763.22266,283.34302,771.07526,298.32803,643034031466366,643034078282512
806.6168,377.85,782.6766,298.32803,643034078411939,643034130528970
819.23596,308.18588,782.6766,298.32803,643034130739126,643034182984022
786.3326,348.4381,786.3326,308.18588,643034183226262,643034235770533
791.3087,395.85184,786.3326,308.18588,643034235972929,643034279929387
789.57587,333.21118,786.3326,333.21118,643034280067095,643034330760689
779.14716,287.30865,786.3326,308.18588,643034330873918,643034381266053
734.8152,315.71762,786.3326,315.71762,643034381600689,643034431330481
728.7493,320.13794,779.14716,315.71762,643034431526053,643034479262772
732.7828,370.60895,734.8152,315.71762,643034479391210,643034525560272
768.79944,342.94,768.79944,320.13794,643034525782460,643034572986470
764.17615,325.4193,764.17615,325.4193,643034573229595,643034624222616
750.6361,240.02943,764.17615,320.13794,643034624439543,643034672183137
774.5931,278.71915,764.17615,320.13794,643034672497616,643034717295480
741.9082,260.68787,764.17615,278.71915,643034718051730,643034765113032
740.50195,308.29385,764.17615,308.29385,643034765302303,643034810403866
783.02313,813.1941,764.17615,308.29385,643034810518762,643034867164126
752.0679,1072.7273,764.17615,308.29385,643034868678814,643034919551678
768.6149,1095.288,764.17615,813.1941,643034919699230,643034968998189
759.8926,1061.2379,764.17615,1061.2379,643034969224751,643035013165584
760.68835,1020.17615,764.17615,1020.17615,643035013318553,643035082380689
714.7537,1023.19916,760.68835,1023.19916,643035082621418,643035131252095
770.56085,926.03204,764.17615,1020.17615,643035132095220,643035177569543
762.76245,929.136,762.76245,1020.17615,643035178279439,643035226455064
781.38416,971.3927,764.17615,971.3927,643035226612876,643035274213970
777.9354,1001.5065,764.17615,1001.5065,643035274315064,643035319974334
690.4631,360.4333,764.17615,971.3927,643035320115741,643035368335689
667.87714,390.84595,764.17615,971.3927,643035368546991,643035414470220
671.0825,363.1757,690.4631,390.84595,643035414633709,643035468923918
676.7405,330.05893,676.7405,390.84595,643035469135011,643035513372355
677.4919,320.6355,677.4919,363.1757,643035513483501,643035561110480
686.2219,308.1001,677.4919,330.05893,643035561318553,643035609161574
680.1707,258.10416,677.4919,320.6355,643035609379647,643035655775324
698.2171,272.61948,680.1707,308.1001,643035656048136,643035707315897
727.4843,197.25075,680.1707,272.61948,643035707551730,643035758944855
742.12476,193.40941,698.2171,272.61948,643035759161522,643035809800584
741.7936,235.55782,727.4843,235.55782,643035810015324,643035858269699
772.47375,202.90164,741.7936,235.55782,643035858411782,643035911705063
727.5527,233.62653,727.5527,235.55782,643035911862459,643035958345949
757.71906,235.91554,741.7936,235.55782,643035958530324,643036009722563
735.5131,245.75613,735.5131,235.55782,643036009876209,643036078790376
739.5207,230.3388,739.5207,235.55782,643036078943240,643036131211730
774.38684,248.47168,739.5207,235.55782,643036131449178,643036185379230
721.20197,271.82663,739.5207,235.55782,643036185587459,643036250953709
742.709,320.49875,739.5207,248.47168,643036252785480,643036315545376
858.6573,1335.8538,739.5207,271.82663,643036315675584,643036365818761
790.727,1524.2101,742.709,320.49875,643036365980688,643036419043084
815.7228,1528.6245,790.727,1335.8538,643036419166574,643036476054438
816.26306,1516.7303,790.727,1516.7303,643036476169178,643036533121990
818.98145,1644.7712,815.7228,1516.7303,643036533292355,643036601197407
794.0982,1660.3883,794.0982,1516.7303,643036601776626,643036655638709
921.29987,1545.0579,815.7228,1545.0579,643036655772876,643036712928396
989.4608,1507.7587,815.7228,1516.7303,643036713097459,643036763262094
986.6281,1522.5835,921.29987,1522.5835,643036763455375,643036816167771
960.1831,1519.2421,960.1831,1519.2421,643036816286938,643036863599959
632.19214,1649.2996,921.29987,1522.5835,643036863775896,643036919595948
475.14105,1603.7701,921.29987,1522.5835,643036919731730,643036986073240
461.8608,1623.8293,632.19214,1603.7701,643036986210636,643037047255636
446.06155,1639.011,475.14105,1603.7701,643037048529907,643037096585532
425.1611,1703.0433,461.8608,1623.8293,643037096720688,643037153951417
436.8357,1526.9277,446.06155,1603.7701,643037154091000,643037212965636
444.7212,1673.5096,444.7212,1623.8293,643037213116521,643037279146729
851.3798,1610.2295,446.06155,1610.2295,643037279373552,643037325448448
912.6851,1715.6774,446.06155,1623.8293,643037325551104,643037375954177
926.42975,1683.27,851.3798,1623.8293,643037376392979,643037423596677
944.6214,1530.5437,912.6851,1623.8293,643037423723813,643037475134073
952.95294,1582.0652,926.42975,1623.8293,643037475341521,643037525786729
959.0257,1569.7932,944.6214,1582.0652,643037525954542,643037580136000
959.48267,1553.0424,952.95294,1582.0652,643037580362511,643037624105636
893.4432,954.14923,944.6214,1569.7932,643037624216729,643037675662875
438.8221,664.35535,944.6214,1553.0424,643037675836261,643037721957823
640.27295,-0.023930585,893.4432,954.14923,643037722081886,643037771314177
810.29034,219.57059,810.29034,664.35535,643037771542875,643037819144958
712.0034,177.59073,810.29034,219.57059,643037819293604,643037874828240
741.7923,187.88982,810.29034,219.57059,643037875005271,643037930365479
721.29443,128.68912,741.7923,187.88982,643037930560635,643037996968708
720.12866,180.28577,741.7923,187.88982,643037997105896,643038050874333
745.4388,214.88533,741.7923,187.88982,643038050995323,643038104277510
721.6802,120.60116,741.7923,187.88982,643038104430167,643038154936417
787.6973,247.47346,741.7923,187.88982,643038155075740,643038211186417
827.47144,278.12704,741.7923,187.88982,643038211309021,643038267045219
817.3059,325.93826,787.6973,247.47346,643038267198500,643038317497510
833.12305,294.81497,817.3059,278.12704,643038317632094,643038381645323
816.39166,313.12112,816.39166,294.81497,643038381769802,643038428688864
824.3333,307.0,817.3059,294.81497,643038428824489,643038482395375
720.07806,546.1972,816.39166,307.0,643038482969854,643038545718187
732.4781,575.55804,816.39166,307.0,643038545861260,643038599206469
708.8862,623.34656,732.4781,546.1972,643038599335271,643038657998083
671.9547,528.9618,732.4781,528.9618,643038658214593,643038717368448
675.86646,476.84015,708.8862,528.9618,643038717512562,643038790792302
790.58167,298.31122,732.4781,528.9618,643038791000948,643038852162562
822.8816,268.31918,732.4781,476.84015,643038852302823,643038906510739
826.21484,291.8553,790.58167,298.31122,643038906654541,643038958907614
823.4423,207.8838,822.8816,291.8553,643038959110739,643039016968916
827.7639,228.6896,823.4423,291.8553,643039017096677,643039069470531
822.32166,235.98645,822.8816,235.98645,643039069987979,643039126228083
842.3612,278.72455,823.4423,278.72455,643039126406468,643039182740270
856.907,1512.1222,823.4423,278.72455,643039183977093,643039237209125
815.39404,1502.0197,823.4423,278.72455,643039237372145,643039289691572
786.9206,1525.5349,823.4423,1502.0197,643039289894072,643039340246624
823.7747,1507.4912,823.4423,1502.0197,643039340402927,643039392860999
796.9212,1549.7247,823.4423,1507.4912,643039393030635,643039451983343
765.2067,1577.3749,823.4423,1507.4912,643039452162874,643039505298760
718.78357,1686.2024,796.9212,1549.7247,643039506235427,643039558145583
681.52,1666.9016,765.2067,1577.3749,643039558375583,643039617054801
714.2866,1620.2225,718.78357,1620.2225,643039617240947,643039665155635
737.36914,1521.0769,737.36914,1577.3749,643039665393083,643039717654854
760.3306,1607.2699,737.36914,1607.2699,643039717798968,643039770699385
771.20575,1625.4012,737.36914,1607.2699,643039770820791,643039823245687
815.81494,1585.1272,760.3306,1607.2699,643039823463812,643039873477874
763.264,1579.7676,763.264,1607.2699,643039873604958,643039921917978
769.2276,1564.1492,763.264,1585.1272,643039922163708,643039971397301
780.53235,1564.4982,763.264,1579.7676,643039971912405,643040022665218
802.7564,1632.5355,769.2276,1585.1272,643040022868030,643040090151937
718.87836,1592.19,763.264,1585.1272,643040090344645,643040148604437
771.0354,1631.1101,769.2276,1592.19,643040148756260,643040202104957
715.33813,1624.1405,763.264,1592.19,643040202270062,643040266536832
745.9431,1668.0226,763.264,1624.1405,643040266670426,643040322829541
802.0186,1296.0825,763.264,1592.19,643040323014332,643040378591051
865.45374,988.4595,763.264,1592.19,643040378735270,643040434748707
872.53076,1077.0,802.0186,1296.0825,643040434882093,643040493574905
749.97955,500.9839,763.264,1077.0,643040493770009,643040551185270
829.1774,450.01083,802.0186,1077.0,643040551335895,643040610332145
810.1104,389.2493,802.0186,500.9839,643040610436884,643040665021051
845.35895,136.23103,810.1104,450.01083,643040665679749,643040727179853
858.5957,149.16856,810.1104,389.2493,643040727377926,643040775824332
854.2621,133.1124,845.35895,149.16856,643040776558082,643040831026728
844.46704,147.89915,844.46704,149.16856,643040831166364,643040887557145
845.55634,102.10581,845.35895,147.89915,643040887657666,643040939997978
839.0723,113.30708,844.46704,147.89915,643040940211832,643040987489436
849.6381,151.1171,845.35895,147.89915,643040987667093,643041043459228
862.8571,647.61127,845.35895,147.89915,643041043610478,643041097348759
812.1423,1365.8597,845.35895,151.1171,643041097474957,643041156572509
820.9028,1456.3688,845.35895,647.61127,643041157189436,643041213280999
817.60516,1412.8749,820.9028,1365.8597,643041213399593,643041270432405
824.99664,1495.43,824.99664,1412.8749,643041270670895,643041337522770
839.91583,1580.34,824.99664,1412.8749,643041337718707,643041393764332
793.1467,1595.3219,824.99664,1495.43,643041393878342,643041441117405
747.7773,1622.8872,824.99664,1580.34,643041441307249,643041496540738
692.84705,1696.1538,793.1467,1595.3219,643041496691103,643041550543551
713.1361,1696.5588,747.7773,1622.8872,643041550706728,643041607543759
670.3922,1652.4852,713.1361,1652.4852,643041607713915,643041658512249
703.7115,1706.8318,713.1361,1652.4852,643041658633603,643041704255322
710.3196,1791.9052,710.3196,1652.4852,643041704398030,643041774117717
733.1152,1748.9806,713.1361,1706.8318,643041774269644,643041826182821
738.98444,1753.259,713.1361,1748.9806,643041826304488,643041881194696
709.28876,1705.2521,713.1361,1706.8318,643041881336207,643041930840686
719.08746,1600.0651,713.1361,1706.8318,643041930980478,643041981562301
779.3488,1278.6093,713.1361,1705.2521,643041981739592,643042039510321
756.9613,1298.896,719.08746,1600.0651,643042039708811,643042097434176
729.5107,1300.5914,729.5107,1300.5914,643042097565269,643042155704488
745.8662,1215.9576,729.5107,1300.5914,643042155896728,643042205764540
704.2209,1130.4237,729.5107,1300.5914,643042205949592,643042271924853
708.57513,852.74774,729.5107,1215.9576,643042273293030,643042328322925
706.89417,472.75473,708.57513,1130.4237,643042328455738,643042392567196
705.27216,529.7793,708.57513,852.74774,643042392687196,643042440441936
711.2959,412.33627,708.57513,529.7793,643042441195217,643042497361780
730.3966,464.8939,708.57513,529.7793,643042497509540,643042567909019
711.28986,355.20523,711.28986,464.8939,643042568170946,643042622352352
696.26776,386.99902,708.57513,464.8939,643042622567561,643042675337509
679.27045,296.57193,708.57513,386.99902,643042675467457,643042731281623
689.0894,272.22025,696.26776,386.99902,643042731424904,643042782544540
658.48267,316.50192,689.0894,316.50192,643042782678811,643042832233706
676.9696,284.66956,689.0894,316.50192,643042832454175,643042890349592
657.69556,316.64142,676.9696,316.50192,643042890478134,643042937599384
699.8711,292.33603,689.0894,316.50192,643042937753811,643043003411623
681.9048,301.0486,681.9048,316.50192,643043003600477,643043055818394
641.1752,274.28326,681.9048,301.0486,643043055929227,643043104843863
646.9492,343.75418,681.9048,316.50192,643043104981675,643043159905061
661.0206,225.5853,661.0206,301.0486,643043160094071,643043220891415
661.8665,254.97017,661.8665,301.0486,643043221743654,643043276797665
689.13745,277.3421,661.8665,277.3421,643043276976988,643043354841571
676.4338,236.46378,661.8665,277.3421,643043354959904,643043403581415
699.2336,219.67606,676.4338,277.3421,643043403751883,643043449451571
753.5378,236.52159,676.4338,236.52159,643043449700008,643043499117612
800.79553,408.7898,699.2336,277.3421,643043499340529,643043573581519
816.2407,334.3874,753.5378,277.3421,643043573708550,643043633751935
703.9795,246.86433,703.9795,277.3421,643043633942300,643043707377717
640.27386,241.90706,703.9795,277.3421,643043707521571,643043758027977
657.875,242.97389,703.9795,246.86433,643043758141258,643043815058498
633.63654,307.64185,657.875,277.3421,643043815258133,643043871739800
797.1441,1030.4989,703.9795,277.3421,643043871882039,643043922968550
779.6957,1317.3971,703.9795,307.64185,643043923080789,643043997435737
763.3701,1241.7927,763.3701,1030.4989,643043998440894,643044044342196
786.57446,1297.5825,763.3701,1241.7927,643044044494487,643044099798029
805.0816,1295.5214,763.3701,1241.7927,643044099994279,643044160907300
777.38074,1265.2429,777.38074,1265.2429,643044161032196,643044213480529
723.36926,455.22275,763.3701,1241.7927,643044213691883,643044276084435
750.9356,410.99185,763.3701,1241.7927,643044276213185,643044331857664
718.1299,556.9615,750.9356,556.9615,643044332053289,643044376921206
805.57794,982.27484,763.3701,982.27484,643044377066518,643044429004487
837.1339,1769.5895,763.3701,982.27484,643044429121623,643044476833602
829.918,1839.3196,805.57794,982.27484,643044477035320,643044523616310
884.7745,1860.0337,829.918,1769.5895,643044523887508,643044569955164
826.60315,1640.9935,826.60315,1640.9935,643044570166831,643044644127768
856.04645,1596.3693,829.918,1640.9935,643044644266050,643044699914852
871.3976,1674.6086,829.918,1640.9935,643044700202404,643044757425477
850.3099,1694.0546,850.3099,1640.9935,643044757554070,643044810498966
839.1439,1637.654,839.1439,1640.9935,643044810646362,643044863873133
814.0697,1613.5582,839.1439,1640.9935,643044864022247,643044919277039
838.03674,1636.184,839.1439,1637.654,643044919458237,643044975003654
823.23663,1692.4707,838.03674,1640.9935,643044975144174,643045027540320
793.6748,1688.746,838.03674,1640.9935,643045027704904,643045083891258
527.73816,1371.0616,823.23663,1640.9935,643045084111674,643045131462716
530.93646,1181.3073,793.6748,1640.9935,643045131641726,643045186936570
541.59863,1227.3336,541.59863,1371.0616,643045187084174,643045240705216
554.04456,1230.8306,554.04456,1230.8306,643045240853758,643045295407612
548.6495,1193.2443,548.6495,1230.8306,643045295536101,643045340743601
707.42566,1084.7424,554.04456,1230.8306,643045340890060,643045391427403
723.6585,1026.7384,554.04456,1193.2443,643045391580893,643045440827508
743.4313,998.87256,707.42566,1084.7424,643045440979903,643045499891101
733.9468,949.15967,723.6585,1026.7384,643045500122820,643045547391726
740.44836,963.0253,733.9468,998.87256,643045548883080,643045623670580
724.65424,862.93304,724.65424,963.0253,643045623817872,643045677680737
774.03625,875.2053,733.9468,963.0253,643045677816414,643045737528445
644.802,499.41037,724.65424,875.2053,643045737675893,643045785518445
649.66284,438.9333,724.65424,875.2053,643045785784122,643045859383237
646.3261,402.30426,649.66284,499.41037,643045859518445,643045913278028
635.98267,384.2583,649.66284,438.9333,643045913511466,643045962718080
752.2763,376.85367,649.66284,402.30426,643045962964174,643046010581674
811.4085,334.19794,649.66284,384.2583,643046011222299,643046068203862
835.7452,238.41042,752.2763,376.85367,643046068328809,643046119286414
840.75757,297.21732,811.4085,334.19794,643046120118601,643046182801830
637.36444,208.46637,752.2763,297.21732,643046182925789,643046242795320
603.3354,253.64969,752.2763,297.21732,643046243660164,643046301315372
640.9338,259.444,640.9338,259.444,643046301432611,643046360250216
614.5586,198.6192,640.9338,259.444,643046360415007,643046413005788
872.0949,286.76868,640.9338,259.444,643046413245736,643046469060163
903.0716,286.5759,640.9338,259.444,643046469170372,643046524696049
864.7596,317.76703,864.7596,286.5759,643046524837143,643046575353236
869.76514,712.8241,864.7596,286.5759,643046575478705,643046634514226
790.8163,1183.3707,864.7596,317.76703,643046634648965,643046680091465
812.18726,1556.0275,864.7596,712.8241,643046680278757,643046734348392
823.92664,1560.9703,823.92664,1183.3707,643046735234903,643046788804174
787.5201,1540.5679,823.92664,1540.5679,643046788953080,643046841024695
807.39075,1595.6747,823.92664,1540.5679,643046841161205,643046893978132
854.7295,1533.3132,823.92664,1540.5679,643046894164486,643046947144226
877.7243,1604.9028,823.92664,1540.5679,643046947328132,643047004651726
765.34515,1638.377,823.92664,1540.5679,643047004767924,643047056213184
783.52246,1665.1886,823.92664,1604.9028,643047056382403,643047111871413
757.14044,1713.1511,783.52246,1638.377,643047112109851,643047174137871
761.7333,1747.5847,783.52246,1665.1886,643047174277871,643047237478601
863.649,1618.9022,783.52246,1638.377,643047237588340,643047291255996
843.8522,1699.3226,783.52246,1665.1886,643047291582455,643047341291465
795.56195,1614.0658,795.56195,1638.377,643047342824382,643047395102715
826.7258,1710.9111,795.56195,1665.1886,643047395293288,643047451187090
768.9264,1716.5667,795.56195,1665.1886,643047451299173,643047501528809
837.8157,1636.4799,795.56195,1665.1886,643047501732351,643047558722298
852.824,1626.5364,795.56195,1665.1886,643047559014226,643047615847767
861.9201,1696.4014,837.8157,1665.1886,643047616117298,643047663843496
861.1232,1659.3212,852.824,1665.1886,643047664141517,643047721507038
801.14856,1671.9264,837.8157,1665.1886,643047721672819,643047777208913
781.1343,1717.6119,837.8157,1665.1886,643047777443444,643047845274277
831.38043,1673.8986,831.38043,1671.9264,643047845469225,643047909983027
823.57263,1699.1519,831.38043,1673.8986,643047910173548,643047964451309
816.93536,1705.83,831.38043,1673.8986,643047964640527,643048015786725
786.20807,1700.623,823.57263,1699.1519,643048015917975,643048076126309
813.7055,1719.5905,816.93536,1700.623,643048076311465,643048121752611
832.4944,1731.3738,823.57263,1700.623,643048121921257,643048180117454
773.734,1659.6863,816.93536,1700.623,643048181311517,643048238922663
784.4583,1713.4214,816.93536,1700.623,643048239063444,643048293378756
773.04205,1713.1013,784.4583,1700.623,643048293564225,643048349563913
788.46814,1660.1766,788.46814,1700.623,643048349703600,643048423892715
781.1548,1674.951,784.4583,1700.623,643048424171465,643048476907663
778.74615,1649.0342,784.4583,1674.951,643048477041829,643048519529642
769.75995,1637.732,781.1548,1674.951,643048519682975,643048573645527
751.793,1674.5745,778.74615,1674.5745,643048575008496,643048632493288
751.11066,1753.7521,769.75995,1674.951,643048632632090,643048684697454
804.6684,1680.8728,778.74615,1674.951,643048684861048,643048735932610
739.63464,1616.0011,769.75995,1674.951,643048736220423,643048786912194
723.40967,1636.5829,769.75995,1674.951,643048787061048,643048844386569
769.7507,1410.0521,769.7507,1636.5829,643048844525371,643048893989590
683.4395,1112.8809,769.7507,1636.5829,643048894119902,643048945869537
711.62823,1011.8712,769.7507,1410.0521,643048946027558,643048994599850
713.8269,967.4529,713.8269,1112.8809,643048994790215,643049047530527
723.00195,1012.36536,723.00195,1012.36536,643049047749017,643049110032246
748.9579,1019.21204,723.00195,1019.21204,643049110233652,643049163124694
801.0888,1123.8307,723.00195,1019.21204,643049163315423,643049217484277
795.6208,987.23425,748.9579,1019.21204,643049217706360,643049276395162
757.17426,713.3029,757.17426,1019.21204,643049276605475,643049326762610
731.45325,448.61313,748.9579,987.23425,643049326958392,643049401729641
689.49554,355.93625,748.9579,713.3029,643049401852871,643049457415631
703.8919,324.19507,731.45325,448.61313,643049457624902,643049515151100
691.9423,287.2488,703.8919,355.93625,643049515278079,643049568806360
703.51416,226.40364,703.8919,324.19507,643049568923808,643049618399537
649.4936,212.83406,703.51416,287.2488,643049618633079,643049675278079
640.9344,259.8121,703.51416,259.8121,643049675397193,643049724434693
341.34872,138.64978,649.4936,259.8121,643049724629173,643049785802298
649.1961,-33.45005,649.1961,259.8121,643049785934433,643049839093391
662.9489,366.00793,649.4936,259.8121,643049839278079,643049893414693
755.8811,111.80562,649.4936,259.8121,643049894372766,643049951775891
753.44275,150.42085,662.9489,259.8121,643049951907610,643050010704954
741.8102,145.86562,741.8102,150.42085,643050010866568,643050059971360
712.8101,152.25664,712.8101,152.25664,643050060122506,643050108565266
711.4673,176.71095,712.8101,152.25664,643050108755318,643050154287662
628.31055,138.62144,712.8101,152.25664,643050159397297,643050231927089
611.0707,149.87392,711.4673,152.25664,643050232105579,643050284939277
592.864,156.96223,628.31055,152.25664,643050285096672,643050345025214
630.36084,97.20344,630.36084,152.25664,643050345591829,643050411527297
672.8461,167.18073,630.36084,152.25664,643050411659849,643050461579120
722.4393,213.08897,630.36084,152.25664,643050461707401,643050520603704
373.47906,748.0587,630.36084,167.18073,643050520801881,643050572650006
345.31836,664.11053,630.36084,213.08897,643050572869329,643050627531568
729.1699,71.56896,630.36084,167.18073,643050627668912,643050681924381
739.7693,150.54433,630.36084,167.18073,643050682406151,643050731954693
646.4581,98.85736,646.4581,150.54433,643050732146308,643050785643443
659.8399,71.99702,646.4581,150.54433,643050785832922,643050840465943
707.3533,91.53408,646.4581,98.85736,643050840625214,643050889353287
734.5904,187.70468,659.8399,150.54433,643050889596464,643050939951255
702.45087,170.54669,702.45087,150.54433,643050940178078,643050987067297
803.59247,1306.7644,702.45087,170.54669,643050987263130,643051039154328
805.1626,1587.8303,702.45087,170.54669,643051039365995,643051090668026
794.0223,1641.8334,794.0223,1306.7644,643051090942662,643051143279380
779.3114,1650.6107,779.3114,1587.8303,643051144193651,643051193185735
831.44794,1544.4348,794.0223,1544.4348,643051193319068,643051241724849
877.82465,1678.7079,794.0223,1587.8303,643051241935839,643051293002037
857.1146,1625.9307,831.44794,1587.8303,643051293172922,643051344556151
812.23663,1599.6913,812.23663,1599.6913,643051344758859,643051396738964
727.60004,1750.8905,812.23663,1599.6913,643051396882453,643051450571568
677.03503,1738.2692,812.23663,1599.6913,643051450921620,643051501008547
578.8972,1701.6698,727.60004,1701.6698,643051501159797,643051552598807
528.1726,1637.7632,677.03503,1637.7632,643051552724172,643051598581307
574.2069,1731.3633,578.8972,1701.6698,643051598798286,643051648193703
532.52734,1698.0933,574.2069,1698.0933,643051648424328,643051720250005
542.8833,1781.8185,574.2069,1701.6698,643051720426099,643051767804432
614.5739,1820.6566,574.2069,1701.6698,643051767949797,643051817552870
500.32565,1781.4406,574.2069,1781.4406,643051817763651,643051869311776
779.9593,1661.8312,574.2069,1701.6698,643051869508391,643051914819588
859.03485,1583.418,574.2069,1701.6698,643051914943807,643051959493130
873.5067,1550.54,779.9593,1661.8312,643051959671203,643052014623911
950.46185,1607.9646,859.03485,1607.9646,643052014832297,643052063613078
956.72125,1585.5603,873.5067,1607.9646,643052063883443,643052112490005
935.8793,1599.8564,935.8793,1607.9646,643052112696932,643052158077140
927.9213,1575.8857,927.9213,1599.8564,643052158266620,643052206831463
896.9527,1581.14,927.9213,1599.8564,643052207033755,643052253651463
888.37585,1673.0101,927.9213,1599.8564,643052253783130,643052309401203
933.39996,1587.8518,927.9213,1599.8564,643052309899172,643052367753547
909.2031,1558.6053,927.9213,1599.8564,643052368125526,643052412519172
912.04333,1564.2435,927.9213,1587.8518,643052412663182,643052456515109
889.54126,1576.1987,912.04333,1576.1987,643052456643547,643052504313026
728.09015,1273.2146,912.04333,1576.1987,643052504484276,643052568863234
719.5514,1287.2135,889.54126,1576.1987,643052569077869,643052617384172
769.10126,1129.3948,769.10126,1287.2135,643052617676672,643052665831724
769.47034,1149.0011,769.47034,1287.2135,643052666641724,643052721354067
772.01276,1118.3077,769.47034,1149.0011,643052721538390,643052770679849
753.025,1077.788,769.47034,1149.0011,643052770893963,643052814727088
818.2861,771.6126,769.47034,1118.3077,643052814939744,643052866613234
754.59186,195.68477,769.47034,1077.788,643052866838286,643052918416619
750.2518,208.1405,769.47034,771.6126,643052918635838,643052970682921
746.72375,239.13026,754.59186,239.13026,643052971513182,643053016249328
754.34595,244.10867,754.34595,244.10867,643053016963494,643053071874275
765.6062,277.39783,754.59186,244.10867,643053072092505,643053130876098
771.4487,358.40002,754.59186,244.10867,643053131012036,643053186154536
820.1943,359.56332,765.6062,277.39783,643053187177453,643053243679640
790.7563,346.19638,771.4487,346.19638,643053243855838,643053294536567
790.227,368.30624,790.227,346.19638,643053294668598,643053347727713
796.50726,442.49207,790.227,346.19638,643053348581046,643053405394380
802.04175,343.4536,790.227,346.19638,643053405501671,643053453732661
796.10144,390.6379,796.10144,346.19638,643053453856098,643053500495421
726.5619,282.70874,790.227,346.19638,643053500732452,643053547578650
659.23706,182.2986,790.227,346.19638,643053547768807,643053594482140
706.619,185.86063,726.5619,282.70874,643053594617504,643053644867244
612.8974,182.97928,706.619,185.86063,643053644977088,643053690980734
636.8464,206.33441,706.619,206.33441,643053691221671,643053741787452
628.15186,165.24324,636.8464,185.86063,643053742032817,643053816275890
578.1697,184.99431,636.8464,185.86063,643053816430265,643053867068598
594.4164,325.1555,628.15186,185.86063,643053867301098,643053912891150
772.3128,1131.0879,636.8464,185.86063,643053913014275,643053965631254
796.3443,1621.4225,636.8464,325.1555,643053965773025,643054017223494
807.503,1609.0027,772.3128,1131.0879,643054017394119,643054064477400
799.05505,1629.8881,796.3443,1609.0027,643054064703754,643054112787504
807.77386,1571.5786,799.05505,1571.5786,643054113006046,643054162480004
841.4213,1584.0184,799.05505,1584.0184,643054163495681,643054215170421
863.1262,1627.5575,807.77386,1584.0184,643054215314744,643054261792817
853.49384,1620.7649,841.4213,1584.0184,643054261983390,643054313587660
837.9244,1617.9099,837.9244,1617.9099,643054313779223,643054365387556
848.7552,1588.3451,841.4213,1588.3451,643054365545317,643054415156410
813.13995,1595.7219,837.9244,1595.7219,643054415337035,643054491697765
803.26434,1655.1929,837.9244,1595.7219,643054491836098,643054547768077
829.4025,1586.807,829.4025,1595.7219,643054548180421,643054603145994
825.56934,1624.5283,829.4025,1595.7219,643054603350785,643054651550577
769.3089,1618.1667,829.4025,1595.7219,643054652312452,643054715221306
744.356,1770.8743,825.56934,1618.1667,643054715445629,643054763992504
826.4832,1723.0325,826.4832,1618.1667,643054764154327,643054810189952
749.8402,1717.726,825.56934,1717.726,643054811691931,643054858668077
818.2828,1728.6223,825.56934,1717.726,643054858853441,643054910917556
831.49475,920.96826,825.56934,1717.726,643054911149379,643054958691150
835.0676,600.54584,825.56934,1717.726,643054958899535,643055008291046
809.58484,607.52124,825.56934,920.96826,643055008547035,643055053984223
796.59033,381.0097,825.56934,607.52124,643055054176514,643055105912816
804.11597,260.26608,809.58484,607.52124,643055106161462,643055153157973
789.01227,264.52417,804.11597,381.0097,643055153390473,643055224586983
751.25275,242.40187,804.11597,264.52417,643055224737348,643055277281098
766.41547,261.2745,789.01227,264.52417,643055277749535,643055327958754
736.813,231.1061,766.41547,261.2745,643055328738702,643055376248754
781.9804,237.92816,781.9804,261.2745,643055376403754,643055421722295
773.8977,246.33861,773.8977,246.33861,643055421887452,643055468837608
769.53424,298.76062,773.8977,261.2745,643055469014483,643055514141410
777.89453,351.58926,773.8977,261.2745,643055514351670,643055560665472
780.3871,369.9572,773.8977,298.76062,643055560817191,643055608848650
755.3995,398.4171,773.8977,351.58926,643055609091045,643055654698910
732.61456,482.87994,773.8977,369.9572,643055654813233,643055703035993
744.8981,500.79337,755.3995,398.4171,643055703185056,643055751569639
740.0438,384.5021,744.8981,384.5021,643055751725420,643055804164170
752.08374,405.5062,752.08374,398.4171,643055804453702,643055848840472
728.38153,439.04224,744.8981,398.4171,643055849026670,643055899106827
747.0428,400.51837,747.0428,400.51837,643055899340577,643055944694170
738.53503,430.469,744.8981,400.51837,643055944819326,643055996135941
724.53357,446.07123,744.8981,400.51837,643055996362347,643056042096462
714.63745,432.0407,738.53503,430.469,643056043487816,643056087406722
713.6594,456.81082,724.53357,432.0407,643056088519535,643056136357556
738.5545,470.25848,738.53503,432.0407,643056136664170,643056183618493
755.55853,303.29028,738.53503,432.0407,643056184753858,643056248943597
727.03937,409.50626,738.53503,432.0407,643056249134639,643056293890576
704.0389,240.04964,738.53503,409.50626,643056294081253,643056344281566
728.85724,234.01735,728.85724,409.50626,643056344469431,643056389902764
734.9747,222.84958,734.9747,240.04964,643056390076201,643056439979430
705.85724,199.21895,728.85724,234.01735,643056440170576,643056488487920
719.6141,168.03342,728.85724,222.84958,643056488613649,643056537044535
747.84656,151.48793,728.85724,199.21895,643056537276566,643056609063805
741.95044,121.92759,728.85724,168.03342,643056609174170,643056663979639
776.4107,145.86417,741.95044,151.48793,643056664226982,643056715900003
753.049,152.92278,741.95044,152.92278,643056716182920,643056775337191
715.223,159.19589,741.95044,152.92278,643056775538545,643056831918389
732.94446,101.86905,741.95044,152.92278,643056832198962,643056882212607
670.7966,139.84737,732.94446,152.92278,643056882327920,643056937931409
700.2068,124.58571,732.94446,139.84737,643056938077607,643056988977087
679.0456,133.11296,700.2068,139.84737,643056989096982,643057038759326
664.53436,145.54097,700.2068,139.84737,643057038992764,643057087256149
755.71783,244.28899,700.2068,139.84737,643057087393493,643057144599899
803.04175,301.15652,700.2068,145.54097,643057144728389,643057214548493
809.53314,346.7817,755.71783,244.28899,643057214747243,643057259447451
794.1306,314.8639,794.1306,301.15652,643057259661357,643057324513545
774.4342,300.4384,774.4342,300.4384,643057324653753,643057371525888
786.63586,288.04944,786.63586,300.4384,643057371682972,643057419221149
840.51074,467.11874,786.63586,300.4384,643057419957191,643057468999482
865.7631,1229.0244,786.63586,300.4384,643057469246461,643057516490888
859.73236,1414.6514,840.51074,467.11874,643057516679899,643057563599847
851.27454,1384.923,851.27454,1229.0244,643057563933128,643057616884430
834.8409,1386.0531,840.51074,1384.923,643057617087034,643057666657138
844.08905,1404.9424,844.08905,1384.923,643057666884117,643057712373597
867.3411,1367.0228,844.08905,1384.923,643057712496565,643057773673180
863.3053,1388.7997,844.08905,1384.923,643057774548909,643057821894378
805.5461,1416.0352,844.08905,1384.923,643057822035472,643057873838232
728.88495,1384.7401,844.08905,1384.923,643057874099795,643057922364065
647.2482,1368.8821,805.5461,1384.923,643057922600784,643057976573649
610.59283,1306.9475,728.88495,1384.7401,643057976807919,643058038434899
586.9085,1324.0056,647.2482,1368.8821,643058038631774,643058096753649
655.4946,1399.4745,655.4946,1384.7401,643058096931930,643058179324326
628.8501,1412.1399,647.2482,1384.7401,643058179448180,643058236979065
691.91876,1035.6401,655.4946,1384.7401,643058237097607,643058289799117
739.3016,337.5157,655.4946,1384.7401,643058289974951,643058346434638
723.1672,260.9947,691.91876,1035.6401,643058347641044,643058396096148
725.8807,280.36475,723.1672,337.5157,643058396268961,643058456442034
693.44183,251.77094,693.44183,280.36475,643058456625732,643058514941461
714.7658,207.02928,714.7658,280.36475,643058515063076,643058567544690
706.40173,201.2485,706.40173,251.77094,643058567690732,643058635566461
704.38116,222.998,706.40173,222.998,643058635713440,643058684459690
773.6998,411.20755,706.40173,251.77094,643058684712919,643058741142607
735.1502,415.606,706.40173,251.77094,643058741382763,643058795637242
732.89923,435.65433,732.89923,411.20755,643058795889065,643058850319586
777.4168,427.88602,732.89923,415.606,643058851097034,643058901124794
780.8533,419.77588,732.89923,419.77588,643058901342138,643058954180680
734.63495,465.14188,734.63495,419.77588,643058954407971,643059005060263
794.12976,438.64954,734.63495,419.77588,643059005281721,643059051536304
795.81476,413.19327,734.63495,419.77588,643059051685679,643059099204950
737.9986,444.90256,737.9986,419.77588,643059099424586,643059152171513
824.1906,1707.9612,737.9986,419.77588,643059152367138,643059202426617
814.79755,1676.6819,737.9986,444.90256,643059202663075,643059251652294
831.13446,1682.664,814.79755,1676.6819,643059251812659,643059304518648
810.38885,1663.3358,810.38885,1663.3358,643059304677086,643059354167034
836.5166,1700.2448,814.79755,1676.6819,643059354471356,643059409617346
791.3822,1454.3561,810.38885,1663.3358,643059410495211,643059461751929
743.57495,1253.5337,810.38885,1663.3358,643059461915888,643059519344065
748.1021,1181.825,791.3822,1454.3561,643059519494794,643059577462294
718.9731,1132.4658,748.1021,1253.5337,643059578406513,643059626255471
751.2668,1158.0271,751.2668,1181.825,643059626444273,643059684060471
719.4902,1115.2012,748.1021,1158.0271,643059684202190,643059745764585
713.79297,1119.4242,748.1021,1158.0271,643059745907658,643059795371252
696.634,1078.1183,719.4902,1119.4242,643059795493544,643059853633648
737.21027,344.70294,737.21027,1119.4242,643059853797294,643059909592867
726.64496,272.03006,726.64496,1078.1183,643059909780575,643059960725315
678.8624,305.45663,726.64496,344.70294,643059960893596,643060014816721
710.6888,248.01358,726.64496,305.45663,643060015067033,643060067301512
666.42267,266.40137,710.6888,305.45663,643060067457294,643060124628387
601.94965,257.72086,710.6888,266.40137,643060124862398,643060179176408
596.29047,271.5072,666.42267,271.5072,643060179419377,643060251423700
627.342,241.53542,627.342,266.40137,643060251566877,643060299041512
629.56976,259.68408,629.56976,266.40137,643060299181460,643060347285210
635.24927,269.71094,629.56976,266.40137,643060347824794,643060399590002
595.1006,244.634,629.56976,266.40137,643060399737294,643060454373075
580.1822,271.05005,629.56976,266.40137,643060454601669,643060507398127
621.8726,264.5554,621.8726,266.40137,643060507514325,643060559214064
661.42834,228.94641,629.56976,266.40137,643060559378596,643060608924585
626.14856,261.3256,626.14856,264.5554,643060609094168,643060659756564
672.6866,1465.3345,629.56976,266.40137,643060659900471,643060717017970
635.6284,1749.7051,629.56976,266.40137,643060717131356,643060770355314
673.23267,1714.9888,635.6284,1465.3345,643060770612137,643060831200054
677.7293,1633.0134,635.6284,1633.0134,643060831327658,643060886872554
739.34894,1611.5103,673.23267,1611.5103,643060887059689,643060935811304
713.5634,1508.5227,677.7293,1611.5103,643060935937085,643060991016252
743.4859,1532.0791,713.5634,1611.5103,643060991215158,643061036742606
776.9308,1579.3877,713.5634,1579.3877,643061036969689,643061111384064
773.53955,1598.5865,743.4859,1598.5865,643061111863335,643061170823439
784.3326,1573.7678,773.53955,1579.3877,643061171082033,643061249553491
732.22015,1562.4961,743.4859,1579.3877,643061249682814,643061302112502
733.55634,1567.1869,743.4859,1573.7678,643061302279845,643061356085731
729.04474,1627.1715,733.55634,1579.3877,643061356272970,643061400896304
730.15247,1596.7766,733.55634,1579.3877,643061401133960,643061480937137
671.89435,1581.8644,730.15247,1581.8644,643061481065106,643061532102345
728.1688,1516.7394,730.15247,1579.3877,643061532257814,643061591828595
781.1956,1608.1443,730.15247,1581.8644,643061591957553,643061643963803
786.6896,1619.9764,730.15247,1581.8644,643061644129845,643061692314272
788.37726,1668.791,781.1956,1608.1443,643061692445522,643061743863126
789.13934,1651.1587,786.6896,1619.9764,643061744027970,643061788870418
838.70026,1703.8885,788.37726,1651.1587,643061789064949,643061843375783
758.0019,1679.8567,786.6896,1651.1587,643061843508230,643061915534116
720.2114,1523.4414,786.6896,1651.1587,643061915656460,643061960550783
595.40625,847.8698,758.0019,1651.1587,643061960677345,643062015366408
556.1046,816.5151,720.2114,1523.4414,643062015511095,643062062498855
742.7965,376.7123,742.7965,847.8698,643062062699012,643062110980626
672.4756,206.70476,720.2114,816.5151,643062111207814,643062156612449
636.0069,255.08832,720.2114,376.7123,643062157007866,643062207020782
659.79407,231.26329,672.4756,255.08832,643062207242918,643062257902866
592.3952,269.0887,659.79407,269.0887,643062258129220,643062315451199
601.7536,267.4923,659.79407,267.4923,643062315921043,643062360305157
570.935,216.83006,601.7536,267.4923,643062360411616,643062409315626
571.87775,223.72694,601.7536,267.4923,643062409535626,643062456295887
560.4661,225.94278,571.87775,225.94278,643062456513282,643062507396980
598.17084,181.45447,598.17084,225.94278,643062507526407,643062573004584
574.63275,173.5513,574.63275,225.94278,643062573144636,643062617345157
575.45966,200.0052,575.45966,200.0052,643062617561147,643062664223491
587.4768,184.37248,575.45966,200.0052,643062664876616,643062718128126
570.0349,179.36989,575.45966,200.0052,643062718248803,643062765615991
603.32947,168.20616,575.45966,184.37248,643062765747449,643062822826876
661.5239,291.43954,575.45966,200.0052,643062822976303,643062882484949
752.47253,803.79474,603.32947,200.0052,643062882707241,643062938090261
740.5625,827.43317,661.5239,291.43954,643062938229324,643062994654688
774.7813,790.3284,740.5625,790.3284,643062994784168,643063049838543
771.9793,786.65967,740.5625,786.65967,643063049962449,643063107538334
784.5592,785.58563,771.9793,786.65967,643063107686043,643063176723803
783.1927,786.53064,771.9793,786.65967,643063176894220,643063234362136
738.03033,398.67072,771.9793,786.53064,643063234552084,643063288297605
682.49866,345.2912,771.9793,786.53064,643063288481980,643063345292605
665.1932,348.9414,738.03033,398.67072,643063345424532,643063398823074
670.19135,342.4158,682.49866,348.9414,643063399002657,643063452983282
645.4661,284.39554,670.19135,348.9414,643063453191824,643063504747292
627.11475,258.56128,670.19135,342.4158,643063504936355,643063560973594
629.3618,248.06303,645.4661,284.39554,643063561120261,643063608380313
623.8735,251.0735,629.3618,258.56128,643063608554740,643063656924896
610.4569,222.25964,629.3618,251.0735,643063657057084,643063716833699
500.42508,32.0455,623.8735,251.0735,643063716996824,643063770201511
511.77917,96.31862,610.4569,222.25964,643063770460990,643063823002188
651.72473,443.49664,623.8735,251.0735,643063823260626,643063878752917
622.66113,278.68604,622.66113,251.0735,643063878923073,643063943131146
381.72925,702.4676,622.66113,278.68604,643063943268230,643063992611928
623.6196,207.72383,622.66113,251.0735,643063993696928,643064048954063
658.2642,484.7405,622.66113,278.68604,643064049104063,643064102860678
683.88824,248.42976,623.6196,251.0735,643064103070261,643064155905782
600.7123,483.725,622.66113,278.68604,643064156326771,643064218841563
560.2227,93.39329,622.66113,251.0735,643064218958802,643064267689584
647.6213,-12.518721,622.66113,251.0735,643064268614375,643064317525261
642.92053,298.57346,622.66113,251.0735,643064317710157,643064363160209
630.20667,169.46211,630.20667,251.0735,643064363401302,643064415555157
619.2132,135.56564,622.66113,251.0735,643064415808438,643064465481198
629.51184,132.49078,629.51184,169.46211,643064465717240,643064519452813
577.9237,133.947,622.66113,135.56564,643064519592552,643064577340625
626.7616,193.16551,626.7616,169.46211,643064577469948,643064629105677
621.4937,200.00813,622.66113,169.46211,643064629261094,643064692274323
677.12164,216.89294,626.7616,193.16551,643064692424011,643064751505000
673.81256,200.27686,626.7616,200.00813,643064752139584,643064803402656
698.31836,262.2219,673.81256,200.27686,643064804728438,643064859124011
680.23615,339.34064,673.81256,200.27686,643064859252709,643064906676719
695.309,543.45166,680.23615,262.2219,643064906802240,643064957270781
760.2879,1785.284,680.23615,339.34064,643064957395833,643065015116511
754.42487,1751.4366,695.309,543.45166,643065015273958,643065063314792
762.3249,1694.9988,754.42487,1694.9988,643065063512604,643065118631771
617.9341,1568.8168,695.309,1568.8168,643065119410052,643065162657500
606.2741,1495.9198,695.309,1568.8168,643065162913229,643065214328333
629.9385,1432.8499,629.9385,1568.8168,643065214461406,643065262930573
473.20633,1320.6617,629.9385,1495.9198,643065263137552,643065317936510
450.7043,1372.3555,629.9385,1432.8499,643065318074948,643065369728333
432.08334,1360.2078,473.20633,1372.3555,643065369860469,643065426150833
541.8436,1420.7194,541.8436,1420.7194,643065426289115,643065482644115
536.71436,1388.873,536.71436,1388.873,643065482788177,643065557158229
600.02606,1374.5663,541.8436,1388.873,643065557312969,643065612840677
623.0784,1397.8456,541.8436,1388.873,643065612963750,643065658615625
586.8363,1420.6404,586.8363,1388.873,643065658738646,643065715944062
665.2708,1478.758,586.8363,1397.8456,643065716195573,643065766779323
668.393,1485.5594,586.8363,1420.6404,643065767015573,643065830120260
610.44293,1442.2797,610.44293,1442.2797,643065830292552,643065884280833
577.9888,1414.6074,586.8363,1420.6404,643065884470989,643065931769896
531.8218,1442.7233,586.8363,1442.2797,643065931966771,643065984987708
515.1511,1354.1847,577.9888,1420.6404,643065985128906,643066032481093
498.55545,1431.5325,531.8218,1431.5325,643066032641875,643066086988437
569.3831,1589.4114,569.3831,1431.5325,643066087134948,643066149261146
609.07385,1195.5378,569.3831,1431.5325,643066149381041,643066201105260
788.60205,761.445,569.3831,1431.5325,643066201266979,643066251789635
762.2538,545.6425,609.07385,1195.5378,643066251913854,643066319244531
777.6459,583.3817,762.2538,761.445,643066319367239,643066366814895
747.6411,658.4544,747.6411,658.4544,643066367059323,643066421759270
728.1427,717.5937,747.6411,717.5937,643066421917552,643066475912916
741.26636,716.4912,747.6411,716.4912,643066476163906,643066528537864
737.3525,811.96136,741.26636,717.5937,643066528699375,643066585309791
737.64185,805.49493,741.26636,717.5937,643066585444687,643066638761302
756.8187,764.26746,741.26636,764.26746,643066638923177,643066694654635
677.3195,747.8642,741.26636,747.8642,643066694824062,643066762811770
637.97986,256.88666,741.26636,747.8642,643066763008333,643066824077499
626.4134,246.0083,677.3195,747.8642,643066824212604,643066888707135
619.149,272.86972,637.97986,272.86972,643066888845624,643066953730416
717.29614,282.34814,677.3195,282.34814,643066953846301,643067002182083
739.088,302.16098,677.3195,282.34814,643067002338906,643067058974843
765.71234,364.96652,717.29614,282.34814,643067059201562,643067115402135
736.08105,334.98972,736.08105,302.16098,643067116938437,643067173611770
782.0746,314.281,736.08105,314.281,643067173764739,643067231711041
723.6774,405.037,736.08105,314.281,643067231856353,643067288728072
758.04736,335.39908,736.08105,314.281,643067288862135,643067348369010
694.0789,395.7309,736.08105,335.39908,643067348491249,643067401473385
685.0998,440.63495,736.08105,335.39908,643067402429166,643067458543749
721.05194,430.1952,721.05194,395.7309,643067458789843,643067515852864
716.3648,443.70325,721.05194,430.1952,643067515980312,643067562514218
745.0328,373.18134,721.05194,395.7309,643067562704687,643067628697135
770.57135,337.28665,721.05194,395.7309,643067628824843,643067673025832
762.22955,545.42773,745.0328,395.7309,643067673162760,643067727296457
782.4417,1401.8196,762.22955,395.7309,643067727492134,643067783476145
838.9891,1383.9827,762.22955,545.42773,643067783605780,643067839141457
782.4668,1351.4366,782.4417,1351.4366,643067839300103,643067897387499
739.81744,1486.7765,762.22955,1351.4366,643067898134218,643067953450624
580.4358,1628.9319,762.22955,1351.4366,643067953598332,643068006151093
615.24744,1663.3472,739.81744,1486.7765,643068006592291,643068058607916
584.02313,1543.5057,615.24744,1543.5057,643068058822916,643068109320103
597.3607,1633.5013,615.24744,1543.5057,643068109522186,643068165375103
782.26843,1808.4679,615.24744,1543.5057,643068165549895,643068235779999
782.41003,1808.9983,615.24744,1633.5013,643068235926509,643068285582186
798.20215,1766.1458,782.26843,1766.1458,643068285706041,643068340734478
824.82007,1857.3757,782.41003,1766.1458,643068340938228,643068400455468
685.57477,1755.2928,782.26843,1766.1458,643068400611093,643068451604270
704.9316,1709.9666,782.26843,1766.1458,643068451731613,643068504371405
639.505,1661.0669,704.9316,1755.2928,643068504616405,643068557057134
675.0076,1668.1531,704.9316,1709.9666,643068557267603,643068606507290
637.201,1615.3417,675.0076,1668.1531,643068606704738,643068671192915
685.98,1743.978,685.98,1709.9666,643068671343749,643068716986405
661.6606,1690.616,675.0076,1690.616,643068717094686,643068770536509
681.71155,1706.6962,681.71155,1706.6962,643068770689009,643068830729894
616.2129,1704.8516,675.0076,1704.8516,643068830900415,643068893476926
644.018,1630.3546,675.0076,1704.8516,643068893677915,643068951035415
688.3223,1551.1611,675.0076,1704.8516,643068951177915,643069003122811
696.4146,1404.0648,675.0076,1630.3546,643069003259842,643069053956926
706.38513,1365.8446,688.3223,1551.1611,643069054074113,643069109212551
711.771,1328.2798,696.4146,1404.0648,643069109354217,643069163660884
662.7434,392.39948,688.3223,1365.8446,643069163786769,643069214993019
672.1725,364.22772,688.3223,1328.2798,643069215217551,643069269357967
672.3668,346.12576,672.3668,392.39948,643069269524582,643069326290467
666.45276,315.02002,672.3668,364.22772,643069326513332,643069372678436
665.5457,296.45663,672.3668,346.12576,643069372905832,643069421978801
685.9867,294.7588,672.3668,315.02002,643069422211926,643069473365207
663.4514,281.06253,672.3668,296.45663,643069473521561,643069528414269
673.66956,364.45074,672.3668,315.02002,643069528566353,643069582397238
663.11865,285.04483,672.3668,296.45663,643069582534009,643069633209321
677.28485,276.9228,672.3668,296.45663,643069633347603,643069687627655
639.7354,250.6534,672.3668,285.04483,643069687823332,643069738176196
665.2236,258.029,672.3668,276.9228,643069738953332,643069788892915
668.7721,206.33006,668.7721,258.029,643069789046144,643069844970988
653.1738,218.95358,668.7721,258.029,643069845130571,643069898936717
702.18604,248.24577,668.7721,248.24577,643069899103019,643069951254009
662.8345,307.44025,668.7721,258.029,643069951381040,643070012654894
663.5219,360.49255,668.7721,258.029,643070012789998,643070058936509
647.8509,421.37433,663.5219,307.44025,643070059144790,643070111876561
648.0709,368.29333,663.5219,360.49255,643070111986925,643070167845415
697.2273,589.4076,663.5219,368.29333,643070168057706,643070225762967
698.11383,518.62384,663.5219,368.29333,643070225886300,643070297364477
718.8176,477.347,697.2273,477.347,643070297501561,643070347298383
786.1645,445.7521,698.11383,445.7521,643070347417446,643070402530779
815.44275,336.44638,718.8176,445.7521,643070403345467,643070458263956
814.3091,347.82224,786.1645,445.7521,643070458456665,643070518895415
812.37726,364.49036,812.37726,364.49036,643070519458904,643070573344946
837.0271,297.94495,812.37726,364.49036,643070574049321,643070620492238
836.1357,303.6099,812.37726,364.49036,643070620711873,643070673022915
841.6288,376.59802,836.1357,364.49036,643070673870988,643070725489060
801.5693,316.02243,812.37726,364.49036,643070725617810,643070785305935
780.6394,286.90344,812.37726,364.49036,643070785910675,643070840120571
775.24603,274.09552,801.5693,316.02243,643070840354112,643070889553487
725.02094,351.51852,780.6394,351.51852,643070889754008,643070942250258
725.6398,373.73483,775.24603,351.51852,643070942477967,643070999592862
724.1033,275.89615,725.6398,351.51852,643070999758800,643071054683956
764.12585,347.4802,764.12585,351.51852,643071054901977,643071113340883
720.8564,364.6754,725.6398,351.51852,643071113470050,643071167853748
792.5008,1215.5281,764.12585,351.51852,643071168392810,643071228874894
874.7773,1395.3711,764.12585,364.6754,643071229033956,643071282648696
837.2257,1336.1622,792.5008,1215.5281,643071282789112,643071340713644
835.8972,1402.9895,835.8972,1336.1622,643071340933331,643071386346456
843.86487,1475.2612,835.8972,1336.1622,643071387301664,643071462897550
809.5563,1485.9326,835.8972,1402.9895,643071463052862,643071518287498
848.4281,1533.2809,835.8972,1475.2612,643071518458643,643071565933696
855.7025,1576.4807,835.8972,1485.9326,643071566069425,643071619117602
872.6225,1624.6622,848.4281,1533.2809,643071619731196,643071677081508
842.72424,1563.167,842.72424,1563.167,643071677234685,643071724714945
893.7773,1553.0353,848.4281,1553.0353,643071725656612,643071773451456
850.9951,1588.9232,848.4281,1563.167,643071773670102,643071818649112
877.1382,1618.9719,850.9951,1563.167,643071818859893,643071865732758
923.86304,1630.352,850.9951,1588.9232,643071865866977,643071920774060
946.34485,1645.975,877.1382,1618.9719,643071920997550,643071973484372
914.66296,1538.8458,914.66296,1588.9232,643071973643018,643072026032758
957.84863,1619.3898,914.66296,1618.9719,643072026154008,643072084799633
939.48,1564.6073,914.66296,1588.9232,643072085556768,643072149342081
907.8534,1584.8319,914.66296,1588.9232,643072150304945,643072199473487
864.7587,1584.556,914.66296,1584.8319,643072199631664,643072259272393
859.17096,1615.8623,907.8534,1588.9232,643072259422602,643072314394685
857.3001,1591.8413,864.7587,1588.9232,643072314506768,643072361004112
888.29846,1594.0349,888.29846,1591.8413,643072361134893,643072413656039
876.97046,1574.8813,876.97046,1588.9232,643072413800987,643072478999060
832.43524,1663.1565,876.97046,1591.8413,643072479114737,643072526530466
867.0244,1660.8281,876.97046,1591.8413,643072526644528,643072578725518
875.0001,1707.6853,875.0001,1660.8281,643072578883539,643072633736091
865.53973,1785.2314,875.0001,1660.8281,643072633847966,643072690371768
837.63696,1767.8573,875.0001,1707.6853,643072690554997,643072744513174
871.03687,1633.0859,871.03687,1660.8281,643072744664580,643072797199633
867.25604,1680.3984,871.03687,1680.3984,643072797335310,643072850421560
861.52,1672.4027,871.03687,1672.4027,643072850590310,643072904590466
852.39777,1708.6609,867.25604,1680.3984,643072904796976,643072955925882
840.3605,1651.5627,861.52,1672.4027,643072956575362,643073004952341
853.07434,1677.8236,853.07434,1677.8236,643073005089320,643073057839372
891.8124,1762.6569,861.52,1677.8236,643073057989060,643073109339997
853.6675,1673.19,853.6675,1677.8236,643073109495778,643073163122080
771.7846,1558.9282,853.6675,1677.8236,643073163279737,643073227975674
620.7196,1471.1967,853.6675,1673.19,643073228160622,643073275135101
638.9709,756.6098,771.7846,1558.9282,643073275346820,643073326717914
776.7989,378.7509,776.7989,1471.1967,643073326853643,643073382867705
693.7018,810.4923,771.7846,810.4923,643073383011351,643073445692132
716.48175,571.2654,771.7846,810.4923,643073445847028,643073497259372
691.1838,562.6912,716.48175,810.4923,643073497391872,643073553260882
685.43024,521.2664,716.48175,571.2654,643073553461247,643073604247028
731.1083,526.0851,716.48175,562.6912,643073604421455,643073686979111
737.7794,565.54614,716.48175,565.54614,643073687107028,643073736774111
654.3917,561.53613,716.48175,562.6912,643073737691716,643073792623486
611.96423,215.753,716.48175,562.6912,643073792832288,643073846617340
569.3247,237.35422,654.3917,561.53613,643073846800622,643073897234528
567.389,190.64076,611.96423,237.35422,643073898067445,643073951795153
605.68085,210.12775,605.68085,237.35422,643073951942445,643074026184268
710.63385,333.9313,611.96423,237.35422,643074026297497,643074072159007
715.8693,191.26608,611.96423,237.35422,643074072907549,643074131435830
692.75824,152.5538,692.75824,237.35422,643074131641195,643074185890413
714.86426,219.27042,692.75824,219.27042,643074186016090,643074259780517
712.94525,207.49725,692.75824,219.27042,643074259909215,643074314661611
716.9666,210.39818,712.94525,219.27042,643074314844267,643074368764580
679.2516,173.30846,692.75824,210.39818,643074368883799,643074421969319
696.20105,231.47043,696.20105,219.27042,643074422091872,643074477385049
686.713,117.780075,692.75824,210.39818,643074477540934,643074532569528
712.62866,197.40741,696.20105,210.39818,643074532748642,643074595361090
670.1352,197.16693,692.75824,197.40741,643074596143017,643074650091715
658.5236,171.4941,692.75824,197.40741,643074650299059,643074708199059
737.19885,232.86308,692.75824,197.40741,643074708352861,643074763789319
866.4052,270.9565,692.75824,197.40741,643074764062965,643074816619580
901.55365,318.64807,737.19885,232.86308,643074816793903,643074869895934
923.4599,357.16437,866.4052,270.9565,643074870085934,643074924971350
923.89453,352.7929,901.55365,318.64807,643074925214267,643074982215882
940.49036,447.6379,923.4599,352.7929,643074982413225,643075034111090
976.35834,1485.137,923.89453,352.7929,643075034318330,643075085806455
927.1989,1542.4045,927.1989,447.6379,643075086075153,643075139645413
934.0838,1640.82,927.1989,1485.137,643075139781038,643075199899527
943.814,1586.8011,927.1989,1542.4045,643075200231455,643075250594527
906.28076,1584.4974,927.1989,1584.4974,643075251034788,643075325123538
733.9814,1571.7102,927.1989,1571.7102,643075325268538,643075371153798
749.55133,1565.8489,906.28076,1571.7102,643075371290413,643075428509059
729.50397,1508.5195,749.55133,1571.7102,643075428710829,643075487508798
722.80304,1562.383,749.55133,1565.8489,643075487646194,643075535857548
854.9972,1673.2255,749.55133,1571.7102,643075536063277,643075593509631
837.2065,1674.4689,749.55133,1571.7102,643075594574736,643075671567184
856.63855,1691.9347,837.2065,1673.2255,643075671701663,643075726283538
858.72217,1633.6914,837.2065,1633.6914,643075726407756,643075775968434
891.7251,1490.7388,856.63855,1633.6914,643075776290309,643075832525204
846.89575,1612.7273,846.89575,1633.6914,643075832692704,643075891640829
823.5579,1570.0355,846.89575,1612.7273,643075891793069,643075948856558
857.94965,1596.3501,846.89575,1612.7273,643075949742913,643075999228538
723.9204,677.46234,846.89575,1596.3501,643075999368433,643076051865725
724.26526,611.41547,846.89575,1596.3501,643076052036246,643076120491871
723.0007,507.02637,724.26526,677.46234,643076120656715,643076178011923
755.883,518.7015,755.883,611.41547,643076178177808,643076249426610
677.9262,252.14944,724.26526,518.7015,643076249604215,643076301569735
663.25397,179.70863,724.26526,518.7015,643076301705673,643076356679267
650.8365,140.48138,677.9262,252.14944,643076356838069,643076410616767
641.3676,125.733925,663.25397,179.70863,643076410835308,643076478432548
642.45734,123.776436,650.8365,140.48138,643076478593277,643076539458746
644.9948,363.15085,644.9948,179.70863,643076539606298,643076595595985
840.7389,799.18494,650.8365,179.70863,643076595864475,643076650186506
817.9507,1185.7805,650.8365,363.15085,643076650321298,643076703312287
717.4049,1373.8066,717.4049,799.18494,643076703468225,643076755780412
683.15643,1275.9406,683.15643,1185.7805,643076755933433,643076808925464
758.65295,1353.6733,717.4049,1275.9406,643076809286819,643076866914579
755.3701,1338.6005,717.4049,1275.9406,643076867060048,643076921213121
772.72644,1382.96,755.3701,1338.6005,643076921374058,643076974329214
781.6052,756.9969,755.3701,1275.9406,643076974482339,643077030085256
733.4223,631.13257,755.3701,1275.9406,643077030284423,643077082784162
613.5787,923.4641,755.3701,923.4641,643077083110308,643077140366506
764.95807,996.4203,755.3701,996.4203,643077140506141,643077201655204
750.1568,982.72815,755.3701,982.72815,643077201767860,643077258091662
772.7191,944.35315,755.3701,982.72815,643077258779839,643077307678016
539.25275,373.59454,755.3701,982.72815,643077308650881,643077370311610
798.82306,20.683386,755.3701,944.35315,643077370447079,643077422365568
815.645,348.33447,755.3701,373.59454,643077422515881,643077472529839
807.7234,229.3128,798.82306,348.33447,643077472664006,643077529951402
816.97845,215.13705,807.7234,348.33447,643077530121037,643077579285672
824.5941,216.48909,807.7234,229.3128,643077579468902,643077635347183
796.7247,297.44122,807.7234,297.44122,643077635482495,643077707075881
762.9866,279.26004,807.7234,279.26004,643077707515308,643077759400204
833.8328,285.21094,807.7234,285.21094,643077759614058,643077810757756
815.09485,277.13727,807.7234,279.26004,643077810947599,643077869555724
757.13806,291.77304,807.7234,285.21094,643077869762547,643077921803381
775.58386,238.69122,807.7234,279.26004,643077921963901,643077968471349
747.6858,249.87613,775.58386,279.26004,643077968861870,643078026396766
734.8855,280.3662,775.58386,279.26004,643078026602287,643078076747235
758.0802,276.524,758.0802,279.26004,643078076958797,643078134214683
774.9059,242.46783,774.9059,279.26004,643078135567860,643078189725776
774.10596,276.9967,774.10596,276.9967,643078190312131,643078239608849
732.6054,311.05582,774.10596,279.26004,643078239724318,643078297515203
775.7132,286.26807,774.10596,279.26004,643078297633380,643078362866714
793.31757,230.97534,774.10596,279.26004,643078363009995,643078411076505
791.01447,212.61842,775.7132,279.26004,643078411267391,643078468689787
793.55927,251.76817,791.01447,251.76817,643078468839370,643078524273224
798.3971,294.98264,791.01447,279.26004,643078524482807,643078575186193
816.0216,290.8221,793.55927,279.26004,643078575408953,643078630026401
818.2572,294.559,798.3971,290.8221,643078630138589,643078681046974
802.1182,260.9327,802.1182,279.26004,643078681179422,643078741851870
843.32544,1504.2609,802.1182,290.8221,643078742118172,643078811529734
745.38983,1682.3195,802.1182,290.8221,643078811732130,643078870895151
716.2068,1583.6539,802.1182,1504.2609,643078871049682,643078935378328
692.15137,1626.8625,745.38983,1583.6539,643078935531349,643078987504109
647.835,1552.6555,716.2068,1552.6555,643078987649630,643079038728536
595.1831,1523.3429,692.15137,1552.6555,643079038926974,643079087843797
576.1578,1555.0496,647.835,1552.6555,643079088630984,643079145205620
581.8012,1539.614,595.1831,1552.6555,643079145337963,643079198243172
614.2153,1546.0106,614.2153,1552.6555,643079198365724,643079248621713
932.2018,1606.7167,614.2153,1552.6555,643079248764266,643079303615984
944.951,1556.2571,614.2153,1552.6555,643079303756193,643079359009318
946.36316,1594.4913,932.2018,1556.2571,643079359209734,643079410494995
972.4774,1563.4272,944.951,1556.2571,643079411354265,643079470138276
957.3536,1613.6779,946.36316,1563.4272,643079470281036,643079515537130
869.419,1595.6215,944.951,1563.4272,643079515667130,643079565282963
834.83234,1459.0468,944.951,1563.4272,643079565439890,643079615476661
788.2769,1527.7858,869.419,1563.4272,643079615582078,643079666360620
773.46387,1579.3593,834.83234,1563.4272,643079666624005,643079716235776
770.79974,1556.6102,788.2769,1563.4272,643079716413120,643079767114369
783.8019,1601.7782,783.8019,1563.4272,643079767358172,643079825537963
754.28625,1501.059,783.8019,1563.4272,643079825745307,643079881848380
646.5006,1424.2809,783.8019,1563.4272,643079881973484,643079931186974
655.15173,1444.7457,754.28625,1501.059,643079931312807,643079996100203
648.7062,1451.7001,655.15173,1451.7001,643079996255932,643080042083067
674.8843,215.5508,674.8843,1451.7001,643080042241349,643080095421661
845.48505,-57.504356,674.8843,1451.7001,643080095580880,643080149157390
776.22845,255.44148,674.8843,255.44148,643080149307442,643080202395411
803.57794,127.09099,776.22845,255.44148,643080202516817,643080260759942
794.6872,162.3938,776.22845,255.44148,643080260908171,643080315970411
810.6925,213.1172,794.6872,213.1172,643080316171296,643080369926192
802.0448,155.82768,794.6872,213.1172,643080370510098,643080421335411
780.64,258.84802,794.6872,213.1172,643080421526400,643080481845203
717.416,614.6006,794.6872,213.1172,643080481991400,643080537473223
738.7598,692.4742,780.64,258.84802,643080537694369,643080586254161
697.26514,712.99713,738.7598,614.6006,643080586383223,643080645639057
701.68835,768.83356,738.7598,692.4742,643080645775359,643080703106557
697.27435,702.5991,701.68835,702.5991,643080703309421,643080754841869
689.2347,585.5462,701.68835,692.4742,643080754964994,643080800989630
640.75085,546.53766,697.27435,692.4742,643080801162494,643080850787077
628.63727,552.5248,689.2347,585.5462,643080850947754,643080903496244
652.2381,469.7037,652.2381,552.5248,643080903686452,643080953106192
644.8212,331.43326,652.2381,552.5248,643080953234890,643081000170202
612.8043,339.27496,652.2381,469.7037,643081000358640,643081051229004
650.5514,235.41772,650.5514,339.27496,643081051377598,643081129525254
767.33435,620.58905,652.2381,469.7037,643081129680671,643081190274942
847.48346,1074.9908,652.2381,469.7037,643081190420984,643081246898431
815.4541,1013.55096,767.33435,620.58905,643081247046296,643081302587858
829.551,935.03754,815.4541,935.03754,643081302808431,643081354646140
684.2429,167.84697,767.33435,620.58905,643081356466244,643081431745619
629.61554,149.96594,767.33435,620.58905,643081431906869,643081490537858
630.5962,199.32893,684.2429,199.32893,643081491633952,643081547377858
649.1952,221.03358,649.1952,221.03358,643081547489890,643081601142181
606.9282,385.14813,649.1952,221.03358,643081601341192,643081657424890
413.681,422.70615,649.1952,221.03358,643081657563327,643081712496400
612.15717,134.76064,612.15717,221.03358,643081712622650,643081767589837
824.4975,705.0943,649.1952,221.03358,643081767761296,643081819666660
720.51587,552.8836,649.1952,221.03358,643081819868431,643081870422546
748.4099,450.5723,720.51587,450.5723,643081870628223,643081931043067
728.3483,463.16376,720.51587,450.5723,643081931196921,643081982152806
745.6099,446.64255,728.3483,450.5723,643081982436973,643082041640775
838.6146,1322.0647,728.3483,450.5723,643082041738327,643082104708848
846.0284,1345.003,745.6099,450.5723,643082104847077,643082152454369
848.41144,1382.1077,838.6146,1322.0647,643082152660098,643082209009108
785.1521,1505.1146,785.1521,1345.003,643082209131244,643082263561973
841.8373,1484.7947,838.6146,1382.1077,643082263767754,643082315502754
842.4313,1447.8977,838.6146,1447.8977,643082315716400,643082370505306
858.2438,1470.4973,841.8373,1447.8977,643082370643431,643082444064108
870.6024,1509.4259,842.4313,1447.8977,643082444197337,643082497430931
871.1541,1526.6604,858.2438,1470.4973,643082497580098,643082551593275
832.7708,1438.728,842.4313,1447.8977,643082551780462,643082608719577
888.2337,1456.7393,858.2438,1456.7393,643082608860514,643082661719056
896.28186,1527.6271,858.2438,1456.7393,643082661937545,643082714027337
828.47217,1612.6531,858.2438,1456.7393,643082714184264,643082779240306
819.7023,1545.0745,858.2438,1527.6271,643082779805827,643082826980358
847.79407,1572.4624,847.79407,1545.0745,643082827124420,643082887145566
844.61554,1579.2893,847.79407,1545.0745,643082887279577,643082941800150
821.98773,1365.8745,847.79407,1545.0745,643082942712858,643082998754941
756.8879,1256.107,844.61554,1545.0745,643082998958014,643083050646087
714.372,1043.5765,821.98773,1365.8745,643083050805149,643083105204785
732.2008,1052.6763,756.8879,1256.107,643083105357233,643083161042024
695.9176,1038.8218,732.2008,1052.6763,643083161199524,643083218483170
701.8885,1001.11487,732.2008,1052.6763,643083218683014,643083285640826
707.7267,1006.11786,707.7267,1038.8218,643083285773274,643083344311035
699.1971,941.36194,707.7267,1006.11786,643083345034368,643083394470149
695.0118,958.44836,707.7267,1006.11786,643083395462545,643083452386764
689.1955,957.2327,699.1971,958.44836,643083452514524,643083509528378
689.9033,965.10297,695.0118,965.10297,643083509645983,643083564157024
711.94586,976.1865,699.1971,965.10297,643083564389628,643083613756556
618.19745,904.83496,695.0118,965.10297,643083613926503,643083672695097
683.38367,844.32684,695.0118,965.10297,643083672839055,643083726794368
677.7695,901.1223,683.38367,904.83496,643083727731503,643083780737389
691.6845,926.4285,691.6845,926.4285,643083780858274,643083840709368
698.63727,983.311,691.6845,926.4285,643083840822962,643083892351764
706.4117,968.9507,691.6845,926.4285,643083892523847,643083947074524
715.22626,920.32886,698.63727,926.4285,643083947555462,643083996826920
727.51154,916.81226,706.4117,926.4285,643083997007545,643084055228691
722.3769,964.0636,715.22626,926.4285,643084055381607,643084113600826
697.65875,952.71814,706.4117,926.4285,643084113855305,643084175766451
689.522,1027.913,706.4117,952.71814,643084176509316,643084223791503
689.1882,960.6091,697.65875,952.71814,643084224232180,643084293216451
627.1707,393.24826,689.522,952.71814,643084293405722,643084348163170
600.4058,313.7071,689.1882,952.71814,643084348378743,643084410835461
565.3961,248.31116,627.1707,393.24826,643084411068118,643084463631295
516.6493,222.0569,600.4058,313.7071,643084463796659,643084518256607
509.54272,201.1627,565.3961,248.31116,643084518390461,643084573848951
540.70856,136.48424,540.70856,222.0569,643084573982388,643084618721868
555.41376,150.53693,555.41376,201.1627,643084618861607,643084675766972
516.25946,158.97797,540.70856,158.97797,643084675979680,643084727852649
490.1532,184.54243,540.70856,184.54243,643084727984680,643084782137024
532.4328,145.95346,532.4328,158.97797,643084782342493,643084834017597
513.3209,172.96533,532.4328,172.96533,643084834244628,643084915774680
500.67,151.33768,532.4328,158.97797,643084915899368,643084976171190
457.18414,176.16711,513.3209,172.96533,643084976836815,643085027488534
589.4594,594.7566,532.4328,172.96533,643085027712336,643085079670201
698.3409,1369.0715,532.4328,176.16711,643085079811503,643085139049263
721.20593,1461.4148,589.4594,594.7566,643085139167440,643085187149315
720.5219,1484.8004,698.3409,1369.0715,643085187365044,643085242067232
643.1106,1458.6761,643.1106,1458.6761,643085242177180,643085293584576
688.452,1519.0911,688.452,1458.6761,643085294093222,643085339671972
745.0898,1665.43,688.452,1458.6761,643085340766815,643085395770669
787.73035,1689.6688,688.452,1519.0911,643085396059576,643085467854576
789.77057,1660.0934,745.0898,1660.0934,643085467994471,643085518117440
785.1945,1745.2362,785.1945,1660.0934,643085518250826,643085575346503
772.9661,1723.3605,772.9661,1660.0934,643085575549992,643085628045930
762.6983,1714.9326,772.9661,1714.9326,643085628239003,643085678722961
751.7142,1728.4816,772.9661,1714.9326,643085678916086,643085737271190
753.6392,1753.8684,762.6983,1714.9326,643085737531555,643085784670826
755.3944,1764.7845,755.3944,1728.4816,643085784791763,643085834003794
760.20715,1739.5557,760.20715,1739.5557,643085834262023,643085883491450
747.56805,1732.3168,755.3944,1732.3168,643085883608586,643085960758169
767.1529,1729.0845,760.20715,1732.3168,643085960896555,643086007794315
751.95013,1714.0223,755.3944,1732.3168,643086007923065,643086078034055
888.56885,1728.7029,760.20715,1729.0845,643086078229523,643086125714680
927.1815,1774.3954,760.20715,1732.3168,643086125867492,643086173688690
929.87976,1766.0206,888.56885,1732.3168,643086174033482,643086235334211
967.41205,1758.0813,927.1815,1758.0813,643086235480617,643086294810669
939.2687,1752.6213,929.87976,1752.6213,643086294945982,643086345711919
832.5334,1589.3068,927.1815,1752.6213,643086345845096,643086404986867
545.91895,1058.4172,927.1815,1752.6213,643086405205565,643086475356346
751.72986,239.48601,832.5334,1589.3068,643086475573273,643086521446606
755.338,450.35196,755.338,1058.4172,643086521573950,643086578434367
696.5299,334.45056,755.338,450.35196,643086578543586,643086650374002
652.3364,341.2056,755.338,450.35196,643086650536450,643086707917388
557.27905,290.6097,696.5299,341.2056,643086708088950,643086761513169
556.1231,226.866,652.3364,341.2056,643086761647596,643086818611658
509.44177,179.70432,557.27905,290.6097,643086818753481,643086874258846
543.16833,209.39682,556.1231,226.866,643086874443586,643086926510825
511.55292,125.7552,543.16833,209.39682,643086926624992,643086979361502
492.8821,147.85571,543.16833,209.39682,643086979508585,643087036124575
491.68994,157.9383,511.55292,157.9383,643087036299627,643087082419731
450.50793,128.03015,492.8821,157.9383,643087082577856,643087140983638
467.64853,121.01513,491.68994,157.9383,643087141125721,643087199838012
438.4917,121.656166,467.64853,128.03015,643087200142752,643087248674367
503.09958,102.68736,491.68994,121.656166,643087248795200,643087301954679
495.97855,116.84502,491.68994,121.656166,643087302623169,643087353163533
474.3374,124.568405,491.68994,121.656166,643087353319992,643087401243846
474.529,119.563065,491.68994,121.656166,643087401376085,643087451803742
717.55676,319.33353,491.68994,121.656166,643087451954731,643087501508898
725.588,347.05893,491.68994,121.656166,643087504252179,643087548858221
684.5586,354.452,684.5586,319.33353,643087549828377,643087601034471
742.9693,437.48743,684.5586,347.05893,643087601259054,643087648804627
702.1789,489.466,684.5586,354.452,643087649181762,643087700816241
683.3665,497.3223,684.5586,437.48743,643087700974835,643087749899939
639.22394,327.91656,684.5586,354.452,643087750063533,643087802646971
580.4496,220.99568,683.3665,354.452,643087802773116,643087850177127
614.771,235.6075,639.22394,327.91656,643087850303950,643087905999887
585.005,162.77837,614.771,235.6075,643087906191971,643087958904783
539.1152,124.596054,614.771,235.6075,643087959075200,643088013276814
562.4519,128.16072,585.005,162.77837,643088013427543,643088069597283
546.4511,93.80478,562.4519,128.16072,643088069965460,643088118231502
552.1782,85.034485,562.4519,128.16072,643088118364158,643088175891345
563.0348,87.693344,562.4519,93.80478,643088176135095,643088230198585
498.4629,129.53203,562.4519,128.16072,643088230329158,643088283919679
577.9719,75.21976,562.4519,93.80478,643088284074418,643088344206241
562.86566,55.858036,562.4519,93.80478,643088344341137,643088411577647
570.59467,57.81645,562.86566,75.21976,643088411714418,643088467092335
566.39557,53.137543,562.86566,57.81645,643088467314418,643088520770772
537.92676,45.350014,562.86566,57.81645,643088520951970,643088568481866
566.8583,0.70285064,562.86566,53.137543,643088568670564,643088623241293
571.33057,65.7819,562.86566,57.81645,643088623380668,643088669994731
533.7846,60.766216,562.86566,57.81645,643088670182856,643088721561137
553.82965,88.47877,562.86566,60.766216,643088721710824,643088777797699
537.1367,60.470436,553.82965,60.470436,643088777932647,643088832278585
567.3479,59.640408,562.86566,60.470436,643088832499679,643088880920043
566.0443,47.11421,562.86566,60.470436,643088881026449,643088931988533
847.00995,93.719124,566.0443,60.470436,643088932212803,643088986564835
873.56744,115.79027,566.0443,60.470436,643088986724262,643089053997960
876.2952,106.704956,847.00995,93.719124,643089054234626,643089111816814
482.05307,21.697653,566.0443,60.470436,643089112049887,643089172366189
469.1738,21.961636,566.0443,60.470436,643089172497647,643089225423689
471.37836,32.30069,482.05307,32.30069,643089225602439,643089277662439
518.45844,10.291763,518.45844,32.30069,643089277884001,643089331065720
569.61975,127.90964,518.45844,32.30069,643089331271137,643089387571397
783.0103,1542.1941,518.45844,32.30069,643089387769678,643089451573116
798.81793,1564.2461,569.61975,127.90964,643089452553897,643089507280928
771.10364,1561.3224,771.10364,1542.1941,643089507399991,643089560678428
741.47034,1572.7781,741.47034,1561.3224,643089560805564,643089617746241
805.4539,1501.5292,771.10364,1542.1941,643089617874105,643089671505199
802.9349,1508.7057,771.10364,1542.1941,643089671629470,643089730112334
754.1147,1583.7007,771.10364,1542.1941,643089730331762,643089781251189
774.58527,1632.0258,771.10364,1542.1941,643089781948168,643089843105511
726.88257,1534.7722,771.10364,1542.1941,643089843237178,643089914259053
624.41223,1582.1957,771.10364,1542.1941,643089914502126,643089964482178
540.889,1595.28,726.88257,1542.1941,643089964692751,643090015566084
557.8003,1670.4172,624.41223,1582.1957,643090016245251,643090073754522
557.9733,1646.8627,557.9733,1595.28,643090073886293,643090121238636
625.3921,1644.6038,624.41223,1644.6038,643090121379991,643090174271084
801.58765,1680.2977,624.41223,1644.6038,643090174396136,643090234907490
829.4722,1683.3472,625.3921,1644.6038,643090235467178,643090287206970
858.73303,1653.9326,801.58765,1653.9326,643090287340303,643090342079834
821.4633,1555.1527,821.4633,1644.6038,643090342229522,643090394188376
822.3937,1552.8881,821.4633,1644.6038,643090394322282,643090440354053
860.2375,1599.6007,821.4633,1599.6007,643090440511397,643090497240667
861.79095,1579.9397,822.3937,1599.6007,643090497428688,643090550799001
867.6913,1627.8252,860.2375,1599.6007,643090550924938,643090602777542
857.1142,1613.7916,857.1142,1599.6007,643090602912230,643090651840407
821.86127,1471.8766,857.1142,1599.6007,643090651999574,643090697705459
818.5619,1472.486,857.1142,1599.6007,643090698537647,643090751225772
832.57635,1462.7417,832.57635,1472.486,643090751361292,643090801198897
832.27673,1456.5295,832.57635,1472.486,643090801440615,643090853585251
674.50775,1211.2611,832.57635,1462.7417,643090853746084,643090906589001
599.1692,1056.2584,832.27673,1456.5295,643090906814313,643090952316188
599.99536,1015.0193,674.50775,1211.2611,643090952462334,643091000095094
594.09735,1043.622,599.99536,1056.2584,643091000242751,643091078739730
708.3922,908.16833,674.50775,1043.622,643091078924209,643091130439365
727.8073,987.38025,674.50775,1043.622,643091130655667,643091182210719
764.54236,907.7797,708.3922,987.38025,643091183150719,643091231149209
757.84576,823.8721,727.8073,987.38025,643091231384678,643091302484053
598.11475,236.39848,708.3922,907.7797,643091302602698,643091356970719
589.4458,256.8166,708.3922,823.8721,643091357113219,643091404860875
625.20386,238.80106,625.20386,256.8166,643091405101657,643091479780875
593.6415,232.64418,625.20386,256.8166,643091479952646,643091531914730
621.24445,227.49603,625.20386,238.80106,643091532198480,643091583005563
622.6349,251.39632,622.6349,251.39632,643091583659990,643091638170875
693.7702,223.36592,625.20386,238.80106,643091638967907,643091685092959
739.46606,184.34088,625.20386,238.80106,643091685275719,643091736762073
750.7388,173.66756,693.7702,223.36592,643091737017490,643091785092594
755.1401,215.18053,739.46606,215.18053,643091785207334,643091830474104
768.4321,189.9214,750.7388,215.18053,643091830658948,643091874569573
777.23816,220.91776,755.1401,215.18053,643091875854990,643091935056969
792.11444,154.23831,768.4321,215.18053,643091935272594,643091981051552
735.6334,138.65674,755.1401,215.18053,643091981866448,643092041171240
656.05566,155.5049,755.1401,155.5049,643092041673844,643092110414365
629.23975,183.57784,735.6334,183.57784,643092111014417,643092161750302
622.8027,224.87666,656.05566,183.57784,643092161874834,643092221424000
642.0687,143.50424,642.0687,183.57784,643092221571552,643092269148948
645.17773,124.76087,645.17773,183.57784,643092269310094,643092326173063
651.2018,173.49596,645.17773,173.49596,643092326713792,643092398952177
740.64557,753.4157,645.17773,183.57784,643092400143583,643092451529573
756.15216,724.5165,651.2018,183.57784,643092451657438,643092513143219
744.51013,756.25635,740.64557,724.5165,643092513301813,643092561940302
786.3636,926.89294,744.51013,724.5165,643092562128844,643092622834417
870.173,1526.094,744.51013,756.25635,643092624809156,643092682595823
869.1174,1572.232,786.3636,926.89294,643092682738323,643092733382385
827.9586,1501.2627,827.9586,1501.2627,643092733532229,643092787187333
868.5329,1562.7123,827.9586,1501.2627,643092787311292,643092857403427
803.66205,1604.132,827.9586,1501.2627,643092857645823,643092906965927
783.2864,1608.8938,827.9586,1562.7123,643092907133010,643092953754625
833.29456,1591.9303,827.9586,1591.9303,643092954021864,643093004206969
830.62537,1635.2585,827.9586,1591.9303,643093004422958,643093052355875
814.06946,1570.424,827.9586,1591.9303,643093052520666,643093103524208
826.5941,1633.0579,827.9586,1591.9303,643093104324052,643093147868219
802.9264,1702.7975,826.5941,1591.9303,643093148183635,643093203365875
770.3415,1619.6405,826.5941,1619.6405,643093203530614,643093257632698
706.18463,19.936777,802.9264,1591.9303,643093257861604,643093309208843
332.03052,443.80096,770.3415,1591.9303,643093309384104,643093359357906
630.28,163.28665,706.18463,443.80096,643093359575354,643093402842802
719.7862,345.61777,719.7862,443.80096,643093402973323,643093448895354
670.85583,157.18681,706.18463,345.61777,643093449007802,643093504852333
651.7185,166.54187,706.18463,345.61777,643093505051864,643093559418270
638.2597,152.0298,670.85583,166.54187,643093559649833,643093608283531
663.28613,183.83698,663.28613,183.83698,643093608496916,643093657142958
615.6715,182.78157,663.28613,182.78157,643093657324937,643093702927385
619.2115,141.7845,663.28613,182.78157,643093703157125,643093756928947
649.0333,191.90208,649.0333,182.78157,643093757125562,643093819747906
686.2809,193.06046,663.28613,182.78157,643093819979156,643093876662697
750.16516,201.34021,663.28613,191.90208,643093877779937,643093932377124
760.4485,202.91902,686.2809,193.06046,643093932517958,643093982923791
791.558,195.45851,750.16516,195.45851,643093983043427,643094038094624
771.026,199.03186,760.4485,195.45851,643094038346968,643094086824052
803.0001,172.37538,771.026,195.45851,643094087019312,643094142533270
730.72046,215.4166,760.4485,195.45851,643094142686187,643094187651083
725.0697,228.21655,760.4485,195.45851,643094187788166,643094243077958
741.34375,199.73233,741.34375,199.73233,643094243224051,643094298149208
714.9419,227.80829,741.34375,199.73233,643094298300249,643094346595510
670.41595,174.97456,741.34375,199.73233,643094346739781,643094405359728
602.49243,253.38339,714.9419,199.73233,643094405593218,643094457297801
661.6972,203.18428,670.41595,199.73233,643094457487228,643094525079416
648.08795,243.80826,661.6972,203.18428,643094525691187,643094581119468
645.00287,245.86519,661.6972,203.18428,643094581235093,643094633882697
584.6832,201.15175,648.08795,203.18428,643094634037176,643094689337593
611.79205,130.96945,645.00287,203.18428,643094689481030,643094743464780
639.9309,202.00479,639.9309,202.00479,643094743586864,643094801822124
612.3221,212.12354,639.9309,203.18428,643094802017332,643094850526447
645.5303,325.7274,639.9309,203.18428,643094850708374,643094908568322
684.5677,355.49005,639.9309,212.12354,643094908775770,643094960719989
728.09106,325.90796,645.5303,325.7274,643094960965614,643095016333374
734.1945,343.46298,684.5677,325.90796,643095016543634,643095073509884
729.9383,336.95102,728.09106,325.90796,643095073741551,643095123569155
752.81726,328.38846,729.9383,328.38846,643095123703166,643095182121759
737.9223,320.82526,729.9383,325.90796,643095182272697,643095237217332
725.35785,283.354,729.9383,325.90796,643095237446343,643095288970093
671.96094,272.80927,729.9383,320.82526,643095289798791,643095366428270
632.00806,195.35605,725.35785,283.354,643095368163478,643095417290353
626.6706,306.0121,671.96094,306.0121,643095417496968,643095492645197
518.9755,146.9297,632.00806,283.354,643095492794311,643095546790666
670.64087,395.64493,670.64087,306.0121,643095547562749,643095598337541
741.6711,339.71692,670.64087,306.0121,643095598531030,643095653334259
736.27747,251.86258,670.64087,306.0121,643095653576186,643095702396915
777.5038,378.02792,736.27747,306.0121,643095702603426,643095753965561
847.39185,1432.5681,736.27747,306.0121,643095754194259,643095813373218
808.7385,1471.2683,777.5038,378.02792,643095813597853,643095865084988
802.00775,1491.1259,802.00775,1432.5681,643095865304363,643095911036082
845.4951,1450.3318,802.00775,1450.3318,643095911279415,643095959765874
792.90015,1479.4717,802.00775,1450.3318,643095959899051,643096010187645
818.63574,1554.5424,802.00775,1450.3318,643096010407645,643096058610561
789.02606,1489.5879,802.00775,1479.4717,643096058806395,643096126395353
783.68567,1522.7783,802.00775,1489.5879,643096126537801,643096173027644
697.2407,1482.7974,789.02606,1482.7974,643096173235092,643096217341186
651.7699,1521.1013,783.68567,1489.5879,643096217458634,643096293318061
464.08856,1455.7157,697.2407,1482.7974,643096293470353,643096343864363
403.90952,1367.6215,651.7699,1482.7974,643096344040769,643096395040821
467.38495,1447.6516,467.38495,1455.7157,643096395836915,643096443892280
434.671,1433.843,467.38495,1447.6516,643096444075353,643096490275353
674.14355,1374.9885,467.38495,1447.6516,643096490488478,643096538155926
659.01495,1532.3468,467.38495,1447.6516,643096538412436,643096583777696
746.6974,1547.2875,659.01495,1447.6516,643096583899676,643096636073946
689.4808,1536.8274,659.01495,1532.3468,643096636297696,643096682146134
717.12524,1581.8168,689.4808,1536.8274,643096682266967,643096736308790
748.9611,1566.5337,689.4808,1536.8274,643096736414884,643096783801603
756.69574,1419.2297,717.12524,1536.8274,643096783950821,643096850141186
738.5101,1583.3702,738.5101,1536.8274,643096850269415,643096901606967
723.1413,1553.8739,723.1413,1536.8274,643096903027905,643096952628373
704.8482,1609.9185,723.1413,1553.8739,643096952957228,643097002497175
749.5685,1488.2697,723.1413,1536.8274,643097003006290,643097049554363
761.8412,1541.7892,723.1413,1541.7892,643097050361655,643097116225092
732.1921,1583.073,732.1921,1541.7892,643097116402227,643097170904675
710.5614,1561.7389,723.1413,1541.7892,643097171052540,643097224968582
753.31824,1620.5586,732.1921,1561.7389,643097225102748,643097282408165
739.54016,1613.0709,732.1921,1561.7389,643097282584571,643097341425717
731.3001,1632.0764,732.1921,1613.0709,643097341549988,643097391023165
811.46826,1608.1228,732.1921,1608.1228,643097391170404,643097445730925
787.8689,1618.7861,732.1921,1613.0709,643097446036446,643097511365509
750.15753,1621.3312,750.15753,1613.0709,643097513186967,643097568907488
760.20715,1573.0383,750.15753,1613.0709,643097569064050,643097638475092
714.8662,1536.7769,750.15753,1613.0709,643097638618165,643097690791029
761.822,1463.2275,750.15753,1573.0383,643097690939258,643097741379571
769.556,1538.8699,750.15753,1538.8699,643097741514102,643097787565717
666.40674,1256.091,750.15753,1538.8699,643097787773217,643097837753269
632.542,1188.9941,750.15753,1538.8699,643097838073581,643097890855925
677.7983,1072.8383,677.7983,1256.091,643097891017019,643097949448321
717.9031,990.096,717.9031,1188.9941,643097949592904,643097992854206
704.66125,977.942,704.66125,1072.8383,643097993020977,643098051638633
657.1849,1010.62775,704.66125,1010.62775,643098051794883,643098121620352
609.7115,1003.0586,704.66125,1010.62775,643098121769467,643098178136498
634.68726,967.97095,657.1849,1010.62775,643098178398269,643098235396810
610.8251,943.5103,634.68726,1003.0586,643098235571915,643098285613217
660.55,710.68506,657.1849,967.97095,643098285746550,643098340727800
677.33307,381.8976,657.1849,943.5103,643098340924414,643098392523737
718.8147,188.90746,660.55,710.68506,643098392691237,643098450931342
728.3543,216.97124,677.33307,381.8976,643098451056758,643098506410560
687.98254,210.31432,687.98254,216.97124,643098506581602,643098554669102
709.8521,188.94559,687.98254,216.97124,643098554820300,643098605054362
675.65436,168.91826,687.98254,210.31432,643098605216758,643098654668373
696.0474,114.2256,687.98254,188.94559,643098654803529,643098711441498
657.45514,100.46324,687.98254,168.91826,643098711621706,643098769836602
668.4918,71.781784,687.98254,114.2256,643098770016862,643098819200352
694.6056,41.090595,687.98254,100.46324,643098819399518,643098891171081
679.8171,130.09122,687.98254,114.2256,643098891404466,643098944308216
701.2565,134.70508,687.98254,114.2256,643098945076393,643098999188893
691.4358,91.35043,687.98254,114.2256,643098999346862,643099060527435
627.3767,109.93,687.98254,114.2256,643099060736081,643099115418425
633.2441,97.93966,687.98254,109.93,643099115559518,643099166119935
716.7878,106.323685,687.98254,109.93,643099166271445,643099224963060
776.0527,113.04513,687.98254,109.93,643099225177435,643099301343008
761.4374,107.394005,716.7878,109.93,643099301524570,643099355779310
767.91705,152.73137,761.4374,109.93,643099355995039,643099401451914
779.17944,167.4987,761.4374,109.93,643099401595091,643099457607539
727.07434,1449.5674,761.4374,152.73137,643099457826602,643099514798997
686.8675,1442.4314,761.4374,167.4987,643099514932070,643099567102904
703.45496,1455.3923,727.07434,1442.4314,643099567235872,643099620937851
738.6049,1518.3701,738.6049,1442.4314,643099621786029,643099675084674
681.1455,1444.695,727.07434,1444.695,643099675266445,643099725153737
715.3606,1534.8323,727.07434,1444.695,643099725349987,643099782874987
671.91315,1459.1831,715.3606,1444.695,643099782999258,643099836500456
698.6109,1390.7036,715.3606,1444.695,643099837524622,643099885050091
655.2999,1479.7744,698.6109,1444.695,643099885205195,643099943665924
684.2201,1500.0355,698.6109,1444.695,643099943815716,643099996822851
650.43915,1456.3904,684.2201,1456.3904,643099997001185,643100052718841
697.47144,1522.8195,697.47144,1456.3904,643100052948320,643100102945664
641.1309,1513.409,684.2201,1456.3904,643100103097695,643100157010508
604.2192,1434.2935,684.2201,1456.3904,643100157198997,643100207307851
659.94495,1451.4968,659.94495,1456.3904,643100207484518,643100259138841
614.6047,1543.9564,659.94495,1456.3904,643100259266080,643100315039935
593.61273,1428.5632,659.94495,1456.3904,643100315628997,643100362005091
590.84467,1470.6881,614.6047,1456.3904,643100362134153,643100420394518
551.02356,1492.7625,593.61273,1456.3904,643100420547747,643100493339726
567.5554,1466.9402,590.84467,1466.9402,643100493473737,643100550412955
562.47284,1517.266,567.5554,1466.9402,643100550555559,643100603196237
613.10974,1428.3116,590.84467,1466.9402,643100603434309,643100653064362
623.9397,1434.5641,590.84467,1466.9402,643100653249830,643100701938268
614.38983,53.04196,613.10974,1434.5641,643100702129986,643100757473164
801.74634,-73.981476,614.38983,1434.5641,643100757641705,643100813844830
723.1798,183.53502,614.38983,183.53502,643100813986757,643100863782851
674.6479,92.543396,674.6479,183.53502,643100863898997,643100931666861
675.7384,108.27931,674.6479,183.53502,643100931811184,643100986621601
703.86127,133.30339,674.6479,133.30339,643100986772486,643101033764778
709.88403,161.67972,675.7384,161.67972,643101034316184,643101088782278
711.34534,114.65657,703.86127,133.30339,643101088899205,643101137697903
773.0467,140.58458,709.88403,140.58458,643101137849309,643101186662434
765.9756,144.28604,711.34534,140.58458,643101186810611,643101241168320
734.86505,151.93813,734.86505,140.58458,643101241327434,643101292691184
776.61096,179.70795,734.86505,144.28604,643101292831653,643101348170351
774.43866,278.92297,734.86505,151.93813,643101348402903,643101402820611
694.4682,1011.7625,734.86505,179.70795,643101402927382,643101456948059
713.55865,954.853,734.86505,278.92297,643101457113580,643101512237017
709.4047,968.8914,713.55865,954.853,643101512375611,643101563681601
694.54645,941.1412,713.55865,941.1412,643101563834570,643101623204882
716.7444,957.3784,713.55865,954.853,643101623309205,643101679472486
690.45593,940.98016,713.55865,941.1412,643101679676236,643101752657382
620.8332,1016.1995,713.55865,954.853,643101752908319,643101819253684
617.2741,989.9484,690.45593,954.853,643101819900403,643101868404621
737.7206,333.4651,713.55865,954.853,643101868626080,643101918734465
665.0141,239.95996,690.45593,954.853,643101919005924,643101972733424
668.7885,222.61014,690.45593,333.4651,643101972862434,643102033993684
652.9698,133.1718,668.7885,239.95996,643102034171861,643102121772642
667.0514,176.77956,668.7885,222.61014,643102121887382,643102164546392
668.1489,192.10316,668.1489,192.10316,643102164826080,643102224445298
638.80286,190.82089,668.1489,192.10316,643102225780507,643102276907173
654.2957,184.23184,668.1489,192.10316,643102277063788,643102332307434
665.0431,137.67183,665.0431,190.82089,643102333227278,643102391439048
679.56824,115.14675,668.1489,184.23184,643102391898215,643102445104048
639.1729,113.76211,665.0431,137.67183,643102445344152,643102492979621
607.4207,111.072105,665.0431,115.14675,643102493919257,643102543733527
588.4732,109.8683,639.1729,113.76211,643102543879361,643102619675194
614.5058,118.14594,614.5058,115.14675,643102619798267,643102664057590
684.0476,138.82436,639.1729,115.14675,643102664264673,643102732287694
710.3722,120.346275,639.1729,118.14594,643102732511861,643102778285871
697.8863,165.51784,684.0476,120.346275,643102778408267,643102829293579
725.00244,84.162926,697.8863,118.14594,643102829822121,643102884817798
681.3685,124.637276,684.0476,120.346275,643102884976861,643102940115142
736.7202,167.25352,697.8863,120.346275,643102940269881,643103001718996
688.3974,130.5024,688.3974,124.637276,643103001838840,643103061691809
712.861,172.01555,697.8863,130.5024,643103062220506,643103125036808
695.02216,183.52681,695.02216,130.5024,643103125161965,643103176962642
634.14935,1403.8806,695.02216,172.01555,643103177096704,643103234256861
668.5207,1476.6638,695.02216,183.52681,643103234380975,643103306127590
653.91797,1499.9865,668.5207,1403.8806,643103306267017,643103357517850
675.009,1526.8375,675.009,1476.6638,643103357663058,643103411778788
646.70807,1391.7412,668.5207,1403.8806,643103412373788,643103486143788
585.92145,1437.4222,668.5207,1437.4222,643103486267850,643103533520715
573.83234,1460.6427,646.70807,1437.4222,643103533713892,643103580883058
599.5025,1529.2644,599.5025,1437.4222,643103581074100,643103634532173
454.9439,1559.6813,599.5025,1460.6427,643103635546340,643103692869412
443.57425,1079.0402,599.5025,1437.4222,643103693027954,643103744846808
408.54785,671.5954,454.9439,1437.4222,643103745065871,643103800696027
714.52716,118.77759,599.5025,1079.0402,643103801365037,643103857292381
670.7943,428.2526,599.5025,671.5954,643103857427537,643103905010402
563.83264,245.67331,599.5025,428.2526,643103905135871,643103960109308
556.90845,242.92865,599.5025,428.2526,643103960240662,643104005861183
610.1824,135.89088,599.5025,245.67331,643104006043631,643104062864829
575.80255,155.96535,599.5025,242.92865,643104063058527,643104131596339
602.84644,154.50246,599.5025,155.96535,643104131777902,643104188301027
661.20154,137.5174,599.5025,155.96535,643104188437121,643104242453631
734.1996,128.70885,602.84644,154.50246,643104242703423,643104290363943
749.1039,137.08696,661.20154,137.5174,643104290564621,643104351017225
775.3225,136.74852,734.1996,137.08696,643104352546756,643104408906391
735.72687,180.17531,735.72687,137.5174,643104409049516,643104462650454
755.01196,141.60953,735.72687,137.5174,643104462862120,643104531685037
730.9199,169.26886,735.72687,141.60953,643104531807485,643104587446079
746.10016,135.27745,735.72687,137.5174,643104587604256,643104633549204
741.2773,192.84814,735.72687,141.60953,643104633689256,643104683813839
778.54926,127.011894,741.2773,137.5174,643104683971600,643104738700454
761.18884,138.70824,741.2773,138.70824,643104738855089,643104795295245
769.9536,194.42233,761.18884,138.70824,643104796795975,643104848349829
768.00555,141.10258,761.18884,138.70824,643104848508943,643104903492693
707.78143,675.5935,761.18884,141.10258,643104903647589,643104962408214
715.3812,781.4853,761.18884,141.10258,643104962551235,643105021855974
691.7709,801.8574,715.3812,675.5935,643105022015974,643105069099204
704.0724,830.9124,715.3812,781.4853,643105069260141,643105118299568
699.0442,780.16846,704.0724,780.16846,643105118443318,643105171973214
656.01746,748.5639,704.0724,780.16846,643105172434151,643105228548422
649.42163,751.9647,699.0442,780.16846,643105228716391,643105277471235
640.6463,680.22327,656.01746,751.9647,643105278095506,643105333817016
571.3601,331.99057,649.42163,751.9647,643105333924203,643105387762172
569.6614,314.47266,640.6463,680.22327,643105387966131,643105439680193
553.21173,250.3741,571.3601,331.99057,643105439853422,643105498325401
626.9548,300.03488,626.9548,314.47266,643105498430505,643105547031755
745.37494,176.24782,626.9548,300.03488,643105547163891,643105604143422
775.8928,158.93008,626.9548,300.03488,643105604292745,643105659011547
758.1774,142.41954,745.37494,176.24782,643105659162693,643105710105766
775.3509,127.13729,758.1774,158.93008,643105710275766,643105772855349
749.1448,121.606186,749.1448,142.41954,643105773052172,643105843361651
712.3777,185.29825,749.1448,158.93008,643105843555818,643105900094620
703.94586,212.55472,749.1448,158.93008,643105900212901,643105947870245
742.24225,165.4816,742.24225,165.4816,643105947999203,643106003228005
667.5278,162.2344,742.24225,162.2344,643106003353630,643106060511547
644.76166,141.91249,742.24225,162.2344,643106060700870,643106108785297
601.7372,153.30797,667.5278,162.2344,643106109823734,643106160629620
584.8592,139.18416,644.76166,153.30797,643106161905141,643106210586651
576.6546,149.00505,601.7372,153.30797,643106210813682,643106282824099
787.3058,524.4508,644.76166,153.30797,643106282974932,643106355863943
813.02875,460.92313,644.76166,153.30797,643106356045922,643106410675193
817.07806,533.39124,787.3058,460.92313,643106411448266,643106465314463
805.65607,542.60626,805.65607,460.92313,643106465653213,643106513535505
809.17694,540.0813,805.65607,533.39124,643106513781443,643106566467797
802.463,525.3825,805.65607,525.3825,643106566602432,643106618257172
829.5477,1156.3954,805.65607,533.39124,643106618456807,643106667380140
846.9104,1294.3567,805.65607,533.39124,643106667496495,643106734745140
833.6454,1300.5961,829.5477,1156.3954,643106735015036,643106779963838
817.07043,1325.7639,817.07043,1294.3567,643106780247588,643106834964359
808.48,1359.2216,817.07043,1300.5961,643106835069828,643106891689463
734.97516,1530.9928,817.07043,1325.7639,643106891911130,643106947303942
692.19104,1649.2103,808.48,1359.2216,643106947419567,643106996939047
612.7206,1649.984,734.97516,1530.9928,643106997156963,643107048966494
617.50867,1694.2235,692.19104,1649.2103,643107049122849,643107099712901
633.1187,1730.573,633.1187,1649.984,643107099945869,643107146896963
627.5133,1643.2322,633.1187,1649.2103,643107147002224,643107195989932
674.513,1672.1057,633.1187,1649.984,643107196204619,643107242995765
674.7451,1742.98,633.1187,1649.984,643107243154515,643107323648526
716.4662,1745.3964,674.513,1672.1057,643107323844776,643107376345974
699.51733,1678.1886,674.7451,1678.1886,643107376467692,643107423743265
699.13074,1653.4045,699.13074,1672.1057,643107423933474,643107499436807
723.73505,1654.2981,699.13074,1672.1057,643107499581026,643107543845244
880.7793,1501.4878,699.13074,1654.2981,643107544116182,643107604817588
924.06573,1443.5249,723.73505,1654.2981,643107604966807,643107657278369
928.90234,1401.1771,880.7793,1501.4878,643107657466078,643107710613734
899.0467,1300.3875,899.0467,1443.5249,643107710733161,643107764577848
902.8797,1276.684,899.0467,1401.1771,643107764747848,643107827166234
887.07776,655.94824,899.0467,1300.3875,643107827356859,643107880975921
809.0207,246.04877,899.0467,1276.684,643107881098265,643107940880348
801.7456,207.05913,887.07776,655.94824,643107941068057,643108000934775
781.47296,151.24052,809.0207,246.04877,643108002375869,643108049320505
775.32556,195.86044,801.7456,207.05913,643108049948890,643108107146755
808.76935,163.61331,808.76935,195.86044,643108107325452,643108157591286
645.3604,283.12415,801.7456,207.05913,643108157767952,643108202003369
591.6155,299.3826,801.7456,207.05913,643108203081807,643108261206546
574.68713,237.91716,645.3604,237.91716,643108261351702,643108322504827
595.62494,278.9633,595.62494,237.91716,643108322624775,643108408735973
585.7194,243.69519,595.62494,237.91716,643108408901754,643108464887223
574.24084,266.98315,595.62494,243.69519,643108465038004,643108520365088
588.56036,257.8759,588.56036,243.69519,643108520551650,643108571349931
568.44904,256.2348,588.56036,256.2348,643108571548213,643108622536286
633.1707,271.63498,588.56036,256.2348,643108622679567,643108666080036
669.6468,252.06416,588.56036,256.2348,643108666558004,643108719015088
681.5658,289.5608,633.1707,256.2348,643108719194983,643108771657171
673.1315,283.86813,669.6468,256.2348,643108771997067,643108833878213
719.3424,356.74124,673.1315,283.86813,643108834085608,643108903435140
421.40903,130.69388,669.6468,256.2348,643108903631442,643108956382015
510.91803,355.05054,669.6468,283.86813,643108956482588,643109004307640
417.009,246.75565,510.91803,256.2348,643109004493369,643109062855973
500.67206,238.48274,510.91803,256.2348,643109062959827,643109113044983
495.24493,253.79036,500.67206,253.79036,643109113260087,643109161790660
446.48602,291.07788,500.67206,256.2348,643109161943056,643109217612067
553.31616,494.36972,500.67206,256.2348,643109217858577,643109270661546
708.1427,1420.0244,500.67206,291.07788,643109270784931,643109323646910
747.23706,1468.9473,553.31616,494.36972,643109323764619,643109373994098
728.98773,1408.9626,708.1427,1408.9626,643109374133108,643109426543733
714.9419,1403.1589,714.9419,1403.1589,643109426685973,643109481152119
736.31775,1482.0669,714.9419,1408.9626,643109481395296,643109530699046
762.05853,1409.3785,714.9419,1408.9626,643109531245816,643109580158316
675.2531,1388.452,714.9419,1408.9626,643109580404775,643109635480452
674.27576,1310.1216,714.9419,1408.9626,643109635677848,643109687524723
622.28723,369.8871,675.2531,1388.452,643109687694098,643109739374723
605.03784,236.42088,674.27576,1310.1216,643109739506129,643109790918160
603.04834,255.99155,622.28723,369.8871,643109791063316,643109839115035
588.11273,291.21835,605.03784,291.21835,643109839278316,643109896789150
586.8144,226.19255,603.04834,291.21835,643109897599202,643109968895764
593.9086,190.36902,593.9086,291.21835,643109969801077,643110039528837
786.3281,108.773346,603.04834,226.19255,643110039673473,643110095642431
840.5867,114.51207,603.04834,190.36902,643110095765295,643110146127222
830.4504,140.66881,786.3281,140.66881,643110146351129,643110202016181
802.5359,433.37994,802.5359,190.36902,643110202219566,643110249944879
788.678,1184.3352,788.678,190.36902,643110250172170,643110300815400
725.6679,1368.7504,788.678,433.37994,643110300927587,643110342144774
749.92523,1475.447,788.678,1184.3352,643110342280035,643110400420139
708.60376,1455.5637,749.92523,1368.7504,643110400594722,643110444739879
704.1072,1420.9934,749.92523,1420.9934,643110445010868,643110501324931
726.5531,1402.7025,726.5531,1402.7025,643110502265139,643110559233056
722.1454,1408.7654,726.5531,1408.7654,643110559370399,643110604445660
683.8883,1438.3926,726.5531,1408.7654,643110604607274,643110661401910
682.1629,1427.344,722.1454,1408.7654,643110661554931,643110724903472
666.9087,1339.0845,683.8883,1408.7654,643110725020347,643110782481753
678.0137,1344.956,682.1629,1408.7654,643110782637483,643110837501076
676.3383,1358.9272,678.0137,1358.9272,643110837627118,643110901419878
657.4076,1329.4143,678.0137,1358.9272,643110901550399,643110982525191
781.4216,1412.9777,678.0137,1358.9272,643110982687587,643111035180972
751.8004,1486.8402,678.0137,1358.9272,643111035427066,643111094492222
706.4097,1057.4136,706.4097,1358.9272,643111094689722,643111147086597
398.29904,800.1142,678.0137,1358.9272,643111147309774,643111201296701
473.02103,370.1335,678.0137,1057.4136,643111201425660,643111256663628
677.6491,-40.282448,677.6491,800.1142,643111258521857,643111311469410
578.36975,203.95525,677.6491,370.1335,643111311700347,643111365448889
606.5092,176.05685,677.6491,203.95525,643111365579149,643111419958732
600.536,152.77884,606.5092,203.95525,643111420139253,643111470675555
595.7896,146.45639,606.5092,176.05685,643111470799878,643111528178837
684.6809,124.11271,606.5092,152.77884,643111528603472,643111583072795
827.5258,140.41934,606.5092,146.45639,643111583198524,643111638029514
849.7528,155.05345,684.6809,152.77884,643111638197951,643111694791180
873.6082,163.60583,827.5258,152.77884,643111695004305,643111740821389
861.2004,182.97806,849.7528,155.05345,643111740974618,643111796642743
842.8385,183.13818,842.8385,163.60583,643111796772066,643111857361701
830.0823,168.85805,842.8385,168.85805,643111857504566,643111907960347
677.447,258.61453,842.8385,168.85805,643111908242691,643111964888732
658.0105,281.15344,830.0823,168.85805,643111965027274,643112022232795
636.1147,297.90518,677.447,258.61453,643112022357951,643112072961961
633.7241,305.35815,658.0105,281.15344,643112073172430,643112138062847
617.0478,275.08936,636.1147,275.08936,643112138181493,643112185943211
618.8069,311.4457,633.7241,281.15344,643112186071024,643112242960399
600.22906,266.86426,618.8069,275.08936,643112243769201,643112300896076
588.9856,316.55258,618.8069,281.15344,643112301036024,643112350452847
621.089,321.06366,618.8069,281.15344,643112350595295,643112402809878
617.8869,239.76482,618.8069,281.15344,643112402934670,643112467494722
660.4635,176.51642,618.8069,281.15344,643112467614513,643112514674044
651.31525,204.70447,618.8069,239.76482,643112514836544,643112584810555
661.94635,222.8411,651.31525,222.8411,643112584932326,643112634850451
675.188,252.03401,651.31525,239.76482,643112635001544,643112687096180
675.1391,282.27386,661.94635,239.76482,643112687209774,643112745400815
694.51196,243.12617,675.1391,243.12617,643112746233263,643112810020971
705.4044,213.03452,675.1391,239.76482,643112810206336,643112860908784
656.24585,263.68573,675.1391,243.12617,643112861121857,643112908541492
637.85614,248.98434,675.1391,243.12617,643112908739357,643112984802534
657.6096,224.76167,657.6096,243.12617,643112984939357,643113043581857
663.925,181.52037,663.925,243.12617,643113043737169,643113100922378
673.06696,216.48572,663.925,224.76167,643113101082951,643113149359669
678.4835,214.28708,663.925,216.48572,643113149639825,643113200200138
659.93677,202.14104,663.925,216.48572,643113200332273,643113252971909
637.34595,216.90962,663.925,216.48572,643113253125607,643113307703211
624.64966,234.66298,659.93677,216.48572,643113307888888,643113365646857
725.64514,593.39056,663.925,216.90962,643113365842325,643113420449096
772.9591,1326.07,663.925,234.66298,643113420621440,643113468372898
756.8429,1478.0859,725.64514,593.39056,643113468527950,643113524562325
777.6187,1599.9182,756.8429,1326.07,643113524729773,643113576364825
804.80273,1502.9233,756.8429,1478.0859,643113576512325,643113634868107
762.8987,1438.0763,762.8987,1438.0763,643113634982221,643113697522846
779.2311,1496.0963,762.8987,1478.0859,643113697646284,643113752965502
750.2877,1444.7418,762.8987,1444.7418,643113753174565,643113807927742
734.2838,1469.3912,762.8987,1469.3912,643113808173523,643113852079096
722.29694,1444.4104,750.2877,1444.7418,643113852221023,643113903935711
755.8175,1538.5177,755.8175,1469.3912,643113904247377,643113955641648
738.77515,1499.5618,750.2877,1469.3912,643113955787325,643114005562586
748.3876,1063.3569,750.2877,1469.3912,643114005749200,643114058767325
706.1563,583.1687,748.3876,1469.3912,643114058902481,643114121327533
705.6036,401.33414,748.3876,1063.3569,643114121556179,643114168847950
684.9102,353.04575,706.1563,583.1687,643114169005606,643114218356023
694.8811,214.87811,705.6036,401.33414,643114218566804,643114271055919
662.9311,234.58612,694.8811,353.04575,643114271885763,643114324526283
643.59296,262.98462,694.8811,262.98462,643114324733575,643114375131283
661.2758,226.63167,662.9311,262.98462,643114376139981,643114430607273
654.18176,246.25052,661.2758,262.98462,643114430846179,643114476919721
662.20935,240.08145,662.20935,246.25052,643114477141596,643114523519200
644.2536,250.59714,661.2758,250.59714,643114523709096,643114568611804
690.34485,240.21718,662.20935,246.25052,643114568852012,643114616411544
700.01013,271.00412,662.20935,250.59714,643114616610085,643114666476440
654.4408,226.6775,662.20935,246.25052,643114667306960,643114713032846
694.1018,222.45952,662.20935,246.25052,643114713249512,643114763473627
661.8445,226.336,662.20935,226.6775,643114763683939,643114809661700
669.215,237.7167,662.20935,237.7167,643114809871804,643114855841700
685.825,231.67729,662.20935,231.67729,643114856143731,643114922098106
693.0307,319.66742,669.215,237.7167,643114922283575,643114972618002
716.6976,245.73853,685.825,237.7167,643114972761283,643115019266752
732.5919,232.39658,693.0307,237.7167,643115019420606,643115064656648
730.617,220.90617,716.6976,237.7167,643115064792116,643115121755918
744.9051,238.44835,730.617,237.7167,643115121899252,643115173068106
778.8596,220.22813,730.617,237.7167,643115173213158,643115230336856
731.2741,236.90582,731.2741,237.7167,643115230474460,643115290468783
737.7088,290.4127,731.2741,237.7167,643115290604512,643115345265033
692.3496,966.15845,731.2741,237.7167,643115345424981,643115405081387
630.4641,917.4405,731.2741,290.4127,643115405229773,643115462970189
662.0138,969.12634,692.3496,917.4405,643115463110398,643115515659929
645.2534,973.708,662.0138,917.4405,643115515890814,643115571998575
638.2109,942.51825,662.0138,942.51825,643115572221752,643115641062741
708.2034,542.3429,662.0138,917.4405,643115641213002,643115703270710
670.34204,566.16614,662.0138,917.4405,643115703773210,643115769558262
613.1142,553.52496,662.0138,566.16614,643115769733939,643115821351335
660.78595,277.93564,662.0138,566.16614,643115822193210,643115872650918
657.148,274.30032,660.78595,553.52496,643115874315449,643115922036595
624.061,265.4239,660.78595,277.93564,643115922264929,643115978027949
639.3062,290.03036,657.148,290.03036,643115978161804,643116034928783
677.2886,337.9811,660.78595,290.03036,643116035232064,643116086825762
707.1907,1271.681,660.78595,290.03036,643116086954772,643116137090085
696.14764,1501.69,677.2886,337.9811,643116137263158,643116187230606
736.107,1487.666,696.14764,1271.681,643116187373001,643116230643626
745.60626,1549.5999,696.14764,1487.666,643116230872637,643116280991074
679.805,1528.0001,696.14764,1487.666,643116281122168,643116337371335
561.30096,1386.8461,696.14764,1487.666,643116338591647,643116409215137
509.5274,1425.8395,679.805,1487.666,643116409358887,643116461858470
524.119,1424.3297,561.30096,1425.8395,643116462447845,643116517763105
455.8826,1351.405,524.119,1425.8395,643116518767897,643116586790553
542.43646,1402.7701,542.43646,1424.3297,643116587045293,643116647994199
700.9882,1423.2557,542.43646,1423.2557,643116648282585,643116698979980
678.5989,1526.1664,542.43646,1424.3297,643116699161699,643116748790241
733.14905,1422.029,678.5989,1423.2557,643116749037168,643116801446230
709.2127,1475.2037,678.5989,1424.3297,643116801573782,643116852257949
705.06476,1467.9727,705.06476,1424.3297,643116852379251,643116908350605
659.8853,1431.6167,678.5989,1431.6167,643116908509668,643116956908730
686.3315,1379.9634,686.3315,1424.3297,643116957046230,643117006552741
681.44885,1305.4015,681.44885,1424.3297,643117006686543,643117056661543
639.7176,1437.4457,681.44885,1424.3297,643117056887532,643117109626178
711.6757,1373.0929,681.44885,1424.3297,643117109858209,643117162313105
711.94415,1436.4631,681.44885,1424.3297,643117163940657,643117215923001
382.79596,818.38104,681.44885,1424.3297,643117216129928,643117277015501
686.53815,652.59784,681.44885,1424.3297,643117277225084,643117332159511
723.5975,539.81305,681.44885,818.38104,643117332334095,643117395053366
648.9298,385.22025,681.44885,652.59784,643117395289199,643117450038157
654.5719,405.46036,681.44885,539.81305,643117450180553,643117507015084
641.8496,289.55328,654.5719,405.46036,643117507158991,643117560971074
627.0405,286.88687,654.5719,405.46036,643117561969720,643117621606178
623.71265,244.59111,641.8496,289.55328,643117621757428,643117677440449
733.7047,256.3455,654.5719,286.88687,643117677582324,643117724262897
764.8064,271.3539,654.5719,271.3539,643117724418678,643117775722272
762.162,256.95227,733.7047,271.3539,643117775858417,643117834281542
772.8195,261.29758,762.162,271.3539,643117834403053,643117898667688
749.774,316.56323,749.774,271.3539,643117898810865,643117946638209
685.2473,246.18517,749.774,271.3539,643117946836647,643117997362949
645.44196,232.06593,749.774,271.3539,643117997569667,643118048326126
566.5203,277.72452,685.2473,271.3539,643118048454459,643118101908574
576.9435,266.46884,645.44196,271.3539,643118102035917,643118160201959
565.22125,264.91183,576.9435,271.3539,643118160365084,643118238881230
552.1515,221.76593,576.9435,266.46884,643118239014042,643118285415813
516.54254,248.1362,565.22125,264.91183,643118285555449,643118333476021
697.7957,631.6531,576.9435,266.46884,643118333730761,643118385978157
736.99915,602.21106,576.9435,266.46884,643118386149459,643118437546126
731.42487,681.863,697.7957,602.21106,643118437677532,643118490802584
705.82275,711.1602,705.82275,602.21106,643118490913678,643118538880344
755.8544,655.9721,705.82275,655.9721,643118538998678,643118594744042
731.0401,666.4941,705.82275,655.9721,643118594895761,643118651092115
772.4821,621.9268,731.0401,655.9721,643118651241803,643118708410396
759.55475,608.58716,731.0401,655.9721,643118708601542,643118762385084
802.61163,650.1184,759.55475,650.1184,643118762578105,643118817050553
743.76013,624.2995,743.76013,650.1184,643118817197271,643118869852688
748.08405,733.1736,748.08405,650.1184,643118869980396,643118922624094
704.3366,916.9989,743.76013,650.1184,643118923654198,643118978523469
696.36694,930.98474,743.76013,733.1736,643118978672636,643119049789146
675.38153,961.56586,704.3366,916.9989,643119049923834,643119109751490
714.3652,944.6411,714.3652,930.98474,643119110198834,643119180946073
679.90326,1032.7449,704.3366,944.6411,643119181080917,643119230671854
694.1848,1039.345,704.3366,944.6411,643119230798729,643119278653365
587.00555,580.6574,694.1848,944.6411,643119279543156,643119325633365
649.8849,307.75247,694.1848,944.6411,643119325801177,643119383561698
665.18854,265.45303,665.18854,580.6574,643119383767115,643119432456698
635.08,290.58313,665.18854,307.75247,643119432647896,643119479974563
644.1238,276.14227,665.18854,290.58313,643119480160188,643119525709667
621.3139,204.28273,644.1238,290.58313,643119525926438,643119574899667
626.16986,177.49518,644.1238,276.14227,643119575016333,643119622547219
623.41,133.06532,626.16986,204.28273,643119623055500,643119669336958
659.8318,112.28046,644.1238,177.49518,643119669591438,643119724934406
656.042,107.39087,644.1238,133.06532,643119725134250,643119783162740
641.7839,138.93083,644.1238,138.93083,643119783356802,643119833111958
669.7794,148.0061,644.1238,138.93083,643119833338938,643119896774615
607.3226,95.68257,644.1238,138.93083,643119896919250,643119942866437
657.6165,95.72045,644.1238,138.93083,643119943103104,643119991102219
646.25226,115.74032,644.1238,115.74032,643119991306594,643120041431594
645.55,82.85239,645.55,115.74032,643120041632583,643120087599354
646.1124,107.58186,645.55,115.74032,643120087748625,643120140184875
649.7931,114.03566,645.55,114.03566,643120140433469,643120187345135
679.9795,167.43643,646.1124,115.74032,643120187517948,643120236172062
641.7368,319.22964,645.55,115.74032,643120236375864,643120283050656
676.3092,1272.4789,646.1124,167.43643,643120283288625,643120330340969
673.54395,1591.0142,646.1124,319.22964,643120330565604,643120384550916
761.9492,1575.0372,673.54395,1272.4789,643120384765291,643120435396646
686.12683,1612.8722,673.54395,1575.0372,643120435671489,643120488134927
641.4363,1508.8453,673.54395,1508.8453,643120488245916,643120537376854
585.212,1416.3857,673.54395,1508.8453,643120537622583,643120583800500
589.0005,1424.7263,641.4363,1508.8453,643120584570604,643120639193573
625.7727,1451.2866,625.7727,1451.2866,643120639416646,643120713863156
536.4852,1591.1353,625.7727,1508.8453,643120713973885,643120762632843
548.5891,1511.4302,625.7727,1508.8453,643120762748625,643120811775031
473.00555,1515.688,548.5891,1511.4302,643120812949250,643120858783156
522.54395,1506.1732,548.5891,1508.8453,643120859684510,643120905782114
476.8995,1454.0201,522.54395,1508.8453,643120905985448,643120973971541
489.56116,1549.4353,522.54395,1508.8453,643120974863677,643121031404250
721.64935,1688.1829,522.54395,1508.8453,643121031538885,643121090095916
829.21136,1655.2756,522.54395,1549.4353,643121090234562,643121162685604
867.3762,1631.1962,721.64935,1631.1962,643121162811697,643121224886697
906.34125,1589.3021,829.21136,1589.3021,643121225028677,643121275007843
885.49567,1583.8865,867.3762,1589.3021,643121275612635,643121328973520
821.16626,1570.1215,829.21136,1589.3021,643121329117531,643121383350291
792.1025,1625.8003,829.21136,1589.3021,643121383555031,643121439314458
803.0821,1596.5962,821.16626,1589.3021,643121439489562,643121498043989
820.7295,1545.0166,820.7295,1589.3021,643121498194718,643121564440916
785.9966,1535.4939,820.7295,1589.3021,643121564611801,643121621733833
777.2901,1587.9607,820.7295,1587.9607,643121621844562,643121689864666
746.2534,1528.3618,785.9966,1587.9607,643121689994718,643121751185343
678.365,1521.3083,777.2901,1587.9607,643121751395031,643121799263051
629.5625,1467.0968,746.2534,1528.3618,643121800147635,643121853784093
675.61896,1410.2832,678.365,1521.3083,643121853971958,643121901236124
664.28906,1519.0446,675.61896,1519.0446,643121901407843,643121955484249
758.97687,1490.1733,678.365,1519.0446,643121955660030,643122010214718
749.2589,1495.4824,678.365,1519.0446,643122010367114,643122058761333
763.7939,1506.5754,749.2589,1506.5754,643122058896593,643122110348676
741.502,1485.9413,741.502,1506.5754,643122110595499,643122166190291
765.3422,1482.1718,749.2589,1506.5754,643122166321541,643122224247843
597.97064,781.1217,741.502,1485.9413,643122224401957,643122272535760
437.1162,467.70605,741.502,1482.1718,643122272681645,643122325107062
657.53,330.5439,657.53,781.1217,643122325254405,643122379761437
574.0097,699.8348,657.53,699.8348,643122380510864,643122436683728
638.3508,662.7517,657.53,699.8348,643122436806072,643122498905447
600.96204,616.88293,638.3508,699.8348,643122499123207,643122558626593
625.35547,592.1275,638.3508,662.7517,643122558775655,643122611085447
629.87213,516.989,629.87213,616.88293,643122611242374,643122667690603
600.69385,675.3529,629.87213,662.7517,643122667836332,643122723296801
649.2006,676.9343,629.87213,662.7517,643122723524197,643122777368624
583.22974,542.4879,629.87213,662.7517,643122777522791,643122831211332
548.29407,318.32025,629.87213,662.7517,643122831423572,643122884899457
540.65436,365.69162,583.22974,542.4879,643122885083155,643122940327686
709.55194,358.5474,629.87213,365.69162,643122940469822,643122995610082
737.80585,404.5705,629.87213,404.5705,643122995769249,643123056927530
773.7727,405.24927,709.55194,404.5705,643123057057947,643123103594197
793.0192,400.32248,737.80585,404.5705,643123103716124,643123161346124
800.24866,413.24454,773.7727,404.5705,643123161456593,643123219855238
794.62006,365.43472,793.0192,404.5705,643123219992686,643123279685186
793.31067,406.05194,793.31067,404.5705,643123279916592,643123334038624
766.9328,416.37897,793.0192,404.5705,643123334177009,643123397837582
776.659,432.9262,793.0192,406.05194,643123398024613,643123458481749
777.90356,235.18199,777.90356,404.5705,643123458613988,643123514712582
773.6373,220.51645,777.90356,404.5705,643123514899978,643123573537374
756.972,196.39264,777.90356,235.18199,643123573699197,643123628267269
736.35815,154.67618,773.6373,220.51645,643123628789717,643123674810134
748.0142,149.11325,756.972,196.39264,643123674969926,643123731145915
765.7494,328.36063,765.7494,220.51645,643123731259717,643123789730446
760.6349,366.22644,760.6349,220.51645,643123791636332,643123847316488
778.05194,372.20285,765.7494,328.36063,643123847511280,643123896797217
757.1226,367.4715,760.6349,366.22644,643123898367009,643123968265967
481.28543,360.97055,760.6349,360.97055,643123968383623,643124016890915
441.1352,404.79767,757.1226,366.22644,643124017053103,643124066844040
422.47684,366.81427,481.28543,366.22644,643124067070342,643124139847009
385.3441,338.11398,441.1352,366.22644,643124139977790,643124189575394
378.42328,369.56903,422.47684,366.22644,643124189739248,643124243065811
799.61304,415.7616,441.1352,366.22644,643124243312321,643124303677842
801.9281,408.0583,441.1352,369.56903,643124303798988,643124376299352
809.1497,410.08627,799.61304,408.0583,643124376528623,643124436066488
785.1457,428.1602,785.1457,408.0583,643124436231123,643124496150811
446.8587,330.67233,785.1457,408.0583,643124496333884,643124549988415
417.94498,747.9193,785.1457,408.0583,643124550124144,643124607990654
607.0399,1359.252,607.0399,408.0583,643124608167842,643124664096332
610.5997,1210.016,610.5997,747.9193,643124664241592,643124731308988
565.3215,1461.2249,607.0399,1210.016,643124731914248,643124777576071
572.2171,1478.0463,607.0399,1210.016,643124777769717,643124829910759
606.6132,1449.472,606.6132,1449.472,643124830049040,643124887925290
689.9999,1524.573,607.0399,1449.472,643124888112686,643124939373154
739.3104,1554.9066,607.0399,1449.472,643124939517634,643124994636488
775.38916,1614.1337,689.9999,1524.573,643124994988623,643125069475654
749.6405,1605.5197,739.3104,1554.9066,643125069630394,643125123042269
808.3063,1659.1178,749.6405,1605.5197,643125123157425,643125181030654
854.1641,1676.7667,749.6405,1605.5197,643125181468363,643125227385446
827.82587,1729.7446,808.3063,1659.1178,643125227570238,643125273811540
825.1928,1613.7913,825.1928,1613.7913,643125274044456,643125329915550
804.9829,1630.4867,808.3063,1630.4867,643125330104040,643125380581748
794.50995,1616.2858,808.3063,1616.2858,643125380711748,643125451148935
847.26495,1661.6395,808.3063,1630.4867,643125451299196,643125500269144
798.6617,1725.9307,808.3063,1630.4867,643125500382112,643125556434144
816.11426,1695.0623,808.3063,1661.6395,643125556963935,643125611491852
824.76556,1284.5667,808.3063,1630.4867,643125611626383,643125666041956
509.0424,548.8852,808.3063,1630.4867,643125666176071,643125719487269
789.48505,116.22161,808.3063,1284.5667,643125719700967,643125768275133
731.7791,711.6485,789.48505,711.6485,643125768423310,643125821434144
769.76154,536.0229,789.48505,711.6485,643125822007008,643125870785185
718.43616,499.69574,769.76154,711.6485,643125870890654,643125923215237
708.19617,447.93573,769.76154,536.0229,643125923415862,643125978871227
701.49146,448.19678,718.43616,499.69574,643125979911487,643126053664404
704.9814,491.18686,708.19617,491.18686,643126053848310,643126107139248
645.6247,639.43274,704.9814,499.69574,643126107365498,643126158378675
648.96826,594.5803,704.9814,499.69574,643126158609612,643126221489873
627.23364,603.3488,648.96826,594.5803,643126221671904,643126273263987
635.1355,251.6242,648.96826,499.69574,643126273489143,643126328892060
678.3398,299.62076,648.96826,499.69574,643126328999820,643126379109560
683.1321,212.79893,648.96826,299.62076,643126379252685,643126435517893
700.7231,188.87782,678.3398,299.62076,643126435647164,643126501810758
691.6536,220.12437,683.1321,220.12437,643126502023466,643126559965445
694.9874,212.26067,691.6536,220.12437,643126561147164,643126606609664
688.82764,207.99657,688.82764,220.12437,643126606774352,643126658909716
689.5082,302.39722,689.5082,220.12437,643126659151904,643126732986070
698.84454,291.02158,689.5082,220.12437,643126733130654,643126778192216
689.6206,212.75447,689.5082,220.12437,643126778318258,643126841794404
664.89996,260.8387,689.5082,220.12437,643126841913935,643126893864664
685.1806,228.7369,689.5082,220.12437,643126894107372,643126947144143
683.244,149.35544,685.1806,220.12437,643126947287737,643127004353466
759.76514,140.58063,689.5082,220.12437,643127005730393,643127054941383
731.6615,99.81888,689.5082,149.35544,643127055082008,643127105632008
806.31573,47.803024,731.6615,140.58063,643127105834351,643127166360966
649.6018,250.1043,689.5082,149.35544,643127166473153,643127244714039
715.5695,1110.245,715.5695,149.35544,643127244857424,643127298529976
674.73236,1222.4268,689.5082,250.1043,643127298650966,643127353355862
685.8137,1314.7261,689.5082,1110.245,643127353481278,643127405664716
749.7488,1415.5848,689.5082,1222.4268,643127405871070,643127463846903
811.54346,1468.5144,689.5082,1314.7261,643127463970289,643127517731487
770.92865,1518.6959,749.7488,1415.5848,643127518433778,643127595700810
812.7595,1463.6609,770.92865,1463.6609,643127595835237,643127642091122
786.756,1548.4468,770.92865,1463.6609,643127642229351,643127707669039
786.2607,1551.6497,786.2607,1463.6609,643127707814716,643127773205028
727.8901,1528.6676,770.92865,1528.6676,643127773332789,643127828209039
796.7754,1509.5215,786.2607,1509.5215,643127828311122,643127885672059
757.9433,1609.2112,770.92865,1528.6676,643127885948309,643127941887216
782.57733,1555.5189,782.57733,1528.6676,643127942040757,643127999887372
804.2986,1447.2366,782.57733,1528.6676,643128000153414,643128060543466
789.721,1525.5514,782.57733,1528.6676,643128060681955,643128105969351
742.9602,1460.5403,782.57733,1525.5514,643128106124559,643128159473414
775.1482,1423.9622,782.57733,1525.5514,643128159593101,643128214214976
736.0133,1491.07,775.1482,1491.07,643128214350653,643128275111955
755.0642,1519.482,775.1482,1519.482,643128275273570,643128332884924
741.93634,1394.7699,755.0642,1491.07,643128333101070,643128385463413
734.81616,1478.9646,755.0642,1491.07,643128385665549,643128438786174
780.11115,1496.9595,755.0642,1491.07,643128438904299,643128507514976
736.4248,1391.3193,755.0642,1491.07,643128507674247,643128559668465
712.7169,1526.1411,755.0642,1491.07,643128559786747,643128614967788
737.1186,1492.7198,737.1186,1491.07,643128615172215,643128668552476
728.14984,1446.7683,737.1186,1491.07,643128668736486,643128716781330
702.90497,1451.302,737.1186,1491.07,643128717038465,643128771651538
745.1823,1315.7716,737.1186,1451.302,643128771847372,643128831417111
718.2776,1135.0542,737.1186,1451.302,643128831599820,643128881319247
688.63763,1157.7445,737.1186,1315.7716,643128881542267,643128932286799
665.64734,1091.5845,718.2776,1157.7445,643128932952059,643128987882476
718.4852,1101.8206,718.4852,1157.7445,643128988064455,643129037282736
719.3022,1057.231,718.4852,1101.8206,643129037400965,643129084776851
655.0678,1097.5128,718.4852,1101.8206,643129084997319,643129131841121
718.99084,1330.3827,718.4852,1101.8206,643129132437632,643129178047267
736.10583,1450.2006,718.4852,1101.8206,643129178197163,643129230895132
740.852,1423.6683,718.99084,1330.3827,643129231079246,643129293117840
737.2484,1360.6606,736.10583,1360.6606,643129293268517,643129337963986
674.6328,1034.5851,718.99084,1330.3827,643129338107840,643129393298882
690.8037,885.1555,718.99084,1330.3827,643129393923517,643129445570392
697.32837,886.2177,697.32837,1034.5851,643129445730184,643129504532528
650.01733,867.05054,697.32837,886.2177,643129504687059,643129557800444
650.29346,838.74176,697.32837,886.2177,643129557933517,643129613314611
665.8216,844.09296,665.8216,867.05054,643129613621903,643129664271330
678.63965,895.833,678.63965,886.2177,643129664545757,643129710352528
691.5873,962.3329,678.63965,886.2177,643129710510288,643129765346694
609.65955,501.67325,678.63965,886.2177,643129766329246,643129817146434
574.8936,370.3999,678.63965,886.2177,643129817272475,643129868869819
589.80994,322.83627,609.65955,501.67325,643129869020965,643129915685809
611.6366,339.62262,611.6366,370.3999,643129915866590,643129977674298
619.1313,324.63293,611.6366,339.62262,643129978535184,643130033841538
820.95844,317.7482,611.6366,339.62262,643130033965496,643130093517007
845.9673,299.88004,619.1313,324.63293,643130093675496,643130140122892
861.9179,347.50412,820.95844,339.62262,643130140260392,643130197170861
839.35895,299.63043,839.35895,324.63293,643130197375496,643130252100600
833.2999,270.3008,833.2999,324.63293,643130252383465,643130301702944
796.56433,253.71262,833.2999,299.63043,643130302185861,643130361587944
786.5263,176.55771,833.2999,270.3008,643130361776798,643130409345652
738.7165,212.82916,796.56433,253.71262,643130409480183,643130463925913
745.1496,227.4342,786.5263,227.4342,643130464308100,643130518964715
722.7543,170.94273,745.1496,227.4342,643130519095652,643130584821902
727.8902,183.5045,745.1496,227.4342,643130584946069,643130637059506
740.3825,219.85904,740.3825,219.85904,643130637187215,643130693346642
750.1765,198.06146,745.1496,219.85904,643130694339819,643130744975079
717.57367,246.04077,740.3825,219.85904,643130745131381,643130797838308
823.3927,1152.2189,745.1496,219.85904,643130797986225,643130855668360
791.6746,1552.8868,745.1496,246.04077,643130855824715,643130915400704
835.16187,1452.5365,791.6746,1152.2189,643130915550912,643130993032319
764.3037,1474.9581,764.3037,1452.5365,643130993840808,643131044762371
761.4095,1507.2692,764.3037,1452.5365,643131044938152,643131098626329
793.62744,1709.3682,764.3037,1474.9581,643131099618204,643131158245235
817.2922,1725.2902,764.3037,1507.2692,643131158436537,643131216614194
763.74915,1804.5847,764.3037,1709.3682,643131217639194,643131268854506
785.3062,1775.8281,764.3037,1725.2902,643131269009194,643131326378100
772.6687,1741.6814,764.3037,1741.6814,643131326560756,643131371780808
809.8233,1793.7513,772.6687,1741.6814,643131371918829,643131432067110
855.08093,1834.065,772.6687,1741.6814,643131432200079,643131484198933
840.29376,1822.8722,809.8233,1793.7513,643131484334350,643131534283725
837.8394,1758.3129,837.8394,1758.3129,643131534423256,643131589794923
810.5393,1728.8519,810.5393,1758.3129,643131589922214,643131639858308
651.7816,846.70825,810.5393,1758.3129,643131640065496,643131699251433
713.64825,739.119,810.5393,1728.8519,643131699380027,643131761111589
699.3943,428.89,713.64825,846.70825,643131761346850,643131813056433
679.5384,310.57172,713.64825,739.119,643131813187006,643131871835443
698.5871,360.57736,699.3943,428.89,643131871981433,643131931384506
701.26337,389.5312,701.26337,389.5312,643131931499870,643131986505339
622.29767,591.9964,699.3943,428.89,643131986640912,643132034965131
460.96375,842.31976,699.3943,428.89,643132036394766,643132093196381
660.93384,-46.689224,660.93384,428.89,643132093356068,643132141702162
693.25775,230.709,693.25775,428.89,643132141909089,643132197019818
666.75854,223.80408,666.75854,230.709,643132197155704,643132260917266
685.69916,268.16864,685.69916,268.16864,643132261032474,643132314263256
672.05164,268.60614,672.05164,268.16864,643132314415756,643132374737683
712.37866,203.8593,685.69916,268.16864,643132374991693,643132431040756
718.5743,270.11084,685.69916,268.16864,643132431180131,643132485032891
665.79675,210.2248,685.69916,268.16864,643132485192214,643132546480964
729.8281,290.3949,685.69916,268.16864,643132546648724,643132599100131
690.43164,189.5498,685.69916,268.16864,643132599239766,643132660455235
640.2099,212.47278,685.69916,268.16864,643132660595339,643132723150339
597.7546,242.9434,685.69916,242.9434,643132723949037,643132795880287
632.506,244.95598,640.2099,244.95598,643132796055131,643132850144089
710.38043,780.2147,685.69916,244.95598,643132850307162,643132906547162
677.2574,879.11755,677.2574,244.95598,643132908425183,643132962641693
696.8593,840.26447,685.69916,780.2147,643132962802110,643133018517630
711.6945,850.80963,685.69916,840.26447,643133019078255,643133068726641
697.3879,815.2802,696.8593,815.2802,643133068860078,643133124928985
695.73834,824.3884,695.73834,824.3884,643133125070026,643133195229141
699.66315,818.86316,696.8593,818.86316,643133195372682,643133245594141
498.53983,367.72916,695.73834,818.86316,643133245746432,643133302810182
462.6392,255.62941,695.73834,818.86316,643133303290964,643133368562266
468.85068,168.01538,498.53983,367.72916,643133368684818,643133430719297
534.7452,245.9428,534.7452,255.62941,643133430859453,643133489753047
593.09106,226.10808,534.7452,245.9428,643133490275703,643133544256380
602.8046,244.62782,534.7452,245.9428,643133547323828,643133605896641
584.2773,335.4029,584.2773,245.9428,643133606108932,643133668979922
608.0508,274.51056,584.2773,245.9428,643133669137630,643133741508672
639.2178,346.21545,584.2773,274.51056,643133742830234,643133792318828
607.7744,390.89975,607.7744,274.51056,643133792445234,643133843358463
615.7936,320.6245,607.7744,320.6245,643133844429661,643133901743984
643.3189,393.13293,607.7744,320.6245,643133901938307,643133959462526
664.2555,337.82126,615.7936,320.6245,643133959585234,643134020847265
637.4583,356.6102,637.4583,337.82126,643134021101432,643134075243359
613.8423,355.8767,615.7936,337.82126,643134075387318,643134124348515
526.23987,334.67435,615.7936,337.82126,643134124479192,643134167571953
479.78555,286.83786,613.8423,337.82126,643134167753620,643134223220442
482.39603,311.91675,526.23987,334.67435,643134223837109,643134278197578
501.88162,294.8688,501.88162,311.91675,643134278373880,643134332509088
580.0435,360.72864,526.23987,334.67435,643134332663880,643134385697109
626.3121,406.36615,526.23987,334.67435,643134385915703,643134437590078
637.3757,398.31348,580.0435,360.72864,643134437771172,643134497669557
640.5309,535.74615,626.3121,398.31348,643134497806484,643134548140651
685.8838,1455.0847,637.3757,398.31348,643134548369922,643134617969661
665.9443,1652.72,640.5309,535.74615,643134618174140,643134666205182
684.2413,1674.5052,665.9443,1455.0847,643134666324088,643134725858671
693.0978,1722.6947,665.9443,1652.72,643134725975234,643134776995442
715.3072,1705.9513,684.2413,1674.5052,643134777196171,643134828747890
674.0331,1628.5635,674.0331,1652.72,643134828885546,643134876824453
644.66754,1648.0665,674.0331,1652.72,643134876971640,643134931644817
621.6765,1547.9126,674.0331,1648.0665,643134932735234,643134989076015
615.1737,1539.5498,644.66754,1648.0665,643134989295286,643135036695025
653.8015,1608.5516,653.8015,1608.5516,643135036886171,643135095206953
784.9039,1614.2136,653.8015,1614.2136,643135095356536,643135158296796
827.3718,1633.4716,653.8015,1614.2136,643135158835807,643135209003463
851.4101,1631.863,784.9039,1614.2136,643135209136432,643135276461536
895.97345,1621.568,827.3718,1621.568,643135276609921,643135326116640
858.0433,1597.9309,851.4101,1614.2136,643135326224661,643135376419140
844.19525,1619.5249,844.19525,1619.5249,643135376566536,643135432691536
802.4958,1603.4751,844.19525,1614.2136,643135432903150,643135504852317
757.7498,1621.5863,844.19525,1619.5249,643135504985234,643135563745911
774.40497,1642.2145,802.4958,1619.5249,643135564217682,643135615724869
768.2372,1647.767,774.40497,1621.5863,643135615930650,643135669132681
749.33514,1688.1907,774.40497,1642.2145,643135669298098,643135724783775
714.54315,1628.4891,768.2372,1628.4891,643135724899088,643135773051067
392.7928,612.38806,749.33514,1628.4891,643135774283202,643135834182473
723.72345,192.88998,723.72345,1628.4891,643135834350234,643135889952838
686.52673,359.37018,723.72345,612.38806,643135890185494,643135940942317
632.866,323.03793,723.72345,359.37018,643135941088463,643135995207421
661.1361,392.992,686.52673,392.992,643135995359713,643136058990129
586.54614,326.99023,661.1361,359.37018,643136059100338,643136106485025
592.631,320.208,661.1361,359.37018,643136106667317,643136160548931
633.6522,307.40283,633.6522,326.99023,643136160711067,643136212169400
623.6471,318.39044,633.6522,320.208,643136213052577,643136268163827
642.09283,313.4193,633.6522,318.39044,643136268377213,643136327086587
613.06824,285.97473,633.6522,318.39044,643136327581275,643136398236744
621.09955,288.34024,633.6522,313.4193,643136398461067,643136447786692
608.53516,285.75198,621.09955,288.34024,643136448287369,643136496408046
579.63635,303.9452,621.09955,303.9452,643136496628306,643136546667004
645.58594,495.88474,621.09955,303.9452,643136546822056,643136593994452
605.72437,510.43857,621.09955,303.9452,643136594221327,643136642619608
582.3111,642.6342,621.09955,495.88474,643136642758514,643136694435442
608.7609,585.95233,608.7609,510.43857,643136694611119,643136748502212
641.6663,596.266,621.09955,585.95233,643136748723566,643136824606587
485.01382,325.35522,608.7609,510.43857,643136824717421,643136883927889
466.04053,266.76962,608.7609,510.43857,643136884133879,643136959033150
496.0158,256.24173,496.0158,325.35522,643136959165077,643137008487368
560.7583,289.48462,560.7583,289.48462,643137008639921,643137062060077
645.50415,183.25201,560.7583,289.48462,643137062283150,643137113234035
653.3604,169.82942,560.7583,289.48462,643137113385025,643137162254660
667.90405,157.7629,645.50415,183.25201,643137162382264,643137235160337
643.34015,167.10909,643.34015,169.82942,643137235291952,643137292358202
647.2097,235.91985,645.50415,183.25201,643137293337837,643137359737108
485.26123,1407.2367,643.34015,183.25201,643137359912577,643137412522785
523.7983,1488.2749,643.34015,235.91985,643137412729764,643137465664087
585.3548,1568.5492,585.3548,1407.2367,643137465795754,643137526461743
538.0768,1662.4393,585.3548,1488.2749,643137526762108,643137583498462
494.26016,1612.8397,585.3548,1568.5492,643137583628150,643137630561952
567.5257,1737.196,567.5257,1612.8397,643137630789556,643137689406274
478.93768,1752.1266,567.5257,1612.8397,643137689536483,643137739126743
496.555,1800.3903,567.5257,1737.196,643137739288983,643137796103983
511.43716,1717.0459,511.43716,1717.0459,643137796292629,643137848433514
497.77347,1644.6604,511.43716,1717.0459,643137848649712,643137908104139
563.5093,1776.3461,511.43716,1717.0459,643137908794087,643137963743254
640.83093,1752.2568,511.43716,1717.0459,643137963907004,643138025808670
685.21124,1812.6044,563.5093,1752.2568,643138026379347,643138078793826
731.824,1805.1848,640.83093,1752.2568,643138079027264,643138130162941
716.2891,1778.1865,685.21124,1778.1865,643138130297576,643138185487628
709.94055,1695.5964,709.94055,1752.2568,643138185613149,643138242631326
706.34985,1730.4764,706.34985,1752.2568,643138242819556,643138303153462
613.81287,1722.6849,706.34985,1730.4764,643138303284764,643138360521847
641.016,1734.5911,706.34985,1734.5911,643138360670649,643138423796118
610.4599,1672.309,641.016,1730.4764,643138423967628,643138487616899
668.61554,1692.7075,668.61554,1730.4764,643138488069191,643138540980285
648.419,1706.0826,648.419,1706.0826,643138541223305,643138590041691
665.3638,1696.59,665.3638,1706.0826,643138590208566,643138641337368
585.75977,1700.7911,648.419,1706.0826,643138641496639,643138692087003
599.8021,1675.2688,648.419,1700.7911,643138692272420,643138745708670
600.68396,1738.8695,600.68396,1706.0826,643138745894816,643138794307107
660.63745,1667.0891,648.419,1700.7911,643138794437628,643138852743253
610.6824,1690.0049,610.6824,1700.7911,643138852889503,643138907387055
584.1601,1747.2225,610.6824,1700.7911,643138908110076,643138967391014
622.87573,1748.372,610.6824,1700.7911,643138967535649,643139024797316
557.4632,1736.4875,610.6824,1736.4875,643139025012316,643139083359816
617.2942,1724.8629,610.6824,1724.8629,643139083486326,643139134552680
586.87494,1700.9299,610.6824,1724.8629,643139134666014,643139189164191
546.0832,1705.7229,610.6824,1724.8629,643139189776222,643139261516847
606.3209,1642.4276,606.3209,1705.7229,643139261645701,643139317595753
600.56433,1489.0359,606.3209,1705.7229,643139317714191,643139373073201
585.4623,1321.9246,606.3209,1642.4276,643139373249190,643139420436013
522.285,1197.1697,600.56433,1489.0359,643139420574086,643139468914972
479.19376,1217.2638,585.4623,1321.9246,643139469060336,643139527344399
525.62054,1193.9221,525.62054,1217.2638,643139527464451,643139610371326
565.87115,1315.3799,565.87115,1315.3799,643139610498357,643139670859659
526.8327,1267.2882,526.8327,1267.2882,643139671001534,643139734047055
563.9749,1044.3344,563.9749,1267.2882,643139734199399,643139787343722
587.78564,898.67993,563.9749,1267.2882,643139787512003,643139833435076
645.1397,906.9555,563.9749,1044.3344,643139833610909,643139884263253
636.05945,886.1405,587.78564,906.9555,643139884908617,643139932425597
617.82245,918.955,617.82245,918.955,643139932600128,643139981330284
634.17676,905.42725,617.82245,906.9555,643139981516326,643140056993774
590.931,876.32385,617.82245,906.9555,643140057182419,643140109858253
575.89343,846.0073,617.82245,905.42725,643140110735336,643140160608669
630.2488,647.45825,617.82245,876.32385,643140160749763,643140216752992
621.54895,611.7251,617.82245,846.0073,643140216943513,643140272626221
551.81964,546.43744,617.82245,647.45825,643140272853878,643140324843982
583.4119,222.09256,617.82245,611.7251,643140325021534,643140381649555
555.5782,217.38647,583.4119,546.43744,643140381835596,643140438842107
518.79474,187.58727,583.4119,222.09256,643140439044242,643140494631586
475.42706,201.49014,555.5782,217.38647,643140494773721,643140553532680
438.1699,155.63809,518.79474,201.49014,643140553699086,643140602411065
486.01132,195.40703,486.01132,201.49014,643140602632315,643140659270544
453.19666,186.10974,486.01132,195.40703,643140659401065,643140730016377
675.51556,115.05789,486.01132,195.40703,643140730161273,643140783660127
809.63617,197.16747,486.01132,195.40703,643140784374294,643140835686638
844.1788,140.45012,675.51556,195.40703,643140835954867,643140892440075
860.1148,147.43631,809.63617,195.40703,643140892613304,643140948271117
886.3104,177.73192,844.1788,177.73192,643140948462107,643141005479919
830.9866,204.43118,830.9866,195.40703,643141006339867,643141050805179
418.52527,700.755,830.9866,195.40703,643141051016221,643141098295909
458.31348,641.9052,830.9866,204.43118,643141098434034,643141157127315
744.1032,808.827,744.1032,641.9052,643141157325284,643141218182836
777.3091,1508.7594,777.3091,641.9052,643141218409502,643141269577263
752.89374,1575.6512,752.89374,808.827,643141269785336,643141324402106
689.06256,1573.5621,752.89374,1508.7594,643141324539659,643141369313773
725.3551,1498.4772,752.89374,1498.4772,643141369497158,643141420536169
679.3758,1524.8983,725.3551,1508.7594,643141420688513,643141478693825
604.26605,1556.0631,725.3551,1508.7594,643141478833096,643141529608981
579.9925,1388.0623,679.3758,1508.7594,643141529756690,643141587617731
596.2086,1328.2931,604.26605,1508.7594,643141587719294,643141641138929
643.3955,1253.705,643.3955,1388.0623,643141641276377,643141696823981
617.02954,1310.9158,617.02954,1328.2931,643141696965700,643141749077783
337.78702,1014.05176,617.02954,1310.9158,643141749310335,643141803964242
388.066,1460.4598,617.02954,1328.2931,643141804193200,643141859895752
523.61285,1241.4719,523.61285,1310.9158,643141860452419,643141911498565
733.12665,953.27795,617.02954,1310.9158,643141911599815,643141960400335
744.21765,1343.2756,617.02954,1310.9158,643141960552679,643142011641533
724.45013,1202.7856,724.45013,1310.9158,643142011767262,643142060980335
679.7961,1373.232,679.7961,1310.9158,643142061122158,643142117205179
655.0615,1407.6656,679.7961,1310.9158,643142117410283,643142170877992
444.39944,1233.4044,679.7961,1310.9158,643142171177783,643142230890700
506.84277,1050.5643,655.0615,1310.9158,643142231083044,643142289380335
752.6761,1101.9696,679.7961,1233.4044,643142289501169,643142340854502
632.0255,1157.0513,655.0615,1157.0513,643142340993616,643142395326273
616.86346,1220.5562,655.0615,1220.5562,643142395452054,643142455815960
644.82166,1229.1951,644.82166,1220.5562,643142455958356,643142513851481
629.029,1200.6598,644.82166,1220.5562,643142514605543,643142565679293
659.6252,1188.8579,644.82166,1220.5562,643142565871273,643142623514918
558.61127,1349.7489,644.82166,1220.5562,643142623650908,643142679650908
561.489,1423.7606,644.82166,1220.5562,643142679868512,643142748246533
539.2046,1517.797,561.489,1349.7489,643142748493512,643142798432002
623.11804,1495.0807,623.11804,1423.7606,643142798630439,643142854567783
573.5848,1439.5956,573.5848,1439.5956,643142854679085,643142910833043
595.8672,1530.2133,595.8672,1439.5956,643142910986585,643142960316637
593.1726,1448.5405,593.1726,1439.5956,643142960452991,643143010230075
609.63544,1416.3931,595.8672,1439.5956,643143010342991,643143061682575
636.2526,1323.7513,595.8672,1439.5956,643143062217418,643143131126377
547.3173,1339.0961,595.8672,1416.3931,643143131493252,643143187497522
595.21704,1387.4375,595.8672,1387.4375,643143187649554,643143241416168
637.9751,1427.3007,595.8672,1416.3931,643143241563252,643143294942366
653.64624,1354.0757,595.8672,1387.4375,643143295155908,643143350194241
662.16797,1313.8033,637.9751,1387.4375,643143350312522,643143402806116
611.5405,1145.1825,611.5405,1354.0757,643143402969866,643143460849293
560.10736,1036.9795,611.5405,1313.8033,643143460998251,643143532412053
605.05707,1039.1497,611.5405,1145.1825,643143532546845,643143607590335
618.06036,1019.5521,611.5405,1039.1497,643143607748199,643143677952731
622.4419,994.08325,611.5405,1039.1497,643143678185803,643143723534241
703.75714,960.98676,618.06036,1019.5521,643143723681376,643143781754293
502.93033,603.6642,611.5405,994.08325,643143782475491,643143839502262
465.38535,340.02924,611.5405,960.98676,643143839704241,643143901176428
505.48523,281.61108,505.48523,603.6642,643143901348512,643143955500595
524.6814,354.9225,524.6814,354.9225,643143955642991,643144013129553
531.5745,270.62717,524.6814,354.9225,643144013420907,643144061862626
505.81537,274.05548,524.6814,354.9225,643144061983824,643144117581741
514.77234,299.6251,524.6814,299.6251,643144119094137,643144169043147
546.0791,266.53568,524.6814,299.6251,643144169252939,643144219794605
529.90265,288.53244,524.6814,299.6251,643144219955803,643144268580543
540.5831,304.30304,529.90265,299.6251,643144268822887,643144315236637
523.839,217.24309,524.6814,299.6251,643144315849605,643144365893355
487.57098,249.15286,524.6814,299.6251,643144366137626,643144423927418
513.2769,249.02846,523.839,249.15286,643144424125699,643144470331168
509.06473,246.03519,513.2769,249.15286,643144470469918,643144519656428
522.3187,217.80173,522.3187,249.02846,643144519773928,643144587233407
646.95447,1164.7545,522.3187,249.15286,643144588645907,643144636603095
656.90106,1191.389,522.3187,249.15286,643144636884501,643144682097730
676.7823,1193.5226,646.95447,1164.7545,643144682336949,643144731737991
685.2227,1145.8649,656.90106,1145.8649,643144731976532,643144779912834
726.1529,1389.3113,676.7823,1164.7545,643144780777886,643144829693511
713.87866,1438.2711,685.2227,1164.7545,643144829919397,643144887223043
698.5448,1618.2228,698.5448,1389.3113,643144887324553,643144932793303
688.12366,1515.2194,688.12366,1438.2711,643144932991949,643144986447574
753.7522,1506.2998,698.5448,1506.2998,643144986579397,643145034496793
731.5689,1494.7712,698.5448,1494.7712,643145034712678,643145079673511
703.92456,1467.6656,703.92456,1494.7712,643145079897209,643145128315595
712.2022,1602.9626,703.92456,1494.7712,643145129335855,643145177429501
704.1669,1589.9645,703.92456,1494.7712,643145177578720,643145227358720
776.8482,1628.4949,704.1669,1589.9645,643145227516115,643145285535751
806.363,1654.2534,704.1669,1589.9645,643145285673719,643145342731428
788.3938,1687.1698,776.8482,1628.4949,643145343575334,643145393229605
856.7993,1659.394,788.3938,1654.2534,643145393459657,643145445897522
821.9855,1718.4624,788.3938,1659.394,643145446342886,643145498696480
826.4673,1698.2388,821.9855,1659.394,643145498827417,643145551582574
805.66327,1644.8342,805.66327,1659.394,643145551724501,643145606123094
758.541,1627.2892,805.66327,1659.394,643145607088511,643145662349136
718.24634,1686.8123,805.66327,1659.394,643145662466167,643145728500126
695.4978,1630.736,758.541,1659.394,643145728627678,643145782032365
681.15454,1635.9017,718.24634,1659.394,643145782159605,643145835245751
739.5658,1579.9221,739.5658,1635.9017,643145835424136,643145884775542
787.7304,1456.1704,739.5658,1635.9017,643145884937105,643145937012313
743.8933,1376.6572,739.5658,1579.9221,643145937745490,643145995701323
749.4176,1424.12,743.8933,1456.1704,643145995837105,643146052492938
732.41907,1348.7122,739.5658,1424.12,643146052646375,643146104977469
804.556,1410.1078,743.8933,1424.12,643146105602105,643146159168875
725.5343,1451.9193,739.5658,1424.12,643146159384136,643146218325542
707.9119,1413.0583,739.5658,1424.12,643146218470907,643146277788302
705.4936,1421.3673,725.5343,1424.12,643146277900907,643146351965490
753.85016,1334.4222,739.5658,1421.3673,643146352622729,643146409057729
729.8614,1392.0288,729.8614,1421.3673,643146409204032,643146459175438
742.5496,1382.5828,739.5658,1392.0288,643146459344813,643146512670229
766.472,1342.4714,739.5658,1392.0288,643146512833979,643146563216740
764.484,1322.5773,742.5496,1382.5828,643146563358407,643146622684865
720.04407,1514.4172,739.5658,1392.0288,643146622814500,643146682423667
749.7282,1430.1633,742.5496,1392.0288,643146682575125,643146732757990
677.5819,1382.0748,739.5658,1392.0288,643146732906584,643146781506844
713.81476,1393.8033,739.5658,1392.0288,643146781647573,643146839098927
766.91296,1392.4388,739.5658,1392.0288,643146839287104,643146892452521
669.7551,1272.4929,739.5658,1392.0288,643146893617781,643146950764656
640.3302,1189.7966,739.5658,1392.0288,643146951562833,643147002398146
598.0531,1018.3408,669.7551,1272.4929,643147002591740,643147053417156
598.69196,947.35004,640.3302,1189.7966,643147053523771,643147101926531
579.5576,848.13495,598.69196,1018.3408,643147102118510,643147153956948
548.92773,812.32227,598.69196,947.35004,643147154171375,643147210005750
577.1741,825.69293,579.5576,848.13495,643147210148927,643147267617729
464.88,422.52658,577.1741,825.69293,643147267817521,643147325160333
471.72256,387.3476,577.1741,825.69293,643147325267052,643147381302729
453.3974,350.11444,471.72256,422.52658,643147382108875,643147432273302
435.4243,250.03975,471.72256,387.3476,643147432932417,643147498897156
488.0166,243.89455,471.72256,350.11444,643147499022469,643147558012833
466.3324,272.62488,471.72256,272.62488,643147558398302,643147611816479
485.7164,217.23422,471.72256,272.62488,643147612311062,643147663962625
675.6576,185.78577,471.72256,272.62488,643147664160698,643147720449135
636.1678,163.27032,485.7164,217.23422,643147720594344,643147770693666
483.59634,90.288475,483.59634,185.78577,643147770877364,643147823324969
532.7462,187.00084,485.7164,187.00084,643147823458562,643147868847781
702.2595,-23.642275,485.7164,185.78577,643147869881323,643147930983458
619.40594,98.03027,532.7462,185.78577,643147931118041,643147990069500
571.7628,120.89654,571.7628,120.89654,643147990277573,643148053756271
584.0227,125.343506,571.7628,125.343506,643148053918354,643148108137260
568.34753,116.34728,571.7628,120.89654,643148108275385,643148157570229
613.36206,155.71173,571.7628,125.343506,643148157823666,643148219952520
595.8376,158.5337,571.7628,125.343506,643148220230958,643148268384552
562.3906,167.07483,571.7628,155.71173,643148268548823,643148342727052
508.369,182.29231,571.7628,158.5337,643148342908041,643148396936791
417.4906,207.86212,562.3906,167.07483,643148397585854,643148452472312
419.63968,227.23897,508.369,182.29231,643148452720125,643148530786635
410.75085,175.6593,419.63968,175.6593,643148530975750,643148586392104
394.9926,230.3006,419.63968,182.29231,643148586857312,643148643789031
455.03256,232.14282,419.63968,182.29231,643148643938458,643148698416895
648.9532,181.42172,419.63968,182.29231,643148698641374,643148748732572
689.37085,104.5653,455.03256,182.29231,643148749424499,643148801386374
712.86835,110.210754,648.9532,181.42172,643148801575072,643148854262364
671.4239,230.52509,671.4239,182.29231,643148854497781,643148917316583
804.798,1249.1624,671.4239,182.29231,643148917459916,643148969927260
762.36017,1266.731,671.4239,230.52509,643148970062051,643149027552989
737.0627,1298.3875,737.0627,1249.1624,643149027674239,643149080798562
775.4249,1279.671,737.0627,1266.731,643149083154447,643149137805124
692.46106,1356.1947,737.0627,1279.671,643149137938041,643149190055905
680.7917,1359.7751,737.0627,1279.671,643149190204708,643149242686530
675.83777,1296.2086,692.46106,1296.2086,643149242834187,643149295122833
665.4726,1340.9355,680.7917,1296.2086,643149295287572,643149351391218
601.6789,1445.9342,675.83777,1296.2086,643149351603249,643149402391739
568.36206,1372.0752,665.4726,1340.9355,643149402572833,643149467644082
579.3203,1515.2594,601.6789,1372.0752,643149467780541,643149515891739
622.7953,1543.0566,622.7953,1372.0752,643149516106114,643149568939551
624.4288,1612.457,622.7953,1515.2594,643149569073405,643149618828874
613.63824,1631.1654,622.7953,1543.0566,643149618951687,643149674764864
580.7743,1671.5272,622.7953,1612.457,643149674926374,643149741134187
632.43787,1641.3065,622.7953,1631.1654,643149741292364,643149797671634
607.6747,1699.4696,622.7953,1641.3065,643149797863353,643149859011634
671.3241,1658.9657,622.7953,1641.3065,643149859125489,643149913629864
616.5774,1640.8215,622.7953,1641.3065,643149913845541,643149965130124
663.55145,1612.7498,622.7953,1641.3065,643149965330905,643150031870020
602.838,1641.7952,622.7953,1641.3065,643150031984864,643150089263197
635.7218,1599.0024,622.7953,1641.3065,643150090123718,643150137164134
635.39716,1593.2578,622.7953,1641.3065,643150137315957,643150191674134
644.0242,1641.7317,635.39716,1641.3065,643150191803093,643150244482624
608.7113,1651.0411,622.7953,1641.3065,643150244673509,643150299724134
633.00995,1631.2268,633.00995,1641.3065,643150299931113,643150353226790
668.0063,1518.6061,633.00995,1641.3065,643150353472780,643150405592624
704.1498,1366.465,633.00995,1631.2268,643150405764707,643150461559343
607.63165,1156.1299,633.00995,1518.6061,643150461815593,643150512836478
618.10297,1024.8391,633.00995,1366.465,643150513076478,643150566109238
549.02374,951.6861,618.10297,1156.1299,643150566307780,643150613734811
521.7452,980.78845,618.10297,1024.8391,643150613969707,643150665396165
554.9277,1001.54254,554.9277,1001.54254,643150665572988,643150717012572
539.4302,919.1438,554.9277,1001.54254,643150717269238,643150769210644
555.16095,475.5779,554.9277,1001.54254,643150769325853,643150823690644
514.33344,324.73755,554.9277,919.1438,643150824139915,643150873965801
536.4775,306.08957,554.9277,475.5779,643150874126634,643150941400696
559.55566,277.10654,554.9277,324.73755,643150942272884,643150994264394
539.00214,382.14044,554.9277,382.14044,643150994466113,643151065820905
480.02353,324.3061,554.9277,324.73755,643151065954499,643151126452728
313.70065,341.34805,539.00214,341.34805,643151126668092,643151194065071
250.64967,472.36224,480.02353,341.34805,643151194259186,643151242740436
185.61044,484.59613,313.70065,341.34805,643151242965748,643151292893926
162.27708,523.344,250.64967,472.36224,643151293080071,643151347571165
387.49115,99.69538,313.70065,341.34805,643151347718665,643151420576894
625.32446,-16.454327,313.70065,341.34805,643151420717519,643151470226373
675.28705,272.853,387.49115,272.853,643151470373509,643151526184134
679.4483,107.969666,625.32446,272.853,643151526389967,643151577842050
514.9516,357.32922,514.9516,272.853,643151578030748,643151630851998
607.332,111.55776,607.332,272.853,643151631272519,643151684640436
748.6463,-35.592308,607.332,272.853,643151684776269,643151739752050
723.73083,275.9727,607.332,272.853,643151739965071,643151798076998
763.39545,174.28679,723.73083,272.853,643151798302259,643151867538665
740.8051,224.33179,723.73083,272.853,643151867677519,643151923836425
646.6513,244.49173,723.73083,244.49173,643151924166425,643151978960644
367.36597,311.04044,723.73083,272.853,643151979671321,643152030431946
367.78345,309.6052,646.6513,272.853,643152030555540,643152084938352
378.12,266.1337,378.12,272.853,643152085084863,643152136950956
410.50003,629.1908,410.50003,272.853,643152137114863,643152190525227
638.7374,1520.0503,410.50003,272.853,643152190691425,643152242301269
641.33813,1426.6099,410.50003,629.1908,643152242477727,643152299089133
643.72186,1431.5437,638.7374,1426.6099,643152299231738,643152349218456
680.5905,1405.7102,641.33813,1405.7102,643152349460019,643152398270383
791.86066,1339.353,643.72186,1405.7102,643152398405852,643152456101477
884.37463,1308.3519,680.5905,1405.7102,643152456284133,643152507710800
895.3521,1294.9263,791.86066,1339.353,643152507855592,643152562481633
891.4611,1260.8322,884.37463,1308.3519,643152562622988,643152621011425
878.7744,1276.2928,878.7744,1294.9263,643152621253717,643152668084029
900.3901,1249.8063,884.37463,1276.2928,643152668227310,643152736731894
752.08636,1365.3584,878.7744,1294.9263,643152736900904,643152790992935
684.797,1373.9894,878.7744,1294.9263,643152791178508,643152845311112
634.2897,1403.6089,752.08636,1365.3584,643152845449758,643152894689810
616.448,1463.7078,684.797,1373.9894,643152894817050,643152944401894
567.881,1331.1637,634.2897,1365.3584,643152944583300,643153000881321
542.58167,1370.5427,616.448,1370.5427,643153001017623,643153050157414
520.8253,1387.0676,567.881,1370.5427,643153050341008,643153102425696
565.2482,1401.0421,565.2482,1370.5427,643153102631321,643153156105435
522.11487,1386.6552,565.2482,1386.6552,643153156326373,643153209820852
547.65625,1398.4285,565.2482,1386.6552,643153209936894,643153260849914
605.5966,1441.7587,565.2482,1386.6552,643153260978716,643153307635591
584.0049,1426.1509,565.2482,1398.4285,643153308757935,643153362315487
647.97406,1265.4651,584.0049,1386.6552,643153362455071,643153420467102
758.841,1281.9474,584.0049,1386.6552,643153420659758,643153468907518
895.33075,1297.2109,647.97406,1297.2109,643153470587414,643153525406789
892.36926,1303.0118,758.841,1303.0118,643153525587258,643153577822727
863.5007,1274.9873,863.5007,1297.2109,643153577977883,643153630059654
849.48346,1350.6146,849.48346,1303.0118,643153630277518,643153674420904
836.02826,1310.9852,849.48346,1303.0118,643153674633820,643153737524966
850.32794,1254.138,849.48346,1303.0118,643153737682258,643153784987570
832.9148,1230.8027,849.48346,1303.0118,643153785289966,643153839321320
576.4034,791.7892,849.48346,1254.138,643153839450227,643153892526320
573.96796,754.56665,832.9148,1230.8027,643153892730852,643153941431112
578.29486,726.7207,578.29486,791.7892,643153943164862,643153997777154
609.10516,740.54224,609.10516,754.56665,643153998006320,643154042400904
553.8186,759.5583,578.29486,759.5583,643154042619914,643154097152362
547.4778,704.0962,578.29486,754.56665,643154097964862,643154153828299
531.5231,707.07983,553.8186,754.56665,643154154715852,643154206727674
581.3225,643.88916,578.29486,707.07983,643154206928560,643154263472049
532.88995,482.2841,553.8186,707.07983,643154263634289,643154313214237
509.2105,362.83252,553.8186,643.88916,643154313969185,643154367412310
512.0335,321.94675,532.88995,482.2841,643154367623195,643154456533351
525.7771,223.1613,525.7771,362.83252,643154456633456,643154506179706
589.4821,225.35638,532.88995,321.94675,643154506294706,643154571873143
583.3317,180.97812,532.88995,225.35638,643154572285383,643154619667987
596.3801,189.25882,583.3317,225.35638,643154619884185,643154669156893
638.57635,173.5381,583.3317,189.25882,643154669374393,643154714717414
613.45746,156.47694,596.3801,189.25882,643154714848455,643154765952570
622.2413,197.71353,613.45746,189.25882,643154766900122,643154817959497
616.78,191.6688,613.45746,189.25882,643154818189185,643154869678612
626.71094,175.01869,616.78,189.25882,643154870550226,643154921025643
528.3365,353.12744,613.45746,189.25882,643154921213664,643154969841320
396.28244,848.291,613.45746,189.25882,643154970014341,643155037711424
715.0526,483.3472,613.45746,353.12744,643155037853039,643155091998872
634.9495,490.426,613.45746,483.3472,643155092179289,643155147325799
652.4732,245.83058,634.9495,353.12744,643155147526789,643155207346841
597.15283,162.58125,613.45746,353.12744,643155208116789,643155267172830
648.6355,206.73656,634.9495,245.83058,643155267362622,643155324917674
640.60864,187.9804,634.9495,206.73656,643155326193143,643155385593559
588.6384,191.18631,634.9495,206.73656,643155385792101,643155440927882
654.76447,150.7146,634.9495,191.18631,643155441061268,643155495127466
659.05023,167.08266,634.9495,191.18631,643155495253195,643155554410018
651.38184,178.32736,651.38184,178.32736,643155554550226,643155623506997
614.9601,207.56644,634.9495,191.18631,643155623657830,643155679644080
638.0714,230.60786,638.0714,191.18631,643155679850747,643155736625538
630.93384,197.51831,634.9495,197.51831,643155737622309,643155796673403
653.31024,159.72119,638.0714,191.18631,643155796873715,643155855140226
606.6266,195.41469,634.9495,195.41469,643155855276840,643155909289601
579.08856,251.09508,634.9495,195.41469,643155909408715,643155962165122
567.89215,213.7569,606.6266,195.41469,643155962394288,643156010451372
558.76276,255.51427,579.08856,213.7569,643156011446892,643156070710486
538.7856,212.07199,567.89215,212.07199,643156070860851,643156126669809
556.12274,257.58414,558.76276,213.7569,643156126801580,643156181416319
610.53326,1536.2131,567.89215,213.7569,643156182105642,643156251997413
610.50757,1543.9297,567.89215,257.58414,643156252172622,643156310157101
653.5909,1555.3778,610.50757,1536.2131,643156310388924,643156369488299
657.71606,1578.683,610.50757,1543.9297,643156369633194,643156422001059
547.2039,1505.2584,610.50757,1536.2131,643156422225174,643156483801632
627.62933,1515.7776,610.50757,1536.2131,643156483937569,643156542120434
574.7505,1534.6244,610.50757,1534.6244,643156542255746,643156598523090
671.29443,1554.658,610.50757,1536.2131,643156598774809,643156646973923
642.3039,1520.2365,610.50757,1534.6244,643156647202830,643156714962986
690.5761,1408.046,642.3039,1534.6244,643156715149184,643156761699184
688.0113,1405.9005,642.3039,1520.2365,643156761912986,643156814588403
707.4121,1432.619,688.0113,1432.619,643156814780694,643156872428455
726.52155,1410.3368,688.0113,1432.619,643156872561163,643156925609913
666.6942,1416.2224,688.0113,1432.619,643156925749132,643156976560225
713.61145,1415.6691,688.0113,1416.2224,643156976753403,643157030698246
692.3451,1413.8204,688.0113,1416.2224,643157032169288,643157079794705
742.64026,1374.3501,692.3451,1415.6691,643157079967830,643157129177569
672.2886,1340.4501,688.0113,1413.8204,643157129374965,643157176921580
710.0416,1439.0409,692.3451,1415.6691,643157177916684,643157224984600
705.0073,1378.78,692.3451,1413.8204,643157225848298,643157281619340
730.2628,1452.9042,705.0073,1415.6691,643157282158194,643157337879496
671.6648,1430.4254,692.3451,1415.6691,643157338016579,643157386223194
703.4297,1443.9889,703.4297,1430.4254,643157386379027,643157439627569
676.1827,1293.1432,692.3451,1415.6691,643157440852465,643157496120277
633.5048,958.94727,692.3451,1415.6691,643157496361631,643157546404652
643.21375,872.15436,676.1827,1293.1432,643157547376579,643157611293246
593.34283,858.2187,643.21375,958.94727,643157611460277,643157661940694
602.83105,900.3149,643.21375,900.3149,643157662199548,643157709636058
617.28076,836.6002,617.28076,900.3149,643157709778715,643157755495538
573.68024,490.22833,617.28076,900.3149,643157755661111,643157802034861
550.5893,311.93665,617.28076,836.6002,643157802219496,643157849485486
603.06805,323.09894,603.06805,490.22833,643157849697465,643157900718142
746.81586,282.53168,617.28076,323.09894,643157900899392,643157946690538
640.84174,304.88885,617.28076,323.09894,643157946872048,643157996246944
649.71216,40.928272,640.84174,304.88885,643157996399808,643158044972829
806.2918,264.4123,640.84174,304.88885,643158045193350,643158088485538
761.53827,136.97511,649.71216,264.4123,643158088637048,643158160858975
788.1159,83.69257,761.53827,264.4123,643158161048194,643158234657569
791.956,134.92256,761.53827,136.97511,643158234803662,643158287755537
783.237,100.98961,783.237,134.92256,643158287898715,643158336993037
800.4247,82.465866,783.237,134.92256,643158337253506,643158395258402
795.2624,66.7338,783.237,100.98961,643158395409600,643158442423089
789.56195,82.96428,789.56195,82.96428,643158442610589,643158507423610
778.70795,84.515656,783.237,84.515656,643158508406110,643158555933454
761.8938,113.32995,783.237,84.515656,643158556229392,643158612298298
790.98425,122.21811,783.237,84.515656,643158612399287,643158656846944
774.588,114.210594,783.237,113.32995,643158657768194,643158708817985
750.43713,132.43416,783.237,114.210594,643158708972829,643158756570746
795.42285,91.6941,783.237,113.32995,643158756737048,643158813548246
799.15765,123.127174,783.237,114.210594,643158814707516,643158861467933
783.10925,120.92782,783.237,114.210594,643158861712516,643158913628298
825.5425,112.023384,783.237,114.210594,643158913778246,643158961890485
789.0255,110.45684,783.237,114.210594,643158962110902,643159032948506
808.1436,88.53639,789.0255,112.023384,643159033104287,643159084443975
832.5267,123.21311,789.0255,114.210594,643159084589912,643159132896266
837.2087,116.7624,808.1436,114.210594,643159133033662,643159181453923
829.95953,166.50018,829.95953,116.7624,643159182526423,643159229945068
832.0001,109.593925,829.95953,114.210594,643159230217464,643159281403610
848.36993,151.40395,829.95953,116.7624,643159281646527,643159329804495
820.3024,105.92899,829.95953,114.210594,643159329944287,643159381858402
794.12604,79.539185,829.95953,114.210594,643159382101214,643159432618350
798.13446,104.521866,820.3024,105.92899,643159432862047,643159479733245
824.5597,93.10734,824.5597,104.521866,643159479971162,643159528440797
678.89575,1163.068,820.3024,105.92899,643159528695954,643159579391527
700.5786,1125.5596,820.3024,105.92899,643159579559391,643159628272308
612.9402,1118.3444,700.5786,1118.3444,643159628526579,643159677605901
600.90283,1266.9618,700.5786,1118.3444,643159677823193,643159725738141
662.25464,1364.6655,662.25464,1118.3444,643159725949860,643159775732881
623.41644,1367.2258,662.25464,1266.9618,643159776995589,643159830155641
654.8788,1395.972,662.25464,1364.6655,643159830341214,643159888270485
725.7535,1495.6306,662.25464,1367.2258,643159888567308,643159941788297
760.76,1509.7844,662.25464,1395.972,643159942856266,643159990415537
762.7945,1449.7979,725.7535,1449.7979,643159990605172,643160063767881
735.5422,1481.5476,735.5422,1449.7979,643160064095224,643160108316578
714.79645,1474.1327,725.7535,1449.7979,643160108544495,643160156249443
789.4151,1568.1232,735.5422,1474.1327,643160156460328,643160210502724
761.45966,1558.5778,735.5422,1474.1327,643160210743766,643160256399964
736.08246,486.6584,736.08246,1474.1327,643160256628037,643160319721839
736.9554,262.9687,736.08246,1474.1327,643160319965797,643160366812880
726.759,304.86765,736.08246,486.6584,643160366969755,643160417387255
737.9107,333.61984,736.08246,333.61984,643160417542412,643160467266735
757.51685,254.65614,736.08246,333.61984,643160467398089,643160530511266
766.8688,175.59,737.9107,333.61984,643160530668870,643160588201995
792.3499,157.87224,757.51685,254.65614,643160588337412,643160641537568
795.1867,131.50627,766.8688,175.59,643160641686526,643160697711526
829.05975,141.76147,792.3499,157.87224,643160697871943,643160747496734
806.51965,144.0113,795.1867,144.0113,643160747643714,643160801446682
826.42114,144.02531,806.51965,144.02531,643160804886474,643160874752620
777.2381,155.97882,795.1867,144.02531,643160874895172,643160925604807
674.02924,450.2881,795.1867,144.02531,643160925763141,643160984453714
634.4523,411.92047,777.2381,155.97882,643160984585641,643161037985120
628.6133,436.1278,674.02924,411.92047,643161038507307,643161091468557
602.853,484.03754,634.4523,411.92047,643161091602828,643161149341370
644.5986,425.4044,644.5986,425.4044,643161149569963,643161199836474
620.5012,454.5672,634.4523,425.4044,643161200929755,643161253455224
569.1241,429.1767,634.4523,425.4044,643161253652880,643161307348245
597.44293,387.2475,620.5012,425.4044,643161308495849,643161359668088
568.0462,241.5993,597.44293,425.4044,643161359822984,643161415811370
571.15405,289.9833,597.44293,387.2475,643161415987359,643161475841317
527.884,281.7117,571.15405,289.9833,643161475961682,643161528244807
566.1923,243.70978,571.15405,289.9833,643161528421370,643161588211057
548.72723,262.70612,566.1923,281.7117,643161588345172,643161657725484
494.45407,238.47426,566.1923,262.70612,643161657879599,643161711975953
495.48053,313.76068,548.72723,281.7117,643161712181682,643161766696213
710.0035,1011.163,566.1923,281.7117,643161766895953,643161820640224
707.5177,1078.1567,566.1923,313.76068,643161820955849,643161871945796
676.57336,942.87427,676.57336,942.87427,643161872577671,643161927160744
522.19507,147.62334,566.1923,313.76068,643161927287151,643161986478349
528.00354,106.24762,566.1923,313.76068,643161986674807,643162057349286
538.05536,168.13536,538.05536,168.13536,643162057492255,643162114827828
569.6376,515.6806,566.1923,313.76068,643162115056838,643162170246630
795.07574,1705.0149,566.1923,313.76068,643162170391213,643162237171369
771.14276,1636.4442,569.6376,515.6806,643162237321578,643162291244651
778.617,1607.1592,771.14276,1607.1592,643162291391578,643162345493869
752.6528,1576.455,752.6528,1576.455,643162346368505,643162397115692
811.4002,1533.198,771.14276,1576.455,643162397326005,643162450193140
758.5593,1565.6697,758.5593,1576.455,643162450376838,643162512114546
735.4028,1470.496,758.5593,1565.6697,643162513421682,643162567989077
695.68585,1549.9542,758.5593,1565.6697,643162568258713,643162620899442
768.32245,1541.3568,758.5593,1549.9542,643162621141890,643162670826421
730.86145,1573.5205,758.5593,1565.6697,643162671082984,643162718617255
739.9165,1530.5831,758.5593,1549.9542,643162718789390,643162769381265
778.6957,1476.2275,758.5593,1549.9542,643162769620900,643162827040640
817.6818,1558.1445,758.5593,1549.9542,643162827786629,643162882476004
773.4499,1494.1223,773.4499,1549.9542,643162884185900,643162938928400
753.51294,1586.7167,758.5593,1549.9542,643162939070640,643162988912463
775.6271,1504.673,773.4499,1549.9542,643162989158556,643163036824806
825.91504,1453.0997,773.4499,1549.9542,643163037029077,643163100293921
810.4746,1442.9451,775.6271,1504.673,643163100464390,643163158992619
800.6535,1474.157,800.6535,1474.157,643163159140900,643163216929546
825.8271,1441.2135,800.6535,1474.157,643163217149858,643163271729077
657.0816,982.71075,800.6535,1474.157,643163271881994,643163324223973
465.69263,460.32764,800.6535,1441.2135,643163324365588,643163383891421
529.136,502.51144,657.0816,982.71075,643163384032254,643163435964077
463.44577,438.8894,529.136,502.51144,643163436139442,643163491642827
483.36206,411.71814,529.136,502.51144,643163492325119,643163560197463
538.26166,448.13773,529.136,448.13773,643163560356317,643163616852306
503.47037,489.38428,529.136,489.38428,643163616970796,643163669994702
532.8608,563.8501,529.136,489.38428,643163670218400,643163723570587
763.44104,1138.4546,529.136,489.38428,643163723714025,643163779236890
759.63965,1099.1005,532.8608,563.8501,643163779482306,643163836410171
809.54675,1147.4539,759.63965,1099.1005,643163836641681,643163889216264
687.75226,263.19495,687.75226,563.8501,643163889328504,643163944264129
682.2505,238.27342,687.75226,563.8501,643163945036369,643164009804285
656.3472,239.98563,687.75226,263.19495,643164009957567,643164063044233
669.2261,210.33124,682.2505,239.98563,643164063190327,643164117747410
729.15356,245.35571,687.75226,245.35571,643164117856212,643164182226577
722.50696,248.23412,687.75226,245.35571,643164182400431,643164237342358
745.9602,213.78767,722.50696,245.35571,643164237483608,643164288897306
721.8597,217.13702,721.8597,245.35571,643164289155535,643164344884650
732.37976,183.1141,722.50696,217.13702,643164345042202,643164396513191
645.49963,300.5262,721.8597,245.35571,643164396704910,643164457427775
593.4088,386.5386,721.8597,245.35571,643164457815587,643164511274858
590.5076,463.81223,645.49963,300.5262,643164511453816,643164565338920
548.3743,473.90326,593.4088,386.5386,643164565473243,643164622883295
509.9698,507.21417,590.5076,463.81223,643164623048243,643164680768452
573.7361,546.1968,573.7361,473.90326,643164681887670,643164732904181
546.77454,521.7489,573.7361,507.21417,643164733052670,643164794456108
549.605,483.98502,573.7361,483.98502,643164794587618,643164851174806
534.792,332.28763,549.605,483.98502,643164851328608,643164898653243
600.8854,364.32437,573.7361,483.98502,643164898774389,643164954793608
519.3723,431.85016,549.605,431.85016,643164954931056,643165008944702
493.49692,452.29965,549.605,452.29965,643165009156056,643165066743452
471.98285,407.92535,519.3723,431.85016,643165066901629,643165125571368
444.50397,367.938,493.49692,431.85016,643165125680587,643165180206004
473.55396,300.0988,473.55396,407.92535,643165180380118,643165238454806
449.1657,294.6458,473.55396,367.938,643165239264962,643165291277931
473.82227,230.58801,473.55396,300.0988,643165291426368,643165343688295
422.24084,262.12073,473.55396,294.6458,643165343806681,643165396979181
437.88608,268.63184,473.55396,268.63184,643165397128399,643165455921264
642.7094,23.307121,473.55396,268.63184,643165456200326,643165515734076
669.43774,36.78532,473.55396,268.63184,643165516107462,643165565022670
500.02975,286.3733,500.02975,268.63184,643165565177149,643165619518712
405.39023,461.75653,473.55396,268.63184,643165619683503,643165690671108
466.95053,191.13455,473.55396,268.63184,643165690872774,643165739376212
648.2741,33.63202,473.55396,268.63184,643165739599076,643165790610170
556.5379,358.90985,473.55396,268.63184,643165790794701,643165845022878
498.42746,306.29596,498.42746,268.63184,643165845426889,643165900716576
462.5472,419.95993,473.55396,306.29596,643165900882774,643165952683243
451.0952,364.0169,473.55396,306.29596,643165952855587,643166007527878
478.92337,382.11288,473.55396,364.0169,643166007702566,643166058448920
524.335,323.04642,473.55396,323.04642,643166058657878,643166114609076
540.6604,395.59924,478.92337,364.0169,643166114741732,643166168513503
498.7163,455.62842,498.7163,364.0169,643166168642514,643166220190430
466.566,423.48834,478.92337,395.59924,643166222826628,643166283703764
486.45337,369.01685,486.45337,369.01685,643166283830066,643166330639493
480.2239,428.12338,480.2239,395.59924,643166330745795,643166379833868
691.76324,1161.7946,486.45337,395.59924,643166380068086,643166431464909
702.143,1345.7274,486.45337,428.12338,643166431681732,643166485493816
682.32214,1341.9885,682.32214,1161.7946,643166485702618,643166546295795
643.2462,1309.2491,643.2462,1309.2491,643166550373138,643166604680222
645.8191,1377.8545,645.8191,1309.2491,643166604881211,643166655699805
714.4716,1441.6489,645.8191,1309.2491,643166655934180,643166711691159
718.1231,1415.1366,645.8191,1377.8545,643166711924597,643166765093347
745.74506,1485.4678,714.4716,1415.1366,643166765237982,643166818397149
669.66376,1533.2489,669.66376,1415.1366,643166818527565,643166873113503
731.761,1488.9194,714.4716,1485.4678,643166873285118,643166924875326
721.4606,1498.2882,714.4716,1488.9194,643166925017513,643166997592357
754.3848,1490.4148,721.4606,1488.9194,643166997730117,643167057020951
726.24664,1527.2518,721.4606,1490.4148,643167057153867,643167111845013
747.30194,1535.6051,726.24664,1490.4148,643167112183347,643167163579388
734.3057,1534.1962,726.24664,1527.2518,643167163720847,643167216180951
731.40106,1467.399,731.40106,1490.4148,643167216355222,643167273122513
688.48785,1415.6953,726.24664,1490.4148,643167273296732,643167323870899
673.4758,1397.4073,726.24664,1467.399,643167324149128,643167378365169
702.2862,1306.4507,702.2862,1415.6953,643167378497565,643167435819596
781.53625,1379.9473,726.24664,1397.4073,643167436077982,643167503258294
768.51746,1370.0835,726.24664,1379.9473,643167503383867,643167554133398
760.7684,1380.8961,760.7684,1380.8961,643167554274961,643167607635169
764.993,1369.7084,760.7684,1379.9473,643167607816628,643167661847669
736.4703,1438.5164,760.7684,1380.8961,643167662007044,643167714057773
732.72955,1418.1954,760.7684,1380.8961,643167714708398,643167769989336
725.56616,1501.0441,736.4703,1418.1954,643167770110846,643167817305013
704.0952,1430.2839,732.72955,1418.1954,643167817510586,643167869093190
690.31445,1259.533,725.56616,1418.1954,643167869270742,643167922900638
634.24115,858.1354,704.0952,1418.1954,643167923044440,643167977528971
610.1589,883.7757,690.31445,1259.533,643167978866940,643168035928398
556.8061,941.6438,634.24115,941.6438,643168036188398,643168121023919
559.76953,978.8343,610.1589,978.8343,643168121133034,643168184162721
629.90717,982.67206,629.90717,978.8343,643168184353398,643168237157565
587.9358,586.9574,610.1589,978.8343,643168237302252,643168296668554
565.5358,412.5045,610.1589,978.8343,643168297090117,643168353986159
578.988,502.95758,587.9358,586.9574,643168354103554,643168425959752
597.8918,316.81345,597.8918,502.95758,643168426113034,643168479424961
590.2419,387.17783,590.2419,502.95758,643168479581106,643168533022565
623.0626,312.4647,597.8918,387.17783,643168533204179,643168591734700
678.79785,310.02197,597.8918,387.17783,643168591944752,643168650521367
702.44305,218.40886,623.0626,312.4647,643168650761158,643168698682461
701.08905,246.9394,678.79785,310.02197,643168698869127,643168752655586
708.0748,297.5553,701.08905,297.5553,643168752811523,643168803311627
736.1006,1138.6852,701.08905,310.02197,643168803443346,643168871562408
783.6498,1239.8853,708.0748,310.02197,643168871708294,643168925625585
786.5745,1204.7908,736.1006,1138.6852,643168925772044,643168972700481
753.0251,1244.8715,753.0251,1204.7908,643168972829283,643169023956054
762.1323,1172.0426,753.0251,1172.0426,643169024218242,643169076221575
719.6196,871.6128,753.0251,1172.0426,643169076369023,643169128271002
799.76917,354.49002,753.0251,1172.0426,643169130142669,643169182036992
778.18317,360.73663,753.0251,871.6128,643169182263190,643169236422096
781.0588,376.5524,778.18317,376.5524,643169236551835,643169305978137
801.71704,347.84152,778.18317,376.5524,643169306131992,643169359062825
732.9142,350.03308,778.18317,376.5524,643169359217669,643169407723346
725.84924,259.4864,778.18317,350.03308,643169407868189,643169459165221
701.7927,192.38646,732.9142,350.03308,643169459306887,643169511853085
681.5191,236.55078,725.84924,259.4864,643169512085012,643169567421523
665.26685,203.13503,701.7927,236.55078,643169567554804,643169625379023
612.6425,213.79897,681.5191,236.55078,643169625911575,643169682559023
614.76263,279.39835,665.26685,236.55078,643169683213919,643169741012148
645.1025,474.4826,645.1025,236.55078,643169741172304,643169796243398
675.7598,1815.256,665.26685,279.39835,643169796552668,643169851290533
658.063,1799.437,658.063,474.4826,643169851443033,643169901507356
643.0222,1801.0043,658.063,1799.437,643169901653189,643169955844595
698.71857,1778.1742,658.063,1778.1742,643169956125533,643170015591106
478.9569,1679.3038,658.063,1778.1742,643170015710220,643170065050793
422.42365,1580.5812,658.063,1778.1742,643170065180273,643170120652981
426.5972,1677.5433,478.9569,1679.3038,643170120801002,643170173585012
440.39658,1654.1273,440.39658,1677.5433,643170173706106,643170244472147
383.56964,1576.7173,440.39658,1677.5433,643170244735168,643170295571627
565.2747,1490.0444,440.39658,1654.1273,643170295757252,643170354404283
868.3866,1672.0142,440.39658,1672.0142,643170354541522,643170408935949
941.93616,1655.1815,565.2747,1655.1815,643170409159491,643170473199231
959.0919,1687.0798,868.3866,1672.0142,643170474081158,643170529854074
939.64636,1643.9967,939.64636,1655.1815,643170530091314,643170600373866
979.2193,1702.0614,939.64636,1672.0142,643170600505585,643170654740272
964.3504,1622.2117,939.64636,1655.1815,643170654862981,643170706821939
977.39026,1701.8671,964.3504,1672.0142,643170706977251,643170765498606
965.6176,1657.5303,964.3504,1657.5303,643170765700220,643170825850116
961.3828,1622.2118,964.3504,1657.5303,643170827188814,643170883242512
949.5293,1621.3206,964.3504,1657.5303,643170883833970,643170955030533
956.2321,1678.0236,961.3828,1657.5303,643170955166887,643171004528918
958.8198,1677.8851,958.8198,1657.5303,643171004664803,643171063521991
954.8544,1702.549,958.8198,1677.8851,643171063655845,643171126020116
925.6769,1644.4786,958.8198,1657.5303,643171126147668,643171178678293
918.4975,1551.457,954.8544,1657.5303,643171178805637,643171238817616
922.56946,1568.1733,925.6769,1644.4786,643171238952043,643171295098345
921.17566,1624.4822,922.56946,1624.4822,643171295242407,643171367520064
942.7674,1551.1008,925.6769,1624.4822,643171367663814,643171428302147
921.23035,1559.9568,922.56946,1624.4822,643171428424439,643171481628032
810.84265,1345.2804,922.56946,1559.9568,643171481907616,643171556455793
743.407,954.19086,921.23035,1559.9568,643171557683449,643171612361730
713.6722,1012.6164,810.84265,1345.2804,643171612512564,643171675056939
684.5183,973.1331,743.407,1012.6164,643171675261157,643171736679439
643.7057,874.5596,713.6722,1012.6164,643171736811886,643171795756834
526.69196,426.97168,684.5183,973.1331,643171795903814,643171853863657
531.19666,412.7367,643.7057,874.5596,643171854215011,643171905971209
542.3523,387.18237,542.3523,426.97168,643171906233032,643171960235688
699.48175,364.5325,643.7057,412.7367,643171961137199,643172015358970
768.7967,335.12555,643.7057,387.18237,643172015511834,643172068239438
834.50806,301.67053,699.48175,364.5325,643172068374907,643172126323553
817.13434,324.9695,768.7967,335.12555,643172126492616,643172184552147
816.3219,290.71515,816.3219,324.9695,643172184694595,643172243008240
605.50073,308.50558,768.7967,324.9695,643172243166626,643172289299126
557.93134,271.99457,768.7967,308.50558,643172289526990,643172359959855
486.2828,264.79517,605.50073,308.50558,643172360090167,643172431917355
460.2982,272.54187,557.93134,272.54187,643172432125636,643172479729126
463.83615,281.58102,486.2828,281.58102,643172479954334,643172524752147
469.63156,246.223,469.63156,272.54187,643172525639855,643172576695376
428.88593,229.12915,469.63156,272.54187,643172576942251,643172631238969
469.50287,260.2028,469.63156,260.2028,643172632200844,643172678598344
480.15067,310.15497,469.63156,272.54187,643172678803449,643172727475167
484.35535,325.67212,469.63156,272.54187,643172727906574,643172778806522
437.86328,286.32346,469.63156,286.32346,643172779042042,643172826502615
404.3769,355.89294,469.63156,286.32346,643172826729699,643172887727667
377.5363,412.23074,437.86328,286.32346,643172888372511,643172942408813
371.83197,421.14072,404.3769,355.89294,643172942605532,643172999113240
828.6897,365.63315,437.86328,365.63315,643172999277824,643173051148501
966.13446,523.2197,437.86328,365.63315,643173051324021,643173101455428
999.24316,502.37878,828.6897,365.63315,643173101668240,643173156837928
999.71375,464.43362,966.13446,464.43362,643173158330584,643173211650948
994.6633,611.35474,994.6633,464.43362,643173212546209,643173257221782
908.08954,1237.0787,966.13446,464.43362,643173257958344,643173302461886
758.3871,1580.0585,966.13446,611.35474,643173303237303,643173370457146
807.8128,1603.6323,908.08954,1237.0787,643173370646000,643173446593344
800.16473,1554.2958,807.8128,1554.2958,643173446726105,643173503646573
779.26746,1577.126,807.8128,1554.2958,643173503879230,643173577970480
756.6417,1401.8767,800.16473,1554.2958,643173578094125,643173624949855
740.3477,1445.5205,779.26746,1554.2958,643173625080011,643173673783292
720.7038,1377.8102,756.6417,1445.5205,643173673896573,643173721478344
743.9857,1476.2721,743.9857,1476.2721,643173722361261,643173767814490
724.23816,1456.3724,743.9857,1456.3724,643173768085063,643173834763865
756.2308,1470.2625,743.9857,1470.2625,643173834952146,643173880063292
706.04095,1499.4567,743.9857,1470.2625,643173880306104,643173943830115
838.80426,1703.2969,743.9857,1470.2625,643173943994854,643174003751521
917.17255,1774.839,743.9857,1499.4567,643174003896000,643174056868396
933.865,1769.1691,838.80426,1703.2969,643174057024073,643174107699698
926.5509,1811.4795,917.17255,1769.1691,643174107941886,643174162935427
923.6074,1750.2745,923.6074,1750.2745,643174163074021,643174214541781
899.40656,1745.5797,917.17255,1750.2745,643174215209958,643174269273708
924.99866,1608.8682,923.6074,1750.2745,643174269435896,643174322060740
912.8127,1610.6531,917.17255,1745.5797,643174323046573,643174395925635
929.282,1711.0422,923.6074,1711.0422,643174396096781,643174441641052
871.02985,1607.361,917.17255,1711.0422,643174441769594,643174513324125
728.40466,1682.0903,917.17255,1711.0422,643174513873917,643174568780427
669.3826,1617.4976,871.02985,1682.0903,643174568937562,643174628485896
625.8253,1657.5497,728.40466,1682.0903,643174628874802,643174681728292
680.78345,1629.8755,680.78345,1657.5497,643174682312146,643174732152875
684.065,1619.1697,684.065,1657.5497,643174732349906,643174788173239
671.5393,1597.4348,680.78345,1629.8755,643174788310271,643174842169698
672.4385,1663.4458,680.78345,1657.5497,643174842304021,643174891504437
633.5666,1686.5535,672.4385,1657.5497,643174891659906,643174950211625
619.54614,1478.6475,672.4385,1657.5497,643174950346052,643175025788500
614.2577,1187.7623,633.5666,1657.5497,643175025911989,643175078893708
629.6728,1090.3639,629.6728,1478.6475,643175079572458,643175139776208
620.4501,1172.7249,629.6728,1187.7623,643175139931364,643175196619646
630.16046,1149.6456,629.6728,1172.7249,643175197230791,643175252752979
594.9229,1079.7455,629.6728,1172.7249,643175252907250,643175302292041
522.91583,324.84207,629.6728,1149.6456,643175302866468,643175363673812
565.01135,318.32782,594.9229,1079.7455,643175363864750,643175419524802
536.6756,305.9455,565.01135,324.84207,643175420142666,643175468395531
634.3519,277.75604,594.9229,318.32782,643175468959593,643175524238187
680.69586,286.71857,594.9229,305.9455,643175524345375,643175579576000
733.91846,281.88495,634.3519,286.71857,643175580378291,643175629315270
763.5263,315.96213,680.69586,305.9455,643175629537979,643175677559489
760.3644,323.96317,733.91846,305.9455,643175677697875,643175722556625
771.5795,334.33994,760.3644,315.96213,643175722738500,643175785960375
433.6109,93.51913,733.91846,305.9455,643175786089593,643175857106937
671.04736,11.203021,733.91846,305.9455,643175857235062,643175910453864
738.8664,461.91565,733.91846,305.9455,643175910600322,643175963821624
753.8182,323.44406,733.91846,305.9455,643175964613864,643176027396156
798.0221,394.0494,738.8664,323.44406,643176027626468,643176073773656
773.10443,453.8436,753.8182,323.44406,643176094784801,643176145246624
808.4931,437.4898,773.10443,394.0494,643176145487406,643176198801416
803.72266,507.5021,773.10443,437.4898,643176198990895,643176265995166
812.9135,557.3133,803.72266,437.4898,643176266737770,643176317840218
816.2571,526.691,803.72266,507.5021,643176318268447,643176368795583
833.14996,502.47467,812.9135,502.47467,643176368928812,643176416226989
607.68835,392.77795,803.72266,502.47467,643176416356364,643176466595843
398.33032,409.66443,803.72266,502.47467,643176467184385,643176532224124
339.5927,390.75122,607.68835,409.66443,643176532431364,643176590008655
340.2991,393.63248,398.33032,409.66443,643176590141155,643176636123135
778.9242,327.37057,607.68835,393.63248,643176636282093,643176698917562
1055.4438,384.5775,607.68835,393.63248,643176699050583,643176749824541
1058.9115,375.37766,778.9242,384.5775,643176749964801,643176812169124
1076.4554,433.3254,1055.4438,393.63248,643176812790062,643176862450687
836.5415,1656.9928,836.5415,393.63248,643176862889385,643176921089645
821.5033,1624.1598,836.5415,433.3254,643176921223291,643176990185062
817.64667,1620.1904,836.5415,1620.1904,643176991143447,643177048843343
842.87195,1627.5625,836.5415,1620.1904,643177048981937,643177101764749
783.3715,1570.6368,836.5415,1620.1904,643177101901520,643177165164853
757.77185,1602.5209,836.5415,1620.1904,643177165681207,643177216672978
715.43365,1577.5284,783.3715,1602.5209,643177216814384,643177267310061
759.0837,1644.7935,759.0837,1620.1904,643177267512353,643177326678186
749.8835,1593.662,759.0837,1602.5209,643177326903499,643177375861259
713.8544,1500.9076,759.0837,1602.5209,643177376272822,643177431346832
621.48364,1550.2903,749.8835,1593.662,643177431481416,643177486066051
641.8687,1579.2427,713.8544,1579.2427,643177486208291,643177533750166
614.219,1572.7362,641.8687,1579.2427,643177533878186,643177600466051
626.0228,1582.8679,641.8687,1579.2427,643177600595738,643177657400843
725.73596,1594.8517,641.8687,1579.2427,643177657903134,643177717428447
809.8345,1667.0396,641.8687,1582.8679,643177717556415,643177787151363
796.54877,1692.3713,725.73596,1594.8517,643177787266676,643177835379645
748.0431,1661.7625,748.0431,1661.7625,643177835495322,643177892519853
765.8797,1589.0248,748.0431,1594.8517,643177892712249,643177944826520
749.494,1548.55,748.0431,1594.8517,643177945100322,643178001883030
695.9227,1611.2878,748.0431,1594.8517,643178002011311,643178058973499
687.92975,1601.388,748.0431,1594.8517,643178059123915,643178115727978
693.7479,1653.3313,695.9227,1601.388,643178115857613,643178174120842
689.011,1557.655,693.7479,1594.8517,643178174273603,643178224178499
711.35815,1613.9908,695.9227,1601.388,643178224360947,643178274889905
739.7379,1610.2655,695.9227,1601.388,643178275026884,643178333201676
702.20844,1586.4235,702.20844,1601.388,643178333345113,643178382797561
705.35754,1616.5233,702.20844,1601.388,643178382920374,643178433590374
720.36914,1224.4983,702.20844,1601.388,643178433736624,643178517702040
701.0825,1173.0167,702.20844,1601.388,643178517824853,643178568183238
646.91205,1084.542,702.20844,1224.4983,643178568311780,643178619900894
709.4968,1057.3798,702.20844,1173.0167,643178620698186,643178678640426
729.47705,1062.6885,702.20844,1084.542,643178678788603,643178748546207
661.7172,908.4397,702.20844,1062.6885,643178748703707,643178795927405
689.7623,439.895,702.20844,1062.6885,643178796168030,643178852325373
706.6164,117.3891,702.20844,908.4397,643178852799332,643178906479696
679.3237,159.98631,702.20844,439.895,643178906682717,643178960306780
657.11066,140.60013,702.20844,159.98631,643178960416727,643179012121988
645.11194,165.70312,679.3237,165.70312,643179012264123,643179070331936
664.32214,159.2958,664.32214,159.98631,643179070524071,643179127240217
668.98846,174.94127,668.98846,165.70312,643179127342925,643179176967613
683.94086,144.09143,668.98846,159.98631,643179177103707,643179237634488
682.1705,131.93753,668.98846,159.98631,643179237803082,643179295867821
653.8944,133.16335,668.98846,144.09143,643179296214748,643179351648290
659.57776,147.249,668.98846,147.249,643179351824019,643179404231363
660.4164,250.50772,660.4164,147.249,643179404449904,643179481366831
664.9463,178.38737,664.9463,147.249,643179481532613,643179536814175
617.6502,194.17136,660.4164,178.38737,643179537015946,643179593365217
653.1358,149.53656,660.4164,149.53656,643179593507873,643179647763550
657.36536,175.99022,657.36536,175.99022,643179647876050,643179697368342
678.1275,223.87276,660.4164,175.99022,643179697602769,643179749481779
695.3859,241.45665,660.4164,175.99022,643179749632352,643179818970165
704.77264,178.35992,678.1275,178.35992,643179819228342,643179867350529
555.6785,243.28178,660.4164,178.35992,643179867575008,643179931657769
478.26822,271.1513,660.4164,178.35992,643179931787613,643179978908915
430.86774,270.4489,555.6785,243.28178,643179979038290,643180040065269
781.95184,1574.9833,660.4164,270.4489,643180040209696,643180118625998
795.534,1527.4296,660.4164,270.4489,643180118833654,643180174128706
700.3851,1567.6027,700.3851,1527.4296,643180174253706,643180228373342
795.3313,1514.8224,700.3851,1514.8224,643180228496258,643180281643446
751.49347,1435.2507,700.3851,1514.8224,643180282277300,643180335470685
720.8104,1364.4684,720.8104,1514.8224,643180335725737,643180392987821
733.5519,1411.4578,720.8104,1435.2507,643180393123133,643180448214383
699.77606,1386.6675,720.8104,1411.4578,643180448956779,643180503330060
703.19794,1442.5032,720.8104,1435.2507,643180503460789,643180558466414
735.025,1528.6688,720.8104,1435.2507,643180558607196,643180609157716
794.8298,1768.6031,720.8104,1442.5032,643180609292664,643180670311414
846.57263,1784.0092,735.025,1528.6688,643180670441414,643180716372612
853.48846,1745.6393,794.8298,1745.6393,643180716623966,643180770452039
781.8618,1774.976,781.8618,1745.6393,643180770630112,643180827810998
724.27576,1744.2523,781.8618,1745.6393,643180828562404,643180874688341
705.86566,1725.2712,781.8618,1745.6393,643180874826831,643180926229695
679.9663,1676.1582,724.27576,1744.2523,643180926352664,643180973866362
706.3618,1643.549,706.3618,1725.2712,643180974005060,643181029254852
721.88983,1576.1141,721.88983,1676.1582,643181029423445,643181091399904
702.7387,1465.4012,706.3618,1643.549,643181091558706,643181143048758
713.1808,1415.5801,713.1808,1576.1141,643181143171779,643181200469852
725.7637,1392.1195,713.1808,1465.4012,643181200670320,643181260592768
777.9329,1394.2454,713.1808,1415.5801,643181260727925,643181328834279
765.73224,1424.1583,725.7637,1424.1583,643181329738393,643181380751674
734.09125,1425.2875,734.09125,1424.1583,643181381007872,643181437258810
712.7395,1386.9904,725.7637,1424.1583,643181437387977,643181489112195
755.7853,1302.1058,734.09125,1424.1583,643181489239227,643181538386987
649.5451,1403.9114,725.7637,1403.9114,643181538543862,643181594716414
764.88336,1426.356,734.09125,1424.1583,643181594846831,643181643224226
683.09406,1447.595,725.7637,1424.1583,643181643365789,643181694490945
701.76294,1425.4688,725.7637,1425.4688,643181695144904,643181738731726
742.08075,1505.4995,725.7637,1425.4688,643181738864122,643181786321726
683.78546,1461.4944,725.7637,1425.4688,643181786516414,643181831187924
644.9783,1378.7335,725.7637,1425.4688,643181831865841,643181882520008
638.83545,535.136,683.78546,1425.4688,643181882653081,643181928117768
707.5132,886.50555,707.5132,1378.7335,643181928270476,643181977171101
523.2341,834.2186,683.78546,886.50555,643181978331466,643182026375633
579.4059,804.88666,683.78546,886.50555,643182026529695,643182072356570
582.0134,832.1538,582.0134,834.2186,643182072509695,643182124776570
554.7233,964.1816,582.0134,886.50555,643182124954799,643182175805789
556.54224,958.71344,582.0134,886.50555,643182177387924,643182226423497
493.76395,670.3875,556.54224,886.50555,643182226661518,643182278625164
588.8194,350.00754,582.0134,886.50555,643182278751205,643182325216362
603.6671,350.0985,582.0134,670.3875,643182325423653,643182376776414
626.4006,336.24612,588.8194,350.0985,643182376994278,643182424387455
609.41223,313.33795,603.6671,350.0985,643182424550164,643182472317768
585.92444,260.3869,588.8194,336.24612,643182472495528,643182525842039
558.8907,243.18445,588.8194,313.33795,643182526070684,643182585246414
531.8293,159.10017,585.92444,260.3869,643182585383549,643182637944591
505.88672,142.28023,558.8907,243.18445,643182638137976,643182688284539
508.5767,150.15077,531.8293,159.10017,643182688510632,643182737694070
537.57837,130.77795,537.57837,150.15077,643182737865580,643182795826674
499.79422,152.52017,531.8293,152.52017,643182795983132,643182846901413
537.70135,154.25504,537.57837,152.52017,643182847131830,643182907198445
638.98206,195.38872,537.57837,152.52017,643182907318966,643182963631049
658.86926,145.17639,537.70135,152.52017,643182964582507,643183010529591
696.24225,155.23709,638.98206,152.52017,643183010759747,643183063724799
658.3003,151.81203,658.3003,152.52017,643183063843288,643183111433913
610.6466,199.60826,638.98206,152.52017,643183111562976,643183159426726
625.95917,191.21101,638.98206,152.52017,643183159690580,643183212388757
701.3678,209.28436,638.98206,191.21101,643183212548757,643183259090684
685.2154,206.97577,638.98206,191.21101,643183259308236,643183306606934
637.2886,184.53639,638.98206,191.21101,643183306827299,643183358750840
576.44714,510.91074,638.98206,191.21101,643183358969538,643183408314851
640.15955,498.41858,638.98206,191.21101,643183408764434,643183457698288
531.8819,858.33105,638.98206,498.41858,643183457824851,643183504584851
712.6062,1052.4211,638.98206,498.41858,643183504799017,643183556099382
707.4283,1537.3231,638.98206,858.33105,643183556326726,643183610116882
632.8046,1447.6188,638.98206,1052.4211,643183610311257,643183662531205
651.76965,1506.5288,638.98206,1447.6188,643183662765007,643183746492976
612.4643,1444.5471,638.98206,1444.5471,643183746619746,643183803845059
552.29663,1530.7812,638.98206,1447.6188,643183803947403,643183852092090
530.4872,1518.1051,612.4643,1447.6188,643183852303340,643183916060319
835.39514,1597.7268,638.98206,1518.1051,643183916200267,643183965034538
879.4855,1562.5049,638.98206,1518.1051,643183965246934,643184014628601
934.6562,1648.7197,835.39514,1562.5049,643184014834017,643184068842663
927.78955,1685.6069,879.4855,1562.5049,643184069037871,643184129285163
923.88617,1627.5841,923.88617,1627.5841,643184130120371,643184189120163
917.49335,1665.4845,917.49335,1627.5841,643184189283028,643184239164069
911.1841,1689.0068,917.49335,1627.5841,643184239379225,643184295889486
874.74615,1726.4049,917.49335,1665.4845,643184296160892,643184345871830
761.1277,1802.7244,911.1841,1689.0068,643184346017663,643184394203757
750.2117,1818.0645,874.74615,1726.4049,643184394425475,643184438322819
723.5799,1872.9669,761.1277,1802.7244,643184439109902,643184487179746
694.7545,1830.686,750.2117,1818.0645,643184487375632,643184535504017
828.15906,1866.0471,761.1277,1830.686,643184535638913,643184583528757
913.36584,1584.2926,761.1277,1818.0645,643184583721829,643184634853757
915.8431,1540.4697,828.15906,1818.0645,643184635804121,643184682220788
928.77966,1566.0978,913.36584,1584.2926,643184682337246,643184751986204
931.1928,1522.4219,915.8431,1566.0978,643184752268652,643184803019277
914.50494,1510.318,914.50494,1566.0978,643184803144746,643184849558288
886.492,1518.5979,914.50494,1522.4219,643184849681100,643184904515736
912.0167,1575.4606,914.50494,1566.0978,643184904718496,643184950538392
931.91266,1572.5685,914.50494,1566.0978,643184950811256,643184997142402
918.0781,1610.948,914.50494,1572.5685,643184997251309,643185056750527
833.1795,1657.4998,914.50494,1572.5685,643185058396725,643185113073704
889.9581,1475.5715,914.50494,1572.5685,643185113211100,643185167987142
747.36383,1419.5319,889.9581,1572.5685,643185168216881,643185215851100
512.4939,1272.2886,889.9581,1475.5715,643185215994017,643185275538704
460.66766,1392.9204,747.36383,1419.5319,643185275668235,643185326159121
492.10452,1374.2352,512.4939,1392.9204,643185326311152,643185378569642
560.2075,1073.855,560.2075,1392.9204,643185378707194,643185435272038
512.4028,916.3933,512.4939,1374.2352,643185435778860,643185481395006
545.8154,954.1815,545.8154,1073.855,643185481539485,643185542115162
575.3377,1054.9266,545.8154,1054.9266,643185542296360,643185594237090
572.01135,963.1307,545.8154,1054.9266,643185595213340,643185659797454
574.8329,943.7217,572.01135,1054.9266,643185660400892,643185714607767
588.9103,947.8502,572.01135,963.1307,643185714731152,643185769823183
445.10187,434.48032,572.01135,947.8502,643185770479121,643185821416412
485.69202,351.7315,572.01135,947.8502,643185821658079,643185871067454
506.775,278.13556,506.775,434.48032,643185871788808,643185927465110
474.91983,279.65894,506.775,351.7315,643185927620527,643185979517610
567.5754,343.35715,506.775,343.35715,643185979998496,643186038288027
380.47525,335.4163,506.775,343.35715,643186038951673,643186089678079
296.04874,310.5474,506.775,343.35715,643186089960058,643186143639068
299.56512,357.56857,380.47525,343.35715,643186143766360,643186204116152
306.60342,281.1376,306.60342,343.35715,643186204875371,643186256115371
319.7067,224.79532,319.7067,343.35715,643186256264537,643186300606673
319.3379,245.09995,319.3379,281.1376,643186300822246,643186354109902
291.2166,283.2313,319.3379,283.2313,643186354287870,643186413213756
247.25183,249.41075,319.3379,281.1376,643186413343600,643186467397975
407.3079,315.21188,319.3379,283.2313,643186467558391,643186542085110
577.00305,14.2063055,319.3379,281.1376,643186542214120,643186588845683
563.46844,188.58171,407.3079,281.1376,643186589040735,643186645940995
374.36554,190.61295,374.36554,190.61295,643186646070995,643186705352922
377.25433,160.54628,377.25433,190.61295,643186706275631,643186765953235
476.08087,48.60051,377.25433,190.61295,643186766526672,643186814803964
383.28506,312.4276,377.25433,190.61295,643186815545787,643186871495943
504.91574,47.46024,383.28506,190.61295,643186871677141,643186922268339
379.82462,267.65375,379.82462,190.61295,643186922386308,643186971113860
334.58597,269.43518,379.82462,190.61295,643186971308183,643187018031776
349.58057,230.44032,379.82462,230.44032,643187018229745,643187077198443
410.13666,296.303,379.82462,230.44032,643187077331672,643187145256829
375.5946,249.12694,379.82462,230.44032,643187145397193,643187198663287
362.43024,237.21516,379.82462,237.21516,643187198862610,643187254787453
387.77982,264.84485,379.82462,237.21516,643187254943912,643187310592870
370.3747,259.34235,379.82462,237.21516,643187310715058,643187368695266
352.1444,267.16666,379.82462,259.34235,643187368952245,643187422539120
331.92963,247.40646,370.3747,247.40646,643187422671464,643187479570058
299.04742,245.81143,352.1444,247.40646,643187479686308,643187531565683
319.09738,251.71822,331.92963,247.40646,643187531797297,643187579695683
308.37094,254.89188,319.09738,247.40646,643187580035839,643187631281933
516.0196,225.46791,331.92963,247.40646,643187631527401,643187682006724
855.7465,183.95433,331.92963,247.40646,643187682233339,643187726585266
859.1131,159.78882,516.0196,225.46791,643187726712766,643187778796099
854.4152,138.41533,854.4152,183.95433,643187778951203,643187832778547
858.8168,112.10998,854.4152,159.78882,643187832958703,643187884813964
839.44446,77.76306,854.4152,138.41533,643187884993495,643187941744068
836.99335,146.11049,854.4152,146.11049,643187941885630,643187997092297
891.452,755.01,854.4152,146.11049,643187997356307,643188041279328
730.7624,1402.7106,854.4152,146.11049,643188041449172,643188089753599
652.30963,1482.6204,854.4152,755.01,643188089959641,643188138009589
656.6902,1482.6964,730.7624,1402.7106,643188138243495,643188184756984
639.6034,1506.156,656.6902,1482.6204,643188184867297,643188231240943
587.7832,1461.2109,656.6902,1461.2109,643188231427401,643188285193703
668.2805,1481.3546,656.6902,1481.3546,643188286253651,643188340326776
601.1025,1516.7719,656.6902,1481.3546,643188340437870,643188391219380
567.02026,1507.6967,656.6902,1481.3546,643188391388182,643188441265786
505.98538,1427.6626,601.1025,1481.3546,643188441485682,643188489773443
478.08813,1357.5533,567.02026,1481.3546,643188490105370,643188538034901
506.52438,1360.0553,506.52438,1427.6626,643188539233078,643188583698651
502.42883,1370.8308,506.52438,1370.8308,643188583820422,643188626627401
696.2003,1681.2377,506.52438,1427.6626,643188627529849,643188674705422
693.90704,1694.5867,506.52438,1427.6626,643188675710526,643188726950838
655.0818,1695.5201,655.0818,1681.2377,643188727844953,643188776748234
764.73566,1746.7843,655.0818,1694.5867,643188777535161,643188825371880
678.63403,1740.6182,655.0818,1695.5201,643188826067088,643188873687297
705.273,1680.0212,678.63403,1694.5867,643188874224797,643188920491515
762.90753,1725.0116,678.63403,1695.5201,643188920725422,643188988637974
704.58154,1628.2555,704.58154,1694.5867,643188988768755,643189045116880
561.3044,1557.0009,678.63403,1694.5867,643189045305369,643189119078234
670.71655,1486.7814,678.63403,1628.2555,643189119226932,643189178150786
574.6908,1468.4058,670.71655,1557.0009,643189178347453,643189235671515
595.41754,1496.1008,670.71655,1496.1008,643189235838078,643189291122817
586.1905,1365.6802,595.41754,1496.1008,643189291256984,643189350015474
644.9642,1071.6936,644.9642,1496.1008,643189350165630,643189412310786
642.0294,989.2665,642.0294,1365.6802,643189412429119,643189471159796
666.2753,994.83704,644.9642,1071.6936,643189471296984,643189521454640
671.8135,908.84686,644.9642,994.83704,643189521904744,643189575914223
634.4456,901.8785,644.9642,994.83704,643189576196359,643189630266880
614.06976,843.21576,644.9642,908.84686,643189630446671,643189678661046
642.5352,852.2743,642.5352,901.8785,643189678768182,643189722695421
642.2503,855.85284,642.5352,855.85284,643189722822244,643189768978234
578.89215,1019.4342,642.5352,901.8785,643189769198078,643189821196098
673.1285,506.63727,642.5352,855.85284,643189821333911,643189867362140
733.86444,150.86295,642.5352,855.85284,643189868856880,643189914237348
686.77576,462.90265,673.1285,506.63727,643189915267557,643189964779692
672.7792,403.88666,672.7792,462.90265,643189965040734,643190038009848
644.5164,395.54236,672.7792,462.90265,643190038139900,643190090272192
609.7086,448.64896,672.7792,448.64896,643190091127557,643190138414432
495.36792,187.23796,644.5164,448.64896,643190139072609,643190184645213
489.47067,556.95276,609.7086,448.64896,643190185552609,643190235203338
663.5218,615.0708,644.5164,448.64896,643190235402036,643190284552088
760.27826,866.97675,644.5164,556.95276,643190284789119,643190330345994
734.41846,774.2638,663.5218,615.0708,643190330585109,643190376591723
698.11755,935.68115,698.11755,774.2638,643190377512556,643190422575317
712.7202,851.71796,698.11755,774.2638,643190422767869,643190475711046
719.0924,858.9319,698.11755,851.71796,643190476521098,643190522471879
699.85455,804.4588,699.85455,804.4588,643190522585421,643190573576411
669.122,854.5862,698.11755,851.71796,643190573754015,643190627269223
