x_raw,y_raw,x_filtered,y_filtered,gaze_timestamp,record_timestamp
580.00525,516.7805,130.53581,305.6196,699840198316675,699840274246675
680.4678,460.62402,130.53581,316.12967,699840274391467,699840309680998
739.05566,468.22,580.00525,460.62402,699840309865842,699840344889852
758.71387,463.08365,680.4678,460.62402,699840345034175,699840382895165
730.96375,439.3362,730.96375,460.62402,699840383110113,699840435604384
699.8569,516.7208,699.8569,460.62402,699840435759852,699840470379852
862.6267,610.31287,730.96375,460.62402,699840470548134,699840516319019
830.9027,625.6639,730.96375,516.7208,699840517354696,699840564869123
862.4393,675.14,830.9027,610.31287,699840564958498,699840618431675
865.94507,618.24475,830.9027,618.24475,699840618598290,699840667080998
916.1234,586.757,862.4393,610.31287,699840667216675,699840707811519
911.5982,603.9273,865.94507,610.31287,699840707963342,699840751579956
919.34125,596.23584,911.5982,603.9273,699840751738029,699840806258811
690.108,488.15732,865.94507,603.9273,699840806398602,699840857428602
659.637,506.9912,865.94507,596.23584,699840857521884,699840890653238
644.3343,486.14386,690.108,506.9912,699840890862925,699840921998446
435.98825,585.5664,659.637,585.5664,699840922174904,699840956780581
390.93173,601.4853,644.3343,585.5664,699840956971102,699840989777977
356.1273,733.6531,435.98825,585.5664,699840989946467,699841023801258
334.40567,727.982,390.93173,601.4853,699841023988446,699841056372248
314.82495,793.13354,356.1273,727.982,699841056542040,699841090629852
316.50607,815.47284,334.40567,727.982,699841090776675,699841125098498
293.85687,895.60675,316.50607,793.13354,699841125260008,699841158392144
297.11337,978.58655,316.50607,815.47284,699841158507560,699841190283342
417.79758,838.4045,316.50607,838.4045,699841190417613,699841223758602
515.1709,901.1456,316.50607,838.4045,699841223921102,699841258832144
510.6195,918.6094,417.79758,838.4045,699841258967769,699841288651415
544.61664,925.5745,510.6195,901.1456,699841288797144,699841320388133
572.3971,940.64215,510.6195,918.6094,699841320537040,699841352327560
575.67914,918.1246,544.61664,918.1246,699841352461102,699841386319383
591.99646,792.21484,572.3971,918.1246,699841386462560,699841420491779
610.87775,693.8466,575.67914,918.1246,699841420673967,699841454962404
373.7251,538.539,572.3971,792.21484,699841455140737,699841489608810
329.1876,450.98233,572.3971,693.8466,699841489742144,699841521170790
287.19492,493.5342,373.7251,538.539,699841521358550,699841556264331
266.41638,439.81448,329.1876,493.5342,699841556420477,699841586859592
266.26514,410.3349,287.19492,493.5342,699841587044644,699841620886414
270.27673,434.46487,270.27673,439.81448,699841621051467,699841655082404
282.23285,383.22626,282.23285,434.46487,699841655262925,699841691109487
277.07513,395.57312,277.07513,434.46487,699841691254227,699841722011987
348.15994,353.77173,282.23285,395.57312,699841722199175,699841751781310
673.5898,361.73132,282.23285,395.57312,699841751942300,699841784723706
667.06854,327.39258,348.15994,361.73132,699841784900112,699841818803498
662.5334,344.5935,662.5334,361.73132,699841818990269,699841852933394
698.41455,382.86615,662.5334,361.73132,699841853110112,699841885498133
736.18585,344.28967,662.5334,361.73132,699841885678966,699841918468602
708.09485,393.6598,698.41455,361.73132,699841918635216,699841953168394
702.06067,353.7477,702.06067,361.73132,699841953341466,699841986498550
708.4503,352.3191,702.06067,361.73132,699841986670477,699842021244852
546.4843,395.83276,702.06067,361.73132,699842021427716,699842054032039
491.93848,385.16205,702.06067,361.73132,699842054229018,699842085345060
448.72876,417.643,546.4843,385.16205,699842085533289,699842124189435
425.25616,391.61023,491.93848,385.16205,699842124334279,699842153872977
397.70065,381.7681,448.72876,385.16205,699842154061779,699842185266154
406.67206,456.936,425.25616,385.16205,699842185431623,699842217315529
362.3952,475.1877,406.67206,385.16205,699842217494175,699842251564539
536.4652,449.33194,425.25616,449.33194,699842251702195,699842283852612
647.8221,516.861,425.25616,449.33194,699842284083550,699842316198133
695.26404,438.02814,536.4652,449.33194,699842316367091,699842348877248
687.2402,439.9689,647.8221,449.33194,699842349064539,699842383076883
662.5742,487.37292,662.5742,449.33194,699842383260216,699842417405529
675.24805,440.71738,662.5742,449.33194,699842417572300,699842449236154
697.9315,479.4007,662.5742,449.33194,699842449418550,699842484831154
365.78717,562.1201,662.5742,449.33194,699842484994018,699842517082560
297.10748,663.8296,662.5742,479.4007,699842517233758,699842555708550
267.4569,683.55695,365.78717,562.1201,699842555861883,699842588310112
287.4101,680.0604,297.10748,663.8296,699842588462091,699842620626050
261.90723,613.6802,287.4101,613.6802,699842620807872,699842654084695
280.71466,702.738,287.4101,663.8296,699842654287872,699842689068445
299.58435,807.6369,287.4101,663.8296,699842689258133,699842719830685
306.25638,853.66595,287.4101,702.738,699842720099799,699842753879487
285.50604,851.9153,287.4101,807.6369,699842754043549,699842787555633
314.49576,914.18225,287.4101,851.9153,699842787711779,699842824090320
509.42258,963.1073,287.4101,851.9153,699842824249435,699842855131206
509.6194,960.4278,314.49576,914.18225,699842855280737,699842886904695
559.9114,970.8608,509.42258,960.4278,699842887046831,699842920328185
567.8115,1000.7735,509.6194,960.4278,699842920479122,699842964784643
625.3513,885.66235,559.9114,960.4278,699842964986883,699842999207508
649.9831,945.65106,567.8115,960.4278,699842999358081,699843035040737
751.102,889.2407,625.3513,945.65106,699843035142664,699843069464904
761.44507,871.6539,649.9831,945.65106,699843069784487,699843101547664
744.981,895.32904,744.981,895.32904,699843103327872,699843135395581
577.06824,1115.939,649.9831,945.65106,699843136148497,699843167757091
442.8844,1173.0671,649.9831,945.65106,699843168552403,699843201750893
419.43777,1060.1272,577.06824,1060.1272,699843203692508,699843236074956
396.17786,1156.9606,442.8844,1060.1272,699843236217716,699843270332924
406.86728,1019.755,419.43777,1060.1272,699843270477508,699843303933080
386.91077,1140.4736,406.86728,1060.1272,699843304169018,699843337188028
417.57025,1043.9967,417.57025,1060.1272,699843337321622,699843370705997
368.25436,1099.4241,406.86728,1060.1272,699843370848185,699843402000685
273.46674,1165.1456,406.86728,1060.1272,699843403070737,699843434602403
263.4521,1096.7726,368.25436,1096.7726,699843435933758,699843468737716
238.80135,1156.5201,273.46674,1096.7726,699843481476935,699843518938289
234.43164,1133.7932,263.4521,1096.7726,699843519098393,699843558519487
224.92635,1171.0924,238.80135,1133.7932,699843558683601,699843597933810
220.58769,1182.764,234.43164,1133.7932,699843598063445,699843628622143
495.37216,1076.2755,238.80135,1133.7932,699843628798705,699843665583080
724.4637,1065.7976,238.80135,1133.7932,699843665748080,699843697024955
732.89514,1083.4374,495.37216,1083.4374,699843697180997,699843728833757
770.44836,1025.5724,724.4637,1083.4374,699843729010789,699843767188601
785.11804,1034.8755,732.89514,1083.4374,699843767348757,699843803616362
766.62805,977.4181,766.62805,1034.8755,699843803727924,699843835289643
758.37915,953.66223,758.37915,1034.8755,699843835477247,699843866948497
711.1852,1008.18304,758.37915,1008.18304,699843867110997,699843899446466
270.22003,1188.1954,758.37915,1034.8755,699843899598653,699843933066257
281.16837,1204.5723,711.1852,1034.8755,699843933191205,699843963522976
259.63962,1215.3041,281.16837,1188.1954,699843963677403,699844008918132
194.38687,1279.8611,281.16837,1204.5723,699844009080059,699844041166622
166.42426,1326.9744,259.63962,1215.3041,699844041400216,699844077053445
163.27065,1333.7355,194.38687,1279.8611,699844077193861,699844109846570
176.93484,1273.545,176.93484,1273.545,699844110866726,699844144100945
152.38414,1294.6595,176.93484,1279.8611,699844144223132,699844177253028
132.2427,1261.2888,176.93484,1273.545,699844177412195,699844211286622
161.32884,1262.3275,161.32884,1273.545,699844211422143,699844244399538
118.31997,1331.3563,161.32884,1273.545,699844245491413,699844278423445
112.932785,1301.0038,161.32884,1273.545,699844278542768,699844311282768
140.40808,1257.788,140.40808,1273.545,699844311377351,699844345772976
273.76648,1213.2498,161.32884,1273.545,699844345862455,699844381779799
412.38895,1218.5465,161.32884,1257.788,699844381887091,699844418360840
472.58435,1209.3243,273.76648,1218.5465,699844418529538,699844452667455
487.30685,1161.3331,412.38895,1218.5465,699844452815528,699844489031986
500.54996,1168.4761,472.58435,1209.3243,699844489128184,699844521941570
543.5886,1208.971,487.30685,1208.971,699844522069747,699844558875788
557.2651,1149.1666,500.54996,1208.971,699844559069903,699844593562247
706.8932,1183.4985,543.5886,1208.971,699844593750372,699844627003653
737.05664,1145.4214,557.2651,1183.4985,699844627187611,699844663249799
727.01996,1177.3092,706.8932,1183.4985,699844663459642,699844696795788
741.7673,1200.1671,727.01996,1183.4985,699844696950424,699844727300424
763.9278,1167.998,727.01996,1183.4985,699844727439017,699844762440059
764.9111,1153.673,741.7673,1183.4985,699844762584538,699844794154799
799.751,1138.9443,763.9278,1167.998,699844794302976,699844825644069
855.43933,1105.2289,764.9111,1153.673,699844825779122,699844860374122
849.0366,1102.4153,799.751,1138.9443,699844860547403,699844893454799
551.14215,1247.4734,764.9111,1153.673,699844893655267,699844950612299
414.0939,1299.037,764.9111,1153.673,699844950708392,699844982300528
454.84018,1288.2552,551.14215,1247.4734,699844982446674,699845015291465
430.27557,1266.9084,454.84018,1266.9084,699845015393132,699845048404382
379.96347,1303.7405,454.84018,1266.9084,699845048545944,699845080657351
306.98532,1360.3019,430.27557,1266.9084,699845080805371,699845112778913
282.58328,1378.7668,379.96347,1303.7405,699845112920163,699845144236309
259.62973,1388.0778,306.98532,1360.3019,699845144361465,699845177630788
233.89055,1337.5653,282.58328,1337.5653,699845177741934,699845209416465
190.14877,1406.9845,259.62973,1360.3019,699845209538757,699845242338549
197.18672,1375.0225,233.89055,1360.3019,699845244908184,699845276937559
192.7506,1361.0367,197.18672,1361.0367,699845277076934,699845309656830
207.2355,1385.2081,207.2355,1361.0367,699845309802298,699845341803548
195.86029,1366.6234,197.18672,1361.0367,699845345464330,699845375214798
246.09709,1357.9874,207.2355,1361.0367,699845375905267,699845408584121
642.2525,1256.756,207.2355,1361.0367,699845408741986,699845444845371
674.9676,1294.5728,246.09709,1357.9874,699845444958705,699845476485892
685.67566,1243.4015,642.2525,1294.5728,699845477092403,699845508371048
693.97485,1256.9783,674.9676,1294.5728,699845508518913,699845540691413
682.24756,1256.0068,682.24756,1256.9783,699845550169017,699845583080580
665.68524,1213.1692,674.9676,1256.9783,699845583175267,699845616759903
700.31256,1227.6425,682.24756,1256.0068,699845616920111,699845647161257
654.85376,1258.0876,674.9676,1256.9783,699845647281830,699845683145319
515.971,1460.2241,674.9676,1256.9783,699845683215528,699845716383757
485.7221,1527.8956,654.85376,1258.0876,699845716496309,699845749090371
475.79236,1520.8739,515.971,1460.2241,699845749243965,699845787877715
476.04428,1487.0076,485.7221,1487.0076,699845787991830,699845824085632
465.78693,1506.3634,476.04428,1487.0076,699845824256205,699845858726934
506.36584,1505.4044,485.7221,1487.0076,699845858901309,699845905894382
585.1212,1527.7847,485.7221,1505.4044,699845906037923,699845947268132
597.1972,1581.5626,506.36584,1505.4044,699845947426309,699845979988965
695.6559,1671.0869,585.1212,1527.7847,699845980249538,699846015315632
342.22784,1891.553,506.36584,1581.5626,699846015457559,699846047237090
338.60904,2125.724,506.36584,1671.0869,699846047396309,699846084096309
408.22183,1868.023,408.22183,1868.023,699846084246257,699846141476777
648.8013,1641.0247,506.36584,1671.0869,699846141617194,699846176805371
747.47784,1496.656,506.36584,1671.0869,699846176934381,699846212903704
808.7487,1433.3884,648.8013,1641.0247,699846213282767,699846243662663
801.46124,1394.2692,747.47784,1496.656,699846243803444,699846276442871
875.4663,1468.1096,801.46124,1468.1096,699846277543340,699846311164538
887.4685,1415.8685,801.46124,1468.1096,699846311332246,699846343799017
826.9476,1382.6625,826.9476,1468.1096,699846343958288,699846374731256
861.50183,1436.2156,826.9476,1436.2156,699846376180215,699846408246569
863.1956,1369.589,826.9476,1436.2156,699846413467923,699846446800579
842.94116,1451.0013,842.94116,1436.2156,699846446905111,699846481257350
873.24347,1409.1603,842.94116,1436.2156,699846481354902,699846513224381
877.92883,1391.3595,842.94116,1436.2156,699846513368913,699846545812611
629.07745,1517.336,842.94116,1436.2156,699846545939381,699846577762819
193.00679,1626.1685,842.94116,1436.2156,699846578552350,699846609105735
183.98225,1681.8427,629.07745,1517.336,699846609209329,699846638857558
224.08736,1675.862,224.08736,1626.1685,699846641832610,699846672876360
183.54584,1719.9697,224.08736,1675.862,699846673704954,699846705122090
200.24739,1660.7211,224.08736,1660.7211,699846709269954,699846739371204
210.40727,1648.4174,210.40727,1660.7211,699846741157715,699846771942715
251.40936,1640.3794,224.08736,1660.7211,699846773917090,699846805112662
237.22081,1662.8322,224.08736,1660.7211,699846808816100,699846839544798
256.49738,1723.5471,237.22081,1660.7211,699846843384017,699846873458131
290.5817,2112.5918,237.22081,1662.8322,699846876533287,699846909745110
414.86047,2011.2118,256.49738,1723.5471,699846910204017,699846938546985
505.15787,1797.4124,290.5817,1797.4124,699846941505319,699846972363808
590.0988,1090.0026,414.86047,1723.5471,699846977199485,699847007456881
885.27246,812.76373,505.15787,1723.5471,699847021817558,699847055920319
807.3178,1383.7866,590.0988,1383.7866,699847056108704,699847087945371
440.33325,1823.376,505.15787,1723.5471,699847088166985,699847121815110
362.87918,1935.2211,505.15787,1723.5471,699847121988860,699847155529746
323.95038,1955.4257,440.33325,1823.376,699847155692558,699847188345214
470.3781,1394.1548,470.3781,1723.5471,699847188503548,699847222253652
765.43024,1040.4332,470.3781,1723.5471,699847222377923,699847255640579
852.71747,981.3063,470.3781,1394.1548,699847255776516,699847288238339
892.324,970.7855,765.43024,1040.4332,699847288367975,699847322531048
892.2824,1046.8359,852.71747,1046.8359,699847322664537,699847370406308
881.38196,1028.6547,881.38196,1040.4332,699847370548548,699847403297819
937.2525,1101.825,881.38196,1046.8359,699847403447298,699847439918079
927.5509,1184.965,881.38196,1046.8359,699847440045266,699847472124121
966.7595,1198.8107,927.5509,1101.825,699847472290006,699847505627506
973.64197,1197.7013,927.5509,1184.965,699847505748600,699847540755787
973.0168,1237.6757,966.7595,1197.7013,699847540934902,699847574070579
980.5901,1178.823,973.0168,1184.965,699847574195162,699847606332402
954.6507,1292.4443,966.7595,1197.7013,699847606488548,699847639667506
998.4054,1210.8815,973.0168,1197.7013,699847639817298,699847672047454
973.75574,1220.8344,973.0168,1210.8815,699847672197298,699847702637193
1004.78326,1200.5305,973.75574,1200.5305,699847702797870,699847735558912
995.077,1208.3939,973.75574,1208.3939,699847735691777,699847766093443
1012.19867,1317.0544,995.077,1208.3939,699847766203912,699847797970891
1014.59424,1377.4305,995.077,1208.3939,699847798063235,699847831855475
355.31036,2222.3196,995.077,1317.0544,699847832088339,699847869577193
287.878,2234.9607,995.077,1377.4305,699847869725266,699847900706620
288.4537,2212.6663,355.31036,2212.6663,699847900981568,699847934131204
314.72345,2173.0928,314.72345,2173.0928,699847934289902,699847974126881
794.7749,975.4411,355.31036,2173.0928,699847974285058,699848007716568
925.4222,1044.56,355.31036,2173.0928,699848009046412,699848041543391
942.6689,1019.58905,794.7749,1044.56,699848042933964,699848077202089
940.36206,1047.0233,925.4222,1047.0233,699848077324120,699848112070527
947.18616,1097.3105,940.36206,1047.0233,699848112193027,699848141917037
972.65753,1117.8138,940.36206,1047.0233,699848142843443,699848174891672
962.58405,1102.1101,947.18616,1097.3105,699848184284589,699848219473079
961.60565,1146.6451,961.60565,1102.1101,699848219620735,699848251438131
951.18274,1196.3081,951.18274,1102.1101,699848251585735,699848284284068
879.07684,1213.0371,951.18274,1146.6451,699848284412297,699848337971985
857.75146,1238.3817,951.18274,1196.3081,699848338103235,699848370759329
819.3127,1279.281,879.07684,1213.0371,699848370946829,699848405126985
843.2759,1275.52,857.75146,1238.3817,699848405285839,699848437659641
833.55194,1264.519,843.2759,1264.519,699848437851204,699848469813079
841.8611,1228.6791,843.2759,1238.3817,699848469966151,699848505333860
847.3854,1250.1633,843.2759,1250.1633,699848505489276,699848536030683
581.62335,1512.3168,843.2759,1250.1633,699848536167037,699848567231881
359.2353,1714.0608,843.2759,1250.1633,699848567375735,699848598949797
353.9441,1662.6569,581.62335,1512.3168,699848599104797,699848632677506
305.22,1640.165,359.2353,1640.165,699848632799797,699848665367245
205.15805,1713.735,353.9441,1640.165,699848665520995,699848695889641
240.52542,2311.3062,305.22,1640.165,699848696376412,699848727354224
233.83018,2218.7449,240.52542,1713.735,699848727491151,699848760291620
240.5183,2312.3882,240.52542,2218.7449,699848760444120,699848797803860
239.0008,2092.653,240.5183,2092.653,699848798058599,699848831495005
519.44507,1719.351,240.52542,2092.653,699848831913495,699848865293703
491.8741,1644.4102,240.52542,2092.653,699848865440214,699848901396308
539.60547,1513.8463,491.8741,1719.351,699848901593912,699848936484328
556.8419,1524.7213,491.8741,1644.4102,699848936636880,699848967499120
579.8996,1486.7467,539.60547,1524.7213,699848967642610,699848998798130
646.73566,1479.3636,556.8419,1524.7213,699848998955995,699849030942662
784.69946,1529.8468,579.8996,1524.7213,699849031058964,699849062168130
826.07056,1473.4979,646.73566,1524.7213,699849062417037,699849095137870
844.4528,1456.5709,784.69946,1524.7213,699849095521307,699849128107922
846.8506,1512.4733,826.07056,1512.4733,699849128226620,699849160641620
726.3089,1588.9437,784.69946,1524.7213,699849160886255,699849196860005
195.39809,1750.1147,784.69946,1524.7213,699849196981828,699849226772089
208.34721,1712.942,726.3089,1588.9437,699849226909589,699849276095630
114.82431,1875.5433,208.34721,1712.942,699849276174432,699849316247714
179.67,1770.0226,208.34721,1712.942,699849316387141,699849350451776
173.18307,1733.366,179.67,1733.366,699849350564849,699849382483964
154.4544,1740.5377,179.67,1733.366,699849382630682,699849415144745
176.97221,1746.4282,176.97221,1733.366,699849415251255,699849447519797
146.7453,1726.1464,176.97221,1733.366,699849447632141,699849482445786
176.63104,1728.9785,176.97221,1733.366,699849482595370,699849514223807
165.22978,1770.7927,176.63104,1733.366,699849514443234,699849547560318
184.11873,1738.121,176.97221,1733.366,699849547699745,699849584113026
194.64343,1736.1232,176.97221,1736.1232,699849584281255,699849619992349
629.75836,1574.1803,184.11873,1733.366,699849620191620,699849651397713
662.97845,1559.6096,194.64343,1733.366,699849651588547,699849682838963
712.0194,1557.2539,629.75836,1574.1803,699849683014849,699849718069901
721.194,1548.6558,662.97845,1559.6096,699849718214797,699849752150213
710.5513,1586.0698,710.5513,1574.1803,699849752759484,699849786333651
496.2317,1581.5879,662.97845,1574.1803,699849786478911,699849818262245
459.29364,1583.0416,662.97845,1581.5879,699849818408026,699849850215265
439.03564,1631.3972,496.2317,1581.5879,699849850315057,699849882005422
431.54318,1586.4038,459.29364,1583.0416,699849882173234,699849912821568
402.11752,1596.771,439.03564,1586.4038,699849912934276,699849947315526
391.1049,1644.0826,431.54318,1586.4038,699849947428547,699849980611307
344.53824,1614.4136,402.11752,1596.771,699849981529224,699850015149849
317.5666,1595.5494,391.1049,1595.5494,699850015282140,699850046852505
279.62473,1616.1206,344.53824,1596.771,699850047825526,699850079471307
276.47278,1566.3867,317.5666,1595.5494,699850080559588,699850114302922
287.06604,1533.1747,287.06604,1595.5494,699850114430474,699850147300422
893.6088,1084.52,317.5666,1566.3867,699850148270422,699850180749067
907.048,1046.2163,317.5666,1533.1747,699850180888390,699850241790526
916.1049,1002.50305,893.6088,1084.52,699850242268911,699850279250005
919.9033,1056.5377,907.048,1056.5377,699850279393234,699850314561307
934.8241,1007.1657,916.1049,1056.5377,699850314698182,699850346449067
930.82947,989.8431,919.9033,1056.5377,699850346608286,699850378540317
905.89014,790.233,916.1049,1007.1657,699850379448755,699850413780994
902.0317,689.1726,916.1049,989.8431,699850413950161,699850447511776
888.4121,642.7725,905.89014,790.233,699850447648338,699850484244380
921.89624,640.34296,916.1049,689.1726,699850484333182,699850516585005
911.24585,624.7002,911.24585,642.7725,699850516726203,699850547528078
922.6908,580.9961,916.1049,640.34296,699850547678911,699850579543755
898.9602,622.3313,911.24585,624.7002,699850580315786,699850612269015
905.2206,579.47473,911.24585,622.3313,699850617525682,699850651475109
903.6307,572.08594,905.2206,622.3313,699850651598182,699850685948807
865.31146,561.5006,905.2206,579.47473,699850686075630,699850719306776
647.85895,620.70917,903.6307,620.70917,699850719454848,699850759899380
604.9926,695.8509,865.31146,620.70917,699850760083078,699850814390630
591.7312,735.5684,647.85895,620.70917,699850814511411,699850853230109
598.9316,625.33765,604.9926,625.33765,699850853326984,699850885810161
608.5652,624.70087,608.5652,624.70087,699850885967557,699850916330526
650.9919,565.8154,608.5652,624.70087,699850916483494,699850949416463
583.53107,618.8084,608.5652,624.70087,699850949578182,699850981863911
572.0888,627.4465,608.5652,624.70087,699850981948546,699851012598911
516.90625,666.08307,583.53107,624.70087,699851012751932,699851047167140
503.8274,631.64233,572.0888,627.4465,699851047312921,699851080727765
530.6658,644.0304,530.6658,631.64233,699851080835682,699851111847192
448.11023,925.1659,530.6658,631.64233,699851111953755,699851145181203
422.2559,1021.9647,530.6658,644.0304,699851145285942,699851177169536
470.14175,1065.8378,470.14175,925.1659,699851177259796,699851210839067
468.64725,1103.6594,470.14175,1021.9647,699851210940421,699851246417244
438.08685,1144.1106,470.14175,1065.8378,699851246520057,699851282302505
475.72003,1001.0869,470.14175,1021.9647,699851282500786,699851315878182
488.4028,1021.31793,470.14175,1021.9647,699851316423702,699851349803442
523.34326,955.8971,475.72003,1021.31793,699851349913598,699851382232504
535.9129,999.0142,488.4028,1021.31793,699851382398286,699851416241723
567.242,990.1803,523.34326,999.0142,699851416336984,699851445646879
528.567,992.72424,528.567,999.0142,699851445748129,699851480799223
550.7481,977.363,528.567,992.72424,699851482074379,699851515887348
547.7443,1008.787,528.567,999.0142,699851515965421,699851548947452
549.2074,970.1519,547.7443,992.72424,699851549742557,699851578906984
547.208,973.8542,547.208,992.72424,699851579074484,699851612172452
522.7345,1033.2162,547.208,992.72424,699851613709067,699851651848077
540.97577,957.7926,547.208,992.72424,699851651921046,699851687566463
527.4915,1009.3333,540.97577,992.72424,699851687710525,699851725287765
526.7183,1018.5791,540.97577,992.72424,699851725395890,699851762007713
528.9708,1038.8892,528.9708,1009.3333,699851762180317,699851800815213
533.84845,953.7611,533.84845,992.72424,699851800978286,699851833527817
539.56854,903.5651,533.84845,992.72424,699851833672348,699851863979952
504.59927,939.16064,533.84845,953.7611,699851864116411,699851895439588
544.4433,954.648,533.84845,954.648,699851895551671,699851925449327
562.32556,974.2707,533.84845,954.648,699851925916983,699851962764952
557.512,983.129,544.4433,954.648,699851962870786,699851991357400
541.6057,930.2644,541.6057,954.648,699851991537869,699852023690890
534.1835,933.6223,541.6057,954.648,699852023893494,699852057786098
534.0579,936.1538,541.6057,936.1538,699852057903963,699852091219952
546.4255,960.5769,541.6057,954.648,699852091368598,699852125617504
566.3736,926.5086,541.6057,936.1538,699852125724223,699852181968025
537.416,925.49414,541.6057,936.1538,699852182079067,699852215735108
549.7274,947.531,541.6057,936.1538,699852215835629,699852248356827
583.32947,910.92255,541.6057,936.1538,699852248460056,699852280363962
582.20593,922.4158,549.7274,936.1538,699852280471671,699852312427035
586.077,917.88995,582.20593,922.4158,699852312532973,699852343011879
581.62305,907.99976,581.62305,922.4158,699852343113077,699852380238390
603.9611,916.49457,582.20593,917.88995,699852380340525,699852410934223
597.0213,891.85754,582.20593,916.49457,699852411091515,699852442106723
529.00494,922.4758,582.20593,917.88995,699852442217921,699852474831514
559.73663,916.74634,582.20593,916.74634,699852475654483,699852508118442
503.68326,935.9376,559.73663,917.88995,699852508629952,699852540268702
532.1257,934.8062,559.73663,917.88995,699852540723442,699852572102660
566.8772,914.34155,559.73663,917.88995,699852581778442,699852617671254
593.6848,899.8398,559.73663,917.88995,699852617824171,699852658327139
566.68835,871.8252,566.68835,914.34155,699852674693806,699852718283494
535.46466,939.8256,559.73663,917.88995,699852719816619,699852754415941
581.3461,870.88654,566.68835,914.34155,699852754570369,699852787143285
578.34485,845.8451,566.68835,914.34155,699852787298337,699852825744171
581.84784,861.4281,578.34485,870.88654,699852825935056,699852859743546
582.6802,831.5896,578.34485,861.4281,699852859904066,699852893646202
537.8144,882.6345,578.34485,870.88654,699852893849900,699852923536827
553.90466,928.44684,578.34485,870.88654,699852923720837,699852955873337
575.67786,983.1859,575.67786,882.6345,699852956621462,699852989914275
576.3649,972.0594,576.3649,928.44684,699852990085733,699853022597764
568.09845,904.33966,575.67786,904.33966,699853022764066,699853056237348
587.04474,950.474,576.3649,928.44684,699853056350316,699853088287035
592.83777,984.0611,576.3649,928.44684,699853088442452,699853120452973
564.1239,927.2779,576.3649,928.44684,699853120624691,699853152669014
586.1852,891.3892,576.3649,928.44684,699853152805420,699853190838650
538.0764,976.2157,576.3649,928.44684,699853190939014,699853225043337
567.80774,950.54877,576.3649,928.44684,699853225224952,699853255727400
494.7202,1070.3291,567.80774,950.54877,699853255886566,699853290332920
577.77344,963.2491,576.3649,950.54877,699853290436566,699853322784952
555.6581,1005.4007,567.80774,963.2491,699853322955941,699853356987868
563.1142,949.02875,567.80774,950.54877,699853357166670,699853388265056
501.40714,949.6088,563.1142,950.54877,699853388699639,699853421816566
525.6292,1022.5539,563.1142,950.54877,699853421955264,699853452936618
533.52637,949.7246,533.52637,950.54877,699853453114900,699853487224327
556.2839,927.31683,556.2839,950.54877,699853487400577,699853519538545
524.3998,917.2724,533.52637,949.7246,699853519695368,699853551201045
508.85495,929.4674,533.52637,929.4674,699853551353806,699853581834535
534.50995,925.934,533.52637,929.4674,699853582496097,699853616633077
511.66632,936.5704,533.52637,929.4674,699853617923233,699853653343962
527.5904,932.6692,533.52637,929.4674,699853653452243,699853686561462
513.1447,903.74365,527.5904,929.4674,699853686694535,699853718242868
503.31604,984.3233,527.5904,929.4674,699853718352972,699853750113285
494.0546,982.37006,513.1447,929.4674,699853750336254,699853782538806
522.1966,997.8288,522.1966,982.37006,699853782647972,699853816551097
540.4402,999.6301,522.1966,982.37006,699853817576983,699853849218441
521.3654,1020.229,522.1966,997.8288,699853849615108,699853880916045
531.5229,904.35486,522.1966,982.37006,699853881000316,699853911864483
553.05505,935.5848,522.1966,982.37006,699853911947243,699853943185889
562.47296,961.706,531.5229,961.706,699853944713233,699853975785733
533.7453,945.21387,533.7453,961.706,699853975884743,699854008966983
500.05182,1024.0354,531.5229,961.706,699854009265785,699854039165212
558.7873,1037.6476,533.7453,961.706,699854044770368,699854079354899
541.0275,989.35114,533.7453,989.35114,699854080603389,699854111745889
516.04767,990.0386,533.7453,989.35114,699854112670576,699854143367503
490.3787,1002.9651,533.7453,989.35114,699854144623337,699854175708441
555.8963,1018.29114,533.7453,990.0386,699854176540056,699854208771253
505.90057,997.1497,533.7453,997.1497,699854220172503,699854254135368
494.3853,992.8244,533.7453,992.8244,699854254290576,699854290634587
494.18936,961.7639,505.90057,992.8244,699854290801305,699854324566514
510.52823,967.46643,510.52823,992.8244,699854324723910,699854359472451
465.46832,1048.7411,505.90057,992.8244,699854359635576,699854393388180
500.11905,957.16504,505.90057,992.8244,699854393496983,699854424434066
475.8657,955.1907,500.11905,992.8244,699854424584430,699854457967660
536.5025,963.9404,505.90057,963.9404,699854458073493,699854497846566
505.9678,997.59607,505.90057,992.8244,699854498011930,699854533830107
488.95297,978.0194,505.90057,978.0194,699854533979639,699854564468493
490.63876,1012.0512,505.90057,992.8244,699854565232347,699854601383337
539.2808,958.7648,505.90057,978.0194,699854601494587,699854631589639
521.4325,978.6133,505.90057,978.6133,699854631769951,699854662633962
523.1576,983.52466,521.4325,978.6133,699854662749170,699854694995732
536.8378,1042.7145,521.4325,978.6133,699854695096514,699854727842816
513.2267,1013.79974,521.4325,983.52466,699854727946409,699854757788076
504.30725,1015.29706,521.4325,1013.79974,699854757902451,699854790405628
568.59894,964.7167,521.4325,983.52466,699854790608180,699854821908337
523.18335,912.06116,521.4325,983.52466,699854822000316,699854855238076
537.853,953.10657,523.18335,964.7167,699854855326826,699854886713180
497.12405,951.014,521.4325,953.10657,699854886801670,699854917909430
554.7539,898.78375,523.18335,953.10657,699854918008545,699854950913336
503.47607,939.6024,521.4325,951.014,699854951039795,699854984813076
518.3438,900.30334,521.4325,939.6024,699854984902607,699855018875524
530.1326,983.9046,521.4325,951.014,699855018977399,699855049650368
539.277,947.27783,521.4325,947.27783,699855049816461,699855082595524
514.4848,952.30164,521.4325,951.014,699855084053909,699855117803441
527.8412,970.69293,521.4325,951.014,699855118223961,699855150155003
539.2039,951.42413,521.4325,951.42413,699855150274274,699855179475680
540.7565,906.55,527.8412,951.014,699855180295211,699855210913597
510.80573,918.14233,521.4325,951.014,699855211009743,699855241056357
546.8912,989.99243,527.8412,951.014,699855251687399,699855285333909
547.51495,1008.2267,527.8412,951.014,699855292404638,699855326346305
558.43115,992.506,546.8912,989.99243,699855326434482,699855357550628
552.8987,907.15796,547.51495,951.014,699855357728545,699855389565107
503.34277,981.44025,546.8912,981.44025,699855389662243,699855421349743
546.2741,973.4241,546.8912,973.4241,699855421504586,699855462995003
537.6017,1007.70526,546.2741,981.44025,699855463150784,699855492791670
532.33356,972.68634,546.2741,973.4241,699855492891878,699855527255680
525.05896,963.0262,537.6017,973.4241,699855527348857,699855557601617
535.2572,910.9216,535.2572,972.68634,699855558347763,699855588945784
547.655,883.0255,537.6017,963.0262,699855589037659,699855622068336
484.94394,945.5555,535.2572,945.5555,699855622185003,699855654105836
542.89526,908.25995,537.6017,945.5555,699855654189222,699855687286670
487.1918,931.7155,535.2572,945.5555,699855687389482,699855718648076
485.10358,942.5331,535.2572,942.5331,699855718761409,699855749913284
500.31677,911.3348,500.31677,942.5331,699855750005576,699855785186201
503.36078,931.2252,503.36078,942.5331,699855785346878,699855816850524
578.65234,877.39124,503.36078,931.2252,699855816952711,699855847131565
592.98834,904.282,503.36078,931.2252,699855848067190,699855876988492
587.474,892.8547,578.65234,904.282,699855879055419,699855912046149
597.01733,847.8807,587.474,904.282,699855912852607,699855947430107
580.92523,873.88525,580.92523,892.8547,699855947507607,699855978191201
592.736,870.4144,587.474,873.88525,699855978343649,699856012170732
549.8941,882.84406,580.92523,882.84406,699856013488961,699856043405055
569.18115,873.00824,580.92523,873.88525,699856043790576,699856077174482
572.28595,910.22266,572.28595,882.84406,699856077919690,699856111763024
578.2748,921.7415,578.2748,882.84406,699856111914586,699856148345315
572.2902,911.24347,572.2902,910.22266,699856148525315,699856184331669
527.8066,939.77814,572.2902,911.24347,699856184421982,699856219336930
547.52075,892.9413,572.2902,910.22266,699856219456669,699856253521669
632.5254,889.1714,572.2902,910.22266,699856253705055,699856288156461
627.90656,783.7449,572.2902,892.9413,699856288237607,699856318963128
587.7943,794.4598,587.7943,889.1714,699856319126930,699856349387138
573.9264,868.3814,573.9264,868.3814,699856349549378,699856381797919
576.85614,865.872,576.85614,868.3814,699856382455003,699856419354430
577.0727,836.9766,576.85614,868.3814,699856419455159,699856450647242
563.6875,896.7119,576.85614,868.3814,699856450786982,699856487414586
603.3922,846.52716,576.85614,868.3814,699856487582763,699856520423753
583.1188,836.6316,576.85614,868.3814,699856520592450,699856553389221
563.667,848.1381,576.85614,848.1381,699856553478648,699856591569065
605.94116,864.9352,576.85614,864.9352,699856591672763,699856630418232
584.12964,858.3932,576.85614,858.3932,699856630586357,699856662835107
603.3849,861.7281,584.12964,861.7281,699856663002294,699856696746461
587.351,838.379,584.12964,858.3932,699856696907242,699856730419325
544.2698,935.5263,584.12964,861.7281,699856730520627,699856763497815
568.36743,935.64734,584.12964,861.7281,699856763697398,699856796259898
607.1423,931.4155,584.12964,931.4155,699856796412346,699856826786357
597.3934,943.4597,584.12964,931.4155,699856826919325,699856868617502
562.7612,922.1626,584.12964,931.4155,699856868705732,699856899082242
593.52277,915.3757,584.12964,931.4155,699856899239638,699856929986877
580.12115,873.9774,584.12964,922.1626,699856930167242,699856961456357
612.62177,880.9287,584.12964,915.3757,699856961630054,699856999762867
599.96826,907.42773,584.12964,907.42773,699856999984742,699857034330888
593.3037,933.8581,593.3037,915.3757,699857034518023,699857064868127
561.96484,934.54535,584.12964,915.3757,699857065027815,699857097771044
558.97394,961.3791,584.12964,933.8581,699857097880940,699857131468231
607.5904,880.1258,584.12964,915.3757,699857131647711,699857166459638
604.2584,885.3452,584.12964,915.3757,699857166649169,699857198237867
610.29266,895.7628,604.2584,895.7628,699857198395627,699857229439690
626.81854,868.6485,604.2584,895.7628,699857229565159,699857261790159
631.85406,887.7491,610.29266,895.7628,699857261953023,699857295712138
633.9992,917.0197,626.81854,895.7628,699857295960783,699857338964846
605.18945,936.49615,610.29266,895.7628,699857339066200,699857376337033
627.269,839.84436,626.81854,895.7628,699857376488700,699857409257138
630.4228,815.6552,626.81854,895.7628,699857409400731,699857448485158
597.4757,885.76587,626.81854,885.76587,699857448664690,699857481145211
634.97723,921.98047,626.81854,895.7628,699857481252815,699857513240367
633.26965,925.59357,626.81854,895.7628,699857514467450,699857544916877
606.3826,934.7907,626.81854,921.98047,699857547896408,699857578730419
601.3824,887.49915,626.81854,895.7628,699857578880263,699857613013752
610.5752,914.56396,610.5752,914.56396,699857614062346,699857645346617
621.0678,900.7277,621.0678,900.7277,699857646450106,699857679818231
607.6562,937.60095,610.5752,914.56396,699857682061929,699857717307554
628.0571,905.4134,621.0678,905.4134,699857717385992,699857753283648
638.9337,872.141,621.0678,905.4134,699857753375992,699857786999481
575.7226,892.1472,621.0678,905.4134,699857787106096,699857822579690
597.48785,912.48694,621.0678,905.4134,699857823447502,699857856400627
617.0419,913.39496,617.0419,905.4134,699857856551512,699857888510679
622.85,949.75336,621.0678,912.48694,699857888631200,699857921681096
597.1416,903.9775,617.0419,905.4134,699857921773127,699857954198179
606.6224,886.7627,617.0419,905.4134,699857954304689,699857987213544
654.47003,926.7755,617.0419,905.4134,699857987281044,699858024905262
637.7958,903.88135,617.0419,905.4134,699858025260523,699858059226877
630.0204,875.52075,630.0204,905.4134,699858059323387,699858094769117
605.8098,915.20605,617.0419,905.4134,699858094936617,699858130255471
623.4608,873.9203,623.4608,905.4134,699858130417710,699858170777189
625.2567,818.354,623.4608,905.4134,699858170919585,699858206267241
589.58765,918.04913,623.4608,905.4134,699858206416408,699858253113700
623.51917,881.7234,623.4608,905.4134,699858253205158,699858287754012
606.924,880.1318,623.4608,905.4134,699858287869012,699858323499741
637.13727,896.89935,623.4608,896.89935,699858323583908,699858360334637
617.06226,886.3012,623.4608,896.89935,699858360528179,699858393032866
648.0969,843.5764,623.4608,896.89935,699858393137502,699858429086043
596.2212,895.9019,623.4608,895.9019,699858429182710,699858462113543
605.49194,853.17163,623.4608,895.9019,699858462282189,699858498687554
624.86884,883.3267,623.4608,895.9019,699858498905991,699858533936721
640.50433,870.4499,623.4608,883.3267,699858534070106,699858568038804
608.07916,937.7065,623.4608,895.9019,699858568141408,699858601325887
611.572,920.0414,623.4608,895.9019,699858601438439,699858638433231
628.3179,908.3116,623.4608,908.3116,699858638527762,699858669766825
626.57983,902.9554,623.4608,902.9554,699858669886564,699858701640366
615.7031,937.52075,623.4608,908.3116,699858701746564,699858735866564
615.5453,922.38116,623.4608,908.3116,699858735955470,699858772242241
644.37164,938.9147,623.4608,922.38116,699858772385523,699858807206772
629.7388,888.2279,623.4608,908.3116,699858807320262,699858839965783
629.52313,936.7692,629.52313,922.38116,699858840178647,699858870103700
608.4723,928.3215,623.4608,922.38116,699858870930783,699858901952345
649.1581,937.3257,629.52313,928.3215,699858902050627,699858935685470
644.9673,1002.2262,629.52313,928.3215,699858935804689,699858966973752
593.9982,949.8522,629.52313,937.3257,699858967076200,699858998597814
592.5056,922.032,629.52313,928.3215,699858998688491,699859031039741
623.9216,886.78345,623.9216,928.3215,699859031198283,699859063285522
583.254,938.0329,623.9216,928.3215,699859063373595,699859096122189
586.0256,965.3227,623.9216,928.3215,699859096239064,699859128882606
614.77765,943.1003,614.77765,938.0329,699859129003179,699859161789793
527.86316,1042.0824,614.77765,943.1003,699859161911304,699859197566147
367.80878,1632.8188,614.77765,943.1003,699859197674324,699859235834637
367.71448,1779.7968,527.86316,1042.0824,699859235943804,699859276975679
533.0316,1370.9059,533.0316,1370.9059,699859277073491,699859308638283
619.42505,952.1392,533.0316,1042.0824,699859308818908,699859341420210
601.3714,974.2079,533.0316,1042.0824,699859341622866,699859376521720
584.1508,803.4677,584.1508,974.2079,699859376737658,699859409167606
597.6801,856.5938,584.1508,974.2079,699859409354793,699859443447085
595.5567,881.18774,584.1508,881.18774,699859443604429,699859483777189
631.6654,834.2046,595.5567,881.18774,699859483876303,699859517101720
618.40533,874.405,595.5567,881.18774,699859517549116,699859548795210
678.5051,871.5596,618.40533,874.405,699859548929272,699859584868647
687.35614,890.5387,618.40533,881.18774,699859585794481,699859618191460
697.3473,875.6797,678.5051,875.6797,699859618792085,699859650953126
684.66266,903.2813,684.66266,881.18774,699859651269116,699859713418960
687.0165,860.3626,684.66266,875.6797,699859713505053,699859746819480
656.2411,933.4725,684.66266,881.18774,699859747000053,699859783784064
696.09796,860.2913,684.66266,875.6797,699859784495574,699859817762970
635.8475,924.34576,684.66266,881.18774,699859817856355,699859849068699
654.33905,903.7612,684.66266,881.18774,699859849593074,699859881303439
667.43726,876.8622,667.43726,881.18774,699859881778855,699859912224897
677.3192,867.42975,677.3192,881.18774,699859917848803,699859952682032
655.0874,889.8604,667.43726,881.18774,699859952867501,699859982469480
670.0496,833.4447,670.0496,881.18774,699859982770210,699860016202137
670.1849,867.02625,670.0496,881.18774,699860016332397,699860050056407
665.6017,878.56244,670.0496,878.56244,699860050520522,699860085351043
670.3124,856.6528,670.0496,878.56244,699860085507762,699860119653647
654.5365,837.25854,670.0496,878.56244,699860119889480,699860150195730
619.87897,897.58344,670.0496,878.56244,699860150305626,699860193611095
642.0614,943.0488,654.5365,878.56244,699860193728959,699860232987657
653.701,866.4345,653.701,878.56244,699860233938855,699860267062241
623.63153,894.73694,653.701,878.56244,699860267203126,699860299189532
627.92664,882.3944,653.701,878.56244,699860299295887,699860334447397
632.5791,846.20355,632.5791,878.56244,699860334617553,699860374435261
642.83777,836.29645,642.83777,878.56244,699860374556147,699860408911043
603.3944,888.5572,632.5791,878.56244,699860409068022,699860439657605
636.3697,855.75653,636.3697,878.56244,699860439744064,699860470054272
634.0392,851.02423,634.0392,878.56244,699860470210886,699860502719220
653.6321,860.9457,636.3697,860.9457,699860502926876,699860532373282
646.30853,794.6361,636.3697,860.9457,699860532470574,699860566295105
630.0283,883.4325,636.3697,860.9457,699860566445626,699860601142449
591.8955,929.0335,636.3697,860.9457,699860601320678,699860635041980
651.8069,903.86444,636.3697,883.4325,699860635215522,699860669377501
649.3608,888.21204,636.3697,888.21204,699860669591511,699860703296095
610.63995,936.79333,636.3697,888.21204,699860703393595,699860734702241
617.9368,846.4355,636.3697,888.21204,699860734853491,699860766639168
638.0363,811.1455,636.3697,888.21204,699860766778074,699860800186511
629.63965,838.7957,636.3697,846.4355,699860800350053,699860834475834
601.4338,884.33514,636.3697,884.33514,699860834620886,699860871508282
603.57874,890.13403,629.63965,884.33514,699860871645522,699860903174793
611.0299,842.96857,611.0299,884.33514,699860903324949,699860935304063
589.52295,944.7753,611.0299,884.33514,699860935422032,699860966636511
651.5046,862.74146,611.0299,884.33514,699860966807918,699860999069897
639.68024,845.8979,611.0299,884.33514,699860999229376,699861034469949
630.6407,754.3201,630.6407,862.74146,699861034621667,699861066965938
614.3448,859.108,614.3448,859.108,699861067144480,699861100967865
627.0946,876.472,627.0946,862.74146,699861101141095,699861152464949
641.6578,936.12256,627.0946,862.74146,699861152566042,699861183953230
662.2761,889.46747,627.0946,876.472,699861185318282,699861217129428
670.5865,889.4996,641.6578,889.46747,699861218377449,699861250445938
667.2091,905.43396,662.2761,889.46747,699861259973178,699861294885678
653.42084,914.574,653.42084,889.4996,699861294978230,699861329354636
624.05554,860.97565,653.42084,889.46747,699861329448647,699861367374532
637.28253,908.70123,653.42084,889.4996,699861367528699,699861398073438
641.6019,874.41455,641.6019,889.46747,699861398234897,699861431685626
630.1682,917.02277,641.6019,889.4996,699861431812292,699861466386146
640.5993,872.06006,641.6019,889.46747,699861466568855,699861502350990
655.6287,819.58856,641.6019,889.46747,699861502526511,699861535128646
662.0826,819.7627,641.6019,872.06006,699861535266042,699861566389688
584.4857,1027.613,641.6019,889.46747,699861566538490,699861598917032
362.6345,1588.0297,641.6019,889.46747,699861599094428,699861644862344
374.03876,1866.8619,584.4857,1027.613,699861644932917,699861676581407
526.43835,1090.131,526.43835,1090.131,699861676690469,699861706342136
589.0072,834.839,584.4857,1027.613,699861706484167,699861737933959
599.19403,917.5537,584.4857,1027.613,699861738137605,699861774762136
571.5808,781.51166,584.4857,917.5537,699861774856876,699861806555209
615.51514,755.70557,584.4857,917.5537,699861806699948,699861839605990
607.2385,779.69727,584.4857,781.51166,699861839715365,699861871693334
612.74,804.132,607.2385,804.132,699861871863021,699861903578334
614.5955,863.32684,607.2385,804.132,699861903718073,699861934523959
603.61346,823.67395,607.2385,804.132,699861934682136,699861965908907
602.94635,917.81885,607.2385,823.67395,699861966969688,699861998232813
613.41534,874.67737,607.2385,823.67395,699861998405365,699862034359375
632.6956,842.51575,607.2385,842.51575,699862034519167,699862068732865
654.77313,878.7076,613.41534,842.51575,699862068865417,699862103834011
648.7551,855.17975,632.6956,842.51575,699862103957552,699862141949740
664.0995,837.3766,648.7551,842.51575,699862142042292,699862172827500
664.4925,848.3034,648.7551,842.51575,699862173000625,699862203381511
627.9263,895.48486,648.7551,842.51575,699862203559792,699862234335730
662.9151,862.27594,648.7551,848.3034,699862234500730,699862268225521
625.7055,885.0485,648.7551,862.27594,699862268397084,699862299789323
649.6073,852.9746,648.7551,852.9746,699862299923073,699862335473907
652.4142,769.31055,648.7551,852.9746,699862335605990,699862367370834
622.8152,877.4119,648.7551,852.9746,699862367552865,699862404259011
639.38794,847.755,648.7551,852.9746,699862404351198,699862440502917
626.68176,881.7192,639.38794,852.9746,699862440685417,699862472216459
658.5256,879.43634,648.7551,852.9746,699862472322552,699862502358125
645.77515,855.68677,645.77515,855.68677,699862502472813,699862535821771
642.2921,796.94525,645.77515,852.9746,699862535924636,699862566097604
613.219,766.9811,645.77515,852.9746,699862566201875,699862602836823
609.1513,807.6108,642.2921,807.6108,699862602953854,699862636502761
626.7038,809.97064,626.7038,809.97064,699862636586198,699862668964740
677.95715,871.3852,642.2921,809.97064,699862669144636,699862699916771
599.5998,882.2172,626.7038,809.97064,699862700140209,699862732213698
659.4143,861.1094,642.2921,861.1094,699862732380104,699862769262083
633.2948,830.93866,633.2948,830.93866,699862769357656,699862804252969
647.3144,870.50977,642.2921,861.1094,699862804352552,699862838880521
634.43445,890.947,634.43445,861.1094,699862839041563,699862869753958
622.45776,835.57294,634.43445,861.1094,699862869946094,699862901106979
642.79913,834.0959,634.43445,861.1094,699862901220000,699862935575156
633.55914,831.85986,634.43445,835.57294,699862935698698,699862966304375
630.1834,836.082,634.43445,836.082,699862966408490,699862998586979
629.18787,871.4785,633.55914,836.082,699862998693594,699863029838073
644.3404,854.9923,634.43445,836.082,699863030020156,699863063741510
624.2227,846.51373,633.55914,846.51373,699863065195104,699863098594323
646.7451,867.87756,634.43445,846.51373,699863098700156,699863129188646
645.4024,855.7552,634.43445,846.51373,699863129372500,699863162228698
640.3519,918.64825,640.3519,855.7552,699863164504115,699863198369844
623.49384,889.67084,634.43445,855.7552,699863198553021,699863233418698
599.05756,889.97186,634.43445,889.67084,699863233601823,699863263704323
614.8247,879.72296,623.49384,879.72296,699863263864531,699863294897812
609.68414,872.7964,614.8247,879.72296,699863295031719,699863330432969
607.5717,884.97327,614.8247,879.72296,699863330614479,699863368243490
573.18335,910.02765,609.68414,879.72296,699863368352187,699863402856354
604.84656,839.3125,607.5717,879.72296,699863402941250,699863435045885
618.6365,894.775,609.68414,879.72296,699863435242500,699863469575052
612.3051,850.0963,609.68414,879.72296,699863469661094,699863507329219
592.2122,916.48395,609.68414,879.72296,699863507434167,699863547218021
610.833,879.4432,609.68414,879.72296,699863547292760,699863579591354
582.0226,849.3161,609.68414,879.72296,699863579681302,699863616791666
581.04266,860.3268,609.68414,879.4432,699863616867239,699863653777396
599.2183,805.1012,599.2183,860.3268,699863654313906,699863690993854
614.13934,869.7232,609.68414,869.7232,699863691098229,699863726203333
616.3576,855.0251,609.68414,860.3268,699863726365156,699863759700104
637.2481,910.86035,614.13934,869.7232,699863759877916,699863798898750
632.14813,858.68036,616.3576,860.3268,699863799033958,699863829534948
639.22675,765.79065,632.14813,860.3268,699863829703385,699863864347031
618.2481,861.6441,618.2481,860.3268,699863864450104,699863899269583
629.83075,845.0844,629.83075,860.3268,699863899390937,699863933816041
607.1933,871.43384,618.2481,860.3268,699863934001354,699863967214166
574.8801,905.96936,618.2481,860.3268,699863967429791,699864010326250
627.3754,845.0732,618.2481,860.3268,699864010402500,699864044783906
611.28064,880.4793,618.2481,860.3268,699864044874114,699864082455000
588.90485,900.4175,618.2481,860.3268,699864082591979,699864118924375
602.39954,869.88824,611.28064,869.88824,699864120222812,699864152648698
601.14685,823.29144,602.39954,860.3268,699864152830312,699864185464635
604.09735,835.1564,604.09735,860.3268,699864185542395,699864219824114
612.44403,821.73456,604.09735,835.1564,699864219919791,699864253436510
630.93616,840.7591,604.09735,840.7591,699864254116875,699864287822031
645.25885,774.3858,612.44403,835.1564,699864287892708,699864319497135
596.64746,885.84753,604.09735,840.7591,699864319568958,699864362130052
609.19135,898.9592,609.19135,840.7591,699864362241145,699864396109947
632.0219,899.4483,609.19135,885.84753,699864396272343,699864432791666
629.56866,817.5518,609.19135,840.7591,699864432902395,699864469359427
639.4779,772.4315,629.56866,840.7591,699864469445677,699864504371718
644.1092,788.5979,629.56866,817.5518,699864505916041,699864539169114
624.618,876.81335,629.56866,840.7591,699864539295624,699864571158385
635.1556,878.0228,629.56866,840.7591,699864571274270,699864604682604
604.52216,809.1541,629.56866,840.7591,699864604764739,699864635748489
651.33636,853.0144,629.56866,840.7591,699864635845677,699864688778645
618.2059,898.3387,629.56866,840.7591,699864688900052,699864726424687
634.9251,869.56915,629.56866,853.0144,699864726578749,699864762334374
605.30524,814.8061,629.56866,840.7591,699864762461510,699864795684791
615.51434,906.61804,629.56866,853.0144,699864795837760,699864829402916
630.03735,889.9007,629.56866,853.0144,699864829564583,699864861905572
622.6524,865.4538,629.56866,865.4538,699864862079791,699864895193749
646.4078,827.98883,629.56866,853.0144,699864895358020,699864928631301
632.5636,820.1152,629.56866,853.0144,699864928808228,699864969819270
642.5552,841.52875,632.5636,841.52875,699864970004583,699865001473124
625.10535,809.8291,629.56866,841.52875,699865001580676,699865036103385
621.6591,839.7884,629.56866,841.52875,699865036199999,699865068174322
633.1125,847.8696,629.56866,841.52875,699865068272395,699865101989635
638.46155,825.4378,629.56866,841.52875,699865102083124,699865132213333
642.8324,824.45685,633.1125,841.52875,699865132382239,699865167400312
652.5097,779.5005,638.46155,825.4378,699865167518645,699865201169895
655.054,812.10815,642.8324,824.45685,699865201287708,699865231378541
660.76996,800.1788,652.5097,812.10815,699865231647343,699865263277968
626.683,832.50684,642.8324,824.45685,699865263462603,699865297377916
625.46497,843.0399,642.8324,824.45685,699865297543645,699865337356197
623.8044,847.6453,626.683,832.50684,699865337479583,699865371224582
626.7461,820.91547,626.7461,824.45685,699865371363749,699865402076614
620.7206,844.6451,626.683,832.50684,699865402172707,699865436214791
647.3046,815.17847,626.7461,824.45685,699865436317760,699865468128124
628.1275,890.1474,626.7461,832.50684,699865468226822,699865515802030
653.514,828.7047,628.1275,828.7047,699865515876353,699865549282395
632.5273,884.6315,628.1275,832.50684,699865549367343,699865582553384
629.0597,848.695,629.0597,832.50684,699865582717968,699865618339114
618.1312,847.73444,628.1275,847.73444,699865618434270,699865651491822
610.5176,827.5419,628.1275,832.50684,699865651581197,699865686153384
637.12427,792.2186,628.1275,832.50684,699865686297187,699865720616353
628.84784,886.6534,628.1275,832.50684,699865720781822,699865754497239
653.25616,793.4949,628.84784,832.50684,699865754602395,699865790513124
613.17834,876.53503,628.1275,832.50684,699865792359478,699865824615416
608.5779,838.03125,628.1275,832.50684,699865824759322,699865858318228
618.20776,849.3589,618.20776,838.03125,699865858487864,699865894541926
603.45056,837.44275,618.20776,837.44275,699865894705884,699865928435103
615.8238,839.2036,618.20776,838.03125,699865928543384,699865961609947
629.25323,864.0986,618.20776,838.03125,699865962176197,699865996815051
620.8358,857.0998,618.20776,839.2036,699865996909634,699866032884426
620.9088,863.6998,620.8358,857.0998,699866032982291,699866066825572
622.4932,857.4702,620.8358,857.0998,699866066922655,699866099359270
633.17004,858.92377,620.9088,857.4702,699866099455051,699866159343645
659.46857,838.5312,622.4932,857.0998,699866159444426,699866192240884
640.77924,861.1132,633.17004,857.4702,699866192394218,699866225473020
616.2434,852.5243,622.4932,857.0998,699866225606874,699866258940311
618.46216,897.90216,622.4932,857.4702,699866259080936,699866293629478
627.1488,860.33417,622.4932,857.4702,699866293787551,699866327327551
648.86194,821.94006,622.4932,857.4702,699866327440728,699866359020415
626.1941,833.0573,626.1941,857.4702,699866359114738,699866394716093
637.7195,907.07074,626.1941,857.4702,699866394889634,699866428219009
629.078,810.5561,626.1941,857.4702,699866428328540,699866465407290
630.51025,782.75653,629.078,857.4702,699866465508280,699866498266717
639.92285,890.9327,629.078,857.4702,699866498367603,699866530925155
657.9518,906.1343,630.51025,857.4702,699866531024478,699866564869895
620.1674,857.00934,629.078,857.4702,699866564959634,699866597326301
646.31903,917.8087,630.51025,857.4702,699866597432655,699866629928488
638.9718,820.17505,630.51025,857.4702,699866630024999,699866665178280
611.2235,837.65314,630.51025,857.4702,699866665288176,699866700333280
619.1403,844.40576,630.51025,844.40576,699866700470832,699866733539426
626.5735,852.3975,626.5735,852.3975,699866733681561,699866764694999
621.1744,865.0782,626.5735,852.3975,699866764803801,699866799737134
613.73083,898.02246,626.5735,852.3975,699866801077707,699866841953697
623.7682,867.33716,623.7682,865.0782,699866842119374,699866876900780
623.70917,814.2924,623.7682,852.3975,699866877826978,699866917580832
619.00275,885.8256,623.7682,865.0782,699866918126353,699866976253853
631.27106,872.93335,623.7682,865.0782,699866976365415,699867011704061
644.00665,850.39825,623.7682,865.0782,699867011800936,699867045783176
662.6186,785.4815,631.27106,865.0782,699867045937863,699867079738228
650.93286,831.91656,644.00665,850.39825,699867079836665,699867111725676
626.89044,837.3236,631.27106,837.3236,699867112857238,699867144654946
621.0445,863.3844,631.27106,850.39825,699867145220311,699867177189946
653.2649,821.6873,631.27106,837.3236,699867184981873,699867224635415
647.8541,827.2108,631.27106,837.3236,699867224738280,699867257989790
662.11646,815.7673,647.8541,827.2108,699867258128905,699867293013019
617.8264,834.1994,631.27106,834.1994,699867293178436,699867329861248
633.7207,845.5948,633.7207,834.1994,699867329960519,699867363973540
618.7115,800.59717,631.27106,834.1994,699867364124634,699867396693436
616.7667,809.2843,631.27106,834.1994,699867396802915,699867431072134
618.30505,846.78156,618.7115,834.1994,699867431702030,699867468979686
617.2738,830.37714,618.30505,834.1994,699867469593540,699867505958175
651.9368,847.9786,618.7115,834.1994,699867506163696,699867542759738
638.8569,825.88586,618.7115,834.1994,699867542884165,699867574811405
651.9771,803.9932,638.8569,834.1994,699867576878071,699867612115936
634.5331,744.348,634.5331,825.88586,699867618679894,699867657880571
643.53156,721.425,638.8569,803.9932,699867659184321,699867695937915
643.5225,724.33545,638.8569,744.348,699867696059217,699867729053384
599.15265,873.5739,638.8569,803.9932,699867729152915,699867763313175
604.9831,838.81335,638.8569,803.9932,699867763820675,699867797120050
634.1612,802.9022,634.1612,803.9932,699867797317654,699867828231509
631.8483,776.62854,634.1612,803.9932,699867828327498,699867861447915
624.55383,771.6041,634.1612,802.9022,699867861546925,699867896871092
631.11694,814.1924,631.8483,803.9932,699867897808436,699867930887654
629.163,795.87616,631.11694,802.9022,699867931800936,699867967877134
606.9889,735.6349,631.11694,802.9022,699867967988696,699867999434477
633.20166,789.8055,631.11694,795.87616,699867999578384,699868030595415
623.64136,795.1686,631.11694,795.1686,699868030743800,699868064162550
629.9641,723.7668,631.11694,795.1686,699868064344113,699868098544894
612.5464,871.3723,629.9641,795.1686,699868098714477,699868135567081
629.49286,858.70123,629.9641,795.1686,699868135746092,699868168854529
607.2532,899.4063,629.49286,858.70123,699868168950831,699868203043852
617.36945,1012.7336,629.49286,858.70123,699868203135883,699868233261352
406.23285,1552.9071,617.36945,899.4063,699868233431665,699868263910675
366.6987,1873.882,617.36945,1012.7336,699868264096144,699868295578175
323.04623,1528.6578,406.23285,1528.6578,699868296607602,699868327751144
532.0902,674.9012,532.0902,1012.7336,699868327849321,699868361047186
521.76025,1054.4374,521.76025,1054.4374,699868361143696,699868393423123
600.84094,758.4354,532.0902,1012.7336,699868394323540,699868430471560
617.95026,672.9908,532.0902,1012.7336,699868431346404,699868461006977
636.0462,760.76843,600.84094,760.76843,699868461105519,699868494179633
607.37976,852.7108,607.37976,852.7108,699868494276092,699868528603383
629.388,799.9076,607.37976,799.9076,699868528840310,699868564950206
629.1672,843.71173,607.37976,843.71173,699868565096508,699868600323696
630.1441,848.8442,629.1672,843.71173,699868600484269,699868632233279
637.6677,763.91986,629.1672,843.71173,699868632330831,699868663213696
637.9033,760.81305,630.1441,843.71173,699868663394060,699868694287029
657.0589,833.66376,637.6677,833.66376,699868694643540,699868726570206
610.50183,850.57306,630.1441,843.71173,699868726660831,699868758676717
643.3098,830.15717,637.6677,833.66376,699868758780050,699868789939685
603.9889,928.6343,630.1441,843.71173,699868790076300,699868827654633
622.10895,894.78503,630.1441,843.71173,699868827759477,699868861593748
601.31476,915.92694,622.10895,894.78503,699868863219737,699868895740519
638.172,861.9413,630.1441,861.9413,699868895920675,699868935704998
638.6199,906.03314,630.1441,894.78503,699868935837081,699868968839425
678.00555,920.288,638.172,894.78503,699868968981248,699868999045831
649.2071,869.8468,638.6199,894.78503,699868999172602,699869029596612
578.30396,875.6745,638.172,894.78503,699869029752967,699869061350571
618.9394,916.7609,638.172,894.78503,699869061504633,699869095709373
637.2846,866.3038,637.2846,894.78503,699869095892966,699869125722498
630.8672,888.0553,637.2846,894.78503,699869125822810,699869158609321
652.1269,810.078,637.2846,888.0553,699869158721300,699869191030987
629.78375,806.75433,637.2846,888.0553,699869191128331,699869225686821
632.14197,770.6472,637.2846,810.078,699869225791091,699869257640519
648.51587,732.11755,637.2846,806.75433,699869257729321,699869289590258
647.9182,724.9011,637.2846,770.6472,699869289707133,699869332902498
599.0542,851.54645,637.2846,806.75433,699869333010518,699869368322966
614.26,850.19324,637.2846,806.75433,699869368409060,699869398491508
648.55194,814.82184,637.2846,814.82184,699869398613175,699869430993071
626.0645,833.73517,637.2846,814.82184,699869431119998,699869463617081
624.47076,823.1609,637.2846,814.82184,699869463799112,699869495874060
613.90295,804.9584,626.0645,814.82184,699869496132602,699869526019164
627.4801,819.7704,627.4801,814.82184,699869526129841,699869561867758
640.9028,815.1472,627.4801,814.82184,699869562046352,699869598673018
642.25385,811.121,627.4801,814.82184,699869598813539,699869630809789
639.3365,758.9588,639.3365,814.82184,699869630970727,699869662726404
648.64386,822.60754,639.3365,814.82184,699869662892498,699869695828487
682.73956,842.3508,639.3365,814.82184,699869695982550,699869727131664
670.75085,869.41956,648.64386,822.60754,699869727262914,699869759711352
655.18726,773.2134,655.18726,814.82184,699869759905050,699869801146768
647.9085,773.52875,648.64386,814.82184,699869801331300,699869836091560
608.312,874.8175,648.64386,814.82184,699869837483591,699869872508852
607.1833,786.6254,647.9085,814.82184,699869872583591,699869904798175
616.86237,805.6432,616.86237,814.82184,699869904913487,699869935788852
580.6554,803.42487,616.86237,805.6432,699869935944268,699869968575570
618.6496,807.9709,616.86237,807.9709,699869968734008,699870000950102
576.9402,802.55597,616.86237,805.6432,699870001059164,699870033471560
579.2383,845.6687,616.86237,807.9709,699870033661404,699870067114529
636.8535,713.48846,616.86237,805.6432,699870067241872,699870102367810
571.64886,821.91174,616.86237,807.9709,699870102495362,699870134798487
545.4808,858.2058,616.86237,807.9709,699870134992966,699870167176143
593.96765,854.51324,593.96765,821.91174,699870167298070,699870198961924
604.8573,848.70874,604.8573,848.70874,699870199050466,699870232083122
603.56366,779.1367,603.56366,821.91174,699870232251664,699870264392393
603.117,799.0179,603.56366,821.91174,699870264555154,699870298550674
584.16595,783.9791,603.56366,799.0179,699870298653174,699870330020362
539.79663,880.7403,603.117,821.91174,699870330121039,699870362104841
574.50806,860.8408,584.16595,821.91174,699870362242914,699870395201351
626.6021,769.4748,603.117,821.91174,699870395332341,699870431585622
589.68933,786.6689,589.68933,821.91174,699870431724945,699870461375935
572.1492,877.6396,589.68933,821.91174,699870461524008,699870492483591
601.7139,827.0681,589.68933,821.91174,699870492676143,699870526591351
611.82245,787.86505,589.68933,821.91174,699870526766664,699870561070310
578.52234,814.6583,589.68933,821.91174,699870561241091,699870595188799
623.02985,834.40643,589.68933,821.91174,699870595368956,699870628029841
622.4946,818.9503,589.68933,821.91174,699870628200049,699870662336403
632.4219,807.88885,622.4946,821.91174,699870662452914,699870693128330
583.75116,831.5297,589.68933,821.91174,699870693305205,699870725189580
627.6943,774.8322,622.4946,821.91174,699870725380101,699870760272653
637.33344,748.25116,622.4946,821.91174,699870760381768,699870794348903
623.96643,748.1275,623.96643,774.8322,699870794520310,699870826570882
636.96576,769.6405,623.96643,769.6405,699870826745570,699870859596195
625.6093,823.9406,623.96643,774.8322,699870859748226,699870893869060
594.318,914.6523,623.96643,774.8322,699870894048955,699870927844737
660.02985,852.98267,623.96643,823.9406,699870928118278,699870964768955
709.40906,806.2502,623.96643,806.2502,699870964970414,699870996658174
596.82227,830.47345,623.96643,823.9406,699870996867393,699871027155466
673.8068,768.5293,623.96643,806.2502,699871027327705,699871059955570
681.97217,814.27716,623.96643,814.27716,699871060154059,699871094661976
638.53595,830.28564,638.53595,814.27716,699871094828591,699871126895466
667.7349,857.06805,638.53595,814.27716,699871127985362,699871159654007
675.63336,888.0694,638.53595,830.28564,699871160256455,699871197596768
666.4552,864.04645,666.4552,857.06805,699871197698903,699871238821559
636.875,801.1172,638.53595,830.28564,699871238979320,699871271334632
623.09265,843.6249,638.53595,843.6249,699871272735361,699871302489007
600.336,809.77014,636.875,830.28564,699871306404945,699871337509164
630.01715,830.06976,630.01715,830.28564,699871338366507,699871375994580
617.68994,783.41656,630.01715,830.06976,699871376778018,699871407934111
645.09705,878.7308,630.01715,830.28564,699871408623122,699871438244424
661.81,791.4146,630.01715,830.06976,699871452758591,699871498202080
632.1501,833.05005,632.1501,830.28564,699871498380257,699871531917913
598.37616,830.86255,630.01715,830.28564,699871532132809,699871562364111
612.9126,880.0505,630.01715,830.86255,699871562531299,699871593345518
612.0808,891.9943,612.9126,830.86255,699871593512132,699871623015570
625.57196,861.4303,625.57196,861.4303,699871623951976,699871657205413
625.72516,900.8394,625.57196,861.4303,699871657300934,699871691032132
638.5354,816.83594,625.57196,861.4303,699871691125153,699871732774372
585.5227,959.0613,625.57196,861.4303,699871732856038,699871766805986
610.65356,870.4203,625.57196,861.4303,699871766972340,699871801237549
632.55054,779.55975,625.57196,861.4303,699871801306403,699871833585830
631.6797,848.0107,625.57196,861.4303,699871833696143,699871869276351
631.1163,815.2088,631.1163,848.0107,699871869376455,699871904114163
641.35004,834.5778,631.1163,848.0107,699871904287184,699871939468955
663.5668,804.8916,631.1163,834.5778,699871939652913,699871977433903
583.7657,937.0806,631.1163,848.0107,699871977531976,699872008757601
553.1231,927.26965,631.1163,848.0107,699872010666038,699872042937288
611.0496,869.9135,611.0496,869.9135,699872043465830,699872077530830
636.2019,880.8408,631.1163,869.9135,699872078409997,699872114242236
635.5613,867.40936,631.1163,869.9135,699872114321715,699872145971403
645.4685,846.44586,635.5613,869.9135,699872146056455,699872181608122
632.7405,854.83215,632.7405,867.40936,699872181804215,699872220642861
657.76404,757.40295,635.5613,854.83215,699872220898486,699872254597132
634.36224,813.714,634.36224,854.83215,699872254773538,699872298231976
663.1712,766.62683,635.5613,813.714,699872298335986,699872333547549
620.72955,847.09875,634.36224,847.09875,699872333748747,699872367723538
647.514,779.7806,635.5613,813.714,699872367809371,699872400481246
615.5404,868.3589,634.36224,847.09875,699872400575726,699872433865830
631.13196,903.17346,634.36224,847.09875,699872433955465,699872466479059
619.1313,846.78235,631.13196,847.09875,699872466586090,699872499832601
659.77246,796.54767,634.36224,847.09875,699872499937757,699872533619007
660.94885,774.8887,634.36224,846.78235,699872533703121,699872566409267
647.6651,898.25934,647.6651,847.09875,699872566482913,699872602247028
649.30597,768.8054,647.6651,846.78235,699872602419996,699872646343851
640.6794,833.75745,647.6651,846.78235,699872646432288,699872683994007
628.22284,823.8171,647.6651,833.75745,699872685086194,699872717837809
609.6611,814.8713,640.6794,833.75745,699872717940465,699872752130101
609.07227,804.42145,628.22284,823.8171,699872752270361,699872793429996
648.29047,762.83575,640.6794,814.8713,699872793655361,699872825387236
619.8343,815.7748,628.22284,815.7748,699872825507653,699872857062288
634.3155,820.3553,634.3155,815.7748,699872857223278,699872891621871
662.54065,773.6596,634.3155,815.7748,699872891737340,699872922984267
619.0409,887.27997,634.3155,815.7748,699872923162653,699872953717340
630.40607,721.9329,634.3155,815.7748,699872953911403,699872988209840
633.824,780.2048,633.824,815.7748,699872989049892,699873025135777
622.3719,850.5174,633.824,815.7748,699873025294371,699873057374788
576.6939,847.45776,633.824,815.7748,699873057528902,699873092688382
609.19696,817.58093,622.3719,817.58093,699873092866194,699873126454632
601.7001,812.5443,609.19696,815.7748,699873126617757,699873157856402
579.3523,836.4331,609.19696,817.58093,699873158838955,699873193251923
621.56647,777.74054,609.19696,815.7748,699873193353121,699873224869215
563.82056,764.9685,609.19696,815.7748,699873224994632,699873255455882
604.78296,765.3737,609.19696,777.74054,699873255619371,699873288306350
608.5592,793.5942,608.5592,793.5942,699873288400257,699873323301142
651.48444,781.0584,609.19696,781.0584,699873323487027,699873355377340
649.0712,823.5473,609.19696,793.5942,699873355551454,699873389288694
637.41644,805.43,637.41644,793.5942,699873389488850,699873426157757
638.4157,807.06433,637.41644,805.43,699873426342548,699873459930673
642.20465,772.12463,637.41644,793.5942,699873460151611,699873497949579
646.2882,745.163,638.4157,793.5942,699873498114111,699873531066506
574.7633,808.41376,637.41644,793.5942,699873531152548,699873565736454
644.96716,745.1059,638.4157,793.5942,699873565845413,699873614344892
610.80414,799.0236,637.41644,793.5942,699873614456871,699873657178277
612.16254,760.3188,637.41644,793.5942,699873657270673,699873691587913
624.2009,781.734,624.2009,793.5942,699873691789371,699873725010048
631.0573,857.6996,631.0573,793.5942,699873725111194,699873756340308
639.8425,789.787,631.0573,793.5942,699873756505673,699873790327183
584.1634,832.6989,631.0573,793.5942,699873790501871,699873824257340
560.4582,831.9421,631.0573,793.5942,699873824440881,699873857054944
559.76825,827.13257,584.1634,827.13257,699873857213902,699873897111298
560.8409,832.3571,560.8409,827.13257,699873897593017,699873928457183
571.90234,835.1691,571.90234,827.13257,699873928571246,699873960099058
577.4991,820.92584,571.90234,827.13257,699873960194319,699873990866871
573.22235,927.2932,571.90234,827.13257,699873990989527,699874025989683
604.7219,867.7739,573.22235,827.13257,699874026088121,699874061223694
591.7194,834.18884,573.22235,834.18884,699874061300204,699874103012287
573.83527,837.43396,573.83527,834.18884,699874103109162,699874136668850
618.9721,815.1149,573.83527,834.18884,699874136840308,699874170326142
615.4204,800.95233,573.83527,834.18884,699874170409996,699874202917808
607.8463,784.1066,607.8463,815.1149,699874203056975,699874237125517
608.90466,803.1398,607.8463,803.1398,699874237400256,699874271112079
639.55975,785.23413,607.8463,803.1398,699874271288485,699874305748381
565.60284,826.8364,607.8463,803.1398,699874307143381,699874337953485
618.74695,802.4183,607.8463,803.1398,699874338104214,699874371313485
595.32214,806.76117,607.8463,803.1398,699874371437392,699874405415569
590.9647,776.5235,607.8463,803.1398,699874408761506,699874445259579
586.776,766.8089,595.32214,803.1398,699874445348381,699874479512339
602.0473,855.7028,602.0473,803.1398,699874479584110,699874513037964
577.7614,882.96094,595.32214,803.1398,699874514597912,699874552760933
628.9881,762.228,602.0473,803.1398,699874552890829,699874585836506
600.46155,837.7936,600.46155,803.1398,699874585956141,699874620649944
616.6811,807.96014,602.0473,803.1398,699874620749371,699874651931194
583.60144,867.6052,600.46155,807.96014,699874652113433,699874683727287
573.1336,858.56433,600.46155,807.96014,699874683908381,699874717414996
593.7017,819.97516,593.7017,819.97516,699874717587652,699874752627027
585.172,859.7711,593.7017,819.97516,699874752818485,699874793243173
605.33997,844.5805,593.7017,819.97516,699874793424683,699874826610673
653.05054,825.6618,593.7017,825.6618,699874826702496,699874860824891
615.0317,778.50134,605.33997,819.97516,699874860920204,699874892817808
593.9195,852.37366,593.9195,825.6618,699874892906246,699874926273902
609.5551,862.5518,605.33997,825.6618,699874926372443,699874959512652
641.26715,797.8589,605.33997,825.6618,699874959608329,699874994557339
652.50726,730.8254,609.5551,825.6618,699874996071037,699875034169266
592.20416,809.4387,605.33997,809.4387,699875034519527,699875073103381
588.7116,808.87933,605.33997,809.4387,699875073192027,699875115233954
626.97974,811.81525,605.33997,809.4387,699875115357600,699875153295516
614.975,763.9363,605.33997,809.4387,699875153443589,699875197012912
629.6791,813.91327,614.975,809.4387,699875197101245,699875231054266
620.2993,802.11914,614.975,809.4387,699875231209110,699875265610725
613.11066,810.2074,614.975,809.4387,699875265767183,699875299050152
583.85913,809.4091,614.975,809.4387,699875299215204,699875333801402
587.3159,826.25616,613.11066,809.4387,699875333960308,699875365406245
583.2216,856.3302,587.3159,809.4387,699875365589006,699875401188902
623.33167,828.50275,613.11066,826.25616,699875401286454,699875434424683
619.3733,818.19214,613.11066,818.19214,699875434517756,699875467186558
590.3925,881.9286,613.11066,826.25616,699875467389474,699875503322912
606.344,841.2938,613.11066,826.25616,699875503412027,699875544693433
597.8953,774.1957,606.344,826.25616,699875544826297,699875579420933
613.9175,792.87805,613.11066,826.25616,699875580681610,699875622281506
619.4528,773.52527,613.11066,792.87805,699875622447704,699875655603745
586.94,771.87964,613.11066,792.87805,699875655734214,699875686984422
612.7642,809.2282,613.11066,792.87805,699875687095568,699875723695672
556.4376,839.6937,612.7642,792.87805,699875723790412,699875754882964
558.54364,814.7051,612.7642,809.2282,699875755050360,699875788190308
601.3005,757.7866,601.3005,792.87805,699875788275829,699875821454683
521.3312,808.0507,601.3005,808.0507,699875821624526,699875866359891
594.6549,792.0059,601.3005,792.87805,699875866547287,699875900434787
579.1776,834.6995,594.6549,808.0507,699875900601506,699875932901141
600.8546,830.7478,600.8546,808.0507,699875932999891,699875965425360
611.57697,819.28406,600.8546,819.28406,699875965557235,699875997588381
572.137,823.9752,600.8546,819.28406,699875997761506,699876038484735
629.84125,823.55756,600.8546,819.28406,699876038552547,699876070140047
615.97253,826.5411,600.8546,823.55756,699876072853901,699876103247130
626.7928,832.02454,615.97253,823.55756,699876104805099,699876137131141
588.0924,798.078,600.8546,823.55756,699876137214005,699876167821193
568.3238,808.4526,600.8546,823.55756,699876170783276,699876206052183
604.76324,754.6086,600.8546,808.4526,699876206141714,699876237110672
617.02344,1050.2943,600.8546,823.55756,699876239562964,699876274385516
384.23157,1501.9374,600.8546,823.55756,699876275874110,699876316368537
368.33627,1589.1587,600.8546,1050.2943,699876316458901,699876355225412
496.31848,789.0667,496.31848,823.55756,699876355332755,699876389729839
556.8598,915.9494,556.8598,915.9494,699876389824735,699876423800880
590.5065,812.9267,556.8598,823.55756,699876424443745,699876457352078
606.122,755.0729,556.8598,823.55756,699876458283224,699876491065099
640.43756,700.83527,590.5065,812.9267,699876491364214,699876533813901
623.87573,738.69354,606.122,755.0729,699876533918172,699876568404526
638.22064,750.93976,623.87573,750.93976,699876568577339,699876601184005
632.1581,759.7895,623.87573,755.0729,699876601277495,699876633830672
607.4686,825.1384,623.87573,755.0729,699876635262130,699876669484057
632.71234,772.42145,623.87573,759.7895,699876669638068,699876702744005
595.43463,791.71136,623.87573,772.42145,699876706804526,699876739048745
600.56335,829.3355,623.87573,772.42145,699876739129370,699876774153172
599.64044,788.88354,600.56335,788.88354,699876775834318,699876809736401
589.5648,833.43286,600.56335,788.88354,699876809821661,699876848829630
594.84454,802.52045,599.64044,788.88354,699876848973432,699876881185568
574.39276,858.5499,594.84454,802.52045,699876881350724,699876916406818
590.1284,836.9306,594.84454,802.52045,699876916574109,699876949202286
598.8984,867.8047,594.84454,836.9306,699876949362443,699876982943016
572.09467,883.588,594.84454,836.9306,699876983053745,699877014753641
604.5719,846.65173,594.84454,846.65173,699877015663432,699877049005568
582.74084,794.60156,594.84454,836.9306,699877049113588,699877082834213
622.3933,791.2656,594.84454,836.9306,699877082939786,699877114826297
643.5759,770.3213,594.84454,794.60156,699877114997495,699877147939838
652.2365,770.5896,622.3933,791.2656,699877148151818,699877179770568
646.5216,768.9939,643.5759,770.5896,699877179905932,699877215498953
610.019,797.7451,622.3933,791.2656,699877215684213,699877248379838
573.5873,905.04596,622.3933,791.2656,699877248513224,699877289240724
642.1417,772.55566,622.3933,791.2656,699877289364786,699877321469370
646.00507,749.6831,622.3933,791.2656,699877321582443,699877355004474
665.0127,744.559,642.1417,772.55566,699877355094265,699877387752599
642.12823,764.48364,642.12823,764.48364,699877387857130,699877422293588
660.23486,812.71173,642.1417,772.55566,699877422417755,699877455496661
667.8459,836.8517,642.1417,772.55566,699877455590672,699877508361505
665.17706,802.38,660.23486,802.38,699877508458120,699877544492651
683.5418,764.6619,665.17706,772.55566,699877544653640,699877579520567
647.0969,831.7983,660.23486,802.38,699877579671609,699877612051869
662.12866,789.63873,662.12866,789.63873,699877612196088,699877644199057
641.1273,764.9451,660.23486,789.63873,699877644363015,699877676840515
635.43787,855.2763,660.23486,789.63873,699877677986505,699877711376349
625.6231,816.10077,641.1273,789.63873,699877711528067,699877743492703
629.9438,804.0646,635.43787,804.0646,699877743594109,699877776535307
633.959,815.06146,633.959,804.0646,699877776674734,699877810064265
660.4073,818.2796,635.43787,804.0646,699877810226140,699877847737442
617.19745,841.7184,633.959,815.06146,699877847902234,699877880926921
578.6898,859.30396,633.959,818.2796,699877881035099,699877912202338
615.13184,781.5661,617.19745,815.06146,699877912304057,699877946036401
666.8047,747.1156,633.959,815.06146,699877946123328,699877990223588
616.92285,808.00464,617.19745,808.00464,699877990331036,699878022159994
656.1293,804.18164,633.959,808.00464,699878022341869,699878053347807
630.9885,750.0439,630.9885,808.00464,699878055401505,699878087443015
644.6113,792.9682,633.959,804.18164,699878087619057,699878119864317
626.0923,836.8541,630.9885,808.00464,699878120936036,699878151461869
639.0415,848.1657,633.959,808.00464,699878151562130,699878184381921
655.57385,806.60583,633.959,808.00464,699878184482807,699878216328119
661.4209,798.9299,639.0415,808.00464,699878216423067,699878248283328
622.73773,876.4874,633.959,808.00464,699878248375307,699878283064630
650.05035,942.45874,639.0415,808.00464,699878283171036,699878314786348
602.34076,1057.0886,633.959,876.4874,699878315387182,699878355656661
605.03357,1084.3215,633.959,942.45874,699878355848275,699878389158119
608.33734,1137.4841,608.33734,1057.0886,699878389343692,699878422259630
616.97314,1101.7161,616.97314,1084.3215,699878422466400,699878457766765
618.22723,1101.3939,616.97314,1101.3939,699878457882963,699878492142338
607.0662,1104.3528,616.97314,1101.3939,699878492231713,699878524167442
592.3472,1077.7175,616.97314,1101.3939,699878524330098,699878556349369
557.1481,1171.5154,607.0662,1101.3939,699878556497755,699878587016036
639.24603,1027.134,616.97314,1101.3939,699878587192130,699878620594890
623.1319,1055.3254,616.97314,1101.3939,699878620777390,699878656128380
644.10345,903.63837,623.1319,1055.3254,699878656233692,699878689089682
658.61804,860.90155,623.1319,1055.3254,699878689247025,699878719325202
662.5765,836.5636,644.10345,903.63837,699878719490879,699878751113171
640.4222,883.3742,640.4222,883.3742,699878751216036,699878788427286
654.9897,797.8563,644.10345,883.3742,699878788577494,699878820583119
584.3539,912.1044,640.4222,883.3742,699878820727546,699878854597182
667.38336,867.67206,644.10345,883.3742,699878854783223,699878886213067
628.3471,872.21924,640.4222,883.3742,699878886341504,699878917247234
657.6605,803.8388,644.10345,872.21924,699878917360359,699878953417181
637.72736,891.77295,640.4222,883.3742,699878954270619,699878985665150
672.3398,828.3039,644.10345,872.21924,699878985844004,699879015646140
673.3352,797.7928,644.10345,872.21924,699879015745775,699879048843015
665.27295,851.2162,665.27295,851.2162,699879048948275,699879081609056
636.9609,852.99506,644.10345,852.99506,699879081713119,699879117019161
667.1154,802.39825,665.27295,851.2162,699879117114108,699879156123171
672.86505,783.25165,665.27295,851.2162,699879156217077,699879190025150
679.5269,827.3357,667.1154,827.3357,699879190203223,699879228379369
672.97266,800.86414,672.86505,827.3357,699879228482911,699879261272025
662.5431,789.9144,667.1154,827.3357,699879261430098,699879292537077
667.99,815.2391,667.99,815.2391,699879292721452,699879326434108
672.2496,819.009,667.99,819.009,699879326606921,699879357377233
682.1329,800.597,667.99,815.2391,699879357537546,699879404772338
665.6559,775.9057,667.99,815.2391,699879404875358,699879437212806
658.28125,812.8944,667.99,812.8944,699879439069525,699879472136088
660.416,806.06464,665.6559,812.8944,699879472269160,699879503158535
597.8968,785.2784,660.416,812.8944,699879503297754,699879535879785
682.16296,788.2291,665.6559,806.06464,699879536820515,699879573066140
619.18646,767.177,660.416,788.2291,699879573216452,699879630920462
660.52576,806.91205,660.52576,806.06464,699879631028223,699879661741348
663.4053,772.1902,660.52576,788.2291,699879666574994,699879703709160
648.1958,797.1759,660.52576,797.1759,699879705578848,699879737644994
628.26526,976.66125,660.52576,797.1759,699879737728483,699879771393015
467.1324,1588.5513,648.1958,797.1759,699879773328275,699879804373796
426.70535,1659.771,628.26526,976.66125,699879804551400,699879836727962
424.74063,1261.6761,467.1324,1261.6761,699879836872598,699879868952754
574.44586,761.7228,574.44586,976.66125,699879869073952,699879909236921
595.52783,810.32776,574.44586,976.66125,699879909320462,699879941923014
567.0905,778.11725,574.44586,810.32776,699879942106973,699879974635671
558.84674,740.9952,574.44586,810.32776,699879974733744,699880008125931
600.46826,737.1512,574.44586,778.11725,699880008210514,699880042265254
614.8425,757.8126,574.44586,757.8126,699880042346191,699880077855931
631.5156,719.29767,600.46826,757.8126,699880077937441,699880112570046
628.86554,804.8729,614.8425,757.8126,699880112654004,699880146691816
614.164,833.5953,614.164,757.8126,699880146791296,699880189507025
594.3671,803.29095,614.164,803.29095,699880189597702,699880219993691
598.64246,803.7182,614.164,803.29095,699880220196816,699880252716764
627.24805,818.2623,614.164,803.29095,699880252886921,699880285079212
665.9935,777.53357,614.164,803.29095,699880285258431,699880317656712
643.2646,823.3732,627.24805,803.29095,699880317829368,699880348551035
657.30743,853.26544,643.2646,803.29095,699880348734993,699880383642233
645.7741,760.2439,643.2646,803.29095,699880383809941,699880418241712
604.11304,761.5547,643.2646,803.29095,699880418339837,699880455756660
622.4351,811.23584,643.2646,803.29095,699880455931139,699880486732025
651.1822,705.0263,643.2646,803.29095,699880486856764,699880517229004
663.7448,751.1368,643.2646,803.29095,699880517358639,699880550496712
652.3648,809.35394,651.1822,803.29095,699880550666400,699880583415306
644.17316,809.9156,644.17316,803.29095,699880583579004,699880617473743
652.38605,808.1553,651.1822,808.1553,699880618055879,699880647387545
608.96643,765.10614,644.17316,803.29095,699880647501504,699880678714577
630.31445,799.9459,644.17316,803.29095,699880678815097,699880712685358
626.24963,811.3636,630.31445,803.29095,699880712785670,699880746040566
620.33276,811.493,630.31445,803.29095,699880746144525,699880785701295
667.0733,794.8964,630.31445,803.29095,699880785850045,699880815254472
657.6146,809.1292,630.31445,803.29095,699880815407441,699880859242858
660.6022,831.05,657.6146,803.29095,699880859319629,699880890189472
666.29767,859.4326,657.6146,809.1292,699880890289368,699880927117493
654.3734,848.93024,657.6146,831.05,699880927287910,699880962093431
658.13617,783.7698,657.6146,809.1292,699880962165254,699880997098274
663.5584,837.26465,657.6146,831.05,699881000453587,699881031601660
646.6605,826.92834,657.6146,826.92834,699881033114681,699881063158222
650.9407,774.2672,657.6146,826.92834,699881064505983,699881095248326
625.4788,785.80774,650.9407,826.92834,699881096892337,699881128617285
621.1619,774.1904,650.9407,785.80774,699881131423535,699881163245410
613.2549,751.69086,625.4788,785.80774,699881163620826,699881195593691
607.9967,773.5864,621.1619,774.1904,699881197412285,699881228207962
614.98755,885.6656,614.98755,785.80774,699881228281504,699881261635045
596.3236,814.64856,614.98755,785.80774,699881265812024,699881295594837
595.52844,811.7228,614.98755,811.7228,699881297421660,699881326769837
597.0589,816.075,597.0589,811.7228,699881335272233,699881374931295
583.35504,815.35205,597.0589,811.7228,699881375025253,699881409494316
589.6951,817.30316,597.0589,815.35205,699881409580149,699881444102337
609.18176,743.9884,597.0589,811.7228,699881444202389,699881501259056
630.32635,807.7529,597.0589,811.7228,699881501365045,699881536566608
659.1003,780.2357,609.18176,807.7529,699881536667701,699881567023951
670.0017,818.66724,630.32635,811.7228,699881567778639,699881602273014
627.04645,816.3795,627.04645,811.7228,699881602403535,699881632694212
657.21857,821.7872,630.32635,816.3795,699881639878430,699881673498378
595.9152,781.14746,627.04645,811.7228,699881673643951,699881706838899
605.68787,749.1875,627.04645,811.7228,699881706925670,699881743660618
635.56604,760.43896,627.04645,781.14746,699881744591920,699881777302024
630.5173,780.4557,627.04645,780.4557,699881777458430,699881813071868
623.8422,799.4809,627.04645,781.14746,699881813187076,699881849315826
643.0677,798.7651,627.04645,781.14746,699881850238378,699881886784055
660.72,797.3535,627.04645,797.3535,699881886892753,699881917506764
647.5704,741.9401,643.0677,781.14746,699881917664837,699881950357857
623.17395,806.79065,627.04645,797.3535,699881950514785,699881981021191
644.94806,851.8201,643.0677,797.3535,699881981174420,699882014623118
651.00415,837.6832,643.0677,806.79065,699882014793326,699882048170566
654.9573,849.9512,644.94806,837.6832,699882048343222,699882085512284
632.3278,883.9161,643.0677,837.6832,699882085686243,699882117303951
637.7634,893.801,643.0677,849.9512,699882117501191,699882151744732
660.57007,827.3211,643.0677,837.6832,699882151863534,699882181797753
652.80634,823.38385,643.0677,837.6832,699882181967753,699882213185930
658.13007,800.45715,652.80634,827.3211,699882213298274,699882245882024
645.4561,784.04987,645.4561,823.38385,699882246019732,699882279694524
608.9811,861.959,645.4561,827.3211,699882279788482,699882311617128
595.18353,847.8726,645.4561,827.3211,699882311789159,699882345500566
614.26697,794.9539,614.26697,827.3211,699882345594264,699882378775670
625.47876,861.9608,625.47876,827.3211,699882378952180,699882414671138
619.78143,829.98816,619.78143,827.3211,699882414833170,699882444217857
609.1351,812.8915,619.78143,827.3211,699882444329628,699882478683430
621.8886,783.6933,619.78143,827.3211,699882478865618,699882516376711
588.77856,1170.1328,619.78143,827.3211,699882516561607,699882549378274
374.88486,1521.0435,619.78143,827.3211,699882549530513,699882580887128
343.92575,2052.166,588.77856,1170.1328,699882581005305,699882614439836
505.9388,1198.1604,505.9388,1198.1604,699882614606034,699882647695826
568.21814,620.86334,568.21814,1170.1328,699882647864472,699882680539472
616.675,880.58765,568.21814,1170.1328,699882680712388,699882711144055
636.5547,842.6854,568.21814,880.58765,699882711284732,699882744123690
619.7626,720.1418,616.675,880.58765,699882744264055,699882779201607
639.6795,765.21985,619.7626,842.6854,699882779367493,699882818939576
652.4912,845.04694,619.7626,845.04694,699882819035253,699882852374055
659.2879,891.20825,639.6795,845.04694,699882852534732,699882882528170
637.1106,908.6622,637.1106,845.04694,699882882699628,699882914130305
631.1466,898.2745,637.1106,891.20825,699882914291086,699882954034055
633.5023,874.593,637.1106,874.593,699882954150982,699882985243951
657.5951,800.9069,637.1106,874.593,699882985413847,699883019915670
650.2889,782.347,637.1106,874.593,699883020025513,699883060111972
638.4054,811.03296,638.4054,811.03296,699883060222128,699883096115982
677.69604,784.76904,638.4054,811.03296,699883096276347,699883127487128
658.14307,811.5595,638.4054,811.03296,699883127615669,699883158930930
629.812,822.5045,638.4054,811.03296,699883162063586,699883197079211
626.82074,854.3726,638.4054,811.5595,699883197170461,699883229384367
662.7975,780.3321,638.4054,811.03296,699883230484419,699883270422076
652.57806,872.8782,638.4054,811.5595,699883270512596,699883302832336
650.64325,866.14404,650.64325,811.5595,699883303470982,699883337037649
633.53265,861.9382,638.4054,861.9382,699883337122336,699883368423742
684.32446,789.6213,650.64325,811.5595,699883369089107,699883403707128
647.63446,894.2557,647.63446,861.9382,699883403812388,699883436779940
614.5497,885.18286,647.63446,861.9382,699883437153794,699883480658534
635.5408,904.4233,647.63446,885.18286,699883480834367,699883514639055
638.0036,902.5014,638.0036,885.18286,699883514745201,699883546944628
637.06305,885.7566,638.0036,885.7566,699883547040201,699883578867648
606.912,806.9168,638.0036,885.18286,699883579041711,699883613482284
614.52026,849.92926,637.06305,885.18286,699883613659263,699883645177753
664.8105,843.62427,638.0036,849.92926,699883645352544,699883677535617
648.41406,875.2891,638.0036,875.2891,699883677740930,699883722442909
655.82086,886.3477,648.41406,875.2891,699883722917075,699883754527909
650.1066,865.14075,648.41406,875.2891,699883754644784,699883791996555
654.28876,784.98376,650.1066,875.2891,699883792217805,699883827066346
671.2732,886.4743,650.1066,875.2891,699883827219159,699883861069836
623.352,804.5527,650.1066,875.2891,699883861226138,699883893865721
686.30615,795.9213,650.1066,875.2891,699883893960878,699883926725930
674.7148,827.083,650.1066,827.083,699883926810721,699883958581607
666.2109,828.6457,666.2109,828.6457,699883960654367,699883993740721
675.455,837.87286,666.2109,828.6457,699883994811867,699884029279784
641.3306,874.21906,666.2109,828.6457,699884029722648,699884064454419
646.85,868.5229,666.2109,837.87286,699884064629211,699884099779627
639.4227,876.7974,646.85,868.5229,699884099924055,699884131800825
637.58746,846.8404,646.85,846.8404,699884133673221,699884168124419
670.8821,819.303,646.85,846.8404,699884168204367,699884203554992
673.57104,845.54407,646.85,846.8404,699884203655929,699884241070825
602.1925,860.0915,646.85,846.8404,699884241171450,699884273799419
656.84845,810.8,646.85,846.8404,699884273958586,699884311154992
666.52466,831.22723,646.85,846.8404,699884311274367,699884346794367
699.8525,785.0805,656.84845,831.22723,699884346946919,699884377251971
700.13934,787.20374,666.52466,831.22723,699884377410669,699884411376086
688.6401,807.7564,688.6401,807.7564,699884411482023,699884445027388
706.29144,782.4085,688.6401,807.7564,699884445164836,699884478071138
669.36597,798.13916,688.6401,807.7564,699884478248481,699884510867127
613.0748,798.23285,688.6401,798.23285,699884511038481,699884546672700
610.81635,847.1479,669.36597,807.7564,699884546806711,699884581909783
642.6418,811.47095,642.6418,807.7564,699884582064940,699884615982492
632.3306,765.3722,642.6418,807.7564,699884616116190,699884650481815
611.8915,817.23376,642.6418,807.7564,699884650575200,699884681823690
642.71277,852.23004,642.6418,807.7564,699884681995929,699884717557336
651.2813,831.7906,642.6418,817.23376,699884717705513,699884751411658
684.70776,798.86804,642.71277,807.7564,699884751524940,699884784456554
678.51166,795.4386,651.2813,807.7564,699884784535408,699884819181085
609.28735,807.6859,642.71277,807.6859,699884819269523,699884854692335
581.2339,836.92004,642.71277,807.7564,699884854809419,699884887585981
563.99164,796.8167,609.28735,807.6859,699884887755252,699884919984315
561.1873,836.8634,581.2339,807.7564,699884920220513,699884951801242
590.50226,836.76587,590.50226,807.7564,699884951895565,699884984540460
596.8616,935.5664,590.50226,836.76587,699884984645825,699885017606971
573.834,863.1413,590.50226,836.76587,699885017716450,699885048252231
594.0762,835.0644,590.50226,836.76587,699885048425252,699885088274575
584.3634,890.6857,590.50226,836.76587,699885088428794,699885123429106
613.7955,854.7688,590.50226,836.76587,699885123531658,699885158657179
582.23535,838.48444,590.50226,838.48444,699885158838846,699885191504783
624.2285,819.8472,590.50226,836.76587,699885191675617,699885224409471
628.37994,790.17896,590.50226,836.76587,699885224510304,699885256804992
613.615,876.43506,613.615,836.76587,699885256888585,699885288547648
613.49677,849.18494,613.49677,836.76587,699885288653794,699885321329054
610.71454,893.8535,613.49677,849.18494,699885322188377,699885352516554
600.53253,820.82416,613.49677,836.76587,699885352676450,699885384696242
624.81696,832.75397,613.49677,836.76587,699885384815773,699885417358846
597.9346,829.52563,613.49677,832.75397,699885417484262,699885447680877
645.9556,813.37805,613.49677,832.75397,699885447777804,699885478359835
591.4392,807.11145,613.49677,829.52563,699885478469002,699885511972491
628.76556,829.4274,613.49677,829.4274,699885512185408,699885550297127
614.8823,838.1334,613.49677,829.52563,699885550392179,699885580390356
617.096,824.57776,614.8823,829.4274,699885580518689,699885613094054
633.5398,894.24927,614.8823,829.52563,699885613178794,699885644164991
677.91583,805.4206,617.096,829.4274,699885644341294,699885680302231
634.7687,799.52856,633.5398,829.4274,699885680455564,699885711712908
637.0118,823.30273,634.7687,823.30273,699885711898689,699885743961554
641.1878,796.15497,634.7687,823.30273,699885744175981,699885777335981
602.4541,874.3462,634.7687,823.30273,699885777521710,699885812133168
639.95197,829.42566,634.7687,823.30273,699885812278273,699885849850877
600.70795,810.50543,634.7687,823.30273,699885850686606,699885886994627
603.2734,797.2041,634.7687,823.30273,699885887207752,699885917718481
579.6551,888.481,603.2734,823.30273,699885917897960,699885951127387
630.8641,786.088,630.8641,823.30273,699885951288429,699885982631450
636.81586,787.8944,630.8641,823.30273,699885982715095,699886028539523
595.22266,821.77295,630.8641,821.77295,699886028627231,699886063910616
630.90656,849.93024,630.8641,823.30273,699886063994939,699886099058585
636.61884,793.457,630.8641,821.77295,699886099132960,699886134809054
624.02515,868.0005,630.8641,823.30273,699886134947647,699886167292075
591.18726,873.5784,630.8641,823.30273,699886167446137,699886199290460
605.08215,771.9443,624.02515,823.30273,699886199657127,699886233950981
643.03046,810.2857,630.8641,823.30273,699886234664679,699886267483220
653.8726,783.70087,630.8641,810.2857,699886267613741,699886302681814
583.41797,844.39105,630.8641,823.30273,699886302797127,699886336131970
634.8439,768.2972,630.8641,810.2857,699886336278637,699886370039835
645.2385,799.33215,630.8641,810.2857,699886370188897,699886405674418
617.1566,797.03046,630.8641,799.33215,699886405843533,699886438434783
668.88635,804.6335,630.8641,804.6335,699886438599470,699886470788689
670.6738,817.00684,630.8641,804.6335,699886470957231,699886504934731
681.00073,837.48395,668.88635,804.6335,699886505051449,699886538090564
679.3288,823.28064,670.6738,817.00684,699886538188272,699886573580720
634.54504,849.1694,668.88635,823.28064,699886573759939,699886606742231
660.8693,814.72754,668.88635,817.00684,699886606917960,699886639932283
605.0604,863.36487,660.8693,823.28064,699886640195981,699886673375668
601.66656,845.40106,660.8693,823.28064,699886673554001,699886707703793
663.1678,795.68823,660.8693,823.28064,699886707875512,699886743150616
655.98486,823.6636,660.8693,823.28064,699886743303949,699886776740251
649.9534,824.3097,660.8693,823.28064,699886776865043,699886807852335
659.6736,827.97864,659.6736,823.6636,699886807972803,699886843984053
655.2673,847.33405,659.6736,824.3097,699886844966866,699886877168949
656.3025,807.44354,659.6736,823.6636,699886877388220,699886913202439
658.043,789.66974,658.043,823.6636,699886913304053,699886945917335
644.8471,824.2468,658.043,823.6636,699886946017699,699887006899470
672.41125,860.64984,658.043,823.6636,699887007010772,699887050984835
695.98706,847.7474,658.043,824.2468,699887051104522,699887085397283
645.614,843.5572,658.043,843.5572,699887085570512,699887119864105
627.2383,816.1188,658.043,824.2468,699887120079678,699887150785460
673.1026,835.03314,658.043,835.03314,699887150909210,699887202538116
643.5569,842.8564,658.043,835.03314,699887202628585,699887236318220
656.5558,831.08124,658.043,835.03314,699887236507751,699887269633949
649.7094,877.0299,656.5558,835.03314,699887269762960,699887305116241
676.1478,809.32886,658.043,835.03314,699887305224314,699887340094314
650.8055,808.09656,656.5558,835.03314,699887340218793,699887375185303
619.9485,899.591,656.5558,835.03314,699887375283064,699887407562491
604.9845,861.25854,650.8055,835.03314,699887407663168,699887437403220
675.24,836.9219,656.5558,836.9219,699887437562387,699887470295199
642.95953,838.9061,650.8055,836.9219,699887470458637,699887511075668
621.8382,843.49384,650.8055,836.9219,699887511177595,699887541793428
619.9545,831.81055,642.95953,836.9219,699887541891553,699887575844939
648.94446,837.45654,648.94446,836.9219,699887575942074,699887607923845
663.1934,856.50397,648.94446,836.9219,699887608158220,699887643943741
667.1867,827.1545,648.94446,836.9219,699887644130303,699887677114991
641.1603,861.32947,648.94446,836.9219,699887677200095,699887709354001
629.5367,860.2811,648.94446,836.9219,699887709449574,699887743873897
667.21674,871.29474,648.94446,860.2811,699887743970720,699887782241293
650.43176,869.3456,648.94446,860.2811,699887782412334,699887817056709
679.66394,777.42645,650.43176,860.2811,699887817216293,699887847645668
676.2248,794.7058,650.43176,860.2811,699887847740147,699887881019991
644.9644,917.56793,650.43176,860.2811,699887881171084,699887911253532
664.1099,820.8299,650.43176,860.2811,699887911737334,699887943381501
635.47473,824.9088,650.43176,860.2811,699887943482074,699887974127491
638.97797,880.0545,650.43176,860.2811,699887974237907,699888009270147
622.7502,807.6499,638.97797,860.2811,699888009377022,699888040175251
653.496,794.86707,650.43176,860.2811,699888040340876,699888072148532
656.9727,816.2658,650.43176,816.2658,699888072248480,699888104391032
637.41296,784.6546,650.43176,816.2658,699888104503220,699888137071501
678.8625,806.9747,650.43176,816.2658,699888137221918,699888172421240
683.4059,815.1362,650.43176,815.1362,699888172530563,699888205012282
636.64465,839.92554,650.43176,816.2658,699888205877126,699888238257803
631.2583,809.02386,650.43176,815.1362,699888238416553,699888272909209
624.78235,797.9871,636.64465,815.1362,699888273071136,699888309982022
629.5119,884.68414,631.2583,815.1362,699888310090199,699888341708845
624.1633,827.6501,629.5119,815.1362,699888341807959,699888375759730
678.77997,779.2558,631.2583,815.1362,699888375856136,699888405645199
668.15405,807.5715,631.2583,815.1362,699888405835303,699888437468011
627.35254,846.82745,631.2583,815.1362,699888437563740,699888474809990
667.88165,913.77106,631.2583,815.1362,699888474917386,699888507482282
645.5019,891.7689,631.2583,846.82745,699888507578584,699888540978167
679.0697,813.1237,645.5019,815.1362,699888541909417,699888577953897
642.6984,812.0266,642.6984,815.1362,699888578116188,699888610923219
617.98785,813.0128,642.6984,813.1237,699888611050042,699888646487751
684.46985,819.4008,642.6984,815.1362,699888646619417,699888681239417
671.9604,857.758,642.6984,815.1362,699888681348792,699888712604105
671.71985,801.3642,671.71985,815.1362,699888712724782,699888742592230
672.00854,804.87,671.71985,815.1362,699888743071657,699888773664053
582.236,875.8122,671.71985,815.1362,699888773796865,699888806007594
676.31976,796.12714,671.71985,815.1362,699888806101553,699888838717646
622.1982,796.93744,671.71985,815.1362,699888838820824,699888870818324
657.8882,843.7172,671.71985,815.1362,699888870916292,699888905628428
675.9532,801.9448,671.71985,815.1362,699888906125303,699888953239782
622.3452,810.36554,671.71985,815.1362,699888953324834,699888984467386
670.51636,782.826,671.71985,810.36554,699888984560615,699889018923167
664.58124,793.876,670.51636,810.36554,699889019013063,699889057529365
652.09454,836.29517,670.51636,810.36554,699889057606969,699889094147803
618.20496,841.4345,664.58124,810.36554,699889094215355,699889124898740
653.43146,776.6442,653.43146,810.36554,699889126533167,699889182899573
658.8982,785.41626,658.8982,810.36554,699889182992438,699889215334053
633.6036,815.31476,653.43146,810.36554,699889215435875,699889246328271
669.5357,812.57227,658.8982,810.36554,699889246501865,699889277608167
644.3493,831.6207,653.43146,812.57227,699889277749157,699889309478063
663.461,790.9461,658.8982,810.36554,699889309628636,699889340232021
620.0,858.36426,653.43146,812.57227,699889340327073,699889373442594
654.8493,864.42566,654.8493,812.57227,699889373544469,699889414931709
681.79785,815.78864,654.8493,815.78864,699889415015407,699889445873011
645.59766,1045.4064,654.8493,815.78864,699889445974677,699889477618167
351.28772,1542.757,654.8493,815.78864,699889477754157,699889509980927
414.4797,1520.5724,645.59766,1045.4064,699889510144677,699889541985667
509.3362,767.0418,509.3362,815.78864,699889542209886,699889573073167
523.82007,938.38403,523.82007,938.38403,699889573185927,699889605104677
625.0302,716.17694,523.82007,815.78864,699889605205146,699889638612854
613.5321,624.5576,523.82007,815.78864,699889638726865,699889670504886
652.9158,654.949,613.5321,716.17694,699889670618375,699889703489104
647.8906,692.6069,613.5321,692.6069,699889703585823,699889735428427
653.76874,760.5715,647.8906,716.17694,699889735517542,699889769302229
645.92834,778.66406,645.92834,716.17694,699889769397177,699889805100302
643.2987,721.14594,645.92834,721.14594,699889805219938,699889836475302
646.53015,759.17053,645.92834,721.14594,699889836589365,699889874883896
656.9418,771.5557,645.92834,721.14594,699889876126396,699889914979886
660.5542,789.7522,646.53015,759.17053,699889915130406,699889948256552
633.6838,741.0187,645.92834,741.0187,699889948433688,699889979845563
581.8017,830.6199,645.92834,759.17053,699889980118792,699890012580198
629.4477,831.3566,633.6838,759.17053,699890012760615,699890044485146
639.87854,862.647,639.87854,830.6199,699890044660771,699890077321240
611.1604,809.385,633.6838,809.385,699890077482594,699890108186448
624.50507,856.90485,633.6838,830.6199,699890108362698,699890140144625
623.9411,874.07697,624.50507,830.6199,699890140229886,699890174118583
610.2239,828.0631,624.50507,830.6199,699890174256240,699890207519938
609.20526,835.34064,623.9411,830.6199,699890207664938,699890240470719
611.6429,822.48785,611.6429,830.6199,699890240616604,699890276985458
614.3823,806.35516,614.3823,830.6199,699890277121656,699890321963531
642.6448,789.4886,614.3823,822.48785,699890322948271,699890357542125
633.7777,830.03516,614.3823,830.03516,699890357652646,699890390121865
650.7571,826.3198,633.7777,826.3198,699890390271188,699890425707281
619.58514,807.6272,619.58514,826.3198,699890425936708,699890459248583
610.57684,816.80273,619.58514,826.3198,699890459407125,699890492580250
622.31464,822.19324,619.58514,822.19324,699890492774469,699890525235875
642.41144,826.88336,619.58514,826.3198,699890525398948,699890558842802
632.6885,827.5762,622.31464,826.3198,699890558995615,699890593795615
669.82404,814.1743,632.6885,826.3198,699890593957958,699890635175875
614.463,895.1105,622.31464,826.3198,699890635342385,699890669403010
626.42365,886.37213,626.42365,826.3198,699890669501240,699890702150719
671.04846,903.9526,626.42365,886.37213,699890702244625,699890745833167
650.12756,767.97266,626.42365,826.3198,699890746011239,699890787615458
601.0263,826.6511,626.42365,826.6511,699890788608427,699890823562125
611.5685,910.1006,626.42365,826.6511,699890823835510,699890857215458
643.2824,859.93555,626.42365,826.6511,699890857310875,699890888261552
635.9311,759.5128,626.42365,826.6511,699890889296031,699890921956187
656.2854,817.25903,635.9311,826.6511,699890922124625,699890958560406
639.9413,805.0338,635.9311,817.25903,699890958697541,699890990279781
636.51385,796.33276,636.51385,817.25903,699890990726031,699891023533687
656.4148,836.9635,636.51385,817.25903,699891023714104,699891057463844
632.3233,827.77716,636.51385,817.25903,699891057651448,699891088764156
609.81067,848.24414,636.51385,827.77716,699891088835614,699891120683166
585.78955,879.23114,632.3233,827.77716,699891120818635,699891155294833
595.1027,869.1903,609.81067,848.24414,699891155437229,699891188630041
544.26715,944.0023,595.1027,869.1903,699891188700093,699891219961239
616.6387,849.6584,609.81067,849.6584,699891221151864,699891254001396
626.11053,815.2459,609.81067,849.6584,699891254118427,699891288515146
596.48615,852.67413,609.81067,849.6584,699891288594104,699891319636448
643.86786,796.7081,609.81067,849.6584,699891319767750,699891350563843
642.503,858.74023,609.81067,849.6584,699891352275406,699891383837177
656.6801,823.50433,642.503,849.6584,699891385556187,699891420241604
677.2996,768.05054,642.503,849.6584,699891421326187,699891455655406
689.2263,802.82745,656.6801,823.50433,699891455846916,699891485511812
636.69525,824.6113,642.503,824.6113,699891486059781,699891519225875
634.0466,825.78503,642.503,824.6113,699891519310979,699891550984833
614.9567,819.66034,636.69525,824.6113,699891551065562,699891582532958
618.8622,855.12354,634.0466,824.6113,699891592939677,699891629522437
627.0505,822.9624,627.0505,824.6113,699891629666812,699891661500197
631.2246,789.09906,631.2246,824.6113,699891661634208,699891694910770
656.76056,779.0849,631.2246,822.9624,699891695077437,699891737412281
664.1732,855.7942,631.2246,824.6113,699891738403270,699891775201968
621.12,806.79675,631.2246,822.9624,699891775308583,699891808145302
618.2312,795.20575,631.2246,822.9624,699891808251291,699891838943635
591.94507,843.20245,621.12,822.9624,699891839098218,699891871510302
568.86096,823.5442,618.2312,822.9624,699891871683947,699891908107593
599.9857,841.55707,599.9857,823.5442,699891908308010,699891950709937
606.9955,833.11566,606.9955,823.5442,699891950796447,699891985434364
598.5529,804.3506,599.9857,823.5442,699891985580614,699892019514208
591.64374,820.3565,599.9857,823.5442,699892019583062,699892058710041
606.7685,787.88776,599.9857,820.3565,699892058868739,699892090229260
606.5154,776.7601,599.9857,820.3565,699892090306187,699892123284208
582.14557,791.53845,599.9857,791.53845,699892123417489,699892163608895
564.2558,754.848,599.9857,791.53845,699892163759729,699892201929833
591.8055,800.0225,591.8055,791.53845,699892202032020,699892253466864
628.64465,772.3028,599.9857,791.53845,699892254084885,699892288469051
595.3393,797.54553,595.3393,791.53845,699892288610353,699892322627072
605.58746,728.61304,599.9857,791.53845,699892324132645,699892358509781
619.52924,698.53186,599.9857,791.53845,699892358636551,699892392996656
622.4916,753.63837,605.58746,753.63837,699892393160197,699892424782281
613.60455,764.40607,613.60455,764.40607,699892424884624,699892456978895
613.9388,769.33203,613.60455,764.40607,699892457067593,699892490251083
615.6815,833.88715,613.60455,764.40607,699892490356343,699892524190562
619.65424,827.0752,613.9388,769.33203,699892525479103,699892558856760
589.4422,793.4246,613.60455,793.4246,699892559015458,699892590477437
606.34753,738.6872,613.60455,769.33203,699892590631551,699892621758687
634.1287,742.305,613.60455,769.33203,699892621909364,699892653201499
626.57385,772.62244,613.60455,769.33203,699892653327124,699892684233062
632.23334,799.5302,626.57385,769.33203,699892685218374,699892725906760
640.72845,748.0535,626.57385,769.33203,699892726008374,699892759832801
594.20667,828.7748,626.57385,769.33203,699892759937072,699892792219312
571.0914,831.0593,626.57385,769.33203,699892792336187,699892827900926
557.00244,828.01447,594.20667,828.01447,699892827985405,699892861602072
591.351,799.3806,591.351,799.3806,699892862340145,699892893966291
599.4233,773.09155,594.20667,799.3806,699892894143374,699892929454468
603.2806,830.3781,594.20667,799.3806,699892929535770,699892964413114
582.3402,824.6293,594.20667,799.3806,699892964508166,699892998250301
609.61523,837.7965,594.20667,824.6293,699892999678634,699893033548114
618.8609,830.8211,594.20667,824.6293,699893033665822,699893070049312
613.10706,777.9936,609.61523,824.6293,699893070213843,699893104331447
635.28375,763.48895,613.10706,824.6293,699893104447228,699893134877905
608.4763,793.0494,609.61523,793.0494,699893135032801,699893165343791
620.4013,776.3885,613.10706,793.0494,699893165514884,699893209368582
597.63947,912.4588,609.61523,793.0494,699893209462072,699893240212176
593.05414,820.84924,609.61523,793.0494,699893240327332,699893269786395
595.8626,858.9348,597.63947,820.84924,699893269958270,699893301170718
560.5501,887.8352,595.8626,820.84924,699893301324572,699893333834259
579.156,781.85,595.8626,820.84924,699893334009884,699893364579832
566.8425,826.4616,579.156,820.84924,699893364742697,699893399525561
619.51886,848.8069,595.8626,820.84924,699893399645405,699893432295145
627.3053,793.4858,595.8626,820.84924,699893432431082,699893464995301
636.6359,812.18677,619.51886,820.84924,699893465110926,699893498581863
597.5966,838.06195,597.5966,820.84924,699893498730093,699893532497593
640.1263,842.06287,619.51886,820.84924,699893532674676,699893566486655
594.2429,840.0018,597.5966,838.06195,699893566663686,699893598920509
616.33386,842.7017,616.33386,840.0018,699893599075353,699893632370093
627.54614,860.885,616.33386,840.0018,699893632527801,699893680736082
626.7985,785.892,616.33386,840.0018,699893680911290,699893714478374
655.529,788.23975,626.7985,840.0018,699893719109468,699893755169103
625.21704,844.5326,625.21704,840.0018,699893757133634,699893792286082
639.4625,849.2083,626.7985,840.0018,699893792451342,699893830596499
661.39514,774.1429,626.7985,840.0018,699893830740822,699893862900092
644.72687,755.18555,639.4625,840.0018,699893863003217,699893896309988
632.89844,836.6267,632.89844,836.6267,699893896438165,699893928724572
624.6986,782.21136,632.89844,836.6267,699893929231707,699893962575457
613.8454,868.24384,632.89844,836.6267,699893962790613,699893995670144
613.5221,874.0343,624.6986,836.6267,699893996447957,699894028238165
568.0496,880.9207,613.8454,868.24384,699894028329103,699894062002644
590.6374,770.6759,613.5221,836.6267,699894062325457,699894098240613
538.5477,896.928,590.6374,868.24384,699894098388999,699894134406967
610.1937,851.8989,610.1937,851.8989,699894134599311,699894171532072
643.2616,790.48895,610.1937,851.8989,699894172662332,699894205808165
635.60913,773.30865,610.1937,851.8989,699894205900301,699894238625821
653.8077,794.8619,635.60913,794.8619,699894238824780,699894270771863
661.29407,838.88086,635.60913,838.88086,699894270967592,699894302953790
673.6272,857.30865,653.8077,838.88086,699894303120769,699894338886134
650.69666,882.5953,650.69666,838.88086,699894339035821,699894369427696
577.104,879.3741,650.69666,857.30865,699894369611863,699894401081551
599.1014,871.4374,650.69666,871.4374,699894401217436,699894434466238
591.78784,826.49457,599.1014,857.30865,699894434580821,699894468747853
586.51416,850.20703,599.1014,857.30865,699894468945978,699894501574676
562.49915,897.72797,591.78784,857.30865,699894501745301,699894534201551
597.60016,784.1653,597.60016,857.30865,699894534367696,699894568271446
601.5102,739.49677,597.60016,857.30865,699894568380613,699894600846811
639.15625,785.0935,597.60016,785.0935,699894600951134,699894634858894
600.81793,836.2221,600.81793,836.2221,699894634959415,699894667678373
616.1348,829.49536,600.81793,829.49536,699894668335561,699894699247800
590.94464,849.69226,600.81793,836.2221,699894699429519,699894736382019
596.8945,852.94543,600.81793,836.2221,699894736501655,699894768901967
593.6638,849.9731,596.8945,849.69226,699894769051915,699894799406394
599.92834,839.68085,599.92834,839.68085,699894799562488,699894830903634
589.3146,820.00244,596.8945,839.68085,699894831060300,699894865462957
600.2198,883.064,599.92834,839.68085,699894865616134,699894901610457
596.23785,869.9782,596.8945,839.68085,699894901803061,699894933918998
610.24445,779.92017,599.92834,839.68085,699894934096238,699894967664311
609.6594,771.5168,599.92834,839.68085,699894969528686,699894999643530
624.59406,760.3438,609.6594,779.92017,699894999756134,699895032245561
593.7939,728.58716,599.92834,771.5168,699895032425561,699895071779727
575.8717,816.8845,599.92834,779.92017,699895071886238,699895107149519
623.39734,756.42175,599.92834,771.5168,699895107303738,699895145232748
629.60236,746.767,599.92834,771.5168,699895145372592,699895176735717
637.9762,782.61017,623.39734,771.5168,699895176882800,699895209564884
616.2966,770.64514,616.2966,771.5168,699895209680144,699895246051811
608.6324,806.0044,616.2966,771.5168,699895246172332,699895278357852
571.801,815.0656,616.2966,771.5168,699895278543686,699895308472331
550.60834,840.37915,608.6324,806.0044,699895308573165,699895343793581
553.3173,844.4904,571.801,815.0656,699895343906915,699895379524519
588.38947,814.79034,588.38947,814.79034,699895379624675,699895418197644
589.2959,866.1815,588.38947,815.0656,699895418312071,699895450568425
590.1847,799.12787,588.38947,814.79034,699895450717436,699895488922800
601.1567,796.0799,589.2959,814.79034,699895488994363,699895523437331
616.4363,806.25024,590.1847,806.25024,699895523512227,699895558511706
600.7918,864.9717,600.7918,814.79034,699895558637956,699895594603686
631.12006,777.54175,600.7918,806.25024,699895594700508,699895627938946
609.25037,774.3333,600.7918,806.25024,699895628175508,699895659758581
577.66187,875.2592,600.7918,806.25024,699895659920925,699895694504519
568.6713,862.80133,600.7918,806.25024,699895694675561,699895727916446
609.3241,756.2589,600.7918,806.25024,699895728106863,699895762365873
613.96234,749.10065,600.7918,806.25024,699895762550300,699895796845144
586.62115,787.3583,600.7918,787.3583,699895797010925,699895831261238
540.4635,884.02637,600.7918,806.25024,699895831439883,699895863803477
547.16095,816.9647,586.62115,806.25024,699895863973477,699895898730248
593.5332,753.7752,593.5332,806.25024,699895898838894,699895934712279
569.81885,858.48,586.62115,806.25024,699895934838790,699895971539154
581.00433,809.076,586.62115,806.25024,699895971631602,699896011872540
588.2848,873.98676,586.62115,809.076,699896013120560,699896047159935
570.93567,865.8706,586.62115,809.076,699896047337487,699896083915925
565.94446,830.66656,586.62115,830.66656,699896083992904,699896119415873
569.1576,907.5832,570.93567,830.66656,699896120319102,699896155064102
591.92004,836.2252,586.62115,830.66656,699896155162904,699896188205873
577.4244,865.4995,577.4244,836.2252,699896188284727,699896223912644
627.38904,852.6599,586.62115,836.2252,699896224055560,699896255668529
616.2164,789.6613,586.62115,836.2252,699896255755664,699896290137175
608.6066,856.14667,608.6066,836.2252,699896290251550,699896327559467
640.09955,779.76465,608.6066,836.2252,699896327701133,699896359052019
597.02747,891.5734,608.6066,836.2252,699896359186967,699896393506341
610.18945,856.6173,608.6066,836.2252,699896393599883,699896429776185
600.7707,912.5302,608.6066,856.6173,699896429962591,699896463757748
589.0852,874.2567,608.6066,856.6173,699896463929466,699896497784883
591.8331,848.14215,600.7707,856.6173,699896497954727,699896533853581
591.30206,959.07117,591.8331,856.6173,699896533987539,699896573068685
357.9469,1714.543,591.8331,856.6173,699896573232175,699896605384102
353.56635,1840.0936,591.30206,959.07117,699896605828841,699896636272643
346.77106,1710.7556,357.9469,1710.7556,699896636361966,699896666706706
446.21454,744.02527,446.21454,959.07117,699896666879727,699896699578268
504.61115,714.5112,446.21454,959.07117,699896699694883,699896731469571
516.24976,829.09,446.21454,829.09,699896731643946,699896761396602
557.9277,783.98254,504.61115,829.09,699896761537071,699896794727487
587.17004,710.97943,516.24976,829.09,699896794868216,699896829474675
591.0151,763.2362,557.9277,783.98254,699896829650456,699896863250508
596.45026,766.68085,587.17004,766.68085,699896863432123,699896893891706
605.3185,811.1366,591.0151,783.98254,699896894066914,699896927953685
603.37555,763.8371,596.45026,766.68085,699896928194675,699896960654414
656.9829,788.55884,603.37555,783.98254,699896960815664,699896995324883
659.09375,735.96594,603.37555,766.68085,699896995492956,699897032531237
650.605,787.34235,650.605,783.98254,699897032626393,699897065200404
618.0428,856.6421,618.0428,783.98254,699897065369779,699897097350247
634.23047,810.75134,634.23047,787.34235,699897097521966,699897127897070
634.1354,809.93066,634.1354,809.93066,699897128157852,699897161987175
622.4486,802.4132,634.1354,802.4132,699897162098216,699897197664570
610.63544,784.11633,634.1354,802.4132,699897197835091,699897231060143
604.44946,801.4019,622.4486,802.4132,699897231264362,699897274342279
603.63586,787.1854,610.63544,801.4019,699897274462122,699897305844935
604.8607,819.39984,604.8607,802.4132,699897305995195,699897340944414
593.41583,845.11163,604.8607,802.4132,699897341117695,699897381337591
595.6009,855.27496,604.8607,819.39984,699897381504987,699897415411133
601.6409,842.48834,601.6409,842.48834,699897415493997,699897448625716
613.2019,828.051,604.8607,828.051,699897448722852,699897494536914
603.534,871.10846,603.534,842.48834,699897494642070,699897530717174
589.96027,859.35693,603.534,842.48834,699897530825560,699897562102904
614.3261,801.14655,603.534,842.48834,699897562286393,699897599646654
624.96783,888.4458,603.534,842.48834,699897599735456,699897633405195
627.9746,755.11847,614.3261,842.48834,699897633503581,699897666000404
619.9183,728.5775,619.9183,842.48834,699897666096914,699897697386497
596.1569,850.99347,614.3261,842.48834,699897697569153,699897733343945
590.94684,822.5561,614.3261,842.48834,699897733439674,699897765158216
615.23883,832.19495,614.3261,842.48834,699897765328633,699897798697174
597.7726,818.6408,614.3261,832.19495,699897799503112,699897834074778
610.7484,834.3521,614.3261,834.3521,699897834182643,699897865990195
601.44226,763.338,610.7484,832.19495,699897866149362,699897900560091
574.5155,817.1104,610.7484,832.19495,699897900653997,699897932889205
575.31323,805.6369,601.44226,817.1104,699897933023580,699897967683737
606.7636,716.0518,606.7636,817.1104,699897967808372,699898003081080
601.34326,769.05817,601.44226,805.6369,699898003255508,699898036873320
593.63495,816.2414,601.44226,816.2414,699898037040039,699898068615351
609.2814,791.9916,601.44226,805.6369,699898068819518,699898106190403
607.30347,819.7307,601.44226,816.2414,699898106328008,699898143021549
617.4484,745.97815,607.30347,805.6369,699898143133997,699898179741549
603.5425,698.8959,603.5425,805.6369,699898179882330,699898216185924
565.1443,796.1842,603.5425,796.1842,699898216317278,699898251587382
586.8265,716.1785,603.5425,796.1842,699898252645976,699898286498424
569.2653,816.1653,586.8265,796.1842,699898288211705,699898320905507
628.5625,733.93243,603.5425,796.1842,699898321001549,699898351265351
625.5278,710.58417,603.5425,796.1842,699898351362174,699898384051809
603.7031,793.57544,603.7031,793.57544,699898384843059,699898421767903
574.3925,790.74243,603.5425,793.57544,699898421919726,699898456855976
555.7008,791.0133,603.5425,793.57544,699898456951601,699898491814101
584.8081,807.15576,584.8081,793.57544,699898491917330,699898524622018
543.3565,887.403,584.8081,793.57544,699898526163841,699898559494466
576.0269,879.4313,584.8081,807.15576,699898559669466,699898591094882
577.64124,858.8328,577.64124,858.8328,699898591264830,699898628304466
582.78436,804.79297,582.78436,807.15576,699898628483945,699898662530455
576.23926,862.7598,577.64124,858.8328,699898662689674,699898693306966
596.3587,861.75616,582.78436,858.8328,699898693411966,699898730007382
609.18005,877.6698,582.78436,861.75616,699898730188945,699898764405195
600.55914,795.2584,596.3587,858.8328,699898764595507,699898798922903
621.2456,773.90936,600.55914,858.8328,699898799025872,699898828773945
610.62164,806.58057,600.55914,806.58057,699898828941393,699898862486132
582.6054,829.02844,600.55914,829.02844,699898862581288,699898905722591
617.5332,823.66077,600.55914,823.66077,699898905895403,699898945485403
615.86945,907.6498,600.55914,829.02844,699898945637695,699898981679830
610.2615,890.0633,610.2615,829.02844,699898981772591,699899014800611
595.581,869.9912,600.55914,869.9912,699899016091028,699899048330872
591.1264,852.43097,600.55914,852.43097,699899048437278,699899081287955
615.8865,913.4449,600.55914,869.9912,699899085837643,699899121186809
585.7256,857.21545,600.55914,857.21545,699899121288007,699899154280455
598.3729,863.0107,600.55914,863.0107,699899154459934,699899184660924
604.0454,861.31995,600.55914,861.31995,699899184840559,699899223257486
616.84705,888.5551,600.55914,863.0107,699899223409934,699899258592590
612.4103,892.1709,604.0454,863.0107,699899258718945,699899291368163
611.12036,856.74225,611.12036,863.0107,699899291463059,699899323642330
618.51935,838.6966,611.12036,863.0107,699899323824934,699899359176497
609.00653,827.92896,611.12036,856.74225,699899359328580,699899393907486
578.0682,888.3981,611.12036,863.0107,699899394045142,699899437339205
612.43823,805.66016,611.12036,856.74225,699899437436236,699899470081288
608.6425,837.70996,611.12036,856.74225,699899470265194,699899503474049
582.2444,853.10004,611.12036,853.10004,699899503654101,699899535096653
533.23584,1363.914,608.6425,856.74225,699899535276809,699899569091549
351.4112,1881.1875,582.2444,856.74225,699899569177694,699899605366653
323.74905,1930.4895,533.23584,1363.914,699899605504569,699899641054830
376.6465,1852.2705,376.6465,1852.2705,699899641245038,699899672619101
467.94766,832.8638,467.94766,1363.914,699899672731496,699899705279934
527.6274,551.8645,467.94766,1363.914,699899705373996,699899742049361
465.20508,691.42017,467.94766,832.8638,699899742182694,699899778596392
487.3506,776.35864,467.94766,776.35864,699899778673111,699899812677069
539.64594,679.4901,467.94766,776.35864,699899812771392,699899847719569
554.75964,650.9457,487.3506,776.35864,699899847850038,699899881397069
560.98267,702.7625,539.64594,702.7625,699899881518632,699899916800246
581.58154,704.7819,554.75964,704.7819,699899916913476,699899953210715
613.04535,730.8019,560.98267,704.7819,699899953299517,699899990177069
636.861,810.27045,581.58154,704.7819,699899990375194,699900023305923
619.8014,870.8599,613.04535,730.8019,699900023403528,699900054866080
618.503,866.0785,618.503,810.27045,699900054981965,699900086127746
617.70685,773.3512,617.70685,773.3512,699900086233684,699900119663475
600.1435,759.2754,617.70685,773.3512,699900119782850,699900156170350
601.3579,883.27454,617.70685,773.3512,699900156282694,699900191266757
573.85236,893.56354,601.3579,773.3512,699900191355142,699900223798632
633.5151,806.9677,617.70685,806.9677,699900223955455,699900258821705
565.70135,726.53705,601.3579,773.3512,699900258975142,699900297421184
594.42163,888.9344,601.3579,806.9677,699900297573111,699900327973527
569.6097,907.7794,594.42163,806.9677,699900328153215,699900360395923
588.7021,846.5905,594.42163,846.5905,699900360499830,699900391382486
580.87115,849.1039,588.7021,846.5905,699900391476132,699900426773007
582.6693,793.36395,588.7021,846.5905,699900426879361,699900459461861
602.6401,764.97034,588.7021,846.5905,699900459658892,699900493596861
587.56165,804.9794,588.7021,804.9794,699900493736340,699900531664986
631.2004,852.7253,588.7021,846.5905,699900531783215,699900566310975
645.6178,757.9211,588.7021,804.9794,699900566500350,699900600509361
608.205,773.8021,608.205,804.9794,699900600660402,699900632091861
581.0521,850.39545,588.7021,804.9794,699900632987746,699900665749465
567.7127,832.2346,588.7021,804.9794,699900666788111,699900700810767
605.3639,793.13104,588.7021,804.9794,699900700966340,699900736765923
600.0615,800.9166,588.7021,804.9794,699900736940298,699900769553684
612.7514,805.888,600.0615,804.9794,699900769718111,699900806696392
566.2988,830.1602,588.7021,804.9794,699900806843840,699900839774048
566.8486,871.97296,588.7021,805.888,699900840250767,699900876496652
527.28784,856.1378,566.8486,830.1602,699900876600142,699900913771131
546.3734,835.9089,566.8486,835.9089,699900914775142,699900947969204
568.2098,735.9696,566.8486,830.1602,699900948977434,699900984526965
563.588,733.35364,566.8486,830.1602,699900984677225,699901018494777
566.9285,848.72656,566.8486,830.1602,699901018643579,699901049722642
552.3746,818.7836,566.8486,830.1602,699901050645819,699901086410975
622.33167,719.6071,566.8486,830.1602,699901086561183,699901119004986
571.2831,787.3842,566.8486,818.7836,699901119129413,699901159844881
577.00977,834.3186,571.2831,830.1602,699901160561392,699901190612121
552.00635,857.1807,566.8486,830.1602,699901190707329,699901222392746
564.15875,881.3756,566.8486,834.3186,699901222484829,699901255363110
542.9333,812.25354,564.15875,830.1602,699901255526600,699901289992225
594.43427,750.31915,566.8486,830.1602,699901290082173,699901325369881
601.7729,863.6177,566.8486,830.1602,699901325471027,699901378122538
606.5357,820.0633,594.43427,830.1602,699901378618788,699901416406079
597.986,818.3589,597.986,830.1602,699901416548110,699901451066444
566.7406,825.1078,594.43427,825.1078,699901451160506,699901484446496
626.5528,864.5581,597.986,830.1602,699901484603371,699901516966027
617.79755,828.9333,597.986,828.9333,699901517115350,699901550914465
544.88904,813.662,597.986,828.9333,699901551057798,699901588344465
581.87616,782.3703,597.986,828.9333,699901588433110,699901622312433
580.4079,807.0259,581.87616,813.662,699901622403319,699901656386652
584.8831,854.45654,584.8831,828.9333,699901656502069,699901689230819
591.8556,859.5335,584.8831,828.9333,699901689305558,699901722207537
597.9586,865.6029,584.8831,854.45654,699901722300923,699901756610923
604.83374,762.7936,591.8556,828.9333,699901756787902,699901795015558
571.48047,854.67004,584.8831,854.45654,699901795183006,699901826670089
585.92725,835.17993,585.92725,835.17993,699901826805871,699901859170506
586.6832,850.8818,585.92725,850.8818,699901859309100,699901897698214
574.72736,897.043,585.92725,850.8818,699901897785714,699901928655402
590.3327,852.49054,585.92725,850.8818,699901928832069,699901960960454
592.98065,903.5788,585.92725,852.49054,699901961085558,699901993200714
558.39685,932.9657,585.92725,852.49054,699901993375037,699902025298162
568.0477,894.26416,585.92725,894.26416,699902025426964,699902055983787
604.62775,841.12744,585.92725,852.49054,699902056128058,699902089486131
620.7575,837.6204,585.92725,852.49054,699902089583006,699902123031391
576.0847,876.8851,585.92725,852.49054,699902123126548,699902158259048
605.88904,889.3486,585.92725,852.49054,699902158390610,699902192382954
548.9723,884.35406,585.92725,876.8851,699902192484412,699902225286496
570.66003,900.5679,585.92725,884.35406,699902225455662,699902258565766
563.75525,858.5782,570.66003,876.8851,699902258700141,699902293872173
583.1272,885.62427,583.1272,884.35406,699902294048787,699902331900870
571.3534,868.56683,571.3534,876.8851,699902331982173,699902365516235
555.26416,839.416,571.3534,876.8851,699902365600766,699902397467850
571.2561,869.5374,571.3534,869.5374,699902397603006,699902428166964
598.6035,797.05853,571.3534,869.5374,699902428342745,699902461625818
584.17255,855.3505,571.3534,869.5374,699902461777433,699902494272172
606.1252,854.5741,584.17255,855.3505,699902494454360,699902527737797
604.65894,826.64764,584.17255,855.3505,699902527907902,699902559788162
483.89908,1031.7476,584.17255,855.3505,699902559970402,699902596537277
405.22153,1620.4048,584.17255,855.3505,699902596661652,699902632633370
351.62103,1910.697,483.89908,1031.7476,699902632819152,699902667554725
279.146,1539.121,405.22153,1539.121,699902667654412,699902702535193
480.31073,699.8088,480.31073,1031.7476,699902702680037,699902735369568
481.36804,772.54877,480.31073,1031.7476,699902735518631,699902767680089
522.65283,893.8436,480.31073,893.8436,699902767806495,699902801595349
572.0648,835.9209,481.36804,893.8436,699902801790297,699902866034464
601.9578,851.20984,522.65283,893.8436,699902866127120,699902901181704
624.21136,829.7831,572.0648,851.20984,699902901270089,699902938341026
612.07587,833.8579,601.9578,851.20984,699902938424568,699902971932433
626.31287,843.37256,612.07587,843.37256,699902972569724,699903004826235
648.8142,843.3442,612.07587,843.37256,699903018421547,699903055138162
628.948,794.7077,626.31287,843.37256,699903055238006,699903090768787
626.2055,808.716,626.2055,843.3442,699903090949620,699903123921183
625.7115,839.569,626.2055,839.569,699903124109568,699903160130610
627.23157,883.70264,626.2055,843.3442,699903160327328,699903193065662
614.9956,854.25354,626.2055,843.3442,699903193211495,699903224712381
578.60596,846.64154,626.2055,846.64154,699903224864672,699903258806391
587.72894,794.925,614.9956,843.3442,699903259013891,699903291598474
583.318,815.9414,587.72894,843.3442,699903291773370,699903335439360
583.20935,901.7528,587.72894,843.3442,699903335512901,699903367073839
618.4134,848.8836,587.72894,843.3442,699903367230922,699903398713422
615.0529,800.9935,587.72894,843.3442,699903398826651,699903430316130
627.87256,814.42163,615.0529,843.3442,699903430412224,699903462409620
621.086,829.1333,615.0529,829.1333,699903462514724,699903495283318
611.96185,825.506,615.0529,829.1333,699903495377016,699903526193787
603.67865,844.2034,615.0529,829.1333,699903526525558,699903559180766
629.31085,788.7992,615.0529,829.1333,699903559348891,699903589814985
607.4573,831.9736,615.0529,829.1333,699903589966599,699903622528943
612.68243,771.6044,615.0529,829.1333,699903622702172,699903655363162
600.9803,796.5712,612.68243,829.1333,699903655525141,699903689135974
620.0777,823.4746,615.0529,823.4746,699903689304360,699903725125089
608.37585,851.43756,612.68243,829.1333,699903725324568,699903755076391
599.6477,885.4526,612.68243,829.1333,699903755201078,699903789795141
602.4926,934.24976,608.37585,851.43756,699903789889307,699903821649932
606.9353,870.8964,606.9353,870.8964,699903821826755,699903863615037
586.3212,825.37354,606.9353,851.43756,699903863855453,699903895037589
608.5157,788.77246,606.9353,851.43756,699903895126339,699903926858526
609.5314,757.68494,606.9353,825.37354,699903927004568,699903958296651
585.3402,874.2729,606.9353,851.43756,699903958468057,699903993058214
627.9806,860.7279,606.9353,851.43756,699903993169307,699904024437693
604.6785,952.66364,606.9353,860.7279,699904024611651,699904056407328
629.6423,889.1574,606.9353,860.7279,699904056568786,699904088946911
641.0543,871.5635,606.9353,871.5635,699904089075818,699904119400245
639.4576,891.71356,629.6423,871.5635,699904119499464,699904151316911
613.21387,931.7113,613.21387,871.5635,699904151412693,699904185548995
611.96216,835.7781,613.21387,871.5635,699904186028266,699904221464047
624.0244,792.5481,613.21387,871.5635,699904222610922,699904261123682
630.3794,825.66565,613.21387,835.7781,699904261226443,699904295390974
615.93195,881.1172,615.93195,871.5635,699904295557172,699904329453161
591.22614,954.17664,613.21387,871.5635,699904329589516,699904361538474
614.2491,883.64374,614.2491,881.1172,699904361695297,699904393079255
630.4115,866.16296,614.2491,871.5635,699904393188318,699904422314932
635.5511,846.25195,614.2491,871.5635,699904422409984,699904455706130
594.68695,873.50323,614.2491,871.5635,699904455881443,699904488252797
597.88007,866.4577,614.2491,871.5635,699904489948734,699904521423786
538.66547,935.93726,597.88007,871.5635,699904521547849,699904555696807
600.5221,813.03656,600.5221,871.5635,699904555872745,699904591720453
595.2955,795.14246,597.88007,871.5635,699904591892797,699904625026807
592.3846,773.53217,597.88007,813.03656,699904625187380,699904655949255
616.82025,804.7174,597.88007,804.7174,699904656161234,699904696133057
604.2525,907.7155,597.88007,813.03656,699904696230245,699904727526390
616.3186,871.45795,604.2525,813.03656,699904727619463,699904756392328
605.6123,876.06384,604.2525,871.45795,699904756560870,699904790922536
645.86084,833.0332,605.6123,833.0332,699904791073786,699904822627120
626.99146,817.15466,605.6123,833.0332,699904822720661,699904855345192
641.0714,772.0179,626.99146,833.0332,699904855442640,699904886981442
629.97424,853.14136,626.99146,833.0332,699904887573786,699904921122849
618.1204,802.1828,626.99146,833.0332,699904921218630,699904953283734
613.23303,810.6503,626.99146,833.0332,699904953404203,699904988558630
604.4658,832.67706,618.1204,832.67706,699904988655974,699905020978890
613.6809,831.15265,613.6809,832.67706,699905021119203,699905058265401
625.18243,842.2059,618.1204,832.67706,699905058430922,699905091732067
617.96783,804.6671,617.96783,832.67706,699905091894307,699905123255974
608.5783,794.82227,617.96783,832.67706,699905123410974,699905157789932
634.28687,836.21606,617.96783,832.67706,699905160789255,699905195292224
611.98334,867.29083,617.96783,832.67706,699905195383109,699905226223005
585.1393,887.27124,617.96783,836.21606,699905226405505,699905257019671
636.9712,838.312,617.96783,838.312,699905257143265,699905289327692
638.7492,827.26166,617.96783,836.21606,699905289437536,699905322674567
621.90924,796.7037,621.90924,836.21606,699905322775557,699905356208317
599.8195,754.4273,617.96783,827.26166,699905356361234,699905388233942
615.91833,781.93695,617.96783,796.7037,699905388417640,699905425814671
655.95154,822.7131,617.96783,822.7131,699905426004151,699905462894828
656.5835,825.8608,617.96783,822.7131,699905463084255,699905494303734
671.85266,774.6538,655.95154,822.7131,699905494439880,699905527497276
647.3162,837.0814,647.3162,822.7131,699905527602953,699905558471130
621.77435,866.4286,647.3162,822.7131,699905558586390,699905591645609
619.34204,870.71075,647.3162,837.0814,699905591745921,699905624055088
649.3426,812.4348,647.3162,822.7131,699905624162275,699905658364880
622.3006,773.3535,647.3162,822.7131,699905658456390,699905689629619
645.57733,853.9885,647.3162,822.7131,699905689749932,699905723608838
627.107,865.665,645.57733,822.7131,699905723780192,699905754771025
548.08453,1369.5339,645.57733,853.9885,699905754953682,699905787132223
397.1181,1743.7681,627.107,865.665,699905787310921,699905823288005
365.09906,1537.6567,548.08453,1369.5339,699905823459255,699905855747536
528.00305,641.746,528.00305,865.665,699905855904671,699905888363890
515.00366,749.87726,528.00305,865.665,699905888494827,699905922152900
564.9399,783.01825,528.00305,783.01825,699905922324255,699905957121598
576.8243,776.9412,528.00305,783.01825,699905957237171,699905988725192
596.66547,730.5917,564.9399,783.01825,699905988901129,699906021983109
591.0262,727.4182,576.8243,776.9412,699906022118734,699906054317848
618.81683,747.6217,591.0262,747.6217,699906054498734,699906089588629
607.1017,772.15485,591.0262,772.15485,699906089677796,699906123145088
631.6068,723.61383,607.1017,747.6217,699906123256807,699906152893786
609.5056,810.31647,607.1017,772.15485,699906153069775,699906186159984
614.4815,702.1511,609.5056,747.6217,699906186266702,699906226233213
585.4925,718.4381,607.1017,747.6217,699906226357171,699906258190036
593.1515,737.5955,607.1017,737.5955,699906258365817,699906290579567
611.4617,738.98334,607.1017,738.98334,699906290768004,699906320181546
605.0656,757.832,607.1017,738.98334,699906320349671,699906352938525
580.77905,859.8825,607.1017,738.98334,699906353059306,699906384085192
600.8925,859.877,605.0656,757.832,699906384210296,699906417984827
590.4562,805.6941,600.8925,805.6941,699906418123004,699906452914254
582.3665,814.79956,600.8925,805.6941,699906453100921,699906486721702
600.5025,816.7841,600.5025,805.6941,699906486885608,699906517628890
558.8084,910.1504,600.5025,814.79956,699906517724046,699906551906858
589.41693,812.361,600.5025,812.361,699906552069827,699906586837431
582.0131,756.1474,589.41693,812.361,699906586947692,699906619983369
583.24396,783.9832,589.41693,812.361,699906620235765,699906652798473
569.1511,854.5363,583.24396,812.361,699906652941442,699906685015713
602.3281,829.75006,589.41693,812.361,699906685197379,699906717900035
599.4833,847.283,589.41693,829.75006,699906718067848,699906750910035
573.5039,846.1645,589.41693,829.75006,699906751083056,699906782446025
594.5451,868.2674,589.41693,846.1645,699906782571338,699906815146546
566.2362,911.1751,589.41693,846.1645,699906815293994,699906850113838
565.2488,913.5073,589.41693,868.2674,699906850293525,699906883910921
613.7946,737.94977,589.41693,846.1645,699906884135765,699906918935660
584.02625,841.842,589.41693,846.1645,699906919080348,699906950139202
608.0083,818.5032,589.41693,841.842,699906950247587,699906983491858
575.05804,849.82794,589.41693,846.1645,699906983599410,699907022386233
601.81537,872.1991,589.41693,846.1645,699907022527171,699907057708160
604.37427,909.58167,589.41693,849.82794,699907057804098,699907088305452
578.51917,955.39185,589.41693,872.1991,699907088486754,699907119965400
563.9641,916.30023,589.41693,909.58167,699907120186181,699907153007952
595.5942,921.3952,589.41693,916.30023,699907153196077,699907185191233
555.97375,960.5341,589.41693,916.30023,699907185360869,699907216782535
599.73047,857.8672,589.41693,916.30023,699907216962952,699907248356233
608.5971,794.6718,589.41693,916.30023,699907248529410,699907281563942
608.74084,845.84326,599.73047,857.8672,699907281746910,699907320775764
616.4711,878.5429,608.5971,878.5429,699907320926077,699907351581389
613.507,853.9783,608.74084,857.8672,699907351694931,699907384596910
628.75616,790.3702,613.507,857.8672,699907384762848,699907418804462
604.6766,828.5686,608.74084,853.9783,699907418916702,699907455099410
606.65765,771.9341,608.74084,828.5686,699907455193004,699907497965244
619.71014,848.3256,608.74084,848.3256,699907498048994,699907529035921
598.44257,780.549,608.74084,828.5686,699907529607848,699907563085868
611.25934,776.72906,608.74084,828.5686,699907564340973,699907595796754
579.1054,783.3363,608.74084,783.3363,699907595963629,699907626701025
558.7693,993.70197,608.74084,828.5686,699907626896285,699907662578733
379.17294,1758.2311,579.1054,828.5686,699907662778421,699907694389046
362.25903,1839.1156,558.7693,993.70197,699907694550191,699907723539306
303.34653,1741.1968,379.17294,1741.1968,699907723625764,699907754164306
436.34552,830.9027,436.34552,993.70197,699907754333785,699907786284775
480.6082,818.1676,436.34552,993.70197,699907786463160,699907823918733
527.0567,785.0807,436.34552,830.9027,699907824053160,699907854329254
572.189,824.57275,480.6082,824.57275,699907854483681,699907890845087
539.8932,658.1579,527.0567,824.57275,699907890939410,699907921766077
582.83923,646.3674,539.8932,824.57275,699907921930452,699907960095608
616.3128,673.2516,539.8932,673.2516,699907960290295,699907995734879
604.9709,696.744,582.83923,696.744,699907995829566,699908026206910
598.528,753.5099,598.528,696.744,699908026322535,699908058931858
557.1478,754.6056,582.83923,696.744,699908059022900,699908090246129
578.3987,815.8718,582.83923,753.5099,699908090351545,699908122593472
572.7312,805.6727,578.3987,754.6056,699908122691129,699908153369306
581.6224,825.59814,581.6224,805.6727,699908153554983,699908187033004
583.7431,815.1303,581.6224,805.6727,699908187137483,699908223286754
602.852,829.20844,581.6224,815.1303,699908223361337,699908255566337
601.2723,808.4002,583.7431,808.4002,699908255706024,699908289542014
608.21674,834.7803,601.2723,815.1303,699908289637066,699908320240452
625.0346,874.68713,601.2723,815.1303,699908320422743,699908352382952
586.5545,829.44196,601.2723,829.44196,699908352567066,699908386049149
586.0249,824.49243,601.2723,824.49243,699908386228212,699908419263004
577.22485,809.33264,586.5545,824.49243,699908419439722,699908457706754
595.99426,805.743,595.99426,824.49243,699908458941597,699908490554149
572.3752,805.1802,586.5545,809.33264,699908490654722,699908525368941
588.7744,765.44995,588.7744,805.743,699908525507222,699908558495243
595.7096,820.53235,588.7744,809.33264,699908558612639,699908590817379
613.325,832.46344,588.7744,809.33264,699908591477847,699908625261753
589.8521,909.8649,589.8521,820.53235,699908625417587,699908658669670
587.96124,859.23553,588.7744,832.46344,699908658821910,699908692358003
569.46594,751.0963,588.7744,820.53235,699908692522535,699908730138889
602.935,756.5402,588.7744,820.53235,699908730316649,699908766856024
592.51447,777.14026,588.7744,777.14026,699908767036337,699908799027066
587.5519,818.1918,588.7744,818.1918,699908799806910,699908832568055
605.32434,826.96326,588.7744,818.1918,699908835302274,699908873137274
583.2867,867.9418,588.7744,818.1918,699908873213837,699908906219410
628.5992,790.32294,588.7744,818.1918,699908908046649,699908942633108
610.377,820.1591,588.7744,818.1918,699908942727743,699908974546024
608.4055,822.5515,608.4055,818.1918,699908974648472,699909007572170
577.29236,841.8683,588.7744,820.1591,699909007683524,699909040907378
446.42026,1429.3735,588.7744,822.5515,699909041010972,699909072232535
351.84705,1762.4664,577.29236,841.8683,699909072324566,699909107444462
361.2399,1920.8214,446.42026,1429.3735,699909107652743,699909143469722
359.19058,1464.2712,361.2399,1464.2712,699909143630399,699909175504982
515.4839,668.8222,446.42026,1429.3735,699909176567951,699909209784826
468.5419,530.5799,446.42026,1429.3735,699909209870451,699909246720972
566.4507,616.65204,468.5419,668.8222,699909246858316,699909281687587
579.21497,595.7795,468.5419,616.65204,699909281879462,699909319058628
587.8174,580.0873,566.4507,616.65204,699909319189149,699909351956284
594.1972,624.951,579.21497,616.65204,699909352078837,699909386870139
598.597,671.60034,587.8174,616.65204,699909386972118,699909421358837
634.0533,643.5039,594.1972,624.951,699909421480087,699909452309357
611.0759,622.38715,598.597,622.38715,699909452485139,699909483542170
611.8623,747.75854,611.0759,624.951,699909483722899,699909517890659
552.13196,796.5084,598.597,624.951,699909518033159,699909548062586
574.9953,833.20074,598.597,747.75854,699909548200347,699909579756441
576.86804,895.9339,576.86804,796.5084,699909579934201,699909614430034
590.0765,875.3219,590.0765,833.20074,699909614600972,699909650317847
619.0635,875.2175,590.0765,875.2175,699909650529774,699909686425503
612.5436,923.01526,590.0765,875.2175,699909686518420,699909720159670
591.3596,901.7361,591.3596,875.2175,699909720271336,699909751683159
570.1743,910.91675,590.0765,901.7361,699909751785243,699909786033524
607.2216,887.43994,591.3596,887.43994,699909786147378,699909831129305
553.78595,923.93976,590.0765,901.7361,699909831219409,699909865998628
591.2078,922.4602,591.2078,901.7361,699909866110920,699909902052638
640.4382,863.9404,591.2078,901.7361,699909902135503,699909937227274
612.7096,895.6513,591.2078,901.7361,699909937540711,699909970127170
584.43365,893.52234,591.2078,895.6513,699909970204670,699910005979461
624.54675,889.431,591.2078,895.6513,699910006124409,699910041733836
620.33936,885.77893,591.2078,893.52234,699910041873315,699910073894774
600.6294,908.8528,600.6294,895.6513,699910074035190,699910110082951
604.8676,919.54047,600.6294,895.6513,699910110224045,699910144312795
576.9319,855.86365,600.6294,895.6513,699910144502170,699910176664670
580.75146,853.3972,600.6294,895.6513,699910176825242,699910208304617
591.7674,863.05884,591.7674,863.05884,699910208423628,699910241093315
551.9347,862.37604,591.7674,863.05884,699910241237847,699910279184513
578.35974,857.44305,591.7674,863.05884,699910279374461,699910313148420
562.2124,830.3592,578.35974,862.37604,699910314293888,699910349224982
565.93304,864.2212,578.35974,863.05884,699910350060763,699910384402274
583.0367,882.5028,578.35974,863.05884,699910384547222,699910414854878
590.31726,878.4118,578.35974,864.2212,699910415023472,699910451184565
572.3774,854.0016,578.35974,863.05884,699910451287169,699910485998315
554.3287,820.3376,578.35974,863.05884,699910486265294,699910519968003
552.9489,826.2473,572.3774,854.0016,699910520213003,699910550992169
576.491,847.75024,576.491,847.75024,699910551085919,699910585206544
615.9589,816.3662,576.491,847.75024,699910585319513,699910615941753
600.20764,856.84717,576.491,847.75024,699910616127794,699910649864201
601.44464,863.1216,600.20764,847.75024,699910649955867,699910685740815
627.24756,824.63574,600.20764,847.75024,699910685843159,699910720184096
589.8728,821.995,600.20764,847.75024,699910720349721,699910750548367
591.7191,852.93304,600.20764,847.75024,699910750655086,699910801024617
581.4163,887.26654,591.7191,847.75024,699910801130919,699910832971388
594.87244,834.5289,594.87244,847.75024,699910834162534,699910868520659
591.4813,826.2546,591.7191,847.75024,699910868613992,699910927596232
598.7912,863.49994,594.87244,847.75024,699910927705294,699910957292065
600.45245,860.0914,594.87244,847.75024,699910957461232,699910989055815
561.80115,824.0938,594.87244,847.75024,699910989201023,699911022307846
566.6912,820.4829,594.87244,847.75024,699911022474096,699911053361961
539.6913,814.10114,566.6912,824.0938,699911053530919,699911085534930
574.1453,832.124,574.1453,832.124,699911085699825,699911117289461
555.5696,801.06714,566.6912,824.0938,699911117388211,699911155432638
593.47675,796.34296,574.1453,824.0938,699911155611544,699911192547117
575.5219,835.3626,574.1453,824.0938,699911192713419,699911226094930
589.72504,884.04944,575.5219,824.0938,699911226178940,699911262768523
598.841,837.6264,575.5219,835.3626,699911262876857,699911315434252
576.1474,855.9669,576.1474,837.6264,699911315528107,699911352124096
553.1824,898.68884,575.5219,837.6264,699911352316023,699911381964721
557.85535,833.74554,575.5219,837.6264,699911382063211,699911414638992
570.27893,870.68805,570.27893,837.6264,699911414729305,699911448343315
592.6839,768.57715,575.5219,837.6264,699911448444200,699911478296596
585.3174,873.0427,575.5219,837.6264,699911478402898,699911509001232
586.7406,796.1288,585.3174,837.6264,699911509110815,699911542752794
583.5923,724.55865,583.5923,837.6264,699911542930554,699911575412117
576.13403,785.0578,583.5923,796.1288,699911575501440,699911606569617
590.5268,816.92914,583.5923,816.92914,699911606663888,699911638317794
589.26434,755.1556,583.5923,796.1288,699911638420242,699911672406596
588.67883,797.43616,588.67883,797.43616,699911673134461,699911704648836
587.69165,814.5922,587.69165,797.43616,699911704735867,699911738119409
590.3439,821.61975,588.67883,797.43616,699911738210867,699911773078836
582.1947,820.95355,587.69165,814.5922,699911773227013,699911809485554
608.70044,789.63055,588.67883,797.43616,699911809598159,699911843775346
611.6492,761.804,588.67883,797.43616,699911843956492,699911879724773
598.7672,771.2105,598.7672,789.63055,699911879881388,699911913391856
552.79175,803.5365,588.67883,797.43616,699911914274669,699911948394200
594.3721,768.05066,594.3721,789.63055,699911948916596,699911986272638
541.8921,858.23016,588.67883,797.43616,699911986446336,699912018831752
577.5474,870.6867,588.67883,797.43616,699912018999669,699912057272013
566.6702,797.4441,577.5474,797.4441,699912057385190,699912089501440
546.3213,882.96783,577.5474,797.4441,699912089673367,699912124508679
580.3749,856.09296,577.5474,797.4441,699912124620033,699912157899044
569.86816,825.56305,577.5474,825.56305,699912158034252,699912191098315
582.82214,860.72205,577.5474,825.56305,699912191231752,699912229260190
587.6894,840.04675,577.5474,825.56305,699912230744929,699912263093471
596.6737,856.9462,582.82214,840.04675,699912263179148,699912295891960
586.9409,865.0969,586.9409,840.04675,699912295984773,699912330769356
616.0056,813.5302,586.9409,840.04675,699912331260033,699912365764356
607.53735,840.75793,586.9409,840.04675,699912365898992,699912398591856
594.52075,858.3926,594.52075,840.04675,699912400255971,699912433379304
595.6006,844.16254,594.52075,840.75793,699912434592533,699912468719512
595.439,900.8653,594.52075,844.16254,699912470035762,699912503736596
595.3306,795.6798,595.3306,840.75793,699912503842273,699912539795033
588.2892,808.4493,594.52075,840.75793,699912539884148,699912575007794
578.6167,806.5306,594.52075,808.4493,699912575166856,699912607130658
543.79926,845.4488,588.2892,840.75793,699912607287950,699912639649304
571.4996,923.20557,578.6167,840.75793,699912639826283,699912674699825
561.3568,906.64276,571.4996,845.4488,699912674852794,699912706966127
620.2105,910.29584,578.6167,906.64276,699912707129669,699912740774564
598.9682,881.523,578.6167,881.523,699912740955658,699912776402585
581.22437,867.3233,581.22437,881.523,699912776497689,699912809384512
555.50574,823.1014,578.6167,881.523,699912809484356,699912841431700
572.32227,838.557,578.6167,867.3233,699912841536544,699912874228210
546.17773,928.34064,572.32227,881.523,699912874400814,699912910895606
575.691,838.21216,575.691,867.3233,699912911867481,699912947284356
556.2958,862.6137,572.32227,867.3233,699912947466804,699912977009877
565.86884,921.99603,572.32227,867.3233,699912977107950,699913015514096
551.2533,938.6876,565.86884,867.3233,699913015691387,699913046402168
579.27985,933.4228,572.32227,921.99603,699913046630658,699913080755658
606.06506,904.9828,572.32227,904.9828,699913080934616,699913111740398
604.6685,867.3855,579.27985,904.9828,699913111853783,699913144314512
599.08167,900.88727,599.08167,904.9828,699913144413627,699913177028314
619.89514,818.5204,599.08167,900.88727,699913177131075,699913211085658
599.18567,885.335,599.08167,900.88727,699913211204356,699913248484356
578.64044,853.57465,599.08167,885.335,699913248589564,699913280673835
594.18475,854.335,599.08167,885.335,699913280852325,699913311820450
596.39325,915.5914,596.39325,885.335,699913312203106,699913347329460
601.00256,872.62494,599.08167,885.335,699913347446595,699913381507325
621.2466,863.94763,599.08167,885.335,699913381681231,699913414089877
591.3077,883.83356,599.08167,883.83356,699913414276439,699913447796127
581.5192,825.8804,599.08167,883.83356,699913449632220,699913482445033
604.89856,794.9988,599.08167,883.83356,699913482627481,699913513690918
608.9708,824.59766,599.08167,825.8804,699913513821647,699913548040918
544.3517,812.6294,599.08167,824.59766,699913548190658,699913581982897
543.58966,833.5084,599.08167,825.8804,699913582201804,699913614518210
606.4638,988.2212,599.08167,825.8804,699913614701022,699913647037793
371.5986,1538.2377,599.08167,833.5084,699913647239929,699913697406335
353.50452,1681.6278,599.08167,988.2212,699913697503314,699913727831543
511.17416,643.8709,511.17416,833.5084,699913728945554,699913766416699
531.709,702.4172,531.709,833.5084,699913767520397,699913797688210
505.44183,812.52057,511.17416,812.52057,699913799383470,699913832191543
541.2107,704.7515,531.709,812.52057,699913832777220,699913864324095
570.3669,721.3166,531.709,812.52057,699913865145241,699913897415397
589.51215,890.62616,541.2107,812.52057,699913897562168,699913927177741
581.1435,850.7493,570.3669,812.52057,699913930083887,699913963833158
610.7622,762.7895,581.1435,812.52057,699913964785710,699914000273001
611.9947,897.9815,581.1435,812.52057,699914000609408,699914035915501
585.7027,874.7853,585.7027,812.52057,699914036147272,699914075384668
618.79486,899.32404,585.7027,874.7853,699914075498626,699914109473106
594.6249,865.2578,585.7027,865.2578,699914109900814,699914150881491
595.6235,830.0517,594.6249,865.2578,699914151078210,699914190425866
598.3735,804.6467,594.6249,865.2578,699914190504460,699914226513626
598.9966,770.17615,595.6235,830.0517,699914227763262,699914260968991
614.1863,747.2831,598.3735,804.6467,699914261103366,699914298818210
597.7886,782.2736,597.7886,782.2736,699914298938366,699914332325918
594.06366,772.7574,597.7886,782.2736,699914333950085,699914367067689
621.2247,814.22363,597.7886,782.2736,699914367158001,699914401016335
622.2579,856.7359,597.7886,782.2736,699914401172116,699914432121387
615.9747,793.2146,615.9747,793.2146,699914432290033,699914465082324
606.1953,816.35925,606.1953,793.2146,699914465232845,699914495821335
617.1454,846.6897,615.9747,793.2146,699914496682845,699914530782376
624.4601,855.8863,615.9747,816.35925,699914530922585,699914564881907
606.2484,831.0251,615.9747,831.0251,699914565005501,699914600400085
602.71484,839.4844,615.9747,831.0251,699914600490345,699914631614512
593.7614,758.6778,606.2484,831.0251,699914631706178,699914664832272
573.4673,874.7368,602.71484,831.0251,699914665804772,699914699442845
543.0424,886.3654,593.7614,831.0251,699914699549199,699914732811543
555.89795,837.07605,573.4673,837.07605,699914732900501,699914763945032
576.0368,876.86127,576.0368,837.07605,699914764642272,699914799021126
580.4627,954.3138,576.0368,837.07605,699914799186022,699914832485241
551.4123,984.8693,576.0368,876.86127,699914832656595,699914865013418
595.45544,867.8068,576.0368,867.8068,699914865181282,699914896517793
582.98694,871.82587,576.0368,871.82587,699914896671491,699914927131387
599.90656,853.09534,582.98694,867.8068,699914929169928,699914959044668
620.9749,894.7257,582.98694,871.82587,699914959223366,699914989947845
601.74396,883.4215,599.90656,871.82587,699914996015657,699915032631595
588.9684,851.60095,588.9684,871.82587,699915034434772,699915069724824
584.3148,922.3076,588.9684,871.82587,699915069873157,699915105178001
581.3056,944.3909,588.9684,871.82587,699915105259095,699915140852272
583.0535,958.15814,584.3148,922.3076,699915141028782,699915177112793
604.57916,919.07166,588.9684,919.07166,699915177215032,699915208732793
598.3887,931.4265,588.9684,922.3076,699915209640813,699915245454147
614.9309,887.7137,598.3887,919.07166,699915245614303,699915280682845
613.76294,771.9514,598.3887,919.07166,699915280901178,699915318306126
600.668,757.47845,600.668,887.7137,699915318470397,699915351113366
608.2211,814.3825,600.668,814.3825,699915351277584,699915381449720
627.13385,827.36163,600.668,827.36163,699915381571543,699915414580970
601.52826,841.89166,601.52826,827.36163,699915414773105,699915445403261
584.07275,911.26434,600.668,827.36163,699915445581282,699915478376490
606.5679,888.50977,601.52826,841.89166,699915478534824,699915509617740
632.8739,866.08966,601.52826,866.08966,699915509747845,699915542897949
600.0193,807.5403,601.52826,841.89166,699915543044772,699915575993157
586.67706,870.9865,601.52826,866.08966,699915576271230,699915625294459
602.5016,860.9753,601.52826,860.9753,699915625382272,699915657375553
612.3824,894.90045,601.52826,866.08966,699915657530761,699915694312011
604.2067,915.5994,602.5016,866.08966,699915694408365,699915727077845
611.1152,858.4021,604.2067,866.08966,699915727716803,699915758748313
569.7652,901.79944,602.5016,866.08966,699915760112740,699915793924772
597.4326,937.4387,602.5016,866.08966,699915801558105,699915835942272
633.6173,855.91064,602.5016,866.08966,699915836785657,699915876406542
622.36743,855.63824,602.5016,866.08966,699915876606647,699915916479251
610.7736,868.5394,610.7736,866.08966,699915916624563,699915949957376
594.0807,953.45886,602.5016,866.08966,699915950156282,699915983465449
593.0608,804.45593,602.5016,866.08966,699915983640084,699916018389980
628.7093,854.2496,602.5016,866.08966,699916018562532,699916054155605
604.24457,877.32043,602.5016,866.08966,699916054261074,699916086998886
612.0128,873.0539,604.24457,866.08966,699916087115657,699916117691594
603.50604,841.02734,603.50604,866.08966,699916117814146,699916154122063
617.44257,834.47845,604.24457,866.08966,699916154221230,699916188118157
624.2732,799.60547,604.24457,841.02734,699916188358886,699916223849771
596.32385,869.6286,604.24457,866.08966,699916224896646,699916259294094
585.082,892.6825,604.24457,866.08966,699916260807011,699916295966386
607.04724,892.1149,604.24457,869.6286,699916296194355,699916326514459
589.71606,952.09125,604.24457,892.1149,699916327067011,699916357584303
609.2565,848.0316,604.24457,869.6286,699916357736594,699916389744146
616.1221,917.5729,604.24457,892.1149,699916392328730,699916424911803
628.2927,936.3732,609.2565,892.1149,699916425001021,699916457272844
603.9066,840.0355,604.24457,892.1149,699916457694719,699916487911334
622.4584,866.7891,609.2565,892.1149,699916489227271,699916525135605
625.0915,902.19806,609.2565,892.1149,699916525220084,699916558296594
617.60425,881.8909,617.60425,892.1149,699916559473313,699916590304719
599.6925,895.36615,609.2565,892.1149,699916592038625,699916632627271
619.4221,885.4535,617.60425,892.1149,699916632703990,699916665708261
607.552,921.16614,609.2565,892.1149,699916665865657,699916701696646
607.4406,914.0403,609.2565,892.1149,699916701788834,699916734265657
598.8895,891.2617,607.552,892.1149,699916734347271,699916774673000
575.3691,875.7136,607.4406,892.1149,699916774773677,699916805606646
588.1899,885.28485,598.8895,891.2617,699916805759407,699916839035032
576.4353,898.78394,588.1899,892.1149,699916839197896,699916870508000
562.52014,876.93677,588.1899,891.2617,699916870666802,699916902317375
590.3055,912.6391,588.1899,892.1149,699916902824615,699916934481750
559.96985,898.95215,588.1899,892.1149,699916934576907,699916967669146
594.6649,831.6712,588.1899,892.1149,699916967755240,699916998594407
594.49915,809.7545,588.1899,892.1149,699916998692115,699917031618521
621.89136,798.26227,594.49915,831.6712,699917031720136,699917062928417
631.46967,794.48444,594.49915,809.7545,699917063060188,699917097604927
637.41864,791.6108,621.89136,798.26227,699917097717375,699917130459354
633.13824,764.0337,631.46967,794.48444,699917130564250,699917166051386
635.5407,814.8356,633.13824,798.26227,699917167238677,699917209737323
591.429,919.9044,631.46967,798.26227,699917209893938,699917244667063
597.49854,946.8494,631.46967,814.8356,699917244859198,699917274894719
590.99176,795.9391,597.49854,798.26227,699917275062479,699917308709250
631.7834,819.85876,631.46967,814.8356,699917308901750,699917341941073
614.61426,855.412,614.61426,814.8356,699917342123417,699917376290188
611.70844,798.89136,614.61426,814.8356,699917376488677,699917410558990
604.42206,809.54486,614.61426,814.8356,699917410726906,699917443178156
595.9897,844.91766,611.70844,814.8356,699917443387427,699917477977375
589.7982,850.68304,604.42206,814.8356,699917478201386,699917511371021
585.8166,859.2098,595.9897,844.91766,699917511562740,699917544746386
457.6743,1481.8792,589.7982,850.68304,699917544880292,699917580617948
370.86484,1729.3463,585.8166,859.2098,699917580717583,699917615459719
386.5899,1974.6451,457.6743,1481.8792,699917615627115,699917648882844
416.99475,1019.80164,416.99475,1019.80164,699917648966542,699917679818729
456.55618,724.95245,456.55618,1019.80164,699917680131594,699917711819302
527.5152,862.46405,456.55618,1019.80164,699917711987948,699917742488938
585.8942,839.5648,456.55618,862.46405,699917742665552,699917779065917
562.6367,723.9635,527.5152,862.46405,699917779178208,699917815826490
561.35,848.97797,561.35,848.97797,699917815910135,699917849034146
584.95447,839.8385,561.35,848.97797,699917849142427,699917883480396
591.42444,866.977,561.35,848.97797,699917884429094,699917919947219
616.7407,870.5956,584.95447,848.97797,699917920187427,699917954917062
608.38403,856.1632,591.42444,856.1632,699917955087010,699917986933365
622.91644,813.97687,608.38403,848.97797,699917987087740,699918019194510
573.7251,895.8627,591.42444,856.1632,699918019366802,699918058842427
623.92053,847.8833,608.38403,848.97797,699918058941958,699918094714719
610.3264,808.12396,608.38403,848.97797,699918094791594,699918130577583
594.408,884.7077,608.38403,848.97797,699918130674146,699918172294302
597.589,878.13715,608.38403,848.97797,699918172376906,699918209322167
583.3582,835.75085,597.589,848.97797,699918209527583,699918240617271
594.101,800.11255,597.589,848.97797,699918240805656,699918275115500
597.80066,852.80505,597.589,848.97797,699918275305448,699918311885760
560.34564,805.8019,597.589,848.97797,699918312251698,699918343902635
575.6132,837.364,597.589,848.97797,699918344188260,699918375907427
587.06085,856.4844,587.06085,848.97797,699918376149458,699918407839979
630.4066,807.1892,597.589,848.97797,699918407952166,699918439479666
565.0021,921.57635,587.06085,848.97797,699918439656281,699918474114354
583.14215,756.0459,587.06085,848.97797,699918474222687,699918512277375
575.2271,880.3666,583.14215,848.97797,699918512382114,699918547917687
568.7165,850.0921,583.14215,848.97797,699918548053052,699918579967062
567.7163,861.81335,575.2271,850.0921,699918580135500,699918614725343
567.45856,848.0086,568.7165,848.97797,699918616745083,699918647357479
591.254,824.89215,575.2271,848.97797,699918647463885,699918678998729
601.0764,817.35016,575.2271,848.0086,699918679082166,699918713596854
606.2767,828.15125,591.254,828.15125,699918713711073,699918746683260
583.69995,819.062,583.69995,828.15125,699918746785812,699918776899145
572.44696,764.1595,583.69995,828.15125,699918777073520,699918808477948
563.90906,785.36237,583.69995,819.062,699918808592531,699918839363989
546.7615,824.8522,572.44696,824.8522,699918839487895,699918872399510
586.666,765.17706,583.69995,819.062,699918872509145,699918907467322
565.6372,792.6927,572.44696,819.062,699918907578000,699918942030656
588.46216,696.26733,583.69995,792.6927,699918942128937,699918982858000
585.19867,697.10846,583.69995,792.6927,699918983569041,699919014446802
593.0098,738.3791,585.19867,738.3791,699919014837010,699919046959666
584.5163,814.76324,584.5163,792.6927,699919047052375,699919081432843
586.7764,791.8182,585.19867,791.8182,699919081555916,699919115248364
607.9117,744.8868,585.19867,791.8182,699919115393937,699919151980135
566.5425,784.17444,585.19867,791.8182,699919152213833,699919187308208
567.9404,817.87756,585.19867,791.8182,699919187407791,699919219285291
569.1425,780.1317,569.1425,791.8182,699919219437583,699919256708364
577.6998,726.4502,577.6998,791.8182,699919256797427,699919292413156
616.01154,733.48474,577.6998,780.1317,699919292896697,699919323632687
575.1529,767.785,577.6998,767.785,699919325269979,699919357561958
550.9744,836.1796,577.6998,780.1317,699919358619979,699919390370916
539.95105,864.7263,575.1529,780.1317,699919390503989,699919423660343
535.504,760.7225,550.9744,780.1317,699919423760499,699919462385291
564.0387,784.29474,564.0387,780.1317,699919462490812,699919493033051
584.3454,816.27325,564.0387,780.1317,699919493191854,699919526577010
586.7813,804.87775,564.0387,784.29474,699919526655395,699919558876228
558.67865,881.46234,564.0387,804.87775,699919558995447,699919591865708
551.6453,801.26013,564.0387,801.26013,699919591935551,699919622726801
538.53253,760.73816,558.67865,801.26013,699919622822843,699919655978989
523.20886,753.8769,551.6453,801.26013,699919656224874,699919689802843
550.70483,771.1743,550.70483,771.1743,699919689896072,699919723542635
569.66534,793.1884,551.6453,793.1884,699919725388676,699919758539510
578.78687,696.30786,551.6453,771.1743,699919760105551,699919794494405
608.59106,722.2057,569.66534,771.1743,699919794573520,699919837423312
593.1791,748.5749,578.78687,748.5749,699919837528103,699919871719301
594.1015,713.5003,593.1791,748.5749,699919871895187,699919903395395
581.1358,734.809,581.1358,748.5749,699919903586593,699919948563885
531.42346,729.36346,581.1358,734.809,699919948668833,699919979850760
561.89136,743.8074,581.1358,743.8074,699919980134562,699920012858520
535.98,666.27783,561.89136,734.809,699920013006905,699920043527062
540.24054,673.328,561.89136,734.809,699920043647895,699920076294457
512.6015,726.4923,540.24054,726.4923,699920076382530,699920110139666
533.9479,741.7159,540.24054,734.809,699920110238207,699920143300551
505.9223,711.29596,533.9479,726.4923,699920143400707,699920173582010
547.6598,668.6625,540.24054,726.4923,699920173740916,699920206159249
567.8944,755.06976,540.24054,726.4923,699920206344926,699920239749353
577.5191,719.9265,547.6598,726.4923,699920239948364,699920275455707
542.4667,811.21387,542.4667,726.4923,699920275557166,699920310230603
597.6183,734.44446,547.6598,726.4923,699920310335134,699920342954666
538.1685,785.0809,542.4667,734.44446,699920343054509,699920375458989
543.7951,768.51843,543.7951,734.44446,699920375576697,699920406476228
579.72144,825.2262,543.7951,768.51843,699920406595603,699920441702374
573.12585,803.6268,543.7951,768.51843,699920441831489,699920472890343
550.9025,838.2319,550.9025,803.6268,699920473011853,699920506192270
565.62897,810.6035,550.9025,803.6268,699920506294770,699920547242895
570.8903,772.9036,550.9025,803.6268,699920547415499,699920584571020
577.0621,778.00696,565.62897,803.6268,699920584755134,699920616870759
592.0699,747.5757,570.8903,778.00696,699920617052322,699920649278624
578.053,823.3905,577.0621,803.6268,699920649375655,699920680568416
584.35675,783.56366,578.053,783.56366,699920680734509,699920713741228
564.9453,857.6464,577.0621,803.6268,699920714569561,699920752305811
565.4168,864.64136,577.0621,803.6268,699920752504353,699920786022009
573.22766,849.35657,573.22766,849.35657,699920786210811,699920820718624
623.4345,832.04877,577.0621,832.04877,699920820874041,699920853518415
601.9049,790.87024,577.0621,832.04877,699920853712009,699920918085030
618.2503,754.6649,601.9049,832.04877,699920918180968,699920952518155
612.624,809.03217,601.9049,809.03217,699920952681853,699920984699353
595.0979,730.77466,601.9049,809.03217,699920984801280,699921016553884
589.7285,737.89404,601.9049,809.03217,699921020667895,699921054160551
593.7606,710.418,595.0979,737.89404,699921055325811,699921094650395
603.8619,673.434,601.9049,737.89404,699921094824822,699921130283936
585.8843,720.32434,595.0979,720.32434,699921130457426,699921167255551
592.3379,672.9685,595.0979,720.32434,699921167432634,699921202515134
588.74506,671.9036,592.3379,720.32434,699921203859353,699921238814978
594.82776,739.84094,594.82776,720.32434,699921238917322,699921270904926
607.8467,742.2449,594.82776,720.32434,699921271000967,699921302099144
613.0617,746.9925,594.82776,739.84094,699921302282738,699921338541228
626.6333,739.5142,607.8467,739.5142,699921338911019,699921370118207
647.9968,743.9796,613.0617,739.84094,699921370304717,699921407871436
658.4709,710.76044,626.6333,739.5142,699921409557999,699921461035759
619.14014,770.29407,619.14014,739.84094,699921461133467,699921494412165
630.1713,765.75195,626.6333,739.84094,699921495234717,699921528776176
594.57837,875.0501,619.14014,765.75195,699921528923676,699921562541540
624.6562,825.0354,624.6562,765.75195,699921562640290,699921598727738
555.2973,943.4155,619.14014,825.0354,699921598847061,699921633978259
609.9663,817.904,619.14014,817.904,699921634158728,699921669492426
588.5268,831.20294,609.9663,825.0354,699921669685863,699921702834405
599.6704,859.79114,609.9663,825.0354,699921702928103,699921736875915
593.98175,827.55206,599.6704,827.55206,699921736980707,699921770140498
591.6847,820.38556,599.6704,825.0354,699921770236176,699921802342790
543.98224,841.9552,593.98175,827.55206,699921802512738,699921836865551
524.3549,856.7429,591.6847,827.55206,699921837004144,699921868508519
503.58694,804.5354,543.98224,827.55206,699921868625290,699921910339665
520.3837,810.1257,524.3549,827.55206,699921910728832,699921943225498
505.58728,792.4813,520.3837,810.1257,699921943335759,699921980911800
542.7659,810.28485,524.3549,810.28485,699921981012269,699922013799978
535.1476,775.962,524.3549,810.1257,699922013984613,699922046148259
588.48517,790.1117,535.1476,810.1257,699922046313103,699922083016644
595.2408,770.98236,535.1476,790.1117,699922083120186,699922119867165
564.97156,910.433,564.97156,810.1257,699922120093519,699922151279821
575.7955,798.5593,564.97156,798.5593,699922152554561,699922183479300
583.5999,878.91345,564.97156,810.1257,699922185165394,699922219367842
608.7298,874.99945,575.7955,810.1257,699922219453050,699922253469509
597.9408,840.82227,583.5999,840.82227,699922254688207,699922284641071
575.63104,938.20197,575.7955,840.82227,699922285811852,699922318375498
350.7548,1646.0878,575.7955,840.82227,699922320670082,699922354533623
295.39194,2042.071,575.63104,938.20197,699922354981280,699922392216904
346.26462,1698.9304,350.7548,1646.0878,699922392315863,699922426329300
417.60297,1010.7301,417.60297,1010.7301,699922426431384,699922457826800
463.995,695.7546,417.60297,1010.7301,699922457952686,699922492073050
391.39902,690.086,417.60297,1010.7301,699922492235602,699922525573519
472.58527,815.112,417.60297,815.112,699922525699717,699922558662946
511.02325,833.5195,417.60297,833.5195,699922558818832,699922590135186
519.0006,760.1662,472.58527,815.112,699922590266852,699922623356592
505.84198,730.5133,505.84198,815.112,699922623609561,699922655687113
539.34607,759.4776,505.84198,760.1662,699922657631175,699922690814925
523.84375,749.19385,505.84198,759.4776,699922690923988,699922722694092
553.6939,835.23596,523.84375,760.1662,699922722836175,699922761225029
579.4842,805.6669,523.84375,760.1662,699922761382061,699922794332998
549.71136,776.9163,549.71136,776.9163,699922794946279,699922828932529
554.68097,753.479,549.71136,760.1662,699922829086800,699922862504925
561.5794,742.7823,549.71136,760.1662,699922863274665,699922910091071
583.07196,685.22736,554.68097,753.479,699922911113311,699922941892477
563.1331,736.5207,561.5794,742.7823,699922942061331,699922972468102
528.7032,770.93414,554.68097,753.479,699922972686852,699923004114508
518.86847,813.3246,554.68097,753.479,699923004465446,699923039393467
517.69977,799.009,528.7032,770.93414,699923039589977,699923073921175
511.61282,862.6739,518.86847,799.009,699923074096383,699923105994613
509.97403,852.95135,517.69977,799.009,699923106182842,699923136804613
548.03864,764.42523,518.86847,799.009,699923136913519,699923177176071
587.84436,727.5073,518.86847,799.009,699923177372008,699923211348727
603.3371,659.3404,548.03864,764.42523,699923211449613,699923245200862
609.2741,568.64923,587.84436,727.5073,699923245369404,699923276717112
596.2029,705.1176,596.2029,705.1176,699923276907321,699923309792998
563.04266,728.9002,587.84436,727.5073,699923309972321,699923355928571
540.9698,833.7239,587.84436,727.5073,699923356059769,699923390084977
552.33124,819.72253,563.04266,728.9002,699923390241852,699923424958935
534.70386,798.50073,552.33124,798.50073,699923425153206,699923461820133
544.04346,807.2534,552.33124,798.50073,699923461943154,699923494206487
551.0918,822.51196,551.0918,798.50073,699923494365237,699923527306019
455.98853,1007.11487,551.0918,807.2534,699923527393779,699923560634248
492.09317,704.72485,551.0918,798.50073,699923560741904,699923594412946
478.7544,644.95233,492.09317,798.50073,699923594525914,699923628458623
468.1648,710.46075,492.09317,710.46075,699923628614144,699923660936175
500.17264,785.7594,492.09317,785.7594,699923661083519,699923696431435
524.20856,732.1642,492.09317,732.1642,699923696542998,699923729579560
525.13654,851.3847,500.17264,785.7594,699923729688727,699923762042425
560.022,740.3763,524.20856,740.3763,699923762237008,699923798454769
582.668,764.2589,525.13654,764.2589,699923798618050,699923832651591
594.05536,741.9115,560.022,741.9115,699923832779404,699923868660706
589.0567,783.1508,582.668,764.2589,699923869671696,699923904656748
611.4544,734.52014,589.0567,741.9115,699923904757685,699923939445602
569.8481,771.067,582.668,764.2589,699923939559404,699923976695237
601.684,803.458,589.0567,764.2589,699923976861591,699924011820498
582.0176,746.8463,582.668,764.2589,699924011931227,699924043571018
579.5877,735.4988,582.668,764.2589,699924043755810,699924075433935
569.60565,819.38086,582.0176,764.2589,699924075624456,699924108328518
563.9915,794.71515,579.5877,764.2589,699924108526748,699924140916956
581.31903,722.35736,581.31903,764.2589,699924141081956,699924175199925
570.7944,744.64624,579.5877,764.2589,699924175346800,699924206799508
568.06055,776.1526,579.5877,764.2589,699924206962268,699924240092633
554.1217,735.0645,570.7944,764.2589,699924240221643,699924271288310
520.9021,792.4791,568.06055,764.2589,699924271431852,699924318052737
507.28516,776.3736,554.1217,764.2589,699924318198518,699924351453622
529.1567,786.56274,529.1567,776.3736,699924352165081,699924385622633
522.35913,795.5773,529.1567,776.3736,699924385790081,699924420069820
520.17,802.46106,529.1567,786.56274,699924420239664,699924478655133
543.0953,767.95264,529.1567,776.3736,699924478755758,699924515003102
528.0701,812.62946,529.1567,786.56274,699924515096695,699924550859404
555.37897,812.38257,529.1567,786.56274,699924550984664,699924585055185
550.30646,851.64545,529.1567,812.38257,699924585211070,699924617873935
563.1194,805.152,550.30646,805.152,699924618034091,699924652354039
546.9794,848.441,546.9794,812.38257,699924654312893,699924685657633
558.2896,835.0016,550.30646,812.38257,699924686448674,699924720415810
560.637,825.71155,550.30646,825.71155,699924720590654,699924751857529
554.77985,816.4159,554.77985,816.4159,699924751975341,699924782420393
559.15204,804.39545,554.77985,816.4159,699924788642581,699924822604404
538.5563,853.7116,554.77985,816.4159,699924822740914,699924858564091
532.6566,813.1047,554.77985,816.4159,699924858664664,699924892229716
528.48456,846.36633,538.5563,816.4159,699924892327164,699924924788987
519.09564,853.8074,532.6566,816.4159,699924924943206,699924957814091
543.39056,899.4547,538.5563,846.36633,699924957972841,699924990121383
576.6047,887.8103,538.5563,853.8074,699924990246591,699925021669091
595.6542,894.2075,543.39056,887.8103,699925021801278,699925053666591
608.0451,806.96783,576.6047,853.8074,699925054403101,699925089807581
508.1215,844.02655,543.39056,853.8074,699925089895497,699925122906122
522.8428,798.9305,543.39056,844.02655,699925123074247,699925158286226
498.76718,783.6344,522.8428,844.02655,699925158402216,699925190131695
525.3981,820.1819,525.3981,820.1819,699925190225862,699925221942424
520.9643,858.8434,522.8428,844.02655,699925222058622,699925255495028
517.66846,873.4753,522.8428,844.02655,699925255589768,699925288738778
532.1898,867.5238,522.8428,858.8434,699925288844612,699925323677580
509.41287,869.77484,522.8428,867.5238,699925323781330,699925358279403
489.1047,868.5411,522.8428,867.5238,699925358365028,699925394720653
564.51624,820.85406,522.8428,867.5238,699925394818726,699925427177320
517.8599,893.87756,522.8428,867.5238,699925427330862,699925462837268
509.65457,830.84784,522.8428,867.5238,699925462934872,699925495696018
525.1231,724.3824,522.8428,867.5238,699925495808466,699925530790862
512.00256,841.13513,522.8428,841.13513,699925531897789,699925567651018
568.65674,800.6488,522.8428,841.13513,699925567815653,699925604866018
538.7204,841.4647,522.8428,841.13513,699925605033882,699925635564195
549.0357,836.5443,538.7204,841.13513,699925635763310,699925668665809
537.53314,823.4146,537.53314,841.13513,699925668858622,699925702712424
528.24506,731.75226,537.53314,836.5443,699925702903570,699925733602684
545.118,691.70935,537.53314,823.4146,699925733782112,699925765025601
565.17584,696.72394,537.53314,731.75226,699925765178987,699925799168049
551.93994,773.36237,545.118,773.36237,699925801153153,699925833687789
531.45715,789.2343,537.53314,773.36237,699925833791382,699925866283414
550.76074,711.91644,545.118,773.36237,699925866468986,699925899814039
577.42004,687.365,545.118,773.36237,699925899984091,699925933095445
553.65204,776.0984,550.76074,773.36237,699925933246382,699925965193934
534.2069,854.21747,545.118,773.36237,699925965380966,699925997812528
552.35,701.36554,550.76074,773.36237,699925997977736,699926028035184
547.39105,661.3057,547.39105,773.36237,699926028135966,699926061594351
570.7176,749.9631,550.76074,749.9631,699926061694247,699926097211018
598.42664,723.315,550.76074,749.9631,699926097393778,699926129516538
550.8856,746.1368,550.8856,749.9631,699926129655288,699926167653622
511.9297,788.3644,550.76074,749.9631,699926167778101,699926199208986
510.2836,867.5315,550.76074,749.9631,699926199397007,699926236390809
504.79266,850.2207,511.9297,788.3644,699926236534351,699926270747424
502.42026,895.6757,510.2836,850.2207,699926270857632,699926301017111
520.6653,845.9467,511.9297,845.9467,699926301172997,699926330790601
518.1716,901.5135,511.9297,850.2207,699926330921382,699926362064559
534.89325,867.903,518.1716,850.2207,699926362309455,699926397407163
501.10617,853.7136,511.9297,853.7136,699926397586851,699926429397840
586.4263,905.7378,518.1716,853.7136,699926429576434,699926461379507
507.0514,889.99207,511.9297,853.7136,699926461486590,699926502954924
540.0634,898.09265,518.1716,889.99207,699926503088361,699926533870184
583.9769,907.03674,518.1716,889.99207,699926534066278,699926565943517
593.34686,880.44336,540.0634,889.99207,699926566100809,699926599834715
603.5859,867.16437,583.9769,889.99207,699926599942163,699926630534611
597.9552,927.68884,593.34686,889.99207,699926630726226,699926662990705
305.00504,1614.2675,583.9769,889.99207,699926663175236,699926696423309
347.6848,1889.9929,583.9769,927.68884,699926697499872,699926731999195
348.21548,1310.244,348.21548,1310.244,699926732146382,699926764496799
510.61093,732.3986,510.61093,927.68884,699926764644351,699926798045132
380.74527,711.96765,380.74527,927.68884,699926798194715,699926832590861
472.49664,890.1109,472.49664,890.1109,699926832785653,699926863466851
413.4611,893.84515,413.4611,893.84515,699926863645705,699926896548413
462.05878,749.7789,462.05878,890.1109,699926896699194,699926930026017
444.68317,763.176,444.68317,890.1109,699926930197372,699926966381642
495.66138,720.25653,462.05878,763.176,699926966555809,699926997580028
516.5824,767.5778,462.05878,767.5778,699926997735184,699927031424924
503.13235,754.82355,495.66138,763.176,699927031606434,699927062752580
534.06854,735.1404,503.13235,763.176,699927062914194,699927097930705
570.4571,844.231,503.13235,763.176,699927098108049,699927134819924
598.9914,780.7321,534.06854,763.176,699927134996278,699927169085444
580.9634,846.32294,570.4571,780.7321,699927169289090,699927203854403
576.3651,869.129,576.3651,780.7321,699927203942840,699927234659507
556.01935,829.9933,570.4571,829.9933,699927234837423,699927265348569
552.7772,820.25116,570.4571,820.25116,699927265515965,699927297582215
545.3319,798.5816,556.01935,820.25116,699927297741382,699927329421955
568.37714,845.86816,568.37714,820.25116,699927329601330,699927367608673
580.9764,848.92596,568.37714,820.25116,699927367755028,699927404753882
556.20575,850.8242,568.37714,845.86816,699927404844871,699927441015132
548.72565,826.8203,568.37714,826.8203,699927441103100,699927481740705
582.2318,914.8681,568.37714,845.86816,699927481879507,699927514275340
552.6416,938.0505,568.37714,845.86816,699927514401486,699927545288673
525.1869,939.40424,568.37714,914.8681,699927545479507,699927577074871
555.74,962.5276,555.74,938.0505,699927577216850,699927610548725
526.8785,952.48987,555.74,939.40424,699927610732475,699927645741486
543.8535,856.57574,555.74,938.0505,699927645867111,699927682404194
578.32404,956.77454,555.74,939.40424,699927683502475,699927715246590
524.2812,931.3304,555.74,938.0505,699927715326330,699927747338882
508.0479,886.24695,555.74,938.0505,699927747519090,699927808409298
528.0316,917.3162,528.0316,931.3304,699927808521798,699927842683257
553.6098,939.6543,553.6098,938.0505,699927843188673,699927881591017
530.69714,828.99084,530.69714,931.3304,699927881678413,699927917873882
513.3666,888.3324,530.69714,931.3304,699927919107684,699927956074142
497.15427,845.9725,530.69714,888.3324,699927956178361,699927990174038
489.623,882.4449,513.3666,888.3324,699927990283309,699928025272684
486.52368,883.45154,497.15427,883.45154,699928025452684,699928057084506
531.44464,874.45856,513.3666,883.45154,699928057177475,699928090153986
541.4175,828.23486,513.3666,883.45154,699928090252423,699928123407319
526.1469,853.7984,526.1469,874.45856,699928123496277,699928180896590
530.9072,859.1623,526.1469,859.1623,699928180997892,699928214804246
523.97504,827.8143,526.1469,859.1623,699928215444402,699928248856798
478.01428,918.24365,526.1469,859.1623,699928249036694,699928280238725
498.92126,894.8356,523.97504,859.1623,699928280344090,699928315678777
526.3155,880.12305,526.1469,880.12305,699928315789611,699928349196538
501.13025,834.24634,523.97504,859.1623,699928349342996,699928380956121
528.80334,857.8821,526.1469,859.1623,699928381914350,699928414025236
535.6917,812.29297,526.1469,857.8821,699928414358100,699928447062058
504.21356,851.3966,526.1469,857.8821,699928448053621,699928479554246
539.855,894.15344,526.1469,857.8821,699928479717840,699928513511017
529.61084,865.8629,526.1469,857.8821,699928513630600,699928546179038
508.47284,854.10895,526.1469,857.8821,699928546346538,699928582177788
509.50833,844.13763,526.1469,857.8821,699928582258256,699928638125288
493.6843,836.1773,509.50833,854.10895,699928638232996,699928680610496
513.5777,791.6433,513.5777,844.13763,699928680696902,699928712716485
523.48016,868.06555,513.5777,854.10895,699928712820548,699928744810183
530.073,823.74536,513.5777,844.13763,699928745952058,699928776575496
505.57013,840.48755,513.5777,844.13763,699928777581850,699928808949871
539.07983,905.45667,513.5777,844.13763,699928810390704,699928841548308
519.9867,814.31714,513.5777,844.13763,699928841850756,699928876509871
505.45596,886.6068,513.5777,844.13763,699928881549246,699928914788673
518.91003,933.52997,513.5777,844.13763,699928916488256,699928953337162
517.35675,741.6031,513.5777,844.13763,699928953420912,699928985466850
524.2074,777.73206,517.35675,844.13763,699928985569506,699929022178933
495.3225,855.1761,513.5777,844.13763,699929022988152,699929057607527
497.78156,949.3936,513.5777,844.13763,699929057769298,699929092891329
497.6728,817.0218,497.78156,844.13763,699929093068412,699929125020964
522.0409,801.73175,513.5777,844.13763,699929125187527,699929160211798
469.78308,812.3102,497.78156,817.0218,699929160336902,699929193826902
457.21118,890.846,497.78156,844.13763,699929193918985,699929226796329
451.55698,858.30963,469.78308,844.13763,699929226906537,699929259172006
472.78,789.389,472.78,844.13763,699929259329871,699929292565964
492.0618,785.13904,472.78,844.13763,699929292749558,699929324809610
490.60608,798.44196,472.78,798.44196,699929324935027,699929358383673
472.10843,820.59924,472.78,820.59924,699929358552006,699929395951225
468.49155,854.1207,472.78,820.59924,699929396174037,699929429057891
469.21344,889.17816,472.10843,820.59924,699929429233933,699929463442058
454.36273,853.948,469.21344,853.948,699929463609246,699929495476121
475.23987,866.03284,472.10843,853.948,699929495621954,699929525804610
485.83224,833.6748,472.10843,853.948,699929525904818,699929557738412
519.8411,863.6273,475.23987,853.948,699929557846485,699929590615027
513.537,872.0516,485.83224,853.948,699929590705495,699929626963829
501.79327,873.32623,501.79327,863.6273,699929627068829,699929661359818
519.2072,884.36127,501.79327,872.0516,699929661543568,699929696241329
551.3204,899.0514,501.79327,873.32623,699929696457058,699929727603412
575.8076,865.06744,519.2072,872.0516,699929727764506,699929765715548
588.48,923.9821,551.3204,873.32623,699929765889298,699929800227110
566.5426,905.78046,566.5426,873.32623,699929800373047,699929830895287
581.19727,881.22473,566.5426,881.22473,699929831003672,699929863434922
567.87354,881.6866,566.5426,881.22473,699929863549350,699929897263464
562.3132,878.4932,566.5426,881.22473,699929897371172,699929929145964
565.49994,876.3295,566.5426,881.22473,699929929260495,699929962009662
529.4812,868.8092,565.49994,878.4932,699929962151797,699929991540547
509.0576,870.2563,565.49994,876.3295,699929991711016,699930026088724
532.2711,878.18146,532.2711,878.18146,699930026266485,699930069854610
572.91846,910.02466,565.49994,878.18146,699930070584870,699930102408308
579.99915,879.4413,565.49994,878.18146,699930102509037,699930137516745
549.42084,912.1048,565.49994,879.4413,699930138349818,699930168451172
540.6227,919.57526,565.49994,879.4413,699930168560287,699930200470391
582.0997,866.8311,565.49994,879.4413,699930200574922,699930231009714
601.9354,905.64764,565.49994,879.4413,699930231105860,699930262615235
595.0589,840.985,582.0997,879.4413,699930262742058,699930294647006
564.53644,881.9274,565.49994,879.4413,699930294778099,699930328471433
557.5091,935.1291,565.49994,879.4413,699930328590026,699930359940183
577.7033,846.30273,565.49994,879.4413,699930360160339,699930391020131
557.2269,831.82056,565.49994,879.4413,699930391182006,699930423243308
579.20593,877.37695,565.49994,877.37695,699930423345912,699930456344870
582.7845,870.0001,565.49994,877.37695,699930456448099,699930488798203
588.617,874.0494,579.20593,877.37695,699930488959662,699930523675495
552.56744,856.7234,565.49994,874.0494,699930524321381,699930558798412
567.063,853.7633,567.063,874.0494,699930558897683,699930590256537
552.1534,889.4406,565.49994,874.0494,699930590404297,699930624320964
560.0208,813.907,565.49994,874.0494,699930624486068,699930658988203
569.65924,907.0152,565.49994,874.0494,699930659164089,699930696443360
568.11206,913.1003,565.49994,874.0494,699930696600547,699930730462422
613.379,747.666,568.11206,874.0494,699930730655287,699930762356276
610.308,820.16187,568.11206,874.0494,699930762505026,699930797058620
594.18896,854.81323,594.18896,854.81323,699930797157474,699930831611589
626.1892,835.8744,594.18896,854.81323,699930831713464,699930864373047
630.376,812.104,594.18896,854.81323,699930864470964,699930895048672
586.203,854.64923,594.18896,854.64923,699930895234297,699930927907474
561.7924,853.5715,594.18896,854.64923,699930928121380,699930961481432
567.8198,871.48615,586.203,854.64923,699930961674557,699930994647682
597.39056,774.69257,594.18896,854.64923,699930995523151,699931035496016
573.4664,852.14343,586.203,854.64923,699931035601537,699931066329714
589.8012,770.3081,589.8012,852.14343,699931067308047,699931106108360
560.9093,792.20776,586.203,852.14343,699931106235651,699931140083412
544.67584,767.18207,586.203,792.20776,699931152287422,699931189732474
525.4747,810.04004,560.9093,810.04004,699931189890495,699931223657526
559.4232,870.89386,559.4232,810.04004,699931223769974,699931257252370
518.1454,917.74896,559.4232,810.04004,699931257371537,699931290574505
543.75183,774.19946,559.4232,810.04004,699931290756797,699931330298203
574.61316,819.29376,559.4232,810.04004,699931330396641,699931360637370
572.04175,789.3453,559.4232,810.04004,699931360793880,699931394929036
593.3596,778.5561,572.04175,810.04004,699931395026328,699931426022266
578.7443,736.8502,572.04175,789.3453,699931426225182,699931465214505
572.4314,765.0777,572.4314,778.5561,699931465319193,699931499031901
555.59973,816.4006,572.04175,789.3453,699931499148099,699931535407839
570.5686,783.80505,572.04175,783.80505,699931535487891,699931564955859
553.34247,808.7482,570.5686,789.3453,699931565736016,699931598238359
556.78143,784.9783,570.5686,784.9783,699931599010807,699931628632057
578.737,736.4922,570.5686,784.9783,699931629557578,699931660180234
594.11163,759.19977,570.5686,784.9783,699931660360026,699931691952318
601.0324,765.2915,578.737,765.2915,699931692175547,699931726279245
570.98065,839.63635,570.98065,784.9783,699931726444766,699931763518776
575.15375,875.4351,575.15375,784.9783,699931763620807,699931825017370
555.7067,822.0427,570.98065,822.0427,699931825137474,699931858593568
531.80817,822.21893,570.98065,822.0427,699931858728099,699931896096224
561.2026,815.8345,561.2026,822.0427,699931896263255,699931928436484
541.6858,868.90497,561.2026,822.0427,699931928533880,699931959651536
554.6163,913.57874,561.2026,822.0427,699931959757943,699931992422630
560.7621,980.8428,560.7621,868.90497,699931992547213,699932030241640
585.8789,985.9405,561.2026,913.57874,699932030367734,699932061767942
598.15393,971.4611,561.2026,971.4611,699932061902265,699932095495234
625.9376,979.92426,585.8789,971.4611,699932095600390,699932128063255
553.9809,932.3613,561.2026,971.4611,699932128171640,699932159358724
534.1387,900.1679,561.2026,971.4611,699932159503984,699932191423151
541.3189,965.7715,553.9809,965.7715,699932191612370,699932222651744
576.9922,864.4456,561.2026,965.7715,699932222836901,699932258464922
582.1539,948.4775,561.2026,965.7715,699932258579922,699932295996224
603.838,918.8623,576.9922,948.4775,699932296163411,699932330555547
570.2504,854.9316,570.2504,948.4775,699932330755182,699932365944557
578.065,938.55414,576.9922,938.55414,699932367047317,699932398476692
566.0148,881.0992,570.2504,938.55414,699932398643151,699932429013984
571.7967,861.7505,571.7967,938.55414,699932429128828,699932462659296
586.0724,834.48883,571.7967,881.0992,699932463224088,699932501052005
576.2008,902.3143,571.7967,902.3143,699932501137265,699932534778619
595.8057,791.38666,576.2008,881.0992,699932534969453,699932573238776
572.2543,799.96857,572.2543,881.0992,699932573373671,699932604953203
594.5497,837.3776,576.2008,837.3776,699932605111588,699932638833984
568.2361,848.45734,572.2543,848.45734,699932638955286,699932671419088
584.61316,866.1107,576.2008,848.45734,699932671622786,699932705338984
583.65344,865.86884,576.2008,848.45734,699932705516848,699932736110286
584.1135,881.9647,583.65344,865.86884,699932736309088,699932767703880
579.53894,885.10156,579.53894,865.86884,699932767884140,699932797933984
570.8836,848.6154,579.53894,865.86884,699932798108151,699932827746901
573.6245,829.2477,579.53894,865.86884,699932827848151,699932859487317
567.0125,833.12,573.6245,848.6154,699932859585598,699932893404400
557.21204,812.5054,573.6245,833.12,699932893491119,699932932974192
544.715,827.29706,567.0125,833.12,699932933147525,699932971601692
627.5223,762.379,573.6245,827.29706,699932971689661,699933005852317
586.4309,866.58545,573.6245,833.12,699933006038880,699933038362994
358.23273,1334.3,573.6245,833.12,699933040794192,699933073093098
355.59497,1635.886,573.6245,866.58545,699933074511223,699933106470286
370.13766,1189.2388,370.13766,1189.2388,699933108643202,699933144251015
409.21832,641.6308,409.21832,866.58545,699933144631744,699933174552005
403.53357,678.33014,403.53357,866.58545,699933174631536,699933207728255
434.2842,837.7194,409.21832,837.7194,699933207815130,699933239821848
401.29913,812.4981,403.53357,837.7194,699933239900286,699933272308463
421.6955,770.18884,409.21832,837.7194,699933273274609,699933305698567
456.53967,778.9118,409.21832,812.4981,699933306463202,699933345720963
498.5538,702.6812,421.6955,778.9118,699933347441379,699933381905338
496.73718,821.1425,456.53967,812.4981,699933382093619,699933419708619
499.63,856.2316,496.73718,812.4981,699933419839192,699933459241171
522.10504,857.642,496.73718,821.1425,699933459396952,699933492249504
512.1896,749.70447,499.63,812.4981,699933492367734,699933551317681
585.00464,793.254,512.1896,812.4981,699933551431744,699933586100546
547.4412,879.531,512.1896,812.4981,699933586288775,699933619152734
568.81494,873.74554,547.4412,812.4981,699933619286744,699933656749140
579.1445,796.48334,547.4412,812.4981,699933656848931,699933688198254
555.73474,810.6599,555.73474,812.4981,699933688301900,699933721889921
572.7105,790.40063,555.73474,810.6599,699933722084296,699933757674921
578.77203,894.41345,555.73474,812.4981,699933757773150,699933788248411
581.47595,849.8517,572.7105,812.4981,699933788436848,699933821869608
565.409,854.6037,565.409,849.8517,699933822029192,699933854578619
575.613,880.59576,572.7105,849.8517,699933854731015,699933897443775
568.22095,867.72394,568.22095,854.6037,699933897532942,699933929523671
579.1432,869.1028,572.7105,867.72394,699933929621483,699933963117681
554.5674,871.34937,568.22095,867.72394,699933963262838,699933994536900
568.87445,840.5312,568.87445,867.72394,699933994667681,699934026836640
553.9416,844.6991,568.22095,867.72394,699934027009348,699934057865181
586.6669,749.36316,568.87445,844.6991,699934057968879,699934090617369
575.3853,784.7558,568.87445,844.6991,699934090720181,699934126324713
571.98236,840.4929,571.98236,840.4929,699934126521640,699934157601067
563.1714,842.1639,568.87445,842.1639,699934157701379,699934191831848
564.9533,844.40063,568.87445,842.1639,699934193159973,699934223977160
583.1262,822.42694,568.87445,842.1639,699934224108567,699934259804452
601.03937,814.42957,568.87445,842.1639,699934259974140,699934294587942
604.918,817.1741,583.1262,822.42694,699934294781952,699934326902265
631.7314,852.7221,601.03937,842.1639,699934327075390,699934363940025
622.9914,866.4479,604.918,842.1639,699934364059817,699934396783671
643.5819,833.01215,622.9914,842.1639,699934396884087,699934428609817
615.4547,833.2322,615.4547,842.1639,699934428796119,699934460647056
621.67035,828.82996,621.67035,833.2322,699934460821692,699934494549817
611.67,964.16547,615.4547,842.1639,699934494694244,699934525949817
619.89624,849.78394,619.89624,842.1639,699934526115598,699934558842577
614.933,816.63495,615.4547,842.1639,699934559019556,699934591926692
618.35626,852.78503,618.35626,842.1639,699934592158202,699934623535285
585.4432,938.5353,615.4547,842.1639,699934623628827,699934655616483
620.72144,892.242,618.35626,852.78503,699934655739139,699934688420129
594.29333,924.9632,615.4547,892.242,699934688522785,699934721919660
616.60297,815.0698,616.60297,852.78503,699934722036119,699934752330285
644.0067,810.27295,616.60297,852.78503,699934752494816,699934785075962
586.54956,921.03284,616.60297,852.78503,699934785257056,699934817860129
590.28375,1011.79834,616.60297,852.78503,699934817998410,699934853370129
588.8758,968.03925,590.28375,921.03284,699934853466952,699934887450285
595.6877,951.78455,595.6877,951.78455,699934887542473,699934920299921
656.0681,831.7307,595.6877,921.03284,699934920410702,699934954592368
622.44147,994.3655,595.6877,951.78455,699934954695389,699934987905702
603.97266,917.9542,603.97266,921.03284,699934988121587,699935020256743
593.9054,901.8493,595.6877,921.03284,699935020353254,699935061259816
590.57684,816.5497,595.6877,917.9542,699935061416483,699935094856379
553.8917,892.5542,593.9054,901.8493,699935095373566,699935126424348
545.8586,946.87933,590.57684,917.9542,699935126584400,699935158277420
543.16156,912.2279,553.8917,912.2279,699935158447004,699935189341118
578.5859,871.98596,578.5859,912.2279,699935189472785,699935223218983
594.4226,882.6571,578.5859,912.2279,699935223385806,699935254608254
575.69696,861.0366,578.5859,882.6571,699935254707681,699935286745858
578.1077,872.983,578.5859,882.6571,699935286973358,699935321690910
576.7508,874.9911,578.1077,874.9911,699935322609660,699935355108150
620.92694,815.48456,578.5859,874.9911,699935356091900,699935389681847
612.1313,769.14557,578.5859,874.9911,699935389781847,699935421779868
602.0482,841.0957,602.0482,841.0957,699935422201118,699935455127160
591.2705,921.08606,591.2705,874.9911,699935455292420,699935491911535
592.78595,896.3333,592.78595,874.9911,699935492118670,699935525303879
566.3083,897.1161,591.2705,896.3333,699935525490389,699935560932004
629.7571,891.037,592.78595,891.037,699935561050129,699935592530962
598.5317,943.31085,592.78595,896.3333,699935592714764,699935623439087
608.26746,813.897,598.5317,891.037,699935623618202,699935654580597
611.6088,811.2905,598.5317,891.037,699935655079035,699935686314087
578.0453,821.40924,598.5317,821.40924,699935686416587,699935719193306
587.62225,859.429,598.5317,859.429,699935719296222,699935753340441
566.5395,876.8556,587.62225,859.429,699935753462056,699935789643931
559.17914,873.80615,587.62225,859.429,699935790566014,699935825299035
558.291,850.9919,566.5395,859.429,699935825486899,699935858125806
594.19165,856.02155,587.62225,859.429,699935858316691,699935889652993
616.7986,787.7478,587.62225,856.02155,699935889815024,699935921332472
573.1262,827.8034,587.62225,856.02155,699935921523722,699935953744243
599.6111,807.53687,587.62225,827.8034,699935954864139,699935985453149
582.114,754.1024,587.62225,827.8034,699935985552420,699936023134660
551.3085,814.53174,587.62225,814.53174,699936023302576,699936053851066
553.5439,832.4636,582.114,827.8034,699936053970545,699936085547837
511.27386,969.4184,553.5439,827.8034,699936085642785,699936118429503
546.04974,871.5345,553.5439,832.4636,699936118535285,699936152563722
533.2643,893.8528,546.04974,871.5345,699936152692576,699936185787003
553.4219,900.3812,553.4219,871.5345,699936185902837,699936220295910
561.4442,954.4987,553.4219,893.8528,699936220443722,699936255538878
587.3326,796.0537,553.4219,871.5345,699936255643462,699936291024035
595.6647,797.94275,561.4442,871.5345,699936291192420,699936326146014
598.13586,767.84607,587.3326,797.94275,699936326277941,699936358050337
586.10223,793.77954,586.10223,797.94275,699936359474555,699936390412941
582.12134,845.7882,586.10223,797.94275,699936390881587,699936420841274
569.13544,918.314,586.10223,797.94275,699936420995962,699936455693253
574.4224,926.55884,582.12134,845.7882,699936456108878,699936487284660
564.15094,923.61456,574.4224,918.314,699936487473357,699936522495649
584.28064,814.0969,582.12134,845.7882,699936522612837,699936557771691
595.79596,751.2196,582.12134,845.7882,699936557965180,699936590053357
581.2101,823.7417,582.12134,823.7417,699936590212055,699936623202680
559.35114,811.1246,582.12134,823.7417,699936623346899,699936655002524
449.48862,964.47754,581.2101,823.7417,699936655142889,699936687202941
354.12695,1777.3798,559.35114,823.7417,699936687370441,699936727098253
315.68536,1857.7804,449.48862,964.47754,699936727192784,699936757373149
316.1069,1398.3745,354.12695,1398.3745,699936757542055,699936789768878
414.94748,670.11884,414.94748,964.47754,699936789938461,699936820934295
535.49664,588.46564,414.94748,964.47754,699936821111326,699936853260753
509.51538,779.20715,414.94748,779.20715,699936853396951,699936884383774
554.08417,726.36005,509.51538,779.20715,699936884490545,699936916613566
540.11584,682.8244,509.51538,779.20715,699936916725597,699936950082889
600.4062,675.6006,540.11584,726.36005,699936950186326,699936983105232
601.30945,780.9872,540.11584,779.20715,699936983215909,699937017011378
615.4866,727.4409,600.4062,727.4409,699937017126586,699937052302472
605.5666,728.12946,601.30945,728.12946,699937052457628,699937085510024
599.0077,749.0535,600.4062,728.12946,699937085676534,699937119265701
578.299,771.08936,600.4062,728.12946,699937119446586,699937158867107
571.8912,755.1838,599.0077,749.0535,699937158966586,699937190012888
589.80756,737.9313,589.80756,737.9313,699937190187316,699937222209920
590.53253,729.3207,590.53253,737.9313,699937222314138,699937255878878
584.04175,740.87006,589.80756,737.9313,699937256113097,699937287653097
570.02203,781.21265,589.80756,737.9313,699937287749451,699937318994920
584.05743,770.4017,584.05743,740.87006,699937319938461,699937352817784
548.51794,768.924,584.05743,768.924,699937352935597,699937384495128
565.21533,788.01105,584.05743,768.924,699937384635076,699937416832680
564.49786,767.4341,565.21533,768.924,699937417757315,699937450806951
568.16547,865.5831,568.16547,768.924,699937450969086,699937487300388
555.79517,831.3699,565.21533,768.924,699937487480805,699937519435076
565.47906,893.0201,565.47906,831.3699,699937519554711,699937551016795
589.26373,775.6612,565.47906,775.6612,699937551142992,699937598660805
553.24005,829.77997,565.47906,829.77997,699937598770440,699937638469659
587.624,814.71814,565.47906,814.71814,699937638628201,699937670387836
574.17816,837.9874,565.47906,829.77997,699937670552211,699937702491534
559.0319,841.9442,565.47906,829.77997,699937702719451,699937734415492
569.1695,850.11066,565.47906,837.9874,699937736090649,699937767534086
539.46124,837.7742,565.47906,837.7742,699937767699555,699937799755492
551.30804,779.0496,565.47906,837.7742,699937799881274,699937832522628
564.54346,783.0786,564.54346,837.7742,699937832734711,699937865168878
565.9261,849.22174,565.47906,837.7742,699937865280128,699937899849294
547.9718,810.4474,564.54346,837.7742,699937899968201,699937934156846
551.9696,807.17236,564.54346,837.7742,699937934308774,699937966811169
580.37506,837.3117,564.54346,837.3117,699937967946846,699938001033878
568.68744,793.65704,564.54346,837.3117,699938003168409,699938033654971
585.2837,805.62476,568.68744,837.3117,699938048302680,699938088881690
571.1085,781.0065,568.68744,805.62476,699938089935596,699938123118982
581.5465,831.8978,571.1085,831.8978,699938123208513,699938152563773
562.989,768.2694,568.68744,805.62476,699938152748148,699938184601690
545.0036,790.13055,568.68744,805.62476,699938185627263,699938225337784
549.37177,888.6173,562.989,805.62476,699938225432003,699938255435284
535.0869,837.0833,549.37177,805.62476,699938255623305,699938285517263
524.8328,849.7974,549.37177,837.0833,699938285698148,699938318738409
515.667,863.50415,535.0869,837.0833,699938318938930,699938352390648
512.8431,882.95776,524.8328,849.7974,699938352551534,699938386555805
540.7169,818.5145,535.0869,837.0833,699938386723409,699938421308305
581.12946,912.38464,535.0869,849.7974,699938421497159,699938454199138
557.5922,870.30145,540.7169,849.7974,699938454371586,699938486900805
568.05664,838.6959,557.5922,849.7974,699938487014971,699938520156221
549.1703,795.21185,549.1703,849.7974,699938520263617,699938550467732
542.3696,820.293,549.1703,838.6959,699938550638357,699938582335388
563.36786,954.2698,549.1703,849.7974,699938582519919,699938614924138
527.75964,860.29315,549.1703,849.7974,699938615103409,699938649392159
523.54004,886.37726,549.1703,860.29315,699938649559138,699938682195805
570.723,835.6348,549.1703,849.7974,699938682370180,699938717287315
517.5457,845.0663,549.1703,849.7974,699938717431430,699938750548669
547.32544,788.3224,549.1703,845.0663,699938750700752,699938783015544
615.9539,842.3393,549.1703,845.0663,699938783179086,699938817124242
582.04297,807.15845,549.1703,842.3393,699938817305388,699938852667575
542.34174,822.0054,549.1703,842.3393,699938852835492,699938885606534
491.93768,905.01794,549.1703,842.3393,699938885733148,699938917577627
491.04794,893.90985,542.34174,842.3393,699938917731742,699938950821325
495.40228,932.13257,495.40228,893.90985,699938950945596,699938986395544
467.26434,770.89923,495.40228,842.3393,699938986491950,699939017843461
428.30118,877.2633,495.40228,877.2633,699939018029815,699939051156950
492.21823,821.1798,492.21823,842.3393,699939051289190,699939082919763
438.35132,981.9774,492.21823,877.2633,699939083100284,699939121474763
423.96262,905.15155,492.21823,877.2633,699939121647575,699939155050909
441.94525,855.43243,441.94525,877.2633,699939155155388,699939187761534
458.31366,869.65643,458.31366,877.2633,699939187868044,699939220566742
542.3066,917.8492,458.31366,877.2633,699939220710908,699939253787992
514.18854,857.9617,458.31366,877.2633,699939253983981,699939285587315
492.50772,852.7524,492.50772,877.2633,699939285714919,699939318630075
499.7364,883.4389,492.50772,877.2633,699939318762054,699939351251481
511.40497,861.6398,492.50772,877.2633,699939351368200,699939386426586
488.21777,874.5906,492.50772,877.2633,699939387226742,699939436307263
437.76413,873.4278,492.50772,874.5906,699939436389606,699939467346690
472.32324,822.85016,488.21777,874.5906,699939467435492,699939499179919
481.0317,873.1241,481.0317,873.4278,699939501017940,699939534887523
506.95407,925.7128,488.21777,874.5906,699939535025596,699939567075856
469.81125,866.96924,481.0317,873.4278,699939568368669,699939601636794
469.2592,872.9313,481.0317,873.4278,699939603156481,699939633746637
544.24774,830.854,481.0317,872.9313,699939633899762,699939665237158
537.20575,824.9828,481.0317,872.9313,699939669148096,699939701520387
442.5901,856.6321,481.0317,856.6321,699939702305387,699939732667731
468.0633,894.6248,481.0317,872.9313,699939734632992,699939764618565
496.72958,852.20197,481.0317,856.6321,699939766031950,699939800222627
496.5968,889.3453,481.0317,872.9313,699939800309606,699939832379762
495.8256,948.7442,495.8256,872.9313,699939833562835,699939865192939
510.8965,963.27924,495.8256,889.3453,699939867291012,699939898933721
518.21454,883.4707,495.8256,883.4707,699939900035856,699939935037106
495.0766,876.58734,495.8256,883.4707,699939937097783,699939974620908
541.251,892.38196,495.8256,883.4707,699939974713356,699940009922419
535.6056,925.16455,495.8256,883.4707,699940010200752,699940047029762
560.1164,890.1591,535.6056,890.1591,699940047223825,699940079542991
551.0103,866.8475,535.6056,883.4707,699940079725856,699940114298773
547.2743,873.5656,547.2743,883.4707,699940114470439,699940151240752
549.19714,851.28503,547.2743,873.5656,699940151439762,699940183361898
528.29156,887.43976,547.2743,883.4707,699940184227991,699940217272158
546.1036,864.217,547.2743,873.5656,699940217386377,699940249300231
572.9609,923.14764,547.2743,883.4707,699940249440908,699940281680231
545.0138,885.6164,547.2743,883.4707,699940281802627,699940315353773
558.48914,903.7258,547.2743,885.6164,699940315534085,699940354913148
567.9232,863.9874,547.2743,883.4707,699940355060596,699940415292471
537.3104,918.83795,547.2743,885.6164,699940415398825,699940454996481
403.1317,1776.6107,547.2743,885.6164,699940455092783,699940488095856
398.01926,1796.008,537.3104,918.83795,699940488191116,699940517779450
307.78772,1794.3517,403.1317,1776.6107,699940517893460,699940550730283
413.7952,1120.648,413.7952,1120.648,699940550855387,699940582220439
446.46323,650.9999,413.7952,1120.648,699940582400595,699940614295439
467.42822,697.50336,413.7952,1120.648,699940614400127,699940648496012
476.49963,772.2097,446.46323,772.2097,699940648635804,699940682335595
560.92816,695.2688,467.42822,772.2097,699940682435491,699940714245804
562.8378,716.9616,476.49963,772.2097,699940714431741,699940747100335
556.08276,740.59015,556.08276,740.59015,699940747295127,699940780264814
553.9057,731.05927,553.9057,740.59015,699940780446377,699940814639293
580.6342,772.9539,556.08276,740.59015,699940814824397,699940846564606
572.953,757.27374,556.08276,740.59015,699940846722887,699940895275022
576.3886,793.44275,572.953,757.27374,699940895360439,699940931070387
586.0075,799.8775,572.953,757.27374,699940931185335,699940963818095
613.20746,843.2329,576.3886,793.44275,699940963932366,699940999961377
583.72876,827.6932,583.72876,799.8775,699941001082574,699941033418460
599.38574,824.1384,583.72876,824.1384,699941035207783,699941069632054
622.0852,864.0408,583.72876,824.1384,699941070424658,699941105726377
617.6724,865.1099,599.38574,824.1384,699941105820647,699941142606741
618.19507,868.59393,617.6724,864.0408,699941142741116,699941177662887
604.38196,890.75073,604.38196,865.1099,699941177763356,699941211350439
616.41583,873.53595,616.41583,868.59393,699941211544970,699941244669449
587.50397,889.8675,604.38196,873.53595,699941244850960,699941284200647
609.6796,888.57166,609.6796,873.53595,699941284354501,699941321088720
625.9084,844.653,609.6796,873.53595,699941321239085,699941351875699
643.68854,839.70447,609.6796,873.53595,699941351970647,699941383585960
595.033,886.0624,609.6796,873.53595,699941383710439,699941417219553
617.04565,770.3494,609.6796,873.53595,699941417333928,699941447079397
620.69415,823.8072,609.6796,873.53595,699941447192158,699941479815699
613.91376,814.98505,613.91376,823.8072,699941479997210,699941514352470
622.0911,800.1602,613.91376,823.8072,699941514464241,699941548492053
623.29083,841.2857,613.91376,823.8072,699941548664553,699941581378147
635.11816,871.6584,622.0911,823.8072,699941581549814,699941616281220
636.1683,791.39984,623.29083,823.8072,699941616412678,699941646479814
608.7643,794.0415,622.0911,823.8072,699941646656741,699941678763980
621.3727,712.2232,622.0911,794.0415,699941678882522,699941710483824
612.33887,753.6578,621.3727,794.0415,699941710664970,699941743979866
625.73474,789.22784,622.0911,789.22784,699941744207574,699941779075439
604.8182,722.06525,621.3727,789.22784,699941779260230,699941816623616
592.71204,667.39453,621.3727,789.22784,699941816802314,699941849827939
611.09656,630.66626,611.09656,722.06525,699941849938251,699941885670960
601.98596,648.46155,611.09656,667.39453,699941885768564,699941918384605
607.30347,598.6074,611.09656,648.46155,699941919329605,699941949997262
589.56635,583.5597,607.30347,648.46155,699941950155074,699941981130022
585.4235,597.5852,607.30347,598.6074,699941981316585,699942013080282
567.6189,626.0965,589.56635,626.0965,699942013260960,699942046039241
597.32153,652.579,597.32153,626.0965,699942046221741,699942083242574
625.3289,651.90643,597.32153,626.0965,699942083401637,699942117690230
645.7039,652.7373,597.32153,651.90643,699942118294189,699942151848824
656.23944,656.73975,625.3289,651.90643,699942151982887,699942182601168
653.9869,693.2824,645.7039,652.7373,699942182705751,699942215375230
654.9034,726.8594,653.9869,656.73975,699942215539397,699942246778459
642.20526,767.18506,645.7039,693.2824,699942246894449,699942279072157
632.1306,742.892,645.7039,726.8594,699942279159866,699942318373251
590.84686,895.6121,642.20526,742.892,699942318474709,699942354462470
595.18164,928.31305,632.1306,742.892,699942354586741,699942385689918
589.9098,906.1152,595.18164,895.6121,699942385765751,699942420784449
579.21844,949.0542,595.18164,906.1152,699942420903928,699942478767470
620.0064,817.98065,595.18164,895.6121,699942478882574,699942517414293
609.3878,820.18384,595.18164,895.6121,699942517511845,699942550365282
626.78925,880.2564,609.3878,880.2564,699942550604970,699942583559813
613.3368,874.62445,609.3878,880.2564,699942583795751,699942615030334
603.91925,882.0617,609.3878,880.2564,699942615160282,699942646368824
604.69336,869.82355,609.3878,880.2564,699942646479241,699942678714553
618.6691,817.8564,609.3878,880.2564,699942678895595,699942710371532
626.3571,801.1872,609.3878,869.82355,699942710569918,699942743848303
630.6668,812.83905,618.6691,817.8564,699942743997470,699942776844813
661.5304,803.1465,626.3571,812.83905,699942777002990,699942812561584
641.75793,822.25525,630.6668,817.8564,699942812682261,699942853444813
649.6519,799.77594,641.75793,812.83905,699942853599553,699942895899553
