x_raw,y_raw,x_filtered,y_filtered,gaze_timestamp,record_timestamp
443.56747,1137.7788,801.047,349.68726,12334355989877,12334437710711
476.90067,1096.9272,801.047,361.0101,12334437815242,12334472055033
608.84894,1040.255,608.84894,1040.255,12334472419252,12334512288783
707.9618,1074.7521,707.9618,1040.255,12334512418992,12334556213992
746.17334,1086.1099,707.9618,1040.255,12334556327429,12334603549669
784.5183,988.02155,707.9618,1040.255,12334603667169,12334641015971
701.10626,1090.7268,707.9618,1040.255,12334641129356,12334683919565
197.45883,1041.9979,707.9618,1040.255,12334684058523,12334719157117
203.92636,956.97107,701.10626,1040.255,12334719301544,12334760494304
214.5376,1015.26996,214.5376,1040.255,12334760791856,12334796705710
183.689,1031.1754,214.5376,1031.1754,12334805692794,12334840298210
174.8272,988.6959,214.5376,1031.1754,12334840469044,12334884338106
185.64227,966.22534,185.64227,1031.1754,12334884721960,12334934283419
185.96738,938.2356,185.96738,988.6959,12334934399981,12334968139825
177.27667,995.2673,185.64227,995.2673,12334968258419,12335002519877
143.92688,1020.81616,185.64227,995.2673,12335009032117,12335048882377
126.089264,1009.2952,177.27667,995.2673,12335049048783,12335085086648
130.0395,990.9425,143.92688,995.2673,12335085265658,12335118104148
167.43112,1022.79504,167.43112,995.2673,12335118231492,12335150907325
157.83562,1083.6799,157.83562,995.2673,12335151072533,12335181987064
158.32185,1119.5479,158.32185,1022.79504,12335182157325,12335222171283
173.90073,1104.7153,158.32185,1083.6799,12335222357898,12335252999669
164.27316,1147.9132,158.32185,1104.7153,12335253173262,12335283254460
155.515,1129.4941,158.32185,1104.7153,12335283462637,12335317797273
186.82684,1118.1228,158.32185,1118.1228,12335317973991,12335349782273
189.2306,1165.0719,158.32185,1118.1228,12335349945606,12335395845398
296.94824,1151.6129,186.82684,1118.1228,12335395949460,12335427878835
550.4954,1107.0402,189.2306,1118.1228,12335428514148,12335462074304
622.2294,1104.2443,296.94824,1118.1228,12335462260241,12335494374564
710.9623,576.44086,550.4954,1107.0402,12335494481335,12335531761856
744.5788,1061.9132,622.2294,1104.2443,12335531941752,12335562806491
747.87476,1087.4575,710.9623,1087.4575,12335562978627,12335594925137
690.32544,860.0159,690.32544,1087.4575,12335597293262,12335628873262
688.62775,859.991,690.32544,1087.4575,12335629089929,12335664211387
706.5838,885.29974,690.32544,885.29974,12335664349981,12335697165710
690.8599,929.28754,690.32544,929.28754,12335699656387,12335731453210
679.8957,961.6751,690.32544,929.28754,12335732294148,12335766576543
621.45276,980.0664,690.32544,929.28754,12335767524408,12335798851023
635.01514,980.8463,679.8957,961.6751,12335799895502,12335831168210
611.89795,1072.4816,635.01514,980.0664,12335831307429,12335867921127
468.04556,907.97723,635.01514,961.6751,12335868243783,12335903471804
626.3698,1199.7765,626.3698,980.0664,12335903563783,12335933934981
647.75024,1161.153,635.01514,980.0664,12335934046491,12335968986647
608.4567,244.56691,626.3698,980.0664,12335969711439,12336003091700
576.20074,1166.2817,626.3698,980.0664,12336003235710,12336035113835
354.82874,1239.661,608.4567,980.0664,12336035283522,12336067296856
376.94864,1266.0575,576.20074,1166.2817,12336067418627,12336100938627
315.89923,1302.4885,376.94864,1239.661,12336101050293,12336131715658
382.53464,1257.7113,382.53464,1257.7113,12336132447116,12336167955866
389.88525,1317.2551,382.53464,1257.7113,12336168145866,12336201300918
-9.095102,1133.9047,382.53464,1257.7113,12336201434668,12336232237012
-189.24292,1231.8867,382.53464,1257.7113,12336232502533,12336262933054
-179.20958,1240.9734,-9.095102,1240.9734,12336265514720,12336298886074
-173.84517,1242.2322,-173.84517,1242.2322,12336299700241,12336331135033
-162.3877,1198.7043,-162.3877,1240.9734,12336331253262,12336365639876
-78.66761,1306.0377,-162.3877,1242.2322,12336365741179,12336397135814
-49.285137,1401.6041,-162.3877,1242.2322,12336399285866,12336429540918
-27.168911,1364.2078,-78.66761,1306.0377,12336429693210,12336461292845
-40.025272,1451.0104,-49.285137,1364.2078,12336461698418,12336492246387
23.494154,1469.2455,-40.025272,1364.2078,12336500689720,12336533257949
286.39926,1561.8389,-40.025272,1451.0104,12336533390345,12336565191074
358.4719,1488.924,23.494154,1469.2455,12336566157689,12336595183158
406.12927,1500.7386,286.39926,1488.924,12336595551074,12336626280345
468.7576,1494.9664,358.4719,1488.924,12336628737741,12336661097741
870.77747,1256.9417,406.12927,1488.924,12336665108835,12336701913678
1044.7711,1249.4442,468.7576,1488.924,12336702677064,12336733288418
1033.091,1231.3773,870.77747,1256.9417,12336734334251,12336765366335
1031.9639,1348.1365,1031.9639,1348.1365,12336765460814,12336803962741
1046.2517,1396.812,1031.9639,1348.1365,12336804104720,12336836297897
1031.7352,1449.6086,1031.9639,1348.1365,12336836450345,12336879219147
1025.5002,1511.8502,1031.9639,1396.812,12336879365553,12336916109043
1003.06415,1489.7156,1031.7352,1449.6086,12336916257585,12336949776647
991.7837,1505.5917,1025.5002,1489.7156,12336949939147,12336982323574
983.7922,1519.8258,1003.06415,1489.7156,12336982492689,12337012422168
972.8962,1425.7671,991.7837,1489.7156,12337012588470,12337044954980
995.35156,1389.495,995.35156,1489.7156,12337045116647,12337085051907
1002.39233,1395.7373,995.35156,1425.7671,12337085238939,12337117123626
1005.74866,1402.9685,995.35156,1402.9685,12337117709876,12337147590605
1002.3304,1410.4839,1002.3304,1410.4839,12337147738418,12337178497845
990.9111,1443.3615,995.35156,1410.4839,12337178643001,12337210960293
990.2885,1322.1787,995.35156,1410.4839,12337211119459,12337244440762
993.04596,1262.2397,993.04596,1410.4839,12337244597637,12337276127897
994.30914,1279.0945,994.30914,1322.1787,12337276315605,12337311452116
1002.23816,1244.7649,994.30914,1279.0945,12337311570084,12337344501022
1027.499,1294.8647,994.30914,1294.8647,12337344657793,12337377476751
1026.9286,1172.4703,1002.23816,1279.0945,12337377642011,12337408220241
1033.0062,1199.4987,1026.9286,1279.0945,12337408371491,12337448430814
1034.6337,1193.9547,1026.9286,1199.4987,12337448610814,12337478699616
1034.7817,1179.0084,1033.0062,1199.4987,12337478886699,12337513837636
1041.8948,1168.4607,1034.6337,1193.9547,12337514021126,12337545455397
988.09247,1147.2004,1033.0062,1179.0084,12337545611230,12337577654355
945.33136,1215.0065,1033.0062,1193.9547,12337577823939,12337610193053
863.98035,1254.0297,988.09247,1193.9547,12337610326803,12337644273313
825.82086,1289.7604,945.33136,1215.0065,12337644394251,12337675041959
861.9436,1255.7214,863.98035,1254.0297,12337675208053,12337707238678
837.8766,1349.7677,861.9436,1255.7214,12337707362741,12337740211699
861.62476,1230.4496,861.9436,1254.0297,12337740446543,12337777074043
861.79553,1250.2122,861.79553,1254.0297,12337777185709,12337812487584
824.3169,1243.6318,861.79553,1250.2122,12337812662949,12337844610761
849.1696,1179.5739,861.79553,1250.2122,12337844781334,12337877091595
798.6479,1202.9554,849.1696,1243.6318,12337877230345,12337910376438
761.95715,1266.9683,849.1696,1250.2122,12337910538418,12337942783782
883.132,1290.4745,849.1696,1250.2122,12337942955501,12337975437949
937.8344,1396.5068,849.1696,1266.9683,12337975606126,12338007010397
956.97107,1369.2794,883.132,1290.4745,12338007556595,12338041329459
964.0561,1337.1299,937.8344,1337.1299,12338041487740,12338073209511
938.1617,1330.7389,938.1617,1330.7389,12338073324563,12338106789615
967.71844,1311.6583,938.1617,1330.7389,12338106920865,12338138897584
960.47327,1312.0533,938.1617,1330.7389,12338139485345,12338172247220
932.458,1278.7678,938.1617,1312.0533,12338172723730,12338204286647
397.88974,1345.821,938.1617,1330.7389,12338204473157,12338241978313
355.70734,1396.9518,932.458,1330.7389,12338242118105,12338277333157
332.02866,1395.2218,397.88974,1345.821,12338277500344,12338309177636
268.739,1382.9366,355.70734,1382.9366,12338309340709,12338342266542
288.06396,1408.9296,332.02866,1382.9366,12338342418209,12338373867063
243.63458,1359.9302,288.06396,1382.9366,12338374029980,12338407494876
206.32475,1392.1155,288.06396,1382.9366,12338407653157,12338441314355
180.99757,1411.0056,243.63458,1382.9366,12338441460344,12338474361178
154.92004,1381.9496,206.32475,1382.9366,12338474486751,12338507096855
142.49892,1458.2456,180.99757,1382.9366,12338507272011,12338539479251
131.91255,1406.6643,154.92004,1382.9366,12338539650084,12338573285449
156.82246,1351.9487,156.82246,1382.9366,12338573434563,12338605030032
155.54778,1317.7463,155.54778,1382.9366,12338605265969,12338638099407
149.26945,1352.4349,155.54778,1352.4349,12338638414303,12338671172428
143.67284,1330.6747,155.54778,1352.4349,12338671697115,12338707791594
141.28287,1332.5035,149.26945,1352.4349,12338707971073,12338742086386
135.93082,1442.9224,143.67284,1352.4349,12338742240761,12338776730657
143.82333,1417.4524,143.82333,1352.4349,12338776893157,12338811422011
154.47414,1374.0757,143.82333,1374.0757,12338811575865,12338844475084
135.3077,1367.8258,143.82333,1367.8258,12338844632219,12338875772376
133.19482,1360.2219,143.82333,1367.8258,12338875936073,12338910379094
139.97456,1415.2494,139.97456,1367.8258,12338910554980,12338947431698
172.91862,1359.1976,143.82333,1367.8258,12338947625292,12338980290084
494.02856,1379.0739,143.82333,1367.8258,12338980471334,12339009823261
544.92175,1390.1572,172.91862,1367.8258,12339009984823,12339045915553
531.8044,1411.9788,494.02856,1379.0739,12339046096282,12339078512532
533.8555,1449.1797,531.8044,1390.1572,12339078669563,12339120059771
508.89288,1425.8392,508.89288,1411.9788,12339120245500,12339156610865
512.5799,1453.3234,512.5799,1425.8392,12339156774927,12339191646959
914.2307,1343.541,512.5799,1411.9788,12339191943938,12339222850657
959.2122,1310.2311,512.5799,1411.9788,12339226714042,12339262681907
946.84265,1272.0194,914.2307,1343.541,12339264804875,12339296254250
952.33154,1300.7399,946.84265,1310.2311,12339296543052,12339328257323
961.4033,1300.789,946.84265,1300.789,12339328376125,12339358348573
969.52783,1251.856,952.33154,1300.789,12339359033886,12339393717792
977.9877,1246.4905,961.4033,1300.789,12339393864771,12339424279719
980.9751,1223.2678,969.52783,1251.856,12339426036438,12339456493000
978.7052,1190.134,977.9877,1246.4905,12339457198000,12339488244302
964.05023,1248.537,969.52783,1248.537,12339493247584,12339528905292
953.69934,1245.1139,969.52783,1246.4905,12339530087584,12339562049406
955.76685,1301.7883,964.05023,1248.537,12339562488052,12339595619615
919.01447,1289.4736,955.76685,1248.537,12339595726750,12339626896334
932.41,1362.0464,955.76685,1289.4736,12339626986073,12339667307219
769.0082,1433.1364,932.41,1289.4736,12339667403573,12339703601490
676.38403,1446.6195,932.41,1362.0464,12339703743052,12339743297792
633.21204,1494.6155,769.0082,1433.1364,12339743422063,12339780804719
600.6017,1500.9514,676.38403,1446.6195,12339780976698,12339813681646
618.4748,1490.3619,633.21204,1490.3619,12339813843261,12339845540604
578.8297,1477.8008,618.4748,1477.8008,12339845719927,12339881374771
694.4834,1621.7537,633.21204,1490.3619,12339881487167,12339914368521
689.2869,843.756,633.21204,1477.8008,12339914466958,12339946589302
646.54614,1164.0138,646.54614,1477.8008,12339946746177,12339977559615
630.2702,1089.7899,633.21204,1164.0138,12339977718573,12340010186073
605.5287,260.79312,633.21204,1164.0138,12340010350604,12340046132531
370.88223,976.5478,630.2702,1089.7899,12340046312948,12340077961125
486.91373,1242.5948,605.5287,1164.0138,12340078135813,12340110246750
509.53226,1220.0878,509.53226,1164.0138,12340110422427,12340147441958
467.93655,1276.9209,509.53226,1220.0878,12340147581490,12340179500448
489.73218,1216.5593,509.53226,1216.5593,12340179681542,12340211935760
490.1685,1242.5374,490.1685,1220.0878,12340212135448,12340246532844
499.06287,1216.4824,499.06287,1216.5593,12340246703521,12340284672740
468.52582,1188.5948,490.1685,1216.5593,12340284830604,12340319552740
489.17313,1159.5607,490.1685,1216.4824,12340319708208,12340355756125
468.8698,1223.5759,489.17313,1216.5593,12340355927687,12340386600135
466.37958,1266.6643,489.17313,1216.5593,12340386784406,12340418611073
486.08524,1250.848,486.08524,1223.5759,12340418767479,12340457690448
451.99802,1309.1504,486.08524,1250.848,12340457829771,12340492281281
441.82025,1262.2605,486.08524,1250.848,12340492439406,12340522535344
408.96365,1274.9415,451.99802,1262.2605,12340522668989,12340553994979
407.37762,1254.6833,441.82025,1254.6833,12340554134979,12340588789979
400.78995,1239.2739,408.96365,1254.6833,12340589269042,12340620212167
367.52197,1350.6652,407.37762,1254.6833,12340620367687,12340651980239
391.695,1300.1007,400.78995,1254.6833,12340652172791,12340683183104
391.37637,1299.2651,391.695,1299.2651,12340683287271,12340715804406
409.17944,1247.4524,400.78995,1254.6833,12340715898677,12340746789979
392.49863,1249.4517,392.49863,1254.6833,12340746901333,12340777721802
400.38736,1286.1675,400.38736,1254.6833,12340777899041,12340809741177
387.4559,1293.548,392.49863,1254.6833,12340810151958,12340843051541
480.42316,1245.5656,400.38736,1254.6833,12340843152219,12340875937375
600.7174,555.35175,400.38736,1254.6833,12340876230291,12340906629198
594.1935,1269.1211,480.42316,1254.6833,12340906763521,12340937676593
669.12415,998.2938,594.1935,1254.6833,12340937773416,12340968039250
583.2214,389.9927,583.2214,1254.6833,12340968499875,12341010124250
570.5033,994.6075,583.2214,998.2938,12341010225500,12341040337479
550.011,1226.9738,583.2214,1226.9738,12341040496333,12341071977896
478.73843,1261.2281,570.5033,1226.9738,12341072178312,12341102142739
487.9284,1170.7487,550.011,1226.9738,12341102279041,12341134969979
485.07913,1214.9117,487.9284,1226.9738,12341135048989,12341169041125
485.51468,1302.0095,487.9284,1226.9738,12341169170760,12341202737531
474.44843,1294.6647,485.51468,1226.9738,12341202890604,12341236349770
488.79868,1277.1167,487.9284,1277.1167,12341236502010,12341273221802
474.26947,1207.2738,485.51468,1226.9738,12341273388104,12341304930135
463.37268,1208.5703,485.51468,1226.9738,12341305118520,12341337178729
828.4073,1189.8865,485.51468,1208.5703,12341337326645,12341369380447
871.8335,1158.3237,485.51468,1208.5703,12341370281958,12341404046229
857.4675,1206.8302,828.4073,1206.8302,12341404152583,12341434718052
888.87103,1177.5787,857.4675,1206.8302,12341434847114,12341467055916
897.8392,1179.8181,857.4675,1206.8302,12341467321385,12341502402687
904.0283,979.05035,888.87103,1179.8181,12341502540031,12341533488468
659.5585,1105.5256,857.4675,1179.8181,12341533664666,12341563821749
669.0861,1235.5857,857.4675,1179.8181,12341564863572,12341595428624
625.7052,385.50656,669.0861,1179.8181,12341605857114,12341639317010
781.21906,659.2228,781.21906,1179.8181,12341639408312,12341672498885
670.40466,1057.9377,670.40466,1057.9377,12341672671229,12341706014614
624.87195,1271.8762,670.40466,1179.8181,12341706173416,12341737191645
584.8772,1152.0928,670.40466,1152.0928,12341737341801,12341769778260
533.902,1215.6782,624.87195,1179.8181,12341769929197,12341802225395
570.15216,1107.8585,584.8772,1152.0928,12341802376593,12341834732531
527.128,1158.0627,570.15216,1158.0627,12341834807843,12341867275760
526.99677,1166.9576,570.15216,1158.0627,12341867424874,12341898609562
534.8036,1175.2323,534.8036,1158.0627,12341898719197,12341933046541
511.16415,1189.7104,534.8036,1166.9576,12341933816020,12341964545812
347.63885,1240.2665,534.8036,1175.2323,12341965253781,12341998195656
270.54553,1260.4873,511.16415,1189.7104,12341998314926,12342028647218
272.88672,1218.1742,347.63885,1218.1742,12342030098572,12342058993676
291.92178,1233.7634,291.92178,1218.1742,12342059084458,12342091950031
250.8546,1206.4126,291.92178,1218.1742,12342095004510,12342127185864
266.48795,1206.9781,291.92178,1218.1742,12342129077218,12342160242010
249.27853,1213.7506,266.48795,1213.7506,12342162056697,12342191953833
213.23747,1273.2736,266.48795,1218.1742,12342193826228,12342225533624
175.19778,1314.8115,249.27853,1218.1742,12342226068364,12342258943520
183.80942,1275.0347,213.23747,1273.2736,12342259043155,12342289267687
180.9728,1343.1456,183.80942,1275.0347,12342294080447,12342323861437
152.17526,1363.2847,183.80942,1275.0347,12342325420083,12342359976905
144.22348,1350.6903,180.9728,1343.1456,12342362275603,12342391979926
136.73482,1367.4525,152.17526,1350.6903,12342393583624,12342432174510
145.80775,1319.0638,145.80775,1343.1456,12342434420864,12342467232010
148.22198,1293.0896,148.22198,1343.1456,12342467399926,12342503898312
137.03691,1324.6368,145.80775,1324.6368,12342503967166,12342538722791
152.8722,1380.4736,148.22198,1343.1456,12342538857530,12342570915760
182.73265,1428.7745,148.22198,1343.1456,12342571397322,12342603437530
198.60901,1409.6411,152.8722,1380.4736,12342603583624,12342636489093
221.18637,1366.5524,182.73265,1366.5524,12342636604926,12342669928051
218.22441,1446.4562,198.60901,1380.4736,12342670094978,12342703429926
266.3229,1422.154,218.22441,1380.4736,12342703602322,12342733994926
252.33571,1343.9622,218.22441,1380.4736,12342734079197,12342772561124
325.21442,1371.0071,252.33571,1380.4736,12342772942582,12342807252114
370.2668,1406.5972,252.33571,1380.4736,12342807413416,12342838052582
432.48364,1410.2397,325.21442,1380.4736,12342838211957,12342892903989
495.20908,1428.7999,370.2668,1406.5972,12342893059249,12342925017686
498.69443,1366.2706,432.48364,1380.4736,12342925094249,12342954074041
493.7393,1352.0186,493.7393,1380.4736,12342954182166,12342989738311
477.82114,1379.1659,477.82114,1379.1659,12342989852478,12343019664718
478.51764,1380.993,478.51764,1380.4736,12343019835239,12343050618051
464.40253,1387.2314,477.82114,1380.4736,12343050779249,12343082500916
501.78915,1426.084,478.51764,1380.993,12343082682582,12343113682686
453.7743,1404.1832,477.82114,1387.2314,12343113853207,12343145915134
385.0433,1420.8927,477.82114,1404.1832,12343146023363,12343178429770
351.39133,1412.935,453.7743,1404.1832,12343178530968,12343210332478
397.111,1350.1409,397.111,1404.1832,12343210588051,12343241753416
410.68506,1356.9347,410.68506,1404.1832,12343241842530,12343273746384
408.4133,1396.1034,408.4133,1396.1034,12343273832686,12343306868155
345.18478,1407.3682,408.4133,1404.1832,12343306984353,12343342875238
265.3747,1321.5531,408.4133,1396.1034,12343343084457,12343374848051
242.96365,1414.2241,345.18478,1404.1832,12343374945551,12343409764353
220.96126,1334.0812,265.3747,1396.1034,12343409917061,12343444768832
201.42207,1381.2437,242.96365,1396.1034,12343445151749,12343490773572
225.38235,1366.6718,225.38235,1381.2437,12343490890186,12343525239405
180.76979,1357.9105,225.38235,1381.2437,12343525358363,12343555458520
242.88359,1464.3622,225.38235,1381.2437,12343555635395,12343587923051
190.08891,1482.5806,225.38235,1381.2437,12343588115395,12343618413207
186.27783,1440.4833,225.38235,1440.4833,12343618605342,12343647614717
212.63644,1450.6453,212.63644,1440.4833,12343647784770,12343681259874
797.1147,1335.8922,225.38235,1440.4833,12343681424822,12343713476332
859.65106,1337.2914,225.38235,1440.4833,12343713654717,12343745780186
871.1568,1328.1841,797.1147,1337.2914,12343745914926,12343778767113
879.4824,1330.8666,859.65106,1337.2914,12343778917217,12343824369092
888.5747,1300.8971,871.1568,1330.8666,12343824556124,12343855422999
896.7096,1173.7733,879.4824,1330.8666,12343855514978,12343885797947
918.756,1244.5614,888.5747,1300.8971,12343885944249,12343916472738
941.4159,1212.225,896.7096,1244.5614,12343916614926,12343945854874
955.51117,1234.1396,918.756,1244.5614,12343946020082,12343980474613
965.8273,1223.9811,941.4159,1234.1396,12343980647374,12344011078571
977.1402,1174.2126,955.51117,1234.1396,12344011212530,12344044110238
974.7657,1209.503,965.8273,1223.9811,12344044220759,12344076623415
597.3794,1346.7953,955.51117,1234.1396,12344076717946,12344110181540
572.5103,1351.5352,955.51117,1234.1396,12344110499978,12344144941853
584.3878,1275.5338,597.3794,1275.5338,12344145033103,12344178428103
583.9456,1347.5684,584.3878,1275.5338,12344178584457,12344219710498
568.38916,1332.8862,584.3878,1275.5338,12344219867634,12344253603363
512.6228,1314.144,583.9456,1314.144,12344254220915,12344285421384
405.5914,1319.495,568.38916,1314.144,12344285515967,12344315614092
313.23462,1351.5731,512.6228,1314.144,12344315761801,12344348760290
316.82642,1358.4037,405.5914,1319.495,12344348907478,12344381114978
320.75012,1315.544,320.75012,1315.544,12344381256123,12344412647373
272.1631,1407.7252,320.75012,1319.495,12344412770915,12344445632269
199.28601,1352.8013,320.75012,1319.495,12344445801332,12344481272425
198.2845,1342.3497,272.1631,1342.3497,12344481449769,12344513220603
173.7641,1376.0728,199.28601,1342.3497,12344513391228,12344546853519
183.70088,1429.6418,198.2845,1342.3497,12344547026853,12344579514509
163.09508,1397.7732,183.70088,1376.0728,12344579690290,12344610793936
198.5009,1318.0544,198.2845,1342.3497,12344610962009,12344642619665
633.834,1274.9243,198.2845,1342.3497,12344642937530,12344681434613
657.27924,1375.6644,198.5009,1342.3497,12344681611071,12344717280863
684.521,1366.023,633.834,1342.3497,12344717409248,12344746223415
762.93896,1366.7078,657.27924,1366.023,12344746361019,12344776671748
762.6898,1340.872,684.521,1342.3497,12344776772738,12344810662529
741.334,1402.3511,741.334,1366.023,12344810808988,12344841738936
740.71014,1311.3927,740.71014,1342.3497,12344841837321,12344874578467
1003.21045,1298.9451,741.334,1342.3497,12344874658519,12344906720915
732.0685,430.4255,740.71014,1311.3927,12344906815863,12344940189769
699.4152,1329.4193,740.71014,1329.4193,12344940274457,12344971354613
745.7356,675.0732,740.71014,1311.3927,12344971889352,12345002945811
977.8571,483.0653,740.71014,1311.3927,12345003050446,12345034213884
1019.0829,1036.6162,745.7356,1036.6162,12345034314717,12345066400967
1037.0161,1032.0195,977.8571,1036.6162,12345066932321,12345097658727
1027.2819,1049.6896,1019.0829,1036.6162,12345097805081,12345129773311
1044.0564,1110.4718,1027.2819,1036.6162,12345131920915,12345165483623
1051.7324,1084.175,1027.2819,1049.6896,12345165564040,12345195973988
1051.7314,1146.7817,1044.0564,1084.175,12345196144196,12345225341279
1041.9452,1096.9333,1041.9452,1084.175,12345225836175,12345260423415
1032.8762,1145.1107,1041.9452,1096.9333,12345260854873,12345294005394
1029.394,1113.018,1041.9452,1096.9333,12345294153102,12345331435915
1047.8092,1062.8109,1041.9452,1096.9333,12345331544613,12345363731488
1035.4287,1067.8353,1041.9452,1096.9333,12345364130029,12345396062373
1026.8092,1127.7205,1041.9452,1096.9333,12345396766540,12345428577842
1036.018,1121.1002,1036.018,1096.9333,12345428715290,12345460596852
1026.1765,1131.9125,1036.018,1121.1002,12345465193310,12345496227581
661.6435,1208.9528,1036.018,1121.1002,12345496307321,12345526856540
618.8602,1176.5004,1026.1765,1131.9125,12345527446123,12345557963310
586.19434,1235.2135,661.6435,1176.5004,12345559197060,12345592653415
677.72046,1202.5872,677.72046,1176.5004,12345593828988,12345654261279
653.2543,1263.4967,661.6435,1202.5872,12345654355810,12345690356904
609.9626,1411.8351,661.6435,1202.5872,12345690512946,12345723005810
690.1315,948.68726,661.6435,1202.5872,12345723153883,12345756640915
724.2928,327.44305,661.6435,1202.5872,12345757203050,12345788691540
760.0237,1168.4219,690.1315,1168.4219,12345788783987,12345819768467
726.8036,1290.2903,724.2928,1202.5872,12345819933987,12345850846071
660.82324,1258.3082,690.1315,1202.5872,12345850974821,12345881993831
652.9884,1278.5331,690.1315,1258.3082,12345882154248,12345914201175
647.48474,1351.9668,660.82324,1258.3082,12345914387425,12345944957894
648.11804,1338.9113,652.9884,1278.5331,12345945141592,12345981040342
685.3817,1323.8043,660.82324,1323.8043,12345981199612,12346012736279
591.4043,1255.3835,652.9884,1278.5331,12346012915706,12346044543831
306.53693,1201.1979,652.9884,1278.5331,12346044707737,12346085026487
288.0617,1206.7133,591.4043,1255.3835,12346085121331,12346119365914
259.954,1122.8717,306.53693,1206.7133,12346119605185,12346151227633
287.17816,1135.8699,288.0617,1206.7133,12346151387737,12346182193362
270.03622,1196.6124,287.17816,1196.6124,12346182374248,12346211518206
284.8793,1182.1776,287.17816,1196.6124,12346211692060,12346248918987
277.08914,1180.3015,284.8793,1196.6124,12346249093362,12346281763623
254.12444,1161.8081,284.8793,1182.1776,12346281932894,12346312913362
260.86346,1182.5615,277.08914,1182.5615,12346313087008,12346344430081
231.4297,1155.5035,260.86346,1182.1776,12346344604508,12346380315498
264.86072,1140.9253,264.86072,1182.1776,12346380477112,12346413964925
202.23642,1161.8391,260.86346,1161.8391,12346414115081,12346444466748
213.55821,1138.8062,260.86346,1161.8391,12346444647581,12346476811748
236.53476,1197.3134,236.53476,1161.8391,12346476949508,12346508606956
196.57976,1110.7131,236.53476,1161.8391,12346508743883,12346541946018
201.08936,1174.3134,236.53476,1161.8391,12346542840602,12346576218987
194.02911,1051.9348,201.08936,1161.8391,12346576344977,12346613240498
204.13593,1029.1327,204.13593,1161.8391,12346613407581,12346642627789
178.30348,1025.7626,201.08936,1051.9348,12346642797373,12346675243570
171.83723,1106.7434,201.08936,1106.7434,12346675428831,12346710820602
232.79971,1070.3162,201.08936,1070.3162,12346710986175,12346744345289
204.00194,1040.3086,201.08936,1070.3162,12346744527737,12346774753935
204.30551,978.53235,204.00194,1070.3162,12346774923987,12346810374872
242.2686,960.42194,204.00194,1040.3086,12346810541956,12346842151591
193.3007,995.816,204.00194,995.816,12346842300393,12346874325914
166.68039,994.99506,204.00194,995.816,12346874438675,12346907464091
210.01035,981.89825,204.00194,995.816,12346907590966,12346940791852
-21.680681,1045.4674,204.00194,995.816,12346940907685,12346971956435
-228.96967,1187.4686,204.00194,995.816,12346972139352,12347004280341
-232.22124,1185.6693,-21.680681,1045.4674,12347004841852,12347041410549
-243.06493,1218.3256,-228.96967,1185.6693,12347041782268,12347075733466
-243.74615,1190.8911,-232.22124,1185.6693,12347075915966,12347106978727
-235.07426,1186.7861,-235.07426,1186.7861,12347107144039,12347141931747
-242.39975,1203.335,-235.07426,1186.7861,12347142089664,12347174989924
-241.00157,1202.0162,-235.07426,1186.7861,12347175152945,12347208086591
-242.53331,1232.471,-241.00157,1202.0162,12347208272633,12347241150549
42.569607,1093.2887,-235.07426,1186.7861,12347241305758,12347274388726
708.2338,1170.7385,-235.07426,1186.7861,12347274562424,12347307193310
703.6768,1138.6285,42.569607,1170.7385,12347307358779,12347340087529
696.97626,1093.3868,696.97626,1170.7385,12347340195654,12347371524195
712.55493,1138.5402,696.97626,1138.6285,12347371695654,12347404262112
714.2375,1111.4363,696.97626,1138.5402,12347404383779,12347438683362
680.17523,1218.2264,696.97626,1138.6285,12347438829560,12347472264091
643.8921,680.551,696.97626,1138.5402,12347472407841,12347515070601
698.7013,1361.384,696.97626,1138.6285,12347515244716,12347545102945
714.1776,255.54266,696.97626,1138.5402,12347545276383,12347576668466
989.7664,405.37106,698.7013,1138.5402,12347576837424,12347610143414
918.61755,775.5889,714.1776,775.5889,12347610327060,12347642322372
913.711,753.0659,913.711,775.5889,12347642484872,12347673633726
907.8475,686.7461,907.8475,775.5889,12347673803778,12347705289612
900.6919,785.05896,907.8475,775.5889,12347705458674,12347738389508
865.52765,759.96313,907.8475,775.5889,12347738502060,12347770307841
702.6793,777.0959,900.6919,775.5889,12347770478674,12347802201487
646.3068,792.58624,865.52765,775.5889,12347802295705,12347835736122
640.9059,791.5388,702.6793,777.0959,12347836243518,12347870146435
623.02026,761.9296,646.3068,775.5889,12347870319143,12347903413257
621.1266,713.0919,640.9059,775.5889,12347903518153,12347937760653
607.36224,768.152,623.02026,768.152,12347937987580,12347972618830
624.5694,762.7694,624.5694,768.152,12347972764403,12348009213518
586.7779,777.45605,623.02026,768.152,12348009373778,12348042343257
575.6371,763.4125,623.02026,768.152,12348042474299,12348074197112
738.2283,852.99677,623.02026,768.152,12348074352320,12348106983309
760.79065,880.20703,623.02026,768.152,12348107104039,12348139055132
785.51904,844.39307,738.2283,844.39307,12348139168570,12348170554820
773.83765,927.9145,760.79065,844.39307,12348170702997,12348201725132
778.6291,861.76117,773.83765,844.39307,12348202166487,12348235687737
785.14545,881.59894,773.83765,861.76117,12348235808205,12348268543830
819.09515,880.1957,778.6291,861.76117,12348268754195,12348301544143
783.1925,868.28345,783.1925,868.28345,12348301906382,12348336348726
774.10895,949.74615,778.6291,868.28345,12348336472997,12348403265966
828.3765,907.869,783.1925,868.28345,12348403411278,12348445204403
793.37524,859.64166,783.1925,868.28345,12348445335861,12348474803257
831.2876,886.0519,793.37524,868.28345,12348474931643,12348505257163
833.83417,933.6837,793.37524,868.28345,12348505367788,12348537994403
824.3925,876.12775,824.3925,876.12775,12348538152684,12348572208778
803.6419,849.17426,803.6419,868.28345,12348572342736,12348603194299
821.5693,874.643,821.5693,874.643,12348603322163,12348635341799
506.81885,1232.4204,803.6419,874.643,12348635457268,12348669310757
326.0257,1296.2825,803.6419,874.643,12348669452528,12348701958413
327.8758,1342.2135,506.81885,1232.4204,12348702117632,12348733012893
287.41248,1353.7733,327.8758,1296.2825,12348733089455,12348766961538
250.25421,1385.2048,327.8758,1342.2135,12348767044299,12348803033934
276.6837,1445.4319,287.41248,1353.7733,12348803196643,12348842906278
236.45198,1377.1774,276.6837,1377.1774,12348843076799,12348873113830
274.01865,1407.2797,276.6837,1377.1774,12348874363465,12348909995861
334.23404,1463.0314,276.6837,1377.1774,12348910476538,12348941502007
326.67694,1400.0923,276.6837,1400.0923,12348941681643,12348974001642
348.6954,1435.787,326.67694,1400.0923,12348974116799,12349007755861
347.6229,1415.2637,326.67694,1400.0923,12349007917788,12349043222632
333.575,1403.1633,333.575,1403.1633,12349043389559,12349074735132
342.83392,1307.0543,333.575,1400.0923,12349074894820,12349108998778
385.25897,1381.8534,333.575,1400.0923,12349109162111,12349141453986
264.44247,1378.9705,333.575,1381.8534,12349141640601,12349174318934
233.26245,1413.537,333.575,1400.0923,12349174485497,12349213208622
174.20424,1355.1161,264.44247,1381.8534,12349213356903,12349250633517
178.6441,1300.6298,233.26245,1381.8534,12349250785080,12349282667424
171.51797,1357.9441,178.6441,1357.9441,12349282757007,12349316714351
159.61232,1410.836,178.6441,1381.8534,12349316825965,12349354966694
622.643,1161.4358,178.6441,1357.9441,12349355730392,12349390309559
627.7298,1143.1292,178.6441,1357.9441,12349394663465,12349428391330
685.5661,1110.4065,622.643,1161.4358,12349430191538,12349463147840
655.4533,1149.0648,627.7298,1149.0648,12349463289351,12349494515549
784.3763,953.69885,655.4533,1149.0648,12349495530392,12349529126799
567.6784,1037.847,627.7298,1149.0648,12349529217632,12349560267788
624.2519,996.3357,627.7298,1037.847,12349562057059,12349594710653
595.35986,347.19205,624.2519,1037.847,12349594798621,12349628782267
619.0744,662.94104,624.2519,996.3357,12349629472215,12349662735132
397.2123,1154.8495,619.0744,1037.847,12349662850601,12349694332007
343.31635,1265.462,619.0744,1037.847,12349694508621,12349732571746
354.8384,1317.9386,397.2123,1154.8495,12349732672007,12349766788309
378.89383,1410.3641,378.89383,1265.462,12349766928778,12349801887840
616.88007,862.06854,397.2123,1154.8495,12349802041694,12349841800757
620.46783,1491.2384,397.2123,1265.462,12349841899559,12349893962007
644.9713,208.79178,616.88007,1154.8495,12349894058048,12349927095028
637.52277,730.95465,620.46783,1154.8495,12349928089611,12349960835600
520.85114,1077.6152,616.88007,1077.6152,12349961300392,12349994734298
577.7432,988.5511,616.88007,1077.6152,12349994816746,12350028504663
550.9817,1085.9296,577.7432,1077.6152,12350028580132,12350059994923
457.61954,1196.3613,577.7432,1077.6152,12350060133934,12350093153257
494.84888,1168.1495,550.9817,1085.9296,12350093245132,12350125071434
455.19632,1213.8115,494.84888,1168.1495,12350125179611,12350157048882
494.06326,1198.6589,494.84888,1168.1495,12350160499142,12350197963100
508.34058,1286.8619,494.84888,1198.6589,12350198914246,12350233676850
798.9623,1177.336,494.84888,1177.336,12350233814455,12350268957527
841.40735,1166.4641,508.34058,1177.336,12350269080861,12350301388673
818.2318,1064.6017,798.9623,1177.336,12350301501017,12350333643569
816.5477,1083.1975,816.5477,1166.4641,12350335209923,12350371469819
825.0773,1118.0713,816.5477,1118.0713,12350371587840,12350405875132
800.1081,1037.1998,816.5477,1118.0713,12350406042996,12350446748621
782.7957,997.03735,816.5477,1118.0713,12350446878048,12350492644819
464.58496,1160.6396,800.1081,1118.0713,12350492838204,12350525376590
471.08368,1126.389,782.7957,1118.0713,12350525468829,12350556257840
374.78296,1131.6426,471.08368,1126.389,12350556895496,12350585996694
409.29532,1102.8516,471.08368,1118.0713,12350586141954,12350620900809
405.23697,1100.654,409.29532,1118.0713,12350621082631,12350653692579
369.96524,1114.7765,409.29532,1114.7765,12350653836694,12350688072944
359.57547,1140.3658,405.23697,1118.0713,12350688228048,12350719055913
498.6919,1048.0469,409.29532,1114.7765,12350719226069,12350753246590
560.3789,979.7472,409.29532,1114.7765,12350753400548,12350788294558
575.5569,1071.3352,498.6919,1071.3352,12350788475340,12350842485131
614.36035,998.7766,560.3789,1071.3352,12350842638777,12350886094194
622.097,1001.41016,575.5569,1071.3352,12350886245392,12350920526121
590.7229,1046.3175,590.7229,1046.3175,12350920692527,12350955476329
410.0126,1261.6575,575.5569,1071.3352,12350955653413,12350988990444
425.84293,1380.2128,575.5569,1071.3352,12350989133881,12351023707110
378.1817,1407.8503,425.84293,1261.6575,12351023831590,12351057552163
379.25055,1446.0386,425.84293,1380.2128,12351057705548,12351090149558
382.1706,1446.4457,382.1706,1407.8503,12351090296694,12351127880131
313.40024,1445.0132,382.1706,1445.0132,12351127967058,12351164818100
327.36246,1428.6353,382.1706,1428.6353,12351166264715,12351196461381
322.90216,1417.4104,327.36246,1428.6353,12351196624142,12351229866537
327.97137,1399.9728,327.97137,1428.6353,12351229962423,12351265779142
316.512,1365.8884,327.36246,1417.4104,12351266497215,12351304831225
610.00037,1235.0282,327.97137,1399.9728,12351305812319,12351341109767
660.1225,1294.0251,327.97137,1365.8884,12351341693256,12351376751017
699.1719,1300.2,610.00037,1300.2,12351376866850,12351407848152
684.50037,1363.9401,660.1225,1363.9401,12351407926850,12351454046329
698.55707,1244.8276,684.50037,1300.2,12351454125548,12351492267110
706.7354,1323.0631,684.50037,1323.0631,12351492371121,12351527443360
620.36395,1322.1093,684.50037,1322.1093,12351527526954,12351567137839
617.1843,1323.6854,684.50037,1323.0631,12351567247266,12351601100079
620.0777,1324.3441,620.36395,1323.0631,12351601244871,12351635287371
592.0595,1329.3524,620.0777,1323.6854,12351635393516,12351669159037
582.9815,1367.3766,620.0777,1324.3441,12351669263569,12351701788777
602.07385,1340.0991,602.07385,1329.3524,12351701957944,12351735745027
582.46,1196.7977,602.07385,1324.3441,12351735844871,12351769116537
556.41925,1091.9292,602.07385,1324.3441,12351769209714,12351801108048
611.39026,944.8891,602.07385,1196.7977,12351801277891,12351832861798
594.9749,924.53656,602.07385,1091.9292,12351833000287,12351868186537
544.79083,1006.8772,602.07385,1006.8772,12351868285287,12351899533152
587.54083,954.7117,594.9749,1006.8772,12351899640287,12351931342891
587.5717,961.884,587.5717,1006.8772,12351931434818,12351963940443
577.3708,915.23303,587.5717,961.884,12351964611121,12351994667839
596.56366,931.9384,587.5717,961.884,12351994846902,12352028964298
601.1251,883.0317,587.5717,931.9384,12352029091433,12352059181173
541.0805,877.1942,587.5717,931.9384,12352059272475,12352091429141
588.88293,863.9315,587.5717,883.0317,12352093125860,12352123313725
596.12823,932.50543,587.5717,931.9384,12352125444923,12352155695808
560.40625,889.8794,587.5717,889.8794,12352158480027,12352188185860
608.32465,932.76733,587.5717,931.9384,12352191520704,12352223716485
584.50116,955.06055,587.5717,931.9384,12352224218360,12352260467787
609.234,918.11633,587.5717,931.9384,12352260596381,12352309977370
612.509,913.67267,587.5717,931.9384,12352310112683,12352351613725
602.0191,943.74695,602.0191,931.9384,12352351709818,12352384581172
609.6344,977.92896,602.0191,931.9384,12352385229558,12352418713985
617.19946,969.0389,602.0191,943.74695,12352418869245,12352449333777
620.0739,982.5432,609.6344,969.0389,12352449506433,12352483884454
607.51306,911.6022,607.51306,943.74695,12352483988204,12352516496485
591.0893,943.2351,607.51306,943.74695,12352516645756,12352556531537
628.1785,988.14044,607.51306,943.74695,12352556678464,12352588463360
598.4917,988.88586,607.51306,943.74695,12352591075704,12352622917058
610.28546,935.34155,607.51306,943.74695,12352624915599,12352660963881
656.3146,935.5783,607.51306,943.74695,12352661041485,12352698061381
639.5962,958.5349,610.28546,943.74695,12352698153933,12352731622735
648.20105,992.8833,639.5962,943.74695,12352731709193,12352762850183
677.80023,995.35126,639.5962,958.5349,12352762931693,12352797375287
655.3591,955.4769,648.20105,955.4769,12352797458099,12352831289349
672.4209,957.4439,655.3591,957.4439,12352831377266,12352861951589
603.8393,1027.4512,648.20105,957.4439,12352862069974,12352894031433
639.7473,985.09045,648.20105,957.4439,12352894359558,12352926008620
633.2607,1026.0859,639.7473,985.09045,12352926288881,12352960321172
651.0938,1039.398,648.20105,985.09045,12352960586693,12352995651433
629.5159,1015.2275,639.7473,1015.2275,12352995753828,12353027321328
661.2571,978.077,648.20105,985.09045,12353028311120,12353059916797
700.6337,1045.4554,648.20105,1015.2275,12353060738724,12353091673620
659.07745,1062.9579,659.07745,1015.2275,12353092581172,12353124914766
720.16766,1001.4869,659.07745,1015.2275,12353125728255,12353158920391
686.1036,1069.3728,659.07745,1015.2275,12353161166120,12353191062058
702.3495,1056.684,686.1036,1015.2275,12353192563620,12353223502214
685.4673,1006.74164,685.4673,1015.2275,12353224699141,12353260329089
666.8731,1036.5363,685.4673,1015.2275,12353260499922,12353291196797
659.4699,1030.9177,685.4673,1015.2275,12353291478776,12353326954297
683.91376,1018.52454,683.91376,1018.52454,12353327685287,12353356974557
742.95184,1064.1473,685.4673,1018.52454,12353358184818,12353389021432
696.2778,1058.0808,685.4673,1018.52454,12353391391120,12353421162839
715.40894,1069.9563,696.2778,1058.0808,12353422916849,12353454067422
695.5545,1020.6742,695.5545,1020.6742,12353462187162,12353504520287
712.3148,1029.5927,696.2778,1029.5927,12353505840026,12353541530651
689.27356,1092.4858,695.5545,1029.5927,12353541695287,12353584866484
706.42926,1039.7682,696.2778,1029.5927,12353584960703,12353615672370
684.09186,1087.8359,695.5545,1039.7682,12353615813359,12353645562109
679.9917,993.8052,695.5545,1029.5927,12353645733828,12353678526484
682.16907,1029.3035,684.09186,1029.5927,12353678699609,12353714488828
687.0903,982.313,687.0903,1029.3035,12353714653984,12353748549036
697.1661,1061.1687,687.0903,1029.5927,12353749165964,12353781369401
690.5715,1092.0809,687.0903,1029.5927,12353781477891,12353815394609
706.2769,985.746,690.5715,1029.5927,12353815564609,12353850878099
735.5728,966.9773,690.5715,1029.5927,12353851067839,12353883190443
767.1195,1069.8077,706.2769,1029.5927,12353883345339,12353913148620
744.12585,1039.3756,735.5728,1029.5927,12353913359297,12353951548203
724.35516,1127.5077,724.35516,1039.3756,12353951704453,12353983469974
773.7619,1074.3745,735.5728,1039.3756,12353983610911,12354015606016
736.1632,1061.4672,735.5728,1061.4672,12354015776797,12354044312266
740.88586,1096.1686,736.1632,1061.4672,12354044484870,12354074217734
742.72736,1043.4674,736.1632,1061.4672,12354074353568,12354106282630
741.6606,1059.0309,740.88586,1061.4672,12354106648620,12354138787891
729.61096,1056.7751,736.1632,1059.0309,12354138883932,12354170005703
741.5505,1058.43,740.88586,1059.0309,12354170109870,12354202322734
722.3334,1072.4974,736.1632,1059.0309,12354202436693,12354236994922
726.75977,1071.3905,736.1632,1059.0309,12354237108203,12354269524609
770.4854,1010.3863,736.1632,1059.0309,12354269611380,12354305405703
726.02374,1041.6089,736.1632,1059.0309,12354305680390,12354338072057
730.3353,1055.6512,736.1632,1055.6512,12354338164193,12354371852370
724.3724,1137.5118,730.3353,1059.0309,12354372782943,12354406722317
748.4757,1139.17,736.1632,1059.0309,12354406880547,12354439325703
755.121,1183.3048,736.1632,1137.5118,12354439483672,12354470828620
772.92816,1139.4722,748.4757,1139.17,12354470926224,12354504198776
773.0663,1233.2225,755.121,1139.4722,12354504311536,12354537955807
763.3241,1127.7998,763.3241,1139.17,12354538058776,12354571563099
787.9669,1113.2749,763.3241,1139.17,12354573345911,12354603171849
775.07434,1160.3347,763.3241,1139.17,12354603276328,12354635211432
780.44196,1191.6853,775.07434,1139.17,12354635629349,12354669278099
763.44147,1218.7069,763.44147,1160.3347,12354669380026,12354704530963
766.16455,1313.2151,766.16455,1191.6853,12354704644192,12354740520859
762.61774,1363.2583,763.44147,1218.7069,12354740623828,12354774480338
778.5575,1356.8546,766.16455,1313.2151,12354774645807,12354806954297
754.5364,1367.9307,763.44147,1356.8546,12354807110547,12354836880651
770.5494,1382.5254,766.16455,1356.8546,12354836965494,12354868640911
759.9778,1368.8484,763.44147,1367.9307,12354869398619,12354902529661
738.6112,1338.6694,763.44147,1356.8546,12354902618671,12354936050442
744.1564,1335.4857,759.9778,1356.8546,12354936138932,12354994911224
749.68256,1350.6821,749.68256,1350.6821,12354995016380,12355027598099
779.4371,1343.1177,759.9778,1350.6821,12355027693724,12355057394453
739.56146,1389.3143,749.68256,1350.6821,12355058425911,12355089141588
747.48517,1405.3441,749.68256,1350.6821,12355089296067,12355127080338
716.29395,1392.0327,747.48517,1389.3143,12355127170598,12355161276223
765.0731,1406.5911,749.68256,1392.0327,12355161352213,12355221503203
764.56305,1303.0583,749.68256,1389.3143,12355221679140,12355253927369
821.62604,1359.9939,764.56305,1389.3143,12355254304140,12355286783723
809.39655,1355.1262,764.56305,1359.9939,12355287674036,12355319618046
815.3207,1425.4088,809.39655,1389.3143,12355319716640,12355358792421
878.5865,1460.2073,809.39655,1389.3143,12355358882994,12355393980442
811.59283,1562.9043,811.59283,1425.4088,12355394062890,12355425040598
819.73926,1553.0857,811.59283,1460.2073,12355425186640,12355457222265
808.09393,1576.6783,811.59283,1553.0857,12355458419192,12355491902473
807.37274,1574.3251,811.59283,1553.0857,12355492067473,12355525530546
814.8715,1581.4039,811.59283,1574.3251,12355525905442,12355557916588
852.0394,1553.7521,811.59283,1553.7521,12355558073255,12355590554348
810.75653,1612.2728,811.59283,1574.3251,12355590684817,12355621567109
809.17096,1615.5804,811.59283,1574.3251,12355622415390,12355655126171
832.01434,1531.2433,811.59283,1574.3251,12355665890025,12355703374348
826.34247,1573.5432,811.59283,1574.3251,12355703467057,12355734751536
797.4008,1564.6791,811.59283,1573.5432,12355734842682,12355766871223
763.53876,1553.5066,811.59283,1573.5432,12355767043411,12355827348150
775.0522,1632.7192,797.4008,1573.5432,12355827457994,12355864136692
791.43713,1634.7305,791.43713,1573.5432,12355864244661,12355898204973
801.1744,1668.551,797.4008,1632.7192,12355898298775,12355932735650
801.16815,1637.8733,797.4008,1634.7305,12355932820077,12355965034869
811.2274,1628.9039,801.16815,1632.7192,12355965173463,12355997599556
835.4502,1586.913,801.16815,1632.7192,12355997687890,12356033112681
825.1834,1614.9073,811.2274,1628.9039,12356033189504,12356064085025
803.6191,1673.1278,803.6191,1632.7192,12356064257577,12356099124452
810.70355,1741.0945,810.70355,1632.7192,12356099242213,12356130457056
835.1454,1782.5532,810.70355,1673.1278,12356131978671,12356165553879
817.1089,1683.0834,810.70355,1683.0834,12356165632317,12356196070390
802.7782,1746.1113,810.70355,1683.0834,12356196204556,12356227791015
810.0397,1738.2179,810.70355,1683.0834,12356227923254,12356265957161
832.3668,1718.7262,810.70355,1718.7262,12356266077056,12356299522056
842.68463,1685.381,810.70355,1685.381,12356299634713,12356331386171
831.7973,1734.9554,831.7973,1718.7262,12356331489869,12356362430233
831.8583,1685.0869,831.7973,1685.381,12356362517317,12356395700285
828.9726,1687.3411,831.7973,1687.3411,12356395777994,12356424867108
814.8352,1671.4275,831.7973,1685.381,12356426080650,12356457859504
823.2084,1628.2303,828.9726,1685.381,12356459509765,12356489993619
830.18524,1738.273,830.18524,1685.381,12356491219244,12356521959556
844.62286,1700.7382,830.18524,1685.381,12356523163775,12356556397369
839.783,1718.1068,830.18524,1700.7382,12356560454140,12356588907629
865.5405,1748.1611,839.783,1700.7382,12356592443098,12356623292785
874.90216,1764.2709,839.783,1718.1068,12356628670546,12356664203671
877.284,1746.2172,865.5405,1746.2172,12356664275181,12356693354869
844.119,1763.452,844.119,1746.2172,12356694590858,12356725356483
853.1695,1787.9639,853.1695,1746.2172,12356726452890,12356755499973
859.3875,1740.9418,853.1695,1746.2172,12356762544973,12356802506640
861.1253,1778.5597,853.1695,1746.2172,12356802668567,12356835924869
870.77466,1789.9327,859.3875,1746.2172,12356836120546,12356870136327
906.2157,1805.7081,861.1253,1778.5597,12356870211900,12356902450025
912.4398,1817.6138,870.77466,1789.9327,12356902834764,12356933447577
891.8751,1828.1179,891.8751,1805.7081,12356934274817,12356968705910
905.19635,1860.7877,891.8751,1817.6138,12356968808306,12356998201275
893.5667,1847.3629,891.8751,1828.1179,12356998285389,12357029634921
868.11,1779.9257,891.8751,1817.6138,12357029790337,12357079772837
879.0251,1786.6803,891.8751,1817.6138,12357079904348,12357109655285
868.7653,1796.0736,879.0251,1796.0736,12357109806483,12357142309504
888.96027,1882.3575,888.96027,1817.6138,12357142466744,12357174870494
906.26556,1868.5128,888.96027,1817.6138,12357175030233,12357206457160
879.4448,1882.6783,888.96027,1868.5128,12357206615285,12357241833514
878.1392,1875.1482,888.96027,1868.5128,12357242008514,12357273674139
921.66376,1827.3739,888.96027,1868.5128,12357273848566,12357307797316
894.86365,1846.6799,888.96027,1868.5128,12357307898618,12357342629660
855.1834,1811.8768,888.96027,1846.6799,12357342740493,12357381483723
851.93774,1813.9116,888.96027,1846.6799,12357381606223,12357425600598
844.76886,1805.1075,855.1834,1813.9116,12357425704764,12357461990441
840.4084,1863.8582,851.93774,1846.6799,12357463577733,12357495024556
837.0232,1820.9421,844.76886,1820.9421,12357495197681,12357528951691
836.0193,1766.4138,840.4084,1820.9421,12357529121275,12357563529400
888.4404,1828.021,844.76886,1820.9421,12357564585233,12357597469504
881.96967,1846.7686,844.76886,1820.9421,12357597568306,12357629143202
852.271,1825.1056,852.271,1825.1056,12357631662525,12357662100181
898.00903,1853.7517,852.271,1825.1056,12357662182941,12357692141170
876.0994,1845.1211,852.271,1825.1056,12357698441066,12357732412889
882.94006,1843.2166,876.0994,1843.2166,12357734029712,12357767303410
885.7676,1936.9498,876.0994,1843.2166,12357767946587,12357801006118
857.7576,1822.997,876.0994,1843.2166,12357802636900,12357837042993
840.26056,1904.448,876.0994,1843.2166,12357837122160,12357869742993
851.8297,1954.8817,857.7576,1843.2166,12357869837993,12357907368097
873.04614,1901.6888,873.04614,1901.6888,12357907503097,12357939857733
861.6261,1911.3967,861.6261,1901.6888,12357939994087,12357972386847
863.2733,1901.8945,863.2733,1901.6888,12357972540493,12358005914608
853.84985,1931.451,861.6261,1901.8945,12358006090129,12358044682264
848.6927,1909.5294,861.6261,1901.8945,12358044842316,12358082077160
851.3571,1875.1368,853.84985,1901.8945,12358082224608,12358118095076
846.86395,1881.1259,851.3571,1901.8945,12358118238410,12358147893670
841.20703,1908.793,851.3571,1901.8945,12358148853826,12358183023254
852.4544,1899.8949,851.3571,1901.8945,12358183213149,12358214670597
817.64545,1893.87,851.3571,1901.8945,12358214811326,12358250695337
834.5357,1900.1508,851.3571,1900.1508,12358250879712,12358283825129
849.5167,1922.2936,849.5167,1901.8945,12358284109556,12358315186691
872.75305,1939.9888,851.3571,1901.8945,12358315341691,12358346339243
876.48334,1933.0028,851.3571,1922.2936,12358346436326,12358379481639
856.1268,1949.9766,856.1268,1933.0028,12358379578566,12358413854347
841.9084,1990.4048,851.3571,1933.0028,12358413950233,12358450664868
835.3858,1930.2367,851.3571,1933.0028,12358450832420,12358483004608
882.38806,1926.8065,851.3571,1933.0028,12358483175493,12358517861691
869.07385,1881.872,851.3571,1930.2367,12358518024816,12358564593618
842.35736,1939.0164,851.3571,1933.0028,12358564760701,12358597747160
851.8118,1901.9822,851.3571,1930.2367,12358598177160,12358629908566
863.5981,1938.1699,851.3571,1933.0028,12358631525128,12358668588670
877.33923,1911.6204,851.8118,1930.2367,12358668671066,12358699599555
870.8899,1911.3285,863.5981,1930.2367,12358700411378,12358733002264
872.42584,1859.8545,870.8899,1911.6204,12358733120962,12358763411430
881.3516,1938.2942,870.8899,1930.2367,12358766267680,12358795950441
865.387,1912.1492,870.8899,1912.1492,12358797016326,12358828202680
860.27094,1927.051,870.8899,1927.051,12358829272107,12358864063774
863.2849,1947.4144,865.387,1927.051,12358865428670,12358897696170
859.974,1936.5281,863.2849,1927.051,12358899419451,12358932521066
861.0218,1886.0875,863.2849,1927.051,12358933846482,12358973479347
845.91174,1878.435,861.0218,1927.051,12358973569764,12359014563878
902.6884,1864.5364,863.2849,1886.0875,12359015382837,12359046930024
866.3583,1889.2913,863.2849,1889.2913,12359047082993,12359084550180
901.11536,1890.2546,866.3583,1889.2913,12359084713826,12359116837524
877.23083,1900.3099,866.3583,1889.2913,12359117719555,12359149683201
869.13324,1902.7899,869.13324,1890.2546,12359149847576,12359181284034
899.1035,1864.4908,869.13324,1889.2913,12359181430076,12359212210180
896.63165,1902.3641,869.13324,1890.2546,12359212514295,12359244410180
900.9266,1943.8062,896.63165,1890.2546,12359244508878,12359276814295
893.1527,1884.4211,893.1527,1890.2546,12359276906639,12359313309764
890.6923,1910.3876,893.1527,1890.2546,12359313450961,12359347186482
880.8351,1890.4309,893.1527,1890.2546,12359347357889,12359382573670
892.77057,1953.2063,892.77057,1890.4309,12359382758409,12359416317889
888.3922,1930.6235,892.77057,1890.4309,12359416505389,12359465692420
908.57166,1942.8005,892.77057,1930.6235,12359465778722,12359500644347
919.5504,1954.4713,892.77057,1930.6235,12359500892732,12359533467993
920.3106,1969.6062,908.57166,1942.8005,12359533552316,12359568578774
859.0051,1993.9497,892.77057,1954.4713,12359568741170,12359603253670
874.82776,2001.608,892.77057,1969.6062,12359603322836,12359635236066
855.4278,1899.809,874.82776,1954.4713,12359636900388,12359670712211
869.76013,1928.9125,874.82776,1954.4713,12359670854086,12359703736690
873.0448,1954.6187,873.0448,1954.4713,12359704142211,12359736347836
883.882,1991.4807,874.82776,1954.4713,12359736478253,12359766701951
916.3417,1854.7015,874.82776,1954.4713,12359771917107,12359805344399
907.413,1899.2495,883.882,1954.4713,12359805414243,12359839841899
889.81146,1909.6622,889.81146,1909.6622,12359839929243,12359876312367
918.6637,1874.1425,889.81146,1909.6622,12359876419711,12359909651117
917.6686,1948.821,889.81146,1909.6622,12359909730909,12359955531795
918.3263,1937.0712,917.6686,1909.6622,12359955612524,12359987064503
909.0206,1950.1853,909.0206,1937.0712,12359987243513,12360019291222
900.1277,1935.7927,909.0206,1935.7927,12360019456690,12360051567107
919.9689,1982.7389,909.0206,1937.0712,12360051728670,12360085620128
890.6544,1916.4478,909.0206,1935.7927,12360085797628,12360117154190
927.91614,1982.2008,909.0206,1937.0712,12360117317003,12360148100388
913.996,2017.045,909.0206,1937.0712,12360148255701,12360186710701
945.75397,1920.6266,913.996,1937.0712,12360186892419,12360219931899
936.81805,1968.3105,913.996,1937.0712,12360220088774,12360250858930
923.9888,1996.108,923.9888,1937.0712,12360250959294,12360280636899
930.93445,1985.2295,923.9888,1968.3105,12360280812263,12360315235232
927.4598,1982.148,923.9888,1982.148,12360315404399,12360347638149
926.0501,1964.121,926.0501,1968.3105,12360347797315,12360379531899
905.596,1961.7943,923.9888,1968.3105,12360380385180,12360411172680
918.14014,2002.4814,923.9888,1968.3105,12360411345180,12360445811899
914.91583,1989.5808,918.14014,1968.3105,12360445906690,12360476802784
880.28296,1998.0325,918.14014,1989.5808,12360476963305,12360508872055
889.8453,2029.6927,914.91583,1989.5808,12360508987419,12360540902003
874.1948,1981.1168,889.8453,1989.5808,12360541008357,12360574098409
860.75024,1965.3441,889.8453,1989.5808,12360574201378,12360610471846
889.29846,1958.9025,889.29846,1981.1168,12360610563982,12360647514971
858.192,1914.0497,889.29846,1965.3441,12360647696169,12360681033357
897.46655,1959.1656,889.29846,1959.1656,12360681209242,12360714139398
885.78595,1944.8679,889.29846,1959.1656,12360714297419,12360747284711
894.8697,2015.1742,889.29846,1959.1656,12360747374190,12360781898513
880.4911,1982.1125,889.29846,1959.1656,12360782084190,12360815358878
894.40497,2033.6926,889.29846,1982.1125,12360815514763,12360848161638
891.1802,1946.5105,889.29846,1959.1656,12360848345648,12360880382263
900.15265,1959.0508,891.1802,1959.1656,12360880553461,12360921019086
906.4292,1945.788,891.1802,1959.0508,12360921114919,12360954189346
913.40533,1927.6664,900.15265,1959.0508,12360954336690,12360987925388
894.1525,1930.2303,894.1525,1945.788,12360988170700,12361019546482
893.32135,1911.3976,894.1525,1930.2303,12361019731742,12361054375388
885.2263,1943.7583,894.1525,1943.7583,12361054484450,12361087819659
870.4029,1938.3055,893.32135,1938.3055,12361087990232,12361117422002
902.66895,1951.5946,894.1525,1943.7583,12361117604919,12361149677471
906.4028,1982.9783,894.1525,1943.7583,12361149767471,12361183518357
895.368,1949.1678,895.368,1949.1678,12361183699294,12361215464815
902.7425,1946.9486,895.368,1946.9486,12361215632263,12361250797575
942.7896,1918.2142,895.368,1946.9486,12361250979034,12361283147159
874.3913,1875.5488,895.368,1946.9486,12361283311065,12361315912054
933.06744,1835.0923,895.368,1918.2142,12361316110336,12361349254607
917.13513,1876.3092,895.368,1876.3092,12361349383825,12361386115804
893.0273,1833.663,895.368,1876.3092,12361386219763,12361417796013
921.5793,1832.177,895.368,1876.3092,12361417997106,12361451699711
909.90674,1849.5505,895.368,1849.5505,12361451875648,12361484116794
874.2995,1805.2054,895.368,1849.5505,12361484259711,12361517218981
929.76575,1892.4865,895.368,1849.5505,12361517383252,12361550594763
914.5012,1883.9519,895.368,1849.5505,12361550709190,12361583683513
892.8518,1871.091,895.368,1871.091,12361583864398,12361618026481
928.2674,1899.7621,895.368,1871.091,12361618201742,12361664403721
885.0666,1775.4343,895.368,1871.091,12361664480283,12361696351377
938.6844,1838.828,895.368,1871.091,12361696524502,12361732614398
922.4281,1847.9285,895.368,1847.9285,12361732712575,12361763651325
929.704,1837.1859,922.4281,1847.9285,12361763816846,12361794176742
948.22076,1824.6644,922.4281,1847.9285,12361794333200,12361842749867
948.12256,1844.46,929.704,1844.46,12361842846377,12361878935544
929.6985,1759.4087,929.6985,1844.46,12361879052367,12361918476638
937.9907,1873.2997,929.704,1844.46,12361918664919,12361951891898
943.4043,1814.1722,929.704,1844.46,12361952811065,12361986894242
908.3946,1864.532,929.704,1844.46,12361987000335,12362018395752
912.29315,1821.2488,929.704,1844.46,12362018604502,12362051165335
950.50476,1849.9642,929.704,1844.46,12362051349606,12362087697367
962.8422,1828.8988,929.704,1844.46,12362087795804,12362121643669
930.65137,1826.6669,930.65137,1844.46,12362121755544,12362154723044
963.65576,1766.7379,930.65137,1828.8988,12362154825127,12362184984658
940.3573,1717.9813,930.65137,1826.6669,12362185149867,12362218206742
933.5386,1753.8253,933.5386,1766.7379,12362218311950,12362250339450
919.2478,1725.3278,930.65137,1753.8253,12362250448512,12362283238200
936.6907,1780.2721,933.5386,1766.7379,12362283398200,12362315133356
910.77545,1800.7378,930.65137,1766.7379,12362315324398,12362350574189
934.13586,1807.2839,933.5386,1780.2721,12362350680179,12362384507158
956.62634,1763.8885,933.5386,1766.7379,12362384607210,12362418174919
932.20526,1674.1732,933.5386,1766.7379,12362418356846,12362450172210
933.94183,1772.2937,933.5386,1766.7379,12362450328929,12362490128408
938.724,1827.3857,933.5386,1766.7379,12362490279502,12362522501585
900.4067,1768.1289,933.5386,1768.1289,12362522655231,12362555055283
897.1084,1770.6128,933.5386,1768.1289,12362556218304,12362585366689
934.6774,1777.2922,933.5386,1768.1289,12362585457731,12362620815960
916.25037,1770.4342,933.5386,1770.4342,12362620959346,12362651372679
914.79083,1819.1008,933.5386,1770.4342,12362651491533,12362683150804
921.3066,1760.178,921.3066,1770.4342,12362683256429,12362714239554
872.65326,1705.989,921.3066,1770.4342,12362714399033,12362747669398
918.11066,1757.9937,921.3066,1760.178,12362747772054,12362779466377
917.7456,1760.6969,918.11066,1760.6969,12362779575700,12362814814502
927.7465,1742.9747,921.3066,1760.178,12362814926741,12362846733408
924.28516,1674.2883,921.3066,1760.178,12362846840335,12362877416846
942.5549,1733.2954,924.28516,1742.9747,12362877582210,12362910729189
915.59955,1700.5135,921.3066,1733.2954,12362910828408,12362945259345
919.3811,1751.4308,921.3066,1742.9747,12362945414658,12362981589762
895.3859,1730.8269,919.3811,1733.2954,12362981765335,12363015071325
897.72375,1713.1508,919.3811,1733.2954,12363015244606,12363050055127
910.9198,1703.9059,910.9198,1730.8269,12363050219606,12363082961012
933.10126,1717.0934,919.3811,1717.0934,12363083079241,12363115722418
931.45764,1676.4524,919.3811,1717.0934,12363115818512,12363149225179
911.1109,1536.0629,919.3811,1717.0934,12363149371897,12363186450856
929.7403,1566.5549,919.3811,1676.4524,12363186554658,12363219911741
915.8815,1589.6874,919.3811,1589.6874,12363220067991,12363251147470
914.8439,1622.1115,919.3811,1622.1115,12363251252522,12363315855439
932.931,1567.6583,919.3811,1589.6874,12363315957939,12363350166481
938.9071,1531.6581,919.3811,1589.6874,12363351489137,12363390532939
897.31195,1564.402,919.3811,1567.6583,12363390877887,12363422429397
929.99115,1591.9019,919.3811,1589.6874,12363422593929,12363457275543
922.14105,1606.457,919.3811,1589.6874,12363457460543,12363494029970
899.11584,1570.8789,919.3811,1589.6874,12363494155856,12363530452939
909.27344,1587.8054,919.3811,1589.6874,12363530598564,12363563962939
932.49347,1595.7147,919.3811,1589.6874,12363564252470,12363599119397
897.685,1585.0088,919.3811,1589.6874,12363599201012,12363632413147
944.9763,1530.2861,919.3811,1589.6874,12363632574918,12363663014710
906.2165,1544.521,919.3811,1585.0088,12363663179606,12363693093147
922.87195,1527.6084,919.3811,1544.521,12363693246533,12363724483356
920.4946,1550.1564,919.3811,1550.1564,12363724576897,12363755189970
914.54504,1471.3792,919.3811,1544.521,12363755376949,12363789490960
898.29663,1515.198,919.3811,1544.521,12363789592158,12363818620908
914.8631,1493.8517,914.8631,1515.198,12363820187470,12363851735699
897.88116,1445.6709,914.8631,1515.198,12363851830647,12363885219866
913.2772,1446.3207,914.8631,1493.8517,12363885854137,12363918826533
910.76575,1440.6299,913.2772,1446.3207,12363919443199,12363955686949
920.4949,1411.9833,914.8631,1446.3207,12363955856637,12363990352887
900.3331,1493.4408,913.2772,1446.3207,12363990529866,12364030244658
880.3293,1415.3938,913.2772,1446.3207,12364030328876,12364060895960
898.1584,1502.1356,900.3331,1446.3207,12364061057210,12364092846845
904.7448,1449.0978,904.7448,1446.3207,12364092956168,12364123723303
903.5785,1334.792,903.5785,1446.3207,12364123812939,12364154320803
748.0394,1511.7808,903.5785,1446.3207,12364156670230,12364190031949
706.0424,1560.6372,903.5785,1446.3207,12364190108512,12364221964658
766.91693,1492.5547,766.91693,1492.5547,12364223318772,12364257192001
755.4806,654.0529,766.91693,1446.3207,12364257280282,12364287882105
939.5304,1102.5939,766.91693,1446.3207,12364288130439,12364318322782
924.1851,1361.6279,766.91693,1361.6279,12364318434553,12364355288407
923.74615,1366.6322,923.74615,1366.6322,12364355456064,12364397343980
925.1731,1322.0084,923.74615,1361.6279,12364397444189,12364434660230
929.56024,1391.4766,923.74615,1366.6322,12364434800335,12364471785074
919.5737,1373.1641,923.74615,1366.6322,12364473120230,12364508224918
918.14246,1387.4298,923.74615,1373.1641,12364508380230,12364541995647
907.33435,1380.7245,919.5737,1373.1641,12364542108095,12364574141012
891.1086,1405.3699,918.14246,1380.7245,12364574302418,12364608968199
838.2145,1444.097,907.33435,1380.7245,12364609153199,12364641935907
897.7952,1369.3502,897.7952,1380.7245,12364642108459,12364673517209
880.95856,1397.9706,897.7952,1380.7245,12364673656116,12364716611272
850.3192,1406.4258,897.7952,1380.7245,12364716707939,12364749184866
865.68506,1388.7882,880.95856,1388.7882,12364749275230,12364787069605
855.6167,1479.0544,865.68506,1388.7882,12364787283355,12364821907366
859.4788,1403.6588,865.68506,1388.7882,12364822043251,12364856962730
857.0204,1364.5464,859.4788,1388.7882,12364857087834,12364894533355
870.3188,1329.8303,865.68506,1388.7882,12364894715647,12364928834813
844.3992,1421.5879,859.4788,1388.7882,12364929015178,12364964939449
851.6277,1267.4305,859.4788,1388.7882,12364965109813,12365015036376
847.6044,1301.0531,851.6277,1388.7882,12365015145230,12365054533303
849.91724,1322.8391,851.6277,1322.8391,12365054664032,12365086348511
850.9463,1281.8566,850.9463,1322.8391,12365086524084,12365119803199
847.741,1290.9026,850.9463,1322.8391,12365119959553,12365152297990
822.2377,1229.0305,850.9463,1290.9026,12365152456584,12365188556480
815.64435,1218.8951,847.741,1290.9026,12365188730647,12365234584449
855.6087,1160.5728,850.9463,1229.0305,12365235315907,12365267858355
826.8799,1168.658,847.741,1218.8951,12365269197209,12365304290022
857.46716,1141.9314,850.9463,1168.658,12365305777261,12365342592990
819.4906,1142.2305,847.741,1168.658,12365342744345,12365377606480
822.56024,1136.5344,847.741,1142.2305,12365377700230,12365410402470
834.49725,1168.7388,834.49725,1168.658,12365410567261,12365445113095
856.7536,1100.098,847.741,1142.2305,12365445567313,12365481408303
824.48944,1033.8978,834.49725,1142.2305,12365481534605,12365513789084
820.6372,1050.1832,834.49725,1100.098,12365513882626,12365548285542
855.62024,1007.09247,834.49725,1050.1832,12365549282053,12365580743511
816.1801,1043.8807,834.49725,1050.1832,12365580848459,12365614919605
820.373,1028.194,834.49725,1043.8807,12365615918772,12365651663772
861.8297,1043.8733,834.49725,1043.8807,12365651759813,12365685085594
830.76904,1012.04144,834.49725,1043.8733,12365685273928,12365727578980
837.9905,1024.4001,834.49725,1043.8733,12365727658147,12365759950022
852.834,987.4828,834.49725,1024.4001,12365760159813,12365796525126
828.1801,1006.38074,834.49725,1024.4001,12365796691896,12365840866219
834.5629,990.92065,834.49725,1006.38074,12365841036376,12365876513824
836.23816,1012.2331,834.49725,1012.2331,12365876675334,12365914545074
863.3314,1002.88,834.5629,1006.38074,12365915019396,12365947339240
846.3046,924.6105,836.23816,1006.38074,12365949247053,12365982838407
836.544,997.33417,836.544,1002.88,12365982978876,12366015623615
796.2729,869.8009,836.23816,997.33417,12366015787209,12366049685698
762.1299,861.44965,836.23816,997.33417,12366049857990,12366081544969
805.6835,839.808,805.6835,869.8009,12366081690594,12366116356948
790.1947,854.51324,805.6835,861.44965,12366116511323,12366150239657
786.7625,815.49927,805.6835,854.51324,12366150398563,12366189068719
760.6913,814.41046,790.1947,854.51324,12366189235230,12366221509657
788.9009,811.6823,788.9009,815.49927,12366221621375,12366256642105
758.06116,800.6978,788.9009,814.41046,12366256727365,12366290952209
793.4576,783.97266,788.9009,811.6823,12366291105125,12366326302573
752.4344,801.0918,788.9009,801.0918,12366326418875,12366356948563
760.8395,822.7913,788.9009,811.6823,12366357132730,12366388055178
756.91016,732.88385,760.8395,801.0918,12366388228198,12366419662157
794.8738,787.1565,788.9009,801.0918,12366419815230,12366455012782
746.1127,753.48737,760.8395,787.1565,12366455190646,12366489270334
787.3191,739.0579,787.3191,787.1565,12366489437157,12366523817625
727.5121,747.56433,760.8395,753.48737,12366523991271,12366557181427
756.2904,748.5238,760.8395,748.5238,12366557282469,12366588354552
781.1044,728.64276,760.8395,748.5238,12366588767157,12366619396480
769.87286,697.7978,760.8395,748.5238,12366619509188,12366652957157
762.2355,743.80255,762.2355,743.80255,12366653043354,12366704711636
796.16,731.55475,762.2355,743.80255,12366704814709,12366743814344
779.6444,710.714,762.2355,743.80255,12366743915490,12366778649604
774.9629,695.3763,774.9629,731.55475,12366778753719,12366811402990
765.2014,744.79456,765.2014,743.80255,12366811490438,12366843319448
777.40686,708.74506,774.9629,731.55475,12366843613563,12366878283875
795.94775,718.81586,774.9629,731.55475,12366878380281,12366913485438
785.81354,731.1366,777.40686,731.1366,12366913582781,12366945939761
753.1164,747.8484,774.9629,731.55475,12366946042625,12366981897781
800.85785,668.4679,777.40686,731.1366,12366982064448,12367017523354
795.68536,664.4004,777.40686,731.1366,12367017689292,12367051019865
760.79486,684.1093,777.40686,684.1093,12367051212261,12367081940906
784.92114,644.05536,777.40686,684.1093,12367082112000,12367113558823
764.97955,640.8668,777.40686,684.1093,12367113705281,12367150088094
784.0583,653.31006,777.40686,653.31006,12367150219344,12367207702573
752.4972,527.78125,777.40686,653.31006,12367207808719,12367239189656
740.4794,586.44855,777.40686,653.31006,12367239328458,12367272355802
747.8092,514.56946,752.4972,586.44855,12367272527625,12367310144344
747.908,541.94403,747.908,586.44855,12367310307469,12367347577521
739.27875,542.92163,747.908,542.92163,12367347751167,12367379738979
740.96063,544.02466,747.908,544.02466,12367379900802,12367414460542
675.74695,544.9239,740.96063,544.02466,12367414624396,12367451215281
692.88696,560.8874,740.96063,544.02466,12367451388042,12367482677990
660.8516,486.3155,692.88696,544.02466,12367482773250,12367514548458
686.93494,501.48822,692.88696,544.02466,12367514646844,12367547005646
689.46173,413.62256,689.46173,501.48822,12367549494552,12367584152365
694.5264,443.4582,692.88696,501.48822,12367584264292,12367615082885
683.74854,431.88327,689.46173,443.4582,12367615253250,12367654408615
687.3336,461.9649,689.46173,461.9649,12367654511740,12367685572833
682.80383,485.60132,687.3336,461.9649,12367685802417,12367725418823
688.2612,505.57385,688.2612,461.9649,12367725518875,12367756156323
664.1797,496.0975,687.3336,485.60132,12367756320594,12367787063458
690.21204,461.8025,688.2612,461.9649,12367787233406,12367820387573
653.8135,482.67957,687.3336,482.67957,12367820573042,12367852259604
674.35455,436.45026,687.3336,461.9649,12367852364604,12367882605125
695.4215,443.1769,687.3336,461.9649,12367882710802,12367913919552
738.3605,458.16013,687.3336,458.16013,12367914011219,12367947151635
692.53503,479.85895,692.53503,461.9649,12367947236896,12367981856739
714.3166,451.23004,692.53503,458.16013,12367981954708,12368015127416
713.3817,437.20416,692.53503,458.16013,12368015303927,12368051596323
678.9429,448.86658,692.53503,451.23004,12368051766583,12368086090854
678.52765,469.39856,692.53503,458.16013,12368086263927,12368118167260
671.98267,451.6154,678.9429,451.6154,12368118352729,12368166820750
654.1116,437.14993,678.52765,451.6154,12368166909396,12368200845958
649.672,453.06387,671.98267,451.6154,12368202997677,12368236209343
677.25415,400.99707,677.25415,451.6154,12368236281166,12368267976791
672.85266,446.6685,672.85266,451.6154,12368268126114,12368299792052
667.6875,428.29388,672.85266,446.6685,12368299883771,12368332379864
653.25354,394.15735,672.85266,446.6685,12368332478302,12368365191896
643.8245,370.2048,667.6875,428.29388,12368365764604,12368396401739
623.6774,354.38757,653.25354,394.15735,12368403299083,12368434440177
619.30493,347.0449,643.8245,370.2048,12368434534291,12368465395489
645.8182,339.5644,645.8182,354.38757,12368466260541,12368498238302
627.5758,316.15033,643.8245,347.0449,12368500522781,12368534119500
628.75806,358.91776,643.8245,354.38757,12368534252520,12368564161739
611.1255,370.71344,628.75806,354.38757,12368565859500,12368596294500
621.59546,363.06674,628.75806,358.91776,12368597770281,12368628809656
627.36084,376.2932,627.36084,363.06674,12368631920593,12368672604656
610.1322,320.54523,627.36084,358.91776,12368672719708,12368707346322
612.6923,308.0246,627.36084,358.91776,12368707439135,12368737730072
641.38995,291.4608,627.36084,320.54523,12368738496791,12368781639395
626.8132,297.5599,627.36084,308.0246,12368781776791,12368815668145
609.1541,306.72678,627.36084,306.72678,12368815860385,12368856101427
611.63275,335.59048,626.8132,308.0246,12368856193822,12368890938770
611.1957,338.25446,611.63275,308.0246,12368891107572,12368922415854
632.95953,408.32687,626.8132,335.59048,12368923259083,12368954395333
575.2262,307.74893,611.63275,308.0246,12368954502468,12368985785281
605.88,354.19342,611.63275,335.59048,12368985897052,12369020549031
535.07367,322.693,605.88,322.693,12369020652260,12369051411062
578.4271,330.71207,605.88,330.71207,12369051548614,12369083359656
577.2881,322.22028,578.4271,322.693,12369083534239,12369114545124
603.67206,336.60846,603.67206,330.71207,12369114654864,12369149838145
602.5221,350.4557,602.5221,330.71207,12369149938301,12369181787208
577.65466,330.27002,602.5221,330.71207,12369181886739,12369215524447
587.65173,334.73315,602.5221,330.71207,12369215666947,12369248628926
563.8021,334.68533,587.65173,330.71207,12369248804187,12369280197103
599.2811,296.07684,599.2811,330.71207,12369280366687,12369314074447
569.93097,288.3277,587.65173,330.71207,12369314257989,12369349370176
551.6795,279.73898,587.65173,296.07684,12369349529187,12369408777833
566.14984,370.91513,569.93097,330.71207,12369408944343,12369442813822
587.41486,327.37323,587.41486,327.37323,12369442930281,12369477724291
580.36536,315.56122,580.36536,327.37323,12369477830437,12369516853353
586.55774,334.01505,586.55774,327.37323,12369516944551,12369549299083
581.5079,310.14728,581.5079,327.37323,12369549480176,12369581100124
572.0962,292.0761,581.5079,327.37323,12369581232155,12369620445697
570.08185,396.67413,581.5079,327.37323,12369620578978,12369652604135
569.97205,314.75598,572.0962,327.37323,12369652811791,12369686448405
564.8339,278.123,570.08185,327.37323,12369686589916,12369717593770
507.8733,269.4988,569.97205,314.75598,12369717732989,12369750208093
508.87335,238.61063,564.8339,278.123,12369750315489,12369787922832
512.477,230.21106,512.477,269.4988,12369788099499,12369821415853
522.3673,252.17067,522.3673,252.17067,12369821522520,12369851711218
515.89844,250.25919,515.89844,252.17067,12369851821582,12369882967624
486.54343,235.27705,515.89844,252.17067,12369883133093,12369916927989
503.4954,263.36438,515.89844,252.17067,12369917082416,12369951668457
505.52945,244.5444,505.52945,252.17067,12369951793822,12369983624655
510.76172,280.85617,510.76172,252.17067,12369983789916,12370017278249
524.35944,250.4101,510.76172,252.17067,12370017450020,12370064452259
529.3146,275.2197,510.76172,252.17067,12370064553822,12370096829707
499.33356,258.97437,510.76172,252.17067,12370096926114,12370133063666
477.678,261.12027,510.76172,258.97437,12370133152624,12370168294395
497.06287,253.34726,499.33356,253.34726,12370168460749,12370202319134
502.38153,244.2379,502.38153,253.34726,12370204710072,12370236507572
481.6698,259.13074,499.33356,253.34726,12370269631947,12370308611478
480.7201,272.19568,499.33356,253.34726,12370310512155,12370350792416
516.42395,231.48306,499.33356,253.34726,12370350971738,12370385010541
503.40744,218.0174,499.33356,253.34726,12370385989551,12370419857259
516.3903,191.8774,503.40744,231.48306,12370419967207,12370466476999
521.9297,176.14026,503.40744,218.0174,12370466564238,12370500584291
519.4301,154.59447,516.3903,191.8774,12370500744811,12370531598509
539.37787,188.4661,519.4301,188.4661,12370533031061,12370575238509
524.4653,201.0871,519.4301,191.8774,12370575365176,12370613771322
486.11874,183.79974,519.4301,188.4661,12370613889082,12370649930124
508.56805,214.26315,519.4301,191.8774,12370650046843,12370683609551
476.97476,201.73946,508.56805,191.8774,12370683759395,12370714590853
477.8004,229.42667,508.56805,201.73946,12370714782624,12370746491426
475.934,174.89069,477.8004,191.8774,12370746646530,12370778270124
466.9412,212.16092,477.8004,201.73946,12370778369915,12370810708926
432.1553,204.48657,475.934,201.73946,12370810891009,12370847074030
424.62393,211.47589,466.9412,204.48657,12370847262832,12370882246634
437.82858,241.60008,437.82858,204.48657,12370882443978,12370945019915
466.25885,230.6677,466.25885,211.47589,12370945148665,12370986621322
454.63916,236.89465,454.63916,230.6677,12370986769447,12371018683926
441.17816,238.32034,454.63916,230.6677,12371018796842,12371052961999
435.14752,225.49744,454.63916,230.6677,12371053057051,12371085180853
442.79752,260.93326,442.79752,230.6677,12371085282780,12371118319447
470.12662,214.85123,454.63916,230.6677,12371118437988,12371156090019
476.3965,226.26997,454.63916,230.6677,12371156987415,12371185245697
490.77982,227.25487,470.12662,227.25487,12371185359186,12371227581790
425.9807,251.1362,454.63916,230.6677,12371227742624,12371260611321
443.595,256.91156,454.63916,230.6677,12371260721790,12371290586113
431.03735,260.45676,443.595,251.1362,12371290730540,12371323880592
435.89084,245.3168,443.595,245.3168,12371324106217,12371354750905
438.11478,271.641,438.11478,251.1362,12371354895280,12371385564603
449.20145,205.83148,443.595,245.3168,12371385665749,12371417274499
473.05612,247.6836,443.595,247.6836,12371417371738,12371449214915
423.37686,280.5596,443.595,247.6836,12371449324551,12371481931894
440.81305,230.32782,443.595,247.6836,12371482081321,12371513279134
453.39447,220.50015,443.595,247.6836,12371513393873,12371550141373
445.20212,216.32333,443.595,230.32782,12371550253613,12371589460592
426.25705,245.52588,443.595,245.52588,12371589622728,12371651646790
457.1142,208.38531,443.595,230.32782,12371651735957,12371694203144
439.56924,202.605,443.595,230.32782,12371694300540,12371726220175
465.6521,196.8442,443.595,208.38531,12371726392311,12371763680853
430.57736,198.67009,443.595,202.605,12371763799603,12371794220384
425.7333,190.63753,443.595,198.67009,12371794387311,12371825067207
415.01633,163.6738,430.57736,198.67009,12371825219811,12371858083561
438.0476,174.06194,438.0476,190.63753,12371858221373,12371891491582
438.1039,159.3368,438.0476,174.06194,12371891654394,12371921982363
422.7099,198.16855,438.0476,190.63753,12371922156061,12371956444811
412.9091,203.67148,438.0476,190.63753,12371956624186,12371987459238
387.3866,177.93993,422.7099,190.63753,12371987637780,12372025671269
383.20407,195.95076,412.9091,190.63753,12372025848196,12372062243040
329.2641,243.49318,387.3866,190.63753,12372062394811,12372098601738
352.00885,257.11734,383.20407,195.95076,12372098776529,12372133219759
295.52524,260.87622,352.00885,243.49318,12372133299967,12372166878509
304.51074,280.27536,352.00885,257.11734,12372167103561,12372199971425
315.19446,286.32608,315.19446,260.87622,12372201621061,12372235169238
316.89267,296.21475,316.89267,280.27536,12372237196425,12372269088509
311.3092,287.39694,315.19446,286.32608,12372269324134,12372302389602
320.93802,276.65222,316.89267,280.27536,12372302547884,12372338215331
319.07138,284.03232,316.89267,284.03232,12372339084498,12372376037936
314.02844,305.8323,316.89267,284.03232,12372376200071,12372412506373
338.5418,325.22748,316.89267,284.03232,12372412662102,12372445258404
341.34323,294.79327,316.89267,294.79327,12372445374342,12372479311946
345.21567,312.99823,338.5418,294.79327,12372479415175,12372513279706
312.3291,361.19623,316.89267,294.79327,12372513443925,12372548975956
315.29877,341.136,316.89267,312.99823,12372549067311,12372582662571
334.6824,365.5169,316.89267,341.136,12372582781217,12372624923456
366.71072,363.67807,316.89267,341.136,12372624999342,12372655647102
357.92957,365.28354,334.6824,363.67807,12372655836529,12372688315383
309.18994,373.63663,316.89267,363.67807,12372688496998,12372726791894
331.52145,370.2463,331.52145,365.28354,12372726981686,12372765590592
363.1334,324.97928,331.52145,363.67807,12372766022727,12372797851477
341.8933,321.9366,331.52145,363.67807,12372797960800,12372832831060
329.0829,339.303,331.52145,339.303,12372832918821,12372865709758
332.6947,374.06888,331.52145,363.67807,12372865799394,12372899982050
310.25885,372.63742,331.52145,363.67807,12372900130227,12372938880488
339.85886,367.92654,331.52145,367.92654,12372939067935,12372972614915
328.28256,399.98837,331.52145,367.92654,12372972708352,12373006153612
335.53052,329.3877,331.52145,367.92654,12373006263352,12373041006112
314.4813,323.926,331.52145,367.92654,12373041098456,12373083435279
316.56668,399.20813,331.52145,367.92654,12373083603717,12373115811321
304.04456,406.6183,316.56668,367.92654,12373115923873,12373148279237
294.37338,435.6652,316.56668,399.20813,12373148375019,12373182409706
274.13248,422.13333,304.04456,406.6183,12373183323560,12373216993560
297.17502,419.8478,297.17502,419.8478,12373217170227,12373251100487
329.01978,377.34818,304.04456,406.6183,12373252044758,12373284963352
319.9797,374.3811,304.04456,406.6183,12373285130279,12373316792883
322.5061,346.6376,319.9797,377.34818,12373316922414,12373350909654
276.64618,349.49905,304.04456,374.3811,12373351102987,12373391047935
292.0729,342.77612,304.04456,349.49905,12373391230487,12373424473821
290.29947,389.62573,292.0729,374.3811,12373424622831,12373456501789
322.90732,361.23093,304.04456,361.23093,12373456676998,12373487359914
285.2474,378.4684,292.0729,374.3811,12373487542519,12373521357310
298.00104,387.6815,298.00104,374.3811,12373521530852,12373554751998
301.06906,426.4291,298.00104,378.4684,12373554963456,12373596988404
293.49374,419.7841,298.00104,387.6815,12373597088404,12373627913873
311.2886,423.0064,298.00104,419.7841,12373628309758,12373659355852
296.78516,420.71338,298.00104,419.7841,12373659451789,12373691159185
287.25302,418.40286,298.00104,419.7841,12373691338612,12373722373560
295.0792,423.66608,296.78516,419.7841,12373722522623,12373756237987
271.8398,395.93448,295.0792,419.7841,12373756347935,12373788523977
293.4625,412.60724,295.0792,419.7841,12373788611477,12373821566425
267.6832,423.71735,293.4625,419.7841,12373821680175,12373853450800
262.62668,401.1836,293.4625,419.7841,12373853558143,12373887278091
285.24115,408.7903,285.24115,419.7841,12373887489966,12373920305800
265.35504,394.4002,285.24115,408.7903,12373920484185,12373950810956
247.23586,441.83197,285.24115,419.7841,12373950993195,12373985598768
288.57935,476.8411,285.24115,419.7841,12373985792050,12374032387362
264.90085,492.08014,285.24115,441.83197,12374032506893,12374063475018
250.51324,502.54715,285.24115,476.8411,12374063591320,12374098092206
328.22647,826.31903,285.24115,492.08014,12374098181633,12374129845018
616.24725,433.22852,285.24115,476.8411,12374134589602,12374165696737
615.17004,844.0948,328.22647,492.08014,12374167262154,12374202240018
539.3859,104.83045,539.3859,476.8411,12374202397154,12374235084706
286.99857,348.35727,328.22647,476.8411,12374235265331,12374266868925
203.87598,579.30945,328.22647,476.8411,12374267063091,12374298999758
194.81364,587.91296,286.99857,476.8411,12374299115227,12374330887102
196.66063,472.9125,203.87598,476.8411,12374331048143,12374365191581
191.62914,523.68066,196.66063,476.8411,12374365350070,12374396704706
182.29822,513.132,196.66063,476.8411,12374396948508,12374429942466
181.78275,603.558,191.62914,513.132,12374430708143,12374470695435
205.15208,583.8057,196.66063,513.132,12374470784133,12374504924914
203.163,606.50226,196.66063,583.8057,12374505104654,12374542893560
210.1672,578.78,203.163,578.78,12374542990331,12374574822883
193.23344,652.7189,196.66063,583.8057,12374575006320,12374615487414
219.67184,624.52545,203.163,583.8057,12374615668924,12374651305956
213.87993,646.11005,203.163,624.52545,12374651488195,12374682564706
196.9197,585.6875,203.163,585.6875,12374682753508,12374717024029
213.94827,648.7901,203.163,624.52545,12374717195747,12374746500435
216.79758,618.7569,203.163,618.7569,12374746638664,12374781478299
217.76224,599.617,213.94827,618.7569,12374781622049,12374814895226
228.84967,627.6862,216.79758,618.7569,12374815064758,12374853705122
242.80371,630.8575,217.76224,618.7569,12374853877101,12374905169028
210.98431,594.7509,216.79758,618.7569,12374905269497,12374940349445
216.87079,658.6537,216.87079,618.7569,12374940442362,12374974710799
224.63675,636.9526,216.87079,618.7569,12374974826633,12375026836945
205.5027,634.49744,216.87079,634.49744,12375026948612,12375067493612
215.45372,680.20667,216.87079,634.49744,12375067671476,12375101255955
219.91316,655.18774,216.87079,634.49744,12375102579080,12375134620174
213.77913,672.8391,216.87079,655.18774,12375134698247,12375170809810
227.33911,722.61725,216.87079,655.18774,12375170991424,12375202517518
218.5192,715.1566,216.87079,672.8391,12375202669705,12375239046997
217.43657,733.4453,217.43657,715.1566,12375239200903,12375274505903
212.9247,753.7314,216.87079,715.1566,12375274657570,12375306748351
211.00262,759.82074,216.87079,733.4453,12375306861893,12375340179497
195.13193,731.70886,212.9247,731.70886,12375340292466,12375377190226
202.17194,714.2153,211.00262,731.70886,12375377289497,12375412280643
198.20737,727.6735,202.17194,731.70886,12375412375382,12375448196476
206.1306,748.71045,206.1306,731.70886,12375448372466,12375482893976
207.57526,678.9353,206.1306,731.70886,12375483069393,12375515270903
199.42172,638.7443,206.1306,731.70886,12375515458091,12375547041372
195.87689,656.4775,206.1306,678.9353,12375548970695,12375582478091
194.9477,655.7292,199.42172,656.4775,12375582588455,12375615122361
190.1616,633.37555,195.87689,656.4775,12375615305695,12375648571320
206.17465,668.46356,199.42172,656.4775,12375648751997,12375680321945
220.91449,705.3022,199.42172,656.4775,12375680495122,12375716371945
211.09302,686.11536,206.17465,668.46356,12375716489132,12375748886841
216.36295,703.77527,211.09302,686.11536,12375749069914,12375790505018
224.8,689.9748,211.09302,686.11536,12375790608143,12375824578455
238.49203,741.9047,216.36295,689.9748,12375824692049,12375857092986
225.38397,781.5157,224.8,689.9748,12375857182205,12375888366945
241.01291,747.80255,225.38397,741.9047,12375888537934,12375920428507
220.12584,726.7356,224.8,726.7356,12375920612153,12375951540330
213.36708,748.1322,224.8,741.9047,12375951683663,12375991954028
261.20206,752.53973,224.8,741.9047,12375992069341,12376024580903
207.13739,732.59644,224.8,741.9047,12376024729028,12376058004132
207.66414,758.5499,224.8,741.9047,12376058094288,12376092795174
220.74722,763.6976,220.74722,741.9047,12376092956163,12376125750851
214.34886,806.89325,220.74722,758.5499,12376125847830,12376158762361
220.31412,776.0157,220.74722,763.6976,12376159192049,12376193251528
214.92726,779.4701,220.31412,776.0157,12376193566997,12376233824080
228.27684,787.134,220.74722,776.0157,12376233945747,12376267418611
215.66449,847.3678,220.31412,779.4701,12376267555017,12376300264288
208.7227,841.90216,220.31412,787.134,12376300356736,12376333447413
214.1576,868.9836,215.66449,841.90216,12376333539861,12376369665070
186.37659,843.12524,214.1576,841.90216,12376370766997,12376402086528
186.67441,821.2496,214.1576,841.90216,12376402221476,12376436161372
195.00044,879.6428,195.00044,841.90216,12376436309809,12376476916997
164.20952,896.8486,195.00044,841.90216,12376477047205,12376510442622
161.77306,965.3797,195.00044,879.6428,12376510569809,12376546840799
185.5833,988.89856,185.5833,896.8486,12376547017309,12376580913090
183.66682,1017.2059,185.5833,965.3797,12376581081892,12376614360694
193.07951,1007.39325,185.5833,988.89856,12376614549705,12376651097569
171.90074,1039.7946,185.5833,1007.39325,12376651302205,12376683953819
168.85449,1006.64124,185.5833,1006.64124,12376684153194,12376714127621
182.04716,1039.3477,182.04716,1007.39325,12376714294965,12376746894340
188.2823,1006.6764,185.5833,1006.6764,12376747067778,12376780710174
177.95425,977.417,182.04716,1006.6764,12376780872205,12376811413455
193.22295,1012.81506,185.5833,1006.6764,12376811583663,12376846661163
191.51587,1009.8176,185.5833,1006.6764,12376846826424,12376880397257
199.35312,1024.7041,191.51587,1009.8176,12376880567413,12376916516059
187.71474,997.5224,187.71474,1006.6764,12376916638090,12376967331528
191.90465,1032.3656,191.51587,1009.8176,12376967416059,12377008127569
186.45787,1087.9321,187.71474,1009.8176,12377008203715,12377051996215
166.49672,1053.2655,187.71474,1032.3656,12377052186892,12377082484236
178.1036,1044.701,186.45787,1044.701,12377082597205,12377114262465
175.97989,1102.0223,178.1036,1044.701,12377114355903,12377149417413
171.18143,1104.2389,178.1036,1044.701,12377149516059,12377181843611
190.91978,1092.2687,178.1036,1092.2687,12377181961996,12377216283350
207.44951,1143.7277,178.1036,1092.2687,12377216412778,12377248586892
184.38782,1113.4213,184.38782,1092.2687,12377248762257,12377280395434
181.95279,1107.7236,181.95279,1107.7236,12377280570121,12377321258455
176.44832,1106.9257,181.95279,1106.9257,12377321346111,12377356570277
185.82481,1122.7894,181.95279,1107.7236,12377356677777,12377389627621
192.65472,1079.3524,181.95279,1106.9257,12377389717465,12377426501944
182.82141,1132.201,182.82141,1107.7236,12377426599496,12377460475746
166.9347,1133.4675,181.95279,1107.7236,12377460669548,12377493276580
159.25447,1215.3427,181.95279,1132.201,12377493438767,12377527765850
146.04419,1234.9648,166.9347,1133.4675,12377527847048,12377560188923
157.61836,1203.7566,159.25447,1203.7566,12377562360017,12377617955746
167.86044,1196.1569,166.9347,1196.1569,12377618063975,12377652373142
162.26117,1188.1989,162.26117,1196.1569,12377652547621,12377683980121
159.48845,1283.5125,162.26117,1196.1569,12377684204496,12377720611788
162.17384,1223.055,162.26117,1196.1569,12377720709236,12377754406215
178.20268,1305.1553,162.26117,1223.055,12377754510121,12377787367204
134.74298,1323.9126,162.26117,1223.055,12377787466579,12377821936059
133.99591,1363.8323,162.26117,1305.1553,12377822026163,12377857977152
144.71175,1373.6234,144.71175,1323.9126,12377858073611,12377891948350
148.21736,1367.7574,148.21736,1363.8323,12377892166684,12377923203246
164.15855,1372.412,148.21736,1367.7574,12377923394652,12377976502986
155.82538,1374.2245,148.21736,1367.7574,12377976599704,12378012429496
159.99052,1335.5657,155.82538,1367.7574,12378012587048,12378044304444
158.5292,1414.3713,155.82538,1367.7574,12378044395798,12378079939756
158.3109,1459.3129,158.3109,1367.7574,12378080175329,12378110140329
184.67668,1455.8806,158.3109,1414.3713,12378110304965,12378150700329
171.24802,1369.4402,158.3109,1369.4402,12378150856996,12378183091475
161.28163,1371.9827,161.28163,1371.9827,12378183272829,12378219444392
174.5732,1429.337,161.28163,1371.9827,12378219602621,12378249732985
171.00581,1442.8134,161.28163,1371.9827,12378249912465,12378285856996
182.8154,1483.116,171.00581,1429.337,12378285976579,12378318606267
180.39014,1456.1708,171.00581,1442.8134,12378318740798,12378352204808
189.29114,1492.978,180.39014,1456.1708,12378352353767,12378386058506
172.18568,1566.7793,172.18568,1456.1708,12378386148819,12378418974548
184.59122,1557.867,180.39014,1492.978,12378419063090,12378461531058
186.66017,1576.7998,180.39014,1557.867,12378461611527,12378497761475
200.03813,1604.3483,184.59122,1557.867,12378498008402,12378528815590
190.20897,1593.4745,186.66017,1576.7998,12378528969027,12378559935694
215.18022,1626.6908,190.20897,1593.4745,12378560635902,12378598365850
210.42125,1637.3715,190.20897,1593.4745,12378600357152,12378634713142
220.82013,1654.6337,210.42125,1626.6908,12378634824652,12378668232725
185.10509,1615.636,190.20897,1615.636,12378668387985,12378699647985
202.66765,1692.5343,202.66765,1626.6908,12378699788089,12378733007100
216.2554,1699.5156,202.66765,1626.6908,12378733087933,12378767508350
216.7196,1637.4879,202.66765,1637.4879,12378767588558,12378799818871
216.06049,1627.423,216.06049,1627.423,12378801494183,12378837330694
221.65071,1706.4226,216.06049,1637.4879,12378838226787,12378873377777
232.08734,1618.3335,216.06049,1627.423,12378873538975,12378905651058
225.99971,1604.2484,221.65071,1627.423,12378905787412,12378939234391
220.67429,1659.2406,220.67429,1627.423,12378939360589,12378975835850
211.07236,1690.5431,220.67429,1627.423,12378975921319,12379009562048
210.85254,1642.5824,220.67429,1642.5824,12379009661110,12379043800850
204.63094,1612.5677,211.07236,1627.423,12379043977412,12379086361266
188.95647,1668.267,210.85254,1642.5824,12379086532569,12379130136162
194.47302,1702.4391,204.63094,1642.5824,12379130217933,12379164192621
200.07408,1723.1344,200.07408,1668.267,12379164291735,12379195379391
197.64488,1733.9508,200.07408,1702.4391,12379195469391,12379228722360
190.19101,1684.9258,200.07408,1684.9258,12379228817100,12379259667308
203.1472,1714.2678,200.07408,1702.4391,12379267273714,12379306861579
217.69894,1656.2112,200.07408,1684.9258,12379306959756,12379342062412
183.96158,1677.246,200.07408,1684.9258,12379342160068,12379375528037
185.76167,1717.9113,200.07408,1684.9258,12379375677620,12379408211318
192.62549,1707.5724,192.62549,1684.9258,12379408397256,12379445437204
182.37541,1698.6448,192.62549,1698.6448,12379445602360,12379493301735
179.65703,1764.215,192.62549,1698.6448,12379493391475,12379530584964
194.11853,1824.3772,192.62549,1698.6448,12379530744183,12379564146370
202.08672,1801.5194,192.62549,1764.215,12379564235225,12379596518454
199.33028,1803.6152,194.11853,1801.5194,12379596610954,12379630480329
217.22134,1732.8867,199.33028,1764.215,12379631451787,12379666756058
194.1353,1725.8345,194.1353,1764.215,12379666853610,12379701362256
189.83717,1752.6458,194.1353,1752.6458,12379701874287,12379733000381
208.16562,1777.4955,194.1353,1764.215,12379734593297,12379775608402
196.01826,1798.7382,194.1353,1764.215,12379775775224,12379813493297
200.80096,1793.6016,196.01826,1777.4955,12379813643974,12379853347360
205.91472,1789.962,196.01826,1789.962,12379853434079,12379886000120
249.28775,1835.016,200.80096,1789.962,12379886173245,12379919421422
252.95375,1821.469,205.91472,1789.962,12379919560277,12379968785901
311.90656,1829.2489,249.28775,1821.469,12379969234131,12380010066735
302.1202,1806.1212,252.95375,1806.1212,12380010156579,12380057303037
319.1661,1788.609,302.1202,1806.1212,12380057389443,12380093201891
308.5195,1760.0717,302.1202,1806.1212,12380093303714,12380124160485
325.30157,1777.3514,308.5195,1788.609,12380124252829,12380154925172
344.8312,1828.013,308.5195,1806.1212,12380155132464,12380185039651
343.47803,1793.4253,325.30157,1793.4253,12380185191943,12380218114703
341.50958,1797.6941,341.50958,1797.6941,12380218268297,12380250617047
337.5347,1784.2045,337.5347,1793.4253,12380250718714,12380282973453
344.79385,1811.022,341.50958,1797.6941,12380283063349,12380315213089
344.15088,1800.6669,341.50958,1797.6941,12380315313401,12380347326162
342.00592,1826.4106,342.00592,1800.6669,12380347432151,12380378722203
376.19012,1810.9218,342.00592,1800.6669,12380378872776,12380413654078
346.1441,1815.6948,342.00592,1810.9218,12380413805537,12380448330693
345.8898,1800.9087,345.8898,1800.9087,12380448460589,12380482349287
348.59402,1804.5009,345.8898,1804.5009,12380482451318,12380520739183
340.22052,1859.8923,345.8898,1804.5009,12380520900797,12380558527412
334.41022,1845.9465,345.8898,1804.5009,12380558714026,12380592936683
353.20233,1876.93,345.8898,1845.9465,12380593058505,12380625226318
336.98593,1838.8501,345.8898,1838.8501,12380627806995,12380658210693
324.18262,1838.4064,345.8898,1838.8501,12380659754703,12380691321318
338.82138,1884.4215,338.82138,1838.8501,12380694355901,12380732342047
330.60278,1903.5347,338.82138,1838.8501,12380734050797,12380768544547
329.2185,1868.0734,338.82138,1868.0734,12380769023245,12380803940068
354.96005,1815.3336,338.82138,1838.8501,12380804128297,12380838780172
387.1913,1861.8395,338.82138,1861.8395,12380838925432,12380875750953
365.55368,1912.5103,354.96005,1861.8395,12380875914443,12380908543766
375.43286,1925.4879,365.55368,1861.8395,12380908688349,12380964339599
310.91492,1877.2192,354.96005,1877.2192,12380964426995,12380997381109
360.64157,1900.6654,360.64157,1877.2192,12380997932776,12381048800276
361.83585,1864.5488,360.64157,1877.2192,12381049351214,12381082036109
373.8825,1871.9669,360.64157,1877.2192,12381082170380,12381115867568
372.3775,1917.4541,361.83585,1877.2192,12381131110745,12381168439964
376.65494,1865.5829,372.3775,1877.2192,12381168629182,12381200452724
376.99695,1934.7772,372.3775,1877.2192,12381200619703,12381234528193
359.6718,1927.8708,372.3775,1877.2192,12381234670068,12381268517203
388.93546,1949.1438,372.3775,1927.8708,12381268663297,12381302626943
415.75674,1967.2404,372.3775,1927.8708,12381302766838,12381336710380
351.4162,1949.0946,372.3775,1949.0946,12381336791734,12381370966370
416.6548,1961.3083,372.3775,1949.0946,12381371104963,12381403895536
418.529,1898.5321,372.3775,1949.0946,12381404134078,12381438157203
407.0977,1912.636,407.0977,1949.0946,12381438257203,12381471582620
383.43692,1915.8226,383.43692,1915.8226,12381471731161,12381514413140
435.93488,1943.6991,407.0977,1943.6991,12381514656005,12381546940640
444.63522,1950.3447,407.0977,1943.6991,12381547049078,12381578034755
404.75186,1970.2205,407.0977,1943.6991,12381578141578,12381610278297
404.4293,1938.6719,407.0977,1943.6991,12381610384130,12381645610172
449.02783,1957.3907,407.0977,1943.6991,12381645705745,12381682192411
429.2318,1970.6705,407.0977,1943.6991,12381682384495,12381715500901
410.37854,1994.6152,410.37854,1957.3907,12381715689286,12381745864651
426.43884,1991.568,410.37854,1970.6705,12381745974547,12381781317099
472.28177,1987.1501,410.37854,1987.1501,12381781445588,12381812714442
504.11685,2018.6024,426.43884,1987.1501,12381812810745,12381862132307
484.7777,1986.5857,472.28177,1987.1501,12381862217515,12381894272099
473.28308,2036.198,473.28308,1987.1501,12381894395224,12381927486161
480.95712,2044.1921,473.28308,1987.1501,12381928992984,12381994445901
499.23672,1966.7942,473.28308,1987.1501,12381994537203,12382027857515
488.38165,1976.4901,480.95712,1987.1501,12382028147515,12382062279338
470.80527,2023.7322,473.28308,1987.1501,12382062717672,12382097847724
474.58878,2056.5437,474.58878,1987.1501,12382099611005,12382130403557
452.43613,2015.2614,473.28308,2015.2614,12382131479442,12382165088140
466.59024,2024.3866,473.28308,2015.2614,12382165371369,12382197901994
436.13675,2007.9642,466.59024,2015.2614,12382198064494,12382228578557
489.75412,2009.0098,473.28308,2015.2614,12382229208349,12382264275796
463.67603,2008.2914,466.59024,2009.0098,12382264410224,12382295094963
469.95633,2017.071,469.95633,2015.2614,12382301524859,12382335872984
498.38113,2022.5519,469.95633,2015.2614,12382336729807,12382372529703
484.70197,2024.5853,469.95633,2017.071,12382372674494,12382405686734
472.34738,2023.5391,472.34738,2022.5519,12382405835588,12382439266526
455.35318,2003.4889,469.95633,2017.071,12382439444182,12382483181682
423.83755,2014.5443,469.95633,2017.071,12382483263765,12382523699182
476.51004,2001.5664,469.95633,2014.5443,12382523873088,12382556216161
450.18478,2024.8507,469.95633,2017.071,12382556303713,12382589500432
451.0227,2053.163,469.95633,2017.071,12382589597515,12382622632150
430.08615,2040.4543,451.0227,2024.8507,12382622806265,12382654967255
477.59555,2025.8617,469.95633,2025.8617,12382655908036,12382687060900
462.62103,1981.5447,462.62103,2024.8507,12382687231317,12382720301786
524.3238,2042.1464,469.95633,2025.8617,12382720473713,12382750331421
502.1545,2063.2874,469.95633,2025.8617,12382750498453,12382782647307
530.1581,2030.2634,502.1545,2030.2634,12382782817828,12382816691577
544.8245,2028.3289,502.1545,2028.3289,12382816852255,12382852111630
542.4123,2026.7434,530.1581,2028.3289,12382852261630,12382894440380
542.1147,2019.5011,542.1147,2028.3289,12382894840692,12382928878140
564.73944,2028.0137,542.1147,2028.0137,12382928990640,12382975746109
525.6808,2011.3733,542.1147,2028.0137,12382975838296,12383011377671
554.0643,2034.595,542.1147,2028.0137,12383011468973,12383046087619
508.47357,1992.097,542.1147,2028.0137,12383046253296,12383084420952
584.59625,2059.0637,542.1147,2028.0137,12383084590275,12383116777254
584.3086,2044.2456,542.1147,2028.0137,12383116953244,12383148738504
534.8127,2013.6525,542.1147,2028.0137,12383148851994,12383181503765
566.25165,2034.7612,542.1147,2028.0137,12383181600588,12383210963036
530.1273,2054.6628,542.1147,2028.0137,12383211127879,12383243853921
567.93115,2034.6549,542.1147,2034.6549,12383244102306,12383276388504
581.57526,2064.133,542.1147,2034.6549,12383276679598,12383311401994
603.726,2053.3218,567.93115,2034.6549,12383311539181,12383343742359
544.3709,2052.8022,544.3709,2052.8022,12383343917098,12383377306838
590.32495,2040.3971,567.93115,2040.3971,12383377480015,12383408987723
583.78503,1983.0465,567.93115,2040.3971,12383409468140,12383442577567
563.27576,2014.3491,567.93115,2040.3971,12383442694390,12383481348556
578.26526,2054.018,567.93115,2040.3971,12383481447098,12383513480379
614.55536,2007.8723,567.93115,2040.3971,12383513643400,12383547957827
628.17444,2039.3768,578.26526,2040.3971,12383548221994,12383580310744
632.7295,2038.9594,614.55536,2039.3768,12383580408765,12383613332150
594.86804,1988.4845,594.86804,2039.3768,12383613426681,12383646120744
560.502,2044.3793,594.86804,2039.3768,12383646274442,12383682814963
549.60284,2043.5118,594.86804,2039.3768,12383682988088,12383718186942
569.9944,2040.334,569.9944,2040.334,12383718342202,12383751947463
577.2474,1989.304,577.2474,2039.3768,12383752105744,12383783238452
591.8763,2012.1287,577.2474,2039.3768,12383783433608,12383820673035
605.6154,2009.077,577.2474,2012.1287,12383820832254,12383852919546
594.45734,1989.7433,591.8763,2012.1287,12383853019129,12383888337463
603.4264,1956.6519,594.45734,2009.077,12383888418973,12383921220275
609.5572,2012.0822,594.45734,2012.0822,12383921654754,12383955016785
616.01025,1998.1454,603.4264,2009.077,12383955115692,12383986858973
607.9504,1939.0986,607.9504,2009.077,12383987013921,12384017844546
622.50256,2013.5762,607.9504,2009.077,12384018019077,12384062581525
615.2121,2022.9077,607.9504,2009.077,12384064305900,12384096820431
604.4847,2025.5276,607.9504,2013.5762,12384097753869,12384153328660
609.5072,2014.822,607.9504,2014.822,12384153433556,12384193381942
602.10016,2052.1616,607.9504,2014.822,12384193510483,12384229854285
610.106,2000.7102,607.9504,2014.822,12384229941629,12384264894442
625.5444,1998.2891,607.9504,2014.822,12384265007202,12384301015119
607.4847,1998.5084,607.9504,2000.7102,12384301907879,12384332701316
599.8453,1973.7678,607.9504,1998.5084,12384332791004,12384364112462
630.7836,2004.2534,607.9504,2000.7102,12384364217931,12384397167514
653.6193,1959.5094,607.9504,1998.5084,12384397260587,12384430308191
651.8668,1997.0582,630.7836,1998.5084,12384430398764,12384463255275
637.8865,2001.4445,637.8865,1998.5084,12384463341160,12384493698869
595.9447,2036.4578,630.7836,1998.5084,12384495355535,12384530048608
621.9615,2016.8721,630.7836,2001.4445,12384531186473,12384563053035
667.2579,1972.9481,630.7836,1998.5084,12384564991056,12384597310066
639.6548,2006.4711,630.7836,2001.4445,12384597480118,12384628216993
657.2955,1985.6431,639.6548,1998.5084,12384628369337,12384660394233
651.2086,1950.9254,639.6548,1998.5084,12384661821004,12384702422618
661.25665,1979.4446,651.2086,1985.6431,12384703395848,12384739769650
648.8091,1873.7655,648.8091,1979.4446,12384740249285,12384772699598
688.9256,1902.1777,651.2086,1979.4446,12384772920535,12384806192827
658.4456,1916.269,651.2086,1916.269,12384806291108,12384837824181
656.97345,1916.5383,656.97345,1916.5383,12384837915848,12384870843973
656.8524,1950.8514,656.8524,1916.5383,12384870928035,12384906292306
658.6023,1925.5696,656.97345,1916.5383,12384906378452,12384943854389
671.4616,1940.426,656.97345,1925.5696,12384943948712,12384976319545
684.9893,1928.4213,658.6023,1925.5696,12384976399962,12385010980795
693.55035,1946.4004,671.4616,1928.4213,12385011161420,12385045886212
697.59015,1960.114,684.9893,1928.4213,12385046056472,12385083554285
690.55646,1958.3202,690.55646,1946.4004,12385083738139,12385115339181
711.3032,1867.8569,690.55646,1928.4213,12385115499650,12385148971577
689.5401,1921.6251,690.55646,1928.4213,12385149113504,12385179650535
687.5531,1933.6362,690.55646,1928.4213,12385179752410,12385211034597
696.31635,1898.8026,690.55646,1928.4213,12385211195118,12385244431212
679.52216,1868.5125,690.55646,1928.4213,12385244581941,12385277201368
678.8782,1957.466,690.55646,1928.4213,12385277316316,12385309596785
663.8503,1865.5869,679.52216,1928.4213,12385309766472,12385343634024
694.47424,1879.6808,690.55646,1928.4213,12385343798191,12385375625222
662.92334,1829.4803,679.52216,1879.6808,12385375770222,12385433183920
685.3238,1842.3561,685.3238,1879.6808,12385433294754,12385467501576
712.716,1842.6647,685.3238,1842.6647,12385467577722,12385499748660
697.75696,1865.2574,685.3238,1865.2574,12385499852722,12385534331629
688.4782,1932.2095,688.4782,1865.2574,12385534429597,12385567635743
720.12354,1865.02,688.4782,1865.2574,12385567730795,12385602461368
694.315,1975.7812,688.4782,1865.2574,12385602568504,12385636646941
718.5854,1930.9542,694.315,1865.2574,12385637573868,12385689270222
727.815,1899.9104,694.315,1899.9104,12385689388816,12385723746108
736.93494,1882.8137,718.5854,1882.8137,12385723846212,12385754645691
730.7501,1880.4989,727.815,1882.8137,12385754779233,12385786700639
720.9664,1898.3813,720.9664,1882.8137,12385786796003,12385818886368
726.5456,1914.6614,726.5456,1882.8137,12385818999545,12385852473243
727.6864,1930.5636,726.5456,1898.3813,12385852566524,12385883543347
722.19507,1898.2084,726.5456,1898.2084,12385883644389,12385918114285
713.5881,1884.4717,726.5456,1898.2084,12385918223920,12385947996941
690.07367,1914.64,722.19507,1898.2084,12385948165014,12385980217045
681.2634,1917.054,713.5881,1898.2084,12385980324649,12386013948972
700.4194,1920.8604,700.4194,1914.64,12386014044076,12386049901316
727.5903,1904.5405,713.5881,1904.5405,12386050043712,12386086126837
753.9833,1881.2992,713.5881,1904.5405,12386086229649,12386125475430
709.6959,1866.6625,713.5881,1904.5405,12386125653503,12386157693764
725.61584,1887.4631,713.5881,1887.4631,12386157897149,12386190548868
777.67194,1889.8982,713.5881,1889.8982,12386190685535,12386224944805
763.9092,1873.0194,725.61584,1887.4631,12386225102514,12386276351368
774.81384,1849.1378,763.9092,1887.4631,12386276478607,12386314044128
813.10864,1832.9535,763.9092,1873.0194,12386314206524,12386345729128
826.095,1829.0422,774.81384,1849.1378,12386345923920,12386383171680
833.28656,1810.4224,813.10864,1832.9535,12386383295014,12386419911159
817.2025,1740.8741,817.2025,1829.0422,12386420916889,12386464781732
824.5,1731.0917,817.2025,1810.4224,12386464864337,12386500095170
790.055,1729.763,817.2025,1740.8741,12386500253868,12386546081784
854.32825,1730.1647,817.2025,1731.0917,12386546190743,12386596846628
848.0443,1741.1112,817.2025,1740.8741,12386596943868,12386627462357
861.48114,1683.1124,848.0443,1731.0917,12386628841941,12386670015847
884.2956,1706.9199,848.0443,1731.0917,12386670139389,12386707252930
856.0025,1724.7467,856.0025,1724.7467,12386707357982,12386739711888
826.2189,1781.0216,848.0443,1731.0917,12386739870378,12386784221680
814.5558,1777.0363,848.0443,1731.0917,12386784322409,12386819814128
803.3175,1672.5546,826.2189,1731.0917,12386819994128,12386856824961
805.0098,1659.2653,814.5558,1731.0917,12386856984284,12386893699909
801.786,1660.4023,805.0098,1672.5546,12386893834805,12386945687774
825.88293,1662.3625,814.5558,1662.3625,12386945771784,12386977881784
855.1134,1669.1797,814.5558,1669.1797,12386978043659,12387010485899
852.29755,1681.3192,825.88293,1669.1797,12387010656107,12387046034857
799.68256,1604.5265,814.5558,1669.1797,12387046202618,12387078106524
788.0239,1666.6024,814.5558,1669.1797,12387078278659,12387111842618
781.532,1598.5126,799.68256,1666.6024,12387111977982,12387151135170
854.9771,1721.1643,814.5558,1669.1797,12387151532097,12387198530430
841.2836,1651.2513,814.5558,1666.6024,12387198608920,12387232352617
810.9813,1645.2817,814.5558,1666.6024,12387232491107,12387270794024
814.6719,1627.7617,814.5558,1651.2513,12387271736211,12387308178451
812.75745,1642.4246,814.5558,1645.2817,12387308259857,12387340495170
808.46234,1629.3167,814.5558,1642.4246,12387341224857,12387371638399
829.02966,1609.2946,814.5558,1642.4246,12387371738972,12387402343919
828.30304,1572.5874,814.5558,1629.3167,12387402843034,12387437334388
823.6005,1620.5088,823.6005,1620.5088,12387437428503,12387472208919
877.88965,1573.4044,823.6005,1620.5088,12387472777461,12387508199024
884.3455,1567.1991,823.6005,1620.5088,12387508294076,12387545560065
897.06244,1558.1064,877.88965,1573.4044,12387545663190,12387579006211
916.0389,1481.0378,884.3455,1567.1991,12387579915482,12387611161367
899.48425,1461.5851,897.06244,1558.1064,12387611270117,12387644598294
902.4297,1476.0795,899.48425,1481.0378,12387644703503,12387675248659
915.8358,1446.5199,899.48425,1476.0795,12387675417461,12387709158242
922.8511,1469.8616,902.4297,1476.0795,12387709262617,12387741735638
927.3424,1475.7026,915.8358,1475.7026,12387741845690,12387775148451
926.7745,1490.5326,922.8511,1476.0795,12387775320169,12387810307201
904.0768,1480.9594,915.8358,1476.0795,12387810466471,12387849920742
913.9329,1465.6536,915.8358,1476.0795,12387851900742,12387883692096
899.43475,1404.97,913.9329,1476.0795,12387883850273,12387915111992
906.89056,1391.7184,913.9329,1465.6536,12387915326784,12387949474336
887.5212,1410.6038,906.89056,1410.6038,12387950498190,12387979492305
907.4879,1460.3827,907.4879,1460.3827,12387979602461,12388010426107
933.06696,1440.2408,907.4879,1440.2408,12388010533086,12388043247878
926.76263,1436.6151,907.4879,1440.2408,12388043347565,12388075745430
917.7798,1342.6508,917.7798,1440.2408,12388075845950,12388109303450
946.4909,1361.0132,917.7798,1436.6151,12388109459544,12388142547773
934.2825,1427.3208,917.7798,1427.3208,12388142635325,12388175270221
925.0425,1428.9004,925.0425,1428.9004,12388175427200,12388207469700
930.63947,1428.3674,925.0425,1428.3674,12388207627982,12388242335378
949.5759,1390.5801,925.0425,1428.3674,12388242475690,12388283202930
938.68005,1401.1561,930.63947,1428.3674,12388283387773,12388317357617
925.25116,1407.387,925.25116,1407.387,12388317460169,12388360649752
943.3566,1354.6401,930.63947,1407.387,12388360753242,12388394366107
941.45276,1316.1434,930.63947,1407.387,12388394496471,12388431127461
958.7969,1279.1637,941.45276,1354.6401,12388431736419,12388463508659
965.49554,1279.3439,941.45276,1316.1434,12388465520534,12388501680169
965.09686,1249.6963,958.7969,1279.3439,12388502769284,12388535952252
972.05676,1246.1765,965.09686,1279.3439,12388537817096,12388570985586
979.26245,1251.3206,965.09686,1251.3206,12388571134023,12388602636627
953.2935,1335.2294,965.09686,1279.3439,12388602717982,12388635341888
965.9997,1189.6825,965.09686,1251.3206,12388635510377,12388667510429
950.01917,1178.2428,965.09686,1251.3206,12388667592148,12388700354023
939.2114,1196.5114,965.09686,1196.5114,12388701167669,12388733755534
959.09454,1195.6971,959.09454,1196.5114,12388733838086,12388769257669
962.12897,1217.2262,962.12897,1196.5114,12388770482721,12388805304440
959.5867,1229.409,959.5867,1196.5114,12388805378034,12388839551002
953.86127,1212.1776,959.5867,1212.1776,12388839682148,12388873359284
962.10785,1097.2037,959.5867,1196.5114,12388874246784,12388910700221
968.29016,1113.3138,959.5867,1196.5114,12388910807200,12388943450794
976.8652,1100.1362,962.10785,1113.3138,12388943545533,12388977429648
982.425,1101.5061,968.29016,1113.3138,12388977537304,12389011532513
979.97327,1079.1082,976.8652,1101.5061,12389011933919,12389046903711
982.99536,1013.95984,979.97327,1101.5061,12389047012461,12389082171054
985.7601,989.56433,979.97327,1079.1082,12389082346315,12389119098763
973.98175,1002.90173,979.97327,1013.95984,12389119203606,12389151413242
990.266,1031.2103,979.97327,1031.2103,12389151626992,12389184155794
976.364,1058.9655,979.97327,1031.2103,12389184321471,12389218273138
970.06445,1035.1394,979.97327,1031.2103,12389218452044,12389257462408
976.19604,994.43475,976.364,1031.2103,12389257615429,12389292725169
984.4159,986.5122,979.97327,1031.2103,12389292810690,12389327210533
981.78455,985.33514,979.97327,994.43475,12389327329023,12389359776992
987.15265,1030.6119,981.78455,1030.6119,12389359870637,12389393538242
980.80914,968.30164,980.80914,994.43475,12389394376783,12389432293398
975.389,1022.5696,980.80914,1022.5696,12389432369596,12389471699075
992.58044,964.12305,980.80914,994.43475,12389472073919,12389508576523
975.01483,931.1144,980.80914,994.43475,12389508656158,12389550373398
998.93195,910.7418,980.80914,964.12305,12389550618294,12389587938502
1003.50323,948.23364,980.80914,948.23364,12389588139856,12389617922460
1007.10126,854.88116,998.93195,948.23364,12389618074908,12389651085689
1001.2826,852.7128,1001.2826,948.23364,12389651260273,12389684734856
981.7914,861.0415,998.93195,861.0415,12389684907825,12389717436523
981.63403,890.93317,998.93195,890.93317,12389717646887,12389753091158
975.3754,864.5804,981.7914,864.5804,12389753232096,12389784605742
989.6693,906.52325,989.6693,890.93317,12389784763606,12389817319752
970.46484,889.37067,981.7914,889.37067,12389817529075,12389855501679
982.10046,865.97894,982.10046,889.37067,12389855614387,12389893133971
977.98517,866.4686,981.7914,889.37067,12389893417304,12389923985585
966.78796,859.3937,981.7914,866.4686,12389925184231,12389971119856
982.74994,874.82794,981.7914,874.82794,12389971209491,12390004429283
985.91974,802.7609,981.7914,866.4686,12390004517044,12390036317773
971.3352,779.9672,981.7914,866.4686,12390036407616,12390070220012
994.02,837.66705,981.7914,837.66705,12390070318450,12390103794439
1002.58105,842.7358,981.7914,842.7358,12390103896575,12390137516471
998.4221,826.21704,994.02,837.66705,12390137616262,12390169888814
986.11774,792.20483,986.11774,837.66705,12390169973293,12390201584335
975.3217,772.87164,986.11774,826.21704,12390201739075,12390235725377
995.1759,789.3158,986.11774,792.20483,12390237400325,12390270523970
992.6315,828.21277,986.11774,826.21704,12390270635064,12390305228710
987.91754,770.94385,987.91754,792.20483,12390305373866,12390347252408
980.6806,764.2704,986.11774,792.20483,12390347348241,12390381809023
985.56824,761.24335,986.11774,770.94385,12390381910012,12390415152356
990.04987,746.8204,986.11774,764.2704,12390415325533,12390447436679
1012.3841,752.72437,986.11774,761.24335,12390447594804,12390478660168
1003.99664,712.22186,990.04987,752.72437,12390478818345,12390513167929
999.2251,769.6217,999.2251,761.24335,12390513322772,12390545198918
987.6065,744.30646,990.04987,752.72437,12390545363085,12390578349543
989.2636,700.62396,990.04987,752.72437,12390578509179,12390609933970
995.9938,689.8926,990.04987,744.30646,12390610085429,12390644278970
1004.0147,776.38794,990.04987,752.72437,12390644441314,12390679641470
1001.5315,750.67395,995.9938,750.67395,12390679824387,12390715704179
1004.9338,705.275,1001.5315,750.67395,12390715813606,12390745580324
983.66174,756.9923,995.9938,750.67395,12390745668345,12390777259908
980.441,705.53357,995.9938,750.67395,12390777438189,12390810655689
974.24445,762.3655,983.66174,750.67395,12390810814856,12390846574647
977.4598,733.27014,980.441,750.67395,12390846661002,12390878601002
986.8237,717.6784,983.66174,750.67395,12390878703397,12390912745741
976.316,692.5087,980.441,733.27014,12390912896835,12390947501679
979.46277,647.2787,980.441,717.6784,12390947678449,12390977968762
1000.47217,553.09436,980.441,692.5087,12390978137876,12391011789804
998.71173,516.08466,980.441,647.2787,12391011967668,12391045834856
995.82715,538.5171,995.82715,553.09436,12391045967147,12391086284126
982.9539,521.7866,982.9539,538.5171,12391086440220,12391117471366
985.5786,495.6725,985.5786,538.5171,12391117671158,12391148309335
981.52057,508.46646,982.9539,521.7866,12391149045689,12391178094699
985.68164,463.10382,985.5786,508.46646,12391178187199,12391211191262
989.4262,512.5996,985.5786,512.5996,12391211331001,12391243013345
985.30725,524.86633,985.5786,512.5996,12391243152981,12391273868970
986.0839,522.89545,985.5786,512.5996,12391273997928,12391309928137
991.71747,516.8592,985.5786,516.8592,12391310027303,12391341428397
996.66144,513.40076,986.0839,513.40076,12391341541210,12391377166001
1001.3635,493.98325,991.71747,513.40076,12391377337460,12391411501210
1000.0222,479.25815,996.66144,513.40076,12391411669491,12391445159178
1009.5462,478.79715,1000.0222,493.98325,12391445306939,12391481462043
1008.2571,534.71326,1000.0222,513.40076,12391481683866,12391515036314
1008.1059,471.25897,1008.1059,493.98325,12391515236887,12391547204439
989.4183,485.4605,1000.0222,493.98325,12391547378605,12391582807928
1050.95,663.26013,1008.1059,493.98325,12391582914387,12391628938710
636.0398,895.9484,1000.0222,493.98325,12391629078449,12391660298762
758.0867,173.58406,1000.0222,493.98325,12391663054855,12391692830585
959.78516,51.487846,959.78516,493.98325,12391694712407,12391726207720
1030.8473,385.32166,1000.0222,385.32166,12391731200689,12391774669282
1002.51013,411.7888,1000.0222,411.7888,12391775352980,12391809321470
979.6873,366.2267,1000.0222,385.32166,12391809422459,12391857232303
976.43994,380.43762,1000.0222,385.32166,12391857711730,12391889773449
981.30853,388.20276,981.30853,385.32166,12391889930584,12391922786366
983.97516,423.5814,983.97516,385.32166,12391922963709,12391953223084
970.9429,413.57745,981.30853,388.20276,12391953326053,12391986417043
970.1257,423.53412,981.30853,413.57745,12391986560064,12392016723136
981.15796,440.05276,981.15796,413.57745,12392016882668,12392049053605
983.0198,443.16437,981.30853,423.53412,12392049234543,12392081630949
984.79254,418.8597,981.30853,418.8597,12392081797824,12392114423084
980.3193,413.97058,981.30853,418.8597,12392114571366,12392146703293
975.19415,381.88354,981.30853,418.8597,12392146846209,12392182711886
966.1245,397.52182,980.3193,413.97058,12392182892511,12392217359126
963.50696,347.3186,975.19415,397.52182,12392217533501,12392249658918
964.1936,351.64893,966.1245,397.52182,12392249861574,12392288835116
963.2923,393.11005,964.1936,393.11005,12392289508605,12392324452147
952.63354,410.57913,964.1936,397.52182,12392324616001,12392362912928
956.9882,366.78262,963.2923,393.11005,12392363039126,12392396177199
960.4823,331.4927,960.4823,393.11005,12392396924386,12392426915376
957.1386,317.27393,960.4823,366.78262,12392430900376,12392463172980
952.2882,352.52264,960.4823,352.52264,12392466913970,12392498861782
963.85474,358.70987,960.4823,358.70987,12392499807355,12392533630480
949.1364,325.60556,960.4823,352.52264,12392534368709,12392571311886
943.4603,352.05493,960.4823,352.52264,12392571525168,12392601840324
948.3411,296.67944,949.1364,352.05493,12392601930636,12392633780897
946.06366,302.2515,948.3411,352.05493,12392636181938,12392670991365
963.08026,328.59207,949.1364,328.59207,12392671136834,12392705650115
958.8133,332.5472,949.1364,332.5472,12392705789282,12392753740063
971.3257,274.21957,958.8133,328.59207,12392753873865,12392787688709
971.7518,244.82559,958.8133,328.59207,12392787837928,12392818420063
972.8773,259.67944,971.3257,274.21957,12392818521001,12392849760376
976.5344,250.55463,971.7518,259.67944,12392849860324,12392880820844
975.317,262.16486,972.8773,262.16486,12392880982719,12392914221417
976.8622,233.89532,975.317,259.67944,12392914397147,12392947325584
971.519,290.4779,972.8773,262.16486,12392947464959,12392981963657
964.9817,317.50406,972.8773,262.16486,12392982114594,12393013715063
970.34094,288.28763,971.519,288.28763,12393013856209,12393049153084
962.7764,283.50058,970.34094,283.50058,12393049339022,12393081511261
962.4731,278.62378,970.34094,283.50058,12393081968136,12393113480063
959.4541,292.73956,962.7764,283.50058,12393113588761,12393147255844
952.6202,306.59412,962.4731,283.50058,12393147427459,12393179845324
944.4188,274.0698,959.4541,283.50058,12393179946678,12393213241261
956.5673,283.26648,956.5673,283.50058,12393213336209,12393249404178
955.5709,271.0771,956.5673,283.26648,12393249496365,12393285015949
950.53394,293.5683,956.5673,283.50058,12393285118032,12393320480844
948.1214,273.54102,955.5709,283.26648,12393320625063,12393354031469
954.3684,244.3228,954.3684,283.26648,12393354181157,12393386206573
939.718,227.94406,954.3684,273.54102,12393386342459,12393417199021
962.25665,218.73294,954.3684,244.3228,12393417305896,12393450819803
961.03894,196.9604,954.3684,227.94406,12393451190428,12393481698865
955.40314,204.78975,955.40314,218.73294,12393481805219,12393515585688
968.54584,168.33292,955.40314,204.78975,12393515684750,12393549127198
963.22955,190.43147,955.40314,204.78975,12393549231105,12393581690115
956.4833,211.3486,956.4833,204.78975,12393581777667,12393623487615
948.32263,187.0259,955.40314,204.78975,12393623667615,12393656155896
944.4562,184.84906,955.40314,204.78975,12393656317250,12393686975063
937.41254,205.63245,948.32263,204.78975,12393687129386,12393725812459
937.14795,214.52612,944.4562,204.78975,12393725911938,12393758714646
928.3037,190.78748,937.41254,204.78975,12393758820323,12393793466365
933.6153,183.86395,937.14795,204.78975,12393793659855,12393827457667
926.3229,186.08817,933.6153,190.78748,12393827634594,12393861307719
923.4383,229.71434,933.6153,204.78975,12393861429334,12393897537875
943.31,180.57028,933.6153,190.78748,12393897719125,12393931398500
925.8601,205.44852,933.6153,204.78975,12393931496365,12393967379646
929.2982,194.02788,933.6153,194.02788,12393967544854,12394002351052
939.3401,195.5984,933.6153,195.5984,12394004196938,12394037284334
935.0728,211.84206,933.6153,195.5984,12394037451365,12394072961729
915.424,202.4981,933.6153,195.5984,12394073055479,12394129966365
936.2421,204.13896,933.6153,202.4981,12394130060584,12394163590636
925.32886,190.43283,933.6153,195.5984,12394163752719,12394198526938
935.86176,173.28056,933.6153,195.5984,12394199505323,12394242621990
950.0879,157.1775,933.6153,190.43283,12394242727615,12394277496000
960.32275,131.33797,935.86176,173.28056,12394277633604,12394315068604
961.4642,162.51622,950.0879,162.51622,12394315155479,12394346382146
968.966,178.02467,960.32275,173.28056,12394346475584,12394379365948
961.87335,158.14037,961.4642,162.51622,12394379468813,12394413033917
980.3313,214.03871,961.87335,173.28056,12394413139906,12394449058083
969.52234,164.20242,961.87335,164.20242,12394449220896,12394479824594
980.36926,202.09802,969.52234,173.28056,12394479917302,12394513945531
968.8721,211.95009,968.8721,173.28056,12394514038656,12394547045375
957.23627,199.04372,968.8721,199.04372,12394547137354,12394585617719
953.0357,210.5536,968.8721,199.04372,12394585820011,12394617662302
947.3657,197.8645,957.23627,199.04372,12394617844021,12394649385479
953.6022,231.91963,953.6022,199.04372,12394649520583,12394681037771
942.8909,214.91653,953.6022,199.04372,12394681471417,12394720958292
945.7364,189.29918,953.6022,199.04372,12394721060427,12394751286417
941.57275,197.90323,945.7364,199.04372,12394751442927,12394784621156
942.05817,200.96075,945.7364,199.04372,12394784788917,12394817892146
945.385,238.2473,945.385,199.04372,12394818075062,12394851382979
940.3159,205.51369,945.385,200.96075,12394851588344,12394885511104
943.9189,216.95242,945.385,205.51369,12394885668917,12394917986937
950.26166,227.9306,945.385,205.51369,12394918145271,12394954152510
936.78625,221.09177,945.385,216.95242,12394954252615,12394983234594
938.722,208.99692,945.385,208.99692,12394983431781,12395014060167
945.8161,210.03061,945.385,210.03061,12395014150010,12395048835948
940.74255,203.4635,945.385,208.99692,12395048996937,12395079804489
935.8736,187.88666,945.385,208.99692,12395080727667,12395114009229
949.06134,179.6372,945.385,203.4635,12395114127406,12395146323969
924.20154,206.13918,945.385,206.13918,12395147279385,12395182931000
924.3585,183.65353,945.385,203.4635,12395183025635,12395214095114
931.55786,185.98445,931.55786,203.4635,12395214254698,12395248544646
939.826,176.71713,939.826,185.98445,12395248703031,12395281796260
931.73444,192.69736,931.73444,192.69736,12395281938969,12395315569073
934.87024,198.26315,934.87024,192.69736,12395315749385,12395346041729
938.2038,180.95888,934.87024,192.69736,12395346336625,12395378385635
935.9234,172.80028,934.87024,192.69736,12395378478396,12395419284854
941.35925,163.505,935.9234,180.95888,12395419452406,12395449987771
941.4627,161.24254,935.9234,172.80028,12395450079854,12395480193812
946.75323,173.94496,941.35925,173.94496,12395480335218,12395513738604
949.10815,188.92972,941.4627,173.94496,12395513884541,12395545236833
954.3866,184.11816,946.75323,173.94496,12395546748135,12395578382250
950.66364,187.85359,949.10815,184.11816,12395579272718,12395610462718
946.11694,197.08705,946.75323,184.11816,12395610568916,12395648600166
944.5827,219.50616,946.75323,187.85359,12395648703708,12395679644906
939.3347,267.91412,946.11694,197.08705,12395679812250,12395712783291
950.53687,253.58978,946.75323,219.50616,12395712944802,12395747591833
945.93634,231.93686,946.11694,231.93686,12395747726520,12395784542302
951.05597,276.81067,946.75323,231.93686,12395784712614,12395817556104
952.36096,281.3745,946.75323,231.93686,12395817721833,12395850809229
962.3557,289.28375,951.05597,276.81067,12395850991312,12395884576052
949.1704,265.56937,949.1704,265.56937,12395884779698,12395915872927
953.42316,316.35825,951.05597,276.81067,12395916490583,12395946560427
953.3506,334.7814,951.05597,276.81067,12395946706937,12395981549645
942.262,310.41193,951.05597,310.41193,12395981735531,12396013060166
938.42017,273.9976,951.05597,276.81067,12396013178083,12396053182354
922.6684,293.30658,942.262,293.30658,12396053271520,12396082681781
926.1632,293.1838,938.42017,293.1838,12396082856625,12396130803499
936.71625,331.9711,936.71625,293.30658,12396130899437,12396167744541
948.93976,318.25452,938.42017,293.30658,12396168970322,12396207058708
945.80145,303.4432,938.42017,303.4432,12396214501416,12396246904229
928.5069,257.65457,938.42017,293.30658,12396247043031,12396283255635
937.41315,294.92105,938.42017,294.92105,12396283437093,12396314200687
950.69305,287.84714,938.42017,293.30658,12396314373499,12396345468916
939.1111,332.07202,938.42017,294.92105,12396345637041,12396376604281
938.6693,279.1922,938.6693,293.30658,12396378012614,12396409384697
931.12726,234.18901,938.42017,293.30658,12396409481520,12396443526937
939.1108,271.29477,938.6693,279.1922,12396443868031,12396475686468
928.27576,254.56195,938.42017,271.29477,12396475796468,12396509270166
931.01605,260.48105,938.42017,271.29477,12396509642874,12396541493395
930.2721,283.58173,931.01605,271.29477,12396541585426,12396573032197
931.58545,282.4969,931.58545,271.29477,12396573121208,12396610690062
930.3169,275.81052,931.01605,275.81052,12396611685218,12396659979958
928.32446,285.47495,931.01605,275.81052,12396660116937,12396692555739
928.07733,307.6652,930.3169,275.81052,12396697637822,12396735683083
909.2536,311.50217,928.32446,285.47495,12396735762353,12396774058187
915.1603,300.88928,928.07733,300.88928,12396774155999,12396814806572
909.65173,326.8034,915.1603,300.88928,12396814912666,12396849147978
914.3473,312.6937,915.1603,300.88928,12396849249333,12396880169280
909.5173,329.83517,914.3473,312.6937,12396880341416,12396913916364
921.6019,295.8622,915.1603,300.88928,12396914121624,12396944996155
918.78876,292.80463,915.1603,300.88928,12396945143447,12396987480895
884.0634,343.72668,915.1603,300.88928,12396987657822,12397019987145
926.50195,301.96423,915.1603,300.88928,12397020190635,12397056483135
929.4582,321.36823,915.1603,301.96423,12397056582249,12397099415114
896.9597,312.05402,915.1603,301.96423,12397099502145,12397129654697
927.88086,309.01227,915.1603,309.01227,12397131410947,12397163984541
907.05597,279.1398,915.1603,301.96423,12397164455999,12397198878082
923.9777,293.91013,915.1603,301.96423,12397198970426,12397236307718
934.516,301.30667,915.1603,301.30667,12397236388551,12397272294489
928.1061,313.68353,923.9777,301.96423,12397272393343,12397306581312
920.97833,275.85513,920.97833,301.30667,12397306668812,12397339410843
907.35376,274.81595,920.97833,301.30667,12397339495166,12397370366312
881.91614,261.79883,920.97833,275.85513,12397370456989,12397406461416
897.02014,289.89264,907.35376,289.89264,12397406544801,12397442209593
898.46893,283.8037,898.46893,283.8037,12397442351364,12397475254489
892.7448,313.4492,898.46893,289.89264,12397475419489,12397512806624
887.266,309.63556,898.46893,289.89264,12397512984541,12397550713395
886.7622,300.11523,892.7448,300.11523,12397550885686,12397600151103
890.56744,309.11365,890.56744,300.11523,12397600682301,12397633638551
899.7694,311.67236,892.7448,300.11523,12397633730322,12397666821832
913.724,319.4413,892.7448,309.11365,12397666968655,12397699751520
906.5242,356.27472,899.7694,311.67236,12397699850947,12397733873030
906.40344,365.91367,906.40344,319.4413,12397735814436,12397768268916
896.6801,368.7376,899.7694,356.27472,12397768448343,12397802775426
908.0616,359.2025,906.40344,359.2025,12397802856363,12397834773447
874.0191,377.56442,899.7694,359.2025,12397834945843,12397865039593
862.92487,306.26462,899.7694,359.2025,12397865391624,12397897408603
886.14404,369.9024,886.14404,359.2025,12397897532926,12397931894176
876.9367,364.92612,886.14404,359.2025,12397933558551,12397966935895
886.1669,367.47595,886.14404,364.92612,12397967083499,12398002331728
862.19763,296.92072,886.14404,359.2025,12398002488759,12398033159905
887.1259,351.3883,886.14404,359.2025,12398034504853,12398066800478
875.5434,291.66235,886.14404,351.3883,12398066940843,12398113659176
879.2887,336.64484,886.14404,351.3883,12398113752561,12398147123186
869.4311,349.70395,879.2887,349.70395,12398147268134,12398194483447
860.0241,326.88107,879.2887,349.70395,12398194575009,12398225326103
872.78265,370.52417,872.78265,349.70395,12398225490582,12398265104020
870.96045,339.35812,872.78265,349.70395,12398265268811,12398302127665
862.5117,356.8532,872.78265,349.70395,12398302568290,12398336084905
856.33624,380.46432,870.96045,349.70395,12398336172665,12398370523290
850.2871,385.94498,862.5117,356.8532,12398370646572,12398407784697
854.7701,380.17838,856.33624,380.17838,12398407937092,12398441242301
867.97754,359.62915,862.5117,359.62915,12398441394697,12398474433811
882.5727,378.77994,862.5117,378.77994,12398476081259,12398506510374
826.66486,380.91217,862.5117,378.77994,12398506672926,12398537441676
814.4797,385.5003,862.5117,378.77994,12398539262926,12398572404124
779.43494,390.66006,826.66486,380.91217,12398572503238,12398608100946
780.9152,443.00714,814.4797,385.5003,12398608198759,12398639954644
809.3532,485.64395,809.3532,390.66006,12398640126884,12398674247561
789.0716,471.33856,809.3532,443.00714,12398674352665,12398706467717
768.58673,495.36627,809.3532,471.33856,12398706628394,12398739547457
809.6106,519.15393,809.3532,471.33856,12398739708238,12398773091936
806.3505,621.22064,809.3532,495.36627,12398773231728,12398806135009
776.2382,707.9543,809.3532,519.15393,12398806286571,12398837923186
766.4191,714.97186,806.3505,621.22064,12398838069488,12398884379905
758.6139,717.2017,776.2382,707.9543,12398884480582,12398915350894
840.53033,717.13794,806.3505,714.97186,12398915512613,12398946620478
830.7744,700.47534,806.3505,707.9543,12398946786936,12398982160842
845.62573,657.4732,830.7744,707.9543,12398982310634,12399020939436
834.92847,632.4529,830.7744,700.47534,12399021081207,12399052345894
803.9959,533.7881,830.7744,657.4732,12399052465790,12399090095061
826.05615,545.1972,830.7744,632.4529,12399090185894,12399118524280
803.15424,577.0797,826.05615,577.0797,12399118621728,12399158555165
774.56006,535.3035,826.05615,577.0797,12399158717978,12399207472821
766.04395,559.7592,803.15424,577.0797,12399207567873,12399240305842
753.0293,537.10516,774.56006,559.7592,12399240468082,12399275498186
771.7237,546.322,771.7237,559.7592,12399275629800,12399309365842
770.6747,553.27655,771.7237,553.27655,12399309460686,12399345509332
802.2966,597.8777,771.7237,559.7592,12399345612040,12399381046207
811.66425,587.1059,771.7237,559.7592,12399381129280,12399415947509
755.8338,566.2273,771.7237,566.2273,12399416162457,12399453069384
779.72614,515.69135,771.7237,559.7592,12399453153186,12399485776832
767.04944,545.25903,771.7237,559.7592,12399485909592,12399520407821
745.406,630.7969,771.7237,559.7592,12399520847665,12399557388238
722.787,596.5289,767.04944,559.7592,12399557558811,12399592920373
688.1344,626.8939,745.406,596.5289,12399593015634,12399627351415
641.7102,707.94775,722.787,596.5289,12399627511988,12399660951415
699.1054,704.22845,699.1054,626.8939,12399661117873,12399692542613
695.5258,760.3597,699.1054,704.22845,12399692647769,12399723277509
651.22876,746.1383,699.1054,704.22845,12399723418394,12399755225946
661.1143,763.6563,695.5258,746.1383,12399756189384,12399788575738
676.35974,785.8148,676.35974,746.1383,12399788679800,12399821189071
737.58673,761.273,695.5258,761.273,12399821979540,12399853143394
677.2646,760.16315,677.2646,760.16315,12399853298133,12399883553811
700.5862,723.9216,695.5258,760.16315,12399883665894,12399916201883
675.30273,777.31396,677.2646,760.16315,12399916291988,12399949450529
662.2666,786.79156,677.2646,760.16315,12399949560321,12399983035321
700.58594,744.2651,677.2646,760.16315,12399983127821,12400020511831
689.2446,796.67126,677.2646,760.16315,12400020664644,12400063722352
640.523,749.74255,677.2646,760.16315,12400063825581,12400095437977
691.21436,782.3296,677.2646,760.16315,12400100145998,12400143040581
696.75995,726.71893,677.2646,760.16315,12400143138654,12400180745581
732.9115,824.71155,691.21436,760.16315,12400180821258,12400212362144
746.6943,844.53845,696.75995,760.16315,12400213670685,12400253051571
727.7594,825.86365,727.7594,824.71155,12400253177560,12400285888810
746.8569,846.55975,727.7594,825.86365,12400286592508,12400317691779
710.02325,900.7886,727.7594,825.86365,12400317873654,12400349392977
693.2994,834.74133,727.7594,834.74133,12400349498081,12400385186727
666.6108,847.42816,710.02325,834.74133,12400385354904,12400418384956
649.4212,897.4009,693.2994,834.74133,12400418559487,12400448542300
691.3175,867.02783,691.3175,847.42816,12400448646675,12400483625425
735.2606,923.85925,693.2994,867.02783,12400483730685,12400532165529
693.86865,819.5936,693.2994,847.42816,12400533060373,12400576711831
700.3379,838.5554,693.86865,847.42816,12400578200946,12400614627508
684.9785,953.927,693.2994,847.42816,12400614719487,12400652583967
636.1801,888.7767,693.2994,847.42816,12400652679487,12400683090008
634.29443,889.78186,684.9785,888.7767,12400683250373,12400718341675
621.1667,920.81,636.1801,888.7767,12400718464123,12400753834019
692.9862,947.3489,684.9785,889.78186,12400754016571,12400785440581
674.8305,938.2299,674.8305,920.81,12400785631779,12400818699383
666.68445,935.9403,674.8305,935.9403,12400818792456,12400851249644
677.50824,951.501,674.8305,935.9403,12400851420529,12400882265946
697.1916,938.4451,674.8305,935.9403,12400882398966,12400916626623
674.8491,875.4531,674.8491,935.9403,12400916810737,12400948154643
674.4118,1000.2319,674.8305,935.9403,12400949445477,12400980892768
655.39813,949.70496,674.8305,935.9403,12400980990737,12401031300581
696.4828,997.7075,674.8305,949.70496,12401032045321,12401067326050
637.21576,940.0492,674.8305,940.0492,12401068523706,12401098392248
681.1499,978.03094,674.8305,949.70496,12401099515373,12401135302404
649.0813,1033.6635,674.8305,949.70496,12401135747143,12401170834018
658.0303,1008.35974,674.8305,978.03094,12401170989331,12401202977508
693.2601,1076.0004,674.8305,1008.35974,12401203086518,12401235856727
667.03033,994.64545,674.8305,994.64545,12401236054279,12401269660373
663.48456,1118.6694,674.8305,1008.35974,12401269805581,12401302720737
675.86096,1037.1117,674.8305,1008.35974,12401302803185,12401343048133
653.35187,1033.3237,674.8305,1033.3237,12401343209695,12401377963029
659.4323,1016.3928,674.8305,1016.3928,12401378045164,12401412526727
634.62177,1000.14374,659.4323,1016.3928,12401412619435,12401449940633
630.10596,1024.4524,659.4323,1016.3928,12401450086518,12401481769643
594.53577,1092.9845,634.62177,1016.3928,12401481939383,12401515131570
619.51965,1059.8834,630.10596,1024.4524,12401515259122,12401548630737
598.1995,1089.1725,619.51965,1059.8834,12401549577247,12401578932925
602.5412,1078.4934,619.51965,1059.8834,12401579029227,12401611412404
580.6563,1114.4249,602.5412,1078.4934,12401611506154,12401644821831
613.5356,1109.6293,613.5356,1078.4934,12401644930893,12401678420737
625.85034,1143.0217,613.5356,1109.6293,12401678515060,12401711784383
614.4223,1157.7925,613.5356,1109.6293,12401711882091,12401769197352
656.6133,1133.5337,614.4223,1133.5337,12401769304643,12401802193237
620.93567,1149.062,614.4223,1133.5337,12401802370633,12401836679643
631.11066,1190.4814,620.93567,1133.5337,12401836755320,12401868878862
606.4846,1137.7648,614.4223,1137.7648,12401868993237,12401902795060
640.7965,1178.6953,620.93567,1137.7648,12401902886831,12401935003914
605.5572,1228.6039,614.4223,1137.7648,12401935172820,12401968650268
620.3156,1307.854,620.3156,1178.6953,12401968823029,12402002616310
611.11066,1240.7485,614.4223,1228.6039,12402002716258,12402040961049
620.59674,1260.8021,620.3156,1240.7485,12402041046153,12402079286831
634.1649,1246.5824,620.3156,1240.7485,12402079411258,12402111523289
570.20105,1288.6189,620.3156,1246.5824,12402111920633,12402144899070
603.11884,1335.0209,620.3156,1246.5824,12402144986935,12402179430164
622.5929,1268.7887,620.3156,1268.7887,12402179603185,12402223074539
599.93384,1313.1614,620.3156,1268.7887,12402223209643,12402257864487
612.28815,1327.0177,620.3156,1268.7887,12402258044226,12402291155060
622.1833,1322.455,620.3156,1313.1614,12402291341362,12402323834383
609.2985,1364.5854,620.3156,1322.455,12402324085945,12402356855268
612.535,1352.2869,620.3156,1322.455,12402357034695,12402388503758
585.1554,1342.8959,612.535,1342.8959,12402388670164,12402421937612
579.0024,1379.124,612.535,1342.8959,12402422085008,12402461098028
558.9118,1377.7714,585.1554,1342.8959,12402461299851,12402504777039
607.1096,1426.3213,607.1096,1377.7714,12402504874643,12402539315268
526.8958,1499.119,585.1554,1377.7714,12402539488966,12402573934799
569.8732,1509.4326,585.1554,1426.3213,12402574040320,12402609495060
550.0987,1541.2231,569.8732,1499.119,12402609583705,12402644431622
508.86505,1530.4225,569.8732,1509.4326,12402645449539,12402677785893
509.47205,1537.3905,550.0987,1530.4225,12402677926882,12402714459487
534.5924,1543.5432,534.5924,1530.4225,12402714629382,12402747220424
490.84003,1531.684,534.5924,1531.684,12402747352143,12402779049226
495.4237,1538.5964,534.5924,1531.684,12402779209278,12402810833653
524.1999,1499.2444,524.1999,1531.684,12402811001830,12402843435007
543.8064,1509.0555,534.5924,1531.684,12402845914591,12402878370164
522.471,1537.999,524.1999,1531.684,12402878531570,12402913670528
545.91626,1558.9176,534.5924,1531.684,12402913819486,12402945356518
530.6897,1596.8014,530.6897,1537.999,12402945533497,12402988933080
549.30365,1581.8564,534.5924,1558.9176,12402989021361,12403019439122
530.3064,1595.379,530.6897,1581.8564,12403019602247,12403049603809
520.9935,1577.2112,530.6897,1577.2112,12403049773914,12403083108445
521.9645,1525.4912,530.3064,1577.2112,12403083215111,12403114947611
527.2374,1549.9832,527.2374,1577.2112,12403115048705,12403146040788
555.06274,1585.7927,530.3064,1577.2112,12403146144695,12403182608549
584.89636,1555.3934,530.3064,1577.2112,12403182714122,12403222368288
641.1881,1533.3328,555.06274,1577.2112,12403222472559,12403264135320
581.02545,1499.555,581.02545,1555.3934,12403264270736,12403298076049
571.4598,1482.9231,571.4598,1533.3328,12403299345580,12403345690424
638.1046,1493.521,581.02545,1499.555,12403345806570,12403379146986
603.76984,1515.583,581.02545,1515.583,12403379306830,12403416854018
635.597,1580.5623,603.76984,1515.583,12403417030945,12403447602611
553.442,1554.9717,581.02545,1515.583,12403447759747,12403495365684
585.62103,1562.9922,585.62103,1554.9717,12403495452768,12403527539070
583.72656,1607.4456,583.72656,1554.9717,12403527700215,12403560933236
590.83234,1552.4891,585.62103,1554.9717,12403561072195,12403593145632
553.9021,1562.6356,583.72656,1554.9717,12403593301361,12403632829434
590.2145,1625.8783,585.62103,1554.9717,12403632908497,12403663802142
532.29083,1653.7637,583.72656,1562.6356,12403664473028,12403706365788
571.1512,1642.8065,583.72656,1625.8783,12403706458965,12403739197976
578.8263,1660.3162,578.8263,1642.8065,12403739299434,12403771308236
546.3974,1670.4231,578.8263,1642.8065,12403771393757,12403803065476
544.54285,1666.6416,578.8263,1660.3162,12403803161517,12403837739903
562.03674,1668.7422,562.03674,1666.6416,12403837849017,12403873803444
546.996,1706.482,562.03674,1666.6416,12403873910111,12403906445632
510.84976,1687.0012,562.03674,1668.7422,12403906535997,12403939330736
526.4083,1694.7489,546.996,1687.0012,12403939420580,12404003800215
490.95456,1656.2336,526.4083,1668.7422,12404003907715,12404039213392
518.2414,1681.1862,526.4083,1681.1862,12404039336101,12404075567299
529.0203,1704.9286,526.4083,1681.1862,12404075738601,12404107852403
508.54242,1764.3497,526.4083,1681.1862,12404107992663,12404139818913
510.0085,1776.9016,526.4083,1704.9286,12404139909538,12404173259903
495.65494,1659.0756,510.0085,1681.1862,12404173497507,12404208851257
487.45325,1763.9788,510.0085,1704.9286,12404209005632,12404243325111
506.9719,1718.9415,506.9719,1704.9286,12404243466830,12404275217507
474.18665,1735.5354,506.9719,1718.9415,12404275382976,12404306468809
453.02213,1756.8035,506.9719,1718.9415,12404307401257,12404340948392
503.78458,1765.0824,503.78458,1735.5354,12404341092923,12404377122298
472.72223,1752.7086,503.78458,1752.7086,12404377275111,12404412336517
540.43524,1755.87,503.78458,1752.7086,12404412487871,12404445652298
524.8729,1785.8031,503.78458,1752.7086,12404445762455,12404482377038
513.8607,1767.3798,513.8607,1755.87,12404482474434,12404518794538
512.825,1765.5453,512.825,1765.5453,12404518896309,12404559125632
513.56464,1785.8546,513.56464,1765.5453,12404559311569,12404592801309
499.303,1774.0746,512.825,1765.5453,12404592979225,12404623663496
533.65375,1741.3247,513.56464,1765.5453,12404623826100,12404657599798
538.3056,1769.9619,513.56464,1765.5453,12404657770059,12404692435996
506.2713,1780.315,513.56464,1765.5453,12404692594486,12404727317923
480.079,1764.9196,513.56464,1765.5453,12404727496361,12404762075892
502.02805,1807.8856,506.2713,1765.5453,12404762264069,12404796434330
522.8523,1786.9014,513.56464,1765.5453,12404796512194,12404826691257
519.80225,1760.3412,513.56464,1765.5453,12404835066205,12404869954642
471.88107,1693.482,513.56464,1765.5453,12404871182246,12404907132611
493.8504,1770.1235,513.56464,1765.5453,12404907260475,12404942011934
560.23627,1790.6963,513.56464,1765.5453,12404942280319,12404977203861
509.82312,1780.9098,513.56464,1770.1235,12404977624434,12405014637975
513.33563,1809.6064,513.56464,1780.9098,12405014807767,12405055531777
515.03424,1717.5128,513.56464,1770.1235,12405055680840,12405087639173
526.4948,1728.8153,513.56464,1770.1235,12405087744954,12405120391361
474.58527,1783.0894,513.56464,1770.1235,12405121427715,12405166151465
493.74982,1885.2532,513.56464,1770.1235,12405166271673,12405199536517
475.44904,1812.8832,493.74982,1783.0894,12405199627506,12405234583652
475.2029,1844.0723,493.74982,1812.8832,12405234761413,12405273550163
460.87494,1848.8445,475.44904,1812.8832,12405275424746,12405307917038
512.5311,1826.0704,493.74982,1826.0704,12405308054277,12405342170631
469.22357,1870.2037,475.44904,1826.0704,12405342249538,12405376192767
516.2005,1855.5072,493.74982,1826.0704,12405376357767,12405443921986
526.5433,1824.0996,493.74982,1826.0704,12405444036881,12405489026621
514.2309,1839.2748,514.2309,1826.0704,12405489174121,12405519715319
485.7829,1852.6086,493.74982,1826.0704,12405520311048,12405553715267
495.533,1867.8707,495.533,1839.2748,12405554711569,12405591957194
437.5436,1888.7975,493.74982,1852.6086,12405592162142,12405623911100
419.333,1877.031,493.74982,1867.8707,12405624084225,12405661826725
447.57956,1850.2983,447.57956,1852.6086,12405662792923,12405697599746
446.66507,1891.0697,447.57956,1867.8707,12405699586569,12405733077038
470.0017,1859.9248,447.57956,1859.9248,12405733902402,12405765247975
445.921,1890.4868,447.57956,1867.8707,12405777304069,12405812110110
505.5714,1863.6819,447.57956,1863.6819,12405812267194,12405846044381
426.492,1880.5148,447.57956,1867.8707,12405846212767,12405888738340
433.92358,1907.6885,447.57956,1867.8707,12405888825215,12405920535944
430.87766,1915.028,433.92358,1880.5148,12405920703808,12405965769746
462.15518,1886.2809,447.57956,1886.2809,12405965848548,12405998824746
451.99335,1897.0806,447.57956,1886.2809,12406001034225,12406032361517
469.10873,1872.19,451.99335,1886.2809,12406033523339,12406064604694
433.29242,1886.4331,447.57956,1886.2809,12406064754537,12406096419485
446.1909,1874.9843,447.57956,1886.2809,12406096500058,12406132272350
492.16104,1803.0874,447.57956,1886.2809,12406133362610,12406171789485
499.63803,1761.536,447.57956,1874.9843,12406171938392,12406206107506
493.20337,1866.7166,492.16104,1866.7166,12406206194381,12406240462402
537.21454,1836.7552,493.20337,1866.7166,12406240626464,12406277354641
488.80807,1833.4492,492.16104,1866.7166,12406277490266,12406314179746
512.2903,1823.8608,493.20337,1836.7552,12406314350735,12406350644798
547.815,1799.4572,493.20337,1833.4492,12406351603183,12406382223600
502.3774,1777.9187,502.3774,1823.8608,12406382321360,12406415767141
545.49207,1785.4572,502.3774,1799.4572,12406415935943,12406449209173
491.26132,1822.9401,502.3774,1822.9401,12406449309277,12406492620475
458.97046,1806.0857,502.3774,1806.0857,12406492713079,12406523575266
504.43994,1861.2743,502.3774,1822.9401,12406523755006,12406555977298
522.02655,1841.738,502.3774,1822.9401,12406556138339,12406587997610
498.7669,1869.8462,502.3774,1841.738,12406588928756,12406619901620
452.73694,1828.2618,502.3774,1828.2618,12406621064016,12406652186985
464.3363,1833.9355,498.7669,1833.9355,12406652313495,12406683682298
449.65662,1857.6335,464.3363,1833.9355,12406683786673,12406715775266
423.48932,1898.6073,464.3363,1833.9355,12406715869589,12406747810683
416.50238,1936.0636,449.65662,1857.6335,12406747915839,12406782339068
404.95572,1857.7064,423.48932,1857.7064,12406782449225,12406812529225
399.76712,1906.9164,416.50238,1857.7064,12406812706516,12406846085735
410.90094,1890.222,410.90094,1857.7064,12406846245891,12406878938391
424.1778,1857.8341,416.50238,1857.8341,12406879114485,12406914448808
433.66733,1805.1119,416.50238,1857.7064,12406914560058,12406959511308
426.17102,1769.9127,424.1778,1857.7064,12406959603652,12406990408027
421.80023,1857.6664,421.80023,1857.6664,12406990504797,12407022225058
365.13907,1823.1855,421.80023,1857.6664,12407022381985,12407058324329
412.0464,1880.2212,421.80023,1857.6664,12407058465422,12407092155995
426.194,1870.8685,421.80023,1857.6664,12407092238912,12407126089068
396.42996,1858.354,421.80023,1858.354,12407126287141,12407172446777
441.13342,1853.9169,421.80023,1857.6664,12407172556204,12407205897558
402.93103,1816.5891,421.80023,1857.6664,12407206062402,12407240739068
423.3578,1863.5367,421.80023,1857.6664,12407240904068,12407275482141
409.5678,1824.0591,421.80023,1857.6664,12407275638443,12407306964849
420.14224,1845.8579,421.80023,1857.6664,12407307052714,12407339898651
437.20093,1844.059,421.80023,1845.8579,12407339985422,12407372312506
428.95465,1859.1395,421.80023,1857.6664,12407372414745,12407405638131
435.4267,1816.013,428.95465,1845.8579,12407405727089,12407440223651
409.79724,1816.829,421.80023,1845.8579,12407440321829,12407476900370
401.7719,1852.7136,421.80023,1845.8579,12407477001933,12407515197766
434.3382,1830.6432,421.80023,1845.8579,12407515349693,12407547897141
430.88962,1806.8566,421.80023,1845.8579,12407548122245,12407578906464
429.7649,1853.0531,429.7649,1845.8579,12407579011464,12407613015318
428.76266,1811.6204,428.76266,1845.8579,12407613113860,12407643399172
410.3764,1818.6447,428.76266,1845.8579,12407643502297,12407675570214
331.98773,1802.626,428.76266,1818.6447,12407675677662,12407708064849
358.01254,1754.459,410.3764,1818.6447,12407708161516,12407739811985
370.11722,1804.8949,370.11722,1804.8949,12407739894172,12407771832037
355.82626,1819.8577,370.11722,1818.6447,12407771938703,12407807343860
320.38647,1828.553,370.11722,1818.6447,12407807455526,12407843225318
351.31174,1810.1598,355.82626,1818.6447,12407843315683,12407906830214
364.82367,1793.3129,364.82367,1818.6447,12407906945214,12407947192453
388.11298,1798.103,364.82367,1810.1598,12407947288443,12407979989901
395.93774,1837.125,364.82367,1818.6447,12407980111620,12408011295891
403.71863,1832.302,388.11298,1818.6447,12408011394224,12408044917818
368.85577,1762.6732,368.85577,1818.6447,12408045014016,12408076527870
372.0376,1748.9639,372.0376,1818.6447,12408076816568,12408110539276
367.98825,1749.3525,368.85577,1762.6732,12408110651516,12408143633234
393.01862,1755.1423,372.0376,1755.1423,12408144816412,12408178689016
381.91284,1743.3165,372.0376,1755.1423,12408178794172,12408217137714
358.10995,1738.3134,372.0376,1755.1423,12408217307557,12408252677505
345.04028,1732.291,372.0376,1743.3165,12408252827870,12408283468130
363.28442,1807.5623,363.28442,1755.1423,12408285865318,12408318245474
344.5771,1788.0804,363.28442,1755.1423,12408318345891,12408352284172
299.75662,1769.2837,363.28442,1769.2837,12408352425630,12408388619224
358.92126,1788.7388,358.92126,1769.2837,12408388802505,12408430000943
336.3916,1802.5895,358.92126,1769.2837,12408430861255,12408461972870
349.13837,1768.3025,358.92126,1769.2837,12408462384536,12408498605995
381.60776,1782.3783,358.92126,1769.2837,12408500273547,12408535830786
366.48727,1762.9417,358.92126,1769.2837,12408535910839,12408569067922
292.46057,1754.4259,358.92126,1769.2837,12408569237036,12408606244849
327.6316,1744.7062,358.92126,1762.9417,12408606392141,12408641833391
348.5773,1795.2463,348.5773,1769.2837,12408641967453,12408677435682
343.67368,1710.1165,348.5773,1762.9417,12408677542974,12408725263859
322.57016,1733.6643,348.5773,1762.9417,12408725355161,12408761659901
334.8079,1715.6448,343.67368,1733.6643,12408763559172,12408797005630
338.7476,1803.2479,338.7476,1762.9417,12408797166620,12408829184068
320.71085,1833.8927,338.7476,1762.9417,12408830315526,12408861186463
353.27856,1772.9675,338.7476,1772.9675,12408862229536,12408892974276
410.5309,1771.274,338.7476,1771.274,12408893198963,12408927704068
338.45197,1804.68,338.7476,1772.9675,12408929223963,12408963501984
355.20816,1775.3855,338.7476,1772.9675,12408963597245,12408997024745
374.84753,1784.3826,338.7476,1775.3855,12408997873390,12409029677401
378.11826,1772.7134,355.20816,1772.9675,12409029828547,12409063239224
398.78833,1777.7474,374.84753,1775.3855,12409063377870,12409101610213
350.9988,1764.3102,355.20816,1772.9675,12409101753807,12409134451359
354.7995,1768.0858,355.20816,1772.9675,12409134600265,12409171598286
305.8027,1792.5837,354.7995,1772.9675,12409171738911,12409210396984
321.4776,1792.2189,354.7995,1772.9675,12409210552453,12409241578390
301.8474,1731.3904,321.4776,1772.9675,12409241669172,12409273827974
337.63217,1782.2576,337.63217,1772.9675,12409273934901,12409306628182
349.94125,1794.6743,337.63217,1772.9675,12409306741619,12409341263234
331.14746,1725.0358,337.63217,1772.9675,12409341364953,12409387054901
332.0259,1792.5305,337.63217,1772.9675,12409387151047,12409420644172
294.264,1767.6544,332.0259,1772.9675,12409420831255,12409451840838
268.393,1717.057,332.0259,1772.9675,12409451943234,12409482108807
251.27742,1724.0076,294.264,1767.6544,12409482202974,12409515696099
293.40912,1795.3928,293.40912,1772.9675,12409515828130,12409551214119
312.35675,1759.1749,294.264,1767.6544,12409551383442,12409582919224
326.75134,1736.9274,294.264,1767.6544,12409583071307,12409614309901
295.70648,1760.5894,295.70648,1760.5894,12409614485578,12409645987244
319.4004,1723.9506,295.70648,1760.5894,12409646169224,12409682012505
290.63727,1731.9443,295.70648,1760.5894,12409682187713,12409718462296
335.0349,1752.9631,295.70648,1752.9631,12409718608494,12409754057661
329.15942,1713.4662,295.70648,1752.9631,12409754192609,12409792640786
349.17136,1681.9336,329.15942,1752.9631,12409793250369,12409825337921
347.41888,1708.0667,329.15942,1713.4662,12409827556776,12409859169171
348.9958,1720.9977,347.41888,1720.9977,12409861605942,12409896525838
366.70538,1714.7152,347.41888,1714.7152,12409897848130,12409933397817
332.33218,1698.3618,347.41888,1714.7152,12409933488807,12409966545317
349.0618,1713.6134,347.41888,1714.7152,12409966658703,12409997959171
330.21466,1723.4288,347.41888,1714.7152,12409999147244,12410029986307
347.53778,1696.8035,347.41888,1714.7152,12410031059640,12410064433546
369.8948,1766.2092,347.41888,1714.7152,12410065445317,12410099913494
347.7506,1722.9084,347.53778,1714.7152,12410100146619,12410131954067
373.09885,1722.6288,347.7506,1722.6288,12410132172452,12410163928859
401.93607,1622.8354,347.7506,1714.7152,12410164120577,12410197013859
680.67303,748.5016,373.09885,1714.7152,12410197179796,12410231908963
587.31757,954.6932,401.93607,1622.8354,12410232096463,12410264549432
573.44965,579.3678,573.44965,954.6932,12410264702452,12410299277036
445.59274,1089.5017,445.59274,1089.5017,12410299425161,12410330871671
386.21692,1478.8331,445.59274,1089.5017,12410331556098,12410368590786
341.89563,1538.2495,445.59274,1089.5017,12410368694588,12410401311515
293.00183,1496.7473,386.21692,1478.8331,12410401451411,12410435913807
289.69617,1579.539,341.89563,1496.7473,12410436095942,12410469197765
282.26913,1605.08,293.00183,1496.7473,12410469365004,12410531792713
271.3686,1649.6909,289.69617,1579.539,12410531908129,12410569848963
299.96146,1599.5134,293.00183,1599.5134,12410569938963,12410605619379
253.69685,1634.4685,289.69617,1599.5134,12410605703598,12410642299327
256.15344,1541.7853,289.69617,1599.5134,12410642452036,12410676947817
271.95554,1567.57,271.95554,1599.5134,12410677097452,12410710826827
225.82092,1540.7021,271.95554,1567.57,12410711003181,12410762379327
263.07294,1536.3385,271.95554,1567.57,12410762461671,12410797648025
242.51051,1582.7972,263.07294,1567.57,12410797751306,12410833692036
239.39832,1539.3007,263.07294,1567.57,12410833839796,12410875284223
277.30148,1555.8076,263.07294,1567.57,12410875380838,12410911860161
220.87215,1546.4391,263.07294,1555.8076,12410911967452,12410944117036
253.48979,1540.3916,263.07294,1555.8076,12410944281775,12410981348963
255.98035,1570.0543,255.98035,1555.8076,12410981520369,12411011922035
249.66933,1530.6748,255.98035,1555.8076,12411012086202,12411046157348
273.0544,1540.2252,255.98035,1555.8076,12411046327244,12411076913233
266.59756,1479.8729,255.98035,1540.2252,12411077058025,12411114862973
345.96658,1500.9366,266.59756,1540.2252,12411115022400,12411146965108
288.92947,1529.3429,266.59756,1529.3429,12411147149119,12411180272035
323.53162,1477.3385,288.92947,1529.3429,12411180447817,12411210889067
320.10977,1516.8119,288.92947,1529.3429,12411211032973,12411244933910
310.05722,1512.1775,310.05722,1516.8119,12411245097765,12411277329379
303.14154,1500.5206,303.14154,1516.8119,12411277494379,12411309350525
273.79355,1518.0321,303.14154,1516.8119,12411309470160,12411367100317
311.55457,1477.5046,303.14154,1516.8119,12411367204796,12411401128858
288.21637,1569.1132,303.14154,1516.8119,12411402930369,12411436732869
272.76056,1507.2057,303.14154,1516.8119,12411436831983,12411475844952
254.25443,1453.167,288.21637,1516.8119,12411475990889,12411508136983
266.1487,1442.8961,272.76056,1507.2057,12411508287348,12411542004327
266.33997,1492.7769,266.33997,1492.7769,12411542176567,12411576676775
297.46695,1434.817,272.76056,1492.7769,12411576836567,12411614145681
295.8351,1456.8937,272.76056,1492.7769,12411614306202,12411645890681
303.2502,1417.8987,295.8351,1456.8937,12411646071931,12411679453598
274.47845,1431.2571,274.47845,1456.8937,12411679614119,12411715647452
293.62152,1381.9966,293.62152,1431.2571,12411715816514,12411747216046
286.10425,1473.8926,286.10425,1456.8937,12411747410056,12411782145160
282.91595,1474.6917,286.10425,1456.8937,12411782314587,12411816473910
303.5008,1472.0715,286.10425,1472.0715,12411816668754,12411849957504
285.27646,1455.4062,286.10425,1456.8937,12411850049014,12411884766514
261.02338,1412.9463,286.10425,1456.8937,12411884868129,12411915361723
324.25323,1468.2274,286.10425,1456.8937,12411915578546,12411946791410
283.20364,1384.934,286.10425,1456.8937,12411946957816,12411979619900
299.626,1353.8246,286.10425,1456.8937,12411979776931,12412011557712
295.9782,1367.0021,286.10425,1384.934,12412011672296,12412042681827
292.69952,1349.5753,292.69952,1367.0021,12412042830473,12412078948910
329.49066,1384.0183,292.69952,1384.0183,12412079053858,12412113109379
298.1767,1372.0281,292.69952,1372.0281,12412113284275,12412148435264
270.67422,1355.6178,292.69952,1372.0281,12412148595160,12412179477504
296.4335,1391.1113,292.69952,1372.0281,12412179654535,12412211792712
333.15652,1405.207,292.69952,1372.0281,12412211957348,12412246955785
342.5424,1406.2831,296.4335,1391.1113,12412247148025,12412285961670
313.19913,1356.1992,313.19913,1372.0281,12412286094223,12412335574483
326.5835,1402.5511,313.19913,1391.1113,12412336527295,12412372641722
297.09634,1403.3206,313.19913,1391.1113,12412372734639,12412402920837
339.78116,1386.4565,313.19913,1391.1113,12412403069275,12412436489066
331.6855,1369.3232,313.19913,1391.1113,12412436620629,12412468842504
281.3014,1337.8575,313.19913,1386.4565,12412469135212,12412502694691
284.51657,1305.137,313.19913,1369.3232,12412502814743,12412534420629
346.5088,1348.1654,313.19913,1348.1654,12412534497295,12412572637399
325.02188,1313.3765,313.19913,1348.1654,12412572803649,12412603343441
293.65262,1301.7192,313.19913,1348.1654,12412603495316,12412638417920
298.98605,1283.0161,313.19913,1313.3765,12412638585785,12412669613233
351.08237,1305.7609,313.19913,1305.7609,12412669749587,12412706092243
309.70105,1286.1434,313.19913,1305.7609,12412706233024,12412740080837
340.8154,1314.9807,313.19913,1305.7609,12412740238076,12412773840108
318.0582,1312.3326,313.19913,1305.7609,12412773992504,12412814490368
307.348,1319.9053,313.19913,1312.3326,12412814588649,12412850564014
328.88715,1273.3619,313.19913,1305.7609,12412850665420,12412897770889
324.4634,1243.3723,313.19913,1305.7609,12412897859535,12412931920681
344.2188,1253.7687,324.4634,1273.3619,12412933325837,12412966378649
337.8383,1223.7399,324.4634,1253.7687,12412967416983,12413003683701
342.1248,1198.2345,337.8383,1253.7687,12413003817295,12413037868493
365.03702,1201.2745,337.8383,1223.7399,12413037960420,12413086036045
353.7657,1190.8356,342.1248,1201.2745,12413086159795,12413118531045
354.4099,1174.0631,353.7657,1201.2745,12413118672243,12413152597608
352.692,1184.298,352.692,1190.8356,12413152755420,12413184074014
323.52518,1177.5542,352.692,1184.298,12413184211253,12413215271514
319.6729,1151.1849,352.692,1184.298,12413215370003,12413247939951
375.22842,1113.5676,352.692,1177.5542,12413248088285,12413282585733
336.75974,1097.005,352.692,1151.1849,12413282685993,12413329357712
330.86536,1065.8971,352.692,1113.5676,12413329432920,12413364316878
315.58508,1049.5029,336.75974,1097.005,12413366188337,12413401432868
311.21225,1062.8715,330.86536,1065.8971,12413401598076,12413439647972
325.4594,1087.1642,325.4594,1087.1642,12413439732607,12413472414691
360.42957,1053.5319,330.86536,1065.8971,12413472554378,12413510725993
373.0533,1082.6489,330.86536,1082.6489,12413510849951,12413546198910
399.08264,1052.9257,360.42957,1065.8971,12413546397764,12413581211566
374.87427,1012.6613,373.0533,1065.8971,12413581317712,12413613442764
369.8031,1015.6307,369.8031,1052.9257,12413613898597,12413648490524
405.15488,1018.28595,373.0533,1018.28595,12413648626878,12413683492659
392.90692,1012.9141,373.0533,1018.28595,12413683616618,12413729771774
387.14825,1019.94507,387.14825,1018.28595,12413729853180,12413761574482
385.11057,1002.9966,385.11057,1018.28595,12413764184951,12413794814222
403.22998,1003.1696,387.14825,1018.28595,12413796358597,12413826005316
389.33383,973.6089,387.14825,1003.1696,12413828688753,12413877329743
408.51764,978.19165,389.33383,1003.1696,12413877402607,12413921577191
389.86407,984.31946,389.33383,984.31946,12413921678493,12413952161930
385.9178,958.1665,389.33383,984.31946,12413952337034,12413986023649
363.54965,950.48596,389.33383,984.31946,12413986196201,12414016624014
395.53967,853.568,389.33383,958.1665,12414016796409,12414048381722
399.26492,873.14166,389.33383,950.48596,12414049468232,12414083332347
392.9172,875.8846,392.9172,875.8846,12414083483388,12414117565055
391.13126,819.18896,391.13126,875.8846,12414117783909,12414161846097
417.6184,881.40045,392.9172,875.8846,12414161950993,12414196301774
404.32745,859.15845,392.9172,875.8846,12414196388597,12414227456566
410.27386,852.01215,404.32745,875.8846,12414228759430,12414262696982
414.42767,862.0241,404.32745,862.0241,12414263379847,12414295068336
412.56335,874.7712,410.27386,874.7712,12414296736097,12414328749430
409.75113,833.2933,409.75113,862.0241,12414330660680,12414367777034
416.5458,826.5951,410.27386,862.0241,12414367867868,12414397096305
421.41205,820.7854,410.27386,833.2933,12414399396097,12414432539222
422.5457,824.9254,416.5458,826.5951,12414433969013,12414464269586
427.42392,812.06824,421.41205,824.9254,12414464371305,12414495421045
435.26218,771.7659,422.5457,824.9254,12414496626409,12414551768961
402.7478,792.36804,421.41205,812.06824,12414563063805,12414603478649
441.43542,755.0275,422.5457,792.36804,12414603646774,12414636592867
449.8605,782.5426,422.5457,792.36804,12414636772295,12414668987711
430.46732,801.35266,430.46732,792.36804,12414669090211,12414700380263
400.5606,836.9728,422.5457,792.36804,12414700455263,12414735597919
428.1954,780.14417,428.1954,792.36804,12414735706409,12414772240576
419.78217,848.7146,422.5457,792.36804,12414772337034,12414814795419
427.1669,847.5255,427.1669,792.36804,12414814919794,12414858711461
419.2244,793.7567,422.5457,793.7567,12414858819222,12414892282399
436.12848,773.80457,427.1669,792.36804,12414892371357,12414925992242
432.24863,706.0592,427.1669,792.36804,12414926096930,12414962049534
404.98892,722.10846,427.1669,773.80457,12414962150836,12414995522659
388.93317,705.7761,427.1669,722.10846,12414995630784,12415029747971
430.4244,679.37726,427.1669,722.10846,12415030696878,12415061749378
431.53333,623.1957,427.1669,705.7761,12415061848492,12415094160211
435.88348,756.68823,430.4244,722.10846,12415094263128,12415124872138
442.54483,674.6091,431.53333,705.7761,12415125268024,12415157472190
409.05478,719.68085,430.4244,719.68085,12415157562086,12415190246253
435.3244,674.6272,431.53333,705.7761,12415190409794,12415222617294
444.6528,663.9965,431.53333,705.7761,12415222798857,12415253570680
422.64603,635.0872,431.53333,674.6272,12415253724117,12415292222294
471.09366,584.9191,431.53333,663.9965,12415292401878,12415324865992
457.72797,531.12897,431.53333,635.0872,12415325957919,12415360301513
476.00204,555.1308,457.72797,584.9191,12415360395575,12415390932138
444.90555,544.15106,444.90555,555.1308,12415391028596,12415425366513
455.43915,546.0188,455.43915,555.1308,12415425462450,12415461076305
447.07834,519.51337,447.07834,546.0188,12415461493596,12415493820211
491.8666,521.8134,455.43915,546.0188,12415493922711,12415527998075
448.97083,535.5873,448.97083,535.5873,12415528402659,12415564704117
415.5489,498.72092,448.97083,535.5873,12415564781825,12415597081148
422.63968,412.4918,448.97083,535.5873,12415598033909,12415629215523
457.0379,361.76385,448.97083,498.72092,12415629336148,12415660826877
428.0771,376.81876,448.97083,412.4918,12415661932346,12415693703700
422.84235,367.9372,448.97083,376.81876,12415694812138,12415731003857
459.87665,333.44693,448.97083,376.81876,12415731183596,12415765007971
451.38818,385.0822,448.97083,376.81876,12415765200732,12415800104482
417.0558,407.60638,448.97083,376.81876,12415800192607,12415865232502
437.63007,418.04398,448.97083,385.0822,12415865317711,12415902876877
447.09595,423.1063,447.09595,407.60638,12415902962815,12415937860992
416.9213,410.2815,447.09595,410.2815,12415938902659,12415975602659
416.8809,400.5285,447.09595,407.60638,12415975677711,12416035400211
451.32245,330.99768,447.09595,407.60638,12416035514794,12416069429898
456.22614,352.86972,447.09595,400.5285,12416069519117,12416101115888
460.8023,354.57144,451.32245,354.57144,12416101208648,12416135401929
459.55753,354.53735,456.22614,354.57144,12416135534898,12416172809013
460.02188,356.00992,459.55753,354.57144,12416174213961,12416209269586
483.07538,353.75214,459.55753,354.57144,12416209352502,12416251289429
510.03506,347.47903,460.02188,354.57144,12416251394950,12416283853336
524.07245,368.94186,483.07538,354.57144,12416283959429,12416317478804
485.458,359.4208,485.458,354.57144,12416317584325,12416356374221
499.93887,349.44638,485.458,354.57144,12416356509325,12416392869690
469.10477,392.16418,485.458,354.57144,12416392995471,12416432630836
494.1806,378.51178,485.458,354.57144,12416432718856,12416468391565
504.96405,370.2537,485.458,370.2537,12416468550835,12416505226252
473.83313,362.7952,485.458,362.7952,12416505318335,12416551834846
556.5278,322.69748,485.458,362.7952,12416551942190,12416585208700
586.8341,278.33975,485.458,362.7952,12416585372294,12416617096617
625.1024,303.19608,556.5278,322.69748,12416617201877,12416650441304
638.9418,346.13565,586.8341,346.13565,12416650597867,12416682753283
585.32416,348.28625,585.32416,346.13565,12416682864742,12416716665679
558.6599,324.91132,585.32416,346.13565,12416716779533,12416749588648
553.4268,304.378,585.32416,346.13565,12416749746356,12416781410471
565.01166,324.62744,565.01166,324.91132,12416781578023,12416814998023
598.6983,298.4989,585.32416,324.62744,12416815092971,12416871679742
601.3529,301.82382,585.32416,324.62744,12416871765679,12416905613908
624.76855,321.4931,598.6983,321.4931,12416905772606,12416963887450
619.21985,264.8531,601.3529,321.4931,12416963974117,12416994901981
560.5296,278.7164,598.6983,321.4931,12416995000835,12417033364585
549.4626,276.7589,598.6983,278.7164,12417033524637,12417063971669
582.31146,285.41998,582.31146,285.41998,12417064154429,12417097462554
549.9576,250.62463,582.31146,278.7164,12417097633908,12417133735679
574.8417,236.58513,582.31146,278.7164,12417133909533,12417164565106
571.74194,270.54422,574.8417,270.54422,12417164696512,12417194830054
567.524,210.0876,574.8417,270.54422,12417194916304,12417229823544
597.9013,255.99512,574.8417,270.54422,12417230008491,12417268451564
592.4692,314.7508,574.8417,270.54422,12417268540731,12417298597606
589.18365,274.62662,589.18365,270.54422,12417298773700,12417331860887
632.9687,291.92096,589.18365,274.62662,12417332084273,12417378323752
632.3788,285.94275,589.18365,274.62662,12417378418439,12417417506148
648.38727,277.648,632.3788,277.648,12417417656773,12417450626825
629.14886,264.78854,629.14886,274.62662,12417450728075,12417482874116
640.43524,266.10416,632.3788,274.62662,12417482980002,12417514633908
613.9124,200.09474,629.14886,266.10416,12417514745366,12417547649116
628.8708,244.56802,629.14886,266.10416,12417547791929,12417579041095
643.80725,181.55693,629.14886,244.56802,12417579138804,12417610801356
644.3386,138.98456,629.14886,244.56802,12417610884325,12417645885366
651.1994,189.58174,643.80725,189.58174,12417645996095,12417679538856
633.6469,197.74937,633.6469,197.74937,12417679686095,12417710673127
650.0091,186.03911,643.80725,189.58174,12417710846512,12417750050783
646.45123,134.01486,643.80725,189.58174,12417750151200,12417783138387
639.4907,155.01047,643.80725,186.03911,12417783330887,12417819517293
646.0677,192.81274,643.80725,189.58174,12417819617085,12417853042137
622.5382,168.09525,643.80725,186.03911,12417853154897,12417884413335
618.50775,91.42098,643.80725,186.03911,12417884502658,12417922264377
600.27295,101.17294,622.5382,168.09525,12417922434637,12417957779845
612.33746,109.00084,618.50775,109.00084,12417957944481,12418002785679
613.3359,102.387596,613.3359,109.00084,12418002876668,12418033924429
623.2226,94.87725,618.50775,109.00084,12418034987554,12418065012189
631.806,94.52516,618.50775,102.387596,12418065207866,12418098208699
634.3513,97.06301,623.2226,97.06301,12418098393908,12418132424689
616.2081,96.31462,618.50775,97.06301,12418132615210,12418172418752
641.3226,139.3801,623.2226,97.06301,12418172595783,12418202015418
654.0936,74.17886,623.2226,97.06301,12418202088179,12418232149949
673.3902,74.72121,641.3226,97.06301,12418233241251,12418264776668
652.74603,45.77304,652.74603,74.72121,12418269311356,12418303825679
612.2858,112.22076,641.3226,97.06301,12418304765262,12418341008595
599.49475,101.04075,641.3226,97.06301,12418343244533,12418382017345
652.9974,86.56388,641.3226,97.06301,12418382111095,12418417071095
671.05414,112.33821,641.3226,97.06301,12418417167501,12418451221720
659.37317,104.23713,652.9974,97.06301,12418451305939,12418484387762
739.48145,103.426605,659.37317,103.426605,12418484488908,12418534506772
783.062,79.299675,659.37317,97.06301,12418534596824,12418571174793
752.29395,84.92921,739.48145,97.06301,12418571249637,12418603489793
779.17236,83.20787,752.29395,84.92921,12418603577085,12418635453751
762.0164,107.74548,752.29395,97.06301,12418635538335,12418668766460
780.3393,96.61171,762.0164,96.61171,12418668877970,12418701132762
751.9783,78.67291,752.29395,96.61171,12418701223022,12418730920314
759.49036,135.68706,759.49036,96.61171,12418733451251,12418764827710
772.57404,139.25226,759.49036,96.61171,12418767022137,12418800025626
760.09186,76.727844,759.49036,96.61171,12418801106355,12418833683178
765.38763,101.12722,760.09186,96.61171,12418834506564,12418870514793
761.8161,100.53922,760.09186,96.61171,12418870642137,12418902742605
775.8273,157.56728,761.8161,100.53922,12418904127137,12418935523803
781.1162,129.59814,761.8161,100.53922,12418937898595,12418996388491
781.16895,139.95369,775.8273,129.59814,12418996484845,12419029229793
776.72797,119.8615,776.72797,119.8615,12419029330730,12419065325105
754.43506,155.29735,775.8273,129.59814,12419066118230,12419101155939
742.22546,138.92825,775.8273,129.59814,12419101861564,12419136386928
844.0567,228.07516,775.8273,138.92825,12419136529220,12419168497137
577.02905,655.0228,775.8273,138.92825,12419168702657,12419199913022
555.32404,769.66833,775.8273,228.07516,12419200679793,12419235794116
626.95074,252.64157,626.95074,252.64157,12419235868126,12419272457293
775.1489,9.366246,775.1489,228.07516,12419272545887,12419308559480
711.8873,99.514824,711.8873,228.07516,12419308674480,12419340205782
643.91864,74.69167,711.8873,99.514824,12419340286616,12419374651147
672.9745,44.94571,711.8873,99.514824,12419374740782,12419411526720
688.70624,14.649942,688.70624,74.69167,12419411635782,12419444203855
740.56915,3.6559188,711.8873,44.94571,12419444376564,12419480115886
739.8025,20.023514,711.8873,20.023514,12419480245626,12419528942397
693.10596,30.27303,711.8873,30.27303,12419529041095,12419569225991
647.3694,-0.7063935,711.8873,20.023514,12419569319011,12419602666668
646.1955,-0.029203352,693.10596,20.023514,12419605697605,12419637990834
639.85095,-8.01582,647.3694,-0.029203352,12419638148491,12419668281772
635.3875,-0.65220237,646.1955,-0.029203352,12419669551928,12419703347032
622.01263,39.46674,639.85095,-0.029203352,12419703502866,12419736902084
595.9899,48.846996,635.3875,-0.029203352,12419737044063,12419771383438
618.806,48.26045,622.01263,39.46674,12419771505834,12419804283230
644.03406,16.682102,635.3875,16.682102,12419804374115,12419838210574
628.9246,22.10342,628.9246,22.10342,12419838392501,12419871693803
667.6676,20.272194,635.3875,20.272194,12419871788178,12419902934480
645.72565,69.234344,635.3875,22.10342,12419903961147,12419939710522
751.7392,84.389854,645.72565,22.10342,12419939860522,12419993743386
762.1275,104.506676,645.72565,69.234344,12419993842970,12420030814272
793.7837,87.95019,751.7392,84.389854,12420030929949,12420063405574
802.91077,100.94811,762.1275,87.95019,12420064317709,12420096437501
809.1106,113.49758,793.7837,87.95019,12420097952397,12420137248595
808.4119,119.94122,802.91077,100.94811,12420139125522,12420173736459
819.57684,105.18529,808.4119,105.18529,12420173824115,12420205254480
808.5663,70.63215,808.4119,100.94811,12420205432865,12420238959740
815.4342,104.03705,808.5663,104.03705,12420239050365,12420273844063
813.41516,99.47456,808.5663,100.94811,12420273992605,12420316755886
820.0797,134.92365,813.41516,104.03705,12420317804792,12420351116980
801.7956,124.515335,808.5663,104.03705,12420351274584,12420387581407
811.1395,139.49307,811.1395,124.515335,12420387677449,12420423804584
844.46155,117.817535,811.1395,117.817535,12420423922761,12420455160678
849.3204,119.5055,811.1395,119.5055,12420455320886,12420489561719
836.713,152.70135,836.713,119.5055,12420489709428,12420526784636
837.3149,149.30717,836.713,119.5055,12420526967449,12420561816615
832.3771,158.4045,836.713,149.30717,12420561969792,12420597291615
812.7615,145.68668,836.713,145.68668,12420597375417,12420631189376
835.7668,128.2859,835.7668,145.68668,12420631916303,12420669897084
841.1607,155.89098,836.713,145.68668,12420669985417,12420702504011
838.73236,136.26027,836.713,145.68668,12420702590834,12420735721719
844.67456,156.92215,838.73236,145.68668,12420736888438,12420770570678
840.5477,164.20058,838.73236,145.68668,12420770718178,12420805007240
837.8518,168.10268,838.73236,156.92215,12420805156667,12420839965521
813.78644,192.12344,838.73236,164.20058,12420840075678,12420891179636
831.4548,215.14885,837.8518,168.10268,12420891261928,12420923695886
812.396,219.37355,831.4548,192.12344,12420923799740,12420954128646
820.68353,231.45613,831.4548,215.14885,12420954215053,12420987420678
825.8221,197.60358,825.8221,197.60358,12420987510313,12421020307605
825.47217,198.73303,825.8221,198.73303,12421020422657,12421052633386
824.9239,217.65216,825.8221,198.73303,12421052729844,12421083931615
842.2275,217.71841,825.8221,198.73303,12421084830209,12421116477969
845.057,216.68166,825.8221,216.68166,12421116630365,12421147544375
845.30743,236.85336,842.2275,216.68166,12421147709688,12421181300834
846.4319,241.62894,845.057,216.68166,12421181469480,12421214593594
841.7624,217.73125,842.2275,217.73125,12421214779375,12421251346407
864.12836,234.29666,845.057,217.73125,12421251521615,12421286672188
874.32806,241.78868,845.057,217.73125,12421286806354,12421317728646
864.54663,301.86285,864.12836,234.29666,12421317887709,12421353776563
872.91547,272.8486,864.54663,241.78868,12421353902188,12421392796146
872.9203,272.31467,864.54663,272.31467,12421392968438,12421424175677
873.9334,304.52512,872.91547,272.31467,12421424365157,12421454565573
865.58563,267.02075,865.58563,272.31467,12421454719636,12421487926719
873.54663,261.18375,872.91547,272.31467,12421488089792,12421520820261
891.1862,314.24615,872.91547,272.31467,12421520978490,12421552693125
889.2804,329.66357,873.54663,272.31467,12421552808386,12421587443438
898.3497,382.69775,889.2804,314.24615,12421587592552,12421618316875
880.54376,381.9347,880.54376,329.66357,12421618495625,12421649848959
897.1972,391.42883,889.2804,381.9347,12421650012344,12421685829688
887.52606,396.16867,887.52606,381.9347,12421685975573,12421715391458
896.2762,412.54245,889.2804,391.42883,12421715544427,12421749195156
889.41815,426.56473,889.2804,396.16867,12421749367292,12421792848229
879.5118,419.632,889.2804,412.54245,12421792925990,12421824519427
904.5014,425.36777,889.2804,419.632,12421824618229,12421855381771
891.1007,490.52145,889.2804,419.632,12421855585625,12421885703594
893.93823,388.37817,891.1007,419.632,12421885880156,12421916726719
887.16974,396.28082,889.2804,419.632,12421916869531,12421952274375
921.95306,518.6394,891.1007,419.632,12421952366354,12421982915781
807.1075,138.35477,889.2804,419.632,12421983129583,12422016832656
689.85126,663.2404,889.2804,419.632,12422017040781,12422055399010
722.0518,173.8844,807.1075,419.632,12422055556250,12422091972448
958.24506,22.690712,889.2804,419.632,12422092980469,12422124400365
958.2476,418.76572,889.2804,418.76572,12422124499479,12422153930625
943.1091,465.58893,943.1091,419.632,12422154039115,12422186802865
910.6508,388.87704,910.6508,418.76572,12422186905417,12422222027500
916.65607,358.12692,916.65607,418.76572,12422222137552,12422256171615
921.1405,408.8612,916.65607,408.8612,12422256249010,12422289255417
913.6345,389.36792,916.65607,408.8612,12422289355000,12422319341927
908.763,380.21902,916.65607,408.8612,12422319450365,12422350734219
907.3749,385.88162,913.6345,389.36792,12422350893646,12422380431771
912.15814,401.4325,912.15814,401.4325,12422380593177,12422411884844
900.8762,398.28555,912.15814,398.28555,12422412103542,12422444307396
897.3385,411.9739,912.15814,401.4325,12422444481667,12422481135989
891.22894,432.18967,900.8762,401.4325,12422481282031,12422513976406
913.2322,408.5664,912.15814,408.5664,12422514158802,12422545742031
921.27997,438.86423,912.15814,408.5664,12422545899375,12422579404375
912.867,411.59415,912.867,408.5664,12422579563594,12422622905104
910.4723,421.96896,912.15814,411.59415,12422623066562,12422654233125
907.8237,454.2732,912.15814,411.59415,12422654412656,12422694748594
908.10065,453.0791,910.4723,421.96896,12422695705312,12422729795260
928.0765,411.4562,912.15814,411.59415,12422731564375,12422766144166
895.8472,455.69623,910.4723,421.96896,12422767506406,12422804137031
885.42664,464.81387,910.4723,421.96896,12422804209739,12422841910573
893.4584,501.01868,895.8472,455.69623,12422842491666,12422875304271
924.294,470.05673,910.4723,464.81387,12422876228021,12422909449948
938.5626,459.0029,910.4723,459.0029,12422909608489,12422950978593
937.6931,454.51825,924.294,459.0029,12422951146875,12422981904687
927.525,498.05545,927.525,459.0029,12422982052708,12423015586770
927.14404,495.85495,927.14404,459.0029,12423015742604,12423050780885
933.7158,545.66425,927.525,495.85495,12423050955312,12423081065729
946.4347,612.3883,927.525,495.85495,12423081201979,12423114168125
948.3162,593.4292,933.7158,545.66425,12423114337968,12423146183854
943.31757,573.4521,943.31757,573.4521,12423146281927,12423178885052
927.4834,597.2438,933.7158,573.4521,12423179194010,12423209705312
929.6876,565.103,933.7158,573.4521,12423209811145,12423245209114
946.16144,613.25696,933.7158,573.4521,12423245311302,12423276815364
948.23834,563.93536,933.7158,573.4521,12423276992604,12423309625677
941.1964,556.7465,941.1964,573.4521,12423309811093,12423345790208
946.18524,563.16156,941.1964,563.93536,12423345969270,12423385850781
948.299,634.0762,941.1964,573.4521,12423386012812,12423417982135
944.44916,627.20874,944.44916,573.4521,12423418072708,12423447687604
939.1398,664.90356,941.1964,627.20874,12423447856770,12423477629114
933.65656,685.8535,941.1964,627.20874,12423477792499,12423518168281
940.5985,654.0243,940.5985,654.0243,12423518267239,12423550328854
941.27216,714.3817,941.1964,654.0243,12423550433281,12423589137916
939.8308,688.2657,940.5985,654.0243,12423589229687,12423623726406
924.69916,634.9478,940.5985,654.0243,12423624081510,12423681994531
956.4689,726.0265,940.5985,654.0243,12423682096718,12423732709687
962.88354,670.177,940.5985,654.0243,12423732813020,12423768158176
954.3019,741.57227,954.3019,670.177,12423768256301,12423804276197
959.26624,767.4573,954.3019,670.177,12423804395312,12423838483906
959.1506,764.7908,954.3019,741.57227,12423838577031,12423884659218
962.9993,751.5428,959.1506,751.5428,12423884818853,12423920612708
953.2741,773.05145,954.3019,751.5428,12423920717603,12423950914947
954.13367,770.12964,954.3019,751.5428,12423951904895,12423986027656
955.3912,798.64294,954.3019,770.12964,12423986105885,12424015498228
954.5095,835.80634,954.3019,770.12964,12424015667083,12424048380051
952.3213,798.7139,954.3019,798.64294,12424048557135,12424089251353
945.5238,837.7305,954.3019,798.7139,12424089542656,12424127002708
955.178,816.86304,954.3019,798.7139,12424127175989,12424162133124
955.3525,855.9389,954.3019,816.86304,12424162280885,12424198224947
966.5637,888.1182,955.178,816.86304,12424198313228,12424231376978
962.1635,874.3883,955.3525,855.9389,12424232768437,12424267899843
956.9349,886.5844,956.9349,874.3883,12424267965312,12424296862499
979.63245,918.71765,956.9349,874.3883,12424297656666,12424331863541
974.31573,911.3812,956.9349,886.5844,12424331931405,12424361969114
969.9632,869.8694,969.9632,874.3883,12424362073489,12424394566666
981.5291,914.79645,969.9632,886.5844,12424394655832,12424428536145
991.4218,923.29706,969.9632,886.5844,12424428623541,12424459693853
998.27313,934.58636,981.5291,914.79645,12424461442187,12424492074062
1001.1088,1005.3167,991.4218,923.29706,12424492857187,12424525312291
992.0145,966.9037,992.0145,934.58636,12424527557499,12424561023437
991.82916,976.2259,991.82916,966.9037,12424561122239,12424593924218
1001.47455,939.0573,992.0145,939.0573,12424595013228,12424626743645
994.40515,945.41016,992.0145,945.41016,12424627361822,12424657332759
997.1444,962.561,994.40515,945.41016,12424659977395,12424702247759
1007.6929,986.7578,994.40515,945.41016,12424702326197,12424735778957
1005.0886,968.33765,997.1444,962.561,12424735879687,12424774586457
999.4309,942.29346,999.4309,945.41016,12424774730780,12424807389791
1004.08167,955.1102,999.4309,955.1102,12424807541770,12424843622916
1010.17316,966.33295,999.4309,955.1102,12424843779061,12424876572499
1014.3215,1013.7859,1004.08167,955.1102,12424876721301,12424907677186
1017.55975,1077.7107,1010.17316,966.33295,12424907765624,12424939486041
1008.43286,1041.9581,1008.43286,1013.7859,12424939636353,12424970870884
1021.8798,948.67426,1010.17316,966.33295,12424970990676,12425003022343
1011.8186,1071.4126,1010.17316,1013.7859,12425005055103,12425037312447
1016.963,1066.9387,1011.8186,1013.7859,12425037416926,12425069226353
1027.3169,971.43085,1011.8186,1013.7859,12425069310468,12425102053697
1011.282,1019.5526,1011.8186,1013.7859,12425102158645,12425138118228
1031.7544,1000.91235,1011.8186,1013.7859,12425138239791,12425169560884
1008.5757,1123.0448,1011.8186,1013.7859,12425169844634,12425209544322
1041.3629,1017.86176,1011.8186,1013.7859,12425209647030,12425242955259
1017.4234,1136.0388,1011.8186,1017.86176,12425243112447,12425275483280
1030.9877,1103.2207,1017.4234,1017.86176,12425275621613,12425307493905
1006.69305,1209.901,1011.8186,1103.2207,12425307654999,12425343698540
1022.3925,1152.2601,1017.4234,1103.2207,12425343868072,12425374157030
1024.9163,1165.3539,1017.4234,1152.2601,12425374308957,12425408955780
1025.0352,1198.0752,1022.3925,1152.2601,12425409128228,12425441318020
1018.7796,1283.1174,1018.7796,1165.3539,12425441474999,12425478703124
1018.2348,1177.6473,1018.7796,1177.6473,12425478887082,12425529754061
1011.40533,1272.3713,1018.7796,1177.6473,12425529856092,12425564584374
1014.41846,1272.8357,1018.2348,1177.6473,12425565469217,12425599153801
1018.15466,1309.2521,1018.15466,1272.3713,12425599236092,12425635932811
1015.6328,1346.2133,1018.15466,1272.8357,12425636084894,12425672257342
1020.5904,1314.9965,1018.15466,1309.2521,12425672395207,12425709794478
1028.6528,1302.0791,1018.15466,1302.0791,12425710039686,12425758846092
1023.3585,1299.0127,1020.5904,1302.0791,12425758986822,12425792267186
1024.8611,1252.6543,1023.3585,1302.0791,12425792351613,12425825371197
1029.176,1238.666,1023.3585,1299.0127,12425826665780,12425859020311
1019.49866,1280.6233,1023.3585,1280.6233,12425859190415,12425893431301
1038.527,1186.6769,1023.3585,1280.6233,12425893517342,12425926688696
1026.3711,1299.0514,1023.3585,1280.6233,12425926841665,12425965426353
1018.73627,1251.1206,1023.3585,1280.6233,12425966292394,12426001129217
1025.4738,1300.394,1023.3585,1280.6233,12426002093384,12426035008280
1022.9003,1436.8516,1023.3585,1280.6233,12426035162342,12426067419269
1007.69025,1367.3821,1023.3585,1300.394,12426067592186,12426102384842
1013.85474,1387.7272,1022.9003,1367.3821,12426102547603,12426142565415
1006.9958,1390.2917,1013.85474,1367.3821,12426143793176,12426178387394
1028.9381,1406.8418,1022.9003,1387.7272,12426178491561,12426209611717
1016.1109,1527.7465,1016.1109,1390.2917,12426209776457,12426241644634
1004.9856,1460.0828,1016.1109,1406.8418,12426241790363,12426274441196
990.32196,1563.008,1016.1109,1460.0828,12426274596405,12426306217603
1008.11163,1481.3198,1008.11163,1460.0828,12426306361196,12426339658384
1016.8122,1457.5837,1016.1109,1460.0828,12426339818384,12426371566821
1000.1702,1478.9668,1008.11163,1460.0828,12426371727915,12426403133123
1015.5931,1457.2585,1015.5931,1460.0828,12426403269998,12426437878644
993.78204,1516.5349,1008.11163,1460.0828,12426438060415,12426475084009
1010.2612,1472.2429,1010.2612,1460.0828,12426475246040,12426508182394
1003.15826,1545.0948,1008.11163,1472.2429,12426508326300,12426543574217
989.43475,1602.3641,1008.11163,1472.2429,12426543752446,12426575871352
1026.6042,1543.0126,1008.11163,1543.0126,12426576076977,12426612139113
1015.11383,1570.0061,1008.11163,1543.0126,12426612234582,12426677853175
1025.0066,1598.7205,1015.11383,1543.0126,12426677951821,12426714922550
1026.3079,1595.2736,1015.11383,1570.0061,12426715021352,12426747848800
1008.39435,1518.7458,1015.11383,1543.0126,12426747968488,12426783117602
1020.7962,1542.0413,1015.11383,1543.0126,12426783255467,12426816782029
1018.9699,1553.435,1015.11383,1543.0126,12426816948175,12426867385311
1014.30096,1539.5311,1015.11383,1543.0126,12426867773071,12426899928592
1022.0812,1545.9424,1015.11383,1543.0126,12426900117498,12426936715154
1036.2377,1571.202,1015.11383,1543.0126,12426936825259,12426970477446
1023.555,1633.2941,1022.0812,1545.9424,12426970636144,12427005103852
1023.73065,1646.3364,1023.555,1571.202,12427005214738,12427036332498
1020.88354,1665.7477,1022.0812,1633.2941,12427036436248,12427071444009
1000.82556,1593.9094,1022.0812,1593.9094,12427071622446,12427103278540
1001.8824,1698.2399,1020.88354,1633.2941,12427103414894,12427138107081
999.8774,1686.7625,1001.8824,1633.2941,12427138256509,12427174177394
995.0772,1690.5336,1001.8824,1686.7625,12427174271977,12427206377915
991.6178,1673.8953,999.8774,1673.8953,12427206510883,12427244286248
990.5915,1695.0505,995.0772,1686.7625,12427244388383,12427279077498
1003.9826,1659.8466,999.8774,1673.8953,12427279179061,12427308712290
1006.3448,1662.9172,999.8774,1673.8953,12427308851352,12427346289529
995.4221,1719.0288,999.8774,1673.8953,12427346382186,12427379492602
999.47455,1758.4915,999.8774,1673.8953,12427379590988,12427413836977
1003.54,1783.36,999.8774,1719.0288,12427414861717,12427453159529
991.69586,1748.0518,999.8774,1748.0518,12427453348800,12427485561977
989.4567,1752.9781,999.8774,1748.0518,12427485707915,12427515085154
981.0967,1823.7656,991.69586,1748.0518,12427515218748,12427547834217
984.3974,1872.0569,989.4567,1752.9781,12427547975519,12427579630519
986.0376,1899.9791,986.0376,1823.7656,12427579768488,12427611985831
987.5379,1860.7019,987.5379,1860.7019,12427612163383,12427648899217
992.1664,1897.9836,987.5379,1860.7019,12427649222133,12427684949425
981.90796,1904.5531,987.5379,1860.7019,12427685112133,12427724747758
991.3994,1866.0651,987.5379,1866.0651,12427724926977,12427764597654
974.76874,1864.6818,987.5379,1864.6818,12427764735883,12427796276300
970.60834,1882.5435,987.5379,1866.0651,12427796885310,12427829564373
968.75665,1869.481,974.76874,1866.0651,12427830525623,12427861217758
984.52527,1839.2908,984.52527,1866.0651,12427862248800,12427896780831
976.63776,1839.9674,976.63776,1866.0651,12427898313852,12427931555206
967.8107,1832.4058,976.63776,1839.9674,12427931698956,12427965147602
949.436,1852.4634,976.63776,1852.4634,12427966084217,12427998116560
945.9611,1884.4523,967.8107,1852.4634,12427999022654,12428032706873
953.0935,1902.3495,953.0935,1852.4634,12428034039060,12428068872185
948.62573,1931.5797,953.0935,1884.4523,12428070359477,12428115058227
943.43256,1943.4215,953.0935,1902.3495,12428115158591,12428153199164
948.198,1928.7711,948.62573,1928.7711,12428153284581,12428187400987
960.1137,1931.3132,953.0935,1928.7711,12428187563175,12428218520675
954.19934,1963.2113,953.0935,1928.7711,12428218654529,12428250105571
948.3913,1999.6709,953.0935,1931.3132,12428250204789,12428282059529
946.48517,1992.6349,953.0935,1963.2113,12428282243904,12428313966091
938.04156,2005.6735,948.3913,1992.6349,12428314114164,12428347302185
950.8461,1988.0591,950.8461,1988.0591,12428347475779,12428378826873
942.7869,1992.3524,948.3913,1992.3524,12428378992029,12428410150779
926.15735,2021.0732,948.3913,1992.3524,12428410259998,12428445545414
932.56396,1983.3903,942.7869,1992.3524,12428445723331,12428482926039
943.2576,1995.0005,943.2576,1992.3524,12428483116508,12428513817498
941.5285,2024.6138,942.7869,1992.3524,12428513996091,12428544352498
931.5406,2001.5544,942.7869,1995.0005,12428544648956,12428576470779
916.4962,2027.9841,941.5285,2001.5544,12428576545466,12428620606039
919.08044,2019.613,931.5406,2001.5544,12428620716248,12428651146300
935.7714,1995.5934,935.7714,2001.5544,12428651249633,12428681526664
925.68176,1975.7601,931.5406,2001.5544,12428681618331,12428713485206
925.04565,1925.812,931.5406,1995.5934,12428713652602,12428745458435
953.9462,1904.2705,931.5406,1975.7601,12428745607550,12428777159581
968.62573,1859.9285,931.5406,1925.812,12428777259789,12428809639633
962.5856,1877.6958,953.9462,1904.2705,12428809740727,12428844844997
975.45703,1880.5426,962.5856,1880.5426,12428845018435,12428880054529
975.75446,1842.0514,962.5856,1880.5426,12428881170675,12428917066247
974.28076,1812.1562,974.28076,1880.5426,12428917201768,12428949805362
970.1117,1812.2721,970.1117,1842.0514,12428949970831,12428982717602
963.0553,1865.3759,970.1117,1865.3759,12428982869164,12429016129581
960.24457,1866.345,970.1117,1865.3759,12429016258904,12429048657081
957.06067,1873.2173,963.0553,1865.3759,12429048827654,12429081755154
946.0559,1929.9774,960.24457,1866.345,12429081857237,12429115856508
947.61145,1922.5358,957.06067,1873.2173,12429116040466,12429147413435
924.82153,1958.0493,947.61145,1922.5358,12429147566299,12429177619893
929.89984,1959.3325,947.61145,1922.5358,12429177774060,12429210326091
913.81714,1928.749,929.89984,1928.749,12429210488226,12429245659424
921.1586,1920.8693,929.89984,1922.5358,12429245802237,12429279665935
940.2768,1937.7589,929.89984,1928.749,12429282031456,12429317174633
934.6991,1902.4276,929.89984,1922.5358,12429317311508,12429348925362
924.1226,1931.2472,929.89984,1928.749,12429349122653,12429379663539
946.5169,1894.6897,929.89984,1922.5358,12429379804528,12429411059112
936.8491,1929.022,929.89984,1928.749,12429411234581,12429449216872
933.2314,1920.019,933.2314,1922.5358,12429449393174,12429478419893
933.27405,1934.3685,933.2314,1928.749,12429478592549,12429513426351
939.0014,1972.379,933.2314,1928.749,12429513671403,12429549648487
940.55225,1949.1123,933.27405,1934.3685,12429549742601,12429583720258
919.561,1644.6366,933.2314,1928.749,12429583849737,12429616458903
757.7299,1014.2984,933.2314,1928.749,12429616638487,12429645668903
805.1555,910.29614,919.561,1644.6366,12429645840778,12429678761508
955.544,1385.0554,933.2314,1385.0554,12429679809580,12429712805362
945.2108,1817.9888,933.2314,1644.6366,12429712984997,12429746025883
901.5577,1883.5466,933.2314,1644.6366,12429746195570,12429793347601
926.2043,1872.692,933.2314,1817.9888,12429793441091,12429826389841
915.76056,1937.8939,926.2043,1872.692,12429826480935,12429856737080
899.62854,1939.2782,926.2043,1872.692,12429862317289,12429903501976
892.49915,1949.9335,915.76056,1937.8939,12429903618226,12429940993174
895.7931,1989.7256,899.62854,1939.2782,12429941088955,12430002583382
914.9964,1989.7734,914.9964,1949.9335,12430002675674,12430060678122
931.9683,1982.0714,914.9964,1982.0714,12430060758851,12430092389997
944.43604,1983.9144,914.9964,1982.0714,12430092512341,12430123047393
924.94867,2015.4891,924.94867,1982.0714,12430126493747,12430159314320
939.1131,1965.1035,924.94867,1982.0714,12430159612757,12430195697080
925.89294,1973.0425,924.94867,1982.0714,12430197319164,12430231022236
928.937,1965.1089,925.89294,1973.0425,12430231109216,12430263600570
911.5591,1936.2401,924.94867,1973.0425,12430263752861,12430295863278
915.6525,1905.2236,924.94867,1965.1089,12430296080674,12430332295361
914.5432,1953.9153,915.6525,1953.9153,12430332440257,12430363862861
905.8931,1981.4065,915.6525,1965.1089,12430363964736,12430398158174
880.8363,1992.2196,914.5432,1965.1089,12430398257497,12430434987028
870.786,2042.1296,905.8931,1981.4065,12430435078695,12430472230101
871.9057,2033.5322,880.8363,1992.2196,12430472317445,12430507494684
894.00885,2017.3015,894.00885,2017.3015,12430507794216,12430545228486
864.9617,2010.6365,880.8363,2010.6365,12430545414632,12430582785986
893.1118,2015.4313,893.1118,2015.4313,12430582938643,12430618814007
886.2874,1998.1084,886.2874,2010.6365,12430618895361,12430649737549
909.9907,2007.2468,893.1118,2010.6365,12430649877080,12430681542080
904.5064,1991.2855,893.1118,2007.2468,12430681651455,12430718928643
887.36017,1974.7953,893.1118,2007.2468,12430719073538,12430752129788
896.25696,1973.5653,893.1118,1991.2855,12430752877080,12430788059736
895.21265,1994.8077,893.1118,1994.8077,12430788153070,12430820980205
865.26495,2009.9558,893.1118,1994.8077,12430821105778,12430858040101
905.1432,1995.7545,893.1118,1994.8077,12430858197236,12430891672236
854.3464,2023.0448,893.1118,1995.7545,12430891805570,12430921943955
841.2496,2073.3042,893.1118,1995.7545,12430922061247,12430953211247
855.3839,2053.5488,855.3839,2023.0448,12430953299580,12430986223747
833.80505,2090.2366,855.3839,2053.5488,12430986305101,12431044794528
812.3073,2105.991,855.3839,2053.5488,12431044901820,12431085519424
796.1484,2106.2493,833.80505,2090.2366,12431085615257,12431117971090
813.8794,2095.6946,813.8794,2095.6946,12431118142705,12431153866663
825.9575,2082.4404,825.9575,2090.2366,12431154656767,12431186391455
835.0442,2088.9978,825.9575,2090.2366,12431186482392,12431217932601
799.2338,2124.6553,825.9575,2090.2366,12431218017809,12431252608747
824.0739,2053.9595,825.9575,2090.2366,12431252724111,12431287098434
835.3384,2101.2834,825.9575,2090.2366,12431288180778,12431322247757
801.82666,2096.7888,825.9575,2090.2366,12431322412496,12431355958226
840.9805,2024.6469,825.9575,2090.2366,12431356131819,12431385876455
835.4945,2093.0212,825.9575,2090.2366,12431385990153,12431418094580
813.73706,2081.871,825.9575,2090.2366,12431418170986,12431452985257
861.7002,2042.5052,825.9575,2090.2366,12431453080934,12431483489163
839.0476,2046.0013,825.9575,2081.871,12431483581767,12431517875569
831.03107,2050.6848,831.03107,2050.6848,12431517970257,12431554382340
820.06085,2075.7354,825.9575,2075.7354,12431554488746,12431587592080
807.64294,2084.0244,825.9575,2075.7354,12431588269476,12431623662080
795.47784,2091.1565,820.06085,2075.7354,12431623817132,12431663141715
780.9178,2091.0522,807.64294,2084.0244,12431663289580,12431699212913
796.3757,2082.987,796.3757,2082.987,12431699620882,12431735106819
744.871,2140.4907,796.3757,2084.0244,12431735187861,12431774071455
744.23126,2160.7102,796.3757,2084.0244,12431774234475,12431806147028
778.19727,2103.1895,778.19727,2103.1895,12431806312496,12431844471715
768.43427,2127.969,778.19727,2103.1895,12431844594788,12431875774788
768.38495,2076.7642,778.19727,2103.1895,12431875937132,12431910799475
786.41425,2123.634,778.19727,2103.1895,12431910975569,12431947467444
742.37885,2107.7341,778.19727,2103.1895,12431947601923,12431979875934
768.2401,2095.8765,778.19727,2103.1895,12431980230413,12432009676350
739.94385,2103.3752,768.2401,2103.1895,12432009776350,12432046025152
796.242,2089.1914,778.19727,2103.1895,12432046143069,12432081506142
780.3677,2105.389,778.19727,2103.1895,12432081645465,12432111682340
774.9463,2104.6428,778.19727,2103.1895,12432111858173,12432143837132
739.30597,2110.7202,778.19727,2104.6428,12432144047965,12432177561246
773.00183,2097.2012,774.9463,2103.1895,12432177730048,12432208958694
747.48517,2110.6077,773.00183,2104.6428,12432209116090,12432239805152
762.22766,2096.344,773.00183,2103.1895,12432239959944,12432273666923
770.97437,2083.5232,770.97437,2103.1895,12432273841350,12432309840048
735.4407,2073.8667,770.97437,2096.344,12432309999840,12432342718277
768.887,2104.1929,770.97437,2103.1895,12432342881038,12432378656663
707.428,2107.6433,768.887,2103.1895,12432378823277,12432413907652
758.2711,2087.508,768.887,2103.1895,12432414073850,12432445580777
774.25574,2050.3171,768.887,2103.1895,12432445680152,12432486954006
778.73737,2030.9285,768.887,2087.508,12432487044111,12432524993121
817.33813,1972.0752,774.25574,2050.3171,12432525131611,12432556833121
704.2134,1144.1215,768.887,2030.9285,12432557007861,12432591438329
720.5421,1369.5157,768.887,1972.0752,12432591551559,12432625806871
733.53424,701.2236,733.53424,1369.5157,12432625974527,12432664124840
873.5109,1837.9634,768.887,1837.9634,12432664261611,12432699040308
759.3885,1996.9733,759.3885,1837.9634,12432699749736,12432733950413
789.67737,1966.0472,768.887,1837.9634,12432734088486,12432772998590
779.5679,2065.9539,768.887,1966.0472,12432773155465,12432807161611
797.533,2056.0535,779.5679,1966.0472,12432807330048,12432842835413
802.9234,2042.5613,779.5679,2042.5613,12432843014163,12432878039840
777.29407,2061.3894,779.5679,2042.5613,12432878190048,12432911692756
775.3286,2048.1973,779.5679,2042.5613,12432912137860,12432944059788
755.0586,2036.9889,777.29407,2042.5613,12432944233329,12432992639475
754.80316,2039.6083,775.3286,2042.5613,12432992734631,12433032578225
690.1454,2025.1411,755.0586,2039.6083,12433032708798,12433067161142
691.62177,2072.5332,754.80316,2042.5613,12433067307496,12433098731090
723.9718,2041.5902,723.9718,2041.5902,12433100609162,12433135302340
686.6179,2097.986,723.9718,2042.5613,12433135831246,12433171088069
666.8533,2050.6428,723.9718,2042.5613,12433171247340,12433220391610
657.8129,2062.8064,686.6179,2050.6428,12433221011037,12433251792392
675.0669,2062.1707,675.0669,2050.6428,12433251976662,12433282356610
687.30365,2032.0894,686.6179,2050.6428,12433282459423,12433313289058
676.08276,2023.6163,676.08276,2050.6428,12433313401194,12433344895725
651.016,2028.6912,676.08276,2032.0894,12433344992027,12433378303589
606.5255,2039.7252,676.08276,2039.7252,12433378392808,12433410426454
638.0008,2041.9999,651.016,2039.7252,12433410592496,12433446522444
617.8296,2052.903,638.0008,2039.7252,12433446614214,12433495821923
646.7767,2004.488,646.7767,2039.7252,12433495918798,12433531012235
648.0493,1987.6398,646.7767,2039.7252,12433531764683,12433565210621
622.0305,1980.522,646.7767,2004.488,12433565353069,12433597293277
621.5981,1986.9181,646.7767,1987.6398,12433597743329,12433630395360
608.8101,1979.5345,622.0305,1986.9181,12433630499319,12433669999371
619.9719,1999.7653,621.5981,1987.6398,12433670157704,12433722333537
627.48755,1988.0818,622.0305,1987.6398,12433722434058,12433757150152
612.0122,1989.2866,621.5981,1988.0818,12433757242964,12433792276141
612.00714,1974.5033,621.5981,1987.6398,12433793817496,12433828300048
615.2729,2017.2042,615.2729,1988.0818,12433828390464,12433875659423
613.06915,1969.5542,615.2729,1987.6398,12433875742964,12433912101975
608.5519,1948.9362,615.2729,1987.6398,12433912214318,12433944292235
587.2288,1980.7008,613.06915,1980.7008,12433944449631,12433978200933
623.23804,1942.4393,615.2729,1980.7008,12433978305412,12434012379214
608.2519,1986.1924,613.06915,1980.7008,12434012540881,12434046561766
576.4717,2006.3967,613.06915,1980.7008,12434046798433,12434077211350
628.04596,1966.2104,613.06915,1980.7008,12434077315048,12434111286506
606.27136,1983.1603,613.06915,1980.7008,12434111380256,12434143098902
618.4392,1945.4669,613.06915,1980.7008,12434143504422,12434179229370
578.5969,1958.9369,613.06915,1980.7008,12434179380568,12434219832704
569.242,1913.3966,613.06915,1958.9369,12434220143850,12434252614839
523.9625,1925.0013,578.5969,1958.9369,12434252711714,12434283294787
556.0579,1878.8387,569.242,1925.0013,12434283390308,12434321577808
572.1044,1917.1246,572.1044,1925.0013,12434321751662,12434356416454
530.2108,1915.918,569.242,1917.1246,12434356492183,12434390628329
593.2066,1949.9708,572.1044,1925.0013,12434390777860,12434428204839
529.04486,1915.2711,569.242,1917.1246,12434429864370,12434464403485
542.7708,1879.8313,569.242,1917.1246,12434464490308,12434497497079
583.5321,1858.4196,569.242,1915.2711,12434497635516,12434540334735
580.4952,1856.079,569.242,1879.8313,12434540423433,12434576962026
598.36597,1918.8756,580.4952,1915.2711,12434577061454,12434606889839
612.2567,1931.4503,580.4952,1915.2711,12434607053433,12434642665933
578.558,1933.4352,580.4952,1918.8756,12434642770776,12434676831454
549.1418,1935.777,580.4952,1931.4503,12434676939995,12434737468224
556.3812,1885.5775,578.558,1918.8756,12434737586662,12434772248589
603.53186,1898.1361,580.4952,1918.8756,12434772346922,12434807248953
511.68097,1954.622,578.558,1918.8756,12434807409995,12434839424318
498.2308,1933.5284,578.558,1918.8756,12434839585360,12434875454631
549.44745,1878.159,549.44745,1918.8756,12434875597495,12434910011558
504.08408,1813.2965,549.44745,1918.8756,12434910099370,12434943895099
498.42722,1767.7019,549.44745,1878.159,12434945141766,12434982430464
525.1072,1761.1553,525.1072,1813.2965,12434982591922,12435034562964
471.72482,1840.432,525.1072,1840.432,12435034658901,12435068875151
483.63644,1736.4058,525.1072,1813.2965,12435069033433,12435104957391
489.55344,1740.1852,489.55344,1813.2965,12435105057287,12435141884943
474.50864,1803.6844,489.55344,1803.6844,12435141984891,12435174991714
488.94437,1727.5029,489.55344,1803.6844,12435175086349,12435213868693
494.89963,1707.0104,489.55344,1803.6844,12435214901505,12435246667755
478.65915,1742.7024,489.55344,1742.7024,12435246833693,12435281498589
434.99948,1667.6329,489.55344,1742.7024,12435281658537,12435313571714
525.2696,1692.8928,489.55344,1742.7024,12435313735151,12435344895099
496.49866,1699.7368,489.55344,1699.7368,12435345082755,12435376370620
524.7499,1708.9294,496.49866,1708.9294,12435376835776,12435409775568
485.14246,1716.814,489.55344,1708.9294,12435410030203,12435447051557
488.77448,1718.5848,489.55344,1708.9294,12435447228328,12435477547130
493.4249,1724.7909,489.55344,1716.814,12435477712182,12435526962807
468.01523,1676.2853,489.55344,1708.9294,12435527094057,12435565995880
489.88956,1697.7489,489.55344,1708.9294,12435566094526,12435600480099
466.8446,1685.211,489.55344,1697.7489,12435600588380,12435633523432
479.02896,1643.5076,489.55344,1697.7489,12435633690672,12435668446505
428.43695,1740.66,479.02896,1697.7489,12435668579630,12435704077911
467.57812,1631.4904,479.02896,1697.7489,12435704243120,12435736816766
685.51245,879.35583,479.02896,1697.7489,12435736969786,12435770088432
574.0265,1148.0916,479.02896,1631.4904,12435770217078,12435802949682
610.39734,529.6603,574.0265,1148.0916,12435803053224,12435836461922
425.32037,1279.9235,479.02896,1279.9235,12435836565724,12435867737859
430.92584,1463.6019,479.02896,1279.9235,12435867824422,12435898742703
427.69934,1517.6205,430.92584,1279.9235,12435898904213,12435933929578
411.9371,1554.2886,430.92584,1463.6019,12435934090099,12435965431297
386.6883,1467.5677,427.69934,1467.5677,12435965602182,12435998738745
393.7113,1524.3268,411.9371,1467.5677,12435998836453,12436037184266
405.35986,1585.3793,405.35986,1467.5677,12436037282234,12436070376349
408.68112,1573.1798,408.68112,1524.3268,12436070749838,12436104945515
427.3633,1593.9171,408.68112,1573.1798,12436105040307,12436140728849
416.03967,1580.1735,408.68112,1573.1798,12436140822286,12436176944370
407.63422,1559.4264,408.68112,1573.1798,12436177103068,12436208996193
396.1276,1506.0017,408.68112,1573.1798,12436209170099,12436240100047
373.91028,1512.0123,407.63422,1559.4264,12436240212286,12436277612286
385.5654,1528.1785,396.1276,1528.1785,12436277773484,12436320658276
380.18994,1536.1213,385.5654,1536.1213,12436320818901,12436366920255
368.69022,1489.6005,385.5654,1528.1785,12436367029890,12436402557130
365.31213,1503.7091,380.18994,1528.1785,12436402648432,12436434500724
367.21643,1441.6787,368.69022,1503.7091,12436434649578,12436474754474
438.01938,1369.5001,380.18994,1503.7091,12436474899734,12436506198484
428.92404,1427.7035,380.18994,1441.6787,12436506289057,12436546874682
382.51126,1421.4092,382.51126,1427.7035,12436546986922,12436578229630
375.78482,1472.4866,380.18994,1441.6787,12436578401505,12436610046088
333.80222,1482.986,380.18994,1441.6787,12436610225515,12436643270619
336.4452,1450.3019,375.78482,1450.3019,12436643444526,12436675913536
320.13547,1383.2036,336.4452,1441.6787,12436676145932,12436718300619
368.4336,1419.9047,368.4336,1441.6787,12436718382807,12436751140463
350.49094,1350.1821,350.49094,1419.9047,12436751236765,12436786680619
373.01767,1351.232,368.4336,1419.9047,12436786854630,12436821295463
334.59662,1290.9153,350.49094,1351.232,12436821387390,12436858896296
313.7234,1334.0814,350.49094,1351.232,12436860818119,12436896325463
316.6051,1256.7576,334.59662,1334.0814,12436896423432,12436931075984
308.3407,1269.909,316.6051,1334.0814,12436931237234,12436964280203
316.73215,1222.878,316.73215,1269.909,12436964426817,12436996442234
294.05905,1276.7429,316.6051,1276.7429,12436996577911,12437039063432
289.82404,1250.129,316.6051,1269.909,12437039208432,12437076661088
283.50876,1213.3307,294.05905,1269.909,12437077248744,12437113669109
287.40598,1240.0215,289.82404,1250.129,12437113769630,12437146197598
278.65347,1183.462,287.40598,1240.0215,12437146389161,12437177379630
312.66138,1241.9718,289.82404,1241.9718,12437177522911,12437211064630
298.8236,1221.4121,289.82404,1240.0215,12437211180098,12437244305775
302.6994,1217.9983,298.8236,1240.0215,12437244409421,12437277861296
318.01175,1132.9127,298.8236,1221.4121,12437278016140,12437311636505
313.69363,1166.6774,302.6994,1217.9983,12437311749838,12437345348536
322.7003,1168.6338,313.69363,1168.6338,12437345516557,12437375747807
318.07553,1138.5089,313.69363,1168.6338,12437375919213,12437429247911
312.3147,1160.7405,313.69363,1168.6338,12437429356661,12437464682859
331.16586,1140.0245,313.69363,1160.7405,12437464875515,12437499444317
296.75443,1097.5067,313.69363,1160.7405,12437499588432,12437531755411
328.98044,1135.5115,313.69363,1140.0245,12437531844786,12437565438432
331.40103,1129.1411,313.69363,1135.5115,12437565545932,12437604867130
312.30386,1103.8811,313.69363,1135.5115,12437605026088,12437637904004
272.12134,1138.945,313.69363,1135.5115,12437638068067,12437670162754
265.41302,1093.583,312.30386,1135.5115,12437670405463,12437707212963
254.63928,1048.7361,272.12134,1135.5115,12437707301661,12437741214890
251.72908,1031.6241,265.41302,1093.583,12437741386088,12437777636557
260.33194,1086.8344,260.33194,1086.8344,12437777751557,12437827356452
222.1427,1003.3775,260.33194,1086.8344,12437827450879,12437862534525
229.76503,979.6712,260.33194,1086.8344,12437864086765,12437894776244
219.86427,987.6164,229.76503,1003.3775,12437903201817,12437938329317
225.18962,1020.8218,229.76503,1020.8218,12437938499213,12437970983640
212.23106,973.79193,225.18962,1003.3775,12437971146348,12438004693327
226.4568,951.7038,226.4568,1003.3775,12438004847859,12438046934265
211.543,933.2076,225.18962,973.79193,12438047674734,12438094740358
225.52913,940.24744,225.52913,951.7038,12438094834317,12438127512338
225.65335,954.2126,225.52913,954.2126,12438127598692,12438159405879
236.31462,883.80206,225.52913,951.7038,12438159555254,12438194169786
222.22565,911.8165,225.52913,951.7038,12438194308275,12438226779213
221.25316,876.975,225.52913,911.8165,12438227980983,12438259650202
209.15121,865.9124,222.22565,911.8165,12438260588223,12438295825306
225.78497,844.6146,225.52913,876.975,12438297131348,12438331833588
230.0739,813.85614,225.52913,865.9124,12438333581452,12438364867233
202.24489,794.5633,225.52913,844.6146,12438364952754,12438398198796
198.98398,808.8004,225.52913,813.85614,12438398282858,12438431711296
185.93433,819.80414,202.24489,819.80414,12438432176504,12438464646296
185.75725,840.97034,198.98398,819.80414,12438465407494,12438496664265
182.97247,836.22815,185.93433,819.80414,12438498068588,12438529340306
173.55826,798.73694,185.75725,819.80414,12438530273744,12438561587546
177.99223,780.09186,182.97247,819.80414,12438563028067,12438600873640
177.06477,771.1649,177.99223,798.73694,12438601395515,12438639209369
167.69722,765.75354,177.99223,780.09186,12438639347910,12438672738535
173.67517,732.9906,177.06477,771.1649,12438672895150,12438708707754
172.69711,736.1696,173.67517,765.75354,12438708863431,12438746644525
172.4741,713.4287,173.67517,736.1696,12438746807181,12438784147181
182.09923,699.53625,173.67517,736.1696,12438785076192,12438816493587
167.11574,704.7633,173.67517,713.4287,12438816600202,12438849200775
151.31895,738.429,173.67517,736.1696,12438849309681,12438879531921
150.50354,699.5789,167.11574,713.4287,12438879705098,12438914840827
141.33185,710.0099,151.31895,713.4287,12438914932077,12438945735723
179.5636,584.27563,167.11574,710.0099,12438945910410,12438978866660
182.11052,616.1687,167.11574,710.0099,12438979006712,12439014207910
182.24258,651.60443,179.5636,651.60443,12439014298952,12439049215150
198.40823,619.61865,182.11052,651.60443,12439049331973,12439085374264
175.48738,573.60925,179.5636,651.60443,12439085843223,12439118440462
171.60945,630.7847,179.5636,630.7847,12439118612389,12439150945931
185.20847,517.9395,179.5636,630.7847,12439151163327,12439183304993
167.30505,505.87347,179.5636,630.7847,12439183408535,12439219193066
175.29486,472.07855,179.5636,517.9395,12439219413275,12439251163639
176.34097,482.53574,176.34097,505.87347,12439251327910,12439282266712
187.04591,427.89508,179.5636,482.53574,12439282381400,12439315727910
184.21333,432.34402,179.5636,482.53574,12439316404733,12439347848066
182.47366,441.23535,182.47366,441.23535,12439347955410,12439380035566
186.99759,457.03323,182.47366,457.03323,12439380134004,12439414612754
213.74762,407.02496,182.47366,441.23535,12439414715827,12439447855150
181.07576,449.85507,182.47366,449.85507,12439447946816,12439506001295
199.28998,466.4994,182.47366,449.85507,12439506101243,12439544403952
175.89284,433.10986,182.47366,449.85507,12439544549993,12439580434733
193.89822,424.58493,182.47366,449.85507,12439581600723,12439620666712
194.5149,428.8366,182.47366,433.10986,12439620759629,12439651522493
188.53485,469.53146,188.53485,449.85507,12439651692337,12439684464525
203.6062,446.49295,188.53485,446.49295,12439684633952,12439718348639
179.69446,471.00845,188.53485,449.85507,12439718537597,12439752668066
186.89362,440.36002,188.53485,446.49295,12439752844316,12439785100879
185.89633,449.53177,186.89362,449.53177,12439785272545,12439821099785
210.80188,391.313,188.53485,446.49295,12439821212024,12439850601035
192.10559,435.71768,188.53485,446.49295,12439851556660,12439882801972
195.90233,404.19476,192.10559,435.71768,12439882944785,12439914067285
200.07928,410.2203,192.10559,435.71768,12439915395722,12439946314056
196.9813,394.2068,195.90233,410.2203,12439946407493,12439979287181
196.96394,387.36935,196.96394,410.2203,12439979391087,12440011157024
205.8554,367.74084,196.96394,394.2068,12440011253847,12440047607545
221.33609,344.2793,196.96394,387.36935,12440047719004,12440079734368
227.47911,344.13168,205.8554,367.74084,12440079829941,12440112626920
229.94585,308.3333,221.33609,344.2793,12440112714941,12440147046816
226.65016,293.4712,226.65016,344.13168,12440147450254,12440179768014
224.0905,323.4259,224.0905,323.4259,12440179866347,12440223323326
211.67183,340.02112,224.0905,340.02112,12440223521764,12440255140618
206.72034,331.31107,224.0905,331.31107,12440255295097,12440288421035
226.64526,339.48785,224.0905,339.48785,12440288588066,12440324962285
178.26399,287.1743,224.0905,331.31107,12440325079368,12440359942649
177.35535,235.69415,224.0905,331.31107,12440360195358,12440393937806
188.79683,247.15411,188.79683,287.1743,12440395733431,12440434343483
181.62955,234.85432,188.79683,247.15411,12440434438222,12440467104472
186.96617,263.94354,188.79683,263.94354,12440468333639,12440504647285
181.47067,195.82669,186.96617,247.15411,12440504732493,12440535762910
167.8016,214.64178,186.96617,247.15411,12440535888118,12440570272805
167.25752,213.26335,181.47067,214.64178,12440570357545,12440600708639
172.71622,191.82599,172.71622,214.64178,12440600874108,12440631443430
170.48401,178.48386,172.71622,213.26335,12440637904368,12440667740462
170.55458,186.01988,172.71622,191.82599,12440669432597,12440701276555
167.16278,208.39282,170.55458,208.39282,12440701364837,12440732625253
185.26035,233.82376,172.71622,208.39282,12440732709420,12440762226868
202.34613,201.17712,172.71622,208.39282,12440763824837,12440794316972
194.91467,209.88744,185.26035,208.39282,12440794658326,12440826446607
177.57228,215.00146,177.57228,208.39282,12440829448066,12440859363847
183.92203,222.48038,183.92203,209.88744,12440861106816,12440893083795
179.14293,226.98239,179.14293,215.00146,12440894063274,12440927433274
197.03825,252.70348,183.92203,222.48038,12440928591972,12440961520982
188.33926,223.5644,183.92203,223.5644,12440964470930,12440997846295
206.0396,224.13843,188.33926,223.5644,12440997919472,12441030579941
213.67738,209.86485,188.33926,223.5644,12441032500045,12441063657337
191.25505,203.84871,191.25505,223.5644,12441065936034,12441099820930
202.24814,229.88068,191.25505,223.5644,12441099969784,12441131810878
224.53162,156.85054,191.25505,223.5644,12441131884420,12441164356451
221.39621,185.59447,202.24814,223.5644,12441166643222,12441197708691
214.87656,219.99901,214.87656,219.99901,12441198563222,12441235878378
215.07242,187.06706,214.87656,219.99901,12441236093534,12441267967232
196.23785,219.97441,214.87656,219.99901,12441268583014,12441299125826
186.4367,178.05197,214.87656,219.97441,12441299273639,12441332051607
218.07066,205.46422,214.87656,219.97441,12441332213586,12441367893691
210.50978,215.3589,214.87656,215.3589,12441368065670,12441401198638
212.59279,229.58855,214.87656,219.97441,12441401302180,12441434888743
211.61469,235.54448,212.59279,219.97441,12441435682701,12441469760982
220.6538,195.03949,214.87656,219.97441,12441469858534,12441504241711
215.35527,166.89946,214.87656,219.97441,12441504333482,12441539638691
224.65494,205.14656,215.35527,205.14656,12441539796868,12441571761555
232.99931,150.33174,215.35527,205.14656,12441571920461,12441611336868
242.98163,168.00647,224.65494,205.14656,12441611439368,12441642951815
255.58162,120.9142,232.99931,168.00647,12441643303795,12441676522961
271.3363,131.22945,242.98163,168.00647,12441677579263,12441711056399
255.78676,125.21811,255.58162,131.22945,12441711208899,12441747111295
257.82114,112.198494,255.78676,131.22945,12441747300513,12441779609732
236.30275,189.72615,255.58162,131.22945,12441779774263,12441812291347
221.3799,166.76266,255.58162,131.22945,12441812461867,12441850129732
246.55505,113.04147,246.55505,131.22945,12441850304107,12441881884472
240.62697,111.13679,246.55505,131.22945,12441882050253,12441914187597
246.937,80.18572,246.55505,113.04147,12441914304784,12441948543899
241.50691,78.41996,246.55505,111.13679,12441948634472,12441978946399
246.2465,73.2691,246.55505,80.18572,12441979108326,12442010175565
232.47847,95.52948,246.2465,95.52948,12442010352128,12442043690513
244.59567,106.85556,246.2465,95.52948,12442043844367,12442076238326
214.40416,136.397,244.59567,95.52948,12442076395149,12442109988222
256.54572,121.130806,246.2465,106.85556,12442110145930,12442145869367
255.70328,125.0449,246.2465,121.130806,12442146042649,12442190852388
241.67474,128.95045,246.2465,121.130806,12442191014159,12442226541034
272.82504,147.00389,246.2465,125.0449,12442226704263,12442258272909
223.1212,121.26728,246.2465,121.26728,12442259050565,12442289666555
235.70845,122.757515,246.2465,122.757515,12442289756555,12442325146763
239.78438,139.8234,239.78438,122.757515,12442325269003,12442357031971
223.08913,156.46014,239.78438,122.757515,12442357130253,12442387071659
244.9459,252.5544,239.78438,139.8234,12442387233690,12442427734471
531.6953,460.1335,239.78438,156.46014,12442427808013,12442459733534
604.9011,72.610504,244.9459,139.8234,12442464182857,12442499131867
287.1774,-7.0962615,287.1774,139.8234,12442499238065,12442536926451
225.5782,139.79948,244.9459,139.79948,12442537077180,12442570359003
229.42421,94.55546,244.9459,139.79948,12442572817701,12442606268794
212.96658,81.42667,229.42421,139.79948,12442606373794,12442640705305
219.61678,84.97434,229.42421,94.55546,12442640791763,12442674324836
205.2112,94.86592,219.61678,94.86592,12442674473534,12442710400565
212.1329,144.41241,219.61678,94.86592,12442710570513,12442748932961
190.45299,154.76482,212.1329,94.86592,12442749090253,12442781488273
201.33696,165.0271,212.1329,144.41241,12442781671971,12442813858117
205.31943,174.0887,205.31943,154.76482,12442813989680,12442848887492
206.93561,109.5737,206.93561,144.41241,12442849062909,12442904526659
217.7639,146.92299,206.93561,146.92299,12442904620513,12442939053482
217.75409,159.54526,206.93561,146.92299,12442939170409,12442971280357
232.10335,142.61496,217.75409,146.92299,12442971389107,12443005883325
219.58487,148.60004,217.75409,146.92299,12443006348846,12443043304471
222.1667,143.08702,219.58487,146.92299,12443043467805,12443076705721
230.79567,101.84181,219.58487,146.92299,12443076880461,12443115324315
234.19197,105.35193,222.1667,143.08702,12443115534992,12443148205877
230.77061,159.70459,230.77061,146.92299,12443148368742,12443181090565
213.89934,154.67523,222.1667,146.92299,12443181199367,12443211385513
210.66171,157.8656,222.1667,154.67523,12443211493013,12443242480096
228.57402,115.536415,222.1667,146.92299,12443243319784,12443275750252
215.49217,166.63019,222.1667,154.67523,12443277254888,12443311500773
227.978,140.38264,222.1667,146.92299,12443311603794,12443341926867
231.85031,127.40041,222.1667,146.92299,12443342090356,12443400259106
214.41399,172.64882,222.1667,146.92299,12443400358690,12443439759315
218.09738,167.14609,222.1667,146.92299,12443439905356,12443473652440
212.95363,170.39684,218.09738,167.14609,12443473746086,12443506843534
221.3661,162.07518,221.3661,162.07518,12443507007961,12443542852804
215.63832,144.61449,218.09738,162.07518,12443543004575,12443584522856
222.36955,132.87143,221.3661,162.07518,12443584685877,12443620543846
228.87256,125.26983,221.3661,144.61449,12443620693950,12443652754315
229.62726,154.699,222.36955,154.699,12443652840981,12443685353638
222.86336,166.14005,222.86336,154.699,12443685559940,12443715601867
221.4468,165.03723,222.36955,154.699,12443715754783,12443760710669
213.4163,167.80536,222.36955,165.03723,12443760804679,12443792852544
213.78099,127.4265,221.4468,154.699,12443794235513,12443825158377
217.29636,125.63911,217.29636,154.699,12443826493638,12443860874575
233.05032,78.42533,221.4468,127.4265,12443862120825,12443895251450
231.11998,81.47003,221.4468,125.63911,12443895402231,12443929840669
237.25737,105.22266,231.11998,105.22266,12443929924888,12443960682492
217.34235,161.88432,221.4468,125.63911,12443960825460,12443993204887
226.79607,167.63722,226.79607,125.63911,12443993620721,12444027538846
229.09578,171.08276,226.79607,161.88432,12444030157283,12444060997283
245.60687,169.30702,226.79607,167.63722,12444061087231,12444093527127
271.56223,161.45566,229.09578,161.88432,12444093618065,12444127175825
281.8032,170.86636,245.60687,167.63722,12444127964471,12444160303794
256.26346,141.406,256.26346,161.88432,12444162248012,12444192773950
305.94357,155.05838,256.26346,161.88432,12444194214106,12444226438429
283.06482,123.88786,256.26346,155.05838,12444226558169,12444258461242
288.84024,171.36395,283.06482,161.88432,12444260025200,12444292255460
262.3779,156.47722,262.3779,156.47722,12444292514939,12444322895564
272.66064,179.69763,272.66064,161.88432,12444323650304,12444366794002
238.75421,164.3931,262.3779,161.88432,12444366889783,12444397847439
238.92578,164.85718,262.3779,164.3931,12444397950304,12444432584887
240.94688,186.61792,240.94688,164.3931,12444433291033,12444468290825
249.57574,136.3613,249.57574,164.3931,12444468371346,12444501284419
245.70827,187.48586,245.70827,164.3931,12444501368064,12444539129731
248.94107,169.46034,248.94107,164.3931,12444539284054,12444573006866
249.64703,191.74306,248.94107,169.46034,12444573088846,12444606229783
261.39273,184.46051,248.94107,169.46034,12444606317283,12444639818325
236.09184,185.64912,248.94107,184.46051,12444639992700,12444673742960
244.41402,171.67395,248.94107,171.67395,12444673918793,12444707858898
248.6866,180.94238,248.6866,180.94238,12444708097908,12444739326762
244.46715,236.69768,248.6866,180.94238,12444739483012,12444778056450
239.6859,207.44807,248.6866,180.94238,12444778159418,12444812949366
252.5339,214.43446,248.6866,207.44807,12444813168950,12444846262595
257.59744,181.36436,248.6866,181.36436,12444846374939,12444881124054
250.43623,178.20937,250.43623,181.36436,12444881222543,12444915073845
251.869,178.88405,250.43623,181.36436,12444915169887,12444947910773
255.35808,166.0122,250.43623,178.88405,12444948034783,12444983481970
300.9088,128.61899,251.869,178.88405,12444983575304,12445026298950
270.1199,148.2689,255.35808,166.0122,12445026400877,12445060745668
285.4457,172.10037,270.1199,172.10037,12445060902543,12445094188220
277.6915,188.74596,270.1199,172.10037,12445094359470,12445126788429
273.07703,211.36044,273.07703,172.10037,12445126943845,12445158690512
265.32864,195.7649,270.1199,188.74596,12445158841554,12445190289991
259.86987,192.40204,270.1199,192.40204,12445190413741,12445222344939
288.9167,188.06612,270.1199,188.74596,12445226930929,12445259959366
264.79037,204.11313,270.1199,192.40204,12445261547960,12445292477647
268.29642,175.7765,270.1199,188.74596,12445292567647,12445322434835
268.86334,217.48961,268.86334,192.40204,12445324279106,12445358148481
286.87207,219.02536,270.1199,192.40204,12445358235824,12445389468429
265.6636,243.08037,268.86334,217.48961,12445391441449,12445422542491
271.86972,210.87317,270.1199,210.87317,12445424208324,12445455645668
299.0315,215.04979,270.1199,215.04979,12445456241345,12445495940460
296.64105,253.57275,271.86972,215.04979,12445496701189,12445531777179
269.50516,255.5692,270.1199,215.04979,12445531868429,12445565781397
284.61362,239.99855,271.86972,239.99855,12445565893845,12445603723116
295.76294,207.53308,271.86972,215.04979,12445603789262,12445636740929
281.4997,217.20409,281.4997,217.20409,12445636931501,12445670457856
299.93555,224.15295,281.4997,217.20409,12445670631762,12445705680929
295.9564,244.89636,281.4997,217.20409,12445705878689,12445739147647
290.01822,240.82726,290.01822,224.15295,12445739315460,12445770106606
305.78656,236.23357,290.01822,236.23357,12445770189522,12445806956189
280.11246,242.39992,290.01822,236.23357,12445807078064,12445844882491
287.9377,243.03764,290.01822,236.23357,12445844984470,12445877733481
293.17514,262.72894,290.01822,242.39992,12445877906866,12445909975251
297.5988,289.66,290.01822,243.03764,12445910165095,12445942914262
305.93213,266.4339,293.17514,262.72894,12445943080095,12445982363480
316.0235,279.69345,297.5988,266.4339,12445982860095,12446015315980
300.8799,290.90857,300.8799,266.4339,12446016340668,12446048360251
312.43158,274.2015,300.8799,274.2015,12446049410303,12446091558428
302.28308,302.7201,300.8799,274.2015,12446091650355,12446125351970
307.9181,307.7773,302.28308,274.2015,12446125441449,12446157364157
312.21674,282.6876,302.28308,282.6876,12446157452855,12446191898168
317.89694,286.62564,307.9181,282.6876,12446191994366,12446229934001
289.3246,328.80704,302.28308,282.6876,12446230076449,12446269146345
287.48166,350.3804,302.28308,286.62564,12446269299782,12446301772439
297.26782,328.8522,297.26782,328.80704,12446301852178,12446347629053
307.08008,343.04886,302.28308,328.8522,12446347905460,12446379253897
311.0725,333.35623,302.28308,328.8522,12446379509522,12446410248220
340.36084,304.58417,307.08008,328.8522,12446410345824,12446441795407
333.70132,315.17505,311.0725,328.8522,12446441902595,12446472542595
296.838,377.79977,307.08008,328.8522,12446472690043,12446505633220
269.76395,426.04025,307.08008,328.8522,12446505797491,12446537875720
303.23517,389.46442,303.23517,377.79977,12446538044574,12446569807699
309.95755,381.84067,307.08008,381.84067,12446569903376,12446601622439
299.63034,343.12198,303.23517,377.79977,12446601713064,12446636240511
319.83844,383.84555,307.08008,381.84067,12446636395824,12446666643584
305.34003,396.1752,305.34003,381.84067,12446666745876,12446698628532
331.271,363.8307,307.08008,381.84067,12446698796657,12446732300511
335.83633,364.1813,307.08008,381.84067,12446732485303,12446764761449
368.67493,395.3086,331.271,381.84067,12446764945772,12446796911501
355.18353,361.27582,335.83633,381.84067,12446797031605,12446828239991
342.81995,347.29135,342.81995,381.84067,12446828347074,12446859014782
344.45648,343.68436,342.81995,361.27582,12446859098636,12446889828741
359.40546,364.76263,342.81995,364.76263,12446890930095,12446921979261
368.38748,385.13068,344.45648,364.76263,12446923796709,12446953319470
363.6322,400.7326,359.40546,364.76263,12446956173324,12446989680668
364.77002,406.5887,363.6322,385.13068,12446991539366,12447026315199
357.29736,430.15836,359.40546,400.7326,12447026453793,12447062721240
388.6863,411.08682,363.6322,406.5887,12447062827022,12447095849730
390.74185,434.30936,363.6322,411.08682,12447096303688,12447134594365
405.73288,450.0704,388.6863,411.08682,12447135645095,12447169603220
415.6026,448.87793,390.74185,434.30936,12447169704209,12447200224626
392.15796,499.27356,392.15796,448.87793,12447200374470,12447233957074
370.4567,434.0779,390.74185,434.30936,12447234128063,12447280142438
379.4189,485.28525,390.74185,448.87793,12447280293845,12447312150772
379.59885,515.74603,379.59885,448.87793,12447312352803,12447344612907
387.97723,511.34247,387.97723,485.28525,12447344719626,12447379012595
381.626,528.5859,381.626,511.34247,12447379136605,12447410975615
374.2652,494.72028,381.626,494.72028,12447411092907,12447444083584
401.37576,535.03345,381.626,511.34247,12447444175824,12447477259105
432.43442,566.687,381.626,511.34247,12447477364261,12447518912178
373.37122,484.031,381.626,511.34247,12447519089938,12447556576501
412.1264,441.66168,381.626,511.34247,12447556743688,12447594985667
415.86313,521.9682,381.626,511.34247,12447595153428,12447626873584
455.27368,548.76,412.1264,511.34247,12447626976657,12447658754574
393.97354,562.0593,393.97354,521.9682,12447658857230,12447691412334
479.21658,576.977,412.1264,548.76,12447691516657,12447726375667
454.1231,572.4712,412.1264,562.0593,12447726471969,12447766385563
443.25827,550.4422,443.25827,550.4422,12447766494209,12447803113532
416.85822,519.54443,416.85822,550.4422,12447803229938,12447837901605
415.62057,552.3823,416.85822,550.4422,12447838004990,12447878328428
409.66788,587.8147,416.85822,550.4422,12447878465199,12447910395823
421.51917,583.6562,416.85822,552.3823,12447911267855,12447955099990
419.0564,676.19495,416.85822,583.6562,12447955209730,12447991651501
419.32104,654.7119,419.0564,583.6562,12447991744157,12448027392907
404.53925,651.64166,416.85822,651.64166,12448027599573,12448060453219
397.5582,634.59235,416.85822,634.59235,12448060573584,12448094922959
400.3042,632.7077,404.53925,634.59235,12448095094990,12448129503428
420.009,681.0826,416.85822,634.59235,12448129661448,12448162277230
391.25827,712.88745,404.53925,634.59235,12448162446813,12448193005928
417.3299,757.1784,416.85822,681.0826,12448193119105,12448224546657
446.06757,704.6353,416.85822,704.6353,12448224652646,12448259179157
421.4439,673.91486,417.3299,681.0826,12448259648428,12448291721553
442.61923,639.0629,421.4439,681.0826,12448291807178,12448325132021
517.50824,685.8639,421.4439,681.0826,12448325220563,12448358978427
506.75165,696.418,442.61923,681.0826,12448359800094,12448395664365
518.0582,738.70966,506.75165,685.8639,12448395764782,12448430642802
490.45267,703.26874,490.45267,696.418,12448430741084,12448468368271
517.93524,759.5807,506.75165,703.26874,12448468514105,12448502120615
532.6597,798.8861,506.75165,703.26874,12448502297125,12448537289782
509.36615,815.21313,509.36615,759.5807,12448537433271,12448569843896
507.48834,887.698,507.48834,798.8861,12448569944782,12448602325094
550.60376,876.0673,509.36615,815.21313,12448602439625,12448635335511
486.479,912.89984,507.48834,876.0673,12448635449990,12448667494157
506.08978,954.06647,507.48834,876.0673,12448667591292,12448699709990
470.37143,966.67664,506.08978,912.89984,12448700789990,12448736990511
460.80002,1011.4241,506.08978,954.06647,12448737088219,12448775828844
466.70013,1030.7571,470.37143,966.67664,12448776284886,12448813732750
537.35547,1000.0431,506.08978,1000.0431,12448813888375,12448847980250
531.6853,1051.638,506.08978,1000.0431,12448848210563,12448881946500
543.1335,1065.8817,531.6853,1000.0431,12448882113688,12448911158688
586.28406,1094.254,531.6853,1051.638,12448911303271,12448942203896
544.6452,1061.4819,543.1335,1061.4819,12448943290354,12448975349469
572.64233,1054.467,544.6452,1054.467,12448975488584,12449007566240
573.81006,1039.7686,544.6452,1054.467,12449008538011,12449042204208
587.10406,1089.3478,572.64233,1054.467,12449043266813,12449083134833
608.8266,1091.968,573.81006,1054.467,12449083307021,12449116799365
619.45544,1075.0703,587.10406,1075.0703,12449116892958,12449146874573
578.4421,1140.7152,578.4421,1075.0703,12449146974781,12449176909573
610.30786,1179.7764,587.10406,1075.0703,12449177085094,12449217474521
613.6384,1143.9136,587.10406,1140.7152,12449217559104,12449251349365
626.6628,1170.1792,610.30786,1143.9136,12449251444521,12449283838792
604.43945,1191.6333,604.43945,1143.9136,12449284076396,12449316100510
603.4035,1149.3075,604.43945,1149.3075,12449316276083,12449347330354
614.11035,1192.8573,604.43945,1149.3075,12449347515146,12449379801604
623.7958,1173.1746,604.43945,1149.3075,12449379976031,12449411227854
608.5953,1124.7495,608.5953,1149.3075,12449411401396,12449444943635
611.2988,1134.6592,608.5953,1149.3075,12449445069365,12449476986240
590.6334,1143.7042,608.5953,1143.7042,12449477143167,12449512821917
633.71375,1200.2604,608.5953,1149.3075,12449512998583,12449550837594
568.847,1214.7405,608.5953,1149.3075,12449551008219,12449585830250
659.28973,1216.7253,608.5953,1200.2604,12449586853479,12449618773167
647.4186,1199.805,608.5953,1199.805,12449619827333,12449673053010
640.9851,1235.9103,640.9851,1200.2604,12449673193375,12449707319364
636.30853,1275.4716,636.30853,1200.2604,12449707455094,12449737820719
637.43933,1178.4766,637.43933,1200.2604,12449737917854,12449772551708
660.6675,1175.1255,637.43933,1200.2604,12449772676292,12449805905146
613.36176,1305.559,637.43933,1200.2604,12449806961656,12449843095510
621.2736,1288.096,637.43933,1200.2604,12449843240875,12449875137489
621.5361,1253.8173,621.5361,1253.8173,12449875331083,12449927117854
631.76086,1371.9192,631.76086,1253.8173,12449927209416,12449961256969
576.3554,1190.7953,621.5361,1253.8173,12449961392333,12449996572854
400.7162,875.63086,621.5361,1253.8173,12449996729364,12450030079364
359.96243,669.7381,576.3554,1190.7953,12450030176135,12450065145094
308.66333,626.8442,400.7162,875.63086,12450065285875,12450098514000
352.96805,626.97845,359.96243,669.7381,12450098681135,12450134306291
389.21802,615.6263,389.21802,626.97845,12450136742281,12450170248010
396.38327,650.86346,389.21802,650.86346,12450170361291,12450204414625
370.53525,635.8631,389.21802,635.8631,12450204780979,12450238301343
388.31757,709.42316,389.21802,650.86346,12450238429052,12450269888583
421.4244,704.3194,389.21802,650.86346,12450269992541,12450321417177
469.3712,975.39777,389.21802,704.3194,12450321500510,12450356177645
481.43552,993.93726,421.4244,704.3194,12450357609520,12450398896187
495.68063,971.9516,469.3712,971.9516,12450399060250,12450431544989
435.7272,996.99634,435.7272,971.9516,12450431711968,12450465410979
530.486,1180.9181,469.3712,971.9516,12450465565250,12450502954677
630.69147,459.54047,469.3712,971.9516,12450503064833,12450537674625
582.0347,952.23114,530.486,971.9516,12450537836864,12450568916187
752.8491,135.67276,582.0347,952.23114,12450569005197,12450601898843
541.3745,754.321,541.3745,952.23114,12450601996968,12450634341656
538.412,799.7237,541.3745,799.7237,12450634440927,12450670237906
509.64554,805.4298,541.3745,805.4298,12450670733739,12450706395510
488.09787,743.00073,538.412,799.7237,12450706490250,12450744233895
445.92776,704.206,509.64554,799.7237,12450744373374,12450790023427
501.7284,780.737,501.7284,780.737,12450790122541,12450826145718
491.26437,806.3874,501.7284,799.7237,12450826292645,12450861011760
469.8839,838.23206,501.7284,799.7237,12450861173010,12450894328322
423.20596,820.6625,491.26437,806.3874,12450894421864,12450931704416
403.73315,960.6101,469.8839,820.6625,12450931817437,12450965522072
428.1128,882.25964,428.1128,820.6625,12450965608270,12450997362385
429.87344,938.1221,429.87344,882.25964,12450997450822,12451038768166
470.3379,907.9014,429.87344,882.25964,12451038970979,12451070647229
450.86588,954.7744,429.87344,907.9014,12451070802072,12451105759781
425.07266,987.1122,429.87344,907.9014,12451106110406,12451137681447
389.2498,965.85657,429.87344,954.7744,12451137855458,12451171526604
369.7374,1047.0244,425.07266,965.85657,12451171748635,12451210070926
365.90115,1021.58984,389.2498,965.85657,12451210163218,12451246885249
361.58603,1021.4047,369.7374,1021.4047,12451247043947,12451282173895
361.25595,984.98834,365.90115,984.98834,12451282270822,12451313886916
379.31998,948.6635,369.7374,984.98834,12451316264572,12451347751603
444.05923,1190.9199,369.7374,984.98834,12451352515770,12451392431916
599.1445,1017.3713,379.31998,984.98834,12451392542906,12451427586187
669.44574,1369.607,444.05923,1017.3713,12451427681864,12451470301239
770.6757,253.46048,599.1445,984.98834,12451470798895,12451500975353
574.5331,959.4236,574.5331,984.98834,12451501085770,12451535938322
