x_raw,y_raw,x_filtered,y_filtered,gaze_timestamp,record_timestamp
780.7008,1120.7463,666.76764,2045.0851,617214069881320,617214132483299
718.04456,1102.671,687.9422,2045.0851,617214132633976,617214181550174
696.7176,1145.408,696.7176,1145.408,617214181681111,617214216374601
764.0787,1111.1019,696.7176,1145.408,617214216514445,617214261569549
960.8511,1229.8198,696.7176,1145.408,617214261735851,617214298551320
955.86115,1256.1011,764.0787,1145.408,617214298719497,617214339053091
975.0329,1259.1674,955.86115,1229.8198,617214339191684,617214377024913
970.2289,1220.2611,955.86115,1220.2611,617214377286528,617214415848872
953.025,1209.3745,955.86115,1220.2611,617214415994393,617214460038768
318.792,1298.8009,955.86115,1220.2611,617214460202413,617214497874601
231.0689,1344.1095,953.025,1220.2611,617214498013351,617214542142882
197.34343,1327.2482,318.792,1298.8009,617214542280330,617214585159809
164.61028,1323.7457,231.0689,1323.7457,617214585348663,617214625599965
159.41895,1321.7573,197.34343,1321.7573,617214625731007,617214675786476
498.24,1263.9911,231.0689,1321.7573,617214675954340,617214709601736
640.8286,1250.8613,231.0689,1321.7573,617214709803195,617214753437361
576.8137,1224.1324,498.24,1263.9911,617214753586267,617214785293403
614.5444,1230.623,576.8137,1250.8613,617214785471892,617214818831007
615.1903,1216.7196,576.8137,1230.623,617214819005434,617214852526163
566.165,1234.1578,576.8137,1234.1578,617214852702205,617214888432934
496.88635,1274.607,576.8137,1234.1578,617214888601997,617214926974184
454.92007,1344.0844,566.165,1234.1578,617214927126163,617214967046424
410.36792,1368.7891,496.88635,1274.607,617214967197257,617215000812882
425.00833,1446.7379,454.92007,1344.0844,617215000994653,617215032412049
363.36395,1390.3911,425.00833,1368.7891,617215032586476,617215066917049
339.05032,1394.148,425.00833,1390.3911,617215067068299,617215098696632
518.8227,1339.3456,425.00833,1368.7891,617215098831840,617215131332309
590.6781,1333.4318,425.00833,1368.7891,617215131461580,617215166614340
633.3407,1325.2391,518.8227,1339.3456,617215167114132,617215197862205
633.6165,1301.9182,590.6781,1333.4318,617215197998715,617215228356840
715.97687,1307.4547,633.3407,1325.2391,617215228614288,617215261270851
771.65137,1299.5071,633.6165,1307.4547,617215261394861,617215290588090
846.1608,1339.1818,715.97687,1325.2391,617215290910226,617215323563455
800.48175,1357.1937,771.65137,1325.2391,617215323727621,617215359520382
217.35013,1582.6903,715.97687,1339.1818,617215359681371,617215394177726
235.8372,1516.4429,715.97687,1357.1937,617215394342882,617215427591423
184.21828,1513.8394,235.8372,1513.8394,617215427769757,617215461000538
208.39175,1552.3995,235.8372,1513.8394,617215461174809,617215500999184
174.50458,1535.7213,208.39175,1513.8394,617215501180017,617215533873819
276.56314,1603.647,235.8372,1535.7213,617215533991944,617215564814288
316.94012,1581.3387,235.8372,1535.7213,617215569768194,617215601953038
317.9609,1511.9949,276.56314,1535.7213,617215603609444,617215636574444
405.9258,1541.2535,316.94012,1535.7213,617215642287048,617215688111632
917.8569,839.78217,317.9609,1535.7213,617215688220173,617215719215173
929.4751,719.2551,405.9258,1535.7213,617215719371580,617215763005486
932.74396,707.00586,917.8569,839.78217,617215763142361,617215795505173
927.075,714.45306,927.075,719.2551,617215795669496,617215828164757
925.23956,707.1937,925.23956,714.45306,617215828336267,617215861614861
932.399,733.2986,927.075,719.2551,617215861767569,617215893699132
947.18335,757.73016,927.075,719.2551,617215893877882,617215924860538
965.1057,761.9587,932.399,733.2986,617215924988142,617215963215121
970.7121,745.0062,947.18335,745.0062,617215963390225,617215994755694
971.64386,764.5998,965.1057,745.0062,617215994919288,617216027032829
656.23773,1085.887,947.18335,745.0062,617216027139548,617216057274965
256.4774,1844.0808,947.18335,764.5998,617216057443871,617216091350069
320.5748,1826.3701,656.23773,1085.887,617216091550954,617216128572309
286.86755,1825.4254,320.5748,1825.4254,617216128728923,617216160367413
287.10138,1850.9661,320.5748,1825.4254,617216160548819,617216192197829
291.3201,1793.3506,291.3201,1825.4254,617216192362048,617216225413090
315.0341,1816.1306,315.0341,1825.4254,617216225591684,617216262257152
717.14813,1816.7533,315.0341,1816.7533,617216262429548,617216297244079
732.60925,1787.5488,315.0341,1816.7533,617216297402152,617216328381684
743.70264,1782.8094,717.14813,1816.7533,617216328535017,617216359806527
755.5604,1734.0662,732.60925,1787.5488,617216359980590,617216391172465
743.0545,1735.489,743.0545,1782.8094,617216391292308,617216430299131
775.6236,1720.2075,743.0545,1735.489,617216430481996,617216460467986
825.59796,1738.3901,743.0545,1738.3901,617216460599548,617216493708454
822.8932,1740.5209,775.6236,1738.3901,617216493892152,617216524307152
832.7609,1759.3207,822.8932,1738.3901,617216524485433,617216566906527
861.63477,1715.8925,822.8932,1738.3901,617216567042673,617216598710694
528.47845,1266.7261,822.8932,1738.3901,617216598860277,617216633707985
403.78122,843.0171,822.8932,1715.8925,617216633862777,617216664220381
430.3168,822.09454,528.47845,1266.7261,617216664375173,617216696557725
414.41425,838.1155,430.3168,843.0171,617216696709756,617216727129288
375.05566,861.39716,430.3168,861.39716,617216727321527,617216758182881
404.68323,854.00543,414.41425,854.00543,617216758370173,617216798727256
653.33325,783.5592,430.3168,854.00543,617216798868194,617216829647881
703.1427,817.05817,430.3168,854.00543,617216829836683,617216860821996
742.6253,806.12244,653.33325,817.05817,617216860942777,617216890977100
765.1514,787.4272,703.1427,817.05817,617216891157100,617216921549444
788.7598,801.871,742.6253,806.12244,617216921659965,617216953378037
801.3587,755.1549,765.1514,801.871,617216953510173,617216990054548
801.1876,705.1761,788.7598,801.871,617216990209860,617217025185694
578.9142,736.37646,765.1514,755.1549,617217025395902,617217060909235
178.38998,886.96906,765.1514,801.871,617217061044808,617217090895173
161.31099,917.3591,578.9142,801.871,617217091097725,617217127239912
187.438,916.8328,187.438,886.96906,617217127386683,617217157420017
180.90338,895.6872,187.438,895.6872,617217157587048,617217198416319
174.46396,908.7364,187.438,895.6872,617217198599600,617217229787673
161.84499,879.7648,180.90338,895.6872,617217229945121,617217260764339
152.468,910.6701,174.46396,895.6872,617217260956058,617217291230798
164.85342,888.30347,164.85342,895.6872,617217291382256,617217322763089
180.27858,879.78986,174.46396,895.6872,617217322910381,617217356374444
151.50073,895.8673,164.85342,895.6872,617217356534496,617217387183871
162.02567,938.98553,164.85342,895.6872,617217387320694,617217421745694
352.50824,1148.491,164.85342,895.8673,617217421912985,617217454867308
389.5621,1178.596,164.85342,938.98553,617217454988194,617217510915850
433.49133,1243.8905,352.50824,1148.491,617217511138141,617217542173558
410.0233,1275.9434,389.5621,1178.596,617217542304183,617217577165121
404.57053,1292.1671,404.57053,1243.8905,617217577282152,617217609936006
428.16138,1277.6471,404.57053,1275.9434,617217610164912,617217641997568
413.96884,1312.0474,404.57053,1277.6471,617217642146318,617217674607516
431.19406,1246.6743,413.96884,1275.9434,617217674743871,617217705991214
490.44907,1306.5808,413.96884,1277.6471,617217707213089,617217740794912
793.99854,1295.8304,431.19406,1277.6471,617217740925693,617217774710433
820.16266,1215.3949,490.44907,1277.6471,617217774844131,617217806365173
801.60333,1221.5044,793.99854,1277.6471,617217806473193,617217838693818
765.7631,1196.6155,765.7631,1221.5044,617217839190589,617217871650537
747.60803,1214.6506,765.7631,1221.5044,617217873296423,617217909963818
645.1198,1183.9055,765.7631,1214.6506,617217910119287,617217941921475
544.8298,1144.404,747.60803,1214.6506,617217942078922,617217976236995
505.62164,1156.1658,645.1198,1183.9055,617217976426006,617218011982620
566.8798,1112.0148,566.8798,1156.1658,617218012273089,617218047918610
443.28915,1165.2866,566.8798,1165.2866,617218048044652,617218078723454
490.6079,1121.3656,566.8798,1156.1658,617218078901683,617218111982047
478.94553,1152.438,490.6079,1156.1658,617218112186839,617218143746214
473.36633,1129.7106,490.6079,1152.438,617218143901631,617218177093558
512.80316,1142.1194,490.6079,1152.438,617218177214027,617218206229652
514.44836,1159.3652,490.6079,1152.438,617218206358610,617218237902256
828.11926,1144.7251,512.80316,1152.438,617218238601110,617218280518506
817.543,1147.4603,514.44836,1152.438,617218280664704,617218314317099
826.0292,1150.858,817.543,1150.858,617218314436058,617218347712412
841.2029,1123.1113,817.543,1150.858,617218347844391,617218380953870
824.9533,1159.3138,824.9533,1150.858,617218381097308,617218414475849
835.073,1209.2794,824.9533,1150.858,617218414620068,617218467650589
806.8081,1176.1499,824.9533,1159.3138,617218467747829,617218516652204
768.03217,1127.6816,824.9533,1150.858,617218516766422,617218561149703
205.38121,1304.583,806.8081,1159.3138,617218561271787,617218596821995
192.04846,1297.4023,768.03217,1159.3138,617218596965485,617218628677724
195.37952,1302.7104,205.38121,1297.4023,617218628847047,617218665744495
196.0483,1275.3312,196.0483,1275.3312,617218665892672,617218698753297
213.67389,1363.999,205.38121,1297.4023,617218698884964,617218730702933
262.53354,1280.7944,205.38121,1280.7944,617218730853662,617218766231058
600.29,1301.7357,213.67389,1297.4023,617218766438297,617218796256162
543.1132,1304.6371,262.53354,1297.4023,617218796416422,617218827906474
579.77515,1233.0807,543.1132,1297.4023,617218828074391,617218858618245
581.05133,1284.908,543.1132,1297.4023,617218858767255,617218889889547
608.6131,1227.1755,579.77515,1284.908,617218890040328,617218922170120
570.27826,1203.2126,570.27826,1284.908,617218922363766,617218953523662
506.63443,1139.8605,570.27826,1227.1755,617218953713089,617218989332828
464.00305,1132.8599,570.27826,1203.2126,617218989487985,617219019595797
429.21512,1109.5677,506.63443,1139.8605,617219019761005,617219055729130
405.90234,1122.6007,464.00305,1132.8599,617219055970224,617219088095432
424.49072,1143.3893,429.21512,1139.8605,617219088268662,617219122127568
428.50327,1142.938,428.50327,1139.8605,617219122274651,617219154180849
448.58395,1116.0663,429.21512,1139.8605,617219154365120,617219186783557
588.5545,1055.4813,429.21512,1139.8605,617219186961891,617219225506318
573.0174,1103.3043,448.58395,1116.0663,617219225670172,617219255427464
624.31036,1075.9375,573.0174,1103.3043,617219255613662,617219287730901
618.62695,1156.5686,573.0174,1116.0663,617219287907412,617219320166891
635.8167,1149.2186,618.62695,1116.0663,617219320351162,617219353467203
649.358,1085.853,618.62695,1116.0663,617219353648766,617219387877932
652.09094,1099.17,635.8167,1116.0663,617219388181422,617219438610172
637.3953,1100.1212,637.3953,1100.1212,617219438746578,617219469993401
809.67114,1112.9015,637.3953,1112.9015,617219470117255,617219500708349
850.7948,1149.6145,637.3953,1112.9015,617219500955328,617219531729964
848.6826,1200.7219,809.67114,1112.9015,617219533203818,617219569413714
839.0819,1163.0807,839.0819,1149.6145,617219569553141,617219609286161
850.90234,1147.3923,839.0819,1147.3923,617219609411474,617219639372984
872.2624,1128.4799,839.0819,1147.3923,617219639518193,617219672552932
839.957,1082.9119,839.957,1147.3923,617219672644911,617219703178036
835.54297,1103.3973,839.0819,1128.4799,617219703683245,617219740424443
826.72723,1121.5575,839.0819,1121.5575,617219740545693,617219771998141
847.36444,1131.8525,839.0819,1128.4799,617219772152984,617219804817411
856.2306,1162.961,839.0819,1128.4799,617219804932151,617219837584234
882.6197,1138.4332,847.36444,1131.8525,617219837719963,617219870053974
953.596,762.51984,856.2306,1128.4799,617219870178661,617219900619547
976.3747,733.7934,882.6197,1128.4799,617219903990953,617219937303870
981.17175,731.1954,953.596,762.51984,617219937407568,617219976838661
962.3396,766.4078,962.3396,766.4078,617219977019338,617220010999807
968.5157,753.2552,962.3396,762.51984,617220011111422,617220039738349
951.524,728.26855,962.3396,762.51984,617220039915484,617220070025745
931.52155,723.79486,962.3396,753.2552,617220070419911,617220101145692
313.61752,788.7142,951.524,762.51984,617220101298245,617220136198765
318.3759,846.9611,931.52155,762.51984,617220136365328,617220168975536
260.6754,809.33563,318.3759,788.7142,617220169117567,617220200562932
284.81516,804.1065,318.3759,804.1065,617220201144859,617220260156682
313.7665,811.77325,313.7665,804.1065,617220260268922,617220288838401
360.68423,801.2583,318.3759,804.1065,617220289014963,617220319508088
549.8455,744.4762,318.3759,804.1065,617220319681942,617220351140328
562.14954,740.25116,360.68423,801.2583,617220351312672,617220391526265
595.1939,729.5112,549.8455,744.4762,617220391676161,617220427378349
584.2194,744.95575,562.14954,744.95575,617220427509703,617220459036526
585.2933,703.83545,584.2194,744.4762,617220459183869,617220488317359
835.1002,779.73615,584.2194,744.95575,617220488487255,617220518799807
808.86597,785.7917,585.2933,744.95575,617220518977724,617220549748869
844.28955,757.3711,808.86597,757.3711,617220549921734,617220583524859
842.7033,747.97766,808.86597,747.97766,617220583687984,617220629529338
843.40784,749.87616,842.7033,749.87616,617220629704390,617220670935067
221.66676,1257.387,808.86597,749.87616,617220671091213,617220701614182
238.46515,1308.0466,808.86597,749.87616,617220702513869,617220735416838
231.00816,1296.8019,238.46515,1257.387,617220735863869,617220766465640
214.98746,1294.1044,238.46515,1294.1044,617220766913088,617220805960432
226.16748,1283.3551,231.00816,1283.3551,617220806084390,617220836576942
211.02327,1259.4894,226.16748,1283.3551,617220836701942,617220871110484
467.05264,1238.3309,231.00816,1283.3551,617220871261994,617220932101057
623.043,1294.471,231.00816,1283.3551,617220932235015,617220966721525
643.83673,1276.1046,467.05264,1283.3551,617220969410588,617220999152723
624.36884,1237.5289,623.043,1283.3551,617221003180900,617221037328036
665.9288,1222.2109,624.36884,1276.1046,617221038123296,617221070749078
583.2114,1315.6663,623.043,1283.3551,617221071536005,617221101045536
258.51752,1536.5411,623.043,1283.3551,617221101182671,617221133161578
230.12401,1546.2977,583.2114,1315.6663,617221133543765,617221166401109
252.40404,1519.425,258.51752,1519.425,617221166529025,617221199102307
240.33537,1535.1207,252.40404,1519.425,617221201933400,617221236365692
246.07552,1526.262,252.40404,1519.425,617221236963296,617221267224182
300.23227,1509.3846,252.40404,1519.425,617221267745900,617221300315380
447.01144,1551.8362,252.40404,1519.425,617221300460588,617221333577463
433.5236,1538.264,300.23227,1519.425,617221334665275,617221397844755
437.36563,1513.4694,433.5236,1519.425,617221398013036,617221436646786
487.57758,1484.945,433.5236,1519.425,617221436779859,617221468206004
467.3164,1469.5013,437.36563,1513.4694,617221468313817,617221499668765
407.0114,1547.4906,433.5236,1519.425,617221500746942,617221532773452
296.23907,1592.5474,433.5236,1519.425,617221534672775,617221566571890
303.4819,1563.2646,407.0114,1547.4906,617221568265848,617221600459338
266.7697,1629.6614,303.4819,1563.2646,617221602292619,617221631626109
326.23062,1583.8956,326.23062,1563.2646,617221633131681,617221665072879
280.83786,1587.1245,303.4819,1583.8956,617221671429859,617221708085692
277.3331,1581.598,303.4819,1581.598,617221708224911,617221742257567
459.99814,1491.9342,303.4819,1581.598,617221742392984,617221771551056
701.03143,1481.0134,303.4819,1581.598,617221772382515,617221803985692
681.2327,1453.9031,459.99814,1491.9342,617221804882723,617221835976681
698.8325,1476.7418,681.2327,1481.0134,617221837138140,617221872591681
700.6496,1409.6425,681.2327,1476.7418,617221872811629,617221901545379
678.48627,1441.7495,681.2327,1476.7418,617221902365119,617221933520431
697.1322,1431.0999,681.2327,1441.7495,617221936883765,617221967634650
670.4465,1398.7837,681.2327,1441.7495,617221971052775,617222001701942
753.52435,1349.0426,681.2327,1431.0999,617222002079598,617222032398140
795.15894,1352.5643,681.2327,1398.7837,617222034946265,617222066115535
824.459,1397.0443,753.52435,1397.0443,617222070071421,617222100535171
500.21228,1677.8125,681.2327,1398.7837,617222113590327,617222147768296
492.6179,1765.2252,681.2327,1398.7837,617222147901994,617222183245796
429.0267,1843.3552,500.21228,1677.8125,617222183370119,617222216178400
404.57504,1848.6342,492.6179,1765.2252,617222216351629,617222249359442
399.60455,1832.8445,429.0267,1832.8445,617222249496942,617222286522254
436.88034,1820.3068,436.88034,1820.3068,617222286660640,617222319445744
675.9822,1834.1289,436.88034,1832.8445,617222319611317,617222355815483
714.6514,1784.2366,436.88034,1820.3068,617222355960015,617222387725483
730.56805,1780.3577,675.9822,1820.3068,617222387873504,617222420683192
720.14557,1818.0978,714.6514,1818.0978,617222420838504,617222451714129
713.97986,1861.3739,713.97986,1820.3068,617222451891525,617222485455067
746.0096,1816.5577,714.6514,1818.0978,617222485630587,617222517329806
815.43756,1774.6348,714.6514,1818.0978,617222517483087,617222551864129
823.54517,1807.7559,746.0096,1816.5577,617222552095119,617222584359598
852.48474,1740.4983,815.43756,1807.7559,617222584516004,617222618117723
851.6583,1763.6093,823.54517,1807.7559,617222618262306,617222650367671
700.676,1768.0774,815.43756,1768.0774,617222650504546,617222683149598
633.92737,1785.422,815.43756,1785.422,617222683332410,617222717759650
619.7708,1768.1938,700.676,1768.1938,617222717880171,617222751336473
566.74896,1739.3868,633.92737,1768.1938,617222751495066,617222794023869
585.8484,1747.9355,619.7708,1768.1938,617222794139233,617222826173608
852.75464,1072.0695,633.92737,1747.9355,617222826307254,617222858569962
923.0736,558.5977,633.92737,1747.9355,617222858703504,617222889845744
946.09973,628.67596,852.75464,1072.0695,617222890010431,617222922229546
941.2007,568.0035,923.0736,628.67596,617222922371525,617222955382150
950.6257,595.6095,941.2007,628.67596,617222955510327,617222987685014
942.87714,637.6211,941.2007,628.67596,617222987814389,617223019772254
958.80945,677.5048,942.87714,628.67596,617223019909129,617223051003087
976.1929,681.907,942.87714,637.6211,617223051132514,617223084326941
961.2351,768.8045,958.80945,677.5048,617223084452671,617223115282618
967.1375,824.5395,961.2351,681.907,617223115415483,617223147234546
955.02924,805.23236,958.80945,768.8045,617223147375118,617223180778712
947.1627,791.4565,958.80945,791.4565,617223180921733,617223215837983
991.118,713.08136,958.80945,768.8045,617223215996368,617223251273087
968.7376,675.2707,958.80945,768.8045,617223251401889,617223284135223
961.83057,743.0844,961.83057,743.0844,617223284293712,617223317229129
948.89386,755.9398,958.80945,755.9398,617223317406473,617223352890327
332.59863,800.74005,958.80945,755.9398,617223353053295,617223388428504
229.71245,794.08203,948.89386,755.9398,617223388564181,617223422404129
223.91528,813.4458,332.59863,794.08203,617223422538504,617223454481056
214.09093,779.0337,229.71245,779.0337,617223454634545,617223487738243
166.43703,823.98145,223.91528,794.08203,617223487901993,617223527274597
149.59706,819.3824,214.09093,794.08203,617223527426993,617223586646316
189.07881,834.08417,189.07881,819.3824,617223586746733,617223619637618
186.3343,783.65564,189.07881,794.08203,617223619765118,617223657927983
226.47116,824.12695,189.07881,819.3824,617223658068191,617223690675170
256.77832,856.7326,189.07881,819.3824,617223690825014,617223722986785
293.4795,841.9229,226.47116,824.12695,617223723119389,617223764042410
289.97678,876.8412,256.77832,841.9229,617223764191004,617223795291004
374.4707,914.93097,289.97678,841.9229,617223795487514,617223844291524
978.0698,1267.338,289.97678,876.8412,617223844418920,617223878440951
966.0708,1214.5312,374.4707,914.93097,617223879798712,617223913143504
970.1075,1233.9387,966.0708,1214.5312,617223913321420,617223947936785
948.72864,1187.0747,948.72864,1187.0747,617223948097618,617223979461368
942.3142,1186.7797,948.72864,1187.0747,617223979600795,617224012267201
944.53937,1156.5929,948.72864,1187.0747,617224012385535,617224052273087
628.44135,600.9527,944.53937,1186.7797,617224052378972,617224100265795
615.8033,584.0056,944.53937,1156.5929,617224100357670,617224134266056
605.7087,540.7332,628.44135,600.9527,617224134379910,617224171339858
605.81384,559.4542,615.8033,584.0056,617224171448191,617224205563972
576.11694,612.34174,605.81384,600.9527,617224205715535,617224245740535
693.92456,552.2676,615.8033,584.0056,617224245843868,617224276606003
728.7936,548.1047,615.8033,584.0056,617224276785535,617224309680326
754.6784,556.2342,693.92456,556.2342,617224310135795,617224344761472
760.96313,615.52405,728.7936,584.0056,617224344895326,617224376844389
757.2353,634.5546,754.6784,584.0056,617224382944493,617224414930014
723.83575,589.5043,728.7936,589.5043,617224415015170,617224446799962
746.36426,622.88434,746.36426,589.5043,617224446923608,617224478643451
622.35394,906.43994,728.7936,589.5043,617224478799076,617224511053451
602.34186,936.16925,728.7936,622.88434,617224515211420,617224546027462
609.4601,921.6251,622.35394,906.43994,617224546201785,617224579222670
565.01807,965.62683,609.4601,921.6251,617224579332201,617224609168972
522.0847,992.7544,609.4601,921.6251,617224612892982,617224645658295
499.32465,1083.7056,565.01807,965.62683,617224645820743,617224678650378
516.4479,1096.2985,522.0847,992.7544,617224678735274,617224712638607
506.32504,1122.838,516.4479,1083.7056,617224712727149,617224743882982
544.07104,1139.4424,522.0847,1096.2985,617224744060639,617224779563764
532.07733,1131.4355,522.0847,1122.838,617224779730795,617224810857462
514.12427,1081.514,522.0847,1096.2985,617224812133295,617224843912514
514.05597,1133.339,522.0847,1122.838,617224844195430,617224879600274
532.6635,1105.1418,522.0847,1105.1418,617224879780743,617224912350586
492.99472,1162.0067,522.0847,1122.838,617224913361316,617224944246107
504.24182,1151.6227,522.0847,1122.838,617224945563659,617224980119076
510.58215,1156.8389,510.58215,1151.6227,617224980207514,617225011350170
532.5996,1063.611,522.0847,1122.838,617225011972149,617225042379597
574.0145,1054.8092,522.0847,1122.838,617225043660222,617225079443920
577.33344,1104.8868,532.5996,1104.8868,617225090674961,617225125326784
590.04645,1072.6793,574.0145,1104.8868,617225125515222,617225173755066
549.2496,1073.5288,549.2496,1104.8868,617225173889909,617225214478503
608.6243,1029.2102,574.0145,1073.5288,617225214943138,617225248921055
589.65845,1049.5977,574.0145,1073.5288,617225249126107,617225281976003
579.25244,1045.8268,579.25244,1049.5977,617225282278868,617225313483086
561.48663,1046.3975,574.0145,1049.5977,617225313658034,617225345391732
497.2381,1095.2952,574.0145,1049.5977,617225345568711,617225379798555
550.9927,1095.0449,561.48663,1049.5977,617225381201368,617225411840482
511.49878,1076.646,550.9927,1076.646,617225411980482,617225449663555
505.5542,1092.1982,550.9927,1076.646,617225449847930,617225483670065
528.5829,1040.0104,528.5829,1076.646,617225483801628,617225514447670
540.9909,1064.1912,540.9909,1076.646,617225514550847,617225546067045
505.6721,1079.5929,528.5829,1076.646,617225547480638,617225577106732
495.0402,1116.6434,528.5829,1076.646,617225577694388,617225610469753
475.44772,1088.7458,505.6721,1079.5929,617225611935690,617225642115274
484.8876,1105.4288,495.0402,1088.7458,617225642339336,617225674815795
538.88043,1074.9025,505.6721,1079.5929,617225677391940,617225706394649
504.25247,1098.3086,504.25247,1088.7458,617225711444753,617225743588920
481.94656,1093.3882,504.25247,1088.7458,617225743694336,617225776869336
506.27856,1088.2638,504.25247,1088.7458,617225778524492,617225812259753
466.613,1064.7362,504.25247,1088.7458,617225812396003,617225841936680
504.5788,1073.3177,504.25247,1088.2638,617225845525274,617225879666419
500.81717,1055.7227,504.25247,1073.3177,617225880780326,617225915460274
449.1408,1082.8007,504.25247,1082.8007,617225915580065,617225947976836
470.94183,1028.2909,500.81717,1073.3177,617225948115274,617225978540117
529.6695,1103.9707,504.25247,1082.8007,617225979391992,617226010541159
523.2873,1088.6171,504.25247,1082.8007,617226012881992,617226045078607
516.791,1107.9846,516.791,1088.6171,617226045814649,617226079438086
525.7747,1072.6981,516.791,1082.8007,617226080120899,617226109213346
548.3607,1107.6224,516.791,1088.6171,617226110876471,617226143833138
537.0313,1095.7568,525.7747,1088.6171,617226146168190,617226176251628
518.7935,1108.8014,518.7935,1095.7568,617226180642409,617226214878711
477.194,1088.2131,518.7935,1088.6171,617226215002826,617226245070846
520.2061,1103.8982,518.7935,1095.7568,617226246591419,617226276512305
542.3747,1091.56,518.7935,1091.56,617226280332565,617226313800326
538.30945,1082.1672,520.2061,1091.56,617226313946888,617226348854023
517.124,1050.528,518.7935,1091.56,617226348992930,617226381339284
493.76553,1058.1418,518.7935,1082.1672,617226381491940,617226413708607
494.6736,1067.7568,517.124,1067.7568,617226414783919,617226447365273
478.5581,1084.485,494.6736,1082.1672,617226447456992,617226480085846
501.96725,1067.6512,501.96725,1067.7568,617226480225742,617226509915013
481.22388,1080.7351,494.6736,1080.7351,617226511477461,617226542287825
460.28156,1105.5875,494.6736,1080.7351,617226545612669,617226579425794
478.14545,1094.4567,481.22388,1080.7351,617226579972930,617226618723034
514.50806,1089.5574,494.6736,1089.5574,617226618824023,617226649341784
508.47992,1108.9036,494.6736,1089.5574,617226655844388,617226688722825
561.8845,1134.6971,508.47992,1089.5574,617226688881784,617226720873086
521.8381,1090.3047,508.47992,1090.3047,617226721024961,617226751872721
556.37866,1138.1594,521.8381,1090.3047,617226751949388,617226790295794
502.01733,1110.7301,508.47992,1090.3047,617226790467148,617226819555169
524.2544,1123.7671,521.8381,1110.7301,617226819798763,617226850460169
488.92352,1079.0273,508.47992,1090.3047,617226850988867,617226883281107
509.00662,1110.755,509.00662,1110.7301,617226883360377,617226912316471
527.10614,1093.2723,509.00662,1093.2723,617226923909232,617226959707357
566.91437,1077.9314,509.00662,1093.2723,617226959881002,617226990727148
526.4552,1050.0514,526.4552,1093.2723,617226990867461,617227023523919
560.78436,1063.9453,526.4552,1077.9314,617227024195429,617227069786679
517.58264,1050.7434,526.4552,1063.9453,617227069933034,617227099695429
506.75592,1042.0187,526.4552,1063.9453,617227099820325,617227132428294
501.32336,1064.7726,517.58264,1063.9453,617227132528034,617227164175273
510.61734,1061.0997,510.61734,1063.9453,617227164293815,617227195471159
487.74783,1115.042,510.61734,1063.9453,617227195592669,617227230393971
502.97577,1104.4093,510.61734,1063.9453,617227230502825,617227265656471
491.51035,1105.8623,502.97577,1104.4093,617227265764179,617227295692721
513.8918,1050.5223,510.61734,1063.9453,617227295896002,617227328554283
507.98236,1046.6573,507.98236,1063.9453,617227328705325,617227361131054
508.46814,1094.6503,508.46814,1063.9453,617227361306836,617227392795273
546.2212,1056.2528,508.46814,1063.9453,617227392956471,617227423394127
562.61615,1074.6344,508.46814,1063.9453,617227423669752,617227454829961
526.65027,1036.918,526.65027,1063.9453,617227454905013,617227497628294
517.84564,1035.7474,517.84564,1063.9453,617227497720794,617227530500794
513.1541,1065.6831,517.84564,1063.9453,617227530687773,617227563700065
538.6578,1065.9044,517.84564,1063.9453,617227563814179,617227595894544
566.2516,1086.2584,517.84564,1065.6831,617227595995377,617227629753710
566.43695,1069.1909,538.6578,1065.9044,617227629853763,617227665629856
548.0676,1059.1941,548.0676,1065.6831,617227665775898,617227700291210
548.5082,1079.5933,548.0676,1065.9044,617227700406679,617227739653762
539.3026,1054.1362,548.0676,1065.6831,617227739797617,617227771890273
507.22638,1060.912,548.0676,1065.6831,617227772123137,617227800943242
510.33188,1054.74,539.3026,1060.912,617227801282408,617227832709023
509.08368,1046.5537,510.33188,1060.912,617227832816054,617227865227617
513.77454,1037.6196,513.77454,1054.74,617227865313606,617227897532408
497.48935,1046.0061,510.33188,1046.5537,617227897628762,617227935633085
500.2044,1070.1714,510.33188,1054.74,617227935822512,617227982577252
524.60846,1032.1732,510.33188,1046.5537,617227982670898,617228011584856
524.25055,1049.5039,510.33188,1049.5039,617228011702564,617228041257773
527.7772,1037.2969,524.25055,1046.5537,617228041437721,617228070677148
541.5523,1033.2894,524.25055,1046.5537,617228070835689,617228104918606
543.143,1079.6843,527.7772,1046.5537,617228105086471,617228138343971
536.923,1062.3019,536.923,1046.5537,617228138519231,617228172208346
534.9709,1042.0231,534.9709,1046.5537,617228172411210,617228200762044
529.25543,1034.4631,534.9709,1046.5537,617228200880429,617228235785221
486.8429,1072.2847,534.9709,1046.5537,617228235925221,617228267236106
498.04242,1039.6222,529.25543,1046.5537,617228267351575,617228298539960
514.3834,1088.6796,514.3834,1046.5537,617228298647512,617228329207929
519.9461,1136.4304,519.9461,1046.5537,617228329288762,617228360886783
569.78394,1118.7847,519.9461,1088.6796,617228361068762,617228394648814
507.57126,1068.582,519.9461,1068.582,617228396662096,617228430432773
477.0792,1105.7227,519.9461,1088.6796,617228430547512,617228461465116
476.7114,1104.1074,507.57126,1088.6796,617228461564960,617228496613398
464.67575,1090.3029,477.0792,1090.3029,617228496722668,617228533086471
470.47455,1058.8757,476.7114,1088.6796,617228533341366,617228571822773
471.01517,1063.5598,471.01517,1088.6796,617228571948814,617228603563971
510.17883,1062.0958,476.7114,1063.5598,617228603674335,617228632979231
514.9502,1068.5875,476.7114,1068.5875,617228633218710,617228666858450
531.8949,1078.8641,510.17883,1068.5875,617228667023345,617228698433345
496.6929,1071.5105,496.6929,1068.5875,617228698551627,617228728688866
487.8872,1085.1229,496.6929,1071.5105,617228728801054,617228759490325
459.7118,1105.1218,496.6929,1071.5105,617228759583502,617228789964700
454.60422,1098.9777,487.8872,1085.1229,617228790149752,617228824531314
451.61633,1083.4669,459.7118,1083.4669,617228824637564,617228854145429
527.73944,1072.9827,487.8872,1083.4669,617228854326470,617228884629960
450.41818,1085.8461,459.7118,1083.4669,617228884810168,617228915361522
472.22742,1072.4381,472.22742,1083.4669,617228917800272,617228948742616
479.80304,1098.059,472.22742,1083.4669,617228950387460,617228981388814
472.49396,1075.0103,472.22742,1083.4669,617228982163606,617229013162616
496.5508,1111.0762,472.49396,1083.4669,617229016217564,617229049185324
501.84607,1094.9094,472.49396,1083.4669,617229051067095,617229081203449
490.6449,1059.5359,490.6449,1083.4669,617229088143397,617229118686574
524.66187,1079.849,490.6449,1083.4669,617229118754439,617229152021314
519.96124,1089.9154,490.6449,1083.4669,617229152188397,617229186258658
519.63,1102.8339,519.63,1083.4669,617229186432720,617229219930064
561.3005,1071.5222,519.63,1083.4669,617229220683137,617229260941158
498.54132,1050.5176,519.63,1083.4669,617229261030324,617229292748449
481.49976,1055.6528,519.63,1071.5222,617229292876991,617229324881366
505.71774,1099.6061,505.71774,1083.4669,617229324969699,617229356218501
518.0684,1093.5681,518.0684,1083.4669,617229356336731,617229385688866
501.5452,1071.5488,505.71774,1083.4669,617229385826574,617229419026210
452.54156,1084.0597,505.71774,1083.4669,617229419111887,617229449077095
472.706,1098.4421,501.5452,1083.4669,617229451029387,617229488095481
463.69946,1108.8208,472.706,1084.0597,617229489055585,617229519017095
503.1948,1092.7657,501.5452,1092.7657,617229519855428,617229551859595
567.9079,1084.3234,501.5452,1084.3234,617229553471366,617229584554595
533.90186,1103.5734,503.1948,1092.7657,617229585864022,617229616189803
546.7538,1078.0198,533.90186,1084.3234,617229616764439,617229648848033
543.30225,1110.1976,533.90186,1092.7657,617229649635689,617229680279335
545.4542,1092.8226,543.30225,1092.7657,617229681201835,617229720499595
535.1352,1056.1866,535.1352,1092.7657,617229720653345,617229753156991
511.00168,1059.8734,535.1352,1092.7657,617229754758241,617229787802668
532.051,1086.4235,535.1352,1086.4235,617229787896522,617229820204595
524.48224,1085.3279,532.051,1086.4235,617229820279751,617229854116158
516.7419,1072.685,532.051,1086.4235,617229855251678,617229885133241
512.75867,1080.061,524.48224,1085.3279,617229886058137,617229920255116
513.6015,1055.1426,516.7419,1080.061,617229920340949,617229952871262
520.553,1052.093,520.553,1080.061,617229953051366,617229985046105
536.0072,1066.1158,520.553,1066.1158,617229985908553,617230018651210
555.2691,1047.2883,520.553,1066.1158,617230019835428,617230050784074
533.6414,1075.2815,533.6414,1066.1158,617230052208032,617230090865793
538.89166,1074.1462,533.6414,1066.1158,617230090957772,617230121951157
521.1878,1080.1084,533.6414,1074.1462,617230122064699,617230154793501
534.8177,1050.5508,533.6414,1066.1158,617230156561626,617230188944334
532.64575,1039.6316,533.6414,1066.1158,617230190132407,617230222901157
520.92584,1107.0298,533.6414,1066.1158,617230222991522,617230256577512
515.5389,1080.6527,532.64575,1066.1158,617230256689022,617230288980012
509.8263,1067.6284,520.92584,1067.6284,617230289797824,617230324265480
534.2671,1067.8132,532.64575,1067.6284,617230324351574,617230357190376
542.1288,1070.7507,532.64575,1067.6284,617230357336209,617230389841105
535.01776,1069.3453,534.2671,1067.8132,617230390008761,617230419006626
548.8792,1068.0962,535.01776,1068.0962,617230419161314,617230449330584
542.3794,1071.4249,535.01776,1068.0962,617230450406574,617230480986314
542.72253,1089.007,542.3794,1068.0962,617230482106574,617230513505428
556.3086,1067.9751,542.3794,1068.0962,617230516528605,617230547394334
569.77124,1086.0043,542.72253,1068.0962,617230548828136,617230582094855
538.784,1054.9956,542.3794,1068.0962,617230582234178,617230614433501
532.21686,1041.753,542.3794,1068.0962,617230616327511,617230650672407
519.79645,1045.9064,538.784,1054.9956,617230652662303,617230689512043
500.99728,1045.1134,532.21686,1045.9064,617230689597772,617230725175897
501.41483,1085.811,519.79645,1054.9956,617230726486782,617230759204438
500.8273,1048.9819,501.41483,1048.9819,617230759357616,617230819711418
508.83447,1028.9523,508.83447,1048.9819,617230819806782,617230851669334
501.26895,1027.5192,501.41483,1048.9819,617230851862355,617230883722095
495.24374,1076.0435,501.41483,1048.9819,617230885233709,617230918187511
512.5638,1057.7649,501.41483,1048.9819,617230927156105,617230961647355
523.0747,1053.2078,501.41483,1053.2078,617230961733657,617230996974178
544.89264,1061.4827,512.5638,1053.2078,617230997140324,617231031616522
530.17804,1073.1649,523.0747,1053.2078,617231031795324,617231068220011
537.27954,1058.6963,530.17804,1058.6963,617231068348865,617231099475428
562.8284,992.4488,530.17804,1053.2078,617231099643709,617231131009438
548.81836,1024.3997,537.27954,1053.2078,617231131185845,617231163555792
557.5147,1027.2296,548.81836,1027.2296,617231164529022,617231200664230
563.6056,1007.0941,548.81836,1027.2296,617231200758657,617231231514074
516.07666,1033.9661,548.81836,1027.2296,617231231689907,617231264805011
548.97644,1010.2586,548.81836,1027.2296,617231264945011,617231298577147
537.3227,1007.7541,548.81836,1027.2296,617231298735844,617231334775272
562.4177,1015.58453,548.81836,1015.58453,617231334881365,617231368641157
535.5348,1072.4691,548.81836,1027.2296,617231368880949,617231401418449
538.0303,1085.3054,548.81836,1027.2296,617231401595063,617231436557355
491.25565,1083.4995,538.0303,1072.4691,617231436730532,617231466889230
510.5406,1030.7174,538.0303,1030.7174,617231467034230,617231498408969
517.67957,1069.7223,517.67957,1069.7223,617231498602146,617231531748032
483.47134,1068.5103,517.67957,1068.5103,617231531935115,617231567458501
496.74857,1054.894,517.67957,1068.5103,617231567644907,617231600378605
507.23987,1048.6028,507.23987,1068.5103,617231600568188,617231653522719
539.9378,976.51654,517.67957,1054.894,617231653643553,617231684351417
508.92566,1006.0975,508.92566,1048.6028,617231685651678,617231717572355
523.99335,1025.2924,517.67957,1025.2924,617231717670480,617231749035636
526.7741,1027.7395,517.67957,1027.7395,617231749179386,617231780104282
560.00415,1041.4147,523.99335,1027.7395,617231780966834,617231811706261
528.5408,1009.0517,526.7741,1027.7395,617231814286417,617231846501730
514.4293,964.2036,523.99335,1027.7395,617231847463813,617231881410948
473.056,1052.3022,523.99335,1027.7395,617231883686001,617231919159855
480.79984,1075.0986,514.4293,1027.7395,617231919309698,617231952293865
486.25955,1088.0713,486.25955,1052.3022,617231952472980,617231985984490
516.8378,1016.3266,514.4293,1027.7395,617231986798969,617232037853709
517.64276,1058.3694,514.4293,1052.3022,617232037962146,617232069268605
534.2439,1075.7235,516.8378,1052.3022,617232069371573,617232102234646
516.4647,1042.4708,516.4647,1052.3022,617232102456782,617232132590323
538.3465,1110.852,516.8378,1052.3022,617232132802146,617232169281469
552.7526,1118.303,516.8378,1052.3022,617232169385011,617232205322146
536.8271,1100.9547,536.8271,1100.9547,617232205490011,617232238762615
576.5306,1091.0471,536.8271,1091.0471,617232238883084,617232271127980
588.3844,1095.0364,536.8271,1095.0364,617232271253032,617232304108500
531.2887,1074.6588,536.8271,1091.0471,617232304303813,617232336613084
522.4742,1049.4454,536.8271,1091.0471,617232336809125,617232367870532
515.2115,1071.1293,531.2887,1074.6588,617232368091000,617232401046729
528.8947,1097.1863,528.8947,1091.0471,617232401220219,617232432477823
519.8563,1059.4681,528.8947,1074.6588,617232432638604,617232466145323
531.1244,1067.4426,528.8947,1074.6588,617232466306365,617232496781261
543.6758,1055.9008,528.8947,1067.4426,617232496944073,617232529998604
554.06903,1072.2001,531.1244,1072.2001,617232530184073,617232565384906
558.2864,1060.6561,543.6758,1067.4426,617232565538344,617232595351729
575.0948,1045.4437,554.06903,1067.4426,617232595517823,617232630624125
585.09436,1087.7788,558.2864,1067.4426,617232630727042,617232663675375
587.41,1085.7538,575.0948,1067.4426,617232663856729,617232699484334
524.85974,1104.1019,558.2864,1085.7538,617232699693709,617232728913656
495.46255,1079.1772,558.2864,1079.1772,617232729101156,617232763934490
540.3003,1145.7491,540.3003,1085.7538,617232764284698,617232798262250
560.8241,1067.226,558.2864,1079.1772,617232798437823,617232831211313
581.95386,1046.0353,558.2864,1079.1772,617232831333656,617232863306521
531.60645,1054.2065,558.2864,1067.226,617232863466781,617232899968083
528.19934,1102.655,558.2864,1079.1772,617232900234906,617232933498969
551.5304,1088.131,551.5304,1079.1772,617232933667823,617232967681573
544.53265,1098.521,551.5304,1088.131,617232967868031,617232997674073
540.3634,1057.1642,551.5304,1079.1772,617232997855688,617233030547302
581.0764,1049.5432,551.5304,1079.1772,617233030715635,617233061754438
542.3415,1062.8596,551.5304,1062.8596,617233061918604,617233096120896
529.8211,1064.4557,551.5304,1064.4557,617233096281990,617233135488031
565.6175,1046.1375,551.5304,1062.8596,617233135601573,617233165046365
558.2219,1098.0294,551.5304,1064.4557,617233165159177,617233198637667
541.1561,1098.6721,551.5304,1064.4557,617233198750583,617233231503187
515.59674,1068.2837,551.5304,1068.2837,617233231695531,617233262115583
509.39557,1082.6781,541.1561,1068.2837,617233262308448,617233297759281
487.4498,1084.1366,515.59674,1068.2837,617233297861781,617233332136833
512.38055,1079.9808,512.38055,1079.9808,617233332312823,617233364069854
497.1279,1072.764,512.38055,1072.764,617233364219125,617233399182250
505.40634,1056.2706,512.38055,1072.764,617233399365427,617233429814802
504.04672,1079.1497,505.40634,1072.764,617233430010427,617233462779802
487.60132,1084.7966,505.40634,1072.764,617233462911364,617233500326052
492.34888,1078.8257,504.04672,1078.8257,617233500510896,617233543933187
492.7067,1099.0278,492.7067,1078.8257,617233544056937,617233579832042
497.3962,1078.0933,497.3962,1078.8257,617233581312302,617233615256312
514.44275,1080.6459,497.3962,1078.8257,617233615351104,617233648290323
549.3116,1009.764,497.3962,1078.8257,617233653940791,617233691905739
563.7427,1080.551,514.44275,1078.8257,617233692059177,617233724294698
538.914,1053.9525,538.914,1078.8257,617233724423812,617233755059489
539.88965,1067.2417,538.914,1078.8257,617233755167510,617233788496156
535.5522,1051.6586,538.914,1067.2417,617233788601000,617233819936208
535.47955,1050.9132,538.914,1067.2417,617233820112198,617233853022093
552.5987,1050.2593,538.914,1051.6586,617233853114021,617233886373968
547.70996,1025.3185,538.914,1050.9132,617233886492041,617233921519073
547.51324,1023.6353,547.51324,1050.2593,617233921604906,617233955218343
535.8937,1041.4863,538.914,1041.4863,617233955304437,617233997575323
519.25024,1035.2854,538.914,1041.4863,617233997756625,617234054706000
511.95377,1086.7773,535.8937,1041.4863,617234054818552,617234092807823
515.32574,1061.291,519.25024,1041.4863,617234092904802,617234125769698
524.2991,1063.1857,524.2991,1061.291,617234126748916,617234162945323
505.22717,1042.875,519.25024,1042.875,617234163120114,617234198012093
481.31287,1057.9496,519.25024,1057.9496,617234198194593,617234228449541
518.3909,1041.8164,518.3909,1042.875,617234228637406,617234261695531
496.24274,1060.091,518.3909,1057.9496,617234261826989,617234302681781
506.7829,1108.0383,518.3909,1057.9496,617234302863500,617234334570531
535.50635,1064.5284,518.3909,1060.091,617234334765375,617234366190791
552.00244,1067.5798,518.3909,1064.5284,617234366352406,617234395671312
557.3628,1040.8938,535.50635,1060.091,617234395797197,617234428909697
546.2088,1032.4799,546.2088,1060.091,617234429045635,617234460620531
548.954,1073.0663,546.2088,1060.091,617234460765895,617234494353083
525.0946,1048.7843,546.2088,1060.091,617234494447250,617234528557197
525.1445,1022.8905,546.2088,1060.091,617234528761572,617234563993395
528.9897,1042.3094,528.9897,1048.7843,617234564120427,617234598646885
533.53235,1086.4286,533.53235,1060.091,617234598826520,617234633730010
535.30756,1034.4828,533.53235,1048.7843,617234633910427,617234666441781
507.83102,1082.1101,533.53235,1060.091,617234666620635,617234698980531
517.36804,1095.5452,533.53235,1060.091,617234699176937,617234729213968
515.3037,1080.6655,517.36804,1080.6655,617234729401572,617234763205374
493.29965,1060.0299,517.36804,1060.091,617234763400583,617234797210322
507.97092,1055.1311,515.3037,1060.091,617234797346885,617234828385791
536.20795,1053.3254,517.36804,1060.0299,617234828567666,617234860597979
540.68445,1053.1648,517.36804,1055.1311,617234860695531,617234893115270
536.6495,1039.1812,536.20795,1053.3254,617234893214176,617234927279645
532.5434,1004.6124,532.5434,1053.1648,617234927376989,617234981105583
540.9609,979.1621,536.20795,1039.1812,617234981203343,617235015791520
532.7687,1052.9604,532.7687,1052.9604,617235015885947,617235055927770
549.2677,1034.4364,536.20795,1039.1812,617235056563083,617235089423083
568.88275,1002.16815,536.20795,1039.1812,617235089571885,617235123736312
552.29425,1038.8796,549.2677,1038.8796,617235123886416,617235157576260
526.39655,1060.5598,536.20795,1039.1812,617235157729906,617235196358864
543.9796,1065.336,543.9796,1039.1812,617235196581260,617235226473030
571.1448,1065.1444,543.9796,1060.5598,617235226578187,617235260754541
565.4,1073.8073,543.9796,1065.1444,617235260936676,617235293129280
537.487,1088.4563,543.9796,1065.1444,617235293225478,617235328299749
491.48325,1055.6383,543.9796,1065.1444,617235328410010,617235357843864
479.24194,1088.7257,537.487,1065.1444,617235358025426,617235393399280
516.7552,1034.6129,516.7552,1065.1444,617235393487353,617235426451885
490.91794,1099.8999,516.7552,1065.1444,617235426637978,617235475620635
520.20435,1030.2526,516.7552,1065.1444,617235475703343,617235514903864
538.74054,1066.5762,516.7552,1065.1444,617235515070010,617235551071468
523.8273,1060.8234,520.20435,1065.1444,617235551256260,617235586671364
486.2126,1041.0552,516.7552,1065.1444,617235586756260,617235623728707
474.20605,1044.2406,516.7552,1060.8234,617235623878812,617235657207718
499.5341,1057.632,499.5341,1057.632,617235657383030,617235689901728
485.13815,1065.4609,499.5341,1060.8234,617235692361259,617235724609541
494.59937,1039.1953,499.5341,1057.632,617235724795218,617235759722353
489.18173,1042.4785,494.59937,1057.632,617235759827978,617235793638343
502.6361,1016.03595,499.5341,1042.4785,617235793824124,617235825697666
493.93945,1064.1715,494.59937,1057.632,617235825875270,617235858975530
492.3543,1070.1755,494.59937,1057.632,617235859158291,617235892839228
477.25748,1093.5587,493.93945,1064.1715,617235892981416,617235930485009
448.881,1074.0608,492.3543,1070.1755,617235930666624,617235968771832
463.57974,1052.7367,477.25748,1064.1715,617235968946884,617236001561416
496.50693,1042.6241,492.3543,1064.1715,617236001661364,617236034538134
481.62976,1080.438,481.62976,1064.1715,617236034696259,617236065091363
491.7878,1042.5248,491.7878,1064.1715,617236065294645,617236095425530
495.01837,1033.2632,491.7878,1064.1715,617236095622197,617236130911624
481.49954,1026.7163,491.7878,1042.5248,617236131092613,617236164208238
484.49597,1032.532,491.7878,1033.2632,617236164314905,617236194628343
479.9613,1046.2897,484.49597,1042.5248,617236194794957,617236225870113
463.0989,1070.614,484.49597,1042.5248,617236225995686,617236265380738
503.4448,1047.1624,484.49597,1046.2897,617236265575426,617236298940843
483.15555,1046.2998,484.49597,1046.2998,617236299179332,617236327640738
534.9644,1049.8558,484.49597,1046.2998,617236327822405,617236360648290
531.2739,1055.9019,484.49597,1046.2998,617236360809853,617236398586051
507.0146,1041.7983,507.0146,1046.2998,617236398760790,617236432545686
518.9319,1112.1532,507.0146,1046.2998,617236432670686,617236499304176
500.44412,1116.0739,507.0146,1046.2998,617236499420322,617236529662249
516.4961,1095.8079,507.0146,1095.8079,617236529841311,617236559586415
526.5259,1095.0818,507.0146,1095.0818,617236559741884,617236595293395
519.60144,1115.1469,516.4961,1095.8079,617236595518863,617236627798290
539.89014,1149.3058,519.60144,1095.8079,617236627986520,617236663819384
490.6438,1118.251,516.4961,1115.1469,617236663957613,617236695435061
506.83658,1092.7834,516.4961,1095.8079,617236695632197,617236729793394
530.9123,1035.606,516.4961,1095.8079,617236729977353,617236762812040
530.1569,1088.2336,516.4961,1092.7834,617236762943811,617236797358967
538.93164,1039.8986,530.1569,1088.2336,617236797519019,617236828198811
541.019,1032.2893,530.1569,1088.2336,617236828354436,617236862331311
517.7546,1057.5696,530.1569,1057.5696,617236862446103,617236895807978
511.3946,1064.7253,530.1569,1064.7253,617236895908759,617236944164228
518.99365,1053.6456,518.99365,1057.5696,617236944244436,617236979272249
519.6133,1083.3575,519.6133,1064.7253,617236979428134,617237013868342
535.7693,1072.8575,519.6133,1064.7253,617237014069280,617237053816624
535.2348,1058.5616,519.6133,1064.7253,617237053948967,617237090651780
525.998,1048.8593,525.998,1064.7253,617237090833342,617237123174071
528.9459,1050.9878,525.998,1058.5616,617237123346676,617237155860738
509.84152,1080.4347,525.998,1064.7253,617237156090113,617237189682092
514.69586,1036.1945,525.998,1058.5616,617237189837665,617237224956884
490.9247,1021.49,514.69586,1058.5616,617237225104748,617237262187769
479.8812,1082.9138,514.69586,1058.5616,617237262402405,617237300310061
483.20764,1077.1691,490.9247,1058.5616,617237301144592,617237334694905
482.11386,1043.5673,483.20764,1058.5616,617237334819436,617237365588863
501.85788,1031.6285,490.9247,1058.5616,617237365672092,617237403721728
534.98645,1014.5706,490.9247,1043.5673,617237403824957,617237434938915
483.859,1021.3306,490.9247,1031.6285,617237435072769,617237475566311
540.99744,1038.6257,490.9247,1038.6257,617237475649644,617237512172144
548.2419,1038.483,490.9247,1038.483,617237512258811,617237545940634
569.79047,1046.1035,540.99744,1038.6257,617237546125217,617237582797509
569.9258,1021.29034,548.2419,1038.483,617237583269332,617237617105061
560.4157,1025.4186,560.4157,1038.483,617237617187769,617237651318967
540.0502,1059.3971,548.2419,1038.483,617237651499071,617237685127300
539.25397,1038.5282,548.2419,1038.483,617237685278394,617237724279800
522.3419,1011.01746,540.0502,1038.483,617237724448811,617237757319019
549.6296,1033.7568,548.2419,1038.483,617237757501988,617237788676519
567.63043,1082.1387,548.2419,1038.483,617237788778498,617237820372717
548.8914,1023.85187,548.8914,1038.483,617237820462613,617237854835217
531.9378,1036.1106,548.2419,1038.483,617237855122404,617237892207821
540.5217,1039.9498,548.2419,1038.483,617237892387144,617237930380061
534.53107,1041.0228,540.5217,1038.483,617237930663394,617237963351832
530.7559,1052.9607,540.5217,1039.9498,617237963456519,617237994474644
532.2821,1043.075,534.53107,1041.0228,617237994588446,617238025993602
531.6237,1055.6372,532.2821,1043.075,617238026109436,617238059279592
521.0915,1062.6804,532.2821,1043.075,617238059469071,617238093407821
494.16394,1009.39825,531.6237,1043.075,617238093542196,617238126963342
542.915,1017.51636,532.2821,1043.075,617238127071102,617238155821988
572.4411,1009.1531,532.2821,1017.51636,617238156033498,617238187720425
530.0835,1017.6905,532.2821,1017.6905,617238187869696,617238220385790
536.9996,1011.2629,532.2821,1017.51636,617238220483967,617238254419383
561.8111,1032.4652,532.2821,1017.6905,617238254527144,617238288753186
527.3984,1035.4651,532.2821,1017.6905,617238288921415,617238322021883
531.2156,1058.0883,532.2821,1032.4652,617238322205061,617238370170894
509.92664,1040.2462,531.2156,1035.4651,617238371076415,617238403586831
525.78345,1041.2676,531.2156,1040.2462,617238403721883,617238435480217
543.6812,1035.771,531.2156,1035.771,617238435666883,617238468455165
549.402,1038.7205,531.2156,1038.7205,617238468620894,617238502644227
558.8837,1059.8329,543.6812,1038.7205,617238502817977,617238535824488
558.6608,1042.8306,549.402,1038.7205,617238535988706,617238569328967
555.4513,1027.9935,555.4513,1038.7205,617238569497613,617238606289644
560.9106,1022.6509,555.4513,1038.7205,617238606489956,617238639639852
547.27576,1027.9205,555.4513,1027.9935,617238639794644,617238673968862
546.1024,1025.3304,555.4513,1027.9205,617238674181310,617238709302560
554.64014,989.8894,554.64014,1027.9205,617238709470425,617238740442456
550.742,1004.05237,554.64014,1025.3304,617238745501935,617238777492300
561.9404,1030.3713,554.64014,1027.9205,617238779539852,617238813841258
536.06696,1022.51245,554.64014,1025.3304,617238813927821,617238848438081
527.08875,990.83484,554.64014,1025.3304,617238848516987,617238889925008
531.3678,1022.99884,536.06696,1022.99884,617238890036883,617238922849279
537.589,1021.52277,537.589,1022.99884,617238922961987,617238958416935
542.51636,1014.60297,537.589,1022.99884,617238958521050,617238994648758
548.4288,1053.4224,537.589,1022.99884,617238994805998,617239028474487
543.5102,1059.3698,542.51636,1022.99884,617239028591154,617239060946467
543.7196,1043.1017,543.5102,1043.1017,617239061042977,617239097238706
515.477,1034.7281,542.51636,1034.7281,617239098142873,617239129330946
561.5121,1006.51666,543.5102,1034.7281,617239129434227,617239158985216
538.1498,1028.7975,542.51636,1034.7281,617239159107716,617239194687091
541.7406,990.7263,542.51636,1028.7975,617239194803237,617239225804227
524.5175,1059.886,541.7406,1034.7281,617239225914123,617239257463185
526.0735,1061.2035,541.7406,1034.7281,617239257646935,617239289903810
530.6408,1059.9745,530.6408,1059.886,617239290070841,617239323509748
511.1125,1038.072,530.6408,1038.072,617239323625633,617239358661154
507.77576,1065.3646,530.6408,1059.886,617239358780685,617239391718498
512.6117,1047.7234,512.6117,1047.7234,617239391817404,617239425976258
540.0345,1039.9537,530.6408,1047.7234,617239426136206,617239461415737
521.8706,1063.9283,521.8706,1047.7234,617239461625737,617239492587404
534.37463,1035.7054,530.6408,1047.7234,617239492716102,617239523647664
529.9949,1013.78033,529.9949,1047.7234,617239523816623,617239555370633
549.54755,1010.3932,530.6408,1035.7054,617239555536779,617239593596570
518.95544,1011.639,529.9949,1013.78033,617239594070008,617239627651779
519.29956,987.77527,529.9949,1011.639,617239627753133,617239659527039
534.6679,1005.5226,529.9949,1011.639,617239659641310,617239692290633
522.2889,1020.4568,529.9949,1011.639,617239692400164,617239725697143
524.9265,1045.8209,529.9949,1011.639,617239726564383,617239760552820
529.0185,1024.9528,529.0185,1020.4568,617239760664279,617239795370216
516.90796,1021.37366,529.0185,1021.37366,617239795473289,617239838570633
501.6965,997.0929,529.0185,1020.4568,617239838680945,617239868173550
523.47534,1008.8921,523.47534,1020.4568,617239868254800,617239899333445
505.00604,1061.7124,523.47534,1020.4568,617239899482456,617239930935685
514.80927,1067.8457,523.47534,1020.4568,617239931105477,617239960482456
529.6707,1051.3203,523.47534,1051.3203,617239960597300,617239994469383
523.96796,1045.6115,523.47534,1045.6115,617239994575268,617240025531206
507.8461,1045.561,523.47534,1045.6115,617240025643289,617240056351310
550.79517,1010.11487,523.47534,1045.6115,617240056553549,617240089222560
519.2009,1013.5322,523.47534,1045.561,617240089340424,617240122871987
517.20776,1034.3357,523.47534,1034.3357,617240123091779,617240155484539
545.7101,998.9236,523.47534,1034.3357,617240155675581,617240187843601
517.2182,1005.6629,523.47534,1034.3357,617240187957195,617240220542664
542.61334,1003.296,523.47534,1005.6629,617240220661987,617240256659956
538.8986,1006.8052,523.47534,1006.8052,617240256772924,617240290868966
562.1621,1017.56744,538.8986,1006.8052,617240290974018,617240327083966
544.5321,1035.8754,538.8986,1006.8052,617240327187560,617240359650268
550.22894,1045.8425,544.5321,1017.56744,617240359747976,617240418457768
529.1548,1014.26746,538.8986,1014.26746,617240418569903,617240450637143
510.9281,1028.6135,538.8986,1017.56744,617240452993028,617240490099903
528.53265,1017.13763,529.1548,1017.13763,617240490199747,617240522390164
546.97076,1034.6189,538.8986,1017.56744,617240522507195,617240556230685
548.5188,1048.5262,538.8986,1017.56744,617240556329956,617240589268966
519.01483,1052.8292,538.8986,1034.6189,617240589447560,617240621841101
522.887,1063.4272,538.8986,1048.5262,617240621930268,617240654798914
514.9758,1086.1113,522.887,1052.8292,617240654971466,617240688991987
514.06195,1064.4082,522.887,1063.4272,617240689143341,617240727363966
501.89493,1043.4977,514.9758,1052.8292,617240727972143,617240762535945
505.8572,1067.9442,514.06195,1063.4272,617240763368028,617240795198862
550.6472,1044.4424,514.9758,1052.8292,617240795389278,617240825109018
505.0822,1081.3741,514.06195,1063.4272,617240825222612,617240857359591
543.37085,1034.7053,514.9758,1052.8292,617240857461726,617240889294747
542.2198,1008.12085,514.9758,1052.8292,617240889372403,617240921741882
551.8776,1035.1537,542.2198,1035.1537,617240921830268,617240955720528
523.2392,1003.1471,523.2392,1035.1537,617240955825216,617240990834903
523.30725,1054.0469,523.30725,1035.1537,617240990944278,617241027296518
537.3621,1036.7781,523.30725,1035.1537,617241027399018,617241058013914
541.9589,1043.0315,523.30725,1036.7781,617241058120372,617241091822091
546.8727,1062.6642,537.3621,1036.7781,617241091925268,617241125297612
527.4013,1029.7225,527.4013,1036.7781,617241125413132,617241159214851
525.3245,1049.27,527.4013,1036.7781,617241159310737,617241218541726
541.54834,1026.5139,527.4013,1036.7781,617241218658653,617241257127664
516.77704,1006.24994,527.4013,1036.7781,617241257244539,617241291876778
526.7235,1035.9108,527.4013,1035.9108,617241291966205,617241324124591
565.17865,1007.0025,527.4013,1035.9108,617241324242455,617241358633497
561.6083,1016.46564,527.4013,1035.9108,617241358732611,617241391023601
567.37396,1027.4866,561.6083,1027.4866,617241391122039,617241426401726
553.6736,1024.5132,553.6736,1027.4866,617241426570632,617241469096101
544.12146,1019.9217,553.6736,1027.4866,617241469241257,617241499367507
523.47437,1040.8491,553.6736,1027.4866,617241499479799,617241529384851
511.6509,993.8976,544.12146,1027.4866,617241529560684,617241563230059
550.29767,989.5748,550.29767,1027.4866,617241563395997,617241594649643
513.008,1023.8122,544.12146,1023.8122,617241594773236,617241625245476
524.65497,1047.5511,544.12146,1027.4866,617241625369851,617241658242507
506.7815,1035.3977,524.65497,1027.4866,617241658340841,617241691108601
537.4101,1017.9239,537.4101,1027.4866,617241691195632,617241723136882
550.2908,989.371,537.4101,1027.4866,617241723248861,617241758061830
576.02313,992.67224,537.4101,1017.9239,617241758156465,617241787730476
543.9665,1027.4058,543.9665,1027.4058,617241787820007,617241821190215
544.9105,1051.2238,543.9665,1027.4058,617241821298028,617241853772351
557.4599,1021.3601,543.9665,1027.4058,617241853883809,617241887428080
572.51746,1008.51776,544.9105,1027.4058,617241887598809,617241922306465
608.6686,1028.9126,557.4599,1027.4058,617241922394695,617241954803705
562.1302,1045.5718,562.1302,1027.4058,617241954977924,617241986528184
549.9776,1022.04785,557.4599,1027.4058,617241986667924,617242016914017
573.08636,1012.2901,562.1302,1027.4058,617242017058705,617242048978288
558.43207,1020.72235,558.43207,1022.04785,617242049150945,617242081257090
546.58124,1015.6676,558.43207,1020.72235,617242082415372,617242113907820
532.19666,1057.532,558.43207,1022.04785,617242115218028,617242149931309
511.0226,1027.1456,546.58124,1022.04785,617242150604642,617242189910788
518.9954,1039.3328,532.19666,1027.1456,617242190010111,617242224146622
533.06696,1031.3444,533.06696,1027.1456,617242224257507,617242258291153
555.31036,1041.0024,533.06696,1031.3444,617242258429017,617242293259486
544.4373,1026.5947,533.06696,1027.1456,617242293445319,617242331287038
524.466,1036.0011,533.06696,1031.3444,617242331517038,617242363926778
542.9366,1007.18536,533.06696,1027.1456,617242364134538,617242394764382
528.74805,969.3025,533.06696,1027.1456,617242394933444,617242430070528
524.56085,958.73706,533.06696,1007.18536,617242430201205,617242465949434
529.14496,1059.3298,529.14496,1027.1456,617242466136361,617242497959694
540.2461,1009.88715,533.06696,1009.88715,617242498057819,617242528901778
533.43384,1057.9922,533.06696,1027.1456,617242529107663,617242561536205
513.57294,1019.5362,533.06696,1019.5362,617242561703653,617242593890476
531.5562,1012.0085,533.06696,1019.5362,617242594094434,617242626007663
492.8735,1031.3064,531.5562,1019.5362,617242626173913,617242670589486
528.7321,990.0207,531.5562,1019.5362,617242670674069,617242703949226
510.39178,1051.8801,528.7321,1019.5362,617242704091673,617242736251569
513.1869,1066.2709,528.7321,1019.5362,617242736427142,617242769627403
509.88202,1053.0513,513.1869,1051.8801,617242769777611,617242801319746
495.28348,1079.8519,513.1869,1053.0513,617242801486726,617242832876153
511.73663,1052.5276,511.73663,1052.5276,617242833016413,617242865279903
511.56717,1059.0249,511.73663,1053.0513,617242865470163,617242899731986
501.00507,1079.0455,511.73663,1053.0513,617242899902715,617242931501048
498.63303,1020.30396,511.56717,1053.0513,617242931666205,617242963257090
510.99963,1003.9231,510.99963,1053.0513,617242963389590,617243001656778
522.2309,1027.8337,511.56717,1027.8337,617243001817455,617243036742611
509.2373,1064.4872,510.99963,1053.0513,617243036858080,617243072565996
509.40994,1050.2064,510.99963,1050.2064,617243072649434,617243105189798
514.9043,1057.5419,510.99963,1053.0513,617243105278861,617243139110788
496.0439,1072.2913,510.99963,1053.0513,617243140645892,617243178541621
512.5733,1063.096,510.99963,1057.5419,617243178647767,617243217908965
498.6306,1067.3774,510.99963,1063.096,617243218006413,617243255878496
551.91376,1034.2219,510.99963,1057.5419,617243275405007,617243311484798
549.9164,1097.0618,510.99963,1063.096,617243312418809,617243348295163
541.31824,1074.5232,541.31824,1063.096,617243348471257,617243379292246
525.22406,1084.1823,525.22406,1074.5232,617243379444694,617243411281829
515.001,1110.026,525.22406,1074.5232,617243412382871,617243446016673
538.4379,1080.3547,525.22406,1080.3547,617243447510996,617243486081309
536.15424,1104.0194,525.22406,1080.3547,617243486210892,617243524520475
537.42914,1062.3582,536.15424,1080.3547,617243524618340,617243559978027
507.53024,1064.0836,525.22406,1080.3547,617243560197715,617243593300006
539.86707,1051.5962,536.15424,1064.0836,617243593475944,617243629237350
518.15063,1030.4948,525.22406,1064.0836,617243629437142,617243662920267
527.97455,1037.975,527.97455,1051.5962,617243663018496,617243693227611
529.81036,1031.7,527.97455,1037.975,617243693368444,617243725089069
523.6341,1057.4213,527.97455,1051.5962,617243725185579,617243762884694
534.69574,1064.8667,527.97455,1051.5962,617243762999381,617243792051152
516.8158,1055.7294,527.97455,1055.7294,617243792243027,617243826374798
515.1697,1031.6,527.97455,1051.5962,617243826575267,617243865976933
511.99774,1053.451,516.8158,1053.451,617243866150267,617243899590631
513.71594,1098.5981,515.1697,1053.451,617243899711673,617243929108392
504.5638,1051.5757,513.71594,1053.451,617243929228340,617243960591985
509.22363,1043.7098,513.71594,1053.451,617243960779485,617243997827558
545.77295,1063.9795,513.71594,1053.451,617243997939225,617244033037975
502.12943,1054.861,513.71594,1053.451,617244033213027,617244064082558
496.20218,1060.3291,513.71594,1054.861,617244064224069,617244094316465
518.5569,1064.4241,513.71594,1054.861,617244094486256,617244132902558
510.46808,1074.7213,513.71594,1060.3291,617244132996465,617244166179069
506.74118,1086.5054,513.71594,1064.4241,617244166317923,617244198228392
521.34863,1055.8181,513.71594,1060.3291,617244198396829,617244229829121
521.99927,1041.2242,513.71594,1060.3291,617244229973131,617244265862558
531.24585,1024.7806,521.34863,1055.8181,617244266007194,617244299803756
529.98755,1024.3965,521.99927,1041.2242,617244300059069,617244330285892
514.17285,1049.9158,521.34863,1049.9158,617244330455631,617244361428808
524.00757,1041.3097,521.99927,1041.3097,617244361613756,617244393451673
528.7444,1022.1971,521.99927,1041.3097,617244393641360,617244428405058
523.02954,1042.805,523.02954,1041.3097,617244428593860,617244459304902
523.8006,1059.1985,523.02954,1041.3097,617244459420214,617244490697037
494.76328,1058.1434,523.02954,1042.805,617244490821152,617244523251204
533.4521,1048.3035,523.02954,1048.3035,617244523425423,617244565974746
504.17664,1045.0239,523.02954,1045.0239,617244566067246,617244598049850
488.04062,1042.9071,523.02954,1045.0239,617244598249121,617244637235006
515.684,1016.62396,515.684,1045.0239,617244637399069,617244671624277
518.4524,1050.2349,518.4524,1045.0239,617244671746412,617244705747506
508.09995,1057.3094,515.684,1045.0239,617244706323444,617244736905631
512.58246,1074.8712,515.684,1050.2349,617244737691308,617244771152558
563.6163,1059.068,515.684,1057.3094,617244771294746,617244805255943
515.84283,1044.126,515.684,1050.2349,617244805774173,617244841048235
535.7013,1039.4607,515.84283,1050.2349,617244841239173,617244879537298
509.9833,1065.5924,515.684,1050.2349,617244879627037,617244915925266
500.0158,1048.6475,515.684,1050.2349,617244916031985,617244952880527
505.90576,1016.4751,509.9833,1050.2349,617244952969746,617244985778391
508.14896,1047.276,508.14896,1048.6475,617244985879433,617245017457506
527.70404,1036.1931,509.9833,1047.276,617245017548027,617245051100787
526.66516,1056.5385,509.9833,1048.6475,617245052465370,617245089734120
524.45514,1046.3008,524.45514,1047.276,617245089837089,617245127558443
540.9001,1027.7091,524.45514,1047.276,617245127738495,617245164286881
524.88464,1018.37537,524.45514,1046.3008,617245164521100,617245194912662
540.6564,1039.8676,524.88464,1039.8676,617245195094537,617245227557714
537.2411,1034.3704,524.88464,1039.8676,617245227658860,617245259143756
522.18744,1046.3647,524.88464,1039.8676,617245259235579,617245293870891
518.04803,1056.8154,524.88464,1039.8676,617245293987089,617245327063964
512.68756,1064.3671,522.18744,1046.3647,617245327247975,617245363197089
500.37387,1057.6758,518.04803,1056.8154,617245363303912,617245394003652
506.17004,1039.8698,512.68756,1046.3647,617245394176620,617245426515631
526.2268,1014.90814,518.04803,1046.3647,617245426700006,617245460718183
517.97595,1059.0208,517.97595,1046.3647,617245460894693,617245492144641
523.5808,1046.7872,518.04803,1046.3647,617245492330110,617245523654954
515.0521,1056.1027,517.97595,1046.7872,617245523832297,617245576356047
531.4905,1069.4852,518.04803,1046.7872,617245576436047,617245609283756
555.3526,1035.0018,518.04803,1046.7872,617245609461724,617245644419589
580.20465,1029.105,531.4905,1046.7872,617245644596256,617245676818183
571.91595,1015.87933,555.3526,1035.0018,617245676978391,617245713016412
513.8565,1031.9803,531.4905,1031.9803,617245713113079,617245743695683
523.24664,1029.5651,531.4905,1031.9803,617245744477349,617245779953391
525.6268,1011.8261,525.6268,1031.9803,617245781057245,617245816611099
546.8085,1007.6617,531.4905,1029.5651,617245816771308,617245875489901
537.9186,1027.092,531.4905,1027.092,617245875593339,617245908719537
538.85474,1033.7133,537.9186,1029.5651,617245908902558,617245943255683
524.57086,1047.0662,531.4905,1029.5651,617245943348495,617245975056620
545.3563,1029.0538,537.9186,1029.5651,617245975166516,617246004559016
538.3056,1026.7393,537.9186,1029.5651,617246004753235,617246035618339
542.67487,1032.3947,538.3056,1029.5651,617246035835162,617246069798235
536.98627,1027.019,537.9186,1029.5651,617246071013391,617246103365005
519.35126,1037.8691,537.9186,1029.5651,617246103594849,617246135750839
498.02838,1030.6401,536.98627,1029.5651,617246135939745,617246170053964
530.9306,1037.1735,530.9306,1030.6401,617246170242662,617246203377401
550.5681,1043.0226,536.98627,1030.6401,617246203572922,617246237017349
529.79834,1046.8864,530.9306,1037.1735,617246237246255,617246266183026
540.27826,1058.9548,536.98627,1043.0226,617246266284328,617246298772193
602.58856,1077.0848,536.98627,1046.8864,617246298876516,617246330603130
611.084,1079.8575,540.27826,1058.9548,617246330714693,617246363661672
580.9827,1105.0391,580.9827,1077.0848,617246363776203,617246396185839
529.2004,1010.66595,540.27826,1058.9548,617246396296360,617246430983964
536.77905,1028.0398,540.27826,1058.9548,617246431083078,617246477403912
526.83356,1054.4292,536.77905,1054.4292,617246477491724,617246510064016
511.69516,1061.2572,536.77905,1058.9548,617246510164953,617246543406151
531.1129,1079.2155,531.1129,1058.9548,617246543516724,617246578379484
520.822,1038.6952,531.1129,1058.9548,617246578532453,617246613189641
535.3771,1082.3107,531.1129,1058.9548,617246613339016,617246646815005
538.8811,1105.0404,531.1129,1058.9548,617246646999068,617246676564068
516.7985,1135.136,531.1129,1082.3107,617246683555266,617246716145318
499.40115,1103.5428,531.1129,1103.5428,617246716972662,617246747906047
494.91858,1104.7289,516.7985,1103.5428,617246748903651,617246781653130
531.6541,1095.5176,531.1129,1103.5428,617246782594172,617246813598443
522.4125,1120.5935,522.4125,1103.5428,617246815816672,617246851310266
553.1786,1106.9248,531.1129,1103.5428,617246851397714,617246883213755
555.2252,1101.9719,531.1129,1103.5428,617246885302349,617246918243443
514.393,1063.6523,531.1129,1103.5428,617246918422818,617246951032036
528.1451,1067.0889,531.1129,1101.9719,617246953926724,617246988435318
523.9413,1051.6929,528.1451,1067.0889,617246988521047,617247019221516
522.39465,1061.589,528.1451,1067.0889,617247020282453,617247051929068
524.34326,1085.9929,524.34326,1067.0889,617247053571984,617247086844224
548.9482,1033.2955,528.1451,1067.0889,617247086937453,617247119251828
529.8932,1046.7611,528.1451,1067.0889,617247120907870,617247154402505
538.5624,1066.4962,529.8932,1066.4962,617247154565578,617247188567870
541.92194,1065.0739,529.8932,1066.4962,617247188657765,617247219324588
563.5332,1075.4756,538.5624,1066.4962,617247220523911,617247250134745
549.5934,1050.7408,541.92194,1066.4962,617247251877401,617247283462245
542.1621,1068.5039,542.1621,1066.4962,617247283598130,617247315075265
572.7215,1039.901,542.1621,1066.4962,617247316964484,617247350093651
530.15466,1087.7196,542.1621,1066.4962,617247350286724,617247384580890
509.171,1073.6595,542.1621,1066.4962,617247384668026,617247447026359
554.95087,1037.9979,542.1621,1066.4962,617247447145682,617247481108182
552.8757,1071.0902,542.1621,1066.4962,617247481205890,617247513739328
574.70856,1106.6038,552.8757,1066.4962,617247513827713,617247547470474
567.4889,1124.3658,552.8757,1071.0902,617247547546932,617247579499328
559.23895,1107.4921,559.23895,1106.6038,617247579589328,617247610920005
510.97067,1120.5529,552.8757,1107.4921,617247611028911,617247641667088
582.278,1091.6573,559.23895,1106.6038,617247641782349,617247675499797
549.3765,1094.777,552.8757,1106.6038,617247675604797,617247706230369
548.8922,1096.8167,552.8757,1096.8167,617247706426619,617247738378078
584.917,1090.082,552.8757,1096.8167,617247738552401,617247772112609
564.52155,1078.0023,552.8757,1096.8167,617247772296828,617247801256359
528.6447,1074.4342,552.8757,1090.082,617247801493338,617247833577192
539.3347,1065.4238,552.8757,1078.0023,617247835210994,617247868235786
547.2771,1071.924,547.2771,1074.4342,617247868330786,617247900880578
562.6735,1099.7695,552.8757,1078.0023,617247901831515,617247933647401
570.4647,1060.5604,552.8757,1074.4342,617247933830526,617247969748703
574.7446,1070.8551,562.6735,1074.4342,617247969850265,617248008807453
559.55035,1025.0469,559.55035,1070.8551,617248008966880,617248042226776
540.44244,993.567,559.55035,1070.8551,617248042405994,617248071955109
579.0684,1063.5504,559.55035,1063.5504,617248072169119,617248102728130
580.20374,1064.1786,559.55035,1064.1786,617248103436619,617248134861463
572.0461,1051.1997,572.0461,1063.5504,617248135032140,617248167154536
569.8542,1057.6472,569.8542,1063.5504,617248167326203,617248201402192
556.35175,1065.6022,569.8542,1063.5504,617248201553234,617248235675369
549.3457,1062.5826,569.8542,1063.5504,617248235860578,617248270250005
540.5782,1081.0304,556.35175,1063.5504,617248270434953,617248305703182
553.05133,1023.9537,553.05133,1063.5504,617248305872973,617248338704171
563.82153,1067.3848,556.35175,1063.5504,617248338875786,617248375042505
566.9112,1070.929,556.35175,1063.5504,617248375136098,617248411845161
574.2923,1058.8927,563.82153,1063.5504,617248412194171,617248443664119
560.43195,1046.8776,560.43195,1063.5504,617248443988130,617248475772869
559.65607,1046.2604,560.43195,1058.8927,617248475935057,617248505956098
560.2338,1048.2646,560.43195,1048.2646,617248506100421,617248539847609
580.80176,1056.0966,560.43195,1056.0966,617248540100057,617248570094223
583.9289,1078.0757,560.43195,1056.0966,617248570275577,617248599852348
575.43317,1068.0729,575.43317,1056.0966,617248599985786,617248635046411
571.7612,1064.0629,571.7612,1064.0629,617248635214900,617248668171515
567.8225,1082.583,571.7612,1064.0629,617248668348130,617248699917869
572.97424,1039.4474,571.7612,1064.0629,617248700174067,617248732647973
579.1716,1076.6118,571.7612,1064.0629,617248733529536,617248765747921
560.3566,1074.12,571.7612,1064.0629,617248767224536,617248802527452
582.0188,1035.5135,571.7612,1064.0629,617248802721411,617248837620838
562.73267,1042.0297,571.7612,1064.0629,617248838615890,617248875639848
551.62524,1017.7413,571.7612,1042.0297,617248875728598,617248906895994
563.8759,1015.2586,563.8759,1042.0297,617248907060421,617248936776098
547.2959,1018.0471,563.8759,1018.0471,617248936936827,617248973949327
549.3553,1026.1619,563.8759,1026.1619,617248974136098,617249005686775
466.7258,1042.3092,549.3553,1026.1619,617249005820994,617249039592661
551.79987,1054.9958,551.79987,1026.1619,617249039762140,617249072945421
523.38617,1057.9076,549.3553,1042.3092,617249073100734,617249106359275
532.28845,1084.8068,549.3553,1054.9958,617249106486775,617249138614171
533.5237,1067.22,533.5237,1057.9076,617249138803546,617249170114692
492.81055,1081.3909,533.5237,1067.22,617249170272556,617249205914588
500.97205,998.512,533.5237,1057.9076,617249206063129,617249238111723
526.8139,1055.0988,526.8139,1057.9076,617249238293077,617249281400004
531.48676,1040.3014,531.48676,1055.0988,617249281551463,617249314701567
518.36945,994.456,526.8139,1055.0988,617249314844379,617249346290473
531.9944,1035.6936,531.48676,1040.3014,617249346462765,617249388855629
529.58124,1034.2181,529.58124,1035.6936,617249388949900,617249420630265
544.99854,1057.3324,531.48676,1040.3014,617249420794171,617249451692035
533.2242,1114.5212,531.48676,1040.3014,617249451777713,617249485112140
518.8273,1053.2615,531.48676,1053.2615,617249485536931,617249516110473
539.5587,1102.5663,531.48676,1053.2615,617249523249327,617249557059379
545.74615,1038.8428,531.48676,1053.2615,617249557146410,617249592447504
537.1258,1057.036,537.1258,1053.2615,617249592596202,617249640123806
578.6295,1041.5765,537.1258,1053.2615,617249640237296,617249673719327
530.2165,1016.91394,537.1258,1053.2615,617249673825837,617249707752817
522.76447,1034.3574,537.1258,1041.5765,617249707879587,617249742172452
511.31924,1016.845,530.2165,1034.3574,617249742285421,617249787832035
547.6055,1045.5574,537.1258,1041.5765,617249787995056,617249821101671
544.1651,1038.6426,537.1258,1038.6426,617249823012348,617249853876671
570.8995,1048.1199,544.1651,1041.5765,617249853974535,617249886500889
631.91425,1041.5643,544.1651,1041.5643,617249886675421,617249918453389
651.35657,1058.4946,570.8995,1041.5765,617249922485733,617249959557192
623.4256,1053.314,623.4256,1041.5765,617249959698598,617249993333337
536.7987,1035.8422,570.8995,1041.5765,617249993605473,617250026968129
615.6886,1054.6927,615.6886,1041.5765,617250027226410,617250060463910
572.2857,1044.797,572.2857,1041.5765,617250060573441,617250093758962
535.15,1011.31903,572.2857,1041.5765,617250093924275,617250127577244
570.47314,1019.50446,572.2857,1041.5765,617250127696775,617250161842191
554.1266,1050.0948,570.47314,1041.5765,617250161984066,617250194995681
577.2737,1050.3104,572.2857,1041.5765,617250195190994,617250229142869
538.6548,1037.7279,570.47314,1041.5765,617250229261046,617250263691410
535.37634,1066.745,570.47314,1041.5765,617250263787868,617250297046358
513.4641,1098.1982,538.6548,1041.5765,617250297158129,617250333026671
553.1313,1017.5848,553.1313,1041.5765,617250333188962,617250367342452
535.2489,1060.9078,538.6548,1041.5765,617250367452764,617250402562296
562.88586,1065.0511,553.1313,1041.5765,617250402724014,617250435454483
564.2255,984.1877,553.1313,1041.5765,617250435645368,617250470110160
577.5236,1032.2029,562.88586,1041.5765,617250470241827,617250508902973
524.6756,1052.7062,553.1313,1041.5765,617250509362452,617250539504379
541.7787,1015.6962,553.1313,1041.5765,617250539802191,617250571267243
535.1049,1061.7858,541.7787,1041.5765,617250571372400,617250603676931
542.7451,1029.0303,542.7451,1041.5765,617250603769275,617250637127348
563.4973,1018.5429,542.7451,1041.5765,617250637303129,617250668866879
534.58276,1031.6056,542.7451,1031.6056,617250668977035,617250701318754
530.9196,1015.9098,542.7451,1031.6056,617250701409795,617250734681410
567.5367,994.87775,542.7451,1031.6056,617250734766879,617250776470004
569.51355,984.0439,542.7451,1015.9098,617250778471983,617250812596358
557.87634,1023.2246,557.87634,1023.2246,617250812696775,617250843182452
568.63666,1013.84906,557.87634,1015.9098,617250843422660,617250874238962
568.2345,1007.60785,557.87634,1015.9098,617250874330889,617250908658910
561.43695,1028.2468,561.43695,1015.9098,617250908767243,617250942911462
546.6783,1042.6439,557.87634,1015.9098,617250943111149,617250972211983
526.20166,1043.3491,557.87634,1028.2468,617250972305993,617251004426827
525.06683,1040.8083,546.6783,1040.8083,617251004539274,617251037689795
546.54694,1041.548,546.54694,1040.8083,617251038026774,617251072089379
519.99677,1050.0139,546.54694,1040.8083,617251072197868,617251103681358
572.72363,1049.1782,546.54694,1041.548,617251103846202,617251137222191
568.231,1045.5735,546.54694,1045.5735,617251137404639,617251173855733
562.1844,1041.6824,562.1844,1041.6824,617251173973076,617251212729587
566.6413,1056.7432,562.1844,1045.5735,617251212879274,617251248151358
553.5313,1065.8425,562.1844,1045.5735,617251248260629,617251277599743
563.43896,1046.9784,562.1844,1046.9784,617251277793597,617251309375160
546.9278,1056.2458,562.1844,1046.9784,617251309541566,617251339139951
570.1273,1051.5219,562.1844,1046.9784,617251339233024,617251371803701
561.43994,1056.8923,562.1844,1051.5219,617251371907451,617251403094639
541.7101,1055.739,562.1844,1051.5219,617251403204899,617251434514899
555.1434,1044.5625,561.43994,1051.5219,617251434623806,617251467249691
546.3522,1057.0754,555.1434,1051.5219,617251467342087,617251500488962
554.02545,1067.6238,555.1434,1051.5219,617251500608389,617251533140889
548.82385,1045.6906,554.02545,1051.5219,617251533250889,617251569461253
545.1018,1046.2267,554.02545,1051.5219,617251569568337,617251605258128
554.0804,1046.5063,554.02545,1046.5063,617251605348493,617251637713962
523.72437,1034.9723,554.02545,1046.5063,617251637808441,617251699924847
562.1672,1073.252,554.02545,1046.5063,617251700069430,617251744087191
547.98553,1069.037,554.02545,1046.5063,617251744294795,617251776967243
533.4535,1047.1394,554.02545,1047.1394,617251777161410,617251810900212
537.1825,1064.9141,547.98553,1047.1394,617251811100316,617251847319899
530.30634,1053.5612,537.1825,1047.1394,617251847478337,617251880604587
525.2476,1081.8574,537.1825,1053.5612,617251880796045,617251912272607
538.42535,1070.3585,537.1825,1053.5612,617251912464274,617251944195264
522.625,1086.3912,537.1825,1070.3585,617251944373285,617251978295472
523.47125,1076.8965,537.1825,1070.3585,617251978442191,617252010039430
527.9724,1076.9977,527.9724,1076.8965,617252010233180,617252043077399
547.62885,1055.1288,537.1825,1070.3585,617252043273597,617252073066097
568.24976,1044.8948,537.1825,1070.3585,617252073182607,617252106211826
545.78375,1050.5656,545.78375,1055.1288,617252106819326,617252142771045
568.18634,1058.4735,545.78375,1058.4735,617252142960107,617252178476462
577.6093,1024.9597,545.78375,1055.1288,617252178663337,617252212832972
531.77936,1037.8766,545.78375,1055.1288,617252212945680,617252246152607
567.968,1045.3789,545.78375,1045.3789,617252246334014,617252283218909
547.6409,1065.1908,545.78375,1055.1288,617252283364378,617252315474326
535.317,1050.1829,545.78375,1050.1829,617252315667503,617252346150107
521.73566,1056.711,545.78375,1055.1288,617252346313284,617252378190055
560.3343,1068.302,545.78375,1055.1288,617252378298597,617252409846149
557.30536,1076.4141,545.78375,1056.711,617252410033180,617252443806149
545.9686,1028.6763,545.9686,1055.1288,617252443940836,617252475208076
579.7523,1020.65924,545.9686,1055.1288,617252476231774,617252508309795
547.98145,1022.8658,545.9686,1028.6763,617252508460368,617252539263336
520.3826,1068.9722,545.9686,1055.1288,617252539401253,617252574233336
544.555,1079.2041,545.9686,1055.1288,617252574402138,617252609839118
547.7593,1069.8635,545.9686,1068.9722,617252609983232,617252656789743
501.05554,1039.181,545.9686,1055.1288,617252656883128,617252688549638
510.73212,1027.6461,545.9686,1055.1288,617252688652868,617252720222920
527.97266,1039.307,527.97266,1039.307,617252720318597,617252749252711
510.01736,1071.4073,527.97266,1055.1288,617252749444326,617252781206826
568.13696,1052.878,527.97266,1052.878,617252781401201,617252810697138
548.9418,1094.3037,527.97266,1055.1288,617252810889795,617252844670888
540.931,1055.2784,540.931,1055.1288,617252844827659,617252877302867
521.52026,1065.0663,527.97266,1055.2784,617252877448909,617252909918128
524.7456,1120.1179,527.97266,1055.2784,617252910092920,617252942875159
555.9672,1062.4628,527.97266,1062.4628,617252943062503,617252974767659
561.53955,1049.3174,527.97266,1055.2784,617252974943336,617253011046565
567.05347,1010.8119,555.9672,1055.2784,617253011227399,617253046179117
578.7318,1024.748,561.53955,1049.3174,617253046361670,617253082282190
571.62024,1032.7723,567.05347,1032.7723,617253082454117,617253115477451
538.9584,1069.495,561.53955,1049.3174,617253115650367,617253151356461
593.67096,1078.9296,567.05347,1049.3174,617253151455263,617253180877034
589.0454,1054.6959,567.05347,1054.6959,617253181065576,617253213271878
589.8343,1050.9243,589.0454,1050.9243,617253213368753,617253244861097
603.0225,1029.9221,589.0454,1050.9243,617253244946149,617253276592086
618.3472,1017.14813,589.8343,1050.9243,617253276766201,617253309982919
618.2907,1037.1333,603.0225,1037.1333,617253310164846,617253344495159
604.623,1030.9094,604.623,1037.1333,617253344663701,617253377171201
638.37274,1036.4803,604.623,1037.1333,617253377353909,617253407191201
638.8868,1034.0837,604.623,1036.4803,617253407325940,617253443196721
603.4787,1043.8787,604.623,1037.1333,617253443352034,617253475153544
594.7405,1028.1064,604.623,1036.4803,617253475279378,617253510124274
590.11,1039.4934,603.4787,1037.1333,617253510210836,617253542685680
573.43414,1021.3576,594.7405,1036.4803,617253542857242,617253575001982
607.0165,1079.3478,603.4787,1037.1333,617253575146357,617253611804117
558.0746,1088.2355,594.7405,1037.1333,617253611975992,617253647317451
597.1705,1040.6453,597.1705,1040.6453,617253647446044,617253681376878
534.1283,1056.0632,594.7405,1040.6453,617253681483701,617253715055732
533.59216,1074.0792,594.7405,1040.6453,617253715229638,617253746293336
565.4784,1079.9974,565.4784,1056.0632,617253746462346,617253780260419
507.58398,1073.133,565.4784,1073.133,617253780428388,617253814580940
501.79126,1063.2648,565.4784,1063.2648,617253814734846,617253849320471
555.26404,1087.0104,555.26404,1073.133,617253849521825,617253881479534
550.04047,1108.3623,555.26404,1073.133,617253881643700,617253917098753
539.6973,1105.9836,555.26404,1087.0104,617253917196461,617253950688180
526.39886,1101.8721,550.04047,1101.8721,617253950803857,617253980423805
545.8642,1108.5865,545.8642,1101.8721,617253980593127,617254013592086
533.90405,1061.0897,545.8642,1101.8721,617254013755680,617254046720836
520.2127,1046.0199,545.8642,1101.8721,617254046828284,617254085130002
539.70197,1056.6246,539.70197,1061.0897,617254085234846,617254130732034
539.0619,1030.7972,539.70197,1056.6246,617254130831096,617254163239013
564.0745,1047.1982,539.70197,1056.6246,617254167838492,617254199887763
533.3089,1072.9557,539.70197,1056.6246,617254199961148,617254229416148
541.8513,1055.13,539.70197,1056.6246,617254243912242,617254286125054
523.2453,1056.5043,539.70197,1056.6246,617254286469169,617254317432659
533.35876,1056.2249,539.70197,1056.5043,617254317538752,617254350445054
539.4585,1059.1152,539.4585,1056.6246,617254350541982,617254381582659
513.85126,1047.5603,539.4585,1056.5043,617254381783596,617254416062138
533.83136,1032.8728,539.4585,1056.5043,617254416170836,617254461820263
562.3415,1070.2174,539.4585,1056.5043,617254461926721,617254498475054
553.82733,1050.1581,539.4585,1056.5043,617254498583752,617254534145836
555.5536,1064.0731,553.82733,1056.5043,617254536280731,617254580983231
583.1872,1054.1354,553.82733,1056.5043,617254581091148,617254612077554
547.6996,1074.9761,553.82733,1056.5043,617254612226096,617254645952971
552.9763,1017.43695,553.82733,1056.5043,617254646149377,617254678962867
516.2303,1045.1971,552.9763,1056.5043,617254679125888,617254711122190
546.1565,1048.5404,552.9763,1048.5404,617254711294586,617254746514950
573.5255,1052.2119,552.9763,1052.2119,617254746665054,617254782662502
567.9143,1032.5642,552.9763,1048.5404,617254782771044,617254817864533
582.4901,1031.7316,567.9143,1048.5404,617254818151825,617254849809013
567.7295,1036.1201,567.7295,1036.1201,617254849921304,617254883444585
598.6353,1032.6282,567.9143,1036.1201,617254884680158,617254923760940
562.38367,1040.9924,567.7295,1036.1201,617254923930471,617254954309898
577.3933,999.0549,567.9143,1036.1201,617254954439742,617254985961773
587.50104,1012.41364,567.9143,1036.1201,617254986076877,617255018859533
590.6656,994.8409,577.3933,1012.41364,617255019505210,617255051923648
569.16656,998.18915,569.16656,1012.41364,617255052071148,617255084900575
488.2543,1031.5247,569.16656,1012.41364,617255085069481,617255116265731
548.8638,1025.4495,569.16656,1012.41364,617255116372658,617255147717242
570.6727,983.44293,569.16656,1012.41364,617255147845210,617255180285992
531.1143,1017.20087,569.16656,1012.41364,617255180392762,617255213442710
543.06573,1029.4862,569.16656,1012.41364,617255213559065,617255247705054
526.7088,1018.8416,543.06573,1017.20087,617255247819898,617255281934325
565.18335,1040.1647,565.18335,1018.8416,617255282056981,617255323645523
521.75287,1055.2831,543.06573,1018.8416,617255323794689,617255356164689
549.31775,1034.4747,549.31775,1034.4747,617255356261408,617255386320575
549.54846,1024.6405,549.31775,1024.6405,617255386503752,617255421289533
568.9575,1033.4768,549.31775,1033.4768,617255421427450,617255451365471
559.3521,1012.91504,549.54846,1024.6405,617255452307033,617255482286564
575.01685,1039.7114,559.3521,1033.4768,617255482385314,617255515088283
525.0071,1005.7721,549.54846,1024.6405,617255515188908,617255548801512
518.33795,1022.356,549.54846,1024.6405,617255548912658,617255583392241
513.8959,1055.1002,525.0071,1024.6405,617255583510002,617255618669585
522.2406,1008.1969,522.2406,1024.6405,617255618861721,617255652310366
548.985,1048.4089,525.0071,1024.6405,617255652499950,617255685979585
545.9752,1030.0574,525.0071,1024.6405,617255686168908,617255719136564
535.69806,1013.37787,535.69806,1024.6405,617255719307971,617255754571460
544.4092,1034.3495,535.69806,1024.6405,617255754735106,617255787595679
533.82416,996.374,535.69806,1024.6405,617255787774898,617255819906252
574.586,1033.8357,535.69806,1024.6405,617255820154221,617255851076929
504.6771,1030.966,535.69806,1024.6405,617255851241929,617255883200262
538.14307,1007.1842,535.69806,1024.6405,617255883355887,617255915515783
527.0286,1033.7375,535.69806,1024.6405,617255915935731,617255949215262
517.01697,1007.7234,535.69806,1024.6405,617255950152398,617255981001564
520.3467,1010.04767,527.0286,1024.6405,617255981101616,617256018751773
535.92773,1045.6926,535.69806,1024.6405,617256018850939,617256060883075
530.66833,1061.4418,530.66833,1024.6405,617256061033231,617256093890470
512.2201,1070.116,530.66833,1045.6926,617256094064377,617256126229012
520.8873,1036.7546,530.66833,1036.7546,617256126406408,617256158702450
514.4142,1076.2625,520.8873,1045.6926,617256158910158,617256192507970
538.89484,1068.627,530.66833,1045.6926,617256192685158,617256227077866
564.45496,1063.8947,530.66833,1063.8947,617256227267293,617256261172241
576.98175,1045.4977,538.89484,1045.6926,617256261343231,617256303376877
525.04553,1051.6469,530.66833,1051.6469,617256303458543,617256338240731
570.9671,1066.0404,538.89484,1051.6469,617256339034429,617256372389272
536.1167,1065.736,536.1167,1051.6469,617256372533439,617256406463439
550.91815,1076.7356,538.89484,1065.736,617256406583231,617256438876929
564.1577,1078.834,538.89484,1065.736,617256439033699,617256499973127
576.6799,1067.3225,550.91815,1067.3225,617256500375418,617256531224168
539.23834,1075.1093,539.23834,1067.3225,617256534746199,617256572586460
584.01984,1066.2052,550.91815,1067.3225,617256572779376,617256607084533
601.6306,1058.8615,550.91815,1067.3225,617256607176147,617256642200939
598.89844,1046.9282,584.01984,1066.2052,617256642979376,617256676726981
566.38605,1059.7958,566.38605,1059.7958,617256676889949,617256712218439
541.8485,1068.0579,566.38605,1066.2052,617256712307345,617256745136929
564.37506,1048.2573,566.38605,1059.7958,617256745227710,617256778209845
534.739,1028.9529,564.37506,1059.7958,617256778308908,617256811577189
558.5351,1087.5278,564.37506,1059.7958,617256811690366,617256845190783
533.6833,1074.4968,558.5351,1059.7958,617256845278908,617256880451668
530.83826,1076.203,558.5351,1074.4968,617256881569012,617256918746616
523.4025,1049.045,533.6833,1059.7958,617256918921928,617256952945106
546.51794,1043.9651,546.51794,1059.7958,617256953139481,617256989818595
587.3289,1043.8564,546.51794,1049.045,617256989940366,617257024929272
550.55994,1030.2598,546.51794,1043.9651,617257025030991,617257059297762
574.57605,1013.41595,550.55994,1043.8564,617257059470158,617257090356251
591.66815,1005.6791,550.55994,1030.2598,617257090576199,617257124292762
592.38477,1066.9595,574.57605,1043.8564,617257124442970,617257160135835
589.5343,1053.2338,589.5343,1043.8564,617257160274272,617257196973230
612.2576,1030.7443,589.5343,1043.8564,617257198016772,617257228185210
574.18756,1041.0621,589.5343,1043.8564,617257228294272,617257259245574
574.76135,1067.6619,589.5343,1043.8564,617257259353595,617257293625887
592.5016,1036.2524,589.5343,1043.8564,617257293741980,617257325369428
605.75867,1017.8818,589.5343,1043.8564,617257325519428,617257355536303
584.60547,1012.6456,589.5343,1036.2524,617257355720105,617257388889220
543.4518,1024.5446,589.5343,1024.5446,617257389071303,617257423010574
562.3149,1015.0646,584.60547,1024.5446,617257423201147,617257456334949
586.53534,1006.0254,586.53534,1024.5446,617257456443751,617257492817345
464.93753,981.0672,584.60547,1015.0646,617257492933803,617257526541512
495.12997,1176.8763,584.60547,1024.5446,617257526730939,617257565237032
489.81766,1131.734,495.12997,1024.5446,617257565466147,617257596192137
512.0018,1175.1141,512.0018,1131.734,617257596302553,617257626587970
475.75565,1116.8472,495.12997,1116.8472,617257626708126,617257661345470
477.70602,1029.6748,495.12997,1116.8472,617257661442397,617257692338022
498.8103,1038.6699,495.12997,1116.8472,617257692457136,617257723350626
495.84924,1030.3137,495.12997,1038.6699,617257723466355,617257756741876
498.88293,1032.4453,495.84924,1038.6699,617257756848282,617257790687918
532.6137,1055.6375,495.84924,1038.6699,617257790833386,617257826380053
542.76,1021.9873,498.88293,1038.6699,617257826482032,617257858119064
557.8548,1047.8853,532.6137,1038.6699,617257858232293,617257887640522
574.5969,1042.3854,542.76,1038.6699,617257887812501,617257922470105
581.6068,1056.6128,557.8548,1042.3854,617257922666980,617257977480313
602.255,1007.5452,574.5969,1038.6699,617257977582397,617258014845261
570.1442,1039.5104,570.1442,1039.5104,617258015897345,617258050010626
589.84686,1035.072,574.5969,1038.6699,617258050175157,617258082231563
590.5156,1050.2544,574.5969,1039.5104,617258082397605,617258116316928
586.436,1055.253,586.436,1039.5104,617258116407240,617258154140313
579.5525,1013.3774,579.5525,1039.5104,617258154328334,617258187985418
586.69366,1037.527,586.436,1039.5104,617258188208699,617258219755678
570.12994,1002.84705,579.5525,1037.527,617258219865105,617258254784740
550.90894,1017.05035,579.5525,1037.527,617258254989532,617258286758386
561.2856,992.6005,570.12994,1017.05035,617258286916459,617258319433022
574.4886,986.75714,574.4886,1017.05035,617258319619845,617258355665938
558.5896,983.35004,570.12994,992.6005,617258355851824,617258388661147
550.77576,995.3459,570.12994,995.3459,617258388865157,617258437456199
545.412,1024.1252,558.5896,995.3459,617258438083490,617258468670782
544.2763,1040.3065,550.77576,995.3459,617258470497813,617258506810730
582.9867,1024.5698,558.5896,1024.1252,617258506954272,617258539844897
546.3953,1017.65466,550.77576,1017.65466,617258539949167,617258573935105
546.9767,1022.6527,550.77576,1022.6527,617258574020834,617258605328594
526.22815,1005.1832,546.9767,1017.65466,617258605415522,617258642207605
530.7063,1050.8263,546.9767,1022.6527,617258642319584,617258677401303
563.02606,1060.3439,546.9767,1022.6527,617258678837240,617258712137761
532.6818,1055.9957,546.9767,1050.8263,617258712290469,617258746417136
551.22125,1042.4181,546.9767,1042.4181,617258746575990,617258778551355
563.1886,1051.3403,546.9767,1050.8263,617258778698386,617258812890469
544.2555,1030.3346,546.9767,1042.4181,617258813939949,617258845723386
553.0232,1019.2923,546.9767,1042.4181,617258845823230,617258881279115
569.5967,991.7152,546.9767,1030.3346,617258881618490,617258918892917
562.015,1005.65216,553.0232,1019.2923,617258919006459,617258956382605
588.2961,1028.7421,562.015,1028.7421,617258956462292,617258987965105
565.21124,1047.669,562.015,1028.7421,617258988357969,617259019240886
554.96265,1016.6788,562.015,1028.7421,617259019424688,617259052000365
563.2547,1036.7941,562.015,1028.7421,617259052203751,617259084444636
586.8656,1018.67126,562.015,1028.7421,617259084617709,617259117382136
591.4077,1027.9995,563.2547,1028.7421,617259117499271,617259150306667
587.7812,1016.68335,586.8656,1027.9995,617259150484584,617259181842188
538.8159,1016.5323,563.2547,1027.9995,617259181984688,617259214307032
565.12305,1017.2336,565.12305,1017.2336,617259214487396,617259249354844
532.76,1070.5809,563.2547,1027.9995,617259249482240,617259283429636
529.0529,1068.3195,563.2547,1027.9995,617259283593386,617259316365886
526.479,1048.4939,532.76,1048.4939,617259316543073,617259348833698
557.3262,1017.645,557.3262,1027.9995,617259348966042,617259393783230
548.0472,1015.2325,548.0472,1027.9995,617259393899480,617259429678646
556.4639,1068.1221,556.4639,1027.9995,617259429795677,617259468915417
518.491,1037.648,548.0472,1027.9995,617259469038907,617259500462969
534.86346,1057.8434,548.0472,1037.648,617259504281980,617259538669167
511.79163,1025.4637,534.86346,1027.9995,617259538813230,617259570947292
523.46924,1025.831,534.86346,1027.9995,617259571921146,617259602991459
549.18823,1025.351,534.86346,1025.831,617259603488438,617259636286927
556.04376,1017.43207,534.86346,1025.831,617259636379011,617259669193073
543.43494,1027.4978,543.43494,1025.831,617259669282084,617259700145313
542.70026,1034.2776,542.70026,1025.831,617259701795990,617259733793594
527.22906,1021.25024,542.70026,1025.831,617259734542136,617259775331667
565.3945,1050.6116,542.70026,1025.831,617259776327657,617259812118386
542.8888,1007.5608,542.70026,1025.831,617259812198542,617259844749479
547.7769,1041.62,542.8888,1025.831,617259844899896,617259884414792
507.86206,1043.9137,542.70026,1025.831,617259884510625,617259917262500
495.17853,1069.2069,542.70026,1041.62,617259917410156,617259951985834
547.4991,989.09894,542.70026,1025.831,617259952103854,617259989593959
579.4729,1026.0616,542.70026,1026.0616,617259989777448,617260019657656
549.326,1067.2642,547.4991,1026.0616,617260019851511,617260064759740
545.73627,1058.2653,545.73627,1026.0616,617260064844792,617260097757188
503.6895,1022.7885,545.73627,1026.0616,617260097905052,617260129392448
496.08102,1025.6776,545.73627,1026.0616,617260129585677,617260164807500
544.06836,1022.0419,544.06836,1025.6776,617260165027656,617260206285938
539.3206,1014.7232,544.06836,1025.6776,617260206381198,617260241673750
549.1222,1071.5189,544.06836,1025.6776,617260241830521,617260274256875
541.03253,1033.5411,544.06836,1025.6776,617260274611875,617260321516927
552.12164,1037.7865,544.06836,1033.5411,617260321639427,617260360166302
555.51636,1040.4824,544.06836,1033.5411,617260360358698,617260394734479
552.9187,1065.3197,552.12164,1037.7865,617260394830260,617260426743646
554.6851,1047.2384,552.9187,1040.4824,617260426973438,617260458219531
537.83356,1043.7277,552.12164,1043.7277,617260458388229,617260491897656
541.93884,1012.69006,552.12164,1040.4824,617260492114844,617260524484323
514.08484,1004.0945,541.93884,1040.4824,617260524614948,617260557064531
504.59006,1009.6024,541.93884,1012.69006,617260557945573,617260588313594
545.41876,1057.476,541.93884,1040.4824,617260588410521,617260622705625
511.6664,1019.5974,541.93884,1019.5974,617260622810990,617260657459948
509.88895,998.8544,541.93884,1019.5974,617260657567865,617260687928542
507.9374,1034.8784,511.6664,1019.5974,617260688059687,617260718862708
526.60223,998.7597,526.60223,1019.5974,617260719024271,617260755665052
536.612,1021.53766,526.60223,1019.5974,617260755766823,617260788160625
553.2836,1049.7733,526.60223,1019.5974,617260788259219,617260827805573
563.09766,1075.0812,536.612,1021.53766,617260827923437,617260857764375
548.6969,1037.2542,548.6969,1037.2542,617260857950260,617260889482708
553.59973,1008.41284,548.6969,1021.53766,617260889587344,617260922693021
551.49634,1087.6278,548.6969,1037.2542,617260922806614,617260955293541
553.0661,1007.8051,551.49634,1021.53766,617260955394844,617260986240469
532.3351,1009.4475,548.6969,1021.53766,617260986347656,617261018958646
569.5047,1033.1621,551.49634,1021.53766,617261019070937,617261054655625
558.60443,1044.9567,551.49634,1021.53766,617261054766771,617261085846562
559.352,1003.06494,558.60443,1021.53766,617261086252083,617261120401823
566.886,1010.397,558.60443,1021.53766,617261120510104,617261155938281
544.82196,1007.0362,558.60443,1010.397,617261156896562,617261187618593
551.7066,998.1532,558.60443,1010.397,617261187722083,617261217825260
543.831,1003.6164,551.7066,1007.0362,617261217995208,617261283286146
521.4601,1033.4988,551.7066,1010.397,617261283406927,617261321554062
538.79095,1011.76086,543.831,1010.397,617261321650260,617261354500312
563.3683,1000.3239,551.7066,1010.397,617261354593489,617261386983385
564.1457,1017.1775,551.7066,1010.397,617261387096770,617261421091406
528.8499,1043.321,551.7066,1010.397,617261421191458,617261455757552
543.08624,1024.9672,551.7066,1017.1775,617261455898437,617261488990520
516.1663,1042.5381,543.08624,1024.9672,617261489098489,617261521641093
498.61673,1016.73694,543.08624,1017.1775,617261521741250,617261569539739
538.11523,1006.75214,538.11523,1017.1775,617261569632916,617261603467500
552.9936,1034.2136,543.08624,1017.1775,617261603643541,617261643381406
534.10455,1003.55536,538.11523,1017.1775,617261643459166,617261674798281
539.91943,984.984,539.91943,1017.1775,617261676506197,617261709038333
504.52905,1002.57635,538.11523,1003.55536,617261709225937,617261743333281
533.3341,995.2317,538.11523,1002.57635,617261744813750,617261781447395
553.78284,987.48303,538.11523,1002.57635,617261783283697,617261824604270
541.4816,1022.5044,538.11523,1002.57635,617261825005624,617261855004843
530.20294,995.1196,538.11523,1002.57635,617261855137708,617261887475729
525.4345,977.69977,538.11523,1002.57635,617261887594791,617261921537031
486.7165,986.441,530.20294,995.1196,617261921632135,617261956924322
526.9986,1020.22534,526.9986,1002.57635,617261957092916,617261988041510
551.49316,1022.4238,530.20294,1002.57635,617261988263854,617262023731718
515.9796,973.43744,526.9986,1002.57635,617262023915468,617262055866145
527.5263,966.6947,527.5263,1002.57635,617262056085156,617262090851301
549.3273,991.64905,527.5263,991.64905,617262091030885,617262122392656
557.32367,993.06506,527.5263,993.06506,617262122533749,617262156346666
541.12134,983.7019,541.12134,991.64905,617262156515676,617262191064791
539.959,970.8608,539.959,991.64905,617262191182708,617262223309947
554.5891,975.3605,541.12134,983.7019,617262223451041,617262275856926
513.6669,962.2115,539.959,975.3605,617262275937447,617262306882187
557.93835,983.0041,541.12134,983.0041,617262309513281,617262339960468
534.6433,993.4637,539.959,983.0041,617262342806458,617262372662135
537.448,990.5064,539.959,983.0041,617262374931353,617262407028020
571.19763,1007.89,539.959,990.5064,617262407093749,617262440345676
558.2796,1026.3789,539.959,990.5064,617262441497083,617262471661978
525.825,1083.709,539.959,1007.89,617262472645833,617262506670260
511.0088,1016.86804,539.959,1016.86804,617262506794843,617262539295833
518.67017,1050.0519,525.825,1016.86804,617262552026093,617262587750312
488.99478,1007.4765,518.67017,1016.86804,617262587861926,617262620044530
488.29907,988.8016,518.67017,1016.86804,617262620146353,617262652672760
508.7558,985.4024,508.7558,1007.4765,617262652783905,617262685423697
497.4894,964.21814,508.7558,988.8016,617262685528958,617262716959010
509.80835,1019.06836,508.7558,1007.4765,617262717057082,617262749307655
527.47614,995.314,508.7558,995.314,617262750155520,617262784640260
476.56656,1001.31146,508.7558,1001.31146,617262784750051,617262824205676
506.53418,1001.97015,508.7558,1001.31146,617262824370885,617262854519895
549.38916,981.9827,508.7558,1001.31146,617262854700416,617262890575676
535.99036,995.9658,508.7558,1001.31146,617262890788541,617262922370259
532.5468,978.4231,532.5468,995.9658,617262922556926,617262954430207
527.5784,1006.1212,527.5784,1001.31146,617262954609687,617262988530520
528.5774,995.7927,528.5774,995.9658,617262988709009,617263023234478
508.80627,1020.2541,527.5784,1001.31146,617263023432916,617263055746405
515.8575,1003.2231,527.5784,1001.31146,617263055884530,617263090837916
533.3857,1013.58374,527.5784,1003.2231,617263090991822,617263126128176
509.57718,1034.8644,527.5784,1003.2231,617263126319634,617263164594114
561.47003,970.4637,527.5784,1003.2231,617263164758332,617263196589686
533.1653,1031.2395,527.5784,1003.2231,617263196746509,617263229542968
529.22,1068.9401,529.22,1003.2231,617263229649999,617263259454166
544.5692,1038.0435,529.22,1031.2395,617263261309270,617263295917551
527.11096,997.87494,529.22,1003.2231,617263296065416,617263326382239
543.0874,1004.5074,529.22,1004.5074,617263326538176,617263356789270
540.4558,1012.7662,529.22,1004.5074,617263356947863,617263387939322
511.7469,1006.256,529.22,1004.5074,617263388146301,617263421277551
507.24982,1014.6946,529.22,1006.256,617263421469218,617263453651197
510.02185,1046.6001,511.7469,1006.256,617263453829634,617263488676822
526.9439,1048.3586,526.9439,1014.6946,617263488853280,617263522469895
540.7348,988.92737,526.9439,1006.256,617263522645520,617263555930676
543.47,1009.7208,526.9439,1009.7208,617263556197238,617263586948540
528.9204,1033.3842,528.9204,1009.7208,617263587103176,617263619663853
529.1179,1051.4359,528.9204,1009.7208,617263619851718,617263652203020
511.01532,1066.9932,528.9204,1033.3842,617263652354374,617263685144374
521.96747,1036.8395,528.9204,1036.8395,617263685268645,617263720160988
544.33606,1048.5375,528.9204,1036.8395,617263720392551,617263760702134
523.36847,1040.8596,528.9204,1036.8395,617263760790103,617263792713124
547.03217,982.0879,528.9204,1036.8395,617263792898905,617263825909322
548.0003,985.9788,528.9204,1036.8395,617263826103905,617263855144790
540.53357,1004.1254,540.53357,1004.1254,617263855319999,617263887459426
550.8135,1041.6666,540.53357,1036.8395,617263887624322,617263921858228
535.91895,1034.5403,540.53357,1034.5403,617263922046405,617263961981770
510.24377,1062.8303,540.53357,1036.8395,617263962092238,617263995893801
514.2365,1037.2795,535.91895,1036.8395,617263996112551,617264028102394
521.1459,1040.2666,521.1459,1037.2795,617264028224738,617264059579947
539.50244,1021.7947,535.91895,1036.8395,617264059670832,617264092544634
515.8387,1048.4406,521.1459,1037.2795,617264092666249,617264123000676
540.7479,1018.3518,535.91895,1036.8395,617264123100363,617264155958905
517.47504,1036.0876,521.1459,1036.8395,617264156234634,617264189015051
537.9807,1016.7143,535.91895,1036.0876,617264189124894,617264225339009
524.84644,1000.41534,524.84644,1036.0876,617264225438957,617264256242186
562.17413,1048.3243,535.91895,1036.0876,617264256427186,617264291262811
497.13278,1004.3768,524.84644,1036.0876,617264291406144,617264322278801
551.17523,1014.2041,535.91895,1036.0876,617264322468228,617264353131717
514.04956,994.85864,524.84644,1014.2041,617264353289426,617264385689426
531.1222,1015.72864,531.1222,1015.72864,617264385828749,617264418786874
488.3141,1081.97,524.84644,1015.72864,617264418956457,617264451834061
511.50845,1012.81683,524.84644,1015.72864,617264451998905,617264485531457
522.5154,1013.9026,522.5154,1015.72864,617264485671665,617264524845415
551.3521,1023.8814,524.84644,1015.72864,617264524967238,617264557564582
519.11786,1021.3955,522.5154,1015.72864,617264557773280,617264588532915
556.89197,1040.4213,524.84644,1021.3955,617264588676665,617264621376665
549.80145,1053.28,524.84644,1021.3955,617264621475832,617264651898644
551.2476,1022.83246,549.80145,1022.83246,617264652218123,617264682127707
506.72177,1071.0648,524.84644,1022.83246,617264683377394,617264717431873
547.3063,1042.0137,547.3063,1022.83246,617264717601300,617264751995675
524.12024,1079.0516,524.84644,1042.0137,617264752225988,617264785716248
506.3478,1065.9127,524.84644,1042.0137,617264785898696,617264818173332
489.06033,1092.0303,524.12024,1065.9127,617264818371769,617264850777863
485.76392,1080.181,506.3478,1065.9127,617264850950623,617264885531769
516.8179,1042.4932,516.8179,1065.9127,617264885690259,617264917601248
530.2951,1020.9648,516.8179,1065.9127,617264917772655,617264955117655
526.3113,1029.4644,516.8179,1042.4932,617264955243540,617264987760571
556.391,1045.7516,526.3113,1045.7516,617264987938540,617265020257602
539.07074,1038.929,526.3113,1042.4932,617265020429894,617265055169061
544.3582,1036.9875,539.07074,1042.4932,617265055279998,617265086446821
529.0517,1017.49243,529.0517,1038.929,617265086625571,617265137125884
546.911,1027.4814,539.07074,1036.9875,617265137208227,617265168633227
587.47485,978.28735,539.07074,1027.4814,617265168720884,617265198032550
588.55084,982.1327,546.911,1027.4814,617265200480311,617265234725571
585.7951,975.2702,585.7951,982.1327,617265236044529,617265267517654
541.3757,1006.6413,546.911,1006.6413,617265268855571,617265301382342
576.9289,981.55115,576.9289,982.1327,617265304907550,617265340337134
575.57886,993.0492,575.57886,993.0492,617265340478852,617265371189373
519.02606,1041.7954,575.57886,993.0492,617265371276925,617265406175154
569.2695,1025.2241,575.57886,993.0492,617265406273956,617265439852706
543.0295,1051.8427,569.2695,1025.2241,617265441121404,617265474312342
513.7123,1059.8035,569.2695,1025.2241,617265474409061,617265503182706
530.9432,1074.7286,543.0295,1051.8427,617265504918071,617265539013696
521.67334,1108.3414,530.9432,1059.8035,617265540117133,617265573960883
535.0285,1096.8254,535.0285,1074.7286,617265574143123,617265607480831
509.36218,1055.7264,530.9432,1059.8035,617265607688956,617265644676977
506.83685,1080.5077,530.9432,1074.7286,617265644756769,617265679416144
487.53638,1086.7277,509.36218,1074.7286,617265679505988,617265720515779
540.37286,1032.6917,530.9432,1074.7286,617265720675831,617265753397602
498.88956,1082.0531,509.36218,1074.7286,617265753585258,617265783505363
498.95328,1089.3588,509.36218,1074.7286,617265783651821,617265817676196
492.88803,1093.9877,498.95328,1082.0531,617265817859685,617265851835206
530.38934,1052.8513,509.36218,1074.7286,617265851992446,617265882899060
507.84302,1099.728,507.84302,1082.0531,617265883058019,617265915269790
531.51685,1092.8839,509.36218,1082.0531,617265915426404,617265945339217
530.1847,1069.683,509.36218,1082.0531,617265945428175,617265979936717
520.0229,1047.1576,520.0229,1082.0531,617265980122498,617266012225310
548.25665,1026.1516,520.0229,1069.683,617266012319477,617266044285831
533.5122,1064.6068,520.0229,1064.6068,617266044395519,617266094426873
526.27893,1025.0927,526.27893,1064.6068,617266094541092,617266124789373
512.966,1037.8625,520.0229,1064.6068,617266124901821,617266156130883
564.0787,1025.0222,526.27893,1037.8625,617266156282758,617266188060154
574.8295,1051.0734,526.27893,1051.0734,617266188177810,617266217943227
527.3477,1099.2938,527.3477,1051.0734,617266218050206,617266255113123
556.359,1057.4308,527.3477,1051.0734,617266255224217,617266286744737
565.55554,1043.2972,527.3477,1051.0734,617266286860779,617266319938956
584.77594,1036.0314,556.359,1051.0734,617266320144946,617266352964894
556.00305,1038.6135,556.00305,1043.2972,617266353081925,617266383431612
551.326,1082.4181,556.00305,1051.0734,617266383601769,617266419178383
541.136,1060.091,556.00305,1051.0734,617266419352862,617266451838904
539.2166,991.5241,551.326,1051.0734,617266451999216,617266482641456
536.9818,1008.6914,541.136,1051.0734,617266482816977,617266515825935
523.9918,1011.8259,539.2166,1011.8259,617266516056873,617266556317862
544.7935,1004.992,541.136,1011.8259,617266556429581,617266585439894
530.29614,1015.0265,539.2166,1011.8259,617266585556664,617266619740518
538.23456,1007.28076,539.2166,1011.8259,617266619847185,617266651603279
514.68384,996.6079,538.23456,1011.8259,617266651708071,617266683208383
553.9022,986.08344,539.2166,1007.28076,617266683343175,617266717196977
538.7866,995.76245,538.7866,996.6079,617266717289737,617266752282966
545.8238,993.8058,539.2166,995.76245,617266752400779,617266789444321
529.11993,1037.0205,538.7866,996.6079,617266789614529,617266821993331
522.63104,1047.6699,538.7866,996.6079,617266822160466,617266853625362
550.4625,1024.5071,538.7866,1024.5071,617266853805050,617266888295154
528.96216,1003.1862,538.7866,1003.1862,617266888485258,617266920050206
515.80975,1011.661,538.7866,1011.661,617266920240050,617266951645258
517.84564,1073.3723,528.96216,1011.661,617266951835675,617266985022602
546.9148,1052.4106,538.7866,1011.661,617266985198435,617267017595623
526.75024,1026.8728,528.96216,1026.8728,617267017797758,617267054090154
523.08954,1008.9041,528.96216,1011.661,617267054192237,617267085788591
518.12134,1006.7362,526.75024,1011.661,617267085898435,617267119170102
540.83203,995.2157,528.96216,1008.9041,617267119356195,617267151171300
568.26843,1016.1482,528.96216,1011.661,617267151369164,617267184715050
551.17426,986.20465,540.83203,1008.9041,617267184903956,617267219414477
566.04193,990.36926,551.17426,1008.9041,617267219559164,617267256264893
534.0066,1008.7144,540.83203,1008.7144,617267256466768,617267286687341
538.598,1019.7155,540.83203,1008.9041,617267286875727,617267321717497
582.9928,1068.4873,540.83203,1008.9041,617267321877602,617267353743331
562.4463,1014.46967,540.83203,1014.46967,617267353922810,617267384159268
547.1884,1040.3282,547.1884,1014.46967,617267384340570,617267422856664
548.42444,1069.8154,547.1884,1014.46967,617267423012497,617267455977654
549.1917,1080.2448,547.1884,1040.3282,617267456204112,617267488643799
548.18054,1080.5315,548.18054,1069.8154,617267488830049,617267534463331
580.4689,1065.5648,548.18054,1065.5648,617267534556404,617267566851664
564.1546,1012.55084,548.18054,1065.5648,617267566965831,617267602648487
524.0077,1090.3588,548.18054,1065.5648,617267602775362,617267636916560
584.98376,1099.1927,548.18054,1065.5648,617267638572549,617267676650779
557.17554,1058.8579,548.18054,1065.5648,617267683109737,617267720264893
507.46854,1048.02,548.18054,1065.5648,617267720404112,617267755341820
512.23706,1060.297,548.18054,1060.297,617267755536091,617267786435206
560.12555,1034.0543,548.18054,1060.297,617267786617081,617267819701716
498.5886,1036.5588,548.18054,1060.297,617267819886716,617267851904476
520.40063,1050.4438,548.18054,1050.4438,617267852102185,617267884463695
565.591,1049.8931,548.18054,1050.4438,617267884566091,617267915987289
509.00775,1052.2299,548.18054,1050.4438,617267916206664,617267948162393
536.73364,1076.6248,548.18054,1050.4438,617267948243226,617267980888383
543.87726,1090.6282,543.87726,1052.2299,617267980979424,617268017203643
561.36554,1101.1965,548.18054,1076.6248,617268017312185,617268051616820
542.84644,1055.2241,543.87726,1055.2241,617268051778955,617268083803174
574.1745,1115.1542,548.18054,1076.6248,617268083984685,617268118490205
574.20135,1054.8945,548.18054,1055.2241,617268118669164,617268155088747
542.1535,1056.1786,548.18054,1056.1786,617268155262028,617268186326820
554.28436,1064.1328,548.18054,1056.1786,617268186443018,617268221730830
571.31445,1071.7611,548.18054,1056.1786,617268221833591,617268254834164
570.2732,1073.6581,554.28436,1064.1328,617268254931716,617268291723278
566.3344,1068.7244,566.3344,1068.7244,617268291820257,617268330329580
571.3661,1075.2183,566.3344,1068.7244,617268330437653,617268362062393
514.8245,1080.0165,566.3344,1068.7244,617268362994424,617268395472184
496.42624,1055.423,566.3344,1068.7244,617268395667289,617268426870830
528.56085,1038.8059,528.56085,1068.7244,617268428129893,617268458301664
532.43414,1059.8223,532.43414,1059.8223,617268458928070,617268491194841
545.09186,1061.292,532.43414,1061.292,617268491349789,617268521521143
561.6191,1057.2522,532.43414,1059.8223,617268521701612,617268556737184
542.9173,1019.1071,542.9173,1059.8223,617268556868382,617268589498955
545.5354,1051.0175,542.9173,1057.2522,617268589612236,617268621629580
530.24915,1049.5321,542.9173,1051.0175,617268621826195,617268656839632
535.4913,1064.9015,542.9173,1057.2522,617268656930830,617268688345518
555.39087,1040.9386,542.9173,1051.0175,617268689338174,617268722849476
552.27814,1044.5399,542.9173,1051.0175,617268722960830,617268755799789
519.312,1045.5555,542.9173,1045.5555,617268755907393,617268796454059
529.4757,1054.7653,542.9173,1051.0175,617268796633539,617268826790622
564.93933,1022.74115,542.9173,1045.5555,617268826981611,617268857503070
547.6665,1090.4348,542.9173,1051.0175,617268857606091,617268889487497
515.8447,1050.0586,542.9173,1050.0586,617268889642497,617268921634372
555.71875,1092.7181,542.9173,1051.0175,617268921749216,617268955645726
512.59155,1080.3517,542.9173,1051.0175,617268955753122,617268988913382
559.32153,1074.4758,542.9173,1074.4758,617268989013486,617269020890778
543.8327,1076.5784,542.9173,1074.4758,617269021001507,617269054419528
516.6526,1070.1885,542.9173,1074.4758,617269054529215,617269093293955
556.5339,1076.3132,542.9173,1074.4758,617269093459997,617269125513174
561.6433,1117.324,542.9173,1074.4758,617269125688851,617269162372184
561.74786,1125.3105,556.5339,1076.3132,617269162527080,617269194837549
537.1808,1055.3623,542.9173,1074.4758,617269195016143,617269225682080
546.52625,1054.4324,546.52625,1074.4758,617269225870101,617269256826403
538.68494,1059.9288,542.9173,1059.9288,617269257364945,617269294650674
573.7697,1079.482,546.52625,1074.4758,617269294798538,617269329861090
557.0156,1055.7441,546.52625,1059.9288,617269330021247,617269361910726
546.1934,1034.8547,546.52625,1059.9288,617269362096872,617269400359997
564.8461,1057.173,546.52625,1057.173,617269400447601,617269431594580
578.19727,1050.2322,546.52625,1057.173,617269431744945,617269461782913
504.14777,1064.8988,546.52625,1057.173,617269461965986,617269493050830
528.2881,1076.2361,546.52625,1057.173,617269493262757,617269528076455
555.25757,1078.6958,546.52625,1064.8988,617269528182809,617269559312288
554.597,1077.4363,546.52625,1076.2361,617269559494944,617269591900622
541.24927,1047.2424,546.52625,1064.8988,617269592034319,617269627448330
535.38116,1059.989,546.52625,1064.8988,617269627639372,617269661466663
520.2931,1045.719,541.24927,1059.989,617269661638174,617269690789267
538.4316,1006.8861,538.4316,1059.989,617269690927653,617269722435934
556.94196,1011.6373,541.24927,1045.719,617269722561611,617269755248017
545.01514,1062.5312,541.24927,1059.989,617269755348174,617269790236611
539.82056,1074.1737,541.24927,1059.989,617269790401976,617269824531715
546.69904,1065.3895,541.24927,1062.5312,617269824638486,617269867592392
545.88586,1030.5652,541.24927,1059.989,617269867700986,617269897621298
545.4144,1040.7738,545.4144,1059.989,617269897760726,617269929394892
553.53503,1009.8377,545.4144,1040.7738,617269929539215,617269962418746
523.25366,1069.4712,545.4144,1059.989,617269962623538,617269991266455
511.05002,1045.593,545.4144,1045.593,617269991423538,617270024331663
485.03934,1077.0712,523.25366,1059.989,617270024478226,617270058209111
506.08585,1020.0952,511.05002,1045.593,617270058330413,617270089527236
507.5067,1011.5397,507.5067,1045.593,617270089674632,617270122254788
468.4082,1069.8412,507.5067,1045.593,617270122375621,617270154908121
509.76447,1095.2893,507.5067,1045.593,617270155009944,617270189329840
532.4631,1105.8434,507.5067,1069.8412,617270189444840,617270222706350
527.47095,1055.2308,509.76447,1055.2308,617270222868069,617270254283486
509.45047,1064.5895,509.45047,1064.5895,617270254372965,617270291032600
504.66434,1030.2701,509.45047,1055.2308,617270291247132,617270323410205
521.5279,1006.6761,509.45047,1055.2308,617270323582392,617270369538538
531.8184,1050.5612,509.45047,1050.5612,617270369644527,617270409374996
508.3793,1039.9464,509.45047,1050.5612,617270409547496,617270440939215
521.78656,1083.7695,509.45047,1050.5612,617270441970934,617270475346923
477.4098,1056.4265,509.45047,1050.5612,617270477352496,617270507762548
492.93402,1085.7909,509.45047,1056.4265,617270509136767,617270539624059
517.022,1052.347,509.45047,1052.347,617270541541350,617270573507600
523.8138,1058.1545,509.45047,1056.4265,617270574178069,617270604873382
533.1289,1021.8676,517.022,1052.347,617270606001663,617270635929736
549.1996,1047.024,523.8138,1052.347,617270637923694,617270672493902
552.35455,1100.7295,533.1289,1052.347,617270676823902,617270711726454
567.03436,1026.3892,549.1996,1052.347,617270711828798,617270750023746
569.377,1049.5149,552.35455,1052.347,617270750156923,617270786515413
529.0025,1050.0714,549.1996,1050.0714,617270786681767,617270824580934
538.08405,1027.4413,549.1996,1050.0714,617270824739319,617270862543642
565.5573,1070.4104,549.1996,1050.0714,617270862644006,617270898904892
558.9667,1064.328,549.1996,1050.0714,617270899010829,617270931684475
543.1189,1083.0602,549.1996,1064.328,617270931794111,617270964383173
534.0649,1069.5358,549.1996,1064.328,617270964493225,617270999596923
495.96805,1092.7454,543.1189,1069.5358,617270999789788,617271030336038
507.92035,1072.825,534.0649,1069.5358,617271030474892,617271059105933
504.0203,1096.816,507.92035,1072.825,617271059286090,617271104258642
500.81232,1039.577,507.92035,1069.5358,617271104441506,617271138804111
529.7937,1057.8662,507.92035,1069.5358,617271138983642,617271169532444
525.3927,1029.1345,507.92035,1057.8662,617271169639267,617271200498069
521.8262,1027.8536,521.8262,1057.8662,617271200702652,617271231958069
532.8411,1034.1443,521.8262,1034.1443,617271232172079,617271263128954
539.0731,1078.615,521.8262,1057.8662,617271263355517,617271306319944
534.4019,1046.7716,532.8411,1046.7716,617271306487496,617271338588277
565.8936,1044.3225,534.4019,1046.7716,617271338762392,617271369532652
534.3587,1028.584,534.3587,1046.7716,617271369635256,617271401896298
567.1196,1044.1313,534.4019,1044.3225,617271402019683,617271439850360
551.86615,1043.5719,534.4019,1044.1313,617271441006246,617271473462600
465.36646,1037.168,534.4019,1044.1313,617271475327652,617271506923746
468.06683,1016.75323,534.4019,1043.5719,617271508641298,617271540910985
305.76907,1220.9073,468.06683,1044.1313,617271543919371,617271579121142
357.46808,1095.2386,468.06683,1044.1313,617271579350985,617271608962235
383.46768,1416.231,383.46768,1095.2386,617271610458173,617271643598121
421.1943,1243.476,421.1943,1095.2386,617271645074475,617271676512652
397.68237,1221.7865,397.68237,1221.7865,617271676605985,617271707914787
445.78162,1090.7417,421.1943,1095.2386,617271708557912,617271737812027
433.26764,1133.139,421.1943,1133.139,617271740577027,617271772443746
440.27606,1079.8212,433.26764,1095.2386,617271778965204,617271812451871
489.91617,1049.3584,433.26764,1095.2386,617271812544579,617271845777860
489.05222,1021.0186,440.27606,1079.8212,617271847797912,617271878256298
513.00134,1069.5228,489.05222,1069.5228,617271880119996,617271912441298
553.4211,1044.0763,489.05222,1069.5228,617271913550829,617271945142860
564.6621,1083.5449,513.00134,1069.5228,617271946921662,617271978614266
522.8969,1060.0565,522.8969,1069.5228,617271978714006,617272009896975
519.52734,1052.0765,519.52734,1069.5228,617272009977391,617272042217756
570.9217,1061.1106,522.8969,1061.1106,617272042390829,617272078613694
546.91907,1051.5815,522.8969,1061.1106,617272078690933,617272113230985
509.0193,1071.5575,522.8969,1061.1106,617272113312548,617272147707027
545.4524,1081.4542,522.8969,1061.1106,617272147792964,617272180843746
545.3043,1070.8346,522.8969,1070.8346,617272181010464,617272212218329
542.00195,1052.0045,542.00195,1061.1106,617272213140100,617272250462131
526.038,1061.0974,526.038,1061.1106,617272251176610,617272290881246
539.17896,1050.0283,539.17896,1061.0974,617272290980516,617272321374891
551.5366,1028.5304,539.17896,1061.0974,617272321544735,617272354489943
530.2279,1037.5533,539.17896,1050.0283,617272354665777,617272387790516
549.79706,1016.5877,539.17896,1037.5533,617272387956454,617272420543850
493.6046,1100.5455,539.17896,1050.0283,617272420720985,617272457887339
485.2523,1086.4996,539.17896,1050.0283,617272458065673,617272489479214
512.28894,1120.6548,512.28894,1086.4996,617272489658798,617272526859214
499.21213,1104.9545,512.28894,1086.4996,617272527057860,617272555788433
482.3268,1131.6908,512.28894,1104.9545,617272555929214,617272587891037
488.73334,1102.1298,499.21213,1102.1298,617272589444475,617272619409579
498.9853,1063.6246,498.9853,1102.1298,617272619589891,617272653745725
504.1231,1030.1466,499.21213,1102.1298,617272653930360,617272685409787
514.3445,1092.2393,499.21213,1092.2393,617272685535412,617272718419006
560.61237,1077.4014,504.1231,1092.2393,617272718574162,617272753479266
525.4779,1052.829,514.3445,1092.2393,617272753586922,617272790625933
538.1198,1082.4885,525.4779,1082.4885,617272790797495,617272828868902
530.07117,1045.7032,525.4779,1082.4885,617272829054474,617272859962443
513.4103,1085.3048,525.4779,1082.4885,617272860247756,617272890082860
526.14374,1040.6587,525.4779,1082.4885,617272890191193,617272922328016
491.2737,1069.9825,525.4779,1082.4885,617272922425724,617272955637183
512.93243,1067.6676,525.4779,1069.9825,617272955735204,617272987464787
558.9567,1042.9507,525.4779,1069.9825,617272987613693,617273019561922
515.9301,1060.2024,525.4779,1067.6676,617273020937651,617273055664162
515.52277,1041.9883,525.4779,1060.2024,617273055765568,617273090614006
491.4263,1073.1593,515.9301,1067.6676,617273090795933,617273127127131
526.6137,1067.1985,525.4779,1067.1985,617273127328901,617273162003172
514.6418,1019.4737,515.9301,1067.1985,617273162261089,617273195589891
502.01154,1080.2363,515.9301,1067.1985,617273195699943,617273229638641
516.4737,1055.696,515.9301,1067.1985,617273229768849,617273264147703
550.16266,1032.846,515.9301,1067.1985,617273264254891,617273297484526
525.07355,1037.1647,516.4737,1055.696,617273297585620,617273328838433
515.9041,1034.6918,515.9301,1037.1647,617273329012235,617273359410412
547.2778,1038.9856,516.4737,1038.9856,617273359565203,617273391907599
520.7504,1050.6879,516.4737,1038.9856,617273392200672,617273423577287
546.1318,1050.6816,520.7504,1038.9856,617273423755360,617273457578380
548.3018,1021.5613,520.7504,1038.9856,617273457765099,617273489320464
528.01306,1047.0109,528.01306,1038.9856,617273489465724,617273522819266
531.9819,1064.1324,528.01306,1038.9856,617273522980099,617273557105203
537.3886,1030.3229,528.01306,1038.9856,617273557281037,617273594190203
505.52875,1045.0925,528.01306,1038.9856,617273594389162,617273627059682
507.52402,1019.34045,528.01306,1038.9856,617273627209735,617273659204474
509.56442,1035.1511,509.56442,1038.9856,617273659367391,617273694931141
515.4679,1068.4501,515.4679,1038.9856,617273695039110,617273730609891
490.7804,1104.6819,509.56442,1038.9856,617273730710672,617273763088537
506.737,1079.6354,509.56442,1068.4501,617273763981401,617273797443745
520.2212,1077.1772,509.56442,1077.1772,617273797536453,617273830838484
501.9369,1094.0841,509.56442,1077.1772,617273830945412,617273871435828
507.28802,1062.9426,509.56442,1077.1772,617273872070099,617273903716766
491.55225,1118.2218,507.28802,1077.1772,617273903853016,617273939307234
507.01645,1104.2052,507.28802,1077.1772,617273939443328,617273970184005
567.98895,1034.2128,507.28802,1077.1772,617273974863120,617274011386401
521.90283,1070.1364,507.28802,1077.1772,617274012825880,617274049700359
536.8961,1061.1506,521.90283,1070.1364,617274049863432,617274084285411
556.5118,1058.5525,521.90283,1070.1364,617274084452130,617274118608953
522.5476,1085.7886,522.5476,1070.1364,617274118793484,617274156822911
496.91873,1098.7579,521.90283,1070.1364,617274156915932,617274189427026
539.48334,1067.7888,522.5476,1070.1364,617274189531036,617274223175255
523.1073,1137.0062,522.5476,1070.1364,617274223274422,617274257202547
524.5464,1141.8853,523.1073,1070.1364,617274257396557,617274290167807
522.9042,1110.3379,522.9042,1110.3379,617274290364943,617274321727807
533.05865,1085.4292,523.1073,1085.4292,617274321885359,617274353187234
541.6869,1076.6818,523.1073,1085.4292,617274353353484,617274385545776
539.27277,1054.972,533.05865,1085.4292,617274385724161,617274419800359
554.6056,1113.9475,539.27277,1085.4292,617274419964266,617274454071922
497.74786,1028.908,533.05865,1085.4292,617274454230776,617274489487390
496.4806,1099.7711,533.05865,1085.4292,617274489605932,617274522005672
553.8438,1107.5985,533.05865,1085.4292,617274522175620,617274555745411
537.68884,1053.9116,533.05865,1085.4292,617274555917807,617274588392963
579.76,1034.1062,537.68884,1085.4292,617274588509838,617274621300880
583.7944,1078.8799,537.68884,1078.8799,617274621395515,617274657726765
543.06244,1054.5852,543.06244,1078.8799,617274657837599,617274693456297
501.84674,1104.2036,537.68884,1078.8799,617274693703484,617274725020411
538.6268,1084.0905,538.6268,1078.8799,617274725148745,617274756890567
542.3427,1038.7893,538.6268,1078.8799,617274757085359,617274789321140
517.79395,1058.576,538.6268,1078.8799,617274789428849,617274826070828
558.9875,1053.2231,538.6268,1058.576,617274826212442,617274858059890
559.1851,1057.8136,538.6268,1058.576,617274858237390,617274890870099
576.7234,1029.438,558.9875,1057.8136,617274891037286,617274922837130
557.5118,1033.9397,557.5118,1057.8136,617274923030203,617274954891713
577.6877,1059.0183,558.9875,1057.8136,617274955002234,617274986368692
569.504,1037.2385,558.9875,1057.8136,617274986478797,617275020478849
569.73376,1046.8298,569.504,1057.8136,617275020599317,617275050894630
629.63965,1058.6804,569.504,1057.8136,617275050999942,617275091678901
612.5221,1099.7557,569.73376,1057.8136,617275091794942,617275126431869
574.71,1072.9268,574.71,1058.6804,617275126539161,617275156578744
611.755,1076.4285,574.71,1072.9268,617275156760046,617275188268849
646.1477,1086.6703,574.71,1072.9268,617275188457755,617275222496349
621.2181,1085.7415,611.755,1076.4285,617275222596192,617275253841921
586.89215,1082.8055,586.89215,1082.8055,617275254030984,617275290322651
566.0322,1056.3832,586.89215,1076.4285,617275290432599,617275322232755
614.8238,1073.8002,586.89215,1076.4285,617275322345724,617275356250255
551.70605,1070.0604,586.89215,1073.8002,617275356356401,617275388735619
530.55774,1080.5704,586.89215,1076.4285,617275388848067,617275422106973
616.3942,1076.7946,586.89215,1076.4285,617275422278223,617275457396713
619.1321,1124.8221,586.89215,1076.7946,617275457506609,617275493334473
641.3594,1094.1555,616.3942,1076.7946,617275493438223,617275524100151
555.587,1060.156,586.89215,1076.7946,617275524256973,617275577829890
562.7394,1059.1082,586.89215,1076.7946,617275577924109,617275610676973
574.4733,1059.1854,574.4733,1060.156,617275610779213,617275646328744
580.6928,1042.8718,580.6928,1059.1854,617275646463484,617275682354161
602.46295,1066.4003,580.6928,1060.156,617275687731609,617275727116661
587.2719,1046.9104,580.6928,1059.1854,617275727215984,617275759259525
585.8189,1018.5924,585.8189,1059.1854,617275759367598,617275809409265
549.0023,1027.3378,580.6928,1046.9104,617275809499994,617275842413432
511.0588,1045.6036,580.6928,1045.6036,617275842602286,617275876318640
490.85593,1062.7059,549.0023,1046.9104,617275876468275,617275909037755
547.2009,1070.1311,547.2009,1046.9104,617275909977650,617275945067911
556.50433,1069.8024,549.0023,1062.7059,617275945174786,617275979271557
561.25073,1039.3385,549.0023,1046.9104,617275979467963,617276014813848
567.44684,1042.0848,556.50433,1046.9104,617276015462025,617276048999942
592.0451,1024.1598,561.25073,1042.0848,617276049634317,617276092610619
542.7731,1048.247,556.50433,1046.9104,617276092699786,617276125322234
575.1664,1044.4799,561.25073,1044.4799,617276125455411,617276156835827
574.4395,1027.9896,561.25073,1044.4799,617276156989265,617276189292025
582.9473,1029.277,574.4395,1044.4799,617276189417390,617276223406140
536.96796,1042.0011,561.25073,1042.0011,617276223510307,617276258602442
597.8092,1045.9384,574.4395,1044.4799,617276258706088,617276292407234
553.88556,1030.6494,561.25073,1042.0011,617276292516921,617276326716140
559.8338,1049.32,561.25073,1044.4799,617276326818536,617276359458431
537.6039,1002.88135,559.8338,1042.0011,617276359577286,617276393783536
574.0141,1036.9008,561.25073,1042.0011,617276394378431,617276425801556
563.4389,1016.97925,561.25073,1036.9008,617276425909109,617276459193067
578.1953,1060.0979,563.4389,1042.0011,617276459307598,617276493459108
592.9548,1012.1172,563.4389,1036.9008,617276493558588,617276524481921
543.0925,1042.1445,563.4389,1042.0011,617276524578327,617276558530931
584.27295,1052.4026,563.4389,1042.0011,617276558650619,617276594483015
540.67035,1061.2781,563.4389,1042.1445,617276594651608,617276629149161
537.9274,1054.6881,563.4389,1052.4026,617276629280827,617276667025567
533.7928,1057.5094,540.67035,1054.6881,617276667116348,617276701488796
551.03357,1051.6481,551.03357,1052.4026,617276701576088,617276732673275
537.7286,1063.4436,540.67035,1054.6881,617276732785410,617276762830567
554.71136,1047.6577,551.03357,1052.4026,617276763002963,617276792979108
564.7557,1048.454,551.03357,1052.4026,617276793505775,617276834267285
556.5788,1017.2249,554.71136,1048.454,617276834367754,617276864599056
557.7155,1027.2202,556.5788,1048.454,617276864786713,617276896282754
572.58563,1021.62427,556.5788,1027.2202,617276896458640,617276928305983
581.4182,1032.6348,557.7155,1032.6348,617276928489629,617276971523327
575.0865,1027.6356,572.58563,1027.6356,617276971676140,617277002545515
572.90753,1037.9269,572.90753,1032.6348,617277010021973,617277043254265
566.7032,1036.1836,572.58563,1032.6348,617277043426400,617277080770515
535.22986,1051.6433,572.58563,1036.1836,617277080873223,617277117042962
583.2619,1057.5262,572.58563,1036.1836,617277117212077,617277148280306
550.01587,1076.004,572.58563,1051.6433,617277148366921,617277182176400
546.84174,1046.3351,572.58563,1046.3351,617277182257233,617277215428171
577.0044,1021.7712,572.58563,1046.3351,617277215613014,617277249989473
548.67773,1038.6306,572.58563,1046.3351,617277250164994,617277282351348
549.8081,1035.4939,572.58563,1038.6306,617277282505306,617277315485358
532.52686,1053.3909,549.8081,1046.3351,617277315660410,617277348934889
582.4166,1023.00323,572.58563,1038.6306,617277349085775,617277384776973
617.0337,993.2997,572.58563,1038.6306,617277384928483,617277416152754
542.8852,1014.87787,572.58563,1023.00323,617277416325931,617277449792910
599.2639,991.17834,572.58563,1014.87787,617277449941921,617277483231296
592.7341,1002.40906,572.58563,1014.87787,617277483346712,617277520094837
585.1743,967.37915,585.1743,1002.40906,617277520216504,617277555789004
578.4821,992.52277,578.4821,1002.40906,617277555895410,617277607244368
547.98083,995.06836,578.4821,995.06836,617277607329941,617277666134525
560.69244,1047.2358,578.4821,1002.40906,617277666242025,617277700523327
552.9717,1055.022,560.69244,1002.40906,617277700625098,617277732670931
522.44977,1058.2776,560.69244,1047.2358,617277732771973,617277764562598
597.25586,1028.4224,560.69244,1028.4224,617277764661973,617277793982754
567.9466,1025.692,560.69244,1028.4224,617277794167285,617277824690566
561.10675,1031.4197,561.10675,1028.4224,617277824920202,617277857689525
562.42017,1026.0872,561.10675,1028.4224,617277857791660,617277889984525
581.60815,1026.4321,561.10675,1028.4224,617277890091452,617277924252858
520.95575,1054.6128,561.10675,1028.4224,617277924712441,617277967919785
541.0634,1019.88995,561.10675,1028.4224,617277968050306,617278001406712
552.63776,1046.7424,552.63776,1028.4224,617278001592181,617278045090722
545.4146,1045.4165,552.63776,1028.4224,617278045198691,617278077045150
522.1341,1098.3765,552.63776,1045.4165,617278077138900,617278107905618
551.3092,1015.4645,551.3092,1028.4224,617278108093639,617278138701816
558.56635,1020.2512,552.63776,1028.4224,617278138796139,617278174130983
551.26416,1007.27167,551.3092,1020.2512,617278175886452,617278207588014
560.54913,988.07587,552.63776,1020.2512,617278207663118,617278241788847
526.69995,983.1001,551.3092,1007.27167,617278241949577,617278276044577
573.8086,999.57855,552.63776,999.57855,617278276229108,617278311340358
527.98254,1026.7721,551.3092,1007.27167,617278311527597,617278350258952
565.0247,1016.2067,552.63776,1007.27167,617278350461504,617278383347441
555.9436,1036.6556,552.63776,1016.2067,617278383516816,617278416822545
516.467,1075.3441,552.63776,1016.2067,617278417012649,617278450827806
544.66547,1025.565,552.63776,1025.565,617278450974420,617278482792754
564.2739,969.90393,552.63776,1016.2067,617278482978274,617278529605306
610.59973,1054.5377,552.63776,1025.565,617278530550670,617278564318118
613.45447,1076.0234,564.2739,1025.565,617278564539264,617278602289004
603.18774,1056.9835,603.18774,1054.5377,617278602479629,617278634196399
591.2132,1069.3358,591.2132,1056.9835,617278634320201,617278666888274
606.84515,1071.2574,603.18774,1056.9835,617278666981295,617278698595722
593.27374,1120.7573,593.27374,1069.3358,617278698710358,617278731475826
614.73553,1051.4127,603.18774,1056.9835,617278731609681,617278762881139
601.40204,1039.697,601.40204,1056.9835,617278762967337,617278795194576
590.2061,1022.39874,601.40204,1051.4127,617278795307910,617278825521816
583.4503,1002.1737,601.40204,1039.697,617278826343431,617278857033378
597.02545,995.95764,597.02545,1022.39874,617278857185774,617278889540358
608.6619,1022.9644,601.40204,1022.9644,617278889694524,617278922850149
603.63684,999.49994,601.40204,1022.39874,617278922947493,617278955461295
568.4891,1018.3345,601.40204,1022.39874,617278955565253,617278987990149
570.2593,1024.8954,601.40204,1022.39874,617278988103378,617279021502389
608.0936,1003.5766,601.40204,1022.39874,617279021594628,617279053838014
610.60406,1073.9785,601.40204,1022.39874,617279053935826,617279085858587
574.1756,1043.7089,601.40204,1022.39874,617279085949680,617279121964680
557.1741,1031.682,601.40204,1031.682,617279122990982,617279160448014
571.99677,1046.678,574.1756,1031.682,617279160666139,617279195730826
572.6988,1028.482,572.6988,1031.682,617279195906347,617279226856451
569.4202,1052.9905,572.6988,1031.682,617279227014941,617279257443326
522.5552,1073.8298,572.6988,1031.682,617279257618066,617279295353014
576.254,1068.9376,572.6988,1052.9905,617279295475826,617279325758534
585.506,1005.3682,572.6988,1031.682,617279325890670,617279365804107
569.939,1023.02106,572.6988,1031.682,617279365915930,617279396811399
555.2166,1041.0823,572.6988,1031.682,617279396997284,617279430024055
566.3621,1010.1225,569.939,1031.682,617279430209055,617279461585618
525.4949,1061.7579,566.3621,1031.682,617279462044212,617279497455097
549.8463,1040.5873,566.3621,1031.682,617279497573639,617279531717441
603.48865,1030.6506,566.3621,1031.682,617279531809003,617279564740149
592.38385,1037.3522,566.3621,1031.682,617279564834420,617279595496347
557.9538,1028.3075,566.3621,1031.682,617279595669941,617279626737284
536.7996,962.0369,566.3621,1031.682,617279626907649,617279657950097
546.54236,991.74,557.9538,1028.3075,617279658105514,617279694846868
537.83,1030.408,546.54236,1030.408,617279694964368,617279725877336
563.3611,1060.3899,557.9538,1030.408,617279726050253,617279759848951
514.3106,1039.8612,546.54236,1030.408,617279760079680,617279793457545
569.24036,1030.6934,557.9538,1030.6934,617279793646451,617279826451607
539.9928,1033.486,546.54236,1030.6934,617279826639368,617279860617753
545.2891,1018.60956,546.54236,1030.6934,617279860805566,617279896579888
521.6369,1048.691,545.2891,1030.6934,617279896747805,617279931114888
547.9234,979.21124,546.54236,1030.6934,617279931342649,617279967129159
553.3206,984.0659,546.54236,1030.6934,617279967240045,617279999319420
524.2744,1023.57465,546.54236,1023.57465,617279999413951,617280031562701
535.7852,1054.3844,546.54236,1030.6934,617280031733170,617280063204784
535.581,1000.3399,535.7852,1023.57465,617280063405357,617280095272128
536.6477,1084.1461,536.6477,1030.6934,617280095459576,617280131691451
585.81726,1019.77216,536.6477,1023.57465,617280131843638,617280163906086
560.0628,1021.034,536.6477,1023.57465,617280164125461,617280199305513
587.6804,1043.6812,560.0628,1023.57465,617280199499524,617280232105045
606.009,1033.5366,560.0628,1023.57465,617280232299420,617280268734263
601.64764,1043.7272,587.6804,1033.5366,617280268909888,617280299835722
594.2799,1047.5352,594.2799,1033.5366,617280300610722,617280331468795
550.2204,1022.23285,587.6804,1033.5366,617280331574680,617280366254263
551.9584,1034.9657,587.6804,1033.5366,617280366375409,617280406474159
535.4532,1027.5723,551.9584,1033.5366,617280406566711,617280441732336
534.537,1059.0876,551.9584,1033.5366,617280441817232,617280475549211
505.45453,1062.1808,535.4532,1033.5366,617280475655357,617280508534992
537.1112,1006.92975,537.1112,1033.5366,617280508622440,617280539277128
547.8108,1001.1514,537.1112,1033.5366,617280539384732,617280569204524
538.43646,1024.5461,537.1112,1024.5461,617280570939940,617280601531138
526.8715,1035.0782,537.1112,1033.5366,617280601622388,617280636770826
531.59625,1018.14716,537.1112,1024.5461,617280636889576,617280667736607
529.9239,1050.5149,531.59625,1033.5366,617280667819888,617280697297753
558.0805,1065.1382,537.1112,1033.5366,617280697405930,617280728843169
573.8802,1040.0737,537.1112,1040.0737,617280729033013,617280767569576
583.7855,1059.6727,558.0805,1040.0737,617280767674263,617280798789055
585.13727,1061.1024,573.8802,1040.0737,617280798969263,617280831563273
597.1494,1058.4325,583.7855,1058.4325,617280831670409,617280861408742
574.7413,1005.0537,574.7413,1040.0737,617280861563169,617280896582128
580.40436,1023.881,580.40436,1040.0737,617280896709992,617280931545565
593.26404,1011.01,580.40436,1023.881,617280931644784,617280963183638
588.097,1010.8099,580.40436,1023.881,617280963349107,617280997216659
536.3423,1043.7153,580.40436,1023.881,617280997424211,617281035369940
522.76447,1041.6638,580.40436,1023.881,617281035490878,617281067711659
533.35675,1052.0916,536.3423,1041.6638,617281067810669,617281102003378
573.4442,1027.9991,573.4442,1027.9991,617281102901659,617281137108482
572.85846,1012.1782,572.85846,1027.9991,617281137201294,617281168635148
595.5046,1019.9438,573.4442,1027.9991,617281168746711,617281200957232
580.45026,999.9068,573.4442,1019.9438,617281201066503,617281232717075
529.4259,1032.2108,573.4442,1027.9991,617281232823950,617281266653482
578.53485,1035.352,573.4442,1027.9991,617281266746763,617281308194107
561.4843,1012.8843,573.4442,1027.9991,617281308299211,617281337625721
567.0683,1017.6497,573.4442,1027.9991,617281338403221,617281372513065
563.2585,1017.5543,567.0683,1017.6497,617281372591607,617281402091867
568.59607,1025.7621,568.59607,1025.7621,617281402199992,617281433118898
537.86816,1053.2994,567.0683,1025.7621,617281433218638,617281464974575
545.5479,1032.2517,567.0683,1025.7621,617281465133482,617281495513690
572.671,1066.6528,567.0683,1032.2517,617281495711138,617281530783117
516.68353,1079.3274,567.0683,1032.2517,617281530890825,617281561958325
562.73773,1043.9491,567.0683,1043.9491,617281562073325,617281596964002
553.4925,1008.1111,562.73773,1032.2517,617281597069002,617281629885461
544.51904,1031.5709,562.73773,1032.2517,617281629993013,617281670582492
515.9863,1064.2163,553.4925,1032.2517,617281671860252,617281706835252
537.2496,1049.6478,544.51904,1032.2517,617281707002492,617281741232075
551.59827,1038.1787,551.59827,1038.1787,617281741417752,617281771880825
508.26865,1049.7758,544.51904,1038.1787,617281773572856,617281803592284
510.62405,1034.1356,544.51904,1038.1787,617281805725773,617281837975356
539.95435,1046.3706,539.95435,1038.1787,617281838919106,617281868691450
513.89197,1041.3606,539.95435,1038.1787,617281868833169,617281899718325
504.2563,1028.7242,539.95435,1038.1787,617281899826919,617281932125825
522.0721,1054.6948,522.0721,1038.1787,617281932225408,617281968267179
512.05133,1040.3257,522.0721,1038.1787,617281968464523,617281998247023
547.6806,1010.20416,522.0721,1038.1787,617281998353169,617282033879211
546.1937,1022.8705,522.0721,1038.1787,617282034058533,617282067453117
558.8236,1018.2052,546.1937,1022.8705,617282067573273,617282102231450
557.1345,1022.3506,546.1937,1022.8705,617282102424054,617282134919419
562.9016,1005.87756,557.1345,1022.3506,617282135111710,617282170119679
529.4995,1022.73663,546.1937,1022.73663,617282170246867,617282203605929
525.87805,1025.4775,546.1937,1022.73663,617282203781606,617282240121606
495.04086,1021.67,529.4995,1022.73663,617282240215356,617282271122596
563.1086,1008.82184,546.1937,1022.73663,617282271222544,617282303894106
600.86487,994.00336,546.1937,1021.67,617282304122804,617282335733846
540.23206,1031.2096,546.1937,1022.73663,617282335957804,617282368558117
578.82477,1040.2943,546.1937,1022.73663,617282368753585,617282401634002
589.2601,1030.053,546.1937,1030.053,617282401816554,617282436814679
602.49677,1031.583,578.82477,1030.053,617282436997179,617282469034575
584.207,1054.7664,584.207,1030.053,617282469214210,617282503044783
551.71295,1076.0198,578.82477,1031.583,617282503230460,617282535624158
543.5557,1052.0575,578.82477,1052.0575,617282535802231,617282566485565
557.02124,1062.2833,557.02124,1052.0575,617282566662023,617282598610304
533.5917,1039.0658,557.02124,1052.0575,617282598864471,617282637070148
527.98926,1036.4519,557.02124,1052.0575,617282637275773,617282668338585
499.20654,1031.4099,533.5917,1039.0658,617282668516971,617282703351189
525.4421,1058.0449,527.98926,1052.0575,617282705295929,617282741495356
506.426,1018.98627,525.4421,1039.0658,617282741575721,617282773607023
521.4418,1068.0114,525.4421,1052.0575,617282773742908,617282803571971
528.5738,1078.9454,525.4421,1052.0575,617282803747544,617282836110148
525.5448,1057.0449,525.4421,1057.0449,617282836298273,617282868513481
567.2413,1017.51654,525.5448,1052.0575,617282868703898,617282907608429
587.00714,1050.7634,525.5448,1052.0575,617282907767804,617282939041085
553.1664,991.4211,553.1664,1050.7634,617282939137544,617282972225356
546.0896,1004.76184,546.0896,1050.7634,617282972441710,617283002893116
568.93976,1065.3025,553.1664,1050.7634,617283003035616,617283036379002
536.52704,994.04645,546.0896,1050.7634,617283036566762,617283068877596
522.52246,1037.4755,546.0896,1050.7634,617283068975564,617283097424002
530.8982,1067.9984,536.52704,1050.7634,617283097514627,617283132765304
535.5217,1055.6045,535.5217,1050.7634,617283132923689,617283169979002
526.10126,1042.7588,535.5217,1050.7634,617283170071189,617283202087700
546.7612,1046.6534,535.5217,1050.7634,617283202285877,617283233853950
550.63403,1078.3091,535.5217,1050.7634,617283234030825,617283264748533
541.63416,1090.425,541.63416,1050.7634,617283264926970,617283301005304
512.89966,1079.7517,535.5217,1078.3091,617283301182752,617283334006502
553.451,1088.2238,541.63416,1079.7517,617283334174210,617283369929627
513.5276,1057.2828,535.5217,1078.3091,617283370108637,617283400832595
532.949,1063.3091,535.5217,1078.3091,617283401013585,617283433876450
507.08014,1076.7473,532.949,1076.7473,617283434074002,617283463561762
469.12817,1059.8894,532.949,1076.7473,617283463826293,617283497685356
498.59888,1075.6683,507.08014,1076.7473,617283497813793,617283529944679
483.0205,1044.0552,498.59888,1075.6683,617283530772075,617283564657387
501.99548,1032.1516,501.99548,1075.6683,617283564819991,617283603754783
495.55765,1061.5814,498.59888,1061.5814,617283603881606,617283637440512
521.66364,1055.5344,501.99548,1061.5814,617283637624991,617283671707439
490.60022,1065.4784,498.59888,1061.5814,617283671806710,617283707604574
523.3415,1102.665,501.99548,1061.5814,617283707760564,617283738968324
536.78894,1095.2815,501.99548,1065.4784,617283739160252,617283770357231
549.86816,1146.3884,523.3415,1095.2815,617283770512595,617283801743689
474.14517,1085.3552,501.99548,1085.3552,617283801919574,617283836770460
528.1263,1063.2382,523.3415,1085.3552,617283836960043,617283867590824
532.61237,1128.1185,523.3415,1085.3552,617283867698220,617283899776137
578.29675,1147.974,528.1263,1085.3552,617283900573897,617283930453012
544.32227,1086.7755,532.61237,1086.7755,617283930634366,617283965349470
515.39954,1136.1729,528.1263,1086.7755,617283965498012,617283997514783
540.6907,1050.4183,532.61237,1086.7755,617283997624366,617284029814418
527.8195,1069.6505,528.1263,1086.7755,617284029979054,617284079151606
533.59015,1074.4722,532.61237,1074.4722,617284079540876,617284111770668
518.0935,1077.3031,528.1263,1077.3031,617284111887178,617284142948533
515.468,1124.2751,528.1263,1077.3031,617284144042803,617284177601918
535.7311,1109.5767,528.1263,1077.3031,617284177697751,617284212885095
553.1353,1130.0594,528.1263,1109.5767,617284212995356,617284247509991
540.1287,1108.1074,535.7311,1108.1074,617284249388272,617284282014522
545.9665,1117.7747,540.1287,1109.5767,617284284637595,617284316747699
555.16394,1094.6082,540.1287,1108.1074,617284318168793,617284350073480
532.858,1103.826,540.1287,1108.1074,617284350525928,617284387003428
546.3949,1111.0768,540.1287,1108.1074,617284387178428,617284422289418
538.7911,1122.9521,540.1287,1108.1074,617284422380668,617284464511605
567.42633,1096.9098,540.1287,1108.1074,617284464700355,617284498260251
540.6865,1091.6566,540.1287,1108.1074,617284498449210,617284530531397
538.5624,1106.6284,540.1287,1106.6284,617284530712491,617284573316241
554.8527,1074.4963,540.1287,1106.6284,617284573409835,617284605040355
550.3747,1074.3885,540.1287,1106.6284,617284605294678,617284635754887
559.7446,1067.561,550.3747,1074.4963,617284635864210,617284668670460
547.19434,1060.7258,547.19434,1074.3885,617284668776085,617284699490355
554.52924,1079.4775,550.3747,1074.4963,617284699592335,617284731940355
573.76746,1078.124,550.3747,1074.4963,617284732144105,617284763817074
547.79236,1099.5825,550.3747,1078.124,617284763975564,617284797312074
562.3188,1096.6339,550.3747,1078.124,617284797466189,617284830615407
584.15405,1082.3529,550.3747,1082.3529,617284831619262,617284865256137
587.91003,1099.5995,562.3188,1082.3529,617284865441084,617284899567751
578.9979,1106.4999,578.9979,1082.3529,617284899757647,617284934568064
595.3056,1106.549,578.9979,1099.5995,617284934759939,617284966299626
602.7029,1091.3353,578.9979,1091.3353,617284966496449,617285003399001
587.4437,1059.7703,587.4437,1091.3353,617285003519418,617285035427595
556.57495,1087.2864,578.9979,1091.3353,617285035547282,617285070446709
535.3498,1062.6006,578.9979,1087.2864,617285070550980,617285099682178
521.9963,1076.7913,556.57495,1087.2864,617285099851084,617285130763584
530.56665,1089.65,535.3498,1087.2864,617285131146084,617285163136345
546.7409,1092.1908,546.7409,1087.2864,617285164590459,617285197943324
556.8149,1091.9633,546.7409,1089.65,617285198043011,617285230611501
561.2099,1054.3292,546.7409,1087.2864,617285230793324,617285264073845
572.91504,1064.1328,556.8149,1087.2864,617285264258636,617285298564053
540.8617,1081.0577,546.7409,1081.0577,617285298655199,617285331066605
567.889,1055.3998,556.8149,1081.0577,617285331270251,617285362930511
535.1717,1111.6069,546.7409,1081.0577,617285363102647,617285396264001
572.6254,1076.0862,556.8149,1081.0577,617285396405668,617285430055355
588.06067,1042.6512,556.8149,1081.0577,617285430204157,617285467281865
570.976,1087.3937,570.976,1081.0577,617285467450720,617285500842855
537.1222,1058.9552,556.8149,1081.0577,617285501025407,617285539650511
553.5737,1075.5103,556.8149,1081.0577,617285539781918,617285574183688
524.3165,1062.9778,553.5737,1075.5103,617285574366188,617285606671865
541.48346,1070.1681,553.5737,1075.5103,617285606841865,617285645182230
534.0171,1061.0928,541.48346,1070.1681,617285645293220,617285675887490
531.6642,1081.5121,541.48346,1075.5103,617285676456397,617285707328688
515.7569,1065.807,534.0171,1070.1681,617285707437542,617285737117126
498.95944,1092.0164,531.6642,1075.5103,617285737302386,617285767460772
504.2209,1066.6006,515.7569,1070.1681,617285767629105,617285798746709
515.1305,1089.5765,515.1305,1075.5103,617285798867126,617285833308897
525.9317,1041.3317,515.7569,1070.1681,617285833496970,617285871713167
550.1456,1035.2642,515.7569,1070.1681,617285871888063,617285902946709
555.4279,1034.614,525.9317,1041.3317,617285903085772,617285935824574
544.3841,1074.1511,544.3841,1070.1681,617285936059053,617285991899782
544.65845,1076.4922,544.3841,1070.1681,617285991998792,617286026990667
548.3572,1106.0957,544.3841,1074.1511,617286027091344,617286059813167
544.81586,1083.9973,544.65845,1076.4922,617286059959261,617286093583167
554.53296,1074.125,544.81586,1074.1511,617286094617178,617286130273740
558.2999,1104.9474,544.81586,1076.4922,617286130435407,617286163031396
553.17096,1139.2115,553.17096,1076.4922,617286163211032,617286194389938
570.7611,1097.6208,553.17096,1097.6208,617286194557282,617286228769990
551.79443,1114.7903,553.17096,1097.6208,617286228939990,617286263027438
525.2026,1095.8594,553.17096,1097.6208,617286263209001,617286295937282
520.77454,1057.8748,551.79443,1097.6208,617286296167594,617286328449365
522.1617,1065.8215,525.2026,1095.8594,617286328576292,617286362007021
522.61395,1063.1676,522.61395,1065.8215,617286362101917,617286394171084
546.6413,1021.40204,525.2026,1065.8215,617286394333896,617286427756553
554.7317,1032.5371,525.2026,1063.1676,617286428647386,617286461125615
502.05502,1010.72675,525.2026,1032.5371,617286462316240,617286497035719
554.24207,1024.3973,525.2026,1032.5371,617286497125042,617286532550198
567.1235,1074.5133,525.2026,1032.5371,617286532705771,617286565641553
540.1615,1093.0511,540.1615,1032.5371,617286565824417,617286599370928
564.48773,1077.6178,540.1615,1074.5133,617286599519678,617286635053167
584.53766,1071.3671,540.1615,1071.3671,617286635210303,617286664972230
538.2351,1087.6576,540.1615,1074.5133,617286665135407,617286698086761
569.45953,1057.3862,540.1615,1071.3671,617286698275459,617286729862802
538.9431,1103.7356,540.1615,1074.5133,617286729965250,617286762020198
537.8189,1041.7664,540.1615,1071.3671,617286762175407,617286793353584
523.6294,1072.7069,538.9431,1072.7069,617286793499105,617286827266917
528.37634,1089.5604,537.8189,1072.7069,617286827703792,617286859956917
535.50867,1094.2236,535.50867,1072.7069,617286860257386,617286894414730
531.1463,1116.6277,535.50867,1089.5604,617286894512802,617286949239417
521.364,1062.3533,535.50867,1072.7069,617286949325511,617286983989938
550.06116,1058.5833,535.50867,1072.7069,617286984097698,617287020707750
558.22485,1078.4545,535.50867,1072.7069,617287020853271,617287051487854
531.92883,1074.5383,535.50867,1072.7069,617287051576032,617287086388688
555.91144,1056.231,535.50867,1072.7069,617287086862229,617287118581448
564.1301,1059.325,535.50867,1072.7069,617287118674261,617287154832594
568.3198,1054.7091,555.91144,1059.325,617287154921084,617287186008948
496.83383,1096.0872,535.50867,1072.7069,617287188380667,617287224268688
512.3114,1105.8098,535.50867,1072.7069,617287224915823,617287261475823
502.44934,1070.2742,512.3114,1072.7069,617287261565979,617287292954052
511.83313,1063.782,512.3114,1072.7069,617287293278584,617287323901344
516.825,1043.0311,512.3114,1070.2742,617287323986396,617287356887021
503.43893,1025.0868,512.3114,1063.782,617287357032750,617287388988531
518.436,1071.7162,512.3114,1070.2742,617287390025563,617287431717750
508.53983,1069.6385,512.3114,1069.6385,617287431823479,617287468741136
506.1026,1107.0465,512.3114,1070.2742,617287468923323,617287500054261
524.7959,1061.5757,512.3114,1069.6385,617287500198896,617287532650719
518.77905,1062.4677,512.3114,1069.6385,617287532774313,617287565396969
516.5203,1092.6292,516.5203,1069.6385,617287565513219,617287597267229
505.15936,1083.9485,512.3114,1069.6385,617287597445354,617287629076396
522.9871,1063.3286,516.5203,1069.6385,617287629191865,617287662979260
542.04626,1070.1527,516.5203,1069.6385,617287663094000,617287697615510
540.7345,1085.3026,522.9871,1069.6385,617287697805302,617287734019990
553.46295,1101.8853,540.7345,1070.1527,617287734198115,617287771804625
573.4153,1093.2689,540.7345,1085.3026,617287772834156,617287803456604
567.0557,1091.195,553.46295,1091.195,617287803588583,617287835866969
542.3858,1026.0126,542.3858,1085.3026,617287836149937,617287865934937
538.3622,1042.3585,542.3858,1085.3026,617287866055771,617287913385979
547.8357,1016.79596,542.3858,1042.3585,617287913465875,617287950539625
525.86505,1047.089,542.3858,1047.089,617287950613896,617287986209417
536.55554,1074.637,542.3858,1047.089,617287986304990,617288021891135
532.56964,1062.3845,536.55554,1047.089,617288022135927,617288062177385
525.1393,1077.0244,536.55554,1062.3845,617288062335667,617288097875667
546.8138,1058.9508,536.55554,1058.9508,617288098024833,617288129364156
533.3527,1066.2631,536.55554,1062.3845,617288129549833,617288161854000
566.68774,1076.518,536.55554,1062.3845,617288162012125,617288193794781
569.4769,1039.2554,536.55554,1062.3845,617288193943635,617288228856917
559.77686,1062.7205,559.77686,1062.3845,617288229019781,617288261595771
573.9878,1081.1305,559.77686,1062.3845,617288261774833,617288300064208
572.4534,1050.4728,559.77686,1062.3845,617288300170354,617288333967021
541.22015,1038.1147,559.77686,1062.3845,617288334076083,617288369673114
530.88885,1053.9369,559.77686,1053.9369,617288369779729,617288403951969
498.18466,1026.6448,541.22015,1053.9369,617288404146500,617288448617229
531.78253,1074.5924,531.78253,1053.9369,617288449308219,617288493573687
542.9483,1036.3688,541.22015,1053.9369,617288493745875,617288527648427
554.19147,1020.42615,541.22015,1053.9369,617288527761031,617288569896552
562.1507,1075.5132,542.9483,1053.9369,617288570047177,617288602525823
546.53015,1043.2803,546.53015,1053.9369,617288602625041,617288635227073
558.84546,1081.4163,546.53015,1053.9369,617288635333271,617288666963010
552.73883,1058.8389,546.53015,1053.9369,617288667082125,617288698991760
562.6307,1074.5281,552.73883,1058.8389,617288699190718,617288730322177
574.47284,1074.6624,552.73883,1058.8389,617288730430875,617288765927958
586.1373,1058.8804,562.6307,1058.8804,617288766040198,617288800712437
574.6443,1077.9066,574.47284,1058.8804,617288800876968,617288836191187
576.4957,1085.4677,574.6443,1058.8804,617288836306500,617288868341448
569.5713,1095.561,574.47284,1077.9066,617288868462229,617288917624156
542.6578,1080.942,574.47284,1080.942,617288917716239,617288950557541
552.3427,1068.3033,569.5713,1077.9066,617288951983166,617288988065510
546.1964,1090.076,552.3427,1080.942,617288988282333,617289022912750
572.6144,1109.7692,569.5713,1080.942,617289023007697,617289057034937
575.48016,1074.4581,569.5713,1080.942,617289057201291,617289092236239
556.74976,1080.4386,569.5713,1080.942,617289092323947,617289125256447
539.26746,1122.3708,569.5713,1080.942,617289125404312,617289157178114
520.432,1158.0143,556.74976,1080.942,617289157301187,617289188550041
509.57806,1135.9126,539.26746,1122.3708,617289188697385,617289221220406
538.4577,1078.8319,538.4577,1080.942,617289221353843,617289254808427
507.8487,1096.642,538.4577,1096.642,617289254978010,617289286404624
500.99796,1063.5118,538.4577,1080.942,617289286501708,617289322026291
524.86285,1085.7781,524.86285,1085.7781,617289322200145,617289355257645
528.63055,1028.0674,528.63055,1080.942,617289357227124,617289391582749
553.33057,1045.5165,528.63055,1080.942,617289391685614,617289428798947
589.01764,1025.8528,528.63055,1045.5165,617289428901656,617289459298739
558.7545,1016.03046,553.33057,1045.5165,617289459462801,617289490405093
556.1078,1027.7595,556.1078,1027.7595,617289490499520,617289524238426
553.2892,1030.0287,553.33057,1030.0287,617289524413322,617289557074364
545.3381,1077.5973,553.33057,1030.0287,617289557252541,617289591707020
556.1882,1074.5349,553.33057,1030.0287,617289591889364,617289624795614
537.9777,1082.2712,553.33057,1074.5349,617289624962176,617289661028843
540.2856,1047.4106,553.33057,1047.4106,617289661124676,617289693560145
542.44037,1059.7745,542.44037,1059.7745,617289693666603,617289729633583
543.5636,1063.6249,543.5636,1059.7745,617289729730562,617289762502072
548.80164,1048.1508,543.5636,1059.7745,617289762673999,617289794196291
542.9494,1081.202,543.5636,1059.7745,617289794364208,617289826309208
551.49585,1074.067,543.5636,1059.7745,617289826493635,617289873454312
560.07684,1089.294,543.5636,1074.067,617289873598947,617289910109728
549.51416,1120.9137,549.51416,1074.067,617289910273478,617289947356135
572.7731,1111.6781,549.51416,1089.294,617289947500093,617289979299312
589.9176,1093.1655,549.51416,1093.1655,617289979425458,617290013113687
563.7934,1063.4355,563.7934,1089.294,617290013206968,617290043134103
563.1943,1063.8322,563.1943,1089.294,617290050159520,617290084494155
534.29083,1067.5256,563.1943,1067.5256,617290086118062,617290117112385
543.983,1070.1144,563.1943,1070.1144,617290117610822,617290159934937
542.52,1052.0284,543.983,1067.5256,617290160124624,617290195523843
543.5618,1057.0782,543.983,1067.5256,617290195683895,617290229603634
497.05014,1091.485,543.5618,1067.5256,617290229792645,617290261215093
518.6487,1078.3906,543.5618,1067.5256,617290261404884,617290291883947
533.26544,1034.8419,533.26544,1067.5256,617290292067489,617290322803166
552.25055,1056.4042,543.5618,1067.5256,617290322973114,617290365921759
568.93823,1021.4247,543.5618,1056.4042,617290366036239,617290396285405
562.0884,1028.8668,552.25055,1056.4042,617290396391655,617290427672437
579.328,1049.1752,562.0884,1049.1752,617290427863999,617290460859676
542.6443,1039.1469,552.25055,1049.1752,617290460966291,617290494012905
541.84717,1048.8483,552.25055,1049.1752,617290494218322,617290526222853
555.8394,1021.9586,552.25055,1048.8483,617290526403322,617290560976343
555.5395,1048.2637,552.25055,1048.8483,617290561159051,617290594937853
575.51984,1064.8002,555.5395,1048.8483,617290595084468,617290631480509
565.53986,1050.6848,555.5395,1048.8483,617290631588374,617290677286291
549.393,1073.2424,555.5395,1050.6848,617290677412280,617290708679259
499.69504,1095.346,555.5395,1050.6848,617290708842957,617290739640197
520.4352,1054.231,549.393,1054.231,617290739804468,617290776306343
494.2218,1084.6052,520.4352,1054.231,617290776508634,617290808162072
535.7324,1094.1827,535.7324,1054.231,617290808364572,617290840956707
577.42865,1074.6238,535.7324,1074.6238,617290841100822,617290878495197
542.95874,1050.5415,535.7324,1054.231,617290878566707,617290913616551
511.82214,1058.9703,535.7324,1058.9703,617290913702488,617290945841134
525.1771,1075.0243,535.7324,1058.9703,617290946019311,617290976904311
552.3622,1085.6493,535.7324,1058.9703,617290978382228,617291010844051
512.5933,1129.3431,535.7324,1075.0243,617291013594884,617291047594363
500.77103,1067.6478,535.7324,1067.6478,617291048714676,617291081684728
512.0415,1086.143,512.5933,1075.0243,617291084088218,617291116869936
503.00034,1043.9868,512.0415,1067.6478,617291117026811,617291153047332
501.58667,1073.4307,512.0415,1073.4307,617291153146655,617291185979207
469.18524,1063.4215,503.00034,1067.6478,617291186137436,617291220400509
481.08383,1065.3179,501.58667,1067.6478,617291220567645,617291260189572
537.9471,1027.3566,503.00034,1065.3179,617291260352020,617291292872124
535.89355,1046.4995,503.00034,1065.3179,617291293050874,617291324321759
534.4913,1067.2798,534.4913,1065.3179,617291324413061,617291356391915
547.01733,1027.3594,534.4913,1065.3179,617291356500822,617291393166811
539.72003,1026.146,534.4913,1065.3179,617291393279311,617291425906707
516.0723,1018.6369,534.4913,1027.3594,617291426095769,617291460558061
519.6125,1029.6387,534.4913,1029.6387,617291460732176,617291496205405
531.17426,1022.69617,531.17426,1027.3594,617291496308269,617291556218009
545.42975,1012.7602,534.4913,1027.3594,617291556323999,617291593237696
522.54736,1024.0619,531.17426,1024.0619,617291593342801,617291627910665
547.0285,1032.7638,534.4913,1027.3594,617291628105717,617291659691499
541.8976,1051.5428,534.4913,1027.3594,617291659802592,617291692421915
532.028,1052.314,534.4913,1032.7638,617291692615301,617291723646655
486.85342,1054.2411,534.4913,1051.5428,617291723731134,617291755539780
527.6613,1035.0521,532.028,1035.0521,617291755656082,617291787501446
530.5086,1058.6537,530.5086,1051.5428,617291787591707,617291822054676
520.3453,1083.8679,530.5086,1051.5428,617291822223634,617291858694363
513.7379,1054.7888,530.5086,1054.7888,617291858804415,617291890850092
502.17242,1051.3584,520.3453,1051.5428,617291891024832,617291925487644
520.7494,1015.8858,520.7494,1051.5428,617291925676498,617291958438009
484.5601,1073.6741,520.3453,1051.5428,617291958621498,617291992096967
526.08325,1081.3391,520.7494,1051.5428,617291992258738,617292025788061
484.23444,1075.4376,520.3453,1073.6741,617292025901134,617292061633373
509.45776,1054.2883,520.3453,1054.2883,617292061734050,617292091856863
518.00323,1046.8579,518.00323,1054.2883,617292092169728,617292123631811
522.1318,1042.1063,520.3453,1054.2883,617292123750561,617292155411290
530.4579,1043.2253,520.3453,1046.8579,617292155496446,617292188644675
525.62427,1132.6862,522.1318,1054.2883,617292188763425,617292222395561
517.8337,1150.0714,520.3453,1054.2883,617292222506342,617292257561030
535.65845,1073.9274,522.1318,1073.9274,617292257737800,617292311034102
558.7302,1089.6686,522.1318,1073.9274,617292311123217,617292344981655
540.01355,1077.6808,535.65845,1073.9274,617292346628894,617292378821134
535.7925,1084.9789,535.7925,1077.6808,617292378897384,617292409225300
529.7086,1091.3394,535.65845,1077.6808,617292409326967,617292443639675
490.3195,1096.8888,535.65845,1084.9789,617292453159675,617292490593529
500.5201,1058.5164,529.7086,1077.6808,617292491937748,617292522427696
509.0967,1080.7687,509.0967,1080.7687,617292522567957,617292555118790
523.1644,1073.4708,523.1644,1077.6808,617292555209363,617292586856342
478.21628,1086.4197,509.0967,1080.7687,617292586944832,617292618886602
489.76086,1102.7881,509.0967,1080.7687,617292618981602,617292650552540
503.7101,1077.3455,503.7101,1080.7687,617292650642071,617292684865248
535.9664,1067.033,509.0967,1080.7687,617292684980977,617292717174259
555.1078,1060.634,509.0967,1077.3455,617292717276290,617292750632800
559.0313,1058.4102,535.9664,1067.033,617292750709519,617292784085456
583.80597,1054.0541,555.1078,1060.634,617292785621081,617292821372071
551.63104,1051.9155,551.63104,1058.4102,617292821472956,617292855501133
507.2331,1022.91003,551.63104,1054.0541,617292855665040,617292889865092
515.7565,1011.2318,551.63104,1051.9155,617292890050092,617292921406758
520.6477,1056.3055,520.6477,1054.0541,617292921548686,617292953511186
486.42645,1009.9202,520.6477,1051.9155,617292953601550,617292984545717
478.10382,1069.688,520.6477,1054.0541,617292984700821,617293018302123
524.4029,1051.583,520.6477,1051.9155,617293018444623,617293050550925
528.7287,1055.6648,520.6477,1054.0541,617293050628946,617293081867279
523.4198,1042.2551,523.4198,1051.9155,617293082363894,617293118160352
508.88974,1063.5582,520.6477,1054.0541,617293119711133,617293153719467
498.8289,1003.40955,520.6477,1051.9155,617293153877488,617293184605196
504.6992,1031.2611,508.88974,1051.9155,617293184787956,617293215798113
515.5332,1011.8293,515.5332,1031.2611,617293217202904,617293256867071
520.9516,1026.8743,515.5332,1031.2611,617293256951185,617293291959779
517.3986,1012.32275,515.5332,1026.8743,617293292255456,617293326046029
531.18164,1029.5792,517.3986,1029.5792,617293326160456,617293361213842
526.10565,1030.5374,517.3986,1029.5792,617293361720040,617293394434050
546.4708,1040.8436,526.10565,1029.5792,617293395797019,617293430988008
551.35364,1037.2078,526.10565,1030.5374,617293431126810,617293462095769
538.8117,1088.2382,538.8117,1037.2078,617293462265352,617293500871654
542.20416,1059.5706,538.8117,1037.2078,617293501866237,617293533525664
520.106,1067.7345,538.8117,1059.5706,617293533623164,617293565137175
509.03928,1046.334,538.8117,1046.334,617293565398633,617293594543633
512.3659,1043.3494,520.106,1046.334,617293594683425,617293626701185
495.1666,1064.4692,512.3659,1046.334,617293626828737,617293662843477
521.52814,1014.538,520.106,1046.334,617293662993008,617293697877331
521.5034,1008.43317,520.106,1046.334,617293698047956,617293747463164
497.37875,1065.1033,520.106,1046.334,617293747557383,617293777293998
517.4343,1030.3535,520.106,1046.334,617293777995144,617293809581758
499.9085,1061.9374,517.4343,1046.334,617293810345300,617293843846029
479.6816,1076.2686,517.4343,1046.334,617293843927852,617293876716289
491.8635,1071.6207,499.9085,1061.9374,617293877873841,617293909456654
469.77597,1066.2959,491.8635,1066.2959,617293912909206,617293952170196
504.8696,1051.5464,499.9085,1061.9374,617293952279154,617293985180612
500.14874,1042.1776,499.9085,1061.9374,617293985344727,617294021955768
534.9338,1035.5571,500.14874,1051.5464,617294022070039,617294051985404
547.07935,1082.0892,500.14874,1061.9374,617294052237800,617294084525404
548.57446,1076.2975,534.9338,1061.9374,617294084630039,617294121268425
521.5285,1081.1113,521.5285,1076.2975,617294121450091,617294156872852
511.29385,1094.8615,521.5285,1076.2975,617294157043373,617294187457800
552.5615,1068.2083,521.5285,1076.2975,617294187637123,617294217795820
512.8526,1067.2606,521.5285,1076.2975,617294217910091,617294259361862
547.2685,1117.6304,521.5285,1076.2975,617294260237539,617294296477591
536.2763,1077.9246,521.5285,1076.2975,617294296681133,617294333401237
553.1715,1080.8474,536.2763,1077.9246,617294333577852,617294366175247
579.9531,1091.0934,536.2763,1077.9246,617294366272227,617294397727122
572.58246,1072.3555,553.1715,1077.9246,617294397934102,617294427715768
550.03766,1021.8733,550.03766,1077.9246,617294427907331,617294458335404
556.5723,1062.8394,553.1715,1072.3555,617294458433477,617294491055872
571.6145,1089.8442,553.1715,1077.9246,617294491149518,617294523614414
547.8652,1068.4945,553.1715,1072.3555,617294523722279,617294555287747
538.7326,1081.0728,553.1715,1077.9246,617294555398633,617294586904831
529.05145,1053.1597,547.8652,1072.3555,617294586993216,617294619508320
544.5342,1064.9811,544.5342,1072.3555,617294619616185,617294652349258
467.55844,1052.4819,544.5342,1064.9811,617294652464362,617294688383008
454.30725,1063.368,544.5342,1064.9811,617294688480404,617294725016654
509.1586,1045.0109,509.1586,1063.368,617294725102279,617294772275716
453.97556,1034.1869,509.1586,1063.368,617294772372643,617294803527226
478.69226,1054.8737,509.1586,1054.8737,617294803720976,617294833621133
517.8574,1056.0339,509.1586,1056.0339,617294833814935,617294864208476
523.63025,1035.7516,509.1586,1054.8737,617294864392643,617294894611341
518.82184,1052.6127,517.8574,1054.8737,617294894788893,617294932310195
508.22696,1072.4576,509.1586,1054.8737,617294932481810,617294962541341
514.3047,1071.7943,514.3047,1054.8737,617294962664726,617294996121341
529.98157,1040.6041,514.3047,1054.8737,617294996318424,617295031591289
499.14056,1051.7013,514.3047,1054.8737,617295031779935,617295066969258
486.8556,1066.3108,514.3047,1054.8737,617295067135768,617295098740612
514.1108,1071.0225,514.1108,1054.8737,617295098911289,617295127977851
523.47046,1043.9294,514.3047,1054.8737,617295128195924,617295168708164
501.71884,1064.9312,514.1108,1054.8737,617295168824101,617295199403476
508.39832,1059.3097,514.1108,1054.8737,617295199529883,617295230207278
522.7,1079.261,514.1108,1059.3097,617295230384101,617295264748112
545.34064,1145.2952,514.1108,1059.3097,617295264938008,617295295321810
543.8603,1135.3016,522.7,1079.261,617295295491497,617295328812799
559.10315,1114.4918,543.8603,1114.4918,617295328988841,617295359399778
523.37024,1113.202,523.37024,1113.202,617295359508893,617295399308633
498.3813,1149.5992,523.37024,1114.4918,617295399441080,617295436530039
570.73425,1076.1741,523.37024,1113.202,617295437019674,617295470445560
533.60004,1122.459,523.37024,1114.4918,617295470537487,617295503401601
535.335,1074.2982,533.60004,1113.202,617295503569570,617295534890716
519.53613,1055.1035,523.37024,1113.202,617295535064101,617295574704310
528.8518,1035.7214,528.8518,1074.2982,617295575692226,617295614130924
523.4193,1105.5817,523.4193,1105.5817,617295614817695,617295648555768
525.6851,1074.5643,525.6851,1074.5643,617295648647591,617295679550924
549.3817,1065.7144,525.6851,1074.5643,617295679646028,617295711423112
553.1671,1073.9744,525.6851,1074.5643,617295712201341,617295746464153
518.0138,1076.7999,525.6851,1074.5643,617295746629153,617295781663737
546.833,1109.987,525.6851,1074.5643,617295781817955,617295823584101
517.301,1078.2094,525.6851,1076.7999,617295824331393,617295859540559
535.5187,1063.2853,525.6851,1074.5643,617295859718997,617295896324986
530.46063,1087.6609,525.6851,1076.7999,617295896506236,617295931179101
499.67117,1092.4187,525.6851,1076.7999,617295931341861,617295962914309
503.49072,1087.7737,525.6851,1087.6609,617295963033841,617295996703580
512.3388,1053.2838,512.3388,1076.7999,617295996876080,617296030674622
512.4326,1063.1959,512.4326,1076.7999,617296030805403,617296064980820
508.5353,1088.4811,512.3388,1076.7999,617296065156966,617296094675039
539.57355,1125.9576,512.4326,1076.7999,617296094872539,617296135009622
517.38763,1070.221,512.4326,1076.7999,617296135087643,617296169233476
541.79614,1030.3628,517.38763,1076.7999,617296169431028,617296202680559
547.49255,1037.9313,517.38763,1070.221,617296202856549,617296234818945
534.7384,1071.9282,534.7384,1071.9282,617296234914309,617296266243476
526.82104,1102.1373,526.82104,1071.9282,617296266334570,617296297766236
502.5534,1083.9124,526.82104,1071.9282,617296297880351,617296327779778
488.4614,1080.922,526.82104,1080.922,617296327955247,617296362780715
495.15414,1066.0142,502.5534,1071.9282,617296362943788,617296394479465
507.8587,1050.0677,507.8587,1071.9282,617296394653059,617296427282018
473.6512,1059.421,502.5534,1066.0142,617296428436236,617296457472070
475.40048,1073.942,502.5534,1071.9282,617296457618320,617296488567122
486.80396,1087.5902,486.80396,1071.9282,617296488846965,617296521780559
496.99564,1068.9321,496.99564,1071.9282,617296522156965,617296556756132
521.8514,1032.5731,496.99564,1071.9282,617296556956497,617296592363476
504.24167,1055.9968,496.99564,1068.9321,617296592461132,617296625718840
490.67407,1107.9242,496.99564,1071.9282,617296625902278,617296662557278
553.04767,1060.6677,496.99564,1068.9321,617296662749257,617296695975872
520.31287,1091.784,496.99564,1071.9282,617296696276965,617296727958163
499.54156,1063.9907,499.54156,1068.9321,617296728169413,617296761556028
550.2111,1064.5348,499.54156,1068.9321,617296761752903,617296792826132
521.6647,1084.5952,499.54156,1068.9321,617296793003788,617296825950507
499.69333,1092.214,499.69333,1068.9321,617296826093736,617296860918424
498.54352,1098.8827,499.54156,1084.5952,617296861069882,617296890964517
535.99225,1111.927,499.69333,1092.214,617296891056392,617296922697538
529.9605,1067.6846,499.69333,1084.5952,617296922852278,617296954429257
514.5099,1080.02,514.5099,1084.5952,617296954667174,617296986715194
538.5324,1071.7653,514.5099,1080.02,617296986811965,617297018630819
537.5108,1071.7344,514.5099,1080.02,617297019965663,617297055341184
555.65094,1062.6364,537.5108,1071.7653,617297055501288,617297091181028
517.34625,1083.3519,517.34625,1080.02,617297091359830,617297127027538
521.72845,1079.7599,521.72845,1079.7599,617297127219517,617297157393424
523.0036,1084.5652,521.72845,1080.02,617297157565559,617297195034205
532.15186,1062.0996,521.72845,1079.7599,617297195221653,617297228854153
544.1187,1071.5608,523.0036,1079.7599,617297229057486,617297260535663
489.18866,1106.2736,521.72845,1079.7599,617297260637486,617297293159621
565.9052,1056.2517,523.0036,1079.7599,617297293329673,617297326766601
546.1052,1068.2662,523.0036,1079.7599,617297326872069,617297361220507
526.4362,1063.7666,526.4362,1068.2662,617297361415038,617297393168788
527.7158,1033.0488,526.4362,1068.2662,617297393333996,617297429614100
494.42654,1051.5361,526.4362,1063.7666,617297429792798,617297464560246
528.8947,1052.6316,526.4362,1052.6316,617297464742069,617297497176965
528.6783,1015.73285,526.4362,1052.6316,617297497336965,617297530795767
530.7585,1030.2263,528.6783,1052.6316,617297530900715,617297566212434
531.46924,1049.3469,528.6783,1049.3469,617297566470559,617297598101444
570.1617,1076.7136,530.7585,1052.6316,617297598269673,617297632416444
575.0257,1088.5447,531.46924,1052.6316,617297632582486,617297666996913
520.73376,1109.6923,530.7585,1076.7136,617297667099569,617297698741496
520.95544,1098.7921,530.7585,1088.5447,617297698936600,617297734923423
536.86456,1101.5109,530.7585,1098.7921,617297735030090,617297775592902
539.72723,1076.1744,530.7585,1088.5447,617297776487017,617297808227590
538.3131,1083.1014,536.86456,1088.5447,617297808376861,617297841488996
549.8586,1063.831,538.3131,1083.1014,617297841650038,617297872655142
532.30835,1045.2634,536.86456,1083.1014,617297872854309,617297908035767
559.3997,1029.8633,538.3131,1063.831,617297908157173,617297939726548
535.16986,1064.2498,536.86456,1064.2498,617297939935038,617297971646027
541.73755,1048.7833,538.3131,1063.831,617297971803475,617298009427121
526.82654,1070.2576,536.86456,1064.2498,617298009514309,617298042846965
531.9571,1075.8938,536.86456,1064.2498,617298043013527,617298075520559
553.50183,1054.54,536.86456,1064.2498,617298075669673,617298106858736
539.5257,1100.0505,536.86456,1064.2498,617298106962277,617298138924673
552.45605,1082.6311,539.5257,1064.2498,617298139021444,617298173001027
557.0497,1078.4868,539.5257,1078.4868,617298173179934,617298204463267
543.2996,1084.0676,543.2996,1078.4868,617298204573892,617298237492329
515.5758,1100.773,539.5257,1078.4868,617298237634465,617298271202017
539.5409,1085.5988,539.5409,1084.0676,617298272183996,617298302503892
532.3094,1094.781,539.5257,1085.5988,617298302635506,617298352032746
486.63815,1131.352,539.5257,1085.5988,617298352136861,617298390466965
484.71252,1113.5516,532.3094,1094.781,617298390622850,617298425513423
480.60092,1132.4207,486.63815,1113.5516,617298425658215,617298460897173
491.55606,1120.0305,491.55606,1113.5516,617298460994569,617298495173475
501.67337,1079.5548,491.55606,1113.5516,617298495290715,617298529695923
500.07205,1085.5305,491.55606,1113.5516,617298529794308,617298565820767
547.4359,1057.0188,500.07205,1085.5305,617298565924829,617298606763006
532.4638,1108.315,500.07205,1108.315,617298606887642,617298640881496
532.9745,1071.8512,532.4638,1085.5305,617298641084204,617298677164256
500.07172,1116.599,500.07205,1108.315,617298677266340,617298708790558
539.887,1083.444,532.4638,1085.5305,617298708944204,617298741562954
561.788,1071.6755,532.4638,1085.5305,617298741803787,617298771816756
562.6174,1030.6344,539.887,1083.444,617298771924985,617298802760506
511.8826,1082.03,532.4638,1082.03,617298802911652,617298832469465
546.22296,1076.9543,539.887,1082.03,617298832573110,617298867024100
538.52783,1074.0646,538.52783,1082.03,617298867134985,617298898873735
559.42755,1069.2673,539.887,1076.9543,617298898980923,617298939120194
538.39716,1068.9624,538.52783,1074.0646,617298941016079,617298981469725
534.04535,1095.7134,538.52783,1076.9543,617298981563527,617299020541964
606.0901,1107.7766,538.52783,1076.9543,617299020651860,617299055497954
542.2982,1089.9639,538.52783,1089.9639,617299055575142,617299089758214
545.9955,1106.5604,542.2982,1089.9639,617299091068371,617299122674100
532.43805,1072.039,538.52783,1089.9639,617299122873267,617299157903996
539.45325,1091.103,539.45325,1089.9639,617299158066912,617299198581235
531.20337,1118.1907,538.52783,1089.9639,617299198664725,617299233355662
543.1963,1118.2317,539.45325,1091.103,617299233801496,617299264720454
521.38776,1095.461,538.52783,1095.461,617299264821131,617299298505923
538.63947,1073.2777,538.63947,1091.103,617299298602954,617299345608683
556.43585,1069.5957,538.63947,1091.103,617299345696704,617299380670194
533.1438,1042.5201,538.63947,1073.2777,617299380774985,617299411595923
537.3792,1060.6439,538.63947,1069.5957,617299411785975,617299464426496
543.0667,1046.6409,538.63947,1060.6439,617299464519204,617299496776443
528.9716,1032.0143,538.63947,1060.6439,617299496873371,617299533899152
512.7301,1086.0712,538.63947,1060.6439,617299534079100,617299567733891
515.1891,1073.058,528.9716,1060.6439,617299567890246,617299600869360
457.58517,1035.4988,515.1891,1060.6439,617299601050766,617299634815245
484.96085,1037.6287,515.1891,1060.6439,617299634990975,617299668573214
525.9758,1061.4369,515.1891,1060.6439,617299668768527,617299701129516
505.19656,1084.1586,515.1891,1060.6439,617299701304048,617299734380870
495.97052,1063.2605,515.1891,1061.4369,617299734571704,617299769359516
507.66876,1050.0449,507.66876,1060.6439,617299769574100,617299800722173
537.8699,1081.2722,515.1891,1061.4369,617299800899204,617299836815350
489.97552,1067.8075,507.66876,1061.4369,617299836921652,617299869329672
515.9102,1094.3914,515.1891,1067.8075,617299869501860,617299901485818
507.25656,1070.3293,507.66876,1067.8075,617299901669568,617299934524725
482.85883,1070.7961,507.66876,1070.3293,617299934707902,617299972157172
500.3518,1080.0234,507.25656,1070.3293,617299972358318,617300007497172
531.573,1040.9482,507.66876,1070.3293,617300007605818,617300041660662
552.68463,1055.752,507.66876,1070.3293,617300041853579,617300073155141
506.056,1064.255,507.66876,1064.255,617300073338735,617300104507693
489.89832,1040.3499,507.66876,1064.255,617300104685297,617300138606808
536.47516,1036.0272,507.66876,1064.255,617300138792224,617300169971704
481.2947,1045.6074,507.66876,1045.6074,617300170089256,617300199553839
481.311,1067.2109,507.66876,1064.255,617300199741599,617300237885558
494.27798,1091.6458,494.27798,1064.255,617300238015454,617300269491912
528.03723,1092.327,507.66876,1067.2109,617300269678370,617300302942068
506.9958,1035.4215,506.9958,1064.255,617300303095245,617300337803370
501.49286,1056.043,506.9958,1064.255,617300337949047,617300369202954
499.50818,1054.213,506.9958,1056.043,617300369369568,617300419049099
545.33307,1062.696,506.9958,1062.696,617300419217589,617300457939464
506.07037,1065.3429,506.9958,1062.696,617300458022016,617300490799776
503.47632,1075.7887,506.9958,1062.696,617300492447016,617300526822485
467.8047,1092.0099,506.07037,1065.3429,617300526926860,617300561628943
547.96576,1113.138,506.9958,1075.7887,617300561912485,617300593757797
515.49255,1097.6367,506.9958,1092.0099,617300594700245,617300626969464
535.6065,1086.181,515.49255,1086.181,617300627075870,617300659781183
508.9874,1057.8617,508.9874,1086.181,617300659947797,617300697420974
516.5025,1084.6198,515.49255,1086.181,617300697492485,617300729685558
549.3773,1084.7894,515.49255,1084.7894,617300729794672,617300763184672
548.653,1105.1853,516.5025,1086.181,617300763265922,617300798339255
517.3924,1100.0017,517.3924,1086.181,617300798524360,617300833321964
515.9402,1112.3616,516.5025,1100.0017,617300833509568,617300868475818
534.2469,1074.6008,517.3924,1086.181,617300868651078,617300922091651
471.2831,1074.7117,516.5025,1086.181,617300922187901,617300957374464
490.61945,1040.8389,516.5025,1074.7117,617300957536391,617300992607537
475.25952,1053.9072,490.61945,1074.7117,617300992693005,617301023212589
508.17117,1048.1254,508.17117,1053.9072,617301024517328,617301057938995
523.11804,1071.1873,508.17117,1071.1873,617301058087693,617301091797380
475.85324,1081.0925,508.17117,1071.1873,617301091977328,617301123209880
485.39017,1068.2773,508.17117,1071.1873,617301124480870,617301154928734
489.01868,1046.2322,489.01868,1071.1873,617301156064932,617301189607484
541.8745,1063.2191,508.17117,1068.2773,617301190868057,617301226136130
528.8745,1126.0465,508.17117,1071.1873,617301226274359,617301262819047
554.6413,1113.5425,528.8745,1071.1873,617301262907589,617301297066130
526.5331,1084.1438,526.5331,1084.1438,617301297216599,617301335023109
526.41956,1071.1449,526.5331,1071.1873,617301335153630,617301372814359
499.95248,1070.8246,526.5331,1071.1873,617301372989776,617301403641651
524.28015,1118.3464,526.41956,1071.1873,617301403749880,617301437142120
502.96213,1034.3876,524.28015,1071.1873,617301437247120,617301471232120
499.95975,1044.4746,524.28015,1071.1873,617301471340401,617301508247380
507.33383,1036.219,507.33383,1044.4746,617301508349672,617301541417901
509.7465,1040.7474,509.7465,1044.4746,617301541596443,617301575987432
504.8516,1084.277,507.33383,1044.4746,617301576116911,617301606139776
505.55493,1095.1094,507.33383,1044.4746,617301606334776,617301640882588
529.45667,1095.505,507.33383,1084.277,617301641057641,617301673443630
553.81555,1093.1104,507.33383,1093.1104,617301673585141,617301705878891
532.47797,1100.2399,529.45667,1093.1104,617301706061495,617301737577641
556.067,1078.8438,532.47797,1093.1104,617301737684672,617301769446651
520.0653,1082.041,529.45667,1093.1104,617301769603630,617301803873995
559.85425,1093.744,532.47797,1093.1104,617301804160661,617301834372068
513.10815,1059.3857,529.45667,1093.1104,617301834474203,617301866755245
515.93036,1098.651,529.45667,1093.1104,617301866847484,617301898737745
528.43896,1076.198,528.43896,1093.1104,617301898907901,617301934571130
559.0019,1106.5853,529.45667,1093.1104,617301934666599,617301967141651
489.5888,1071.5376,528.43896,1093.1104,617301967248578,617301998581547
499.57574,1069.7218,528.43896,1093.1104,617301998749620,617302030254203
566.4827,1087.702,528.43896,1087.702,617302030416130,617302062422172
499.79187,1091.4441,528.43896,1091.4441,617302062564307,617302096255401
527.13416,1076.801,528.43896,1087.702,617302096423630,617302128539828
482.1091,1039.2188,527.13416,1087.702,617302128619776,617302161316026
539.85803,1032.9786,528.43896,1076.801,617302161410036,617302194520505
528.6477,1043.3798,528.43896,1043.3798,617302194788786,617302230443994
510.54688,1045.6937,528.43896,1045.6937,617302230603838,617302263179099
514.64417,1054.8754,528.43896,1045.6937,617302263314411,617302299636859
536.1766,1051.3616,528.43896,1045.6937,617302299761026,617302333491859
497.43634,1060.6476,528.43896,1051.3616,617302333600244,617302371983682
508.86966,1047.9762,528.43896,1047.9762,617302372117953,617302401786547
523.0764,1080.2621,523.0764,1051.3616,617302401961494,617302434353057
524.4688,1063.3395,524.4688,1051.3616,617302434498161,617302467090921
526.29205,1056.0638,524.4688,1056.0638,617302467269359,617302500987692
533.30853,1042.8552,524.4688,1051.3616,617302501184828,617302537368005
539.93835,1047.9854,526.29205,1051.3616,617302537541755,617302567357171
548.38794,1074.0889,533.30853,1051.3616,617302567542224,617302602026234
549.1435,1055.0948,539.93835,1051.3616,617302602199099,617302635035296
552.3254,1060.114,548.38794,1055.0948,617302635132796,617302666746598
539.42456,1071.367,539.93835,1055.0948,617302666857119,617302699410713
522.1923,1069.1759,539.93835,1060.114,617302699507432,617302730671911
516.9799,1057.5728,539.42456,1057.5728,617302730826911,617302762758630
490.81757,1018.8271,522.1923,1057.5728,617302765089723,617302803155192
488.98138,1016.2465,516.9799,1057.5728,617302803274046,617302835862692
496.60156,1007.372,496.60156,1018.8271,617302836075296,617302867451286
522.92554,1009.86694,516.9799,1016.2465,617302867624932,617302898774775
533.4587,1013.6617,516.9799,1013.6617,617302898910609,617302929104150
478.80923,1037.659,516.9799,1016.2465,617302929258265,617302962403213
526.3819,1003.01196,516.9799,1013.6617,617302962538838,617302994432171
480.85208,1015.2362,516.9799,1015.2362,617302994613109,617303026755817
534.0248,1038.721,516.9799,1015.2362,617303026838890,617303059682380
518.00793,1068.8444,516.9799,1015.2362,617303059768838,617303101887432
524.9123,1041.4979,518.00793,1038.721,617303102057848,617303134888109
558.4045,1041.718,518.00793,1041.4979,617303135070036,617303170182223
518.0499,1038.4493,518.0499,1038.721,617303170368473,617303201988682
506.82657,1034.7997,518.00793,1038.721,617303202175452,617303236386650
515.7282,1066.3284,518.00793,1038.721,617303236579307,617303275888265
511.3261,1066.4105,515.7282,1038.721,617303275989150,617303309656650
520.9515,1046.5892,518.00793,1046.5892,617303309796286,617303341716234
515.4782,1026.3021,515.7282,1038.721,617303341802744,617303371631598
518.2657,1047.5236,518.00793,1046.5892,617303371778421,617303402312171
527.6811,1045.5813,518.00793,1045.5813,617303402440869,617303436579359
534.2226,1032.9327,518.2657,1045.5813,617303436769150,617303469351963
507.75354,1064.4559,518.00793,1045.5813,617303469468004,617303499793369
558.66364,1065.5826,518.2657,1045.5813,617303499889098,617303534944879
549.726,1025.3248,518.2657,1045.5813,617303535123629,617303567979411
506.85748,1089.6749,518.2657,1045.5813,617303568186963,617303602236598
488.38794,1019.60565,518.2657,1045.5813,617303602393681,617303634487952
509.00952,1062.8839,509.00952,1045.5813,617303634643161,617303667058109
514.9106,1061.4684,514.9106,1045.5813,617303667209567,617303701485192
543.2378,1044.5807,514.9106,1045.5813,617303701641129,617303732501181
580.12555,1074.6798,514.9106,1045.5813,617303732673317,617303788682119
571.71216,1044.36,543.2378,1045.5813,617303788771338,617303821724775
581.45135,1008.98816,571.71216,1045.5813,617303821839567,617303858098838
599.48816,1057.7201,571.71216,1045.5813,617303859168890,617303890080973
577.9789,1076.7521,577.9789,1045.5813,617303890162015,617303922915088
553.1823,1042.1455,571.71216,1045.5813,617303923426390,617303957978213
550.8782,1059.9521,571.71216,1045.5813,617303958178056,617303989882535
552.4453,1077.577,553.1823,1045.5813,617303989965244,617304022074358
574.9093,1113.5778,571.71216,1059.9521,617304022829306,617304053574463
566.7491,1147.6504,566.7491,1077.577,617304054343629,617304116480765
547.99255,1080.2579,566.7491,1080.2579,617304116606025,617304150590504
520.86127,1134.3463,566.7491,1080.2579,617304150679410,617304184853265
525.3456,1069.0868,547.99255,1080.2579,617304185048160,617304216888577
523.49756,1107.2274,525.3456,1080.2579,617304216989046,617304252902223
545.60406,1051.1744,545.60406,1080.2579,617304253105035,617304290146598
536.8368,1041.209,536.8368,1080.2579,617304290232640,617304322716129
528.93304,1058.6614,536.8368,1058.6614,617304323514515,617304372458525
529.73334,1066.7109,536.8368,1066.7109,617304372575765,617304408753108
539.0177,1052.5331,536.8368,1058.6614,617304408905192,617304441305192
562.2538,1075.1399,536.8368,1066.7109,617304441445192,617304474190087
517.0111,1101.8761,536.8368,1066.7109,617304474432796,617304531282535
544.78394,1098.8398,536.8368,1075.1399,617304531412067,617304563980869
558.8904,1085.0676,536.8368,1085.0676,617304564175400,617304599142223
531.5239,1121.7832,536.8368,1085.0676,617304599287067,617304633775816
541.8978,1074.445,536.8368,1085.0676,617304633951754,617304666793160
567.9869,1081.68,536.8368,1085.0676,617304666955869,617304699145556
513.81647,1089.1764,536.8368,1085.0676,617304699256025,617304735223629
521.435,1125.389,536.8368,1085.0676,617304735333004,617304777704254
520.2927,1065.7452,521.435,1085.0676,617304777803160,617304809909775
546.3445,1093.1685,536.8368,1085.0676,617304810098108,617304840656129
518.96313,1089.5841,521.435,1085.0676,617304840830556,617304875068577
560.8404,1072.206,536.8368,1085.0676,617304875253785,617304904670868
537.43567,1058.3254,536.8368,1085.0676,617304904784983,617304936210556
507.26474,1062.3253,536.8368,1072.206,617304936307796,617304972678004
537.6143,1049.9064,536.8368,1062.3253,617304972794879,617305007837431
526.32764,1091.2977,536.8368,1072.206,617305008075035,617305040363525
515.9188,1071.0815,536.8368,1071.0815,617305040545608,617305074031129
513.62946,1059.793,526.32764,1071.0815,617305074247170,617305104318941
526.6863,1070.449,526.6863,1071.0815,617305104420191,617305137908264
528.0705,1062.9823,526.6863,1070.449,617305138008316,617305170420973
525.00024,1043.7583,526.6863,1070.449,617305170532327,617305200783212
505.10638,1047.5845,526.6863,1062.9823,617305200965139,617305249140868
484.58542,1061.8312,525.00024,1061.8312,617305249236806,617305284363056
526.42505,1072.298,526.42505,1062.9823,617305284553941,617305316136702
526.0173,1065.5979,526.0173,1062.9823,617305316314827,617305349731285
514.544,1079.3623,526.0173,1065.5979,617305349910608,617305381080087
459.6893,1084.1888,526.0173,1065.5979,617305381253525,617305412392639
488.77448,1087.4539,514.544,1079.3623,617305412548264,617305445529202
480.53513,1059.6873,488.77448,1065.5979,617305445714410,617305475824775
530.0044,1110.2965,514.544,1079.3623,617305475993993,617305505727847
488.7543,1113.692,488.77448,1079.3623,617305505830087,617305537651649
497.40833,1079.3049,497.40833,1079.3623,617305537759045,617305571544254
535.62103,1047.464,497.40833,1079.3623,617305572547379,617305605501337
514.67163,1073.9352,497.40833,1079.3049,617305605928212,617305642187952
545.6038,1053.4915,514.67163,1073.9352,617305642361233,617305677979774
512.3613,1075.9589,512.3613,1075.9589,617305678070399,617305714567795
559.1908,1048.974,514.67163,1073.9352,617305714678212,617305760782639
510.15082,1080.1433,512.3613,1075.9589,617305760892899,617305797594254
524.4334,1096.4253,514.67163,1075.9589,617305797693629,617305831527847
544.80865,1070.5105,514.67163,1075.9589,617305831611493,617305866412951
543.46716,1064.7202,524.4334,1075.9589,617305866571024,617305901265972
541.8364,1122.7462,541.8364,1075.9589,617305901377014,617305933982587
542.99445,1129.4492,541.8364,1075.9589,617305934085243,617305969966545
529.5278,1124.7426,541.8364,1122.7462,617305970067691,617306010176962
565.3893,1031.0397,541.8364,1075.9589,617306010265556,617306040636076
537.7375,1106.8666,541.8364,1106.8666,617306040797639,617306075388472
537.5358,1054.5142,541.8364,1075.9589,617306075568681,617306106400347
535.80115,1105.7905,537.7375,1105.7905,617306106575920,617306138591076
542.08154,1092.6968,541.8364,1092.6968,617306138750503,617306168587535
536.84375,1114.1863,537.7375,1105.7905,617306168701597,617306200988108
523.70306,1082.6738,537.7375,1092.6968,617306201098733,617306237325920
503.38696,1076.0221,536.84375,1092.6968,617306237426024,617306270042847
490.06482,1080.4976,523.70306,1082.6738,617306271019930,617306306121597
506.71286,1091.8518,506.71286,1091.8518,617306306283889,617306335579358
500.3056,1120.3848,506.71286,1091.8518,617306335675816,617306370619618
517.95874,1085.4111,506.71286,1091.8518,617306370948003,617306402909305
549.6362,1081.7621,506.71286,1091.8518,617306403009566,617306434617274
551.12476,1069.1409,517.95874,1085.4111,617306434728628,617306475918941
544.55005,1071.3641,544.55005,1081.7621,617306476100243,617306508556337
544.84894,1071.1807,544.55005,1071.3641,617306508671128,617306538950868
505.63998,1063.5109,544.55005,1071.3641,617306539083107,617306569318420
475.5709,1088.9465,544.55005,1071.3641,617306569790920,617306602758576
502.2332,1065.7281,505.63998,1071.3641,617306602859566,617306636061024
514.3881,1100.329,514.3881,1071.3641,617306637074774,617306669164618
548.17554,1092.2118,514.3881,1071.3641,617306670161597,617306705079201
543.5654,1067.5125,514.3881,1071.3641,617306705819409,617306739522066
542.1336,1098.4867,542.1336,1071.3641,617306739705972,617306773201232
496.82492,1111.6246,514.3881,1071.3641,617306773361545,617306805149462
518.74927,1095.6946,518.74927,1095.6946,617306805312222,617306835379618
524.89105,1067.1075,518.74927,1071.3641,617306835481180,617306869443836
488.43314,1073.9338,518.74927,1073.9338,617306869552066,617306901447274
503.35675,1052.4429,518.74927,1071.3641,617306901545295,617306933691545
499.8603,1080.7172,503.35675,1073.9338,617306933794201,617306966691389
479.84323,1085.7977,503.35675,1073.9338,617306966800451,617307009617014
530.35876,1082.5774,503.35675,1080.7172,617307009698159,617307039292586
509.18182,1067.8451,503.35675,1073.9338,617307039458836,617307068968888
538.5003,1050.4619,509.18182,1073.9338,617307069322378,617307100788680
549.06366,1047.2245,509.18182,1067.8451,617307100892482,617307132689670
505.76947,1096.1575,509.18182,1073.9338,617307132801857,617307167396232
536.9124,1062.2191,509.18182,1067.8451,617307167479618,617307198197326
533.9193,1056.7343,509.18182,1067.8451,617307198310763,617307236238368
526.08673,1098.417,526.08673,1067.8451,617307237666232,617307274545711
537.87274,1066.4714,526.08673,1067.8451,617307274641961,617307309856493
531.26263,1076.4753,526.08673,1067.8451,617307310033940,617307341540451
522.88916,1075.8519,526.08673,1067.8451,617307341702065,617307371647013
520.83325,1108.9196,526.08673,1075.8519,617307371737534,617307401390190
519.73804,1085.0438,522.88916,1075.8519,617307401503524,617307435524461
530.2867,1111.637,526.08673,1085.0438,617307435715607,617307465969045
564.22815,1096.3075,526.08673,1085.0438,617307466073003,617307498991649
550.2714,1055.0332,530.2867,1085.0438,617307499101753,617307533613524
545.6395,1055.4678,545.6395,1085.0438,617307533711545,617307572050972
536.1309,1078.3013,536.1309,1078.3013,617307572209565,617307603895920
514.5603,1077.9325,536.1309,1078.3013,617307604097951,617307649738315
529.4334,1044.6035,536.1309,1078.3013,617307649816805,617307683333680
533.98724,1041.0105,533.98724,1077.9325,617307683411180,617307716352274
556.1889,1044.939,536.1309,1044.939,617307717101076,617307752994201
505.26154,1039.1226,533.98724,1044.939,617307753160607,617307788661805
524.7668,1045.1527,533.98724,1044.939,617307788750867,617307820865138
480.16882,1063.428,524.7668,1044.939,617307820939826,617307855701284
487.42422,1098.0359,524.7668,1045.1527,617307855804565,617307891417274
461.59293,1102.8873,487.42422,1063.428,617307891511805,617307922930867
526.2708,1089.4728,524.7668,1089.4728,617307923012430,617307953695763
527.4853,1113.8708,524.7668,1089.4728,617307954434721,617307983929461
503.08893,1054.2705,524.7668,1089.4728,617307985804565,617308025321544
520.9671,1057.7943,524.7668,1089.4728,617308025411753,617308056743055
526.99774,1038.5751,524.7668,1057.7943,617308056912065,617308089965242
518.33,1059.5508,524.7668,1059.5508,617308090055971,617308124353367
507.62167,1068.4598,524.7668,1059.5508,617308124435659,617308155062326
532.3304,1039.7738,524.7668,1059.5508,617308155166596,617308186549305
534.4434,1065.1913,524.7668,1059.5508,617308187864201,617308219469826
549.46014,1023.0726,532.3304,1059.5508,617308221338836,617308253885294
533.92426,1064.2941,533.92426,1059.5508,617308255137482,617308288211440
533.3326,1062.1699,533.3326,1059.5508,617308289077690,617308320440451
521.65204,1024.9294,533.3326,1059.5508,617308321633628,617308351971753
509.66183,1047.3163,533.3326,1059.5508,617308353465503,617308386533732
530.92645,1072.168,530.92645,1059.5508,617308386691075,617308427647534
516.1398,1070.3445,530.92645,1059.5508,617308428627794,617308460381388
514.06696,1060.8372,530.92645,1060.8372,617308460489721,617308493721544
509.91293,1080.5881,516.1398,1060.8372,617308493852742,617308530636909
526.1209,1089.5583,526.1209,1060.8372,617308530810242,617308564246857
498.09512,1078.5265,516.1398,1078.5265,617308564360086,617308600668159
506.86075,1059.6038,516.1398,1060.8372,617308600767534,617308632367430
562.0031,1062.5659,516.1398,1062.5659,617308633253523,617308667600450
530.0767,1098.9613,516.1398,1062.5659,617308667788888,617308698857482
531.5227,1061.8549,530.0767,1062.5659,617308698948992,617308733002273
495.14453,1093.3628,516.1398,1062.5659,617308733179357,617308765568992
524.2818,1129.8827,524.2818,1062.5659,617308765689252,617308802156232
495.70438,1132.1945,516.1398,1093.3628,617308802337794,617308831473159
545.47107,1110.6946,524.2818,1110.6946,617308831572273,617308868856492
532.6998,1102.6172,524.2818,1102.6172,617308870613784,617308910999617
489.05722,1063.7068,524.2818,1102.6172,617308911162117,617308944443054
503.7741,1073.6862,524.2818,1102.6172,617308944630450,617308979770607
514.4808,1073.5876,514.4808,1073.6862,617308979869304,617309008714773
513.7593,1093.4718,514.4808,1093.4718,617309008872638,617309052963054
520.70435,1083.321,514.4808,1083.321,617309053062742,617309086293159
520.29706,1039.8633,514.4808,1083.321,617309086955867,617309121477794
517.85205,1078.5216,517.85205,1083.321,617309122707169,617309155833367
538.72064,1095.5239,517.85205,1083.321,617309155911336,617309186287534
525.52167,1094.1124,517.85205,1083.321,617309187637794,617309219058940
512.5033,1066.7225,517.85205,1083.321,617309219896648,617309249614408
533.4375,1104.0784,517.85205,1083.321,617309250687586,617309279774304
553.1651,1085.1104,517.85205,1083.321,617309288565346,617309325089929
522.65796,1094.365,522.65796,1085.1104,617309325194513,617309359350346
529.89294,1123.8141,522.65796,1085.1104,617309359528471,617309393703992
527.9388,1096.6787,522.65796,1094.365,617309393861804,617309426230398
561.59076,1095.9823,527.9388,1095.9823,617309426415658,617309459322794
548.32385,1089.5873,527.9388,1094.365,617309459469617,617309494522117
553.9495,1114.5352,548.32385,1095.9823,617309494726179,617309530653210
545.7781,1093.2344,545.7781,1094.365,617309532471752,617309565892273
542.42926,1044.8395,545.7781,1094.365,617309566087169,617309605244929
528.5535,1096.4604,545.7781,1094.365,617309605357533,617309638759096
505.1047,1075.8472,542.42926,1094.365,617309638942690,617309672735502
520.371,1051.3524,528.5535,1094.365,617309672931752,617309703404825
535.4412,1089.1985,535.4412,1089.1985,617309703537377,617309739125294
549.5715,1107.8685,535.4412,1094.365,617309739319252,617309771368523
503.6763,1052.9928,535.4412,1089.1985,617309771559252,617309806274512
432.11703,1313.913,535.4412,1094.365,617309806409304,617309838749773
450.03452,952.9231,503.6763,1089.1985,617309838890137,617309869032169
457.1576,913.1812,457.1576,1089.1985,617309869202429,617309901748210
436.15686,1390.5267,457.1576,1089.1985,617309901849981,617309936262117
541.45245,1425.7998,457.1576,1089.1985,617309936446023,617309967186492
491.43726,1227.9916,457.1576,1227.9916,617309967400189,617310010070658
575.5889,1078.5227,491.43726,1089.1985,617310010173054,617310040114200
523.5262,1024.6115,491.43726,1089.1985,617310040310398,617310076421752
516.84326,1083.8612,516.84326,1083.8612,617310076522221,617310106185814
497.06293,1064.1537,497.06293,1083.8612,617310106302377,617310141520710
523.2225,1062.4086,516.84326,1083.8612,617310141628575,617310171508991
493.63577,1075.9537,497.06293,1075.9537,617310171701075,617310203086075
454.59552,1119.9503,497.06293,1083.8612,617310203220033,617310235114669
491.91666,1114.7625,493.63577,1083.8612,617310235203991,617310265771908
520.0857,1095.6943,497.06293,1095.6943,617310265977012,617310297798419
548.41223,1026.908,497.06293,1083.8612,617310297924460,617310331842064
538.3174,1051.4579,520.0857,1083.8612,617310331976023,617310366673939
519.7526,1092.9479,519.7526,1083.8612,617310366769200,617310400076387
503.05115,1082.1558,519.7526,1083.8612,617310400258158,617310433888314
525.62756,1068.8086,519.7526,1083.8612,617310434075033,617310474637377
463.39233,1079.9978,519.7526,1082.1558,617310474722689,617310503116231
506.28943,1091.9019,519.7526,1083.8612,617310503271804,617310535755918
525.3272,1117.1753,519.7526,1083.8612,617310535900241,617310571671908
548.5231,1100.2527,519.7526,1091.9019,617310571851960,617310602445033
545.9773,1096.9404,525.3272,1096.9404,617310602550814,617310636202637
526.4223,1087.337,526.4223,1091.9019,617310636316648,617310666420502
520.87134,1087.0885,525.3272,1091.9019,617310666616960,617310700351231
529.4643,1084.4141,526.4223,1087.337,617310700449981,617310732413054
529.07776,1101.696,526.4223,1091.9019,617310732564773,617310764168991
525.3838,1065.3184,526.4223,1087.337,617310764340137,617310795499252
566.3641,1046.0796,526.4223,1087.337,617310795580293,617310828983262
544.0725,1104.23,526.4223,1087.337,617310829111127,617310861164720
554.23785,1073.2375,544.0725,1087.337,617310861626856,617310893001022
538.1415,1060.5671,538.1415,1087.337,617310893090502,617310925637168
566.7072,1092.5319,544.0725,1087.337,617310925732116,617310960339200
540.37036,1131.0823,540.37036,1087.337,617310960447741,617310994956752
549.0482,1106.2573,544.0725,1092.5319,617310995407741,617311027271439
551.6774,1112.9714,544.0725,1106.2573,617311027385814,617311061661908
558.3285,1102.2424,549.0482,1102.2424,617311061757377,617311096989564
535.79645,1126.541,544.0725,1106.2573,617311097158783,617311130957116
534.4775,1086.9866,544.0725,1102.2424,617311131143210,617311163648210
520.2952,1088.5187,535.79645,1102.2424,617311165125606,617311197791126
521.7285,1087.3401,534.4775,1088.5187,617311198131283,617311231367064
547.4005,1076.164,535.79645,1088.5187,617311231546908,617311270846439
554.1988,1113.3737,535.79645,1088.5187,617311271044876,617311303999772
553.339,1088.8,547.4005,1088.5187,617311304246699,617311338825762
587.7477,1098.0715,553.339,1088.8,617311339001335,617311370379304
565.2511,1103.6295,553.339,1088.8,617311370546699,617311401128314
545.3227,1085.443,553.339,1088.8,617311401308574,617311433176178
537.0365,1088.9911,553.339,1088.8,617311433341491,617311467850189
546.77783,1107.2372,546.77783,1088.8,617311467949303,617311498266335
555.43097,1102.8147,553.339,1088.9911,617311498389356,617311529381908
560.015,1092.0619,553.339,1092.0619,617311529569564,617311561658158
585.5519,1102.2698,555.43097,1092.0619,617311561779303,617311593944564
576.9948,1086.0988,560.015,1092.0619,617311594069616,617311627447793
565.6422,1086.6526,565.6422,1092.0619,617311627802116,617311661462480
546.1749,1062.904,560.015,1086.6526,617311661612585,617311694929251
520.0543,1036.1342,560.015,1086.6526,617311695066074,617311732086543
534.0598,1094.12,546.1749,1086.6526,617311732229303,617311777678470
537.70795,1093.7393,537.70795,1086.6526,617311777864147,617311808076230
533.4449,1085.5536,537.70795,1086.6526,617311808166022,617311839655241
545.4868,1079.674,537.70795,1086.6526,617311839853991,617311871213157
505.20752,1091.9299,537.70795,1086.6526,617311871995657,617311906987064
503.32047,1112.6614,537.70795,1086.6526,617311907086178,617311936800241
515.5285,1084.2887,515.5285,1086.6526,617311937053470,617311968806543
479.0596,1075.5532,515.5285,1086.6526,617311968987376,617311999206699
518.3488,1055.9276,515.5285,1084.2887,617311999404147,617312035258522
532.19147,1058.2355,515.5285,1075.5532,617312035402585,617312066711282
536.80023,1071.1573,518.3488,1071.1573,617312066903939,617312099157220
530.6108,1080.3389,530.6108,1075.5532,617312099315293,617312132815084
579.25415,1098.8777,530.6108,1075.5532,617312133004251,617312164706334
553.0567,1074.4203,530.6108,1075.5532,617312164877220,617312197695137
563.6018,1019.57666,553.0567,1075.5532,617312197897064,617312235373366
560.29016,1071.768,553.0567,1074.4203,617312235537012,617312266077168
543.68915,1069.2417,553.0567,1071.768,617312266260709,617312297126439
531.6097,1063.8815,553.0567,1071.768,617312297295918,617312338170709
531.64465,1046.4216,543.68915,1069.2417,617312338282272,617312369050657
500.47916,1081.006,531.64465,1071.768,617312369241022,617312399180970
530.9508,1079.4081,531.64465,1071.768,617312399372011,617312432664980
538.9875,1097.2426,531.64465,1079.4081,617312432814720,617312466396907
545.5156,1108.0433,531.64465,1079.4081,617312466596907,617312498515553
528.98303,1105.0574,531.64465,1097.2426,617312498696803,617312532146595
568.07477,1081.3224,531.64465,1081.3224,617312532324876,617312564786855
567.79895,1100.4266,531.64465,1097.2426,617312564960188,617312598075293
533.43616,1122.1398,533.43616,1097.2426,617312598253418,617312629715084
525.24207,1114.6337,531.64465,1100.4266,617312629900293,617312669037532
566.18915,1125.9552,533.43616,1114.6337,617312669271282,617312701110136
518.6029,1106.3385,531.64465,1106.3385,617312701285501,617312734970813
533.89264,1081.6564,533.43616,1106.3385,617312735089043,617312767797532
526.04,1030.4355,531.64465,1106.3385,617312767973834,617312811337272
533.04254,1100.0002,533.04254,1100.0002,617312811434511,617312842732688
538.6419,1077.2938,533.04254,1100.0002,617312842878261,617312877081699
576.64667,1056.1879,533.04254,1100.0002,617312877270501,617312908769563
574.35114,1095.8549,538.6419,1095.8549,617312908941751,617312940936803
546.10693,1090.636,546.10693,1095.8549,617312941056126,617312970347115
552.9423,1068.1885,546.10693,1095.8549,617312970467167,617313001769251
528.00037,1068.4456,546.10693,1090.636,617313001898053,617313034071386
548.91425,1077.8861,546.10693,1077.8861,617313034263522,617313068779355
553.03595,1107.249,546.10693,1090.636,617313068959042,617313099033730
536.5839,1049.6271,546.10693,1077.8861,617313099133990,617313130638470
507.81308,1077.5614,546.10693,1077.8861,617313130751126,617313167784042
524.761,1039.834,536.5839,1077.5614,617313167903417,617313199111074
540.0793,1018.1613,540.0793,1077.5614,617313199290605,617313236274042
534.8553,1063.0781,536.5839,1063.0781,617313236372844,617313280150449
518.38916,1032.1227,536.5839,1063.0781,617313280237219,617313312609042
563.4251,1034.8599,536.5839,1063.0781,617313318259251,617313351734563
518.107,1057.0245,536.5839,1057.0245,617313353398782,617313382786959
519.04626,1081.0447,536.5839,1063.0781,617313384703105,617313415261907
525.11835,1091.6477,525.11835,1063.0781,617313416546699,617313448227844
557.7988,1012.8073,536.5839,1063.0781,617313449924407,617313485777688
538.95996,1071.3505,536.5839,1063.0781,617313488126386,617313518934928
503.2479,1096.5835,536.5839,1063.0781,617313519546490,617313550910084
540.4018,1092.998,536.5839,1071.3505,617313551450761,617313585877844
546.0727,1093.6377,536.5839,1092.998,617313586037949,617313621636178
563.67065,1053.4379,540.4018,1071.3505,617313621738261,617313653637323
565.8433,1093.6221,546.0727,1092.998,617313654231855,617313691101282
550.6795,1101.5872,550.6795,1092.998,617313691253573,617313723873938
551.3212,1078.9681,550.6795,1092.998,617313724131959,617313755713313
537.87506,1070.7285,550.6795,1092.998,617313755815813,617313794252376
494.41544,1080.4314,550.6795,1080.4314,617313794352896,617313829266230
484.98715,1029.9462,537.87506,1080.4314,617313829404928,617313861835865
501.20255,996.31866,501.20255,1080.4314,617313862039355,617313893945709
507.9211,1064.6433,507.9211,1064.6433,617313894116698,617313925401230
534.6067,1052.6642,507.9211,1064.6433,617313925558625,617313957667740
515.20514,1031.0717,507.9211,1064.6433,617313957804042,617313991472948
530.45703,1053.1692,515.20514,1053.1692,617313991648782,617314025612323
515.6299,1070.6605,515.20514,1064.6433,617314025777844,617314056952688
535.36316,1070.995,515.6299,1064.6433,617314057070657,617314090959250
512.9987,1043.4559,515.20514,1064.6433,617314091296386,617314123817427
538.0618,1058.0404,515.6299,1064.6433,617314123994980,617314155745188
543.689,1055.9415,515.6299,1058.0404,617314155836802,617314188422584
511.20728,1037.2703,515.6299,1058.0404,617314189129719,617314229379563
538.97174,1019.8899,515.6299,1055.9415,617314229496073,617314260981646
520.8496,1021.0634,515.6299,1037.2703,617314261143417,617314295115865
536.4147,1019.9021,520.8496,1021.0634,617314295212740,617314326973313
515.39386,1072.2429,515.6299,1037.2703,617314327168938,617314361062948
544.2848,1080.3368,520.8496,1037.2703,617314361247688,617314397542792
493.3276,1150.1993,515.6299,1072.2429,617314397702584,617314429519823
525.5798,1094.7404,520.8496,1080.3368,617314429685917,617314462379667
523.5028,1087.772,520.8496,1087.772,617314462544927,617314496547375
554.1279,1111.7079,523.5028,1087.772,617314496740917,617314530005865
543.00134,1086.7241,523.5028,1087.772,617314530203521,617314562928104
495.62436,1109.7067,523.5028,1087.772,617314563096386,617314595071959
503.6335,1101.414,523.5028,1087.772,617314595240188,617314628875656
544.80493,1104.384,523.5028,1101.414,617314628963000,617314666454771
549.22217,1103.7615,523.5028,1101.414,617314666638781,617314699386438
502.7714,1113.5996,523.5028,1103.7615,617314699497844,617314736999302
547.1752,1106.5459,523.5028,1103.7615,617314737106594,617314768839927
517.28973,1130.776,523.5028,1106.5459,617314768972427,617314803011698
552.8512,1107.9584,523.5028,1106.5459,617314803127375,617314835751490
549.2605,1102.3231,523.5028,1106.5459,617314835847688,617314864881802
550.0804,1110.6508,549.2605,1106.5459,617314865051177,617314897117323
550.66534,1117.5156,549.2605,1106.5459,617314897274511,617314928923781
533.9511,1106.784,549.2605,1106.784,617314929077115,617314962983156
514.99615,1083.9713,549.2605,1106.5459,617314963151542,617314997927896
517.018,1124.8375,533.9511,1106.784,617314998100135,617315035654406
537.83057,1116.6069,537.83057,1106.784,617315035765031,617315065807063
558.70984,1101.2188,537.83057,1106.784,617315066550344,617315098350188
488.52597,1093.9431,537.83057,1106.784,617315098458104,617315134098625
564.3636,1090.93,537.83057,1101.2188,617315134215344,617315169686125
605.2011,1060.6869,537.83057,1093.9431,617315169788417,617315205609875
598.53094,1066.6062,564.3636,1090.93,617315205974927,617315237460969
609.4474,1067.1091,598.53094,1067.1091,617315238931490,617315274039719
623.75366,1059.9028,598.53094,1067.1091,617315274252427,617315308612062
620.58514,1081.632,609.4474,1067.1091,617315308793365,617315340259510
613.5003,1061.4268,613.5003,1067.1091,617315340366021,617315371376594
599.59247,1059.5493,609.4474,1067.1091,617315372413417,617315401161073
585.6323,1073.9497,609.4474,1067.1091,617315401265812,617315435899250
547.69214,1088.6652,599.59247,1067.1091,617315436115292,617315467688469
600.48413,1076.0125,600.48413,1073.9497,617315467792583,617315497870864
571.70404,1104.2524,599.59247,1076.0125,617315497983208,617315529493417
584.0334,1114.4642,599.59247,1076.0125,617315529585969,617315561045708
522.7327,1125.2832,584.0334,1104.2524,617315561219094,617315597316594
587.5716,1094.1367,587.5716,1094.1367,617315597412844,617315631478573
599.7773,1088.013,587.5716,1094.1367,617315631585916,617315668938052
618.31476,1076.2201,587.5716,1094.1367,617315669038625,617315705663833
604.19226,1046.4987,599.7773,1088.013,617315705897271,617315735869562
582.9498,1028.316,587.5716,1076.2201,617315735983312,617315768591489
584.3314,1057.6903,587.5716,1057.6903,617315769175760,617315802363521
614.2912,1062.8109,587.5716,1062.8109,617315803242323,617315834889510
604.43506,1029.242,587.5716,1057.6903,617315835018937,617315866890552
589.6466,1031.541,589.6466,1057.6903,617315866992791,617315897832948
590.24817,1060.2006,589.6466,1057.6903,617315897939510,617315929578885
574.07324,1017.7702,589.6466,1057.6903,617315929669927,617315966023937
548.7497,1066.7773,589.6466,1057.6903,617315966130552,617315999955760
570.6595,1048.2435,574.07324,1057.6903,617316000240708,617316031583364
518.6221,1048.793,570.6595,1057.6903,617316031752791,617316063638885
516.0173,1072.8726,570.6595,1057.6903,617316063802948,617316100378781
508.3062,1095.1207,518.6221,1057.6903,617316100725604,617316150608625
