x_raw,y_raw,x_filtered,y_filtered,gaze_timestamp,record_timestamp
493.40207,1005.37024,119.05644,539.87866,670594196658249,670594269689342
477.19025,1037.842,124.286026,539.87866,670594269862676,670594327627207
509.72983,983.0481,477.19025,983.0481,670594327761738,670594385188196
375.87668,688.56287,375.87668,688.56287,670594385387571,670594427309082
408.03683,611.1456,408.03683,688.56287,670594427434967,670594473150019
426.67212,564.8964,408.03683,688.56287,670594473294446,670594526513092
467.28583,589.6842,408.03683,611.1456,670594526671061,670594572097363
653.7804,576.69934,426.67212,589.6842,670594572257988,670594615346686
772.8541,536.7643,467.28583,589.6842,670594615439498,670594660525957
730.73724,621.60815,653.7804,589.6842,670594660655228,670594705306478
864.1148,332.43765,730.73724,589.6842,670594705487259,670594742580071
824.2781,907.1837,730.73724,589.6842,670594742720228,670594775371842
891.655,1425.291,824.2781,589.6842,670594775516321,670594823513873
851.4406,706.87964,824.2781,706.87964,670594823683873,670594858684811
1022.21545,561.1174,851.4406,589.6842,670594858879967,670594892226113
1023.66187,658.215,851.4406,658.215,670594892360280,670594925118977
1027.981,611.84033,1022.21545,611.84033,670594925572311,670594958061113
1037.9152,593.26154,1023.66187,611.84033,670594958187363,670594992966998
1032.9812,612.2054,1027.981,611.84033,670594993092102,670595025263092
1007.37366,664.7225,1023.66187,611.84033,670595027655904,670595059776686
658.18835,666.9376,1023.66187,612.2054,670595059874707,670595090985800
642.68994,682.5126,1007.37366,664.7225,670595091736686,670595124299967
618.8613,709.33624,658.18835,666.9376,670595125435019,670595157459498
627.93207,663.4304,642.68994,664.7225,670595158224550,670595190055436
664.5132,777.6679,658.18835,666.9376,670595190699550,670595225559967
652.0241,714.51587,652.0241,666.9376,670595228224602,670595263546634
642.0018,697.27905,652.0241,697.27905,670595263691581,670595303272779
783.7162,651.5807,652.0241,666.9376,670595303428509,670595336384290
812.6448,739.33484,652.0241,697.27905,670595336543040,670595371811738
770.7322,700.14355,770.7322,697.27905,670595371962206,670595406611790
510.95682,832.6707,652.0241,700.14355,670595406785175,670595440809498
461.77094,977.1947,652.0241,700.14355,670595440947102,670595474315227
438.36148,996.5956,510.95682,832.6707,670595474455852,670595509339498
456.58276,1007.932,461.77094,977.1947,670595509529342,670595550814290
405.48636,996.04987,456.58276,996.04987,670595550999811,670595583955540
460.59058,1004.70306,460.59058,996.04987,670595584250904,670595615759446
451.10315,1039.4579,456.58276,996.04987,670595615950175,670595649942102
432.0116,1059.3326,456.58276,1004.70306,670595650126217,670595684982779
460.05457,1069.6932,456.58276,1039.4579,670595685111113,670595715790956
882.41077,1108.9858,456.58276,1059.3326,670595715979446,670595758162519
921.27466,1108.5167,460.05457,1069.6932,670595758288248,670595793388977
972.497,1176.7432,882.41077,1108.5167,670595793573404,670595827200383
974.0555,1200.6373,921.27466,1108.5167,670595827339550,670595859074967
656.6672,1172.6527,882.41077,1172.6527,670595859287571,670595891514394
533.95905,1198.2886,882.41077,1172.6527,670595891853769,670595923357310
559.86865,1172.2766,656.6672,1172.6527,670595929817519,670595970870383
548.0774,1088.6073,559.86865,1172.6527,670595970993873,670596011111946
551.7144,1138.8838,559.86865,1172.2766,670596011196477,670596048694029
483.1146,1089.9137,551.7144,1138.8838,670596048900123,670596083084029
901.4291,1218.6526,559.86865,1172.2766,670596083240592,670596116983821
940.7292,1169.5225,559.86865,1169.5225,670596117154029,670596148330904
956.9804,1162.471,901.4291,1169.5225,670596148508664,670596182160175
967.72845,1136.7054,940.7292,1169.5225,670596182310383,670596237204862
952.98584,1100.2494,952.98584,1162.471,670596237354654,670596271999967
712.23206,1059.1003,940.7292,1136.7054,670596272290331,670596302632883
699.48584,1123.0831,940.7292,1123.0831,670596302813456,670596334494966
640.66046,1119.6061,712.23206,1123.0831,670596334668925,670596368059446
643.1395,1126.9977,699.48584,1123.0831,670596368203508,670596400989133
469.00015,1129.3488,643.1395,1123.0831,670596401127935,670596430967258
320.14218,1216.6277,643.1395,1126.9977,670596431054289,670596462860748
331.01074,1140.6573,469.00015,1129.3488,670596464503404,670596496959289
288.3419,1158.7108,331.01074,1140.6573,670596497390539,670596533727414
301.4293,1106.5413,331.01074,1129.3488,670596533848664,670596565671581
313.15778,1111.3752,313.15778,1129.3488,670596566290175,670596601038560
302.60074,1147.7637,313.15778,1129.3488,670596601591998,670596633765071
284.19443,1143.4033,313.15778,1129.3488,670596633909081,670596674401373
293.7892,1195.6016,302.60074,1143.4033,670596674560852,670596731632831
231.78189,1138.3298,293.7892,1138.3298,670596731760435,670596766015748
314.31467,1049.399,302.60074,1138.3298,670596766733768,670596801630643
677.76404,1098.7023,302.60074,1138.3298,670596801768716,670596839636268
728.556,1034.3866,314.31467,1098.7023,670596839785748,670596871858300
735.6067,961.6597,677.76404,1098.7023,670596872066789,670596906514966
718.4604,999.8763,718.4604,1034.3866,670596906674029,670596948122050
711.2964,1085.1218,711.2964,1085.1218,670596948302258,670596982745904
818.76465,1266.2477,718.4604,1085.1218,670596982920227,670597015865279
772.4308,1035.2493,718.4604,1085.1218,670597016102310,670597051129497
767.9937,1391.9053,767.9937,1085.1218,670597051319029,670597085322310
483.34674,1617.9076,718.4604,1085.1218,670597085514758,670597117759706
360.47397,1575.0184,718.4604,1391.9053,670597117946372,670597149685435
270.668,1295.2092,483.34674,1295.2092,670597149847675,670597181391893
220.82112,1169.447,360.47397,1295.2092,670597181568195,670597214892154
276.62177,1102.3336,276.62177,1295.2092,670597215155070,670597249566164
736.4769,400.18066,360.47397,1169.447,670597249709445,670597282260643
Nan,Nan,Nan,Nan,670597282455695,670597298636320
811.29565,1780.8593,360.47397,1295.2092,670597298763091,670597333350956
876.7814,1245.5813,736.4769,1245.5813,670597333539081,670597364710383
846.3531,1444.1677,811.29565,1295.2092,670597364951268,670597398138299
749.751,1378.7047,749.751,1295.2092,670597398468872,670597430167883
577.24677,1242.616,749.751,1295.2092,670597434816581,670597467984549
623.70874,1030.873,749.751,1295.2092,670597468680591,670597501423143
655.42163,1010.085,655.42163,1242.616,670597502219341,670597533968456
695.0505,1004.79065,695.0505,1030.873,670597534566112,670597569233299
693.98254,952.4889,693.98254,1010.085,670597569359445,670597601260279
726.1664,949.8069,695.0505,1004.79065,670597601443508,670597639463508
814.42065,974.10266,695.0505,974.10266,670597639583560,670597675096581
971.2658,984.45056,726.1664,984.45056,670597675202101,670597709518039
1006.9406,980.7515,814.42065,980.7515,670597709631476,670597745273143
1027.5978,1048.3574,971.2658,984.45056,670597745439810,670597779083872
986.85614,1095.0776,986.85614,984.45056,670597779215018,670597811876424
943.5571,1020.15466,971.2658,1020.15466,670597811976997,670597847495747
975.4367,1025.9738,975.4367,1020.15466,670597847680695,670597882854653
1000.54193,1108.7573,975.4367,1020.15466,670597883010278,670597918177101
1011.46606,982.11334,975.4367,1020.15466,670597918355018,670597952492935
1044.1051,1027.2848,1000.54193,1020.15466,670597952643872,670597983509185
1046.0154,996.1696,1011.46606,1020.15466,670597983663872,670598016102622
1032.9247,1016.56104,1032.9247,1020.15466,670598016248351,670598048768299
1039.6628,962.10034,1032.9247,1016.56104,670598048910435,670598082587205
926.39526,1088.1033,1032.9247,1020.15466,670598082714185,670598126742935
626.0007,1386.5293,1032.9247,1020.15466,670598126987778,670598158585799
636.76074,1395.3625,926.39526,1088.1033,670598158728507,670598195067778
611.2385,1397.7931,636.76074,1386.5293,670598195237987,670598229624549
596.4673,1381.8499,636.76074,1381.8499,670598229763560,670598262201007
570.52606,1387.6489,611.2385,1386.5293,670598262362310,670598295122518
560.11255,1349.4419,596.4673,1381.8499,670598295258143,670598328233924
576.52576,1296.7482,576.52576,1381.8499,670598328478612,670598363068039
565.18896,1306.7875,576.52576,1349.4419,670598363248768,670598394972466
542.11304,1290.2203,576.52576,1306.7875,670598395153455,670598428123091
783.3935,1274.4618,576.52576,1306.7875,670598428336476,670598461141632
836.98615,1233.3466,576.52576,1290.2203,670598461308455,670598497278768
863.33075,1331.0623,783.3935,1306.7875,670598497423872,670598530067674
778.7815,1424.5887,778.7815,1306.7875,670598530235903,670598561607205
820.6061,1449.2534,783.3935,1331.0623,670598561776789,670598593116528
791.3006,1411.6957,783.3935,1411.6957,670598594119184,670598628110226
787.03143,1404.7487,787.03143,1404.7487,670598628243195,670598660055278
833.89874,1303.2977,787.03143,1404.7487,670598660230070,670598691126059
817.1038,1396.4597,787.03143,1404.7487,670598691282049,670598730601216
1071.7062,1432.6799,817.1038,1404.7487,670598730749549,670598763819236
1065.5934,1373.5662,817.1038,1404.7487,670598764043455,670598796980226
1047.3934,1493.5226,1047.3934,1404.7487,670598797146059,670598829287466
1043.7433,1426.2197,1043.7433,1404.7487,670598829468768,670598862487309
1054.3,1473.9939,1047.3934,1426.2197,670598862665434,670598895994184
1043.9514,1502.0167,1043.9514,1426.2197,670598896309393,670598928335486
1025.55,1452.9503,1043.9514,1452.9503,670598928487778,670598960297153
666.11017,1614.4042,1043.9514,1452.9503,670598960460851,670598991031528
323.48697,1607.7971,1025.55,1452.9503,670598991150903,670599023886736
304.72058,1613.0977,666.11017,1607.7971,670599024621580,670599057081632
528.9764,1489.8728,528.9764,1489.8728,670599057237830,670599096984445
767.6924,1998.3348,666.11017,1607.7971,670599097113195,670599129068351
733.0124,2050.7314,666.11017,1607.7971,670599129217101,670599160958195
784.46094,1683.949,733.0124,1683.949,670599161143351,670599193387101
949.38055,705.91895,733.0124,1607.7971,670599193564861,670599225544392
765.9975,501.00198,765.9975,1607.7971,670599225696163,670599258868872
758.6171,482.45294,758.6171,705.91895,670599259044340,670599292372934
821.7732,394.89374,765.9975,501.00198,670599292554236,670599351118611
846.66345,219.30379,765.9975,482.45294,670599351223663,670599384688038
850.238,221.30855,821.7732,394.89374,670599384856840,670599423966007
812.2505,218.42142,812.2505,221.30855,670599424208247,670599460826840
811.21344,286.93823,812.2505,286.93823,670599460960382,670599496937830
879.4512,209.80133,812.2505,221.30855,670599497129861,670599527885590
953.5694,261.63156,812.2505,261.63156,670599528058090,670599564804809
934.31775,272.17694,879.4512,261.63156,670599565002517,670599603669184
933.98804,366.55096,933.98804,261.63156,670599603819653,670599638939549
839.6374,437.29742,879.4512,272.17694,670599639103246,670599675519028
861.6637,1959.9247,879.4512,366.55096,670599675699809,670599735990382
852.1161,1998.9176,861.6637,437.29742,670599736116371,670599769697621
832.951,1930.7777,861.6637,1930.7777,670599769846840,670599806484392
776.31946,1890.8148,852.1161,1890.8148,670599806605434,670599842754080
759.83844,1857.044,832.951,1890.8148,670599842899757,670599880987153
749.63776,1894.3687,776.31946,1890.8148,670599882564444,670599918554653
758.3303,1969.6696,759.83844,1890.8148,670599918722882,670599956483038
704.395,1851.4421,758.3303,1890.8148,670599956672726,670600000646007
828.3041,679.61414,759.83844,1890.8148,670600000843715,670600035392725
720.9864,956.7675,758.3303,1851.4421,670600035554600,670600068954028
517.4541,722.09576,758.3303,956.7675,670600069115017,670600135818975
566.2656,683.90076,720.9864,956.7675,670600135908194,670600176908142
589.6311,700.56256,589.6311,722.09576,670600177080850,670600210218090
560.9426,667.0762,589.6311,700.56256,670600210342465,670600241712100
610.078,679.25116,589.6311,700.56256,670600242692309,670600278077882
614.5458,615.03265,589.6311,679.25116,670600278197986,670600310871892
527.66095,735.07294,589.6311,700.56256,670600311047986,670600342557361
508.49246,835.5967,589.6311,700.56256,670600343183402,670600375570955
513.5017,820.78534,527.66095,735.07294,670600384227152,670600415387986
465.48627,759.93085,513.5017,759.93085,670600415508090,670600450302986
428.49222,798.83777,513.5017,759.93085,670600450456059,670600489825121
460.67303,849.01306,465.48627,759.93085,670600490008507,670600526793611
653.7076,769.55096,513.5017,769.55096,670600526986319,670600559470069
661.557,824.52075,513.5017,769.55096,670600559619132,670600593549965
667.95715,825.6586,653.7076,769.55096,670600593704444,670600632627465
610.0016,349.0358,610.0016,769.55096,670600632701007,670600664682465
809.47217,1498.0353,653.7076,769.55096,670600664855121,670600697645590
849.62964,1678.0142,653.7076,769.55096,670600697827569,670600730454913
739.8356,1038.4877,739.8356,1038.4877,670600730638611,670600761857465
701.50586,654.54047,701.50586,769.55096,670600762050954,670600794182934
590.58093,970.19543,701.50586,970.19543,670600794345798,670600831425954
567.02496,792.7718,701.50586,792.7718,670600831619965,670600865514913
587.73975,791.3394,590.58093,792.7718,670600865723402,670600898329600
614.5559,703.3319,614.5559,792.7718,670600898471788,670600937633715
634.7073,750.32367,614.5559,791.3394,670600937810277,670600974082256
642.53986,726.1494,614.5559,750.32367,670600974284756,670601009534965
719.24725,1006.2983,634.7073,791.3394,670601009633715,670601041669704
743.9118,1049.8972,642.53986,791.3394,670601041802986,670601073475173
739.2905,1098.6499,719.24725,1006.2983,670601074255954,670601107027621
754.781,1109.8121,739.2905,1049.8972,670601109368663,670601141221423
741.1321,1112.3157,739.2905,1098.6499,670601141631267,670601171500902
744.6434,1117.3546,741.1321,1109.8121,670601173771319,670601207620173
736.81635,1001.61597,739.2905,1098.6499,670601210273819,670601242120121
791.35004,1023.05383,741.1321,1098.6499,670601243841215,670601277331110
1053.9415,1228.6537,741.1321,1098.6499,670601277459913,670601312111527
1068.397,1245.4803,791.35004,1098.6499,670601312284808,670601345031267
1069.3083,1245.549,1053.9415,1228.6537,670601345151788,670601376191110
1058.2664,1436.2262,1058.2664,1245.4803,670601376857412,670601408581683
813.7989,961.2399,1053.9415,1228.6537,670601408700902,670601441166683
881.7941,1659.3135,1053.9415,1245.4803,670601442728662,670601475974079
881.5965,1725.2246,881.7941,1245.4803,670601476230121,670601508995329
729.30566,1102.543,881.7941,1245.4803,670601509944600,670601563601267
647.5902,1370.307,881.5965,1245.4803,670601563702621,670601596667569
428.84882,1399.4414,729.30566,1245.4803,670601596854912,670601627975173
486.93863,1192.9708,647.5902,1245.4803,670601628204600,670601662451787
459.94995,1148.4185,486.93863,1245.4803,670601662595642,670601697384964
479.14856,1122.0546,486.93863,1192.9708,670601697528402,670601737956735
493.97424,1231.0176,486.93863,1231.0176,670601738143089,670601769643714
518.5889,1242.0345,486.93863,1231.0176,670601769728037,670601803005694
509.99936,1191.1703,493.97424,1231.0176,670601803196319,670601836645121
507.1147,1143.8522,507.1147,1231.0176,670601836780850,670601871321058
507.42477,1234.8663,507.1147,1231.0176,670601871465016,670601904740485
540.76886,1179.5314,507.1147,1231.0176,670601904894131,670601936849600
519.1324,1164.1125,507.42477,1231.0176,670601937026683,670601968362204
314.49506,1269.8953,507.1147,1231.0176,670601968517308,670602003931058
261.9707,1325.8751,507.1147,1231.0176,670602004149391,670602036161943
241.50558,1327.4641,314.49506,1269.8953,670602036361891,670602072518350
248.81258,1298.0226,261.9707,1298.0226,670602072675016,670602116748975
237.7148,1313.1576,248.81258,1298.0226,670602116852725,670602153305068
245.44731,1323.9998,248.81258,1298.0226,670602153489235,670602189803037
205.3529,1337.2258,245.44731,1313.1576,670602189961423,670602224174287
208.8454,1315.1478,245.44731,1315.1478,670602224305173,670602257978089
618.804,1268.6736,245.44731,1313.1576,670602258110745,670602293048558
747.0982,1277.9965,245.44731,1313.1576,670602293196527,670602326390589
765.5832,1235.1642,618.804,1277.9965,670602326570850,670602359152100
786.2538,1269.8414,747.0982,1277.9965,670602359330120,670602395463350
820.37756,1266.571,765.5832,1269.8414,670602395620381,670602435951683
810.43134,1247.8903,786.2538,1269.8414,670602436164600,670602474715902
801.07166,1700.7378,801.07166,1269.8414,670602474891475,670602506086214
779.652,1535.5789,786.2538,1269.8414,670602506304912,670602558098454
641.41925,1442.8522,786.2538,1442.8522,670602558187100,670602593249391
536.7823,1288.6652,779.652,1288.6652,670602593391422,670602634953766
607.17596,1267.6824,641.41925,1288.6652,670602635180902,670602666481631
622.8754,1217.5292,622.8754,1288.6652,670602666633714,670602707368141
626.22675,1227.7603,626.22675,1267.6824,670602707484652,670602738940485
648.07935,1283.1678,626.22675,1283.1678,670602739127516,670602769603089
656.4147,1314.7328,626.22675,1283.1678,670602769805172,670602804196891
682.60535,1320.3356,648.07935,1283.1678,670602804376422,670602835928349
616.06464,1384.5676,626.22675,1314.7328,670602836147204,670602868888037
766.52466,1335.3062,648.07935,1320.3356,670602869056683,670602901584547
807.0113,1334.6809,648.07935,1334.6809,670602901781422,670602935137985
884.9305,1306.4586,766.52466,1320.3356,670602935329912,670602967556631
875.8254,1264.5968,807.0113,1320.3356,670602967730224,670603001226839
902.3477,1269.2723,875.8254,1306.4586,670603001410954,670603064483766
907.2236,1270.3577,875.8254,1270.3577,670603064610537,670603103503141
911.16534,1218.6621,902.3477,1270.3577,670603103659599,670603135879078
908.5372,1275.0265,907.2236,1270.3577,670603136056318,670603171031110
617.93256,1131.4149,902.3477,1270.3577,670603171184235,670603203152985
613.4279,1136.2224,902.3477,1270.3577,670603203354547,670603234865485
578.2285,1200.0681,617.93256,1200.0681,670603235077776,670603269701370
598.4575,1188.6989,613.4279,1200.0681,670603269875589,670603304911006
607.2091,1121.5702,607.2091,1200.0681,670603305078506,670603338421735
552.9167,1131.6703,607.2091,1188.6989,670603338566787,670603371107672
568.3309,1151.4435,607.2091,1151.4435,670603371272933,670603405384912
595.5283,1150.3154,595.5283,1151.4435,670603405565433,670603442814651
560.76935,1152.1824,595.5283,1151.4435,670603442969547,670603474214235
903.2385,776.43085,595.5283,1151.4435,670603474398037,670603505155693
973.5161,727.7039,595.5283,1151.4435,670603505317568,670603536973349
995.2381,811.646,903.2385,811.646,670603538039182,670603573162776
984.7464,824.27814,973.5161,824.27814,670603573336422,670603604514339
1004.11804,827.45825,984.7464,824.27814,670603604669443,670603635278401
1004.33026,804.9587,984.7464,824.27814,670603635462047,670603668825432
1001.97363,822.38934,1001.97363,824.27814,670603669010432,670603700987203
828.10156,836.57855,984.7464,824.27814,670603701152932,670603733389287
837.89716,855.59314,984.7464,824.27814,670603733575380,670603768217464
811.8986,807.92865,837.89716,824.27814,670603768387151,670603800111266
780.24133,812.8241,837.89716,824.27814,670603800279234,670603834865380
813.27856,688.7563,813.27856,812.8241,670603835054287,670603866401787
776.4676,331.89206,813.27856,812.8241,670603866588089,670603903657464
744.9026,1114.9801,813.27856,812.8241,670603903847359,670603937567724
696.9435,378.9687,776.4676,812.8241,670603937743870,670603968934859
346.18362,783.85077,744.9026,812.8241,670603969121682,670604002165068
327.69467,780.7367,696.9435,783.85077,670604002325693,670604040231682
337.52005,858.3456,346.18362,812.8241,670604040380953,670604070723297
386.7706,814.5802,386.7706,812.8241,670604070954286,670604103958974
396.75082,814.9897,386.7706,814.5802,670604104188036,670604135628818
366.4856,808.478,386.7706,812.8241,670604135822047,670604166597984
364.37665,792.0682,386.7706,812.8241,670604166770016,670604201843401
343.1361,856.61,366.4856,812.8241,670604202023713,670604234446057
341.92462,888.67957,364.37665,812.8241,670604234625120,670604271018401
385.16113,866.6526,366.4856,856.61,670604271210849,670604304693349
398.1207,831.2302,366.4856,831.2302,670604304859651,670604338305224
629.5673,771.6905,385.16113,831.2302,670604338455849,670604372192880
1085.3009,806.45996,398.1207,831.2302,670604372367776,670604405221526
1087.1772,784.6898,629.5673,806.45996,670604405476526,670604439019130
1090.0444,824.5399,1085.3009,824.5399,670604439199182,670604483169807
1092.715,840.16766,1087.1772,824.5399,670604483301943,670604516146318
1087.1991,796.0851,1087.1991,824.5399,670604516292411,670604549473557
1093.4053,832.2923,1087.1991,824.5399,670604549648661,670604581441838
1094.374,814.00415,1087.1991,824.5399,670604581590172,670604622305692
1097.8381,837.74243,1093.4053,824.5399,670604622406838,670604658913505
1112.3466,925.7341,1094.374,824.5399,670604659059182,670604697534703
1106.317,866.6852,1097.8381,837.74243,670604697702567,670604731910276
1091.1938,741.7295,1094.374,824.5399,670604732131213,670604765400536
1090.0267,726.44336,1094.374,824.5399,670604765552307,670604799241474
1063.6892,665.0152,1091.1938,741.7295,670604799386265,670604832669286
841.22894,844.93823,1090.0267,824.5399,670604832806422,670604865065328
799.223,1442.4803,1063.6892,824.5399,670604865182776,670604897933609
868.0707,1355.5929,868.0707,844.93823,670604898079859,670604941347932
890.80725,1347.0437,890.80725,1347.0437,670604941459859,670604970953609
967.41724,902.61163,890.80725,902.61163,670604971155067,670605003138244
1054.3805,1239.6962,890.80725,1239.6962,670605003335432,670605035349911
931.8071,1139.2347,931.8071,1139.2347,670605035536213,670605067578765
956.11536,1211.3953,931.8071,1211.3953,670605067743296,670605101562255
974.13275,1232.886,931.8071,1211.3953,670605101753765,670605133484338
914.4636,1272.859,931.8071,1211.3953,670605133655484,670605165220640
901.5429,1290.4883,931.8071,1232.886,670605165402411,670605198069234
901.2602,1200.8195,914.4636,1211.3953,670605198210328,670605231119442
811.25934,1160.9039,901.5429,1211.3953,670605231244859,670605264469963
859.0653,1145.7894,901.2602,1200.8195,670605264658817,670605297563088
857.8834,1178.9581,859.0653,1178.9581,670605297733505,670605331115953
854.7806,1197.6746,859.0653,1197.6746,670605331260536,670605363102776
926.26086,1172.7941,859.0653,1178.9581,670605363253505,670605424925744
626.46,1301.0808,859.0653,1197.6746,670605425032255,670605463807359
585.2233,1367.7223,859.0653,1197.6746,670605463944390,670605497006890
661.4941,1491.393,661.4941,1301.0808,670605497182880,670605530172098
672.2676,1404.6642,672.2676,1367.7223,670605530337307,670605566196942
664.4332,1363.0536,664.4332,1363.0536,670605566369911,670605599767150
683.7694,1392.6161,672.2676,1367.7223,670605599939963,670605632753713
638.33563,1328.7292,664.4332,1363.0536,670605632901838,670605664441109
610.29,1332.3729,664.4332,1363.0536,670605664567880,670605697239494
507.66943,1399.2872,638.33563,1363.0536,670605697380953,670605730863661
318.03433,1405.5219,610.29,1363.0536,670605730997463,670605763188973
311.40216,1464.7262,507.66943,1399.2872,670605763627723,670605796607932
304.6904,1507.6708,318.03433,1405.5219,670605796764130,670605830003661
331.98865,1541.9126,331.98865,1464.7262,670605830188557,670605866293400
356.30917,1578.922,331.98865,1507.6708,670605866463244,670605902622775
332.36194,1568.4124,331.98865,1541.9126,670605902818765,670605938365327
341.9035,1504.4506,332.36194,1507.6708,670605938464338,670605968546473
311.73294,1377.8657,331.98865,1507.6708,670605968707254,670606008999182
587.3462,458.48395,332.36194,1504.4506,670606009334494,670606049746838
731.17126,1459.4954,332.36194,1459.4954,670606049896421,670606108558817
731.2411,536.5173,587.3462,1459.4954,670606108894025,670606151027879
643.4266,872.95435,643.4266,1459.4954,670606151126734,670606190378817
657.38525,826.1126,643.4266,872.95435,670606190488713,670606225416004
658.05945,886.5641,643.4266,886.5641,670606225562515,670606260316629
650.3163,901.422,650.3163,886.5641,670606260473504,670606291910692
661.1965,916.0138,650.3163,886.5641,670606292061317,670606325152098
625.7949,898.7017,650.3163,898.7017,670606325269234,670606364312463
634.69226,937.88495,650.3163,898.7017,670606364407723,670606400309025
641.07715,978.89905,641.07715,898.7017,670606400454598,670606454217567
595.2116,1247.8014,641.07715,937.88495,670606454312150,670606488413348
568.11395,1303.4943,641.07715,978.89905,670606488522358,670606522550952
583.0961,1249.0742,595.2116,1247.8014,670606522664494,670606558417046
576.18286,1273.9596,583.0961,1249.0742,670606558610796,670606592744963
635.6639,1247.577,595.2116,1247.8014,670606592880588,670606624646056
626.4427,1176.9587,595.2116,1247.8014,670606624777983,670606657439806
682.08905,1256.0104,626.4427,1247.8014,670606657538035,670606688595848
656.69006,1187.4452,626.4427,1247.8014,670606688711785,670606719908244
642.67957,1211.1956,642.67957,1247.8014,670606720162827,670606751937671
618.9896,1198.5463,626.4427,1211.1956,670606752171317,670606785914129
615.33887,1137.0652,626.4427,1211.1956,670606786840535,670606822160379
654.7446,1081.5432,626.4427,1198.5463,670606822344546,670606854311994
685.9695,1177.5902,626.4427,1177.5902,670606854425171,670606888321108
655.4606,1130.9584,654.7446,1177.5902,670606888691525,670606953955796
652.794,1128.8346,652.794,1177.5902,670606954072046,670606998417671
665.09753,1134.887,654.7446,1134.887,670606998507150,670607034669910
667.3724,1134.526,654.7446,1134.887,670607034840796,670607071775223
652.5978,1099.1968,654.7446,1134.887,670607071881994,670607107935014
659.40393,1114.4133,654.7446,1134.526,670607108125900,670607145204181
679.3215,1167.5155,654.7446,1134.887,670607145410483,670607183495796
621.1603,1036.4519,654.7446,1134.526,670607183647775,670607218049442
662.04694,1073.2527,654.7446,1134.526,670607218226264,670607255549441
649.5617,1110.6018,654.7446,1110.6018,670607256594181,670607294933764
756.4137,616.9661,654.7446,1110.6018,670607295115587,670607330636004
820.84357,1790.4924,654.7446,1110.6018,670607330754337,670607365040379
833.51447,1311.6383,756.4137,1110.6018,670607365154129,670607400638712
737.4603,1038.1764,737.4603,1110.6018,670607400840223,670607433598764
661.94824,1137.4338,737.4603,1110.6018,670607433703921,670607472466316
535.68695,1111.896,737.4603,1110.6018,670607473121264,670607509838243
556.6193,1082.5728,661.94824,1110.6018,670607509930900,670607545283452
577.42,1022.90906,577.42,1110.6018,670607545483296,670607580815014
573.3581,978.59656,577.42,1082.5728,670607580988973,670607617287462
592.9264,934.18854,577.42,1022.90906,670607617470379,670607653450691
619.5109,1009.7238,577.42,1009.7238,670607653561316,670607686053712
558.3856,969.0552,577.42,1009.7238,670607686486473,670607719423295
558.57916,1013.6735,577.42,1009.7238,670607719734285,670607756214233
547.5471,1106.442,558.57916,1009.7238,670607756366577,670607791408920
566.17505,1060.0277,566.17505,1013.6735,670607792105743,670607829010587
516.51794,1086.9841,558.57916,1060.0277,670607829131056,670607863849650
567.84796,1067.9683,566.17505,1060.0277,670607864061889,670607895152358
555.9854,1069.7441,558.57916,1067.9683,670607895315535,670607926563608
560.2623,1100.7404,560.2623,1067.9683,670607926738868,670607971234285
542.428,1099.5577,558.57916,1069.7441,670607971348868,670608003662931
584.2729,1071.7306,560.2623,1071.7306,670608003765118,670608034877827
588.2041,1069.2491,560.2623,1069.7441,670608035008452,670608066531785
584.8101,1075.0833,584.2729,1071.7306,670608066707983,670608100664650
594.42267,1063.4796,584.8101,1069.7441,670608101361316,670608131284702
622.76685,1088.754,584.8101,1071.7306,670608131470274,670608165287566
568.2856,1113.754,584.8101,1071.7306,670608165442983,670608197255431
589.1605,1099.6074,584.8101,1088.754,670608197420535,670608228359285
580.88257,1045.9159,584.8101,1071.7306,670608228520795,670608261566889
603.7543,1069.2354,584.8101,1071.7306,670608261757045,670608296524077
605.58716,1046.7743,584.8101,1069.2354,670608296628660,670608332369389
581.2979,1048.1892,584.8101,1069.2354,670608332554129,670608364851056
617.98303,1063.3241,584.8101,1063.3241,670608365044233,670608397270431
589.5576,1059.6199,584.8101,1063.3241,670608397486420,670608431410431
563.51196,1053.0973,584.8101,1063.3241,670608431511837,670608464627045
556.83527,1060.9125,584.8101,1060.9125,670608464737774,670608498569076
597.5081,1025.9895,584.8101,1060.9125,670608498666733,670608531156212
534.8336,1040.441,584.8101,1060.9125,670608531277826,670608562664858
564.42365,1088.4271,584.8101,1060.9125,670608562835222,670608596338972
603.4149,1098.87,584.8101,1060.9125,670608596493920,670608629801056
606.66296,1088.4834,584.8101,1088.4271,670608629980483,670608662878608
574.3685,1039.8401,584.8101,1060.9125,670608663058556,670608696805326
592.3834,1069.6907,584.8101,1069.6907,670608696996264,670608737147201
589.59204,1104.6234,584.8101,1069.6907,670608737366212,670608771020326
577.1046,1089.6514,584.8101,1069.6907,670608771197358,670608807241212
592.0281,1071.1058,584.8101,1071.1058,670608807421576,670608838792722
580.0505,925.8876,584.8101,1069.6907,670608838987566,670608873575118
598.6308,976.9693,584.8101,1069.6907,670608873722097,670608915659285
604.885,1053.4268,584.8101,1053.4268,670608915738764,670608947346576
578.5024,922.6259,584.8101,1053.4268,670608950031680,670608984209753
581.70294,1055.9019,584.8101,1053.4268,670608984344493,670609019473555
597.67957,1011.75665,584.8101,1053.4268,670609019594493,670609057740847
547.6495,965.95306,584.8101,1053.4268,670609057927930,670609092166732
598.0082,1008.5828,584.8101,1011.75665,670609092339805,670609124302670
616.07745,1043.9646,584.8101,1043.9646,670609124465639,670609161308451
604.1978,1063.6261,598.0082,1043.9646,670609161447201,670609195999649
578.38214,1039.0839,584.8101,1043.9646,670609196253347,670609230165430
606.19403,1020.0238,598.0082,1043.9646,670609230349701,670609262851941
618.9514,1033.5714,598.0082,1039.0839,670609263022826,670609296174232
597.63416,1058.965,598.0082,1043.9646,670609296284545,670609327376941
596.49786,1030.4792,598.0082,1039.0839,670609327566264,670609361476889
604.0966,1024.2941,598.0082,1039.0839,670609361655482,670609395084441
629.65894,989.12134,598.0082,1030.4792,670609395859076,670609430890899
649.6473,1013.96967,604.0966,1024.2941,670609430985899,670609465249232
602.3136,999.75085,602.3136,1013.96967,670609465356472,670609499752774
627.5278,1018.7477,604.0966,1018.7477,670609499861889,670609537038399
629.3033,1029.3749,604.0966,1018.7477,670609537217409,670609567697357
660.4505,1031.1599,627.5278,1018.7477,670609568438243,670609598974493
636.2127,955.8909,629.3033,1018.7477,670609599078816,670609630930899
608.1279,984.566,627.5278,1018.7477,670609631081316,670609663254493
611.89294,1005.14197,627.5278,1005.14197,670609663369076,670609695273191
619.5384,1010.9386,619.5384,1010.9386,670609695462409,670609728740482
614.8272,993.06635,619.5384,1005.14197,670609728905743,670609761525847
637.80176,1017.8057,619.5384,1010.9386,670609761643920,670609796697722
636.7991,1021.0607,619.5384,1010.9386,670609796835378,670609828505482
606.9304,1019.28754,619.5384,1017.8057,670609828662097,670609874776784
631.2897,1031.2231,619.5384,1019.28754,670609875772461,670609905490170
620.9097,1020.93866,619.5384,1019.28754,670609905592722,670609938364961
609.78864,1046.9857,619.5384,1020.93866,670609938522305,670609971075743
610.08594,1011.4826,619.5384,1019.28754,670609971246628,670610001931159
636.0213,966.28467,619.5384,1019.28754,670610002083659,670610035814440
621.7144,1010.8156,619.5384,1011.4826,670610036090690,670610068105326
603.09045,1005.29236,619.5384,1010.8156,670610068279388,670610103617253
613.6557,1032.0311,619.5384,1011.4826,670610103788347,670610137520326
595.11066,1017.9838,613.6557,1011.4826,670610137703503,670610169694753
620.44196,985.903,619.5384,1011.4826,670610169875378,670610202912149
627.65845,1161.8536,619.5384,1011.4826,670610203063659,670610235618086
679.4244,1118.7599,620.44196,1011.4826,670610235809284,670610269079336
569.1367,1051.0182,619.5384,1051.0182,670610269242305,670610301800742
742.2195,570.894,620.44196,1011.4826,670610301980170,670610334897617
804.20685,1518.64,620.44196,1051.0182,670610335182149,670610371195222
810.0298,1161.7502,742.2195,1051.0182,670610372146003,670610401336524
642.0293,1295.5929,642.0293,1161.7502,670610401512097,670610430863347
647.04456,1319.6791,647.04456,1161.7502,670610430976003,670610461396524
588.77795,1074.2625,642.0293,1161.7502,670610461507461,670610492926628
579.0658,930.1549,642.0293,1161.7502,670610493099649,670610527521107
583.80505,959.75085,588.77795,1074.2625,670610527688451,670610559425117
586.9269,936.611,586.9269,959.75085,670610559546263,670610592276524
613.72,970.864,588.77795,970.864,670610592371576,670610623900169
609.42206,1065.2767,588.77795,970.864,670610624231419,670610656786784
578.44775,1088.8286,588.77795,970.864,670610657259440,670610689620274
588.5425,1053.4315,588.77795,1053.4315,670610689721888,670610727426680
604.39325,1011.804,588.77795,1011.804,670610727604596,670610760193919
575.4927,1000.1003,588.77795,1011.804,670610761129076,670610797787617
570.19336,982.9612,588.77795,1011.804,670610797898867,670610830208086
600.4077,1038.7286,588.77795,1011.804,670610830308294,670610864389336
574.29034,1021.12,588.77795,1011.804,670610864509701,670610897265221
581.6923,1044.4357,588.77795,1021.12,670610897359753,670610929902930
600.8272,1002.35596,588.77795,1011.804,670610930027773,670610964923867
611.0328,1025.6265,588.77795,1021.12,670610965396784,670611000578138
587.1437,953.022,588.77795,1011.804,670611000741836,670611031576315
571.0269,959.8599,588.77795,1011.804,670611031754805,670611064702461
650.0849,1022.6671,588.77795,1011.804,670611065544857,670611097420013
610.4971,987.9516,588.77795,1011.804,670611097533034,670611139841159
626.99396,994.0969,610.4971,1011.804,670611139949128,670611170215430
632.2862,1043.225,610.4971,1011.804,670611170315221,670611207925377
646.7262,1019.783,626.99396,1011.804,670611208159127,670611244955013
629.32886,1062.4867,629.32886,1019.783,670611245043659,670611283036680
642.3755,1044.964,629.32886,1019.783,670611284310690,670611321363346
641.92004,1032.2097,629.32886,1032.2097,670611321470325,670611351652565
606.8741,1019.2737,629.32886,1019.783,670611351806888,670611382398763
632.8416,1004.4308,629.32886,1019.783,670611382558450,670611414320273
647.94794,1010.54535,629.32886,1019.2737,670611414449596,670611446472565
563.6241,992.06067,629.32886,1010.54535,670611447845013,670611477587357
583.725,1034.8978,629.32886,1019.2737,670611478491732,670611512372669
620.98145,1021.0386,620.98145,1019.2737,670611513320065,670611545582773
560.1327,1026.4789,620.98145,1021.0386,670611545663086,670611579423711
587.24927,1036.5278,620.98145,1021.0386,670611580651836,670611618271679
595.95624,1004.7702,595.95624,1021.0386,670611619159961,670611652732565
592.87714,1023.99817,595.95624,1021.0386,670611652891315,670611698068867
590.1834,1043.5385,595.95624,1021.0386,670611698948919,670611732120742
603.38416,1020.8231,595.95624,1021.0386,670611732307148,670611764962461
572.3666,999.5913,595.95624,1021.0386,670611765140481,670611795726106
601.1987,945.6504,595.95624,1020.8231,670611796710117,670611829957513
617.92535,983.3948,595.95624,999.5913,670611830136471,670611865948138
645.05743,1020.0071,601.1987,1020.0071,670611866136054,670611897046731
582.0654,1039.5493,595.95624,1020.0071,670611897196211,670611927619231
601.48676,997.5957,601.1987,1020.0071,670611927718502,670611960103815
594.4186,964.5875,595.95624,1020.0071,670611960211002,670612008280742
591.9956,957.1847,595.95624,997.5957,670612008378450,670612042750169
606.69836,1006.77454,595.95624,1006.77454,670612043733606,670612078606575
597.32556,1040.4967,595.95624,1006.77454,670612080071106,670612111686158
610.71893,1028.0582,597.32556,1006.77454,670612113332721,670612146683815
617.91534,1037.8406,597.32556,1028.0582,670612148050585,670612185681419
594.17126,1042.2649,597.32556,1028.0582,670612188580481,670612226616835
593.45166,950.9762,597.32556,1028.0582,670612226722044,670612259696419
595.9863,1078.519,595.9863,1028.0582,670612259786731,670612295308554
602.18054,955.9875,597.32556,1028.0582,670612295584127,670612327553919
609.72107,1024.5055,597.32556,1028.0582,670612327664596,670612366230325
646.441,1040.123,602.18054,1028.0582,670612366400117,670612399206940
626.2807,1062.9901,609.72107,1028.0582,670612399392981,670612431439960
649.41376,1051.8896,626.2807,1040.123,670612431629231,670612462661106
614.57477,1019.24915,614.57477,1028.0582,670612462917252,670612493072669
624.96216,1071.3674,624.96216,1040.123,670612493182929,670612527228398
596.7491,1006.75665,614.57477,1028.0582,670612527352408,670612560417460
617.60016,1030.7756,617.60016,1030.7756,670612560536419,670612592496367
585.6255,1067.8402,614.57477,1030.7756,670612592592669,670612623835794
593.00116,1060.1716,614.57477,1030.7756,670612624123450,670612672390689
566.5637,1037.498,593.00116,1037.498,670612672482929,670612705527148
610.23505,1080.6603,610.23505,1037.498,670612705644908,670612736268294
616.7612,1076.5107,610.23505,1037.498,670612736462252,670612767898971
609.79065,1056.8525,610.23505,1056.8525,670612768120481,670612799513033
627.96423,1053.2175,610.23505,1053.2175,670612799614648,670612831829179
634.48755,1060.1938,610.23505,1056.8525,670612832753606,670612863473346
596.8521,1117.5095,610.23505,1056.8525,670612863592773,670612895555429
585.08997,1098.7655,610.23505,1060.1938,670612895729387,670612927387356
591.4973,1083.3611,596.8521,1083.3611,670612928342668,670612959576054
643.5188,1079.9039,610.23505,1079.9039,670612959691418,670612991278137
604.107,1093.3073,604.107,1083.3611,670612991386627,670613025760116
648.5259,1056.3367,610.23505,1079.9039,670613025858241,670613062420898
590.2619,1068.6514,604.107,1079.9039,670613062520793,670613094159283
602.17645,1092.173,604.107,1079.9039,670613094315325,670613135224908
628.8511,1105.0709,604.107,1079.9039,670613135331054,670613169069075
623.78625,956.5073,604.107,1079.9039,670613169217200,670613201842252
684.7963,452.1199,623.78625,1079.9039,670613201953189,670613234821835
760.2115,1246.3467,623.78625,1079.9039,670613235000429,670613268975168
817.38794,795.3391,684.7963,1079.9039,670613269138450,670613304916679
702.68243,983.06067,702.68243,1079.9039,670613305031991,670613344363085
541.3189,1005.38824,684.7963,1005.38824,670613345234700,670613382775220
586.9112,1091.6328,684.7963,1079.9039,670613382861835,670613417933658
620.69965,1067.5475,620.69965,1067.5475,670613418078502,670613452312252
621.61957,1123.2993,621.61957,1079.9039,670613452509022,670613486521939
575.9177,1156.2074,620.69965,1079.9039,670613486729543,670613519968189
583.5616,1146.2565,620.69965,1123.2993,670613520112668,670613552489647
562.3088,1121.9084,583.5616,1121.9084,670613552603762,670613584704647
561.2269,1146.6158,583.5616,1123.2993,670613584812564,670613617558397
522.6251,1183.765,562.3088,1123.2993,670613618233345,670613661874856
556.7378,1159.223,561.2269,1146.6158,670613661977564,670613693374699
463.2346,1219.672,556.7378,1159.223,670613693516106,670613725343606
449.07092,783.49164,556.7378,1146.6158,670613725718085,670613758284127
678.87213,1062.868,556.7378,1146.6158,670613758746939,670613790628033
742.58484,1609.3573,556.7378,1146.6158,670613790733293,670613824160220
715.2006,1370.6279,678.87213,1146.6158,670613824272512,670613856272564
561.8034,996.8807,561.8034,1146.6158,670613856378554,670613888387356
457.65213,1144.5817,561.8034,1146.6158,670613888499126,670613923647720
375.01776,1069.3164,561.8034,1144.5817,670613923758293,670613958434491
410.34018,939.04865,457.65213,1144.5817,670613959456210,670613996926106
497.2637,1025.7233,497.2637,1069.3164,670613997106262,670614030671366
514.1016,1011.4135,497.2637,1025.7233,670614030873501,670614061460064
513.2645,1097.2802,497.2637,1069.3164,670614063796470,670614094959126
479.0967,1060.0951,497.2637,1060.0951,670614095106418,670614131838658
490.4024,1030.4797,497.2637,1060.0951,670614131943814,670614165504543
452.10086,1067.9193,490.4024,1060.0951,670614165601314,670614197713553
464.09683,1074.7909,490.4024,1060.0951,670614197906939,670614231784126
489.40387,1100.2904,489.40387,1067.9193,670614231997095,670614286224491
485.69028,1126.6188,489.40387,1074.7909,670614286335637,670614319592199
516.9212,1006.12604,489.40387,1067.9193,670614319680324,670614355674022
497.63257,1052.0073,489.40387,1067.9193,670614355784647,670614390999335
529.83435,1054.8718,497.63257,1054.8718,670614391081522,670614427761314
546.37695,1035.6011,497.63257,1054.8718,670614427939960,670614466992824
518.2476,1042.3387,518.2476,1054.8718,670614467180272,670614502198032
532.93384,1056.1963,518.2476,1054.8718,670614502417147,670614534431835
526.27423,1050.9545,518.2476,1054.8718,670614534563866,670614566915637
542.70874,1030.5981,526.27423,1054.8718,670614567084230,670614599635689
542.74976,1061.4287,526.27423,1054.8718,670614599778241,670614636567043
556.9037,1061.8628,542.70874,1054.8718,670614637489595,670614674220168
476.87952,1065.7924,526.27423,1061.4287,670614674888553,670614707340845
507.03833,1115.8712,526.27423,1061.8628,670614707496991,670614737059439
494.13776,1016.19385,507.03833,1061.4287,670614737156887,670614768210949
525.0522,1077.412,525.0522,1061.8628,670614768301574,670614800153709
510.1733,1047.166,510.1733,1061.4287,670614800334074,670614830596782
531.99817,1073.852,525.0522,1061.8628,670614830814126,670614862541730
526.24194,1015.12854,525.0522,1061.4287,670614862718709,670614894504647
517.49866,1027.4196,525.0522,1061.4287,670614894612720,670614926378084
506.79678,1031.7373,525.0522,1031.7373,670614927465689,670614962373553
475.8692,956.6257,517.49866,1031.7373,670614963246366,670614999147772
474.17694,974.4761,506.79678,1031.7373,670614999336418,670615033795064
493.3542,956.5061,493.3542,974.4761,670615033971939,670615081447668
534.8619,1015.3802,506.79678,1015.3802,670615081533814,670615111476053
532.72076,1005.7468,506.79678,1005.7468,670615112727980,670615148526313
507.2319,1023.0291,507.2319,1015.3802,670615148650949,670615186239699
515.3535,1057.7587,507.2319,1015.3802,670615186344126,670615218100063
521.7854,1056.6409,507.2319,1023.0291,670615218219803,670615257032043
527.37646,1042.4115,515.3535,1042.4115,670615257132668,670615298051209
523.66754,1071.6946,521.7854,1042.4115,670615298221001,670615333343865
517.46313,1052.4294,517.46313,1042.4115,670615333437355,670615365011418
530.00714,1003.2459,521.7854,1042.4115,670615365187876,670615396325636
542.7203,1104.842,521.7854,1042.4115,670615396477043,670615430340272
517.16656,1023.0975,521.7854,1042.4115,670615430507824,670615462737772
425.1911,1060.9574,521.7854,1042.4115,670615462928345,670615511164230
563.70514,400.38516,521.7854,1042.4115,670615511265740,670615570115063
597.6892,756.3245,521.7854,1042.4115,670615570214803,670615611319386
499.20218,1091.4441,521.7854,1042.4115,670615611420845,670615653161157
497.19547,1171.4249,521.7854,1042.4115,670615653258501,670615690834803
513.6452,1058.311,513.6452,1058.311,670615690931574,670615730939855
515.23474,895.5777,515.23474,1042.4115,670615731066261,670615767929647
531.34515,952.02295,515.23474,1042.4115,670615768065636,670615797588553
504.09354,945.65643,515.23474,952.02295,670615797771157,670615829837199
481.82428,985.3661,515.23474,985.3661,670615830019126,670615861611678
472.6687,1001.0481,504.09354,985.3661,670615861771365,670615894808136
481.2019,983.49274,481.82428,985.3661,670615894986990,670615933129282
475.0223,986.2442,481.2019,985.3661,670615933276834,670615966263188
497.43936,999.46716,481.82428,985.3661,670615966451574,670615998357199
488.09387,972.6482,481.82428,985.3661,670615998471574,670616030806469
474.53696,981.4981,481.82428,985.3661,670616030912824,670616062978813
508.5608,982.94104,481.82428,982.94104,670616063153917,670616110976938
525.0177,981.6439,481.82428,982.94104,670616111057615,670616142882094
530.48865,1020.1836,508.5608,982.94104,670616143027251,670616175597928
518.37067,1039.0361,518.37067,982.94104,670616175688813,670616208509959
480.03983,942.57074,508.5608,982.94104,670616208589490,670616239966209
534.44934,1004.8686,518.37067,982.94104,670616240129542,670616269624073
509.75217,1040.4141,509.75217,982.94104,670616269725792,670616301664803
494.1263,996.5472,509.75217,996.5472,670616301768709,670616333230376
510.99603,988.5801,509.75217,988.5801,670616333341001,670616367776001
492.72342,1055.3293,509.75217,996.5472,670616367883032,670616398043136
545.5537,1037.5166,509.75217,996.5472,670616398158917,670616431865792
510.12186,984.8741,509.75217,996.5472,670616432315011,670616468383865
535.7809,1007.5482,510.12186,996.5472,670616468491469,670616501931157
515.04767,1021.941,510.12186,996.5472,670616502037355,670616533825115
500.21835,990.65027,510.12186,996.5472,670616533926730,670616589217667
503.60535,1063.0216,510.12186,996.5472,670616589312928,670616624172094
533.05493,1076.881,510.12186,996.5472,670616624255688,670616656507407
510.34668,1086.6205,510.12186,1063.0216,670616656585480,670616691397771
509.3147,996.41693,510.12186,996.5472,670616691501834,670616728877146
521.05365,1008.60455,510.12186,1008.60455,670616728981157,670616762367511
513.4853,1038.6783,510.12186,1008.60455,670616762535740,670616798389542
528.3657,1025.5818,513.4853,1008.60455,670616798557667,670616836123605
540.6543,1033.2235,513.4853,1025.5818,670616836322302,670616870405063
518.8918,1019.6043,518.8918,1019.6043,670616870574021,670616902770896
501.58395,1058.2263,513.4853,1025.5818,670616902982042,670616936743292
533.63617,1059.2975,518.8918,1025.5818,670616936927771,670616967862407
492.8955,1058.4592,513.4853,1058.2263,670616967966782,670617003397459
512.82794,1076.2598,513.4853,1058.4592,670617003574959,670617038771469
517.60516,1073.1073,513.4853,1058.4592,670617038956990,670617071758865
525.70245,1010.59247,513.4853,1058.4592,670617071931157,670617108041573
526.19507,1017.3421,517.60516,1058.4592,670617108131156,670617142667042
506.8375,1024.6616,513.4853,1024.6616,670617142845375,670617175322615
514.99384,1005.2401,514.99384,1024.6616,670617175497563,670617208742459
521.6887,1012.15344,514.99384,1024.6616,670617208922771,670617241562302
492.18985,940.66565,514.99384,1012.15344,670617241750063,670617272391313
488.488,1037.7319,514.99384,1024.6616,670617272560271,670617306887146
519.937,1028.2036,514.99384,1024.6616,670617307074177,670617343103240
481.5426,1046.9943,514.99384,1028.2036,670617343279438,670617375652146
515.376,1068.9669,514.99384,1028.2036,670617375744646,670617407198292
546.41504,1072.4032,514.99384,1046.9943,670617407303656,670617440991625
548.30096,1052.3992,515.376,1052.3992,670617441107511,670617472168865
544.67725,1042.7473,544.67725,1046.9943,670617472276365,670617502852458
525.8681,1042.6798,525.8681,1046.9943,670617503589438,670617550937406
524.42554,1006.4881,525.8681,1042.7473,670617551089854,670617585373344
533.6697,1022.61646,525.8681,1042.6798,670617585540688,670617621254177
542.23413,1044.6301,525.8681,1042.7473,670617621452250,670617654378448
518.7391,1089.6078,525.8681,1042.7473,670617655274333,670617685568292
502.76633,1092.5465,525.8681,1044.6301,670617687145219,670617718748917
523.64294,1032.8065,523.64294,1042.7473,670617718931781,670617749796990
495.99133,1024.441,523.64294,1042.7473,670617754422719,670617790324177
531.5646,1018.27356,523.64294,1032.8065,670617791080010,670617822084750
499.8679,978.8261,523.64294,1024.441,670617823927250,670617854561937
482.6962,966.7125,523.64294,1018.27356,670617856183292,670617888212406
504.59912,1026.2706,504.59912,1024.441,670617888369073,670617920655010
510.7139,1095.7244,510.7139,1024.441,670617920731260,670617954259177
499.59546,1063.3322,504.59912,1026.2706,670617954360531,670617988551156
506.81335,1057.9673,506.81335,1057.9673,670617988734854,670618026696729
529.83777,1009.2961,506.81335,1026.2706,670618026824958,670618070110010
509.0914,977.2218,506.81335,1026.2706,670618070590271,670618104929073
559.8796,1005.1231,509.0914,1009.2961,670618105111104,670618136947614
525.35565,1038.9319,509.0914,1026.2706,670618137134229,670618174291573
520.9976,1033.504,520.9976,1026.2706,670618174476260,670618206548604
490.84747,1015.0297,509.0914,1026.2706,670618206771625,670618238805739
504.3466,1048.6942,509.0914,1026.2706,670618238928187,670618270410271
510.3101,1046.5945,509.0914,1026.2706,670618270507562,670618303166625
536.215,1075.6495,509.0914,1046.5945,670618303334489,670618337484750
547.682,1086.748,510.3101,1046.5945,670618337595062,670618371653604
535.0612,1043.0427,535.0612,1046.5945,670618371767771,670618407104281
501.27487,1064.3878,510.3101,1046.5945,670618407231260,670618442546781
570.1585,1074.4557,535.0612,1046.5945,670618442727146,670618476813187
550.1822,1076.5165,535.0612,1064.3878,670618477015218,670618528102979
542.52277,1069.847,542.52277,1069.847,670618528218552,670618563008500
513.75104,938.3966,535.0612,1064.3878,670618563097718,670618599602198
464.09836,1015.11566,535.0612,1064.3878,670618599769177,670618634778239
514.4154,1043.4258,514.4154,1043.4258,670618634931989,670618666896885
504.51248,971.93097,514.4154,1043.4258,670618667065635,670618700736416
516.33923,995.32367,514.4154,1043.4258,670618700902823,670618734406989
559.00305,1013.25146,514.4154,1013.25146,670618734588135,670618766083395
523.80554,996.5459,516.33923,1013.25146,670618766260948,670618799855218
541.9421,958.2596,523.80554,1013.25146,670618800169750,670618834541625
537.5517,982.769,523.80554,996.5459,670618835400947,670618869040375
503.26343,955.1072,523.80554,982.769,670618869179593,670618901529593
480.94446,988.3274,523.80554,988.3274,670618901714697,670618936272614
483.141,990.74005,503.26343,988.3274,670618936463187,670618969590270
497.243,980.7043,497.243,988.3274,670618969776677,670619004841677
501.78632,1009.8087,501.78632,988.3274,670619005001729,670619049318187
492.98172,978.88885,497.243,988.3274,670619049416677,670619079600322
493.9977,953.23987,497.243,988.3274,670619079704020,670619111097302
528.4914,1033.6667,497.243,988.3274,670619111222666,670619141812041
454.00027,944.96906,497.243,988.3274,670619141995687,670619175397979
420.72418,795.41077,497.243,988.3274,670619175592510,670619213722822
661.43134,594.2973,497.243,944.96906,670619213810218,670619245136208
788.49274,1543.5248,497.243,988.3274,670619245245322,670619278646937
769.42413,1641.944,661.43134,988.3274,670619278745843,670619309063968
719.3089,1421.778,719.3089,1421.778,670619309174020,670619343480062
580.251,395.63058,661.43134,988.3274,670619343623916,670619376449697
374.5346,1195.4164,661.43134,1195.4164,670619376544593,670619410653708
377.8204,1033.2455,580.251,1033.2455,670619410769541,670619441499906
356.2221,937.34283,377.8204,1033.2455,670619441689072,670619476330895
456.58975,936.66583,456.58975,1033.2455,670619476473447,670619509838239
470.412,979.9781,456.58975,979.9781,670619509927718,670619541700062
460.14673,993.5916,456.58975,993.5916,670619541890270,670619576745687
485.72385,948.72186,460.14673,979.9781,670619576862406,670619611887458
510.0045,997.46564,460.14673,993.5916,670619611987666,670619647619333
511.97275,1014.1899,485.72385,993.5916,670619647801937,670619679745739
510.08316,1037.5618,510.0045,997.46564,670619679891520,670619711428968
529.42426,1089.2565,510.08316,1014.1899,670619711549958,670619743075270
481.3504,1066.6843,510.0045,1037.5618,670619743185583,670619775574072
478.87228,1016.45953,510.0045,1016.45953,670619775670999,670619807701260
494.88776,1005.28143,494.88776,1016.45953,670619807812666,670619838930218
522.21124,1054.9623,510.0045,1016.45953,670619839040010,670619870193083
513.7017,1069.4362,510.0045,1016.45953,670619870406833,670619905382718
534.60046,1080.5925,513.7017,1054.9623,670619905477041,670619941941989
502.47565,1037.1215,510.0045,1037.1215,670619942054228,670619981072926
525.33154,1061.3322,513.7017,1054.9623,670619981182822,670620014445270
544.11804,1071.9265,513.7017,1054.9623,670620014629957,670620047432978
529.887,1107.2793,525.33154,1061.3322,670620047611624,670620079496207
543.33685,1082.8735,529.887,1071.9265,670620079704853,670620110717562
514.232,1062.828,525.33154,1062.828,670620110830895,670620143401780
574.92395,1076.4379,529.887,1071.9265,670620143522874,670620175315634
572.8097,1077.378,529.887,1071.9265,670620175423187,670620207440791
544.7636,1105.4542,544.7636,1076.4379,670620207558864,670620238963187
539.2402,1073.7695,539.2402,1073.7695,670620239074957,670620274058395
499.63184,1015.3106,539.2402,1073.7695,670620274182822,670620307940687
539.0712,1025.3502,539.2402,1073.7695,670620308085062,670620342728134
514.7876,1056.1831,539.0712,1056.1831,670620342834801,670620375430947
513.06366,961.13916,539.0712,1056.1831,670620375535322,670620419465999
534.57574,1014.69104,534.57574,1056.1831,670620419543134,670620453279593
521.6268,988.00934,534.57574,1014.69104,670620453366936,670620484886676
528.9008,1025.5483,534.57574,1025.5483,670620485085061,670620519482145
509.4878,992.6129,528.9008,1014.69104,670620519648030,670620560605895
555.3513,1008.09393,534.57574,1014.69104,670620561742561,670620592983447
530.2308,987.67255,530.2308,1008.09393,670620594962301,670620628196624
522.1348,924.8886,530.2308,1008.09393,670620628368655,670620660359957
520.03284,1006.82324,530.2308,1006.82324,670620662826103,670620698068499
524.5431,975.08276,524.5431,1006.82324,670620698219488,670620730982457
544.4337,973.3119,530.2308,1006.82324,670620731103603,670620766426624
491.72226,966.11414,524.5431,975.08276,670620766631155,670620799863290
521.66583,982.7593,524.5431,982.7593,670620800781728,670620832865686
550.7985,1023.48065,524.5431,982.7593,670620832971780,670620865687978
520.8239,962.2405,524.5431,982.7593,670620865790165,670620903497457
521.1088,1017.7264,524.5431,982.7593,670620903608915,670620936356884
542.6492,946.6909,524.5431,982.7593,670620936546780,670620970597457
535.2253,982.8866,524.5431,982.7593,670620970774540,670621006735165
495.22003,998.8189,524.5431,982.7593,670621007827301,670621039747197
494.15234,989.7587,524.5431,982.8866,670621039852509,670621070689228
533.9607,943.1093,524.5431,982.7593,670621070861363,670621108235322
512.5978,948.418,524.5431,982.7593,670621108353082,670621141474905
514.3852,991.4134,524.5431,982.7593,670621141595322,670621174868186
544.42426,973.5012,524.5431,982.7593,670621174960165,670621207132092
543.51636,1015.1528,524.5431,982.7593,670621207238186,670621253916728
545.55597,980.5864,543.51636,982.7593,670621254007353,670621287487353
553.3546,1017.56036,543.51636,982.7593,670621287702197,670621320140686
590.85144,1049.8583,545.55597,982.7593,670621320365217,670621363674957
565.7839,1047.3153,553.3546,1017.56036,670621363778030,670621394299384
546.8629,995.509,546.8629,995.509,670621394518290,670621429490322
554.85394,1036.2141,553.3546,1017.56036,670621431174019,670621464840530
543.103,979.5863,546.8629,995.509,670621465012509,670621498812457
545.2064,1056.8972,546.8629,1017.56036,670621498976624,670621536235634
560.0603,1020.2285,546.8629,1017.56036,670621536332561,670621569487405
573.2407,989.93585,546.8629,1017.56036,670621569631728,670621603224332
511.2719,987.13544,546.8629,1017.56036,670621603385321,670621639574124
547.55066,978.7596,546.8629,989.93585,670621639682196,670621672960373
539.29626,1013.4834,546.8629,1013.4834,670621673075790,670621705938134
526.2196,994.3904,546.8629,994.3904,670621706050269,670621743696415
532.08545,1033.902,539.29626,1013.4834,670621743886623,670621776322561
528.322,1006.3002,532.08545,1006.3002,670621776471936,670621808141103
524.21655,1028.1846,532.08545,1013.4834,670621808452405,670621840714019
503.26706,973.2393,528.322,1006.3002,670621841029957,670621878985373
504.4317,962.23505,524.21655,1006.3002,670621879086467,670621911765582
521.13776,990.7994,521.13776,990.7994,670621911947509,670621947196050
506.72665,954.7808,521.13776,990.7994,670621947348863,670621979647405
495.9443,954.4179,521.13776,990.7994,670621979830009,670622016501155
495.1297,1043.6289,506.72665,990.7994,670622016649644,670622050856519
481.96896,985.647,495.9443,990.7994,670622051042509,670622089808498
523.6939,998.4877,506.72665,990.7994,670622089886728,670622128248707
472.58224,1023.57697,495.9443,990.7994,670622128385009,670622164080946
455.90277,750.6468,495.9443,990.7994,670622164186207,670622198517040
507.83783,436.8731,495.9443,990.7994,670622198703342,670622230944332
472.25516,465.06857,495.9443,750.6468,670622231109280,670622268203394
404.81735,947.51514,495.9443,947.51514,670622268283394,670622302253134
348.45532,957.81744,472.25516,947.51514,670622302400425,670622336196623
437.48944,881.7296,437.48944,947.51514,670622336305738,670622372884904
480.2949,819.34784,472.25516,947.51514,670622373320373,670622417542509
478.18964,887.82477,472.25516,887.82477,670622417659279,670622449916154
446.91763,885.484,472.25516,887.82477,670622450107457,670622482219384
467.5663,954.302,472.25516,887.82477,670622482395113,670622514951988
469.15332,1002.3093,469.15332,887.82477,670622515111207,670622547918081
470.09802,995.23474,470.09802,954.302,670622548152456,670622584371727
479.5619,923.6838,470.09802,923.6838,670622584460998,670622615432769
468.41034,945.8814,470.09802,945.8814,670622615616571,670622647596571
454.1002,963.154,470.09802,945.8814,670622647789904,670622679337040
445.49377,975.18243,468.41034,945.8814,670622679511519,670622711617196
452.06454,1032.0955,454.1002,963.154,670622711806936,670622743452873
483.4568,1061.5197,468.41034,975.18243,670622743640425,670622776143863
464.97025,1027.5228,464.97025,1027.5228,670622776285321,670622813816154
459.6249,970.16595,464.97025,975.18243,670622813981623,670622855493446
474.1248,1046.76,464.97025,1027.5228,670622856459852,670622892947404
494.30624,1011.6511,464.97025,1011.6511,670622894947925,670622928628446
488.7064,997.6186,474.1248,1011.6511,670622928762821,670622964239019
449.21408,1043.2001,464.97025,1011.6511,670622964312092,670623002970008
470.26074,960.9503,470.26074,1011.6511,670623003107508,670623036327977
485.31558,1057.6348,470.26074,1011.6511,670623036422769,670623094590998
472.12616,1029.554,470.26074,1011.6511,670623094699279,670623130373290
489.69016,1070.3228,472.12616,1029.554,670623130467196,670623170208654
444.4325,966.61053,470.26074,1011.6511,670623170669019,670623205617977
438.14413,938.0403,470.26074,1011.6511,670623205789331,670623238122404
454.70013,993.90063,454.70013,993.90063,670623239382665,670623272442248
425.9025,917.8047,454.70013,993.90063,670623272566467,670623306880112
470.495,961.01654,454.70013,993.90063,670623307020165,670623341280112
438.07303,1068.0638,454.70013,993.90063,670623341545008,670623376222769
424.12616,1045.9845,454.70013,993.90063,670623376320998,670623411474852
493.37265,1020.33057,454.70013,1020.33057,670623411651675,670623443722039
489.20447,1034.389,454.70013,1020.33057,670623443907039,670623473709696
474.01254,947.6082,474.01254,1020.33057,670623473886258,670623504539539
479.42487,1027.8585,474.01254,1020.33057,670623504675112,670623537068550
495.68472,992.245,474.01254,1020.33057,670623537349592,670623571491987
467.5894,991.9673,474.01254,1020.33057,670623571671623,670623605157560
490.0405,952.55145,474.01254,992.245,670623605333810,670623641340946
509.05804,943.78876,474.01254,991.9673,670623641515529,670623673498446
471.20435,918.8103,474.01254,952.55145,670623673688133,670623707286675
517.2114,966.55493,474.01254,966.55493,670623707467664,670623741650373
477.02536,945.9692,474.01254,952.55145,670623741848550,670623774835269
516.88,993.5443,477.02536,966.55493,670623775026779,670623810938341
546.7527,943.3521,477.02536,952.55145,670623811042560,670623848291987
535.4865,904.435,516.88,952.55145,670623848505998,670623880428133
491.79877,950.26807,491.79877,950.26807,670623880610112,670623916515008
515.8966,957.1521,515.8966,952.55145,670623916688289,670623947830060
496.92682,951.02734,496.92682,951.02734,670623948121258,670623983736154
487.11295,906.1984,496.92682,951.02734,670623983960373,670624016141571
534.9578,906.99396,496.92682,951.02734,670624016232196,670624047441935
502.0751,964.1442,496.92682,951.02734,670624047533862,670624078853758
520.62787,1032.6848,502.0751,951.02734,670624079001831,670624109901623
468.9111,938.2428,496.92682,951.02734,670624110094070,670624144329018
467.8167,986.8027,496.92682,951.02734,670624144474591,670624176544487
460.46844,1014.10046,468.9111,951.02734,670624176735633,670624208785581
463.84952,1002.6551,467.8167,986.8027,670624208893758,670624240820998
483.44016,1069.456,468.9111,1002.6551,670624240907612,670624277004175
473.54202,996.44604,468.9111,996.44604,670624277092664,670624307156675
462.28986,1011.1321,468.9111,1002.6551,670624307322404,670624340205060
488.01694,982.9151,468.9111,996.44604,670624340410529,670624373158445
500.56546,1019.53827,468.9111,1002.6551,670624373338029,670624404373966
511.72754,1009.8413,488.01694,1002.6551,670624404558185,670624434148237
496.43555,1019.51935,496.43555,1009.8413,670624434248602,670624470405529
490.67526,1025.1357,490.67526,1009.8413,670624470578602,670624505968810
514.03973,1028.3287,496.43555,1019.51935,670624506151779,670624538657820
494.308,1004.65485,494.308,1009.8413,670624538754331,670624573618393
434.66028,941.08813,494.308,1009.8413,670624573803497,670624606825945
451.8349,931.9846,494.308,1004.65485,670624607009643,670624637851570
486.58664,958.9952,486.58664,958.9952,670624639051102,670624668908393
439.74698,965.5867,486.58664,965.5867,670624669065685,670624701459018
350.65903,662.75476,486.58664,958.9952,670624701568445,670624738425268
641.0715,1129.1306,486.58664,965.5867,670624738537612,670624771521154
699.3288,1514.9751,486.58664,965.5867,670624771688966,670624805406206
601.1709,967.7448,601.1709,967.7448,670624805579383,670624837797820
408.05945,965.13434,486.58664,965.5867,670624837981310,670624871286154
349.1532,1068.8047,486.58664,967.7448,670624871465268,670624905293081
320.01166,963.7255,408.05945,965.5867,670624905467560,670624937841570
325.85678,867.1157,349.1532,965.5867,670624938017820,670624972095112
328.72998,784.2004,328.72998,963.7255,670624972257820,670625006100320
385.64417,873.1689,349.1532,873.1689,670625006280997,670625038900737
373.82883,903.3101,349.1532,903.3101,670625039059331,670625069985268
398.03983,987.9776,373.82883,903.3101,670625070130633,670625101946310
371.246,954.6644,371.246,903.3101,670625102117456,670625133005997
370.2086,912.86017,371.246,912.86017,670625133943341,670625179339330
408.0179,951.0579,371.246,912.86017,670625179428445,670625214929903
387.04044,940.736,371.246,912.86017,670625215081310,670625247810008
393.70386,916.25726,387.04044,916.25726,670625247903185,670625279405841
397.78824,963.2984,387.04044,916.25726,670625279523028,670625313581153
456.59064,581.2933,393.70386,916.25726,670625313675372,670625347727247
639.92395,1175.1255,397.78824,916.25726,670625347853549,670625381645632
688.22705,1313.7174,456.59064,916.25726,670625381801830,670625419337560
467.13315,815.6697,467.13315,916.25726,670625419496257,670625450808549
373.5982,1009.8917,456.59064,916.25726,670625455474435,670625487062768
318.71222,1132.1597,456.59064,916.25726,670625488477403,670625523041570
342.5639,1019.44525,373.5982,1009.8917,670625524433601,670625558550112
346.43536,920.50696,346.43536,920.50696,670625558658653,670625595148289
359.4689,896.4321,359.4689,920.50696,670625595224799,670625631414174
364.18835,872.5587,359.4689,920.50696,670625633230476,670625682366466
394.29083,922.67413,359.4689,920.50696,670625682452507,670625714568966
437.5188,940.41345,364.18835,920.50696,670625714657768,670625750745320
453.91785,948.8891,394.29083,922.67413,670625750839539,670625783640268
455.53888,910.6382,437.5188,920.50696,670625789006205,670625826226466
455.3775,900.199,453.91785,920.50696,670625826368549,670625859917716
438.69186,855.32227,438.69186,910.6382,670625860149382,670625892883184
484.52924,921.2662,453.91785,920.50696,670625893059122,670625926021466
428.28955,922.7266,438.69186,920.50696,670625926186205,670625964929955
438.80145,924.10803,438.80145,921.2662,670625965254955,670625997850997
457.96255,930.70135,438.80145,922.7266,670625998312455,670626032833497
438.463,875.7852,438.80145,921.2662,670626033005320,670626065313028
478.7625,903.82526,438.80145,921.2662,670626065440736,670626098596518
466.81024,917.1999,438.80145,917.1999,670626098743288,670626132945528
466.54144,936.3298,466.54144,921.2662,670626133105528,670626166902976
439.20657,880.00824,439.20657,917.1999,670626167077351,670626204798913
432.7844,899.34235,439.20657,917.1999,670626204902351,670626235407872
408.49356,868.4701,439.20657,899.34235,670626235591882,670626276287924
418.4014,902.98773,432.7844,902.98773,670626276472351,670626312701465
475.68585,924.6729,439.20657,902.98773,670626312844747,670626345997403
487.59164,942.1208,439.20657,902.98773,670626346085111,670626378968236
501.37637,931.8162,475.68585,924.6729,670626379062715,670626412562663
478.6267,961.89703,478.6267,931.8162,670626412662715,670626471805892
450.43445,954.9304,475.68585,931.8162,670626471929799,670626506854955
460.37967,903.84674,475.68585,931.8162,670626506968809,670626540040215
503.64478,913.83606,475.68585,931.8162,670626540163965,670626570646934
517.23926,923.44635,475.68585,923.44635,670626570815997,670626602122507
493.9219,859.03015,493.9219,923.44635,670626602270736,670626634290007
472.81207,894.50696,475.68585,923.44635,670626634442090,670626687121205
465.45712,889.27966,475.68585,894.50696,670626687209017,670626723685424
505.93427,882.9988,475.68585,894.50696,670626723801309,670626757308757
468.6277,850.4777,475.68585,889.27966,670626757467455,670626795617507
456.51962,838.4623,475.68585,882.9988,670626795700424,670626831546517
452.59088,831.82825,468.6277,850.4777,670626831695997,670626864432455
442.23438,865.5336,456.51962,865.5336,670626864584747,670626897124642
426.50708,904.15955,452.59088,865.5336,670626897302351,670626929115476
435.7052,896.1814,442.23438,865.5336,670626930088184,670626962352403
449.557,919.51385,449.557,896.1814,670626963315319,670627000352038
443.90005,903.7402,443.90005,896.1814,670627000533549,670627033317819
464.8229,894.8397,449.557,896.1814,670627033493549,670627064439174
436.90512,929.4035,443.90005,896.1814,670627064613184,670627096501413
398.72745,881.80884,443.90005,896.1814,670627096605580,670627135046934
428.44046,883.13055,436.90512,896.1814,670627135225840,670627168670423
442.4843,848.19885,442.4843,883.13055,670627168788496,670627202942611
438.65976,870.4716,438.65976,883.13055,670627203043080,670627235867559
460.34158,871.1964,442.4843,871.1964,670627235962298,670627266442351
434.33057,931.0185,438.65976,883.13055,670627266585007,670627301360423
428.2975,835.37665,438.65976,871.1964,670627301548913,670627333477767
442.11124,845.28925,438.65976,871.1964,670627333648028,670627369619225
442.65564,932.6361,438.65976,871.1964,670627369791361,670627405090423
481.3142,836.6758,442.11124,871.1964,670627405245788,670627441301986
485.7803,859.0972,442.65564,871.1964,670627441472455,670627472925892
442.69675,884.0364,442.69675,871.1964,670627473041986,670627506311778
477.71005,889.057,442.69675,871.1964,670627506405423,670627540853653
427.59125,887.02344,442.69675,884.0364,670627541016205,670627577644225
448.98285,858.26764,442.69675,871.1964,670627578193913,670627609864330
398.4755,917.88196,442.69675,884.0364,670627609987350,670627640132611
414.60168,861.9232,442.69675,871.1964,670627640235267,670627674991048
447.39905,904.4727,442.69675,884.0364,670627675103184,670627713878652
402.7296,900.9414,442.69675,884.0364,670627713977975,670627746787559
423.36417,803.6465,442.69675,884.0364,670627746963861,670627777769486
416.3221,859.11914,423.36417,884.0364,670627778218757,670627809093079
450.90588,844.05566,442.69675,859.11914,670627809168548,670627845668913
426.53357,884.8589,426.53357,884.0364,670627845854902,670627882223704
391.32474,952.697,426.53357,884.0364,670627882399382,670627922103236
402.65488,923.8134,426.53357,884.8589,670627922175215,670627954992923
422.65793,897.9998,422.65793,897.9998,670627955098861,670627988359902
409.1154,891.9813,422.65793,891.9813,670627988465527,670628025796309
372.8582,859.3196,422.65793,891.9813,670628025877611,670628061456517
386.04852,899.86316,409.1154,891.9813,670628061622090,670628095623965
405.8326,916.2178,405.8326,891.9813,670628097191256,670628131296204
387.19354,839.2141,405.8326,891.9813,670628131414173,670628167742350
425.89603,888.3893,405.8326,891.9813,670628167852611,670628199390423
457.4388,951.0249,405.8326,891.9813,670628199588496,670628245613027
487.33228,988.77734,425.89603,891.9813,670628245701204,670628276884069
485.65295,973.1791,457.4388,951.0249,670628277005423,670628312193861
479.04443,899.3758,479.04443,899.3758,670628312322246,670628345376100
511.65408,969.223,479.04443,951.0249,670628348041933,670628387566308
497.11877,983.917,479.04443,951.0249,670628388980423,670628436748340
476.07855,885.6273,479.04443,951.0249,670628436849798,670628469175944
478.75262,854.68134,479.04443,951.0249,670628469432767,670628502513079
470.2618,893.042,478.75262,893.042,670628502692871,670628538230215
384.20358,659.17505,478.75262,893.042,670628538398756,670628569519538
597.0129,660.7773,478.75262,893.042,670628569699433,670628602141725
513.97284,659.5631,478.75262,660.7773,670628602317663,670628636555735
427.68512,1163.7891,478.75262,893.042,670628636744746,670628672543027
383.3976,1125.1644,478.75262,893.042,670628672643235,670628703738808
388.17792,884.4773,427.68512,893.042,670628703917715,670628734698340
376.9105,922.4012,388.17792,893.042,670628734912871,670628768237194
466.96533,896.88513,427.68512,893.042,670628768335579,670628798677246
438.5647,850.9756,427.68512,893.042,670628798857506,670628833289225
445.21408,882.3671,438.5647,893.042,670628833477975,670628864443183
411.5796,843.04333,427.68512,882.3671,670628864554069,670628898080683
424.9621,814.9877,427.68512,882.3671,670628898177923,670628941209017
464.03784,870.1461,427.68512,870.1461,670628941399589,670628979019850
428.2595,890.1516,427.68512,882.3671,670628979195058,670629014225214
490.23895,908.7178,428.2595,882.3671,670629014314121,670629049829954
481.49957,935.0599,428.2595,890.1516,670629050015162,670629084321048
460.02725,1025.9551,460.02725,908.7178,670629084398496,670629130281308
483.21976,977.12115,460.02725,935.0599,670629130377454,670629165183496
470.41104,991.9345,460.02725,977.12115,670629165361308,670629200218912
457.5662,1030.4247,460.02725,977.12115,670629200334433,670629230779537
457.7545,951.39874,460.02725,977.12115,670629230879121,670629264541516
457.91934,955.89886,457.91934,977.12115,670629264646360,670629297810579
466.02298,964.72455,460.02725,964.72455,670629297924850,670629332257610
473.67285,960.4306,460.02725,964.72455,670629332443496,670629366997454
496.6433,983.37555,466.02298,964.72455,670629367179485,670629403292714
501.5304,1016.8806,473.67285,964.72455,670629403478443,670629439819902
468.50662,952.4554,468.50662,964.72455,670629439977141,670629471944902
448.93604,971.87164,468.50662,964.72455,670629472217402,670629503914485
437.23654,983.49896,468.50662,964.72455,670629504133964,670629535792610
471.39682,995.7145,468.50662,971.87164,670629535906152,670629569784016
438.25323,1019.2488,468.50662,983.49896,670629569902402,670629604112402
452.22208,982.9264,468.50662,982.9264,670629604213495,670629634073339
435.09857,973.63983,452.22208,982.9264,670629634190006,670629667687714
441.7375,1003.3558,452.22208,982.9264,670629667870423,670629704964329
422.72998,973.7572,441.7375,982.9264,670629705063183,670629735905995
432.00998,1029.9152,441.7375,982.9264,670629736131100,670629768185475
352.66675,727.21466,432.00998,982.9264,670629768362610,670629804166985
620.06683,780.1434,441.7375,982.9264,670629804270891,670629839538183
716.44,1555.9248,441.7375,982.9264,670629840631256,670629871963027
740.9201,1526.5177,620.06683,982.9264,670629872088027,670629903068600
498.4384,751.0566,498.4384,982.9264,670629903416829,670629936362141
375.015,1061.1765,498.4384,982.9264,670629936467870,670629970324589
420.00806,1153.7101,498.4384,982.9264,670629971143756,670630006420839
360.76294,970.52734,420.00806,982.9264,670630006537662,670630039981620
445.51608,868.4675,445.51608,982.9264,670630040155318,670630088981829
412.92648,826.2362,420.00806,970.52734,670630089273912,670630124800162
442.29218,830.24896,442.29218,868.4675,670630124934485,670630155665058
468.8774,883.75824,442.29218,883.75824,670630157398912,670630191884589
487.41824,953.62476,442.29218,883.75824,670630192715474,670630226168964
475.45642,867.5144,468.8774,883.75824,670630226271412,670630259074224
470.50336,894.70685,470.50336,883.75824,670630259147714,670630293804745
449.9122,931.5527,468.8774,883.75824,670630293970683,670630330653808
466.68924,881.1119,468.8774,883.75824,670630330756464,670630360187818
423.8123,847.76245,466.68924,883.75824,670630360351985,670630394585943
443.78278,855.36957,466.68924,881.1119,670630394685266,670630429558026
472.20786,929.0765,466.68924,883.75824,670630429717193,670630463989068
443.04852,839.90155,466.68924,881.1119,670630464192037,670630499555891
442.02133,868.19135,466.68924,881.1119,670630499661620,670630535799016
440.45862,878.4725,443.04852,878.4725,670630535893808,670630569548860
512.23883,908.5186,466.68924,881.1119,670630569657922,670630615844849
424.95386,839.9339,443.04852,878.4725,670630615933912,670630646985162
494.91098,904.4596,466.68924,881.1119,670630647157974,670630681559485
471.39465,879.3323,466.68924,879.3323,670630681733547,670630719826464
456.05368,838.23206,466.68924,879.3323,670630719907766,670630751702245
470.7512,892.28314,466.68924,879.3323,670630754409693,670630785945995
464.13843,862.5056,466.68924,879.3323,670630786049016,670630820972714
444.01154,790.822,466.68924,879.3323,670630821962818,670630856263599
486.91202,885.1601,466.68924,879.3323,670630856393964,670630889108912
435.04053,853.0088,466.68924,879.3323,670630889226880,670630925252870
459.91547,860.47473,466.68924,879.3323,670630925417974,670630958887610
441.73727,808.0753,459.91547,860.47473,670630959964849,670630994427714
419.2559,839.16235,459.91547,860.47473,670630994537349,670631024459693
435.26285,834.95154,441.73727,839.16235,670631024535266,670631056546359
445.36032,866.4937,445.36032,860.47473,670631056704276,670631090886307
455.57123,894.8382,445.36032,860.47473,670631090974849,670631122146099
451.95612,884.5837,445.36032,866.4937,670631122310422,670631157007974
460.9649,927.20306,451.95612,884.5837,670631157142193,670631187709589
482.93774,949.1189,451.95612,884.5837,670631187821255,670631224474068
469.34305,965.29285,460.9649,927.20306,670631224549328,670631257812714
443.096,903.5959,451.95612,903.5959,670631257912922,670631290584380
439.25848,889.39294,451.95612,903.5959,670631290666776,670631321263182
486.79816,907.83203,451.95612,903.5959,670631321387609,670631356494432
425.8305,877.23737,451.95612,903.5959,670631358819224,670631392719068
428.48032,851.7712,451.95612,903.5959,670631392805057,670631427036203
418.06714,857.0796,428.48032,877.23737,670631427193078,670631470326464
375.34958,821.3132,428.48032,857.0796,670631470515266,670631505025943
557.56805,409.79486,428.48032,857.0796,670631505171932,670631534749172
718.5253,1192.1067,428.48032,857.0796,670631534882766,670631566383443
771.0325,1516.2985,557.56805,857.0796,670631566474588,670631600147036
702.887,1185.6465,702.887,1185.6465,670631600260838,670631632520109
485.95135,464.33035,557.56805,857.0796,670631632635318,670631664276672
399.77957,774.839,557.56805,857.0796,670631664375891,670631698299016
439.79004,856.99176,485.95135,856.99176,670631698478234,670631734300838
338.20413,723.4157,439.79004,856.99176,670631734398078,670631766986515
322.1602,706.5815,439.79004,856.99176,670631767092713,670631799876255
364.28238,727.8426,364.28238,727.8426,670631799988859,670631834706724
376.7054,710.816,376.7054,727.8426,670631834806724,670631867854693
408.7384,819.16034,376.7054,727.8426,670631867963390,670631904433286
399.95013,828.04065,376.7054,727.8426,670631905054588,670631938351047
404.74777,767.44086,399.95013,767.44086,670631938466255,670631971472609
418.8535,849.963,399.95013,767.44086,670631971645265,670632006254276
420.06784,845.5867,404.74777,767.44086,670632006436620,670632037309692
431.6401,851.47723,418.8535,845.5867,670632037495213,670632068951932
423.77325,873.4499,420.06784,845.5867,670632069120942,670632103505265
436.6777,875.2473,423.77325,851.47723,670632103754015,670632133638234
427.64178,884.5937,423.77325,873.4499,670632133753026,670632167485213
433.9702,894.37683,427.64178,875.2473,670632167928651,670632212901776
395.21335,853.85706,423.77325,873.4499,670632212988547,670632245468911
480.2352,310.33328,427.64178,873.4499,670632245659276,670632276229276
680.2024,1016.44354,427.64178,873.4499,670632276411880,670632307975265
709.7841,1409.9314,480.2352,873.4499,670632308222349,670632351661880
579.73737,577.2996,579.73737,873.4499,670632351797869,670632382201255
346.8674,578.9206,480.2352,873.4499,670632387477869,670632420532140
350.6218,958.1401,480.2352,873.4499,670632420633130,670632457112036
353.01532,780.1626,353.01532,873.4499,670632457297505,670632495913859
375.8729,806.2938,375.8729,873.4499,670632496113338,670632531176932
409.91278,795.29865,375.8729,806.2938,670632531294015,670632565471463
408.23395,829.1853,375.8729,829.1853,670632565580838,670632598863026
428.14832,824.72375,408.23395,824.72375,670632598959171,670632632202921
395.41794,781.4511,395.41794,824.72375,670632632305161,670632670309015
422.5417,878.14124,408.23395,824.72375,670632670504901,670632704822973
434.35468,872.03906,408.23395,824.72375,670632704993963,670632737825317
416.62506,864.51184,416.62506,864.51184,670632737915161,670632769290994
464.13925,888.9443,416.62506,864.51184,670632770646880,670632802057036
465.1163,895.27454,416.62506,864.51184,670632802254536,670632836734432
473.65445,886.98175,464.13925,886.98175,670632836915109,670632881220265
445.12897,880.77747,445.12897,880.77747,670632881296255,670632913977817
434.6331,890.00146,445.12897,886.98175,670632914067505,670632948958442
430.92038,913.0748,445.12897,886.98175,670632949821359,670632984630265
427.94363,873.7228,434.6331,886.98175,670632985703546,670633022934015
471.6042,888.7488,445.12897,886.98175,670633023085421,670633054221411
454.28683,889.3091,445.12897,886.98175,670633054644067,670633087603442
458.542,906.6963,454.28683,888.7488,670633088269588,670633122082713
425.82556,853.84705,445.12897,886.98175,670633122200890,670633156705838
449.9411,948.2123,449.9411,888.7488,670633157215473,670633191694327
422.61285,951.51935,445.12897,888.7488,670633191852869,670633224507817
450.8477,935.8833,449.9411,935.8833,670633224674796,670633259221515
475.29187,998.6014,449.9411,935.8833,670633259380734,670633294890317
459.5684,1006.8553,450.8477,935.8833,670633295056827,670633330928025
459.43863,928.67993,459.43863,935.8833,670633331041411,670633366262348
501.69528,963.22626,459.43863,935.8833,670633366440473,670633405673129
496.42297,955.9808,459.43863,935.8833,670633405791046,670633442627557
423.67194,981.7136,459.43863,955.9808,670633442805057,670633477012869
406.0842,290.14758,459.43863,935.8833,670633477203390,670633514050525
731.0446,1331.7079,459.43863,955.9808,670633514124327,670633547712452
737.0389,1395.1685,459.43863,955.9808,670633549243442,670633582195109
683.5201,1223.5315,683.5201,1223.5315,670633588268181,670633620988129
569.6805,589.1534,569.6805,955.9808,670633621072452,670633656561775
375.96082,839.09546,569.6805,955.9808,670633657425525,670633687818650
402.35892,1047.7493,569.6805,955.9808,670633687972036,670633720597869
263.4571,900.9578,402.35892,955.9808,670633720663181,670633755418442
315.8871,858.0825,402.35892,955.9808,670633755580056,670633789147713
364.56583,906.7755,364.56583,906.7755,670633789274744,670633826330994
344.3767,970.7397,364.56583,955.9808,670633826436983,670633861230473
333.5711,858.08844,364.56583,906.7755,670633861335994,670633897723598
309.304,894.7279,344.3767,906.7755,670633897854640,670633932071567
312.58417,885.54785,333.5711,894.7279,670633932242817,670633966623390
552.95825,352.8517,344.3767,894.7279,670633966791515,670633999088806
685.3105,1126.6097,344.3767,894.7279,670633999240577,670634031442400
727.0165,1508.4572,552.95825,894.7279,670634031610994,670634067751619
734.1565,1512.5643,685.3105,1126.6097,670634067935421,670634102980108
712.4066,1293.8763,712.4066,1293.8763,670634103169796,670634136250942
680.1533,1325.1284,685.3105,1293.8763,670634136443337,670634170351462
580.6757,735.6988,685.3105,1293.8763,670634170488390,670634203893025
366.42828,1018.4396,680.1533,1293.8763,670634204109796,670634234846983
394.3793,1174.4573,580.6757,1174.4573,670634235026671,670634282898598
380.57117,1060.9077,394.3793,1174.4573,670634283128650,670634319754640
363.87155,996.04443,394.3793,1174.4573,670634319937608,670634349590837
460.08682,1034.9945,394.3793,1060.9077,670634350315994,670634383838233
464.06097,1064.6354,394.3793,1064.6354,670634385634587,670634416484639
464.62418,1016.4405,460.08682,1060.9077,670634417732608,670634452333858
470.19977,1000.6254,464.06097,1060.9077,670634452428129,670634484187921
486.0569,1090.2107,464.62418,1060.9077,670634486150525,670634521714639
446.90518,1057.3868,464.06097,1060.9077,670634523911098,670634558089639
486.7214,1087.1393,464.62418,1060.9077,670634558265264,670634590196150
477.56018,983.0309,464.62418,1060.9077,670634590286619,670634622781462
436.85052,943.43146,464.62418,1060.9077,670634622932087,670634654140629
433.112,891.7919,464.62418,983.0309,670634654305733,670634688283650
447.1363,1001.8135,447.1363,1001.8135,670634688385681,670634717190889
453.44974,937.5646,453.44974,983.0309,670634717277712,670634765465525
462.29648,969.769,453.44974,983.0309,670634765563858,670634798353337
446.5531,977.2314,453.44974,977.2314,670634798544691,670634830443441
410.73367,899.32855,453.44974,977.2314,670634830582400,670634863449952
448.47577,993.8841,448.47577,977.2314,670634863591202,670634895516046
468.4066,949.82184,453.44974,977.2314,670634895634848,670634928508025
471.32867,943.02795,453.44974,977.2314,670634928615733,670634960560004
440.24847,946.0166,453.44974,949.82184,670634960648910,670634992488806
467.78973,948.3129,453.44974,948.3129,670634992583858,670635026393598
434.3639,929.15735,453.44974,948.3129,670635026480368,670635060457400
426.82153,969.5167,453.44974,948.3129,670635060554743,670635094396306
445.85437,942.92914,445.85437,948.3129,670635094828545,670635127449900
461.8245,949.5991,453.44974,948.3129,670635127550004,670635162968754
473.50745,949.12103,453.44974,948.3129,670635163156358,670635197424743
476.87704,959.25073,461.8245,949.12103,670635197597660,670635230959431
512.36633,969.5023,473.50745,949.12103,670635231178389,670635265534379
504.3156,971.4153,476.87704,959.25073,670635265631410,670635297753650
452.52225,887.1419,473.50745,949.12103,670635297920264,670635332960368
468.1377,937.4585,473.50745,949.12103,670635333137816,670635369049014
477.2541,932.75543,473.50745,937.4585,670635369231254,670635400455837
465.9161,989.5479,473.50745,949.12103,670635400625629,670635432926931
468.2484,999.83295,473.50745,949.12103,670635433071514,670635468669118
471.98645,925.7386,471.98645,949.12103,670635468837243,670635502131722
502.00418,975.57935,473.50745,949.12103,670635502283545,670635534153754
466.70163,978.5196,471.98645,949.12103,670635534273597,670635566369327
459.87448,966.0407,471.98645,966.0407,670635566495681,670635603814014
481.43387,931.3655,471.98645,949.12103,670635603902556,670635645075629
473.75244,977.41266,471.98645,966.0407,670635645211826,670635681293493
468.0014,937.3739,471.98645,949.12103,670635681456879,670635716144274
506.4072,973.75464,471.98645,966.0407,670635716237191,670635751609951
530.9987,1008.6146,471.98645,966.0407,670635751697087,670635788808597
504.66507,1014.72516,504.66507,973.75464,670635788908441,670635822951045
510.05948,1016.73694,504.66507,1008.6146,670635823070368,670635856925785
527.2959,954.97473,504.66507,973.75464,670635857035629,670635889721045
527.8873,941.4077,510.05948,973.75464,670635889862920,670635926108128
523.11316,931.1926,523.11316,954.97473,670635926241774,670635958690993
526.475,958.9915,523.11316,958.9915,670635958799170,670635993924743
535.0436,979.26135,523.11316,958.9915,670635994119535,670636028551253
539.7894,946.7913,526.475,958.9915,670636028722868,670636061997191
563.3398,1047.8373,535.0436,958.9915,670636062154118,670636094601983
613.8189,982.1608,539.7894,958.9915,670636094757191,670636127423389
584.75824,1000.80414,563.3398,982.1608,670636127590420,670636160830993
584.8362,1033.7648,584.75824,982.1608,670636161012920,670636202372087
616.549,964.1902,584.75824,982.1608,670636202469170,670636234033858
587.3791,939.40424,584.8362,982.1608,670636234205576,670636269066722
558.6113,997.7423,584.75824,982.1608,670636269255055,670636302049795
515.7793,958.3457,584.75824,982.1608,670636302204743,670636335067555
506.84363,946.69885,558.6113,982.1608,670636335249014,670636366553649
528.87476,950.09827,528.87476,958.3457,670636366732868,670636397205472
533.2853,1003.8701,533.2853,982.1608,670636397316566,670636430891357
523.57446,1000.0178,528.87476,982.1608,670636431076357,670636464830889
494.4513,757.22626,528.87476,982.1608,670636465022920,670636495638857
592.8572,375.55258,528.87476,982.1608,670636495736097,670636530079118
656.889,1330.6024,528.87476,982.1608,670636530176826,670636566475732
619.6741,873.9237,592.8572,982.1608,670636566661722,670636597863128
434.31622,819.91113,528.87476,982.1608,670636598049170,670636631396722
420.8776,981.7548,528.87476,981.7548,670636631570055,670636698037347
410.30505,930.09033,434.31622,981.7548,670636698149691,670636735711826
417.15347,811.6246,420.8776,981.7548,670636735907816,670636769380420
433.94498,865.60913,433.94498,930.09033,670636769551826,670636803533753
417.8267,843.0179,420.8776,865.60913,670636803620628,670636838960993
430.95,868.07526,430.95,868.07526,670636839158128,670636872174222
455.4301,831.2087,430.95,865.60913,670636872266826,670636902809482
461.6994,858.71747,430.95,865.60913,670636902991826,670636935529014
457.1319,835.36664,455.4301,858.71747,670636935705889,670636967381930
665.3553,749.6078,457.1319,858.71747,670636967610888,670636999749899
727.65106,1431.1199,457.1319,858.71747,670636999841878,670637029914795
684.31976,1574.7141,665.3553,858.71747,670637030109222,670637062931513
720.6393,1613.9769,684.31976,1431.1199,670637063122972,670637095097243
614.506,930.656,665.3553,930.656,670637095282086,670637132821305
572.0415,870.50146,665.3553,930.656,670637132963232,670637169727243
464.60663,887.4232,614.506,930.656,670637169891201,670637209125211
488.02515,940.62744,572.0415,930.656,670637209233388,670637251415836
546.7582,874.8876,546.7582,930.656,670637251597555,670637287722555
541.22925,926.32916,546.7582,930.656,670637287894534,670637326013388
538.88904,941.20856,546.7582,930.656,670637326142138,670637361782034
494.08627,922.5413,541.22925,930.656,670637361960420,670637401691253
494.68198,915.07434,538.88904,930.656,670637401825732,670637435633909
512.8844,885.0479,512.8844,922.5413,670637435785107,670637469170576
478.57574,875.85614,512.8844,915.07434,670637469339690,670637502023076
473.30423,922.5893,512.8844,922.5413,670637502170992,670637535092920
481.44812,852.41693,481.44812,915.07434,670637536260732,670637566280992
425.6464,962.86066,481.44812,922.5413,670637566443024,670637597081097
487.3419,956.9959,481.44812,922.5413,670637597274534,670637631473961
463.2259,922.083,481.44812,922.5413,670637631635159,670637662536722
458.32184,915.4071,481.44812,922.5413,670637662666617,670637696519638
466.39368,929.83685,466.39368,922.5413,670637696634690,670637727373076
480.24673,916.9973,480.24673,922.5413,670637727462972,670637758795992
506.57797,947.8475,480.24673,922.5413,670637758882763,670637788647972
527.6647,1006.8867,480.24673,922.5413,670637788988544,670637822271669
462.5983,932.20264,480.24673,932.20264,670637822573805,670637856141774
525.7024,934.3564,480.24673,932.20264,670637856296409,670637889735836
513.3124,1029.8872,480.24673,932.20264,670637889903492,670637926972503
539.39453,953.1064,513.3124,934.3564,670637927158336,670637959878492
529.88916,997.6926,513.3124,953.1064,670637960155471,670637992386305
494.88828,945.13153,513.3124,945.13153,670637992576721,670638024460940
529.14233,995.4689,513.3124,953.1064,670638024630055,670638062890628
544.9213,969.5106,513.3124,953.1064,670638063025680,670638097798232
512.8108,974.52106,513.3124,969.5106,670638097972034,670638151904117
529.3545,965.7742,513.3124,965.7742,670638152038023,670638182499846
460.36273,913.0873,513.3124,965.7742,670638182709482,670638216068284
469.24765,945.8275,513.3124,965.7742,670638217206826,670638254262294
471.68436,971.23364,471.68436,965.7742,670638254340315,670638288364221
469.8957,924.3937,471.68436,965.7742,670638288518388,670638319702711
507.939,979.3509,471.68436,965.7742,670638319794325,670638353932294
474.98767,999.41766,471.68436,965.7742,670638354835784,670638389917867
503.5305,972.97577,474.98767,972.97577,670638390073544,670638426285211
452.67032,937.5176,471.68436,965.7742,670638426457450,670638462667607
460.01834,1003.51996,471.68436,972.97577,670638462817919,670638495177502
465.68066,976.2809,465.68066,972.97577,670638495365627,670638530279117
468.57083,959.95374,468.57083,972.97577,670638530459065,670638564442502
492.4852,946.4101,468.57083,972.97577,670638564631617,670638596328388
485.179,1005.07153,468.57083,972.97577,670638596487346,670638630735107
461.9306,966.8269,468.57083,972.97577,670638630945575,670638675309794
439.10898,966.4156,468.57083,972.97577,670638675394846,670638710800523
444.3903,993.84314,461.9306,972.97577,670638710892346,670638746164638
523.98755,988.7392,468.57083,972.97577,670638746243596,670638778608648
516.16925,1037.4596,468.57083,988.7392,670638779692086,670638809962138
495.5624,924.61273,495.5624,972.97577,670638816228127,670638848035263
434.70306,940.744,468.57083,972.97577,670638849907763,670638883904482
497.63876,985.7816,495.5624,972.97577,670638884038336,670638918429117
465.0594,936.4853,468.57083,972.97577,670638919453857,670638952314586
440.07025,938.6974,468.57083,972.97577,670638953809690,670638985749586
485.55774,940.29016,468.57083,940.29016,670638987290836,670639018339013
468.95917,933.1273,468.57083,940.29016,670639018410731,670639054058440
434.76938,859.29034,468.57083,940.29016,670639054229065,670639088247815
434.93835,879.11487,468.57083,933.1273,670639089542606,670639123891409
461.77768,913.5396,461.77768,913.5396,670639124137919,670639159807138
457.946,923.2373,461.77768,923.2373,670639159912815,670639193360315
428.71335,897.5373,461.77768,913.5396,670639193533075,670639225196252
497.5945,1023.15656,461.77768,923.2373,670639225381148,670639258219638
479.94193,1012.1828,461.77768,923.2373,670639258406252,670639293867971
445.27853,850.8157,461.77768,923.2373,670639294016096,670639329648127
484.19403,946.8006,461.77768,923.2373,670639329762658,670639363551148
459.9423,927.0774,461.77768,923.2373,670639363633648,670639401609638
443.48755,908.03784,461.77768,923.2373,670639401924065,670639433673856
444.6446,949.6334,459.9423,923.2373,670639433780471,670639470314117
456.20483,967.2254,456.20483,923.2373,670639470487450,670639504240888
445.692,979.0,456.20483,949.6334,670639505103908,670639535650158
465.2341,978.3949,456.20483,967.2254,670639535833231,670639567362867
482.37146,1008.79987,456.20483,978.3949,670639567481981,670639605523075
441.08542,989.26447,456.20483,978.3949,670639605621617,670639635906304
453.65622,944.47473,456.20483,978.3949,670639636131252,670639668946825
431.7814,923.69635,453.65622,978.3949,670639669132450,670639702438648
426.57,908.46533,453.65622,944.47473,670639702623231,670639738231773
441.24377,949.68054,441.24377,949.68054,670639738393283,670639779372294
415.5768,964.73987,441.24377,949.68054,670639779555367,670639811755783
445.6742,950.731,441.24377,949.68054,670639811900419,670639842353492
425.67673,942.56274,441.24377,949.68054,670639842490575,670639876559533
429.071,931.79614,441.24377,949.68054,670639876739377,670639911327814
469.64017,901.28424,441.24377,942.56274,670639911528752,670639945465887
432.6442,964.8449,441.24377,949.68054,670639945662502,670639982688387
477.17593,904.1159,441.24377,942.56274,670639982787033,670640016238439
453.47012,910.72174,441.24377,942.56274,670640016343439,670640048673387
467.6656,913.5181,453.47012,913.5181,670640048753387,670640082075991
401.8893,945.91425,441.24377,942.56274,670640082920991,670640119851564
442.23758,941.5375,442.23758,941.5375,670640119933179,670640156315366
443.48254,1037.3978,442.23758,942.56274,670640156451825,670640192206408
484.9871,585.26355,442.23758,941.5375,670640192377398,670640225302033
531.8234,579.3983,443.48254,941.5375,670640225460002,670640260711356
486.81848,615.7404,484.9871,615.7404,670640260799533,670640294515262
456.863,1003.9181,456.863,941.5375,670640294671356,670640330706148
488.6185,1122.118,484.9871,941.5375,670640331538908,670640365169741
417.4771,928.0246,456.863,941.5375,670640365269012,670640400736460
381.4419,859.80994,456.863,941.5375,670640400901460,670640431610627
479.2991,837.499,456.863,928.0246,670640431708439,670640464088231
467.36676,861.4139,456.863,861.4139,670640464190366,670640498043908
463.3864,863.44574,463.3864,863.44574,670640498148335,670640532499533
443.54095,837.8259,456.863,861.4139,670640533245575,670640567805314
465.99435,907.623,463.3864,863.44574,670640567903335,670640609365731
469.01413,913.25116,463.3864,863.44574,670640609542554,670640643935262
482.69812,925.37286,465.99435,907.623,670640644191981,670640676951200
541.8794,1024.2512,469.01413,913.25116,670640677120522,670640708225939
439.6471,994.7446,465.99435,925.37286,670640708386460,670640739023856
668.93994,616.4627,469.01413,913.25116,670640739147450,670640771416200
694.0263,1338.4562,469.01413,925.37286,670640771555783,670640803002085
656.69006,816.7964,656.69006,913.25116,670640803161772,670640842193231
475.38852,632.36597,475.38852,913.25116,670640842337293,670640873643908
397.55148,1384.2499,475.38852,913.25116,670640873810887,670640903747918
460.81573,1035.9657,475.38852,913.25116,670640903931095,670640938847449
534.31226,1009.1021,475.38852,1009.1021,670640939029845,670640972806668
572.2643,1010.54047,475.38852,1009.1021,670640973009585,670641008387554
569.0136,991.91187,534.31226,1009.1021,670641009508856,670641041588647
566.46454,1020.5408,566.46454,1009.1021,670641041705627,670641072794741
566.96545,986.0629,566.46454,1009.1021,670641072898960,670641106101304
611.2315,1080.1373,566.46454,1009.1021,670641106222085,670641138838595
626.5296,1154.7427,566.96545,1009.1021,670641139022241,670641173322085
573.4371,1105.8597,573.4371,1080.1373,670641173514429,670641206563126
566.222,1133.9869,566.96545,1105.8597,670641206729324,670641242931095
515.5571,1041.4332,566.96545,1080.1373,670641243072658,670641275140366
508.35568,1020.57684,566.222,1080.1373,670641275327241,670641306583699
506.0912,1039.1844,515.5571,1041.4332,670641306725106,670641344107189
522.9939,1041.0343,522.9939,1041.0343,670641344208856,670641379044533
486.94116,1063.5513,515.5571,1041.4332,670641379132397,670641412856668
543.83105,1111.729,522.9939,1041.4332,670641413608803,670641446142397
517.15625,1118.0916,517.15625,1063.5513,670641446229637,670641484875418
547.7025,1105.8955,522.9939,1105.8955,670641485011356,670641521872137
487.1765,1066.9609,517.15625,1066.9609,670641521958439,670641552784324
479.2534,1118.5835,517.15625,1105.8955,670641555034897,670641589028439
502.17813,1127.182,502.17813,1105.8955,670641589542605,670641621084428
509.80917,1107.7191,509.80917,1107.7191,670641622190522,670641653302137
507.1983,1144.3468,507.1983,1107.7191,670641653415678,670641686676928
490.81577,1070.283,507.1983,1107.7191,670641688420678,670641719884533
479.2322,1098.923,507.1983,1107.7191,670641721684012,670641754187762
457.4942,1073.5199,490.81577,1098.923,670641755707397,670641788476251
474.2699,1087.5676,479.2322,1098.923,670641788548647,670641823460939
496.848,1106.8593,490.81577,1098.923,670641824066772,670641854532762
494.72687,1089.797,490.81577,1098.923,670641856338491,670641889290626
490.28043,1073.8235,490.81577,1098.923,670641890097032,670641925696251
469.23642,1052.1393,490.81577,1089.797,670641925790522,670641969155470
467.83005,1076.1803,490.28043,1076.1803,670641969240887,670642003185574
487.5092,1109.7485,487.5092,1089.797,670642003297449,670642042814012
472.73758,1105.3295,487.5092,1089.797,670642042921720,670642103247449
475.8263,1154.7192,487.5092,1105.3295,670642103373543,670642136454741
486.3513,1050.222,486.3513,1089.797,670642136636668,670642169472032
468.7202,1101.0297,486.3513,1101.0297,670642169645887,670642205080939
475.97186,1100.9426,486.3513,1100.9426,670642205174116,670642240159064
465.70108,1112.0522,475.97186,1101.0297,670642240276564,670642275947397
473.5518,1069.7793,475.97186,1100.9426,670642276065678,670642309987657
455.3709,1065.9034,473.5518,1100.9426,670642310094220,670642356072501
462.98816,1117.5385,473.5518,1100.9426,670642356159376,670642390300991
475.7298,1132.5637,473.5518,1100.9426,670642390495366,670642424142188
468.30273,1059.1979,473.5518,1100.9426,670642425052657,670642462348751
427.22098,685.17505,473.5518,1100.9426,670642462445209,670642495082657
485.51257,365.8028,473.5518,1059.1979,670642495184324,670642532996563
450.8296,974.87244,473.5518,974.87244,670642533089532,670642568703386
445.82986,1071.7109,473.5518,1059.1979,670642568810418,670642601964741
416.7774,941.76544,450.8296,974.87244,670642602140053,670642635347084
432.84903,961.8709,445.82986,974.87244,670642635502657,670642671150886
434.0209,916.4952,434.0209,961.8709,670642671314949,670642703468022
476.5861,994.8795,445.82986,974.87244,670642703570418,670642736345626
445.34692,1061.7013,445.34692,974.87244,670642736463022,670642770480261
459.09467,1023.022,445.82986,994.8795,670642770590105,670642806791511
470.9164,1022.3822,445.82986,1022.3822,670642806965886,670642838979845
502.94525,1010.6457,459.09467,1010.6457,670642839157345,670642873092032
514.9468,1055.2537,470.9164,1022.3822,670642873504220,670642908116251
477.89572,1079.3313,477.89572,1022.3822,670642908220678,670642942069532
512.89374,1075.5858,477.89572,1055.2537,670642942192345,670642974416667
529.7898,1067.6469,477.89572,1067.6469,670642974553230,670643008781720
501.257,1096.9373,501.257,1067.6469,670643008901824,670643039291042
500.45865,1079.5178,500.45865,1067.6469,670643039451720,670643071539844
467.79892,1053.213,500.45865,1067.6469,670643071701251,670643106104636
498.5991,1103.0088,500.45865,1067.6469,670643107159376,670643140264428
479.4691,1040.1069,498.5991,1067.6469,670643140966563,670643188963907
501.9833,1100.2986,500.45865,1067.6469,670643189043647,670643223261303
482.9714,1097.2551,498.5991,1067.6469,670643224453074,670643257460417
487.55084,1021.875,498.5991,1067.6469,670643258551928,670643292818282
474.4219,971.88666,487.55084,1067.6469,670643293259324,670643351445782
492.08414,964.8606,492.08414,1021.875,670643351545678,670643387303021
508.78973,958.18604,492.08414,971.88666,670643387406824,670643425261459
509.3691,950.61816,492.08414,964.8606,670643425432865,670643459577292
492.43906,937.32007,492.43906,958.18604,670643460551459,670643506064167
505.33905,1043.2502,492.43906,964.8606,670643506159792,670643537224584
490.729,1080.2534,492.43906,964.8606,670643537339584,670643570378230
484.0012,958.9491,492.43906,964.8606,670643570566823,670643602603855
479.05914,1059.2502,490.729,964.8606,670643602770261,670643633787032
495.64767,970.8964,492.43906,964.8606,670643633964376,670643673367448
491.8125,968.9239,491.8125,968.9239,670643673479584,670643706407188
474.09756,1004.99396,491.8125,968.9239,670643706492657,670643741251875
498.2763,1054.5856,491.8125,968.9239,670643741348542,670643775751355
516.7147,1101.8662,491.8125,1004.99396,670643775894584,670643810965261
514.61176,1091.1271,498.2763,1054.5856,670643811154740,670643845755782
485.48196,1060.65,491.8125,1060.65,670643845940209,670643875945105
480.53812,1062.6486,491.8125,1060.65,670643876127657,670643912495886
484.16464,1063.2793,485.48196,1060.65,670643912662917,670643950591980
539.17523,1038.0768,491.8125,1060.65,670643950770625,670643983295000
503.27817,1087.7411,491.8125,1060.65,670643983415886,670644019593386
508.8826,1132.9851,503.27817,1060.65,670644019697136,670644053913750
520.94,1104.822,503.27817,1087.7411,670644054028750,670644086236355
532.12317,1130.871,508.8826,1104.822,670644086404323,670644123601355
525.73145,1146.3351,520.94,1104.822,670644123793855,670644159258230
497.53055,1110.0571,508.8826,1110.0571,670644159345886,670644191840521
511.53937,1134.2537,511.53937,1110.0571,670644201679011,670644242184375
525.32904,1135.4219,511.53937,1110.0571,670644242292188,670644275206094
514.50806,1137.1124,511.53937,1134.2537,670644276893334,670644308491563
514.85706,1167.0897,514.50806,1135.4219,670644308634063,670644346717761
501.1991,1082.6332,511.53937,1134.2537,670644346860834,670644382487344
483.53546,1169.7986,511.53937,1135.4219,670644382665052,670644413149167
476.16318,1111.3434,501.1991,1134.2537,670644413246667,670644443857084
475.29633,1101.0739,483.53546,1134.2537,670644444084427,670644477809584
471.43295,1020.8285,476.16318,1111.3434,670644477993073,670644515807344
460.46912,1071.747,475.29633,1101.0739,670644515905990,670644548591406
479.95096,1037.9146,476.16318,1071.747,670644548774792,670644580326511
473.16306,1077.6157,475.29633,1077.6157,670644580503073,670644614538177
466.5861,1016.0547,475.29633,1071.747,670644614710365,670644644473906
479.90787,1050.9489,475.29633,1071.747,670644644655625,670644682903438
511.16208,1065.3224,475.29633,1065.3224,670644683097969,670644718080833
477.84454,1016.9224,477.84454,1065.3224,670644718258021,670644749873750
506.7157,1085.4117,477.84454,1065.3224,670644750045886,670644781670156
471.01263,1069.0995,477.84454,1065.3224,670644782388802,670644815188438
454.94977,1065.2451,477.84454,1065.3224,670644815377188,670644848545260
486.67737,1064.8756,477.84454,1065.3224,670644848714635,670644880364896
469.69208,1065.4955,477.84454,1065.3224,670644880473281,670644912970313
454.0666,1021.0499,477.84454,1065.3224,670644913154375,670644954500313
474.58813,1010.82764,474.58813,1065.3224,670644954614115,670644989911406
478.8346,1042.2216,477.84454,1042.2216,670644991610156,670645024206510
475.49335,1057.1313,475.49335,1057.1313,670645024382031,670645057087500
452.61688,963.5802,475.49335,1042.2216,670645057201875,670645090235417
505.45428,1049.5793,475.49335,1049.5793,670645090408490,670645123403177
495.52103,1042.6266,475.49335,1042.6266,670645123578437,670645159124375
488.5404,978.8484,488.5404,1042.6266,670645159317865,670645194995990
466.5303,973.7667,475.49335,1042.6266,670645195103698,670645231736406
479.93164,971.98285,479.93164,978.8484,670645231837448,670645265431719
501.21185,1025.326,479.93164,1025.326,670645265525573,670645307774062
458.04492,1012.4586,479.93164,1012.4586,670645307933333,670645345414010
501.00797,954.16144,479.93164,1012.4586,670645345576823,670645379515989
475.53958,1000.2836,479.93164,1012.4586,670645379707031,670645411079323
496.6832,1051.1896,479.93164,1012.4586,670645411241719,670645455181875
482.17062,1054.4183,479.93164,1012.4586,670645455265833,670645487775469
475.6222,982.4555,479.93164,1012.4586,670645487887760,670645519651510
484.0659,973.9136,479.93164,1012.4586,670645519766406,670645553361719
471.90842,1047.9852,479.93164,1012.4586,670645553477291,670645586431719
468.23703,1043.072,479.93164,1012.4586,670645586537031,670645619260729
452.21375,981.8847,471.90842,1012.4586,670645619371875,670645652696250
464.25964,995.35815,468.23703,1012.4586,670645652807812,670645685724635
462.49274,1005.8838,464.25964,1005.8838,670645685834583,670645742161458
467.16943,967.40015,467.16943,1005.8838,670645742253021,670645774707812
439.34662,945.9536,464.25964,1005.8838,670645774810573,670645808498437
467.57867,943.24146,467.16943,967.40015,670645808589739,670645840930416
462.94205,949.93207,464.25964,949.93207,670645841621927,670645874475573
450.26535,937.6172,464.25964,949.93207,670645875133698,670645914328489
454.1468,960.16254,462.94205,949.93207,670645914507448,670645958076562
440.39865,998.31274,454.1468,949.93207,670645959077395,670645993364895
439.5073,990.0096,454.1468,960.16254,670645993525573,670646026400156
432.07202,951.3267,440.39865,951.3267,670646026550573,670646058165677
454.47903,977.7748,454.1468,960.16254,670646058340520,670646097158541
445.55704,956.4175,445.55704,956.4175,670646097305625,670646130629322
455.51273,946.65125,454.1468,956.4175,670646130789062,670646164462187
449.39157,939.18054,449.39157,956.4175,670646166518697,670646199487552
454.60587,965.2917,454.1468,956.4175,670646199634739,670646231473697
486.92386,933.33826,454.1468,956.4175,670646231643072,670646267004895
472.9232,974.83606,454.60587,956.4175,670646268994687,670646303365208
462.60666,984.9873,462.60666,956.4175,670646303476093,670646336692968
440.1526,895.93335,454.60587,956.4175,670646337693020,670646369835624
471.93793,968.4975,462.60666,956.4175,670646369969427,670646409783385
443.95013,965.8505,454.60587,956.4175,670646409937031,670646444704166
487.74078,938.36395,462.60666,956.4175,670646444923645,670646484071458
472.19925,959.8082,462.60666,956.4175,670646484169531,670646520717916
505.0977,959.14667,472.19925,956.4175,670646520872135,670646553038593
509.69336,944.3998,472.19925,956.4175,670646553131614,670646584029895
514.2104,928.2036,505.0977,956.4175,670646584138020,670646616189895
485.04782,878.0043,485.04782,944.3998,670646616374114,670646651781926
523.1986,966.46796,505.0977,956.4175,670646653059322,670646686878645
492.0463,933.74475,492.0463,944.3998,670646687049270,670646722077239
467.93472,915.26544,492.0463,944.3998,670646722203124,670646756789531
445.3471,950.0201,492.0463,944.3998,670646756982239,670646790250364
470.54202,989.47253,470.54202,944.3998,670646790399270,670646825449531
488.51987,965.02185,488.51987,950.0201,670646825615937,670646861018749
481.3586,937.46674,481.3586,944.3998,670646861217031,670646895184739
452.02283,918.17896,481.3586,944.3998,670646895389322,670646928526353
451.3921,931.815,481.3586,937.46674,670646929036718,670646965513385
452.09097,938.1404,452.09097,938.1404,670646965602916,670647000164531
446.0562,910.5813,452.09097,937.46674,670647001225468,670647033504270
472.40323,949.3859,452.09097,938.1404,670647035088437,670647068288228
511.79373,984.5083,452.09097,938.1404,670647071103176,670647102572499
530.24475,992.2032,472.40323,949.3859,670647102719999,670647136737708
495.41782,1027.7493,495.41782,984.5083,670647137698541,670647169935260
488.99863,1012.1982,488.99863,992.2032,670647170063489,670647205689374
476.00003,997.98083,488.99863,997.98083,670647205825728,670647239777447
466.52832,976.05865,488.99863,992.2032,670647239979635,670647272223176
489.12244,998.477,488.99863,997.98083,670647272360572,670647305023280
452.67233,954.6681,488.99863,992.2032,670647305155364,670647337471666
466.94418,1009.65857,488.99863,997.98083,670647337636874,670647375874687
483.20535,891.5224,483.20535,992.2032,670647376071197,670647412110832
476.0178,574.4029,483.20535,992.2032,670647413169530,670647449481926
417.6793,504.2482,483.20535,891.5224,670647449583905,670647487192812
427.21448,924.3835,476.0178,924.3835,670647487336197,670647520262812
410.64795,1214.8164,427.21448,924.3835,670647520446770,670647550584582
425.33035,980.8901,427.21448,924.3835,670647551054999,670647582220364
414.1875,903.00305,425.33035,924.3835,670647582314426,670647616136249
427.62207,919.3762,427.21448,924.3835,670647616281353,670647647521666
459.26797,876.006,427.21448,919.3762,670647647626666,670647681794166
468.4404,960.79083,427.62207,924.3835,670647681896249,670647720046666
481.3994,1023.97253,459.26797,924.3835,670647720227864,670647755320780
466.1233,1031.2527,466.1233,960.79083,670647755502759,670647791378020
460.46976,984.65674,460.46976,984.65674,670647791578124,670647823915207
473.18088,972.87494,466.1233,972.87494,670647824228176,670647856916457
495.0766,943.0647,466.1233,972.87494,670647857982082,670647893047499
437.2243,935.6497,466.1233,972.87494,670647893160520,670647927638228
428.10126,1039.2023,466.1233,972.87494,670647927711197,670647960100936
455.13004,975.5947,455.13004,972.87494,670647964813436,670647995504478
417.93588,966.30457,455.13004,972.87494,670647997732238,670648032621093
421.6351,997.4526,455.13004,972.87494,670648032709530,670648068169582
437.51135,1057.8087,437.51135,972.87494,670648069039947,670648101681978
441.40433,967.7841,441.40433,972.87494,670648103313645,670648138685832
454.12863,949.37225,441.40433,972.87494,670648140435936,670648176325259
439.50974,997.8907,441.40433,972.87494,670648176464895,670648210770311
429.8215,1011.92737,441.40433,972.87494,670648210952811,670648245667915
447.2631,987.72107,441.40433,987.72107,670648245817238,670648277910780
423.8821,1013.90515,441.40433,987.72107,670648278078853,670648313650207
430.5581,1108.486,441.40433,987.72107,670648313761145,670648346581874
422.28894,1033.4696,430.5581,1013.90515,670648346687290,670648406073645
447.46368,995.30865,441.40433,995.30865,670648406175155,670648448910832
431.22116,960.59015,431.22116,995.30865,670648449017655,670648485223332
435.05063,981.51117,435.05063,995.30865,670648485326405,670648519711822
484.41312,1038.9537,435.05063,995.30865,670648519894478,670648556955624
432.0364,962.3789,435.05063,995.30865,670648557067186,670648591642394
445.15698,982.1464,435.05063,995.30865,670648591750572,670648625144634
438.15213,1006.79626,435.05063,995.30865,670648625325155,670648656887603
463.9201,948.4515,438.15213,995.30865,670648656997238,670648685901249
448.6756,983.91614,438.15213,995.30865,670648685997030,670648719739374
427.28604,970.764,438.15213,983.91614,670648719857811,670648750892394
435.1369,1011.46136,438.15213,995.30865,670648752423280,670648782238384
455.42703,1023.2988,438.15213,995.30865,670648782356769,670648814438124
444.14694,1028.682,438.15213,1011.46136,670648814552603,670648845817811
438.6896,963.0234,438.6896,995.30865,670648845930780,670648879742811
437.4837,985.5989,438.15213,995.30865,670648880927811,670648916927290
428.67654,999.7242,438.15213,995.30865,670648917049061,670648952337863
412.09363,975.8985,437.4837,995.30865,670648952516821,670648987456144
410.01663,950.3578,428.67654,995.30865,670648987546769,670649022530936
410.77957,989.6673,412.09363,989.6673,670649022719530,670649058165936
411.01968,897.4275,411.01968,989.6673,670649058263696,670649092985363
427.14392,962.6811,412.09363,989.6673,670649093173853,670649126553540
439.29184,1027.1737,412.09363,989.6673,670649126719686,670649159548488
422.6117,957.7807,422.6117,989.6673,670649161510936,670649196886092
426.47394,984.60425,422.6117,989.6673,670649199399373,670649232406561
464.8635,1018.1129,422.6117,989.6673,670649232781092,670649265306457
469.38242,1002.60864,426.47394,989.6673,670649265453800,670649297536040
471.90427,1041.0376,464.8635,1002.60864,670649297646873,670649332735988
420.95584,1014.5358,426.47394,1002.60864,670649333348436,670649366201405
447.9814,956.3259,447.9814,1002.60864,670649367051405,670649401812967
398.9393,940.0018,426.47394,1002.60864,670649401903800,670649435976665
416.59012,540.9185,426.47394,956.3259,670649436154582,670649470365259
397.9193,496.3102,416.59012,940.0018,670649470453748,670649503701717
454.52777,1300.2391,426.47394,956.3259,670649503790519,670649539110259
445.95255,1209.5237,426.47394,956.3259,670649539210988,670649574344477
432.7338,1076.0355,432.7338,1076.0355,670649574433332,670649607326509
437.57257,965.08307,432.7338,965.08307,670649607439634,670649641701352
522.18695,994.67035,432.7338,994.67035,670649641879894,670649677412394
500.32086,1055.467,437.57257,994.67035,670649677523279,670649715480415
468.4413,1054.0919,468.4413,994.67035,670649716388852,670649749331873
441.04956,1008.5685,441.04956,1008.5685,670649749540623,670649780820050
456.9451,1041.896,456.9451,1008.5685,670649780991769,670649813321457
460.41992,971.9326,456.9451,1008.5685,670649813476821,670649859600779
475.15842,1073.6927,456.9451,1008.5685,670649859685831,670649893107498
479.0336,978.9846,460.41992,1008.5685,670649894276404,670649933412759
478.77423,1075.7124,475.15842,1008.5685,670649935338019,670649968113071
457.55338,1007.4762,460.41992,1008.5685,670649968279373,670650000723748
475.23962,1008.39886,475.15842,1008.5685,670650000826561,670650032637134
482.07724,952.12354,475.15842,1008.39886,670650032724581,670650063391821
443.6785,1012.51886,475.15842,1008.5685,670650063524477,670650096462602
474.59442,911.6114,475.15842,1008.39886,670650103165102,670650141578696
455.06522,895.3147,474.59442,1008.39886,670650141681873,670650174034477
495.0255,940.0551,475.15842,940.0551,670650174189998,670650208984165
484.2138,916.4547,475.15842,940.0551,670650209091144,670650242270154
387.6323,1013.6351,475.15842,940.0551,670650242387029,670650279652915
456.7865,449.33255,475.15842,940.0551,670650279843019,670650310719842
646.5667,1213.8756,475.15842,940.0551,670650311689373,670650354051248
736.0174,1702.2316,475.15842,940.0551,670650354132133,670650385072394
667.8943,1102.6552,646.5667,1102.6552,670650385187238,670650418514529
460.68774,794.2099,475.15842,940.0551,670650418690883,670650449577394
341.8719,1063.2438,475.15842,1063.2438,670650449756092,670650479470467
357.66705,979.1646,460.68774,979.1646,670650479666613,670650512298644
362.55365,909.71814,362.55365,979.1646,670650512482654,670650542894581
402.33594,901.3339,402.33594,979.1646,670650542996352,670650574986508
409.24747,884.34686,402.33594,909.71814,670650575088592,670650609201873
406.5774,941.0296,402.33594,941.0296,670650609296040,670650643541717
414.53036,899.45953,406.5774,909.71814,670650644293331,670650679717915
406.6747,926.3949,406.5774,926.3949,670650679896612,670650711954581
422.18918,940.33,406.6747,926.3949,670650712205623,670650744719581
454.60522,952.6204,406.6747,926.3949,670650744886248,670650786731821
415.78058,960.18414,415.78058,940.33,670650786929112,670650819411977
411.17703,891.17145,411.17703,926.3949,670650819626196,670650855344164
468.0527,952.716,415.78058,940.33,670650855430154,670650888415727
434.0648,942.6717,415.78058,940.33,670650888579998,670650924691352
446.02734,956.7142,434.0648,942.6717,670650924797602,670650958772550
446.7683,1043.1525,434.0648,942.6717,670650958952602,670650991562341
464.68213,1004.7007,446.02734,956.7142,670650993918227,670651026218696
470.6832,1062.2281,446.7683,1004.7007,670651027267550,670651060786404
459.84152,987.805,459.84152,987.805,670651061781091,670651100738644
439.05472,947.01514,446.7683,987.805,670651100920831,670651138565362
442.899,1019.17053,446.7683,987.805,670651138654998,670651176090518
456.30164,989.4319,446.7683,987.805,670651176235466,670651209096977
420.20932,1017.18475,446.7683,989.4319,670651209239477,670651245822550
466.44443,1035.069,446.7683,989.4319,670651246095935,670651279361977
411.8356,976.2413,446.7683,989.4319,670651279500623,670651312375154
443.5005,996.1497,446.7683,989.4319,670651312586196,670651347668018
447.51685,1024.6833,446.7683,989.4319,670651347763279,670651379255518
432.78433,1035.8182,446.7683,996.1497,670651379458435,670651412739945
432.80188,1024.9532,446.7683,1024.6833,670651412891560,670651451670727
407.31308,1007.7977,432.80188,1007.7977,670651451853383,670651488644477
279.07495,842.7381,432.80188,1007.7977,670651488825779,670651522875414
492.56723,452.62692,432.80188,1007.7977,670651522954216,670651556661248
506.758,834.24286,432.80188,842.7381,670651557644320,670651591690518
431.4947,892.7915,432.80188,892.7915,670651592487497,670651628912289
388.48795,1179.5536,432.80188,892.7915,670651629136977,670651662009425
305.44824,1033.4774,431.4947,892.7915,670651662123591,670651697380310
355.99042,1000.4731,388.48795,1000.4731,670651697472706,670651730485518
347.35718,896.6934,355.99042,896.6934,670651730572810,670651770098227
373.27777,914.3369,373.27777,914.3369,670651770770570,670651813902706
365.346,908.40546,365.346,908.40546,670651814076039,670651845591612
380.27924,949.1188,373.27777,914.3369,670651845781612,670651876854372
387.6741,882.2312,373.27777,908.40546,670651877018279,670651910131456
402.14075,982.49524,380.27924,914.3369,670651910328122,670651946084112
352.72504,938.24976,373.27777,914.3369,670651946257029,670651977657602
455.51044,394.80566,380.27924,914.3369,670651977846143,670652009766039
695.7281,1236.6764,380.27924,914.3369,670652009945466,670652047642185
701.8347,1454.6693,455.51044,914.3369,670652047751612,670652079847654
619.6749,1238.6088,619.6749,1236.6764,670652080261560,670652110834633
404.28952,690.9637,455.51044,914.3369,670652110922029,670652141781872
298.20688,1142.0736,455.51044,1142.0736,670652141980518,670652175938435
337.39267,1004.286,404.28952,1004.286,670652177687601,670652215028122
363.46188,939.7712,363.46188,1004.286,670652215110935,670652245763799
393.04333,848.3032,393.04333,1004.286,670652245960153,670652277829633
392.9022,893.7456,392.9022,939.7712,670652278085206,670652315473643
423.6776,978.8243,393.04333,978.8243,670652315570570,670652347479685
420.20178,958.37634,393.04333,958.37634,670652347678435,670652378640674
459.2315,969.751,420.20178,969.751,670652378818226,670652412268383
469.42078,1012.6935,420.20178,969.751,670652412404581,670652442188643
435.15707,1039.1844,435.15707,969.751,670652442372028,670652477396195
479.46494,1026.427,435.15707,1012.6935,670652477585518,670652510326195
437.39725,999.32837,435.15707,999.32837,670652510473643,670652542748330
440.37967,994.8247,437.39725,999.32837,670652542881299,670652578066247
412.3667,1011.2766,435.15707,999.32837,670652578190570,670652613598018
429.49326,966.1629,435.15707,999.32837,670652613759112,670652647811820
415.82977,952.7048,429.49326,999.32837,670652648066976,670652678805518
420.3335,1006.2103,429.49326,999.32837,670652678991351,670652710874685
399.50232,968.3933,420.3335,999.32837,670652711073851,670652748939164
421.41254,1042.736,421.41254,999.32837,670652749131820,670652782534580
446.75827,1069.6093,421.41254,999.32837,670652782717914,670652816603799
392.0516,1005.7031,421.41254,1005.7031,670652816708330,670652847566403
401.38513,1028.5682,421.41254,1005.7031,670652848722914,670652880242132
418.99606,1046.2909,418.99606,1005.7031,670652880381560,670652909127497
405.3066,970.62305,418.99606,1005.7031,670652909223278,670652943439424
408.25287,989.34973,418.99606,1005.7031,670652943612393,670652977781299
401.3856,938.7105,408.25287,989.34973,670652977886768,670653014031612
381.39056,956.12494,408.25287,989.34973,670653014235049,670653044239164
388.82047,533.6502,401.3856,956.12494,670653044419007,670653077656768
638.0995,1099.5859,408.25287,989.34973,670653077807080,670653110346091
734.3334,1543.9453,408.25287,989.34973,670653110538122,670653144733851
693.8577,1212.9067,638.0995,1099.5859,670653144921247,670653182109164
465.10962,693.52075,465.10962,989.34973,670653182315101,670653231156559
394.9691,1047.601,465.10962,1047.601,670653231250414,670653262116403
402.55618,981.6799,465.10962,989.34973,670653263090309,670653299949111
393.68713,882.6911,402.55618,989.34973,670653300090361,670653337124372
394.89664,947.96,402.55618,981.6799,670653337207236,670653369770726
431.4602,938.8884,402.55618,947.96,670653369857913,670653405148591
398.22437,893.8085,402.55618,947.96,670653405223955,670653439512966
396.7025,943.01825,402.55618,943.01825,670653439681351,670653474485257
378.88718,912.1214,398.22437,943.01825,670653474564007,670653510547913
389.8594,962.0052,396.7025,943.01825,670653510725778,670653542493799
362.26938,899.0975,389.8594,943.01825,670653542649684,670653584812028
369.87097,945.74976,389.8594,943.01825,670653584940049,670653619303122
377.0432,937.7269,377.0432,943.01825,670653619406559,670653668899528
401.68622,846.2086,389.8594,943.01825,670653669742757,670653705625778
406.0419,911.9518,389.8594,937.7269,670653705809007,670653749767549
411.32947,948.7772,401.68622,943.01825,670653749858643,670653781828382
405.15778,969.8215,405.15778,943.01825,670653782027809,670653813404788
413.7069,982.12506,405.15778,948.7772,670653813588538,670653845641247
413.47998,973.93915,405.15778,969.8215,670653845841403,670653880461351
467.90317,962.42255,413.47998,962.42255,670653880619892,670653913748590
418.9438,900.9389,413.47998,962.42255,670653913921195,670653948596767
430.59714,946.5088,418.9438,962.42255,670653948771924,670653981021820
412.39725,926.7618,413.47998,946.5088,670653981210153,670654014467913
394.72134,919.675,413.47998,946.5088,670654014581038,670654046233903
411.362,951.9608,412.39725,946.5088,670654046354736,670654082117080
406.7596,938.0526,411.362,946.5088,670654082269267,670654120142028
426.22137,980.4904,412.39725,946.5088,670654120282705,670654157390153
420.5454,965.4024,412.39725,946.5088,670654157510622,670654195109632
420.22787,1000.877,420.22787,965.4024,670654196122288,670654239411246
419.16187,903.0404,419.16187,946.5088,670654239502288,670654270964424
433.01584,963.74915,420.22787,963.74915,670654271136194,670654305502392
412.4047,948.06573,419.16187,948.06573,670654306240309,670654338033382
409.29742,929.3061,419.16187,948.06573,670654341709267,670654374811299
423.30365,903.0825,419.16187,948.06573,670654374927913,670654405558382
376.51352,1004.29865,419.16187,948.06573,670654405676663,670654437635309
375.54654,981.5443,419.16187,948.06573,670654438266559,670654470270309
310.151,730.0018,376.51352,948.06573,670654470435101,670654502020882
532.94275,679.1265,419.16187,948.06573,670654503259163,670654536586507
701.46985,1245.7686,419.16187,948.06573,670654536742496,670654567238017
500.63272,728.44946,500.63272,948.06573,670654568795673,670654603047080
352.51395,979.4937,419.16187,948.06573,670654603154840,670654641865673
340.6025,1257.3813,419.16187,948.06573,670654642031455,670654677315725
297.39047,967.6938,352.51395,967.6938,670654677472132,670654723637705
327.7624,868.0176,340.6025,948.06573,670654723733434,670654756106246
361.03818,813.0943,352.51395,948.06573,670654756216403,670654791696194
384.72638,854.63544,352.51395,868.0176,670654791871507,670654827464632
384.6251,908.57983,361.03818,908.57983,670654827607028,670654863570413
407.793,968.92224,384.6251,908.57983,670654863694163,670654895185725
398.30054,934.3651,384.6251,908.57983,670654895305413,670654927162288
440.74356,987.88654,398.30054,934.3651,670654927255100,670654958799996
445.8338,993.8565,398.30054,934.3651,670654958884111,670654993362288
462.71152,998.18396,440.74356,987.88654,670654993569944,670655024432340
432.04715,971.6656,432.04715,971.6656,670655024599111,670655054695152
436.47278,949.6809,436.47278,971.6656,670655054858330,670655086013017
414.77988,924.1888,432.04715,971.6656,670655086153382,670655118439996
431.6747,1009.1726,432.04715,971.6656,670655118635465,670655150700725
449.8207,1008.51465,432.04715,971.6656,670655150871871,670655184821142
426.221,1021.6335,432.04715,1008.51465,670655185131090,670655221076246
432.66464,994.9191,432.04715,994.9191,670655221181975,670655254729892
440.328,966.2435,432.04715,994.9191,670655254917757,670655286119007
447.8415,946.7808,432.66464,994.9191,670655286285986,670655320333069
448.8169,964.97986,440.328,966.2435,670655320500048,670655355000048
445.0901,1006.2816,445.0901,994.9191,670655355183277,670655388599944
451.3207,985.8552,445.0901,985.8552,670655388701506,670655420573798
458.75183,994.12335,445.0901,994.12335,670655420704006,670655454046402
453.33386,957.6993,451.3207,985.8552,670655454242756,670655484481506
432.90775,947.5017,445.0901,985.8552,670655484657652,670655518194006
444.04846,986.5079,445.0901,985.8552,670655518375569,670655549244788
444.62708,999.24445,444.62708,985.8552,670655550989527,670655582718590
427.52148,1010.62915,444.62708,986.5079,670655582834892,670655616658225
436.93045,1003.9681,444.62708,999.24445,670655616807079,670655652137756
462.97757,1033.2949,444.62708,1003.9681,670655653084527,670655695503694
421.98486,986.1237,444.62708,999.24445,670655695579058,670655730438798
454.84583,1050.6246,444.62708,1003.9681,670655730550413,670655762085829
426.4502,1066.6277,444.62708,1003.9681,670655762268329,670655796907340
455.69104,1063.5205,444.62708,1050.6246,670655797064631,670655828049319
461.73453,1049.8293,444.62708,1049.8293,670655828363069,670655860555621
469.5839,1054.7864,455.69104,1050.6246,670655860693277,670655892919996
481.51895,1067.322,461.73453,1050.6246,670655893086975,670655924379631
494.7855,1047.5271,469.5839,1050.6246,670655924567392,670655957872548
461.30588,1045.3582,461.73453,1050.6246,670655958049892,670655988689892
427.9984,1019.6264,461.73453,1047.5271,670655988872912,670656022184267
438.35263,993.2209,461.30588,1045.3582,670656022376819,670656054242079
454.8176,983.7655,454.8176,1019.6264,670656054422965,670656085661975
444.32095,975.21387,454.8176,993.2209,670656085852704,670656119442235
453.888,1028.442,454.8176,1019.6264,670656119581090,670656170269787
454.05557,991.9401,454.05557,993.2209,670656170427756,670656210395985
455.09766,1033.9745,454.8176,1019.6264,670656211332600,670656254360256
465.3519,1053.7389,454.8176,1019.6264,670656254541610,670656288909787
472.91788,1062.3633,455.09766,1033.9745,670656289102079,670656321582808
469.29837,1078.7615,465.3519,1053.7389,670656321695985,670656358347548
492.90076,1053.683,469.29837,1053.683,670656358447496,670656389362548
462.01154,1057.1111,465.3519,1053.7389,670656389537339,670656422421871
467.12912,1028.1523,467.12912,1053.683,670656422580985,670656455868225
496.05655,1042.3578,467.12912,1053.683,670656456085516,670656485957131
477.07938,1032.3046,467.12912,1042.3578,670656486145673,670656519499944
444.59186,1016.70593,467.12912,1042.3578,670656519665621,670656553873485
448.75204,1009.18396,467.12912,1032.3046,670656554046350,670656592724371
438.2237,1092.5167,448.75204,1042.3578,670656592918121,670656640970933
481.46542,324.2996,467.12912,1032.3046,670656641063485,670656671730100
637.8818,1104.2834,467.12912,1042.3578,670656671836193,670656707216818
538.6318,883.2862,481.46542,1032.3046,670656707392391,670656740721089
346.68442,1301.4253,467.12912,1042.3578,670656741554423,670656777280881
401.27188,1004.5694,467.12912,1032.3046,670656777462079,670656807650204
303.62466,926.83936,401.27188,1032.3046,670656808645881,670656849146089
364.22678,866.39624,401.27188,1004.5694,670656849305725,670656883205464
363.28336,933.68585,364.22678,933.68585,670656885677964,670656928551506
391.57166,897.743,391.57166,933.68585,670656928730308,670656961634423
432.65073,930.33246,391.57166,933.68585,670656961753329,670656994122235
407.07214,999.1692,391.57166,933.68585,670656994232443,670657026737391
439.12112,964.30206,407.07214,933.68585,670657026898537,670657059845256
439.88092,969.9856,407.07214,964.30206,670657060080464,670657094777391
406.76495,983.0037,407.07214,964.30206,670657094880464,670657141952547
447.18997,1023.6287,407.07214,969.9856,670657142031402,670657177094214
487.22714,993.8747,407.07214,983.0037,670657178625360,670657212705100
494.39807,953.7661,447.18997,969.9856,670657213190725,670657244171454
494.45642,1019.99194,487.22714,983.0037,670657244250620,670657279759214
514.2152,1031.6803,494.39807,983.0037,670657279870412,670657313256141
469.67688,1051.4847,487.22714,1019.99194,670657313371558,670657345631089
487.9815,1033.1128,487.9815,1031.6803,670657346661089,670657383088120
491.38464,1027.0524,487.9815,1027.0524,670657384624110,670657424987079
479.2018,1088.4972,487.9815,1031.6803,670657425183485,670657457666037
493.63586,1045.1714,487.9815,1031.6803,670657457817652,670657492152704
492.72913,1065.1674,487.9815,1045.1714,670657492263849,670657527733068
484.7214,1061.8232,487.9815,1045.1714,670657527842651,670657570921193
499.1535,1088.6481,487.9815,1061.8232,670657571066766,670657609075464
466.44385,1031.4135,487.9815,1045.1714,670657609227339,670657650537235
498.2212,1071.9186,487.9815,1061.8232,670657650613016,670657682864058
507.72534,1061.3623,487.9815,1061.3623,670657682959579,670657716455412
479.65555,1020.6052,487.9815,1061.3623,670657716611401,670657748982703
510.39905,1083.8368,487.9815,1061.3623,670657750616714,670657784128693
485.8177,1006.7739,487.9815,1061.3623,670657784307703,670657819219110
440.7676,959.5756,487.9815,1061.3623,670657819338276,670657853991245
473.9617,1038.1334,485.8177,1038.1334,670657854156870,670657888345776
477.7056,1073.5157,477.7056,1061.3623,670657888455516,670657923378901
473.13718,1063.3398,477.7056,1061.3623,670657923488120,670657957097495
450.3066,1059.1968,477.7056,1061.3623,670657957244318,670657997646766
477.56757,1076.0287,477.56757,1061.3623,670657997832964,670658031004630
473.4268,1018.5284,477.56757,1061.3623,670658031214318,670658065338328
480.5085,1018.2483,477.56757,1061.3623,670658065510099,670658107912026
490.31528,1018.81085,477.56757,1018.81085,670658108030203,670658144304891
474.57968,1039.7504,477.56757,1039.7504,670658144416974,670658178123485
461.7203,1026.7487,477.56757,1026.7487,670658178795151,670658214772755
480.0658,992.5055,477.56757,1026.7487,670658214944891,670658247219735
482.01233,990.7046,477.56757,1026.7487,670658247387287,670658280627391
473.2356,1054.6615,477.56757,1026.7487,670658280802651,670658314059891
491.48935,1038.9891,477.56757,1026.7487,670658314210620,670658347132287
485.6149,964.6548,477.56757,1026.7487,670658348712495,670658383239891
487.0959,925.26654,485.6149,1026.7487,670658383410412,670658417463016
513.6096,953.3137,485.6149,964.6548,670658417552703,670658451189526
492.63144,959.487,487.0959,959.487,670658451307807,670658485058537
483.9996,987.43994,485.6149,964.6548,670658485542130,670658519372391
492.3242,864.0914,487.0959,959.487,670658519552182,670658558566505
470.16125,885.4969,485.6149,959.487,670658558649787,670658594172234
479.83145,862.69696,485.6149,885.4969,670658594309370,670658630672339
467.47552,914.6812,479.83145,914.6812,670658630787547,670658664432130
556.1395,920.98047,485.6149,914.6812,670658664662807,670658699542964
422.50458,981.5823,479.83145,914.6812,670658699731401,670658734101766
500.2816,1079.062,485.6149,920.98047,670658734249005,670658767803276
469.60382,1077.8914,479.83145,981.5823,670658767944214,670658799745568
503.7738,1095.2844,485.6149,1077.8914,670658799927234,670658830810516
516.68805,1113.7717,485.6149,1077.8914,670658830988380,670658862793016
515.5206,1140.591,503.7738,1095.2844,670658862935463,670658895167078
504.22305,1118.4569,504.22305,1113.7717,670658895334943,670658927813068
498.55005,1105.2507,503.7738,1105.2507,670658929646245,670658963053484
501.2507,1097.2295,503.7738,1105.2507,670658963240568,670658998869526
512.8911,1132.0035,503.7738,1105.2507,670658999057338,670659032079318
461.8586,1108.9973,503.7738,1105.2507,670659032252130,670659075954057
414.72226,573.71857,503.7738,1105.2507,670659076743536,670659109010776
693.95355,1164.7256,503.7738,1105.2507,670659109140776,670659140416765
722.7102,1253.9254,503.7738,1105.2507,670659140533068,670659174119630
625.0136,851.44806,625.0136,1105.2507,670659174234005,670659206579213
400.2466,1247.0769,503.7738,1105.2507,670659206735411,670659240829057
321.88995,1116.2072,503.7738,1105.2507,670659241276401,670659276192026
422.7627,917.45337,422.7627,1105.2507,670659277212495,670659312843849
420.09143,927.476,422.7627,1105.2507,670659313025515,670659347680255
394.66278,933.81195,422.7627,933.81195,670659347906036,670659384317599
406.52173,987.26385,420.09143,987.26385,670659385553172,670659421099057
443.55887,993.4846,422.7627,987.26385,670659421209057,670659453709109
460.99667,1033.4587,422.7627,987.26385,670659453858536,670659487697859
438.86215,1029.0615,438.86215,993.4846,670659487849109,670659517907078
433.06,1007.39343,433.06,1007.39343,670659524734422,670659559791817
450.34415,1031.0201,438.86215,1007.39343,670659560093953,670659599422078
421.58554,1058.3201,433.06,1007.39343,670659599528224,670659631640203
427.6459,1110.7281,433.06,1031.0201,670659631781453,670659664135776
423.1823,1051.9551,427.6459,1051.9551,670659664238797,670659698452286
406.47354,984.01526,427.6459,1031.0201,670659698627546,670659733205307
435.5116,1023.0338,427.6459,1031.0201,670659733384786,670659765062026
448.18808,973.51953,427.6459,1023.0338,670659765248432,670659797245046
438.7896,954.8923,435.5116,1023.0338,670659797391921,670659830983119
443.85443,1001.9643,438.7896,1001.9643,670659831139005,670659867900932
409.20468,1044.3313,435.5116,1023.0338,670659868166505,670659902520619
468.7372,961.5602,438.7896,1001.9643,670659902645411,670659935903901
436.81882,965.38556,436.81882,1001.9643,670659935994473,670659966326973
449.2413,974.6851,438.7896,974.6851,670659966446296,670659997304838
454.0612,1099.2969,438.7896,1001.9643,670659997401140,670660030870203
461.1195,1107.0115,449.2413,1001.9643,670660030972755,670660066986348
468.4499,1020.5969,454.0612,1020.5969,670660067091296,670660099758067
471.8296,1002.45514,461.1195,1002.45514,670660099920463,670660131457025
403.8197,1004.35706,454.0612,1004.35706,670660131625203,670660166285411
466.0192,1039.9734,461.1195,1004.35706,670660166483796,670660204356609
430.77258,1017.0955,454.0612,1004.35706,670660204458015,670660263856557
434.69495,958.68353,454.0612,1004.35706,670660263975359,670660301091088
461.0823,984.91974,454.0612,1004.35706,670660301200203,670660332642390
503.8171,987.62976,454.0612,987.62976,670660332829734,670660365736036
487.76654,997.9873,461.0823,997.9873,670660365842911,670660400222859
405.49823,996.8178,454.0612,996.8178,670660400337755,670660432401036
390.16968,1063.7308,454.0612,997.9873,670660432512338,670660465619577
496.6163,679.8982,454.0612,996.8178,670660465735098,670660497709109
767.84656,1330.1833,454.0612,997.9873,670660497886973,670660531206869
713.81647,1506.0676,496.6163,997.9873,670660531340463,670660572386400
570.57825,918.9552,570.57825,997.9873,670660572503171,670660604690671
399.99213,1398.8186,496.6163,997.9873,670660605627025,670660663369421
356.72952,1080.8728,496.6163,997.9873,670660663487390,670660703566244
386.5244,1037.4863,399.99213,1037.4863,670660703659942,670660733906557
381.53876,1037.8741,386.5244,1037.4863,670660735451817,670660769714786
639.8491,634.2929,399.99213,1037.4863,670660769837390,670660804690515
743.8153,1650.3397,399.99213,1037.4863,670660804788692,670660837304734
733.0874,1667.318,639.8491,1037.4863,670660837825150,670660868046661
757.8511,1644.2155,733.0874,1644.2155,670660868155775,670660900074629
728.7238,1575.4845,728.7238,1575.4845,670660900241140,670660935415098
626.6123,687.8771,728.7238,1575.4845,670660935523067,670660978969056
406.86212,1295.4003,728.7238,1575.4845,670660979122234,670661012205358
445.03165,1187.9858,626.6123,1295.4003,670661012388223,670661055065827
371.91855,956.03143,445.03165,1295.4003,670661055220983,670661086843796
394.63705,899.09955,445.03165,1187.9858,670661087184838,670661121200098
380.15646,953.57434,394.63705,956.03143,670661121380202,670661154829733
432.32898,1004.7654,432.32898,1004.7654,670661158126921,670661199917911
423.77545,1012.6415,423.77545,1004.7654,670661200188119,670661235499994
464.87292,1001.09076,432.32898,1004.7654,670661235590410,670661283490046
462.52313,1051.6926,432.32898,1004.7654,670661283601713,670661319994317
405.66147,986.45013,432.32898,1004.7654,670661320199317,670661360274681
433.02896,1021.0531,432.32898,1004.7654,670661360460983,670661393787077
429.8047,1001.38007,432.32898,1004.7654,670661393884838,670661432484994
406.35626,1082.3519,432.32898,1004.7654,670661433430567,670661473331921
435.70563,985.41095,432.32898,1004.7654,670661473457650,670661504404473
437.30725,1026.1189,432.32898,1004.7654,670661504562337,670661535934004
420.00656,946.0589,432.32898,1004.7654,670661537488744,670661573494317
407.97394,953.093,432.32898,1004.7654,670661573596244,670661610714577
426.796,1035.3984,426.796,1004.7654,670661610900723,670661643622546
419.08853,955.1306,426.796,1004.7654,670661643803796,670661678660671
433.12997,890.56824,426.796,1004.7654,670661678823639,670661711351712
447.99747,911.15204,426.796,955.1306,670661711530046,670661741655775
402.4683,939.6052,426.796,939.6052,670661741832546,670661773049473
415.74002,974.48395,426.796,955.1306,670661773242546,670661805699942
445.1246,972.6445,426.796,955.1306,670661805860827,670661839685202
403.6029,1013.3316,426.796,972.6445,670661839831400,670661871350983
353.6941,883.0801,426.796,955.1306,670661871500879,670661907362389
563.792,507.0079,426.796,955.1306,670661907503171,670661939230150
723.7341,1631.9904,426.796,955.1306,670661939401296,670661974154212
741.6286,1666.5012,563.792,955.1306,670661974327858,670662022614681
519.57733,845.9307,519.57733,955.1306,670662022698223,670662054963535
373.4518,1205.0354,519.57733,955.1306,670662056041452,670662087561868
444.17575,1224.2183,519.57733,955.1306,670662088652077,670662120214160
427.40872,1077.7812,444.17575,1077.7812,670662121292441,670662152036556
431.11627,1062.9312,444.17575,1062.9312,670662164087389,670662208622285
418.96982,950.12744,431.11627,1062.9312,670662208765410,670662240475462
481.4616,936.09796,444.17575,1062.9312,670662240652285,670662271844577
462.8499,948.5861,444.17575,950.12744,670662272115723,670662304049212
482.2089,950.2971,462.8499,950.2971,670662304232598,670662338337754
441.70374,895.15125,444.17575,950.12744,670662338501868,670662375045098
456.90765,897.0947,456.90765,950.12744,670662375280618,670662406440254
430.3991,890.83765,444.17575,897.0947,670662406628014,670662442399993
434.32742,937.3595,444.17575,937.3595,670662442584837,670662476405410
415.22617,931.4602,434.32742,931.4602,670662476643743,670662512111816
455.5371,949.8894,444.17575,937.3595,670662512315045,670662547015254
450.58475,936.1079,444.17575,936.1079,670662547099941,670662578694472
450.92035,929.59515,450.58475,936.1079,670662578801764,670662610368900
427.1788,917.13934,444.17575,936.1079,670662610536087,670662643008327
426.79175,921.6297,444.17575,929.59515,670662643239941,670662673348639
454.2581,975.33606,444.17575,936.1079,670662673506400,670662705819525
486.90518,948.4303,444.17575,936.1079,670662705919993,670662741336972
475.0556,1014.2663,454.2581,948.4303,670662741507858,670662775213170
509.77875,1086.1346,475.0556,948.4303,670662775366712,670662809696556
515.7166,1085.147,475.0556,1014.2663,670662809876556,670662840273587
515.3788,1057.4121,509.77875,1057.4121,670662840458691,670662873033691
533.2488,1068.6744,515.3788,1057.4121,670662873219681,670662907044056
485.22272,994.2483,509.77875,1057.4121,670662907188483,670662944687024
477.87698,971.32886,509.77875,1057.4121,670662944904368,670662977428483
452.46115,1005.6085,485.22272,1005.6085,670662977533379,670663015487076
502.4969,992.87494,502.4969,1005.6085,670663015559524,670663049384056
518.8788,1037.0289,502.4969,1005.6085,670663049689368,670663084785306
533.05804,1037.063,502.4969,1005.6085,670663084935201,670663120533847
486.49014,977.7563,502.4969,1005.6085,670663120725826,670663153007962
514.9853,968.3532,502.4969,1005.6085,670663153204056,670663184085306
477.52255,905.9202,502.4969,977.7563,670663184203691,670663215991816
474.7382,967.9403,502.4969,968.3532,670663216805931,670663247913378
516.6114,1029.461,502.4969,977.7563,670663247992128,670663282104472
504.74057,980.40515,502.4969,977.7563,670663282377753,670663314122076
495.4655,988.3372,502.4969,980.40515,670663314208222,670663346896243
500.72922,999.48773,502.4969,980.40515,670663346976972,670663377160045
560.29016,1042.0653,502.4969,988.3372,670663377368378,670663418701451
549.70605,1058.6166,502.4969,999.48773,670663418787545,670663452792910
530.52686,1022.2468,530.52686,1022.2468,670663452941347,670663485803378
491.99747,957.51294,502.4969,999.48773,670663485975930,670663521225149
515.7397,971.9368,515.7397,999.48773,670663521373795,670663554145097
474.57523,966.5116,502.4969,971.9368,670663554244368,670663587753326
497.42206,995.3054,502.4969,995.3054,670663587914680,670663618817232
494.28543,970.6845,497.42206,971.9368,670663618937180,670663654119941
489.22153,994.5575,497.42206,994.5575,670663654212910,670663685981399
504.1701,999.7871,497.42206,994.5575,670663686161243,670663716874524
515.142,971.3661,497.42206,994.5575,670663717071816,670663751149941
500.11765,989.2101,500.11765,994.5575,670663751246295,670663784130982
449.1311,957.5281,497.42206,989.2101,670663786141139,670663830706087
451.48575,960.7913,497.42206,989.2101,670663831105982,670663872966659
468.71454,929.02014,468.71454,960.7913,670663873126034,670663908895826
472.27832,946.0435,472.27832,960.7913,670663909068326,670663939216139
462.0158,967.1505,468.71454,960.7913,670663939399212,670663975755878
486.02545,922.061,472.27832,960.7913,670663975906607,670664017073691
484.9994,967.8948,472.27832,960.7913,670664017203274,670664050833170
504.25137,993.62994,484.9994,960.7913,670664051545930,670664088693691
499.73425,924.7007,484.9994,960.7913,670664088874680,670664122267597
469.7409,937.7239,484.9994,960.7913,670664122436295,670664154337701
460.4994,988.22723,484.9994,960.7913,670664156382180,670664189812493
551.88635,1026.9186,484.9994,960.7913,670664189970514,670664225011659
534.378,1017.1224,484.9994,988.22723,670664225123847,670664258027441
425.89252,1000.00336,484.9994,1000.00336,670664258124003,670664291128534
463.76758,917.1736,484.9994,988.22723,670664291783638,670664336120774
456.34344,927.9477,463.76758,988.22723,670664336214628,670664369730982
495.2037,929.7437,484.9994,929.7437,670664369848170,670664401326399
486.60074,980.37286,484.9994,980.37286,670664401514941,670664435731034
479.23526,997.1323,484.9994,980.37286,670664435839055,670664466597128
471.7057,967.6208,484.9994,980.37286,670664466785201,670664502067649
463.6437,964.6984,479.23526,980.37286,670664502253065,670664539971868
483.9122,1006.8968,483.9122,980.37286,670664540205982,670664574884628
455.4403,965.6357,479.23526,980.37286,670664575037545,670664606019680
490.1473,934.69684,483.9122,980.37286,670664606198899,670664640855253
498.07657,547.18054,483.9122,965.6357,670664640968690,670664672622076
696.76056,1367.5797,490.1473,980.37286,670664672838482,670664702607857
740.1124,1581.1692,498.07657,980.37286,670664702718899,670664735878274
549.1668,892.5336,549.1668,980.37286,670664735986867,670664767499992
560.61053,1091.4988,549.1668,980.37286,670664767601972,670664811144367
452.00555,1171.3436,549.1668,980.37286,670664811259940,670664844317388
462.31503,961.7017,549.1668,980.37286,670664844433742,670664878499107
403.0135,853.84534,462.31503,980.37286,670664879511190,670664912994367
462.87723,866.0305,462.87723,961.7017,670664913116555,670664943914888
493.0755,869.07574,462.87723,869.07574,670664944043899,670664974781451
470.05438,876.4098,462.87723,876.4098,670664974892076,670665008503117
434.25842,951.0705,462.87723,876.4098,670665008621347,670665041515722
442.8017,933.0777,462.87723,876.4098,670665041648274,670665075923065
454.80017,931.81464,454.80017,931.81464,670665076099524,670665107217492
450.33292,997.1708,454.80017,931.81464,670665107404732,670665140345878
430.57068,980.4137,454.80017,931.81464,670665140530096,670665174020409
466.6428,1008.7795,454.80017,980.4137,670665174139367,670665206826815
442.1343,955.0844,454.80017,955.0844,670665206938638,670665239520617
473.26718,990.8181,454.80017,980.4137,670665239691867,670665272626242
471.27927,969.709,454.80017,969.709,670665272822232,670665311044159
473.8622,998.7415,471.27927,980.4137,670665311820201,670665346937284
477.87656,987.8719,471.27927,980.4137,670665347041815,670665378819471
438.07846,968.15784,471.27927,980.4137,670665379004315,670665414026242
460.58438,1008.1152,471.27927,980.4137,670665414169419,670665449215930
470.39127,993.69196,470.39127,980.4137,670665449411919,670665484361919
495.50113,980.4478,471.27927,980.4478,670665484471294,670665524976867
475.5438,989.9296,471.27927,980.4478,670665525766607,670665560952544
443.6228,988.721,471.27927,980.4478,670665561072232,670665599070044
436.0445,1010.54987,471.27927,988.721,670665599247284,670665634257648
455.85025,1029.9113,455.85025,988.721,670665634368690,670665668947440
475.6439,988.01105,471.27927,988.721,670665669115409,670665701885513
432.31158,1027.6467,455.85025,988.721,670665702051086,670665736682180
467.06726,1008.7411,467.06726,988.721,670665736868482,670665785981503
512.87054,1035.0869,467.06726,1008.7411,670665786082388,670665818227388
480.47385,1002.78937,467.06726,1002.78937,670665818409107,670665853334419
489.5599,989.48,480.47385,1002.78937,670665853504732,670665885101346
508.25644,975.05646,480.47385,1002.78937,670665886454732,670665921596242
500.0893,1026.3976,489.5599,1002.78937,670665921694107,670665953127180
507.045,1008.6231,500.0893,1002.78937,670665953210721,670665986278742
468.3192,929.48376,489.5599,1002.78937,670665986368065,670666022065877
482.95914,993.51,489.5599,1002.78937,670666022229940,670666057618013
498.2333,970.1351,489.5599,993.51,670666058591242,670666097585617
500.43298,1103.5066,489.5599,1002.78937,670666097663742,670666131699627
462.75424,1070.8279,489.5599,1002.78937,670666131804679,670666163219627
522.58405,1015.70087,489.5599,1015.70087,670666163376711,670666196105200
446.61606,1059.1023,489.5599,1015.70087,670666196246763,670666234584419
495.3082,978.6455,489.5599,1015.70087,670666234680252,670666287735981
457.68918,1034.8098,489.5599,1015.70087,670666287822284,670666320247023
453.15485,966.15894,489.5599,1015.70087,670666322202961,670666354773325
483.86774,984.831,483.86774,1015.70087,670666354870356,670666389308117
461.1104,1032.2119,483.86774,1015.70087,670666389394888,670666425241554
458.3765,1082.0537,483.86774,1015.70087,670666425659054,670666470500929
479.51123,975.7336,479.51123,1015.70087,670666470601346,670666502239211
467.4875,976.9427,479.51123,1015.70087,670666502437596,670666537001971
474.92365,1028.962,479.51123,1015.70087,670666537108429,670666570059158
424.99155,1022.18787,474.92365,1015.70087,670666570219836,670666603250356
470.79416,1083.5175,474.92365,1022.18787,670666603442908,670666637538794
437.95798,1047.2329,470.79416,1022.18787,670666637715252,670666670897023
474.17014,1100.1088,474.17014,1047.2329,670666671038013,670666702970148
475.5341,1032.4801,474.17014,1032.4801,670666703087648,670666734242023
464.6298,1033.7838,474.17014,1033.7838,670666734353638,670666772079523
494.02582,969.9356,474.17014,1032.4801,670666772197856,670666806289523
477.18588,1045.5792,474.17014,1033.7838,670666806385200,670666842627388
473.80322,941.82697,474.17014,1032.4801,670666842812075,670666874924471
488.49066,979.2542,474.17014,1032.4801,670666875014888,670666905950200
463.35883,947.6929,474.17014,979.2542,670666906059679,670666938939367
442.0601,941.4209,474.17014,979.2542,670666939044783,670666972332596
493.76932,994.3994,474.17014,979.2542,670666972441398,670667003921658
498.07535,941.3746,474.17014,979.2542,670667004062127,670667036066242
424.1194,822.4845,474.17014,979.2542,670667036242127,670667069500148
548.8069,335.10025,474.17014,941.3746,670667069695044,670667102250617
750.11346,1318.2883,474.17014,979.2542,670667102423064,670667135525200
642.38104,994.78595,548.8069,979.2542,670667135635981,670667166794262
458.8206,937.3114,474.17014,979.2542,670667166927387,670667200229887
455.57394,1210.8784,474.17014,979.2542,670667200425304,670667233754314
447.1821,1043.987,458.8206,979.2542,670667233942283,670667275942127
446.3827,953.4446,455.57394,979.2542,670667276127179,670667309994835
429.07812,902.05444,447.1821,979.2542,670667310172700,670667343682960
453.88367,892.93365,453.88367,953.4446,670667343860096,670667375793064
444.92697,907.305,447.1821,907.305,670667375955929,670667408392596
408.0592,838.23663,447.1821,907.305,670667409248794,670667440503116
411.6145,898.5385,444.92697,907.305,670667440664210,670667470092491
452.87122,857.7657,447.1821,898.5385,670667470208950,670667507012023
440.67776,873.84814,444.92697,898.5385,670667507898533,670667547044262
440.4817,886.6681,444.92697,886.6681,670667547200148,670667580366502
430.7842,921.9277,440.67776,898.5385,670667580500200,670667615127491
427.8101,874.8369,440.4817,886.6681,670667615333533,670667649078116
431.20618,980.5845,431.20618,898.5385,670667649258793,670667681466762
412.44714,869.19666,431.20618,886.6681,670667681564627,670667719281971
433.40234,889.1063,431.20618,889.1063,670667719372075,670667756954262
560.3585,476.66122,431.20618,886.6681,670667757054991,670667793855252
757.52136,1435.3981,433.40234,889.1063,670667795056085,670667826537543
789.89886,1355.9237,560.3585,889.1063,670667826682283,670667864560356
534.92926,882.1388,534.92926,889.1063,670667864647075,670667898264679
484.23846,1056.3561,534.92926,889.1063,670667898426241,670667931640825
405.00137,1033.6799,534.92926,889.1063,670667931830356,670667965548168
434.32715,891.5239,484.23846,891.5239,670667965659575,670667998071866
451.75757,847.0976,451.75757,889.1063,670667998249262,670668030917752
440.91626,862.44727,451.75757,889.1063,670668031023377,670668063644991
775.1336,888.56915,451.75757,888.56915,670668063748012,670668096343689
703.51495,1568.3518,451.75757,889.1063,670668096459002,670668131444106
684.58234,1619.2546,684.58234,889.1063,670668131544470,670668165878533
561.7878,733.7002,561.7878,889.1063,670668166042647,670668203312127
474.1001,1249.754,561.7878,889.1063,670668203427074,670668243361345
423.93558,1188.3557,561.7878,889.1063,670668243465408,670668275182231
406.1413,1018.3438,474.1001,1018.3438,670668275317543,670668306126502
461.68866,903.9154,461.68866,903.9154,670668306306658,670668339799627
392.7417,877.4016,461.68866,903.9154,670668339994939,670668371919574
473.35663,914.9436,461.68866,903.9154,670668372126137,670668405137022
494.71976,977.5713,461.68866,903.9154,670668405321137,670668435833220
416.48843,992.55383,461.68866,914.9436,670668435928533,670668473649783
442.2446,1046.7532,461.68866,977.5713,670668473842751,670668505957595
443.0699,1013.50195,443.0699,992.55383,670668506126397,670668538187960
437.81335,909.53485,443.0699,977.5713,670668538363012,670668576565460
450.04575,993.1532,443.0699,992.55383,670668576737126,670668612715251
506.6217,1048.3334,443.0699,992.55383,670668612803429,670668643706606
525.7199,1013.46686,450.04575,993.1532,670668643861241,670668685487751
463.90222,966.02246,463.90222,992.55383,670668685570408,670668720168585
498.2296,926.60767,463.90222,992.55383,670668720294835,670668752250668
507.7717,967.11743,463.90222,967.11743,670668752341658,670668783519626
483.63873,934.5972,483.63873,967.11743,670668783605928,670668814929001
466.67,928.6908,466.67,967.11743,670668818720668,670668849055043
504.21777,964.7763,483.63873,964.7763,670668849152855,670668880364783
471.84338,920.70844,471.84338,964.7763,670668882882491,670668914586033
471.81122,937.31836,471.84338,964.7763,670668918326241,670668959628012
490.43637,942.1457,471.84338,942.1457,670668959782699,670668995802803
473.42303,961.9852,471.84338,961.9852,670668995904939,670669032125980
475.01318,975.953,473.42303,961.9852,670669032301762,670669064640668
445.71918,1002.0132,471.84338,961.9852,670669064783793,670669101257282
449.36432,981.4242,471.84338,975.953,670669101413793,670669134264157
482.83215,970.6502,471.84338,970.6502,670669134374574,670669166688324
530.08734,1052.2933,471.84338,975.953,670669166826501,670669202778064
455.06406,1006.0997,471.84338,975.953,670669202878897,670669234857595
482.1698,955.2548,471.84338,975.953,670669234971657,670669268720616
467.48047,922.1619,471.84338,975.953,670669269287803,670669300506345
522.1223,996.6878,471.84338,975.953,670669300614991,670669345279157
471.94357,939.1737,471.84338,975.953,670669345447282,670669376369366
481.61972,1086.3077,471.94357,975.953,670669376477647,670669410346866
482.62836,1055.8273,471.94357,975.953,670669410454678,670669441547387
467.05212,971.79004,471.94357,975.953,670669441719314,670669474836657
483.1885,596.5076,471.94357,975.953,670669474995616,670669507558845
748.65717,1247.886,471.94357,975.953,670669507687751,670669541310668
745.63477,1613.8959,483.1885,975.953,670669541478532,670669573336293
555.2727,720.064,555.2727,975.953,670669573488793,670669609444782
522.29333,1204.6932,522.29333,975.953,670669609625147,670669654392074
404.2678,1099.1085,522.29333,975.953,670669654479105,670669686436709
394.1186,933.44324,522.29333,975.953,670669688349730,670669724673584
425.15744,870.2478,425.15744,975.953,670669724827230,670669761180824
480.12445,822.6126,480.12445,933.44324,670669761366241,670669794905043
490.2216,876.4521,480.12445,876.4521,670669795018324,670669830730459
463.92554,912.5994,480.12445,912.5994,670669830905199,670669865109053
435.74008,928.30975,480.12445,912.5994,670669865216605,670669899583949
474.73303,927.0953,474.73303,912.5994,670669899694105,670669958547647
462.65067,870.27673,474.73303,912.5994,670669958670615,670669993006813
466.22696,939.75244,474.73303,912.5994,670669993118011,670670027898324
442.49417,899.1437,466.22696,912.5994,670670028047855,670670061078272
391.52524,797.64124,466.22696,912.5994,670670061282126,670670094052803
603.2835,643.2919,466.22696,899.1437,670670094134261,670670126713480
766.3255,1349.9283,466.22696,912.5994,670670126828168,670670158745199
745.5363,1369.8375,603.2835,912.5994,670670158924522,670670194760667
683.18256,1281.1752,683.18256,1281.1752,670670194864470,670670229638011
470.45135,845.0566,603.2835,912.5994,670670229731032,670670263736136
388.94666,1130.015,603.2835,1130.015,670670263848897,670670296824105
392.636,1020.96014,470.45135,1020.96014,670670296929261,670670331856084
438.35214,886.4727,438.35214,1020.96014,670670331964053,670670390505094
500.05493,896.1748,470.45135,1020.96014,670670390603792,670670423806344
506.34766,881.91486,470.45135,896.1748,670670423978324,670670460147647
509.31122,915.9925,500.05493,915.9925,670670460321657,670670497988167
440.8392,844.7389,470.45135,896.1748,670670498094209,670670531740407
444.01328,918.0167,470.45135,915.9925,670670531853844,670670580798376
458.16147,956.62134,458.16147,915.9925,670670580891136,670670616123167
426.0213,905.7822,458.16147,915.9925,670670616218271,670670650420459
432.408,912.4642,458.16147,915.9925,670670651946761,670670690868167
457.05484,872.7236,457.05484,912.4642,670670691022282,670670728344209
442.79556,915.3231,457.05484,915.3231,670670728444782,670670760422438
456.4431,904.67676,457.05484,912.4642,670670760604990,670670792555094
438.97034,860.5539,456.4431,912.4642,670670792724626,670670825798219
481.049,912.0359,457.05484,912.0359,670670825954053,670670858379834
484.24295,926.78375,457.05484,912.4642,670670858534730,670670891787698
459.712,940.3315,459.712,912.4642,670670891942282,670670925440303
420.8375,909.8838,457.05484,912.4642,670670925581136,670670959991448
475.23056,938.51086,459.712,912.4642,670670960204834,670670994156344
430.8878,791.821,457.05484,912.4642,670670994257230,670671029346188
454.51816,810.7813,457.05484,912.4642,670671029489261,670671070657594
465.1485,980.9889,457.05484,912.4642,670671070832178,670671100758532
410.22647,631.95325,457.05484,912.4642,670671100943219,670671134038011
689.34735,948.40704,457.05484,912.4642,670671134217490,670671166057021
685.4754,1328.5658,457.05484,912.4642,670671166179261,670671199300355
687.04083,1457.1938,685.4754,948.40704,670671199752282,670671233631136
691.70483,1542.5905,685.4754,1328.5658,670671233807230,670671264314209
681.6287,923.5687,685.4754,948.40704,670671264649261,670671297744730
442.1643,805.32196,685.4754,948.40704,670671297857959,670671332915042
433.25192,1125.4329,681.6287,948.40704,670671333081969,670671365711605
341.0509,1067.7035,442.1643,948.40704,670671365876344,670671406380667
329.7606,885.1474,433.25192,948.40704,670671406541761,670671438902334
356.69373,869.96277,356.69373,948.40704,670671439071552,670671471042177
390.1514,899.7754,390.1514,899.7754,670671471140979,670671503481761
379.02728,956.3884,379.02728,948.40704,670671503564729,670671535635615
405.15955,861.24164,390.1514,899.7754,670671535736448,670671569624938
431.9167,914.28436,390.1514,914.28436,670671569744261,670671603094157
395.51276,915.49927,395.51276,914.28436,670671603266709,670671648448167
436.67395,926.98206,395.51276,914.28436,670671648691344,670671684707490
422.74033,922.86444,395.51276,915.49927,670671684804782,670671718448063
477.41104,901.41754,422.74033,914.28436,670671719637021,670671755092229
470.93286,842.9675,422.74033,914.28436,670671755239886,670671791864573
407.57657,867.6883,422.74033,901.41754,670671792078063,670671826255094
466.5198,910.8313,422.74033,910.8313,670671826367490,670671861135250
442.26358,900.726,422.74033,901.41754,670671862136448,670671895659313
450.00418,927.69904,442.26358,910.8313,670671895768636,670671927952490
434.3246,918.5079,434.3246,910.8313,670671928099886,670671960914573
420.85327,899.66583,434.3246,910.8313,670671961023427,670671999800198
412.0791,905.51135,434.3246,910.8313,670672000169677,670672034123115
440.60257,915.5539,434.3246,910.8313,670672034265979,670672070020823
448.21063,983.4788,434.3246,910.8313,670672070189625,670672101597229
469.9294,921.8541,440.60257,915.5539,670672101719417,670672143784469
476.95923,917.1211,448.21063,917.1211,670672143866396,670672174971031
455.5369,930.3674,455.5369,917.1211,670672175177958,670672211552594
471.9703,955.43774,455.5369,917.1211,670672211641500,670672245588219
487.83862,937.9481,455.5369,930.3674,670672255256865,670672292821135
492.86237,1010.8286,471.9703,937.9481,670672293003375,670672326433427
488.84433,967.1391,487.83862,937.9481,670672345327906,670672390182125
471.13327,977.2171,471.9703,967.1391,670672390351292,670672423172854
490.34964,1001.0158,487.83862,967.1391,670672423317125,670672455402854
436.30194,947.3079,471.9703,967.1391,670672455560875,670672487646344
555.22644,476.89005,487.83862,967.1391,670672487769990,670672519492542
683.97284,1333.17,487.83862,967.1391,670672519656604,670672552646656
728.3622,1463.3286,555.22644,967.1391,670672552799729,670672586186760
579.2125,729.9936,579.2125,967.1391,670672586374000,670672623256760
506.8775,1176.043,555.22644,967.1391,670672623409625,670672665352802
498.56082,1135.7477,555.22644,967.1391,670672665460614,670672702765667
395.5068,870.33655,506.8775,967.1391,670672702938323,670672736397750
383.99207,853.0439,498.56082,967.1391,670672736557958,670672766582854
472.37164,923.0765,472.37164,923.0765,670672766699781,670672797092385
490.3736,875.35535,490.3736,923.0765,670672797274781,670672828423010
484.95956,899.55,484.95956,923.0765,670672828572333,670672860529833
452.70642,871.1081,484.95956,899.55,670672860712958,670672918439937
475.0137,909.8522,484.95956,909.8522,670672918535562,670672950669521
506.53552,892.96655,484.95956,899.55,670672950824677,670672983073844
480.71603,916.556,484.95956,909.8522,670672984173635,670673016420458
477.63828,910.4385,484.95956,909.8522,670673016594260,670673052075198
431.35623,897.2245,480.71603,909.8522,670673052231031,670673084162073
422.15875,934.20245,477.63828,909.8522,670673084348323,670673116909104
436.24457,910.26526,436.24457,909.8522,670673117062541,670673151833166
433.2786,910.40173,436.24457,910.26526,670673151939781,670673188487593
442.34818,933.2632,436.24457,910.26526,670673188592750,670673223351395
449.7628,922.0271,436.24457,910.40173,670673223461395,670673259365614
467.86835,974.01843,442.34818,922.0271,670673259459104,670673296118948
466.79865,918.04144,449.7628,918.04144,670673296313375,670673326730614
447.3197,914.57336,447.3197,918.04144,670673326878843,670673358031812
468.42752,941.36505,449.7628,918.04144,670673358133062,670673391859156
461.86197,930.84235,449.7628,918.04144,670673391968948,670673425511812
442.89474,937.287,449.7628,930.84235,670673425611968,670673460569885
481.03207,1012.3687,449.7628,930.84235,670673460670406,670673491735510
458.1191,979.51,449.7628,937.287,670673491869364,670673525821552
477.3103,1010.62445,458.1191,979.51,670673526759156,670673560859156
461.902,1016.83966,458.1191,979.51,670673561042437,670673592757489
456.04254,981.0842,458.1191,981.0842,670673592888218,670673630948427
441.0477,907.94403,458.1191,979.51,670673631128427,670673668311499
453.71115,923.99634,456.04254,979.51,670673668438479,670673704323687
468.32782,954.6702,458.1191,954.6702,670673704402229,670673736251864
407.00198,992.5151,456.04254,979.51,670673736365041,670673767656968
572.23645,548.499,458.1191,954.6702,670673767835770,670673797675249
703.48413,1322.2804,458.1191,979.51,670673797828583,670673832418635
716.36005,1234.9698,572.23645,979.51,670673832596760,670673862759156
466.6925,589.0757,466.6925,979.51,670673862938374,670673894895406
521.6815,1287.1788,521.6815,979.51,670673895062697,670673928813010
432.12213,954.1607,466.6925,979.51,670673929011343,670673966021968
389.2709,907.02405,466.6925,979.51,670673966210926,670674001001135
421.15204,917.04785,432.12213,954.1607,670674001166291,670674031953322
475.14587,904.9899,466.6925,917.04785,670674032226083,670674061949520
450.7614,881.41754,450.7614,917.04785,670674062141343,670674093927541
475.82278,863.4459,466.6925,904.9899,670674094072853,670674129324312
448.5996,862.30664,450.7614,881.41754,670674129418739,670674166432228
451.2742,931.6737,451.2742,904.9899,670674166591708,670674196935041
484.56937,906.6984,451.2742,904.9899,670674197093999,670674230912958
482.94293,939.24445,451.2742,906.6984,670674231092437,670674262501968
488.9386,907.25165,482.94293,906.6984,670674262696135,670674297374989
486.53214,953.2887,482.94293,907.25165,670674297611187,670674328329520
472.10248,995.2015,482.94293,907.25165,670674328493947,670674372771551
465.2296,938.1215,482.94293,938.1215,670674372863947,670674411476603
470.18488,894.27325,472.10248,907.25165,670674411553843,670674452692489
476.95312,945.49524,476.95312,938.1215,670674453087176,670674488391812
437.45676,937.72906,472.10248,937.72906,670674488510926,670674522472905
508.8715,947.6243,476.95312,938.1215,670674522561968,670674559208791
482.75507,932.746,476.95312,937.72906,670674559393270,670674599098218
492.22217,936.16205,482.75507,937.72906,670674599186916,670674635289728
503.4495,973.71,482.75507,937.72906,670674635393218,670674667783582
476.5453,947.02997,482.75507,937.72906,670674667957749,670674711873270
514.87756,904.3212,482.75507,937.72906,670674711948895,670674743372645
427.6648,926.5012,482.75507,937.72906,670674743523947,670674773191030
504.49637,993.9159,482.75507,937.72906,670674774649155,670674814327176
472.78836,931.0752,482.75507,937.72906,670674815195197,670674849542697
435.65887,907.5009,482.75507,937.72906,670674849626812,670674884483114
497.72128,925.1361,482.75507,931.0752,670674884642489,670674921139312
441.41788,864.117,482.75507,925.1361,670674921234832,670674959830041
472.92343,888.7183,482.75507,925.1361,670674960181707,670674992958843
465.6504,906.42035,472.92343,906.42035,670674993049936,670675026856291
435.8389,933.29224,472.92343,925.1361,670675027047124,670675059226239
429.85498,936.9023,465.6504,925.1361,670675059397384,670675115613634
459.8397,962.6926,459.8397,933.29224,670675115716916,670675153784311
439.70007,925.3232,459.8397,925.3232,670675153866759,670675186704051
472.46252,886.10565,459.8397,925.3232,670675186807697,670675223267228
500.45593,880.90735,459.8397,925.3232,670675223380613,670675261220822
510.19952,945.77155,472.46252,925.3232,670675261322384,670675291248738
497.675,964.9493,497.675,925.3232,670675291431395,670675326792749
477.62994,968.0299,477.62994,945.77155,670675326967228,670675362146707
496.05988,955.7866,496.05988,955.7866,670675362351238,670675394624416
494.99136,966.31195,494.99136,955.7866,670675394783374,670675426267488
489.88586,943.5822,494.99136,955.7866,670675426460978,670675467584051
594.24664,351.70914,494.99136,955.7866,670675467716655,670675499230249
699.21246,1140.0819,494.99136,955.7866,670675499340613,670675533530665
598.02203,788.66547,594.24664,955.7866,670675533700926,670675566433165
526.4487,1210.1259,526.4487,955.7866,670675566593426,670675599289676
477.02115,1174.7426,526.4487,955.7866,670675599400718,670675632752384
418.64304,977.0358,526.4487,977.0358,670675632857436,670675666861499
440.87558,946.22736,477.02115,955.7866,670675667695092,670675699893947
484.47162,914.26483,484.47162,955.7866,670675700082280,670675733819832
445.6858,889.4558,477.02115,946.22736,670675733918582,670675764683165
473.7449,889.01794,477.02115,914.26483,670675764848686,670675799871134
468.9239,982.78955,473.7449,946.22736,670675800377540,670675831161551
472.99124,877.6917,473.7449,914.26483,670675831346655,670675862728738
465.45184,908.79193,472.99124,914.26483,670675862880717,670675894741238
469.2315,899.01166,472.99124,908.79193,670675894920926,670675928043217
474.34283,934.05695,472.99124,914.26483,670675928194155,670675962098686
433.4196,912.3928,472.99124,912.3928,670675962260874,670675998952228
462.98032,905.97437,472.99124,912.3928,670675999095249,670676031393582
470.68137,894.3662,470.68137,912.3928,670676031566551,670676064986134
418.77182,918.32404,470.68137,912.3928,670676065095092,670676101465874
482.6236,615.7294,470.68137,912.3928,670676101575196,670676139467228
715.06195,1252.5126,470.68137,912.3928,670676139593790,670676175174676
743.7508,1549.1082,482.6236,912.3928,670676175311238,670676207413999
644.24554,830.35815,644.24554,912.3928,670676207830457,670676241237176
494.97565,995.2388,494.97565,912.3928,670676242763321,670676274394051
463.03644,1211.0863,494.97565,912.3928,670676275980873,670676318060509
399.16473,1039.7144,494.97565,995.2388,670676318149311,670676352569832
422.86826,959.1054,463.03644,959.1054,670676352740717,670676386485144
435.27682,924.9264,435.27682,959.1054,670676386632957,670676419780978
462.9112,905.94543,462.9112,959.1054,670676419958998,670676453368790
436.72574,866.337,436.72574,924.9264,670676453526551,670676486418946
445.23273,901.1197,445.23273,905.94543,670676486527592,670676518601811
482.42688,897.6254,445.23273,901.1197,670676518882280,670676552408217
447.84604,878.7146,445.23273,901.1197,670676552589415,670676597436759
446.70602,890.2999,446.70602,897.6254,670676597550457,670676631718009
461.6571,879.8366,446.70602,890.2999,670676631903790,670676663901759
442.29373,866.8883,446.70602,890.2999,670676664117800,670676696261134
462.31757,925.0577,446.70602,890.2999,670676696364988,670676727477175
476.97787,899.0941,446.70602,890.2999,670676727658686,670676763910873
481.99713,910.2664,462.31757,899.0941,670676764090405,670676796079727
464.68198,860.495,464.68198,890.2999,670676796236915,670676826656446
408.63248,837.809,462.31757,890.2999,670676826852227,670676859248477
455.68723,958.99994,462.31757,890.2999,670676859412436,670676896745092
487.3964,984.82294,462.31757,890.2999,670676896938061,670676929367540
445.83487,900.4238,462.31757,900.4238,670676929460873,670676960051863
466.67337,921.73883,462.31757,900.4238,670676960167592,670676990730977
474.60553,920.7637,462.31757,900.4238,670676990830925,670677024784779
454.40088,908.75757,462.31757,908.75757,670677024987800,670677059326863
495.92252,890.5931,462.31757,900.4238,670677059425873,670677090741082
461.6048,929.7047,462.31757,908.75757,670677090845821,670677123355092
467.87186,904.61707,462.31757,904.61707,670677123545144,670677160506186
403.39185,951.2555,462.31757,908.75757,670677160692488,670677194648998
420.1827,988.86066,462.31757,908.75757,670677194821811,670677228539206
434.80707,955.7587,434.80707,951.2555,670677228701759,670677260890144
479.93555,960.2791,462.31757,955.7587,670677261075769,670677294780300
440.85074,975.0552,440.85074,955.7587,670677294948894,670677325542956
476.73892,939.58856,462.31757,955.7587,670677325730248,670677358253686
473.81558,1027.5024,462.31757,955.7587,670677358441811,670677387984415
483.14545,1055.3768,473.81558,955.7587,670677388271863,670677423068581
464.5721,995.0973,464.5721,995.0973,670677423248738,670677455575508
460.38065,1003.2226,464.5721,995.0973,670677455672436,670677487166811
500.19598,1059.346,464.5721,995.0973,670677489345717,670677524442592
416.65726,1027.9976,464.5721,1003.2226,670677524543842,670677557650821
447.9971,985.81256,464.5721,995.0973,670677557832175,670677589863060
463.42578,993.0225,463.42578,995.0973,670677590050717,670677622471185
472.11142,988.85266,464.5721,993.0225,670677622610456,670677655123685
451.4787,1003.9984,463.42578,995.0973,670677655303060,670677690189623
445.954,943.3165,463.42578,993.0225,670677690371185,670677729439831
428.52817,1012.7526,451.4787,995.0973,670677729573842,670677762082227
470.1211,965.78,463.42578,993.0225,670677762258633,670677799398269
473.54684,903.8352,463.42578,993.0225,670677799635821,670677832323529
450.57047,974.06586,463.42578,974.06586,670677832416394,670677872505456
462.00922,939.219,463.42578,974.06586,670677872584831,670677910882956
461.40338,938.3013,462.00922,974.06586,670677911073269,670677949244258
458.3858,889.65063,462.00922,939.219,670677949348373,670677982905977
427.50302,933.1203,461.40338,938.3013,670677983043060,670678019373894
454.71808,891.1474,458.3858,933.1203,670678019479727,670678054435196
476.91397,851.0981,461.40338,933.1203,670678054604779,670678087373008
439.95953,906.8555,458.3858,906.8555,670678087532123,670678121734727
429.59808,885.413,458.3858,906.8555,670678121914779,670678156997331
439.32736,915.4097,439.95953,906.8555,670678157183477,670678191494831
450.10712,923.8652,450.10712,906.8555,670678191674362,670678224339102
503.59412,954.84094,450.10712,915.4097,670678224509987,670678256172123
502.14883,913.18896,450.10712,913.18896,670678256286966,670678288865716
464.8576,933.18823,464.8576,915.4097,670678288969623,670678320526602
475.19778,912.2423,464.8576,913.18896,670678320679935,670678359258685
486.51422,895.74023,464.8576,913.18896,670678359370664,670678392084050
415.9098,956.87,464.8576,913.18896,670678392232591,670678423045716
435.0131,950.0883,464.8576,913.18896,670678423234519,670678465579623
452.07962,949.357,452.07962,949.357,670678466735977,670678501364154
505.81772,974.0597,464.8576,949.357,670678501444675,670678534822591
445.5676,915.7193,452.07962,949.357,670678535035300,670678571533268
503.06213,948.059,464.8576,949.357,670678571726602,670678603002383
420.085,862.7832,452.07962,948.059,670678603160352,670678634710091
470.90338,864.7439,464.8576,948.059,670678634913998,670678665836393
429.60654,906.822,452.07962,906.822,670678666020143,670678705334362
441.60648,885.4353,452.07962,906.822,670678705459727,670678737409935
467.32562,926.56226,452.07962,906.822,670678738328893,670678770131914
448.29294,901.63525,452.07962,906.822,670678771011602,670678804502487
445.61664,910.99164,452.07962,906.822,670678807746237,670678842840664
491.14865,917.1341,452.07962,906.822,670678844962018,670678882335195
496.31488,928.4604,452.07962,910.99164,670678883276081,670678917630925
523.63074,943.2468,491.14865,917.1341,670678917780508,670678962908737
510.65506,912.91736,496.31488,912.91736,670678963262800,670678995828164
501.18015,912.2829,501.18015,912.91736,670678995915300,670679028267331
458.9171,898.3251,496.31488,912.91736,670679028366914,670679058695664
444.52487,879.34955,496.31488,912.2829,670679058866185,670679090460456
474.166,881.43176,474.166,898.3251,670679090652331,670679122156758
435.45364,877.5173,474.166,881.43176,670679122316133,670679154294206
412.3775,888.6122,474.166,888.6122,670679154464935,670679187844310
366.1398,703.06726,435.45364,881.43176,670679187994935,670679223805508
709.31134,902.85724,474.166,888.6122,670679223990247,670679257672487
725.0351,1469.0332,474.166,888.6122,670679257855872,670679288566706
748.4234,1435.5225,709.31134,902.85724,670679288723216,670679321522331
639.9425,737.4486,639.9425,888.6122,670679321693581,670679358429049
503.58426,1065.0024,639.9425,902.85724,670679358581029,670679391297070
374.39902,1150.0269,639.9425,902.85724,670679391414362,670679423829570
404.3131,1005.00146,503.58426,1005.00146,670679424048685,670679460647591
413.55524,1012.2963,413.55524,1005.00146,670679461745039,670679495655039
413.24854,994.11383,413.55524,1005.00146,670679495776862,670679533508268
427.71487,983.90875,413.55524,1005.00146,670679535858320,670679567845091
405.39297,962.04846,413.55524,994.11383,670679568122851,670679602011081
428.12424,960.75116,413.55524,983.90875,670679602107591,670679631439622
415.03586,873.8339,413.55524,962.04846,670679631617070,670679666304778
430.3348,949.01135,415.03586,960.75116,670679666382122,670679696079414
378.83942,989.62714,413.55524,962.04846,670679696537383,670679728112070
421.68768,936.05,415.03586,960.75116,670679728223737,670679758740976
408.92715,989.65894,413.55524,962.04846,670679759153633,670679792802070
451.67914,981.6168,415.03586,962.04846,670679792949362,670679823772591
464.27036,932.34845,415.03586,962.04846,670679823886080,670679856735143
443.16724,946.30896,443.16724,962.04846,670679856910143,670679891217591
448.04242,960.25586,443.16724,960.25586,670679891333789,670679928318372
435.262,932.71515,443.16724,960.25586,670679928436966,670679969860716
444.57758,1022.92365,443.16724,960.25586,670679969967747,670680002803476
452.9856,978.2346,443.16724,960.25586,670680002959830,670680035652278
448.8266,947.3631,444.57758,960.25586,670680035828424,670680070890560
472.1993,951.7834,448.8266,960.25586,670680071080247,670680104907174
457.7563,898.2254,448.8266,951.7834,670680105084726,670680140406914
448.10257,874.1592,448.8266,951.7834,670680140486705,670680179102018
469.98593,919.7834,448.8266,919.7834,670680179894830,670680211699570
486.02075,925.68677,448.8266,925.68677,670680212761601,670680248943112
491.25848,918.91565,469.98593,919.7834,670680249122539,670680283100455
501.05255,954.10016,486.02075,925.68677,670680283232747,670680318150403
488.50305,943.0642,488.50305,925.68677,670680318291080,670680351163893
468.35776,957.4339,486.02075,943.0642,670680351250612,670680391768007
458.7792,895.6252,486.02075,925.68677,670680391906028,670680427634466
496.071,915.2814,486.02075,925.68677,670680427731705,670680461815455
449.0745,914.1962,486.02075,915.2814,670680461999153,670680491953841
459.8243,947.6926,486.02075,925.68677,670680492089049,670680550850664
435.69077,922.8654,459.8243,922.8654,670680550969153,670680582963476
429.5402,957.0675,459.8243,925.68677,670680583135403,670680620180716
454.4583,934.1742,454.4583,925.68677,670680620281028,670680660057434
440.5844,903.3807,454.4583,925.68677,670680661024101,670680692807851
475.8819,979.8087,454.4583,925.68677,670680693710038,670680729272278
472.83652,947.7566,454.4583,925.68677,670680729446184,670680763473736
462.42978,960.79517,462.42978,947.7566,670680763617538,670680801026861
445.05322,932.9933,454.4583,932.9933,670680801119309,670680830691184
463.74127,926.09875,462.42978,932.9933,670680830786132,670680861628528
420.72653,949.5248,454.4583,932.9933,670680861815351,670680893712643
481.68716,913.83685,462.42978,932.9933,670680893865507,670680928277330
459.90692,949.8615,459.90692,932.9933,670680928369413,670680958894570
471.90933,944.0098,462.42978,932.9933,670680959015872,670680992083111
408.91656,1008.08417,459.90692,944.0098,670680993100403,670681023559205
456.53442,996.5242,459.90692,944.0098,670681023676340,670681056835299
442.09332,1067.2825,456.53442,996.5242,670681056932799,670681089827538
476.20663,1048.4215,459.90692,996.5242,670681089935299,670681125731132
456.8284,1060.3776,456.8284,1048.4215,670681125822903,670681165425351
411.5587,979.7659,456.8284,996.5242,670681165599205,670681198733736
484.173,972.0786,456.8284,996.5242,670681198840403,670681230270820
484.79697,932.6739,456.8284,979.7659,670681230369726,670681263967174
519.9034,905.9879,484.173,972.0786,670681264134934,670681295790820
506.63135,895.0692,484.79697,932.6739,670681295921132,670681327267747
528.0424,926.8227,506.63135,926.8227,670681327430924,670681364978528
535.8669,935.8584,506.63135,932.6739,670681365060403,670681396977642
519.3442,877.51984,519.3442,926.8227,670681397152434,670681429660611
489.34042,900.61145,506.63135,926.8227,670681429845976,670681461924934
441.56854,967.8873,506.63135,926.8227,670681462078111,670681494013684
585.40936,433.5753,506.63135,926.8227,670681494204569,670681523905715
671.68823,1375.2439,506.63135,926.8227,670681524943319,670681557494205
558.47943,995.15265,558.47943,926.8227,670681558497017,670681588986392
460.09033,1074.6881,506.63135,995.15265,670681589085924,670681621590246
448.3613,1187.7865,506.63135,995.15265,670681621691757,670681654918424
379.75876,1039.0167,460.09033,1039.0167,670681655020976,670681688164986
457.72342,905.08014,457.72342,995.15265,670681688271132,670681736573632
460.61334,895.0255,460.09033,995.15265,670681736667330,670681769071861
493.85974,991.68634,460.09033,991.68634,670681769596028,670681800411965
466.64194,960.1357,460.61334,991.68634,670681800547069,670681844116913
479.93103,884.3076,466.64194,991.68634,670681844498840,670681879344830
507.7755,859.83704,466.64194,960.1357,670681879451705,670681913004882
491.59375,900.9955,479.93103,900.9955,670681913190351,670681946310507
465.4157,877.34686,466.64194,900.9955,670681946487642,670681987058267
481.09546,836.97754,479.93103,900.9955,670681987195507,670682021393944
469.4441,809.0517,469.4441,877.34686,670682021500819,670682054117069
465.83728,894.9247,469.4441,894.9247,670682054226653,670682089461132
517.6943,892.09515,469.4441,892.09515,670682090975663,670682129027798
472.52692,967.2428,469.4441,894.9247,670682129225455,670682161012330
463.4754,891.8391,469.4441,892.09515,670682161116548,670682193642173
452.66022,932.28754,469.4441,894.9247,670682193752798,670682223834309
445.26004,949.18524,463.4754,894.9247,670682224171236,670682255261444
451.44836,933.7357,452.66022,932.28754,670682255731027,670682288171965
454.66885,944.1026,454.66885,933.7357,670682288268632,670682322044673
481.93222,1003.9928,454.66885,933.7357,670682322161288,670682360924517
464.06625,1039.904,454.66885,944.1026,670682361020298,670682392438007
507.48697,1021.9818,464.06625,1003.9928,670682392624569,670682425410611
473.54385,1045.4946,464.06625,1021.9818,670682425605663,670682456291913
493.42767,1028.912,473.54385,1021.9818,670682456472694,670682487300975
522.3705,996.5809,473.54385,1021.9818,670682487400611,670682520678840
507.25497,955.1495,493.42767,1021.9818,670682520793163,670682553632642
486.1987,1067.7772,486.1987,1021.9818,670682553727173,670682599247590
525.6634,712.3138,493.42767,1021.9818,670682599339725,670682631111079
713.6332,1160.2689,493.42767,1021.9818,670682631283996,670682663445871
707.66864,1585.9281,525.6634,1021.9818,670682663587954,670682695119986
684.9992,1482.4905,684.9992,1160.2689,670682695290402,670682728051288
546.0302,801.5228,546.0302,1021.9818,670682728234204,670682758788319
502.00354,1038.7965,546.0302,1038.7965,670682758971496,670682806891756
404.13824,1088.6874,546.0302,1038.7965,670682807794934,670682843620298
402.67056,908.5434,502.00354,1038.7965,670682843769361,670682877655090
400.20834,944.33057,404.13824,1038.7965,670682877831861,670682909975506
439.2274,935.6348,439.2274,944.33057,670682910107902,670682946555558
438.58032,912.05035,438.58032,944.33057,670682946678788,670682977117902
440.8171,962.9245,439.2274,944.33057,670682977222277,670683009457590
455.35928,950.29865,439.2274,944.33057,670683009567433,670683040137121
448.57077,949.46405,440.8171,949.46405,670683040966808,670683074750506
460.37103,968.7132,448.57077,949.46405,670683075006288,670683109283944
453.60977,945.7126,448.57077,949.46405,670683109458840,670683139018267
443.70184,958.4745,448.57077,949.46405,670683140294725,670683175871288
474.39743,962.2276,448.57077,949.46405,670683177565506,670683212185767
486.71338,1013.7089,448.57077,958.4745,670683212318788,670683244868892
502.28452,1003.87146,474.39743,962.2276,670683245019308,670683277123475
456.9087,970.05725,456.9087,970.05725,670683277307329,670683315141808
444.58603,932.3357,456.9087,962.2276,670683315231756,670683348206652
466.81696,941.0795,456.9087,962.2276,670683348382069,670683384125037
458.18155,1042.0165,456.9087,962.2276,670683384283892,670683418254412
480.61942,965.3105,458.18155,962.2276,670683418370350,670683455069725
436.95596,948.0325,456.9087,962.2276,670683455574777,670683488263944
506.20084,927.818,458.18155,962.2276,670683488448735,670683520525402
479.82007,993.14044,458.18155,962.2276,670683520629412,670683553366444
492.69324,962.0667,479.82007,962.2276,670683553673787,670683586835662
440.39532,987.3756,458.18155,962.2276,670683587017537,670683618546652
484.16623,982.6575,479.82007,962.2276,670683618656027,670683653895975
493.5202,988.3851,479.82007,982.6575,670683654084569,670683695157433
511.26926,920.69006,484.16623,962.2276,670683695300923,670683727984516
454.47662,920.80145,479.82007,962.2276,670683728156756,670683759018371
455.98538,909.6484,479.82007,920.80145,670683759129152,670683793600871
468.3277,938.5847,468.3277,938.5847,670683793682798,670683825545662
460.60657,1027.7722,468.3277,938.5847,670683825649881,670683857402225
478.71103,940.4222,468.3277,938.5847,670683859717329,670683889226391
461.17728,916.77264,468.3277,938.5847,670683889376079,670683920246496
459.06003,940.7715,468.3277,938.5847,670683920395766,670683952577798
469.1216,984.3038,468.3277,938.5847,670683952748631,670683984927068
448.41748,957.60394,468.3277,940.7715,670683985357746,670684017188996
461.03906,977.33954,468.3277,957.60394,670684017308839,670684049664360
502.05176,1027.6544,468.3277,957.60394,670684049748839,670684082220662
466.75323,954.8213,468.3277,957.60394,670684082311964,670684115756964
458.45154,926.98676,468.3277,957.60394,670684115855506,670684150183839
440.2234,951.9499,466.75323,954.8213,670684150299204,670684194979256
463.6736,941.7616,463.6736,951.9499,670684195112485,670684227367641
444.655,967.9186,463.6736,954.8213,670684227548266,670684267773787
424.36816,1056.1725,463.6736,954.8213,670684267863631,670684303263266
461.87347,1048.7367,461.87347,967.9186,670684303405975,670684339137016
470.5186,984.7796,463.6736,984.7796,670684339257120,670684371346287
464.92743,1017.57855,463.6736,984.7796,670684371431391,670684408619620
464.38354,911.4584,464.38354,984.7796,670684408795350,670684441275506
487.50055,461.42056,464.38354,984.7796,670684441450297,670684475927016
685.3478,1145.5131,464.38354,984.7796,670684476825506,670684512340714
651.9343,1551.8567,487.50055,984.7796,670684512433527,670684545497172
709.8205,1606.261,651.9343,1145.5131,670684545587225,670684584512902
706.3632,1533.0963,651.9343,1533.0963,670684584720870,670684619387797
602.53845,952.31934,651.9343,1145.5131,670684619568266,670684655660922
481.72955,1011.0218,651.9343,1145.5131,670684655885558,670684688392016
399.99725,1276.3992,602.53845,1145.5131,670684688603579,670684721141964
370.96814,990.94824,481.72955,1145.5131,670684723053683,670684756198474
408.1256,910.103,408.1256,1145.5131,670684756289360,670684788789724
436.0144,909.80493,436.0144,990.94824,670684788972485,670684822367954
421.11557,849.29095,421.11557,910.103,670684822540454,670684854894776
426.21368,800.30237,426.21368,909.80493,670684855114464,670684887714360
430.90106,839.7165,426.21368,849.29095,670684887932901,670684919237381
430.37775,926.9047,426.21368,909.80493,670684919422797,670684958834776
423.46298,875.05145,426.21368,875.05145,670684958932485,670684991993370
399.63358,874.8082,426.21368,875.05145,670684992337954,670685023292641
456.373,845.02875,426.21368,875.05145,670685023524516,670685054334828
441.72754,863.9957,426.21368,874.8082,670685054435922,670685086978631
449.71774,896.98755,441.72754,875.05145,670685087129308,670685119543683
441.64413,857.4346,441.64413,874.8082,670685119719308,670685155663995
394.14072,987.6642,441.64413,875.05145,670685155770714,670685191455141
629.16797,406.8819,441.64413,874.8082,670685191550766,670685222657745
751.3913,1387.3674,441.64413,875.05145,670685222821808,670685254709412
758.40375,1641.8115,629.16797,875.05145,670685254875401,670685287349412
736.9335,1685.4934,736.9335,1387.3674,670685287474151,670685321346703
742.0926,1497.2871,736.9335,1497.2871,670685321536078,670685358477172
504.4707,849.3318,736.9335,1387.3674,670685358668318,670685390977224
480.2845,1094.4293,736.9335,1387.3674,670685391110401,670685425543787
402.1967,1050.5669,504.4707,1094.4293,670685425631339,670685458166964
420.43414,914.5944,480.2845,1094.4293,670685458282901,670685492855505
418.84906,787.88904,420.43414,1050.5669,670685493032849,670685525799255
452.99246,810.95667,452.99246,914.5944,670685525942485,670685558926912
460.5182,868.70245,452.99246,868.70245,670685559108891,670685591172693
433.8776,831.1837,452.99246,868.70245,670685591320610,670685630247016
440.12106,808.34973,452.99246,868.70245,670685630375766,670685662188891
442.61255,851.6548,442.61255,851.6548,670685663900557,670685697000922
478.12097,841.8512,452.99246,851.6548,670685697075089,670685731210974
425.13922,805.5366,442.61255,851.6548,670685731414984,670685763835714
384.0456,860.479,442.61255,851.6548,670685763941234,670685797484880
416.14862,896.27234,425.13922,851.6548,670685797580662,670685829776026
408.1761,922.1143,416.14862,860.479,670685829867745,670685863109307
440.7128,869.2082,425.13922,869.2082,670685863215401,670685897234776
450.96716,852.01984,425.13922,860.479,670685898025141,670685932169151
445.2034,826.459,440.7128,860.479,670685933508682,670685966590401
432.35696,872.0128,432.35696,860.479,670685967205766,670685998498370
464.2424,865.09845,440.7128,860.479,670685998584099,670686031144047
487.59155,862.3137,440.7128,862.3137,670686032892276,670686063268161
489.0736,917.8478,464.2424,862.3137,670686064119880,670686097911807
486.9333,868.9844,486.9333,862.3137,670686099841339,670686131966391
461.01978,903.6872,464.2424,868.9844,670686133088734,670686164404255
475.71872,970.88824,475.71872,868.9844,670686164890661,670686196687380
364.85992,986.3888,464.2424,903.6872,670686199559776,670686231025557
571.6071,357.06445,475.71872,868.9844,670686233356495,670686265966130
685.0994,1444.8256,475.71872,903.6872,670686266057641,670686296191599
693.44543,1661.306,571.6071,903.6872,670686301807120,670686339331495
716.987,1473.2148,685.0994,1444.8256,670686339763318,670686375588474
664.16583,1067.3636,664.16583,1067.3636,670686375733057,670686409123786
480.13013,976.2842,664.16583,1067.3636,670686409305036,670686446396963
330.56827,1146.4888,664.16583,1067.3636,670686446734047,670686479582276
379.5378,1024.4917,480.13013,1067.3636,670686480858578,670686511684203
377.2377,863.12726,379.5378,1067.3636,670686511783474,670686545620974
389.88724,851.3673,389.88724,1024.4917,670686546576026,670686581070349
404.95328,851.632,389.88724,863.12726,670686581346703,670686618258838
464.39142,904.14716,389.88724,904.14716,670686618363995,670686656598370
437.02066,927.844,404.95328,904.14716,670686656782536,670686686973213
443.43857,964.4829,437.02066,904.14716,670686687140453,670686718416390
459.94113,915.42017,437.02066,915.42017,670686718586390,670686753990974
474.89554,1024.773,443.43857,915.42017,670686754119724,670686787850817
497.73575,896.38684,459.94113,915.42017,670686788119724,670686819597849
496.2796,968.436,474.89554,915.42017,670686819762276,670686851256859
535.2971,988.6635,496.2796,915.42017,670686851439463,670686884893838
532.14343,884.7022,496.2796,915.42017,670686885062692,670686919120713
504.24963,922.7425,504.24963,915.42017,670686919299151,670686950253369
519.22546,1039.735,504.24963,915.42017,670686950421703,670686983700557
501.31006,1027.6863,504.24963,922.7425,670686983893682,670687027280505
523.6217,993.2967,504.24963,993.2967,670687027376286,670687061829984
514.8554,1000.3478,504.24963,993.2967,670687061905349,670687104147171
530.63446,980.38745,514.8554,993.2967,670687104246078,670687136177588
547.58014,1028.3556,514.8554,993.2967,670687136264046,670687168073734
504.8163,930.2574,514.8554,993.2967,670687168169203,670687201950505
479.2853,985.8595,514.8554,993.2967,670687202025140,670687236701911
479.31143,987.72723,504.8163,987.72723,670687236859359,670687268753369
511.76044,973.8186,511.76044,987.72723,670687269746026,670687302712171
504.7451,939.0081,504.8163,987.72723,670687304107536,670687336350609
470.4236,935.72144,504.8163,973.8186,670687337433005,670687372510401
488.0946,973.7146,504.7451,973.7146,670687372594463,670687405642953
431.4891,928.52234,488.0946,973.7146,670687405724046,670687439785140
478.3358,879.0121,488.0946,973.7146,670687439944515,670687471797536
584.9593,575.1695,488.0946,928.52234,670687471880244,670687504337744
715.08496,1392.7102,488.0946,973.7146,670687504427900,670687546801442
771.3425,1444.3751,584.9593,973.7146,670687546903578,670687579890088
660.7063,844.09094,660.7063,973.7146,670687580178265,670687612243734
510.94437,1037.588,584.9593,973.7146,670687612421338,670687645839984
510.02982,1180.906,584.9593,973.7146,670687646018005,670687678984411
502.76447,1262.721,510.94437,1037.588,670687679110869,670687712356442
453.6325,1034.6378,510.02982,1034.6378,670687712479671,670687745463890
460.6317,962.0944,502.76447,1034.6378,670687745625296,670687778043421
453.5765,930.62524,460.6317,1034.6378,670687778220765,670687816151650
478.4122,901.3633,478.4122,962.0944,670687816339619,670687846500036
491.49228,938.2413,478.4122,938.2413,670687846635348,670687879253682
487.42966,966.1736,478.4122,962.0944,670687879438473,670687913278057
451.18692,892.44116,478.4122,938.2413,670687913433109,670687953331390
494.1043,937.9207,478.4122,938.2413,670687953528161,670687990717952
483.95828,914.0458,478.4122,937.9207,670687990814254,670688027042067
507.56323,945.19025,483.95828,938.2413,670688028315192,670688066247015
530.57477,1017.31335,483.95828,938.2413,670688066350088,670688102085348
535.3652,1026.2131,507.56323,945.19025,670688102272015,670688138311025
516.4568,997.485,516.4568,997.485,670688138487952,670688174917275
505.93494,965.48413,507.56323,965.48413,670688175012379,670688210636181
570.3652,985.79553,516.4568,985.79553,670688210797119,670688253557067
541.6347,931.3227,516.4568,965.48413,670688253722379,670688288568942
487.56836,810.0828,516.4568,965.48413,670688288747327,670688319149931
725.5228,832.8152,516.4568,931.3227,670688319400348,670688351778369
740.5299,1458.8915,516.4568,965.48413,670688351926494,670688383316025
702.9161,1638.0325,702.9161,965.48413,670688383502379,670688415571025
722.3935,1663.807,702.9161,1458.8915,670688415674671,670688449318369
662.6194,1418.9999,702.9161,1418.9999,670688449891911,670688483934671
667.99457,1182.0483,702.9161,1418.9999,670688484071963,670688522602223
509.0606,1092.7065,667.99457,1418.9999,670688522689202,670688553935348
458.3242,1133.4092,667.99457,1182.0483,670688554120713,670688594342692
570.6402,1120.6884,570.6402,1133.4092,670688594515088,670688632119410
591.568,1078.806,591.568,1133.4092,670688632277119,670688673923369
531.4686,1048.4043,570.6402,1120.6884,670688674006338,670688711664150
556.4879,1069.8047,570.6402,1078.806,670688711833160,670688750012171
567.2794,1065.9084,567.2794,1069.8047,670688750127379,670688785549931
521.3535,1056.5797,567.2794,1069.8047,670688785723733,670688817317171
621.9033,1035.759,567.2794,1065.9084,670688817433056,670688851587952
749.9823,1370.4283,567.2794,1069.8047,670688851701181,670688885582796
713.77026,1666.259,621.9033,1069.8047,670688885762640,670688919190087
759.30206,1694.0522,713.77026,1370.4283,670688919363473,670688950175244
726.764,1701.9487,713.77026,1666.259,670688950364931,670689007149254
760.3245,1780.4296,726.764,1694.0522,670689007257639,670689043277379
703.521,1384.6031,713.77026,1666.259,670689043425973,670689082355348
611.8064,1177.8448,713.77026,1666.259,670689082546598,670689121696702
546.48346,1130.3173,703.521,1384.6031,670689121781077,670689156274827
510.12805,1253.6439,611.8064,1253.6439,670689156446858,670689189186650
547.6868,1092.7358,547.6868,1253.6439,670689189266233,670689222126389
496.095,1039.3802,547.6868,1253.6439,670689222218941,670689255136337
532.6264,958.8616,547.6868,1092.7358,670689255225244,670689287905191
530.8473,975.2503,532.6264,1039.3802,670689288043525,670689318709410
527.3493,1005.0892,532.6264,1005.0892,670689318892535,670689350409723
507.77554,1037.5461,530.8473,1037.5461,670689350603369,670689383505452
544.5966,996.8999,532.6264,1005.0892,670689383740921,670689415091285
582.64124,999.686,532.6264,1005.0892,670689415273368,670689470996129
561.614,1058.2455,544.5966,1005.0892,670689471085400,670689509701337
541.21173,1042.5891,541.21173,1005.0892,670689509807535,670689543020816
542.49695,1029.8292,542.49695,1029.8292,670689543181233,670689582955868
543.7798,1023.02026,542.49695,1023.02026,670689583110504,670689613733473
501.6574,992.93677,542.49695,1023.02026,670689613840816,670689649660712
523.7915,1018.4016,542.49695,1023.02026,670689649828993,670689682971962
522.05066,977.33014,523.7915,1018.4016,670689683174358,670689717291181
537.50696,1081.9681,537.50696,1023.02026,670689717457379,670689748579827
583.217,1005.7368,537.50696,1018.4016,670689748766441,670689781548473
539.98615,1026.9626,537.50696,1023.02026,670689781714775,670689815397848
573.47675,1128.2373,539.98615,1023.02026,670689815619827,670689846533889
545.0644,1042.9982,539.98615,1026.9626,670689846681910,670689877031233
578.60516,1117.5985,545.0644,1042.9982,670689877208108,670689912240972
577.2907,1141.094,545.0644,1042.9982,670689912373629,670689943754722
601.34357,1071.9414,577.2907,1071.9414,670689943921389,670689983655816
594.2045,1069.0736,577.2907,1069.0736,670689983819462,670690016659983
556.2324,1029.6094,577.2907,1069.0736,670690016753993,670690048314931
571.3828,1033.8071,577.2907,1069.0736,670690048494566,670690082836181
536.05334,1074.0496,571.3828,1069.0736,670690083654827,670690116916441
550.30194,1035.2495,571.3828,1069.0736,670690117007483,670690148773785
581.49786,1062.5881,571.3828,1069.0736,670690149021806,670690180677691
589.9759,1057.4664,571.3828,1062.5881,670690180858577,670690213268212
590.6745,1065.4811,581.49786,1065.4811,670690213435660,670690245139254
597.2938,1028.0127,589.9759,1062.5881,670690245310243,670690276745608
593.85095,1111.3931,590.6745,1065.4811,670690276931545,670690309902274
571.0567,1101.2637,589.9759,1065.4811,670690310059879,670690342014618
571.1955,1088.5487,589.9759,1088.5487,670690342188837,670690375439566
565.15784,1030.4119,571.1955,1065.4811,670690375605608,670690421531806
570.84985,982.7394,571.1955,1065.4811,670690423933785,670690457527587
546.0173,1046.3197,570.84985,1046.3197,670690457674097,670690500451649
530.0846,1093.3291,570.84985,1065.4811,670690500655243,670690536801858
535.53864,1077.1056,546.0173,1065.4811,670690536886493,670690575634774
549.21686,976.9646,549.21686,1065.4811,670690575815347,670690610438368
548.8513,1010.6627,548.8513,1065.4811,670690610543472,670690646274149
554.00995,982.65283,549.21686,1010.6627,670690646452378,670690680855503
489.41724,725.87024,548.8513,1010.6627,670690681015920,670690722211024
771.42377,1026.2876,549.21686,1010.6627,670690723041701,670690758262326
769.64624,1493.2306,549.21686,1010.6627,670690758417118,670690792350451
784.3155,1632.5275,769.64624,1026.2876,670690792569983,670690831618785
768.2919,1089.7183,768.2919,1089.7183,670690831799930,670690869315660
561.3168,1194.8539,768.2919,1089.7183,670690869798055,670690903088837
517.7368,981.8968,768.2919,1089.7183,670690903206545,670690936053785
460.28818,884.4548,561.3168,1089.7183,670690938214357,670690975164357
489.4564,868.3866,517.7368,981.8968,670690975248055,670691010691649
511.3011,915.6163,511.3011,915.6163,670691010863368,670691043389774
499.73083,931.367,511.3011,931.367,670691043575139,670691078216128
481.45575,932.222,511.3011,931.367,670691078383420,670691111560972
537.18665,972.07074,511.3011,931.367,670691111721180,670691145218368
532.75525,987.8869,511.3011,932.222,670691145399982,670691177728628
537.4161,1067.4901,532.75525,972.07074,670691177858837,670691216953524
481.2983,998.1233,511.3011,987.8869,670691217178316,670691248932795
484.44992,980.3931,511.3011,980.3931,670691249922274,670691281853680
470.5485,979.9232,484.44992,980.3931,670691281968941,670691313162326
520.12946,1065.9026,511.3011,980.3931,670691313331389,670691345396701
494.10184,1011.1651,494.10184,980.3931,670691345509670,670691394944670
468.6055,1031.5211,494.10184,1011.1651,670691395021284,670691427756336
525.24524,1127.4878,494.10184,1011.1651,670691427865972,670691465312066
490.49103,1041.9175,494.10184,1031.5211,670691465502586,670691504103420
506.92203,988.7473,494.10184,1011.1651,670691505009097,670691540183784
561.87305,999.1022,494.10184,1011.1651,670691540280868,670691580205503
510.3075,953.2032,506.92203,999.1022,670691580362222,670691617286857
533.8811,969.90094,510.3075,999.1022,670691617381597,670691652061076
516.39136,958.58105,510.3075,969.90094,670691653072222,670691691234618
572.3953,1027.0791,516.39136,999.1022,670691691410347,670691726639409
586.82367,1026.6207,516.39136,999.1022,670691726818003,670691760354982
475.82846,1013.35815,516.39136,1013.35815,670691760503732,670691793338784
686.96576,865.65704,516.39136,999.1022,670691793498472,670691824668524
734.54663,1595.2831,516.39136,1013.35815,670691825350138,670691858998472
780.3007,1549.8427,686.96576,1013.35815,670691859098836,670691889531701
720.78784,1162.7311,720.78784,1162.7311,670691889678576,670691924755868
516.3537,1059.6011,686.96576,1059.6011,670691924847430,670691957478472
582.2178,1295.9417,686.96576,1162.7311,670691957634253,670691988284461
530.1404,1037.5826,582.2178,1059.6011,670691988468107,670692017528367
520.6411,1036.4918,582.2178,1059.6011,670692017643055,670692050133472
499.69223,991.15704,530.1404,1037.5826,670692050623159,670692086996128
491.6159,1019.1314,520.6411,1036.4918,670692087190711,670692118898159
507.52393,1023.44714,507.52393,1023.44714,670692119080242,670692150997222
513.09845,1061.8395,513.09845,1036.4918,670692151869930,670692184568524
555.77637,1001.5551,513.09845,1023.44714,670692184732847,670692215658315
552.6669,1014.40564,513.09845,1023.44714,670692215764565,670692248593472
555.22174,1010.2696,552.6669,1014.40564,670692248691076,670692282292169
545.28326,1050.1439,545.28326,1023.44714,670692282390451,670692314938680
540.13074,1041.3529,545.28326,1023.44714,670692315039253,670692349611128
478.72617,1010.7674,545.28326,1023.44714,670692349716857,670692386366909
498.39362,1053.2709,540.13074,1023.44714,670692386460867,670692418663159
506.44113,1019.48895,506.44113,1023.44714,670692418845242,670692455809878
487.89716,1049.6301,506.44113,1023.44714,670692455935711,670692487267117
515.45917,1040.1422,506.44113,1023.44714,670692487444721,670692526842951
487.1638,1052.81,506.44113,1040.1422,670692527025815,670692558550971
526.3158,1077.3726,506.44113,1040.1422,670692558639565,670692589996440
489.53445,998.5597,506.44113,1040.1422,670692590170867,670692622425034
509.19437,1102.2411,506.44113,1040.1422,670692622605919,670692653170867
517.6809,1012.50653,506.44113,1040.1422,670692653366649,670692684768523
573.6476,1012.07477,509.19437,1040.1422,670692684930346,670692717717742
680.2341,385.85928,517.6809,1012.50653,670692717886023,670692749905763
786.4363,1452.9261,573.6476,1040.1422,670692750085659,670692783098680
762.281,1521.5486,680.2341,1040.1422,670692783237326,670692817618315
757.63837,1421.3492,757.63837,1421.3492,670692817771232,670692854620451
588.5005,1138.4099,680.2341,1138.4099,670692854721753,670692891662378
573.848,1313.592,680.2341,1313.592,670692891792221,670692924079982
515.885,1253.8878,588.5005,1253.8878,670692924257898,670692955225607
524.73193,1071.0471,573.848,1253.8878,670692955464773,670692993128836
506.82236,959.2638,524.73193,1253.8878,670692993232742,670693024817273
560.6146,1002.7651,560.6146,1071.0471,670693024913575,670693056997065
537.5172,1049.5753,537.5172,1049.5753,670693057114565,670693087607273
552.4069,1045.6774,552.4069,1049.5753,670693087711961,670693123548055
517.91,1072.7908,537.5172,1049.5753,670693123677325,670693157262013
500.6081,1051.4995,537.5172,1049.5753,670693157393523,670693187915711
522.0429,1085.0267,522.0429,1051.4995,670693188129930,670693225008367
463.8253,1064.8783,522.0429,1051.4995,670693225202586,670693261127325
443.20734,1078.786,522.0429,1064.8783,670693261281805,670693294015763
515.166,1049.6272,515.166,1051.4995,670693294821805,670693334994773
493.0536,1085.5205,515.166,1064.8783,670693335069773,670693370550763
526.5308,1048.2924,515.166,1051.4995,670693372296179,670693409101648
502.7801,1043.2173,515.166,1051.4995,670693410006909,670693445896075
500.08502,1025.4827,515.166,1048.2924,670693445984825,670693480250763
499.90005,1121.8846,502.7801,1051.4995,670693480765763,670693519414669
517.6879,1136.2095,515.166,1051.4995,670693519592534,670693551435138
487.57523,1054.8334,502.7801,1054.8334,670693551552273,670693583259773
489.30695,1029.7533,502.7801,1051.4995,670693583921388,670693619577013
484.909,1073.3876,489.30695,1054.8334,670693619768784,670693652051231
483.67844,1093.5916,489.30695,1054.8334,670693652205294,670693686839096
492.23148,1057.5582,489.30695,1057.5582,670693687020242,670693720519304
513.15936,1054.0521,489.30695,1054.8334,670693720705815,670693752065971
502.51724,1100.0276,492.23148,1057.5582,670693752228679,670693793595502
514.30975,1050.2223,502.51724,1054.8334,670693793708263,670693826984773
504.8358,1034.2865,502.51724,1054.8334,670693827078627,670693860282221
518.6514,1040.6119,504.8358,1050.2223,670693860430242,670693895388627
493.77722,1033.0381,502.51724,1040.6119,670693895493106,670693927603211
480.52637,1058.2355,502.51724,1050.2223,670693927717533,670693968323627
476.0371,987.42303,493.77722,1040.6119,670693968509148,670694003163523
497.84906,1012.4727,497.84906,1040.6119,670694003252898,670694036863731
496.71957,1000.2823,496.71957,1012.4727,670694037005606,670694072094877
434.20084,1002.0367,496.71957,1012.4727,670694072258627,670694105423210
450.44696,966.7833,496.71957,1002.0367,670694106664200,670694140341075
494.49463,1005.2856,494.49463,1005.2856,670694140503835,670694173980971
529.6381,960.94653,496.71957,1002.0367,670694174119148,670694206359617
494.22842,943.03613,494.49463,1002.0367,670694206442533,670694240307117
547.5606,1012.26904,496.71957,1002.0367,670694240391856,670694272309617
438.2494,794.0344,494.49463,1002.0367,670694272408419,670694308377429
800.4186,1094.6938,496.71957,1002.0367,670694308485710,670694343870294
808.5509,1582.8192,496.71957,1002.0367,670694343948992,670694385394356
756.7556,1595.1626,756.7556,1094.6938,670694385480346,670694417475971
711.7336,1123.1157,711.7336,1123.1157,670694417638158,670694449508523
584.6627,1039.6162,711.7336,1094.6938,670694449641075,670694486520189
515.9967,1204.2688,711.7336,1123.1157,670694486703731,670694519913158
419.7824,1028.3557,584.6627,1094.6938,670694520122898,670694551339252
427.93854,916.0835,515.9967,1094.6938,670694551514721,670694584096752
441.67636,860.36395,441.67636,1028.3557,670694584273262,670694618162742
470.8053,931.76685,470.8053,931.76685,670694618344825,670694654474096
512.72876,931.671,470.8053,931.76685,670694654686700,670694687687273
477.5322,948.4157,470.8053,931.76685,670694687794512,670694719194773
471.67584,915.36633,471.67584,931.76685,670694719309981,670694754341804
437.1176,1076.9392,470.8053,931.76685,670694754450137,670694788499460
462.31512,962.9215,470.8053,931.76685,670694788591283,670694818915450
467.495,964.7155,467.495,962.9215,670694819081752,670694859704304
470.78616,1007.8391,470.78616,962.9215,670694859865606,670694894435814
475.7207,931.7129,470.78616,962.9215,670694894547325,670694926504721
498.55356,1009.9693,470.78616,962.9215,670694926586075,670694959454512
443.8264,1061.6144,470.78616,962.9215,670694959542689,670694990676596
438.05484,1073.5422,470.78616,1009.9693,670694990770502,670695023797116
447.81888,1038.984,447.81888,1038.984,670695023908366,670695055508523
435.18115,1079.7375,447.81888,1038.984,670695055661596,670695089093054
428.7688,997.13696,447.81888,1038.984,670695089178262,670695121227220
496.48343,1031.6692,447.81888,1038.984,670695121343575,670695152350606
481.77573,1051.0428,447.81888,1038.984,670695152534148,670695185262793
479.41132,1028.2618,479.41132,1038.984,670695185377637,670695221049564
443.43887,1075.3241,447.81888,1038.984,670695221166439,670695253429981
481.74844,1067.629,479.41132,1038.984,670695253620814,670695284318002
470.0809,1056.7358,470.0809,1056.7358,670695284480658,670695315906231
456.76102,983.17065,470.0809,1038.984,670695316159408,670695350611387
424.33255,974.0078,470.0809,1038.984,670695350798470,670695382568054
499.18857,1050.3168,470.0809,1038.984,670695382743835,670695416440345
499.32785,1114.1998,470.0809,1038.984,670695416620970,670695450587481
497.0514,1031.0215,497.0514,1038.984,670695450741179,670695487682064
534.8276,1050.4877,497.0514,1038.984,670695487890710,670695520676335
510.05984,1081.8018,497.0514,1038.984,670695520797897,670695552831647
496.12283,1109.6918,497.0514,1050.4877,670695552971074,670695587725762
455.00247,1021.12415,497.0514,1038.984,670695587865710,670695621366439
457.04,1051.5029,496.12283,1050.4877,670695621545085,670695666706283
511.044,1041.7432,497.0514,1041.7432,670695666827481,670695701044356
506.00717,1019.37506,497.0514,1041.7432,670695701123991,670695734504512
495.63104,1092.964,497.0514,1041.7432,670695734590918,670695767555970
489.99472,1044.7032,497.0514,1041.7432,670695768748574,670695800926126
474.1918,1077.019,495.63104,1044.7032,670695802043574,670695833788158
559.19836,731.93854,497.0514,1041.7432,670695835721804,670695871136908
736.293,1257.7971,497.0514,1044.7032,670695871308574,670695908268106
727.4977,1217.8771,559.19836,1044.7032,670695909250189,670695943568678
591.5088,1132.6311,591.5088,1132.6311,670695943719147,670695976569928
539.1025,1343.055,559.19836,1132.6311,670695976729772,670696009989668
436.02136,1074.0947,559.19836,1132.6311,670696010222168,670696043376595
468.32828,900.36035,539.1025,1132.6311,670696043508001,670696078100449
438.61584,934.8777,468.32828,1074.0947,670696078250189,670696114039824
442.00363,941.2134,468.32828,941.2134,670696114127741,670696163603522
456.10794,897.7545,456.10794,941.2134,670696163684355,670696195865033
500.59293,922.4547,468.32828,941.2134,670696195943470,670696228625137
487.67255,903.5815,468.32828,922.4547,670696228770293,670696259120189
518.87756,903.48535,487.67255,922.4547,670696259291751,670696292200449
470.194,918.8664,470.194,918.8664,670696292290970,670696326642637
476.39993,963.97516,476.39993,922.4547,670696326824876,670696363921439
487.11465,908.4794,476.39993,918.8664,670696364049668,670696399352012
520.2718,968.6513,476.39993,922.4547,670696399494199,670696431348314
465.5052,909.44653,476.39993,918.8664,670696431466647,670696465033939
445.27087,881.6512,476.39993,918.8664,670696465129616,670696499990970
514.51794,978.17816,476.39993,918.8664,670696500101543,670696531001178
487.37982,915.6534,476.39993,918.8664,670696531532949,670696562243939
490.2054,942.02875,487.37982,918.8664,670696573345137,670696610224355
522.4298,917.9734,487.37982,918.8664,670696610395189,670696649970605
547.7346,915.6676,490.2054,918.8664,670696650152949,670696704479720
542.89996,962.9155,522.4298,918.8664,670696704585814,670696738172064
491.60132,938.9036,491.60132,918.8664,670696738249876,670696775020293
515.40515,951.73303,515.40515,938.9036,670696775180345,670696808293001
497.6774,973.1301,497.6774,938.9036,670696808456282,670696840342949
495.9503,1020.2182,497.6774,951.73303,670696841338626,670696875455449
476.71124,994.2744,497.6774,973.1301,670696875606230,670696911106595
530.4987,1043.8965,497.6774,994.2744,670696911289459,670696944603574
496.66153,970.4662,497.6774,973.1301,670696944689668,670696978320866
509.32892,1110.2101,497.6774,994.2744,670696978429616,670697016087168
540.59454,1143.6626,497.6774,994.2744,670697016265814,670697050957949
556.7844,1127.6595,509.32892,1110.2101,670697051134251,670697084809563
510.8747,1169.7799,510.8747,1127.6595,670697084986543,670697120238313
534.161,1128.8242,510.8747,1127.6595,670697120333418,670697151663105
524.5071,1016.0547,510.8747,1127.6595,670697151770293,670697190253522
582.1355,518.36847,524.5071,1127.6595,670697190369720,670697229119824
794.22906,1276.1351,524.5071,1127.6595,670697229286126,670697264199043
675.3459,785.35944,582.1355,1127.6595,670697264401438,670697296815970
491.5624,945.7589,524.5071,1127.6595,670697296968470,670697330104720
411.58344,797.1523,524.5071,945.7589,670697330190605,670697360557532
419.33633,741.8464,491.5624,945.7589,670697360726699,670697392504199
465.1234,751.84955,465.1234,797.1523,670697392611074,670697423875501
498.31494,691.25555,491.5624,751.84955,670697423993261,670697455252324
471.85992,778.52893,471.85992,778.52893,670697456511647,670697487841751
513.2744,776.4779,491.5624,776.4779,670697487950865,670697519361490
519.3472,716.71387,491.5624,776.4779,670697519468990,670697555789199
587.5188,745.1953,513.2744,776.4779,670697555947897,670697591243365
536.4983,749.7267,519.3472,749.7267,670697591379355,670697636866647
554.6169,751.5181,536.4983,751.5181,670697636952220,670697673876959
556.04785,780.80347,536.4983,751.5181,670697674019980,670697710446178
558.7029,771.1113,554.6169,751.5181,670697710542532,670697742624407
478.3561,763.9474,536.4983,763.9474,670697742725449,670697778104824
524.7551,805.99176,536.4983,763.9474,670697779032428,670697814481542
522.95807,742.449,524.7551,763.9474,670697814651230,670697848481022
500.47012,772.39154,524.7551,763.9474,670697848606438,670697881921074
523.2529,780.3827,523.2529,763.9474,670697882109407,670697918349303
560.7394,687.0467,524.7551,763.9474,670697919104251,670697949228105
579.6897,447.6948,524.7551,763.9474,670697949337324,670697981280865
558.7699,435.39294,558.7699,687.0467,670697981385553,670698013248730
566.8323,402.14905,558.7699,447.6948,670698013429928,670698045696282
550.0309,381.39792,558.7699,435.39294,670698045794251,670698079048834
570.5114,407.70398,558.7699,407.70398,670698079151594,670698111304251
570.3889,426.24118,558.7699,426.24118,670698111386699,670698156843938
600.4006,431.53754,570.3889,426.24118,670698156933626,670698190208521
