x_raw,y_raw,x_filtered,y_filtered,gaze_timestamp,record_timestamp
515.7602,936.95245,147.02448,1890.032,661387763894313,661387859233635
118.15831,1009.48987,126.45017,1890.032,661387859331500,661387906943896
120.82488,1052.4485,126.45017,1052.4485,661387907072073,661387944596760
86.05394,1070.5461,120.82488,1070.5461,661387944765615,661387982081083
61.97145,1026.7234,120.82488,1052.4485,661387982176031,661388017663583
32.449688,1082.7534,86.05394,1070.5461,661388017791031,661388053225979
16.748945,1092.4299,61.97145,1070.5461,661388053356813,661388088739729
11.954132,1086.3451,32.449688,1082.7534,661388088921031,661388138835979
33.334106,1069.6669,33.334106,1070.5461,661388138998531,661388181911604
45.19237,1051.1036,33.334106,1070.5461,661388182005510,661388224242385
56.81918,1057.3896,33.334106,1069.6669,661388224367177,661388262088323
148.92845,1041.234,45.19237,1057.3896,661388262187490,661388302113844
151.84827,1064.139,56.81918,1064.139,661388302305719,661388341818792
192.54494,1075.1871,148.92845,1064.139,661388341950042,661388382995302
750.0307,1460.7097,151.84827,1064.139,661388383096292,661388419875614
554.6316,1187.4288,192.54494,1075.1871,661388420107542,661388457328010
296.47397,1310.032,296.47397,1187.4288,661388457452489,661388489145198
306.3826,1232.8033,296.47397,1187.4288,661388489307750,661388523783479
406.89175,1082.4393,296.47397,1187.4288,661388523967021,661388556102854
805.9467,1345.1398,306.3826,1187.4288,661388556290094,661388589728166
686.0095,1175.8995,406.89175,1187.4288,661388589926083,661388621528375
379.6744,1236.8853,379.6744,1187.4288,661388621692541,661388653551396
490.74664,1167.4564,406.89175,1187.4288,661388653713739,661388691822802
525.6753,1202.339,406.89175,1187.4288,661388691990354,661388724519208
830.1409,1303.001,490.74664,1187.4288,661388725257906,661388757718375
816.56354,1427.1316,525.6753,1202.339,661388757840771,661388788432750
755.1434,1265.1118,755.1434,1265.1118,661388788582750,661388821304312
536.7033,1187.8066,536.7033,1202.339,661388821454312,661388856080875
658.1724,1159.7096,658.1724,1202.339,661388856217854,661388887229000
662.0472,1042.775,658.1724,1187.8066,661388887382802,661388925609833
846.3599,1396.9535,658.1724,1202.339,661388925809156,661388957796864
896.8765,1392.3516,662.0472,1202.339,661388957959625,661388990008531
562.25995,1228.8528,658.1724,1228.8528,661388990193739,661389023275823
557.65247,1127.8378,658.1724,1202.339,661389023457541,661389054838270
654.6126,1106.9692,654.6126,1202.339,661389055010406,661389090337333
629.93835,990.935,654.6126,1127.8378,661389090504052,661389120491552
730.5993,998.4786,654.6126,1106.9692,661389120663114,661389154831604
718.78784,943.63727,654.6126,998.4786,661389154980770,661389191527177
731.0123,932.2471,718.78784,998.4786,661389191855875,661389222886395
719.8292,908.7712,718.78784,943.63727,661389223047437,661389255514572
754.3629,908.6298,719.8292,932.2471,661389255672906,661389288430302
667.5738,1025.1584,718.78784,943.63727,661389288605770,661389327488010
776.3448,1018.18896,719.8292,943.63727,661389327600093,661389360930354
834.969,1271.317,719.8292,1018.18896,661389361125562,661389394902437
702.57874,1122.6554,719.8292,1018.18896,661389395038374,661389427203531
615.1942,1150.5632,719.8292,1122.6554,661389427303843,661389458668010
687.28424,1146.0066,702.57874,1122.6554,661389459255614,661389489767177
770.77563,1012.94666,719.8292,1122.6554,661389489880093,661389522444052
728.65814,928.0709,719.8292,1122.6554,661389522584312,661389554719729
697.1773,893.6901,719.8292,1012.94666,661389554846864,661389586775041
763.8423,919.3065,719.8292,928.0709,661389586894937,661389619894781
710.0019,932.0613,719.8292,932.0613,661389620126708,661389653717958
739.06866,958.29486,719.8292,932.0613,661389653868791,661389685668583
725.87726,939.47455,719.8292,932.0613,661389685795301,661389720526708
727.0018,921.4865,725.87726,932.0613,661389720702281,661389752171604
359.54898,1095.8121,719.8292,932.0613,661389752332176,661389789721708
12.872265,1238.9904,719.8292,932.0613,661389789853479,661389821261968
30.268106,1206.1503,359.54898,1095.8121,661389821420562,661389853284468
38.270153,1178.5651,38.270153,1178.5651,661389853467541,661389886343739
16.04039,1215.4508,38.270153,1178.5651,661389886508635,661389919620301
31.589977,1177.2314,38.270153,1178.5651,661389919790770,661389952395093
-11.179151,1194.6501,31.589977,1178.5651,661389952580093,661389986351812
-10.794479,1201.6238,31.589977,1178.5651,661389986526864,661390020850978
-6.765496,1234.8414,-6.765496,1194.6501,661390020980978,661390054509103
134.63261,1244.796,31.589977,1201.6238,661390054656447,661390089622385
753.71674,1397.7642,31.589977,1234.8414,661390089780405,661390123449833
729.0547,1386.0924,134.63261,1244.796,661390123600145,661390155980041
695.1503,1114.1381,695.1503,1234.8414,661390156173947,661390187503947
386.45853,1332.6202,386.45853,1244.796,661390187664416,661390225102385
369.2959,1152.0938,386.45853,1234.8414,661390225189155,661390256375353
484.80273,1116.9456,386.45853,1234.8414,661390257733843,661390291770718
429.7838,965.1422,386.45853,1152.0938,661390291872853,661390323831343
423.14133,959.13367,423.14133,1116.9456,661390323922489,661390356423999
438.77228,941.54565,423.14133,965.1422,661390356744624,661390387653635
458.9419,1218.0343,423.14133,1116.9456,661390387787176,661390418372905
792.4606,1364.7529,438.77228,1116.9456,661390418496135,661390449792957
818.58154,1406.457,458.9419,1218.0343,661390449893218,661390481332072
558.631,1309.0109,558.631,1309.0109,661390481503999,661390513685405
389.57602,1300.6586,458.9419,1300.6586,661390513817124,661390547891916
486.40796,1200.3727,486.40796,1300.6586,661390548205145,661390580272020
495.20096,1191.2339,486.40796,1300.6586,661390580451291,661390611254520
457.6322,1189.4573,486.40796,1200.3727,661390611332228,661390642982957
804.8845,1375.1204,486.40796,1300.6586,661390644218218,661390677461916
847.2464,1393.9714,486.40796,1300.6586,661390677691864,661390707867801
555.1366,1226.2842,555.1366,1300.6586,661390709181239,661390738551134
633.67755,1114.7802,555.1366,1300.6586,661390741954468,661390771943843
659.2234,1046.1595,555.1366,1226.2842,661390774383061,661390806472489
654.6142,1024.3359,633.67755,1114.7802,661390810332801,661390843196082
642.4165,939.32184,642.4165,1046.1595,661390846599051,661390877109624
628.79114,915.98505,633.67755,1024.3359,661390877255249,661390914072905
649.3576,926.0941,642.4165,939.32184,661390914228947,661390985728530
560.93,973.96906,633.67755,973.96906,661390985828426,661391024250978
183.73436,1128.9889,633.67755,973.96906,661391024341186,661391058703686
146.97314,1126.8662,560.93,973.96906,661391058837749,661391091327384
150.33087,1119.45,183.73436,1119.45,661391091468218,661391123941916
149.86938,1121.25,150.33087,1119.45,661391124115613,661391160241551
131.52046,1101.451,150.33087,1119.45,661391160328113,661391194481968
140.86156,1082.7947,149.86938,1119.45,661391194615561,661391229555665
136.07365,1090.8007,140.86156,1101.451,661391229712280,661391262225353
115.481674,1074.0454,140.86156,1090.8007,661391262412384,661391295204988
58.301563,1095.478,136.07365,1095.478,661391295376290,661391335323686
48.71733,1102.2715,115.481674,1095.478,661391335499363,661391364727488
44.323856,1109.8949,58.301563,1095.478,661391364919103,661391399861551
40.484688,1113.7179,48.71733,1102.2715,661391400052957,661391434490978
54.26691,1151.5104,54.26691,1109.8949,661391434682853,661391467084363
65.30848,1204.3685,54.26691,1113.7179,661391467332072,661391501018165
78.48635,1084.1096,54.26691,1109.8949,661391501224936,661391530240770
92.814316,1189.6246,65.30848,1113.7179,661391530438478,661391575138999
421.72046,465.3321,78.48635,1109.8949,661391575266967,661391609120301
790.1225,680.9072,92.814316,1109.8949,661391609228426,661391645947905
904.78284,779.53644,421.72046,779.53644,661391646077749,661391676890665
912.3881,750.5004,790.1225,779.53644,661391686291447,661391718968686
941.6547,728.4866,904.78284,779.53644,661391719140197,661391750672853
956.28625,874.1517,912.3881,779.53644,661391750801967,661391783090926
952.8476,922.3236,941.6547,779.53644,661391783252957,661391820381082
946.4447,920.29504,946.4447,874.1517,661391820536030,661391854041394
931.26465,937.36365,941.6547,920.29504,661391854222853,661391891601603
926.9556,1047.2747,941.6547,920.29504,661391891681238,661391926297644
921.92615,1038.895,931.26465,937.36365,661391926515301,661391967166082
918.7933,1051.2498,926.9556,1038.895,661391967409988,661392004429051
919.7238,1047.2013,921.92615,1038.895,661392004586134,661392035824363
917.2945,1080.4391,919.7238,1047.2013,661392036080717,661392067244155
901.3765,1047.179,919.7238,1047.179,661392067386551,661392098338998
910.1532,973.9834,917.2945,1047.179,661392098482801,661392129674623
910.11743,974.17194,910.1532,1047.179,661392129790821,661392162482332
901.6944,664.0089,910.1532,974.17194,661392162649363,661392194272228
834.1033,498.2589,910.11743,974.17194,661392194482644,661392225582488
904.93066,500.06177,904.93066,664.0089,661392225843530,661392259917853
873.3216,209.41449,904.93066,500.06177,661392260239832,661392291221030
627.5812,66.645454,904.93066,500.06177,661392291303634,661392323580665
628.90686,42.49468,873.3216,209.41449,661392323675300,661392356779623
631.77716,23.991106,631.77716,66.645454,661392356874259,661392390358165
654.5616,21.191257,654.5616,42.49468,661392390523634,661392425520509
663.50085,17.787111,654.5616,23.991106,661392425678009,661392457439415
653.9998,17.858324,654.5616,21.191257,661392457710717,661392493424259
744.1558,26.476252,654.5616,23.991106,661392493596186,661392525118998
1115.5706,151.53563,654.5616,23.991106,661392525214675,661392559135613
1142.3511,290.9635,744.1558,26.476252,661392559308113,661392591799415
1144.1034,413.97812,1115.5706,151.53563,661392591910821,661392652475509
1139.4463,439.4389,1139.4463,290.9635,661392652578009,661392687201654
1144.7638,458.67416,1139.4463,413.97812,661392687326654,661392719560873
1143.8322,530.99243,1139.4463,439.4389,661392719740977,661392750230821
1019.47205,400.0263,1139.4463,413.97812,661392750733113,661392782845821
933.0509,531.0618,1139.4463,439.4389,661392783047384,661392817187644
978.4171,370.06674,1019.47205,413.97812,661392817788477,661392851984988
403.48627,1251.5923,978.4171,439.4389,661392852222748,661392885878529
144.75607,1339.2113,978.4171,439.4389,661392885972696,661392917700404
100.93962,1372.5632,403.48627,1251.5923,661392918235300,661392946685404
97.53989,1377.4922,144.75607,1339.2113,661392950450404,661392981009102
65.56395,1310.1683,100.93962,1310.1683,661392981931915,661393012578061
105.9715,1229.1396,105.9715,1310.1683,661393014151602,661393043537904
205.13657,1013.4065,105.9715,1310.1683,661393048105821,661393078041238
182.99686,1023.2079,105.9715,1229.1396,661393086542436,661393122242331
193.32861,1039.6882,182.99686,1039.6882,661393122408425,661393155195821
191.19109,1026.4204,182.99686,1039.6882,661393155298321,661393191061290
198.72896,1016.02576,191.19109,1039.6882,661393192462488,661393224117592
161.99954,1017.8394,182.99686,1026.4204,661393224221446,661393256238165
86.580025,1213.1683,182.99686,1039.6882,661393256508269,661393290153269
369.21848,1197.3944,182.99686,1039.6882,661393290941811,661393330715665
774.7928,1333.9828,182.99686,1197.3944,661393330893425,661393361493685
715.6654,1150.1733,369.21848,1150.1733,661393361626342,661393393180040
170.45673,1335.7115,182.99686,1197.3944,661393393372279,661393426830665
160.97173,1251.2141,182.99686,1197.3944,661393427019310,661393458760404
155.64568,1259.4454,170.45673,1251.2141,661393458891238,661393490848790
119.08309,1177.0613,160.97173,1197.3944,661393490978113,661393521109988
104.24185,1093.4103,155.64568,1197.3944,661393521199623,661393556192748
109.26885,1087.2847,119.08309,1177.0613,661393557567435,661393588317956
122.96687,1130.695,122.96687,1130.695,661393591579727,661393623271602
126.87062,1162.7819,122.96687,1162.7819,661393623425560,661393657294258
163.05807,1137.7205,122.96687,1137.7205,661393657397227,661393689992071
187.1438,1052.7177,126.87062,1137.7205,661393691126446,661393732265404
152.51361,1104.7059,152.51361,1137.7205,661393732806290,661393763104987
197.92914,1155.9791,152.51361,1137.7205,661393763236550,661393794634310
195.44475,1147.919,152.51361,1137.7205,661393794748321,661393826968633
233.36081,1155.6765,195.44475,1147.919,661393827115769,661393861301602
245.25363,1184.7722,195.44475,1147.919,661393861435404,661393893420456
282.5202,1138.0352,233.36081,1147.919,661393893691029,661393925294414
266.18427,1132.7512,245.25363,1147.919,661393925428789,661393955984883
307.87677,1181.431,266.18427,1147.919,661393956199206,661393990343164
461.70654,1214.4321,266.18427,1147.919,661393990774206,661394024269466
789.3486,1167.0094,307.87677,1167.0094,661394024579050,661394065337383
780.02747,1209.3672,461.70654,1167.0094,661394065861550,661394098636862
476.10696,1194.9069,476.10696,1167.0094,661394099115456,661394129000404
221.48616,1367.1499,461.70654,1194.9069,661394129163112,661394162055508
286.82803,1233.2515,461.70654,1194.9069,661394162223737,661394196122435
296.64603,1153.2356,296.64603,1194.9069,661394196440196,661394229387852
744.0089,1357.8949,461.70654,1194.9069,661394229865612,661394262585664
718.10297,1462.994,461.70654,1194.9069,661394262690873,661394298711550
673.23126,1410.1774,673.23126,1357.8949,661394298887383,661394330784310
309.75882,1263.5168,461.70654,1263.5168,661394330935456,661394363216133
309.83646,1160.0925,461.70654,1263.5168,661394363373112,661394396430664
298.5264,1118.6027,309.83646,1263.5168,661394396593008,661394429342018
288.3952,1095.9757,309.83646,1160.0925,661394429501654,661394459893789
752.947,1567.5663,309.83646,1263.5168,661394460074102,661394490741029
757.115,1370.4169,309.83646,1263.5168,661394490898789,661394532073529
597.09,1321.5942,597.09,1321.5942,661394532238581,661394563964987
372.45676,1452.721,372.45676,1321.5942,661394564270925,661394596409935
342.9319,1097.4924,372.45676,1321.5942,661394596917956,661394627263581
290.89203,1039.7035,372.45676,1321.5942,661394627379883,661394658932487
299.6055,1036.2025,342.9319,1097.4924,661394664132331,661394696194727
284.39035,1142.054,299.6055,1142.054,661394696310612,661394725678945
288.3313,1104.8259,299.6055,1104.8259,661394725841393,661394765163581
319.66202,1091.0441,299.6055,1104.8259,661394765330925,661394798034570
474.85745,1223.3334,299.6055,1104.8259,661394798216914,661394833794675
519.0248,1206.0317,319.66202,1104.8259,661394833961289,661394864494570
466.85287,1243.8999,466.85287,1206.0317,661394864663945,661394897083581
493.1126,1230.0062,466.85287,1206.0317,661394897304154,661394932869831
400.256,1273.8029,466.85287,1230.0062,661394933069518,661394964668997
470.3873,1197.9327,466.85287,1206.0317,661394964758372,661394996555091
393.9893,1270.9475,466.85287,1230.0062,661394996659206,661395027926341
458.49335,1194.3081,466.85287,1206.0317,661395028364310,661395058335924
426.0451,1112.0883,458.49335,1206.0317,661395058954518,661395091339831
456.50333,1069.3811,458.49335,1194.3081,661395091703216,661395122793372
662.98346,1093.7688,458.49335,1112.0883,661395122921497,661395153369466
806.95496,1178.9934,458.49335,1178.9934,661395153776133,661395189255247
819.3031,1128.0774,662.98346,1128.0774,661395189901497,661395219424831
668.638,1226.9994,668.638,1178.9934,661395219560612,661395253019154
405.81406,1404.9447,662.98346,1178.9934,661395253509466,661395286007018
392.45743,1273.1498,662.98346,1226.9994,661395286124883,661395317606081
349.71307,1175.1934,405.81406,1178.9934,661395317945091,661395348623008
291.5561,1106.0546,392.45743,1178.9934,661395355471706,661395385141653
299.84796,969.6098,349.71307,1175.1934,661395385417122,661395416594101
272.26733,1156.6079,299.84796,1156.6079,661395419085039,661395453455091
220.75137,1232.913,299.84796,1175.1934,661395454115664,661395490155560
220.80534,1229.7828,272.26733,1175.1934,661395490289570,661395523152018
182.7932,1228.0916,220.80534,1228.0916,661395523278112,661395556322435
402.0597,1285.5571,272.26733,1228.0916,661395556433633,661395589542018
795.0727,1421.8916,272.26733,1228.0916,661395589659830,661395619249726
771.79425,1573.8176,402.0597,1285.5571,661395621092226,661395650555924
354.71515,1640.2931,354.71515,1421.8916,661395650784883,661395684382487
268.92368,1393.2897,354.71515,1393.2897,661395685676445,661395719530924
297.46704,1297.7512,354.71515,1393.2897,661395719648945,661395751456185
296.13693,1225.633,297.46704,1393.2897,661395762939518,661395797071341
256.9713,1159.3105,297.46704,1297.7512,661395797240872,661395829922851
351.34952,1384.9397,297.46704,1384.9397,661395830020091,661395869093216
800.11926,1572.3196,297.46704,1384.9397,661395869623997,661395906187435
784.0547,1548.3029,351.34952,1384.9397,661395906363997,661395938358007
402.63583,1779.0707,402.63583,1548.3029,661395938543216,661395970390195
327.06815,1469.3127,351.34952,1469.3127,661395970537539,661396002618841
315.64532,1403.5952,351.34952,1469.3127,661396002785716,661396035193945
277.6685,1277.7806,327.06815,1469.3127,661396035356862,661396066427226
267.49875,1326.168,315.64532,1403.5952,661396066539101,661396100256289
731.2963,1637.8572,327.06815,1469.3127,661396100696341,661396133397226
758.6547,1520.7891,327.06815,1469.3127,661396133762643,661396166655455
485.44342,1559.512,485.44342,1520.7891,661396166963111,661396203980872
273.68127,1554.6787,327.06815,1520.7891,661396204173059,661396238124726
286.90137,1406.6555,327.06815,1520.7891,661396238284414,661396268917018
285.59927,1268.1047,286.90137,1520.7891,661396269101914,661396301148736
239.27385,1215.0023,286.90137,1406.6555,661396301314414,661396337766861
262.42307,1183.3712,285.59927,1268.1047,661396337944466,661396370479518
240.75493,1164.2572,262.42307,1215.0023,661396370665091,661396403851445
258.30673,1054.4401,262.42307,1183.3712,661396404060663,661396437075247
324.3309,1215.6644,262.42307,1215.0023,661396437265247,661396467040559
770.08936,1458.8767,262.42307,1215.0023,661396468338945,661396500731549
802.4494,1307.9347,324.3309,1215.6644,661396500886705,661396533250351
695.14355,1460.0208,695.14355,1307.9347,661396533457591,661396564798424
580.97174,1433.7577,580.97174,1307.9347,661396564905872,661396597957018
663.5516,1428.8195,663.5516,1428.8195,661396598041080,661396631962226
678.78046,1202.7266,663.5516,1307.9347,661396632105195,661396669574622
663.16187,1066.668,663.5516,1307.9347,661396669742643,661396701466445
698.61316,1034.5032,663.5516,1202.7266,661396701645768,661396741621653
717.29333,995.3986,663.5516,1066.668,661396741790143,661396773625715
686.0362,983.5731,686.0362,1034.5032,661396775000038,661396806206184
702.53937,992.4208,686.0362,995.3986,661396806344830,661396839430090
684.73224,1048.6407,686.0362,1034.5032,661396839618892,661396871611132
689.8146,1028.4817,686.0362,1028.4817,661396871778528,661396902165090
675.011,1106.2454,686.0362,1034.5032,661396902346861,661396938900663
860.774,1545.2233,686.0362,1034.5032,661396939102017,661396984853320
863.47925,1496.3136,686.0362,1106.2454,661396984984413,661397018208580
588.57263,1598.4951,686.0362,1496.3136,661397018329465,661397058341809
491.37848,1414.0515,686.0362,1414.0515,661397058425194,661397090082538
618.90015,1591.742,618.90015,1496.3136,661397090255715,661397122281601
979.6634,1399.9363,686.0362,1414.0515,661397122448007,661397152762226
946.2619,1350.9663,686.0362,1414.0515,661397153358476,661397184764674
959.7203,1355.8986,946.2619,1399.9363,661397185523424,661397215555142
1038.594,1462.875,946.2619,1414.0515,661397215668997,661397254190090
1073.185,1276.204,959.7203,1399.9363,661397254887746,661397285553007
930.8609,1132.9209,946.2619,1399.9363,661397286239986,661397317895767
901.7655,981.1139,946.2619,1276.204,661397317995299,661397349747278
910.0494,1051.3087,930.8609,1132.9209,661397349848319,661397382102538
788.12103,1550.5365,910.0494,1276.204,661397382264934,661397420959465
849.85846,1415.667,910.0494,1276.204,661397421080351,661397454050924
655.7478,1400.0397,849.85846,1400.0397,661397454225142,661397487093684
533.6787,1368.5924,849.85846,1368.5924,661397487173632,661397517050715
654.53986,1258.4144,655.7478,1368.5924,661397518749673,661397551067694
629.99677,1118.6262,654.53986,1368.5924,661397551639517,661397582855507
591.4781,988.9317,654.53986,1258.4144,661397583004257,661397613817486
561.96265,947.1254,629.99677,1118.6262,661397628110611,661397667427278
563.2803,905.98145,591.4781,988.9317,661397667613944,661397700713580
589.0297,962.0744,589.0297,962.0744,661397700852434,661397732306184
555.1261,1031.9443,589.0297,988.9317,661397732435767,661397764838267
575.77216,1040.2529,589.0297,988.9317,661397764995611,661397801510350
593.0432,1036.0833,589.0297,1031.9443,661397801664309,661397832606184
553.2265,1054.2926,589.0297,1036.0833,661397832765403,661397864775194
570.5046,988.8245,589.0297,1031.9443,661397864958840,661397900446600
549.5028,1058.3622,570.5046,1036.0833,661397900618215,661397936689569
843.1927,1427.255,589.0297,1036.0833,661397936859309,661397967755246
882.08026,1275.9713,589.0297,1058.3622,661397967950455,661398001828736
858.939,1367.38,843.1927,1275.9713,661398001990871,661398034887017
690.5056,1249.1119,690.5056,1249.1119,661398035048059,661398066529986
419.5102,1374.3684,690.5056,1275.9713,661398066672798,661398099887330
263.14902,1503.2853,690.5056,1275.9713,661398100070611,661398132640298
302.026,1439.8759,419.5102,1374.3684,661398132783267,661398163318267
294.25238,1307.5425,302.026,1307.5425,661398163472173,661398196627694
781.1435,1493.8724,419.5102,1374.3684,661398196809673,661398231432850
777.51807,1225.668,419.5102,1307.5425,661398231846184,661398266794673
789.4753,1268.1215,777.51807,1307.5425,661398266943788,661398300863736
619.06824,1432.0703,619.06824,1307.5425,661398301033423,661398334362642
340.29874,1517.6296,619.06824,1307.5425,661398334546444,661398369771236
277.92184,1433.0553,619.06824,1432.0703,661398369951652,661398401399465
263.30856,1444.1877,340.29874,1433.0553,661398401552538,661398432204465
278.9732,1328.395,278.9732,1432.0703,661398432429517,661398465802590
814.2167,1540.6818,340.29874,1433.0553,661398465949673,661398499240663
753.50464,1585.5128,340.29874,1433.0553,661398499372277,661398531163996
797.7775,1412.6069,753.50464,1433.0553,661398531304413,661398561521444
803.5043,1361.2333,753.50464,1433.0553,661398561711548,661398593227173
729.8032,1451.862,753.50464,1433.0553,661398593352017,661398629719308
711.4262,1505.6022,753.50464,1433.0553,661398629908006,661398660952381
679.4292,1481.7445,729.8032,1451.862,661398661366444,661398692663058
660.97595,1459.1132,711.4262,1459.1132,661398692747277,661398726318527
498.96274,1526.2977,679.4292,1459.1132,661398726400350,661398758695454
108.05265,1773.8542,660.97595,1459.1132,661398758817642,661398795065350
-218.26108,1734.2158,498.96274,1526.2977,661398795208527,661398858507433
-286.53046,1877.1339,108.05265,1734.2158,661398858607746,661398894656548
102.02525,1672.5361,102.02525,1672.5361,661398894815298,661398929099933
659.2174,1362.9692,108.05265,1672.5361,661398929275610,661398962882642
656.571,1461.9612,108.05265,1672.5361,661398963008371,661398995167433
677.9606,1555.9299,656.571,1555.9299,661398995329308,661399026494048
738.8213,1516.1119,656.571,1555.9299,661399026592798,661399057787798
778.20795,1529.3878,677.9606,1555.9299,661399057909517,661399091699621
807.25195,1659.7665,738.8213,1555.9299,661399091788840,661399124159204
846.7858,1617.9501,778.20795,1555.9299,661399124241912,661399153558267
862.41254,1674.3629,807.25195,1617.9501,661399153731079,661399184727798
866.1273,1904.4528,846.7858,1617.9501,661399185349204,661399216296756
820.3976,2161.3613,820.3976,1674.3629,661399217569933,661399246660923
863.61053,2347.117,846.7858,1904.4528,661399250632537,661399281867485
916.32715,2326.8982,846.7858,2161.3613,661399282648996,661399315050767
940.01984,2305.297,863.61053,2305.297,661399317171964,661399348177537
954.1992,2288.8628,916.32715,2288.8628,661399350654777,661399381147642
965.93866,2256.5737,940.01984,2288.8628,661399382670714,661399413362589
961.29065,2260.7383,954.1992,2288.8628,661399414467850,661399443223110
837.4952,2282.191,940.01984,2282.191,661399449551339,661399478820975
873.6012,1680.3489,940.01984,2282.191,661399484401496,661399515902329
881.33093,1634.7714,881.33093,2282.191,661399518507954,661399548546287
906.12946,1604.003,906.12946,1680.3489,661399551378735,661399580798787
888.972,1951.8868,888.972,1951.8868,661399583410610,661399614700194
926.79144,2198.0088,906.12946,1951.8868,661399616794621,661399646764725
983.5225,2150.331,906.12946,1951.8868,661399651004516,661399681671808
1015.64624,2086.6985,926.79144,2086.6985,661399682442850,661399717272693
936.9214,2204.0203,936.9214,2086.6985,661399719002850,661399749331756
864.9792,1822.6472,926.79144,2086.6985,661399750290975,661399779607433
876.67505,1762.0691,926.79144,2086.6985,661399783146756,661399813256079
880.0082,1815.6077,880.0082,1822.6472,661399819055818,661399848943683
871.2054,2121.9753,880.0082,2086.6985,661399849545871,661399879459464
905.68616,2265.7385,880.0082,2086.6985,661399885368318,661399916213683
944.10144,2284.4092,880.0082,2121.9753,661399918028006,661399948754777
901.0023,2238.9167,901.0023,2238.9167,661399949915870,661399980785193
879.81055,1650.0771,880.0082,2121.9753,661399986951495,661400020367798
857.15094,1823.4094,880.0082,2121.9753,661400020496495,661400054503735
884.19885,1935.9923,880.0082,1935.9923,661400054940714,661400092738475
933.4906,2210.7654,880.0082,2121.9753,661400092913839,661400125925037
1004.60474,2121.4333,884.19885,2121.4333,661400126371756,661400161790818
1061.2905,1992.1472,933.4906,2121.4333,661400161902537,661400193174829
1097.5059,1837.9568,1004.60474,2121.4333,661400193323058,661400225537850
1105.1241,1810.3917,1061.2905,1992.1472,661400226193162,661400265423683
1096.0579,1838.3458,1096.0579,1838.3458,661400265581808,661400299374881
1104.413,1788.0331,1096.0579,1838.3458,661400299504464,661400330472589
1104.7837,1783.9585,1096.0579,1838.3458,661400330592381,661400361605089
1081.4985,1859.6703,1096.0579,1838.3458,661400361767016,661400395223474
895.88837,1939.7303,1096.0579,1838.3458,661400395381912,661400427669412
908.9863,1558.035,1081.4985,1838.3458,661400427836964,661400459674672
929.5204,1287.9753,929.5204,1838.3458,661400459841079,661400494652589
867.01385,1522.2869,929.5204,1558.035,661400494827068,661400529029933
644.9936,1536.3004,929.5204,1536.3004,661400529193995,661400563483995
797.3203,1420.7461,867.01385,1536.3004,661400563600506,661400595402172
727.9799,1303.3722,797.3203,1536.3004,661400595536599,661400626375818
720.269,1238.3431,797.3203,1420.7461,661400626528735,661400659895558
659.52216,1156.7754,727.9799,1303.3722,661400660909568,661400694924985
649.4378,1194.9108,720.269,1238.3431,661400695020141,661400733175401
544.9222,1140.9761,659.52216,1194.9108,661400733521756,661400765858995
550.74457,1178.5547,649.4378,1194.9108,661400766017224,661400797053422
523.05524,1204.0911,550.74457,1194.9108,661400797209672,661400829781078
529.10016,1199.5359,550.74457,1194.9108,661400829950141,661400860707745
548.658,1194.7028,548.658,1194.9108,661400860894776,661400891695141
553.1975,1171.4772,550.74457,1194.9108,661400891836651,661400925970141
576.3907,1156.8317,550.74457,1194.7028,661400926117745,661400959990662
547.20966,1163.0618,550.74457,1171.4772,661400960218787,661401004348422
554.2505,1179.9741,550.74457,1179.9741,661401004449776,661401034642120
621.6551,1157.3082,550.74457,1171.4772,661401034814933,661401068317433
646.7722,1194.6892,554.2505,1179.9741,661401068461703,661401099861912
658.1963,1163.4741,621.6551,1171.4772,661401100087589,661401131488214
706.76373,1155.566,646.7722,1171.4772,661401131666287,661401172563058
680.4917,1164.6327,658.1963,1164.6327,661401172914672,661401203746599
662.90686,1224.3468,662.90686,1171.4772,661401203858057,661401235632380
690.3843,1172.5616,662.90686,1171.4772,661401236545193,661401270140610
743.5451,1174.1584,662.90686,1172.5616,661401270237328,661401304134724
738.1603,1207.1366,690.3843,1172.5616,661401304300557,661401340204724
747.91,1183.3954,738.1603,1174.1584,661401340398526,661401371990453
703.06525,1267.0522,703.06525,1183.3954,661401372267849,661401418226964
638.05493,1202.9663,703.06525,1183.3954,661401418393526,661401450076026
81.56589,1435.664,703.06525,1202.9663,661401450604932,661401482260922
45.591763,1372.6727,638.05493,1202.9663,661401482409620,661401513635974
58.18402,1342.0459,81.56589,1342.0459,661401513831912,661401544105662
31.680971,1457.9204,58.18402,1342.0459,661401544303682,661401583187901
38.21138,1341.2153,58.18402,1342.0459,661401583329464,661401622673370
166.2578,1310.8588,58.18402,1342.0459,661401622835714,661401656918891
118.29075,1329.8904,58.18402,1341.2153,661401657058318,661401696452328
183.02655,1234.7046,118.29075,1329.8904,661401696617120,661401729510505
171.11188,1325.6018,118.29075,1329.8904,661401729620505,661401764343109
171.09625,1343.0437,171.09625,1329.8904,661401764528734,661401798451651
184.01704,1296.7104,171.09625,1329.8904,661401798968422,661401828885297
351.6172,1374.1824,171.09625,1329.8904,661401829062693,661401860092276
355.67178,1356.2448,184.01704,1329.8904,661401861188891,661401892264516
364.2549,1371.2666,351.6172,1356.2448,661401892371286,661401923680713
372.23535,1366.7185,355.67178,1356.2448,661401923819984,661401954691338
366.52228,1385.0659,364.2549,1366.7185,661401955433786,661401987621338
352.42654,1398.782,355.67178,1366.7185,661401989814463,661402021267849
447.15775,1440.909,364.2549,1385.0659,661402026943578,661402058513786
651.92426,1445.3883,364.2549,1398.782,661402058701338,661402088977068
631.88885,1388.0221,447.15775,1388.0221,661402089153474,661402119870765
668.52716,1411.1964,631.88885,1398.782,661402125902536,661402154491703
690.26196,1362.7888,631.88885,1388.0221,661402155224047,661402188295505
211.32771,1549.0798,631.88885,1398.782,661402192526703,661402222791963
82.97079,1585.1069,631.88885,1398.782,661402234763995,661402275962953
115.94418,1556.1527,211.32771,1549.0798,661402276206078,661402306624672
116.902435,1535.0544,116.902435,1535.0544,661402306770557,661402340291078
87.10217,1503.5715,116.902435,1535.0544,661402340409307,661402371832120
71.3588,1504.1002,116.902435,1535.0544,661402371968890,661402402005453
97.19176,1498.6337,97.19176,1504.1002,661402402109880,661402435232120
122.12108,1467.3773,116.902435,1504.1002,661402435312692,661402469891651
195.23161,1533.8481,116.902435,1504.1002,661402470917692,661402506130453
189.97083,1564.6857,122.12108,1504.1002,661402506286286,661402538902015
229.07054,1473.166,189.97083,1504.1002,661402539076078,661402571701338
218.36426,1462.1522,189.97083,1504.1002,661402571881078,661402610758734
236.82024,1445.552,218.36426,1473.166,661402610956755,661402641806390
255.65883,1428.5696,218.36426,1462.1522,661402641972224,661402674028682
260.07736,1503.3558,236.82024,1473.166,661402674198369,661402706596911
292.16452,1466.4237,255.65883,1466.4237,661402706746182,661402739052901
319.7974,1465.1564,260.07736,1466.4237,661402739197328,661402771785349
318.68552,1445.1119,292.16452,1466.4237,661402771918005,661402803551599
376.64612,1765.4755,318.68552,1466.4237,661402803693161,661402834631026
817.62463,1509.392,318.68552,1466.4237,661402834719671,661402871386703
811.04846,1441.1465,376.64612,1466.4237,661402871669567,661402905386442
701.5319,1471.8085,701.5319,1466.4237,661402905537692,661402937650401
407.27097,1611.1808,407.27097,1466.4237,661402937820192,661402979043005
392.0555,1262.5532,407.27097,1466.4237,661402979219776,661403011484567
416.70303,1282.5104,407.27097,1466.4237,661403012583421,661403043731963
446.02493,1625.0333,407.27097,1466.4237,661403043861703,661403074174984
817.27026,1394.1428,416.70303,1466.4237,661403074322848,661403106567848
895.0658,1175.7535,446.02493,1466.4237,661403106706390,661403138863734
688.1838,1293.6996,688.1838,1394.1428,661403138996755,661403173299775
623.6249,1189.0704,623.6249,1293.6996,661403173442015,661403205989828
692.72656,1026.5682,688.1838,1293.6996,661403206128890,661403241312588
697.35486,912.1343,688.1838,1189.0704,661403241483734,661403289774515
599.38403,1239.2778,688.1838,1239.2778,661403289907328,661403321886755
842.0306,1189.4176,688.1838,1189.4176,661403327672119,661403363199255
834.20844,1303.1895,688.1838,1239.2778,661403363295765,661403393528994
615.788,1423.9462,688.1838,1239.2778,661403394058317,661403424769880
512.2013,1322.4271,688.1838,1303.1895,661403424912692,661403454033421
516.39624,1186.9604,615.788,1239.2778,661403460198213,661403491840400
558.5299,1059.8744,558.5299,1239.2778,661403492543525,661403523087640
823.72626,1400.703,615.788,1239.2778,661403523203005,661403558269202
817.7562,1218.2129,615.788,1239.2778,661403562243109,661403593022796
750.8831,828.6372,750.8831,1239.2778,661403593152484,661403625019619
459.93106,1301.7789,615.788,1239.2778,661403625126859,661403659668369
557.93634,1278.3951,615.788,1239.2778,661403659767588,661403700992692
588.0606,1089.8517,588.0606,1239.2778,661403701100036,661403732612484
570.3502,996.03174,588.0606,1239.2778,661403732716286,661403765270140
520.25793,1025.019,588.0606,1089.8517,661403765370921,661403803723838
510.1651,1058.6716,570.3502,1058.6716,661403803894671,661403836063369
484.33417,1074.1873,520.25793,1074.1873,661403836220973,661403868961494
382.04446,1148.9772,510.1651,1074.1873,661403869117952,661403902478109
111.69954,1271.3282,484.33417,1074.1873,661403902636129,661403935060973
114.57235,1171.7668,382.04446,1148.9772,661403935223161,661403968569671
55.007057,1200.7001,114.57235,1171.7668,661403968725400,661404001298786
82.191345,1203.7719,114.57235,1171.7668,661404001458265,661404033347327
86.12732,1225.6359,86.12732,1200.7001,661404033481963,661404066843838
86.69349,1210.5753,86.69349,1203.7719,661404066969202,661404098885817
66.29516,1133.3368,86.12732,1200.7001,661404098971858,661404133757952
134.44095,1184.9962,86.69349,1200.7001,661404133927015,661404167307952
149.7382,1179.1525,86.69349,1184.9962,661404167415765,661404198550244
173.75357,1169.4375,134.44095,1184.9962,661404198658473,661404233978838
178.673,1175.0571,149.7382,1179.1525,661404234150348,661404272502327
178.97052,1156.2719,173.75357,1175.0571,661404272666390,661404306566963
187.8988,1149.8398,178.673,1175.0571,661404306745608,661404342180140
216.01671,1111.6549,178.97052,1156.2719,661404342357588,661404372501546
302.5388,1081.3999,187.8988,1149.8398,661404372688785,661404404456025
600.8667,1076.6924,216.01671,1111.6549,661404404635088,661404437769775
556.0862,1108.8938,302.5388,1108.8938,661404437895400,661404473363473
577.14166,1107.0326,556.0862,1108.8938,661404473649046,661404506891598
596.56055,1053.8909,556.0862,1108.8938,661404507044150,661404539326546
572.7864,1061.0571,572.7864,1107.0326,661404539512900,661404572193681
589.2795,1085.6163,572.7864,1085.6163,661404572369723,661404604949202
569.2949,1127.0564,572.7864,1107.0326,661404605118681,661404636883265
592.59344,1128.864,572.7864,1107.0326,661404637049098,661404668084098
537.97986,1221.0457,572.7864,1127.0564,661404668253108,661404700561858
550.5007,1219.8987,572.7864,1128.864,661404700722848,661404737588264
530.6201,1204.958,550.5007,1204.958,661404737763369,661404770854723
512.2657,1227.976,550.5007,1204.958,661404771035556,661404804375192
520.1898,1218.5979,530.6201,1204.958,661404804858004,661404837945296
507.77664,1222.9075,520.1898,1218.5979,661404838965608,661404870269514
489.3522,1228.7399,520.1898,1218.5979,661404870388421,661404905073733
450.31723,1254.7988,507.77664,1222.9075,661404905192119,661404937107014
424.7278,1260.8528,489.3522,1228.7399,661404937262223,661404972438837
345.194,1287.3523,450.31723,1254.7988,661404972603108,661405005603108
372.19983,1245.4119,424.7278,1245.4119,661405005767119,661405045024150
388.31372,1221.4362,388.31372,1245.4119,661405045131546,661405076962014
377.2359,1300.0209,388.31372,1245.4119,661405077067535,661405107123577
153.76936,1353.6045,388.31372,1245.4119,661405107324306,661405140548785
177.90443,1319.4532,377.2359,1300.0209,661405140694306,661405173780608
150.75546,1279.178,177.90443,1279.178,661405173930660,661405207864202
175.759,1249.6364,177.90443,1279.178,661405207995712,661405241944150
157.88597,1341.894,175.759,1279.178,661405242142327,661405274627171
156.36041,1375.1826,175.759,1279.178,661405274798525,661405307745296
229.47296,1357.5894,175.759,1341.894,661405307923681,661405339242900
830.2125,925.9931,175.759,1279.178,661405339419983,661405372923316
768.1226,1075.8821,229.47296,1279.178,661405373095452,661405409324879
581.2366,716.1029,581.2366,1075.8821,661405409509306,661405441468473
271.27298,1244.4539,271.27298,1244.4539,661405441664514,661405474301910
149.39465,1300.8328,271.27298,1244.4539,661405477071129,661405508668785
122.214615,1215.9192,271.27298,1244.4539,661405508829358,661405544194983
102.72561,1198.395,149.39465,1244.4539,661405545013629,661405590359931
283.3374,1455.1672,271.27298,1244.4539,661405590535556,661405622715452
792.3667,1047.4755,271.27298,1244.4539,661405622872587,661405654281337
835.1191,779.41144,283.3374,1244.4539,661405655542952,661405687434202
857.0167,687.10815,792.3667,1047.4755,661405687984566,661405719443316
672.3171,1384.681,672.3171,1244.4539,661405720030087,661405757237743
665.46484,1143.9749,672.3171,1143.9749,661405757346441,661405791653733
638.682,1103.3569,672.3171,1143.9749,661405791760816,661405829261649
683.7273,1038.0413,672.3171,1143.9749,661405830301077,661405862805608
625.2855,920.5332,672.3171,1103.3569,661405863005347,661405899691858
616.84595,937.20404,672.3171,1038.0413,661405900139514,661405931950556
624.3124,942.338,625.2855,942.338,661405932181285,661405965336389
617.9569,967.28015,624.3124,967.28015,661405965516181,661405997880347
618.099,996.28986,624.3124,967.28015,661405998043368,661406036198368
620.8517,1004.345,620.8517,967.28015,661406036366233,661406072516129
645.6775,962.43036,624.3124,967.28015,661406072690972,661406103583733
598.05505,969.8381,620.8517,967.28015,661406103762431,661406158015347
821.9479,1206.2789,624.3124,967.28015,661406158105295,661406188699722
853.9224,1243.359,624.3124,969.8381,661406188854410,661406220733524
839.78674,1034.0864,821.9479,1034.0864,661406223218003,661406258605816
847.95807,988.43024,839.78674,988.43024,661406258729201,661406292443003
838.8646,835.991,838.8646,988.43024,661406293193681,661406322910868
805.74493,1087.2069,838.8646,988.43024,661406322994358,661406353852951
798.0547,1232.9225,838.8646,988.43024,661406353998264,661406385488420
795.2187,1230.6904,805.74493,1087.2069,661406385858785,661406418131493
856.0845,1311.8427,838.8646,1230.6904,661406419321597,661406451455503
872.7407,944.04175,838.8646,1087.2069,661406456847483,661406489535035
767.78925,873.19617,838.8646,1087.2069,661406490385972,661406522735608
591.96265,1219.2783,838.8646,1087.2069,661406522834149,661406553494462
646.8356,1348.8442,767.78925,1087.2069,661406553601597,661406583122014
625.2665,1263.4974,646.8356,1219.2783,661406584370972,661406620369201
554.5628,1136.9849,646.8356,1136.9849,661406620460660,661406648998055
596.5912,1068.5106,625.2665,1136.9849,661406653436285,661406686395764
523.4075,1039.1825,596.5912,1136.9849,661406686557899,661406718192535
583.2546,1000.6582,596.5912,1068.5106,661406718969097,661406753845451
612.1524,1179.1707,596.5912,1136.9849,661406754003420,661406784281545
851.72314,1192.9852,596.5912,1136.9849,661406788810972,661406820620191
837.9709,1153.6458,612.1524,1153.6458,661406820732378,661406852328993
872.64197,862.0833,837.9709,1136.9849,661406853272639,661406882977066
772.44916,1351.8694,772.44916,1153.6458,661406884057795,661406914447795
857.10834,1246.7815,837.9709,1153.6458,661406921491857,661406956062743
778.0362,1148.2465,778.0362,1153.6458,661406957689774,661406989956805
781.6257,1170.7136,781.6257,1153.6458,661406990314774,661407021737222
879.3683,1232.344,781.6257,1153.6458,661407021889462,661407074135243
879.14087,1073.1758,781.6257,1153.6458,661407074257378,661407115340139
874.6801,1346.6045,874.6801,1153.6458,661407115444097,661407147252691
910.21545,1173.7853,874.6801,1153.6458,661407147442378,661407178323107
891.6036,1230.6649,874.6801,1173.7853,661407178480659,661407208373732
907.5252,1232.6587,891.6036,1173.7853,661407208472482,661407242386389
916.0758,1211.7795,891.6036,1211.7795,661407242505139,661407275955868
896.85144,1337.3782,896.85144,1211.7795,661407276117326,661407317396128
892.45624,1353.0433,892.45624,1211.7795,661407317573993,661407348629774
898.56226,1372.9828,896.85144,1337.3782,661407348764045,661407378119461
951.37683,1375.0808,896.85144,1353.0433,661407378335347,661407408214409
929.2843,1751.8784,898.56226,1372.9828,661407409213680,661407447656284
1010.72577,1926.7179,929.2843,1375.0808,661407447828368,661407477955347
1042.5646,1996.0007,929.2843,1751.8784,661407478133211,661407510366336
1072.8322,1909.2325,1010.72577,1909.2325,661407510550555,661407545585347
1084.217,1855.381,1042.5646,1855.381,661407545764409,661407576367847
962.96906,1778.2092,1010.72577,1855.381,661407576517118,661407614667065
928.8847,1429.4034,1010.72577,1855.381,661407614801909,661407644807638
953.5861,1476.4264,962.96906,1778.2092,661407644992222,661407674974878
1013.9036,1951.0266,1010.72577,1855.381,661407675321440,661407713526909
1070.0974,1912.7976,1010.72577,1855.381,661407713694409,661407745788680
1114.9015,1714.7769,1013.9036,1855.381,661407745933159,661407777654201
1133.5105,1577.8414,1070.0974,1855.381,661407777774305,661407811430451
1146.3064,1523.221,1114.9015,1714.7769,661407811555347,661407842781076
1081.4958,1217.0826,1081.4958,1577.8414,661407842934409,661407873010347
618.56934,1012.0125,1081.4958,1523.221,661407873114513,661407906064201
605.263,1024.536,1081.4958,1217.0826,661407906203524,661407937453472
582.11707,1082.8438,618.56934,1082.8438,661407937582117,661407967826492
630.4316,1075.0165,630.4316,1082.8438,661407967985086,661407998162169
566.5981,919.90784,618.56934,1082.8438,661407998332586,661408031932326
626.2132,1041.7131,626.2132,1075.0165,661408032177482,661408063387847
611.28375,1039.8038,618.56934,1041.7131,661408063564669,661408095523055
575.4501,1081.5663,618.56934,1075.0165,661408095691232,661408130946336
878.25995,1249.9772,618.56934,1075.0165,661408131111492,661408163864565
804.17773,1026.4756,618.56934,1075.0165,661408165057534,661408198847534
832.56067,979.5346,804.17773,1075.0165,661408198977690,661408229766232
747.8832,1480.4199,747.8832,1075.0165,661408229912169,661408261852221
702.39655,1283.1719,747.8832,1075.0165,661408261972169,661408300268576
739.79626,1228.0638,747.8832,1228.0638,661408300365034,661408331689721
734.27686,1094.6897,739.79626,1094.6897,661408331883211,661408363221909
692.4614,1100.7034,739.79626,1100.7034,661408363399096,661408398276388
892.1412,1231.036,739.79626,1100.7034,661408398441232,661408432126440
830.01794,1421.2354,739.79626,1100.7034,661408432300971,661408465784096
839.10394,882.56366,830.01794,1100.7034,661408465981440,661408499565763
641.26874,1391.2944,739.79626,1100.7034,661408499663107,661408530438107
718.31934,1235.7755,739.79626,1100.7034,661408530550607,661408562441388
720.954,1122.6267,720.954,1122.6267,661408562552690,661408594333888
722.51965,1027.1635,722.51965,1100.7034,661408594450503,661408625654357
717.58453,1012.66364,720.954,1100.7034,661408625764669,661408656951440
719.0217,993.0742,720.954,1027.1635,661408658527742,661408717220398
353.02762,1229.9993,719.0217,1100.7034,661408717327065,661408748941180
122.753395,1366.6477,719.0217,1100.7034,661408749945086,661408785586596
89.273735,1311.8353,353.02762,1229.9993,661408785767534,661408819631805
97.63367,1330.5875,122.753395,1311.8353,661408819789148,661408853875815
78.86236,1278.5272,97.63367,1278.5272,661408853979669,661408892742846
73.24142,1282.2627,97.63367,1282.2627,661408895109148,661408930187950
84.04481,1277.1818,84.04481,1278.5272,661408930333263,661408963765346
134.91463,1226.6075,97.63367,1278.5272,661408963912430,661408996886909
149.05316,1242.0247,97.63367,1277.1818,661408997788732,661409046219825
172.79242,1225.7924,134.91463,1242.0247,661409047118836,661409083625815
173.65993,1225.6528,149.05316,1242.0247,661409083762898,661409115154304
200.25233,1215.895,172.79242,1225.7924,661409115327221,661409147963523
229.45752,1237.736,173.65993,1237.736,661409148226232,661409184159252
358.6012,1158.5139,200.25233,1225.7924,661409184378002,661409223385502
665.5344,1252.6279,229.45752,1237.736,661409223534252,661409260348575
611.88947,1278.8677,358.6012,1237.736,661409260765086,661409299074044
598.7807,1271.8058,598.7807,1252.6279,661409299191909,661409333017325
638.46454,1207.289,598.7807,1237.736,661409333118679,661409365575502
630.9936,1175.5526,598.7807,1237.736,661409365690919,661409397116648
666.7173,1122.8713,630.9936,1207.289,661409397239981,661409430219773
695.10834,1158.3232,630.9936,1175.5526,661409430338106,661409461549044
785.03186,1293.8483,666.7173,1207.289,661409461657377,661409493143367
763.3954,1237.1101,695.10834,1207.289,661409493250867,661409526567377
799.2911,1175.7997,763.3954,1207.289,661409527602742,661409558884825
800.93823,1295.7627,763.3954,1207.289,661409559031023,661409591450658
937.52673,1629.8927,799.2911,1207.289,661409592410554,661409627603679
792.5584,1210.0269,792.5584,1210.0269,661409627719565,661409659199304
811.8273,1524.1022,799.2911,1210.0269,661409659363002,661409694923054
530.0053,1615.8784,792.5584,1210.0269,661409695012690,661409726175450
453.40366,1348.8837,792.5584,1348.8837,661409726331440,661409760157065
409.0378,1104.8129,530.0053,1210.0269,661409760276960,661409793594148
372.26285,1026.0676,453.40366,1210.0269,661409793793002,661409826812013
374.0267,980.44226,409.0378,1104.8129,661409826904721,661409860502481
366.59283,935.1311,374.0267,1026.0676,661409860603158,661409890568002
367.85916,957.09845,374.0267,980.44226,661409890707117,661409923772065
378.81396,1008.9248,374.0267,1008.9248,661409923908002,661409956804565
349.47903,1023.5231,374.0267,1008.9248,661409956947377,661409991708783
402.50287,986.9132,374.0267,1008.9248,661409992574200,661410025527637
392.66132,1276.3676,374.0267,1008.9248,661410025708783,661410056830971
771.63007,1236.8467,392.66132,1008.9248,661410058517690,661410091973835
855.80286,1323.5115,392.66132,1236.8467,661410092183367,661410123758575
513.8124,1193.7817,513.8124,1193.7817,661410123929825,661410154861648
423.10504,1023.3823,423.10504,1193.7817,661410157021023,661410188818054
399.30746,894.8468,423.10504,1193.7817,661410190079564,661410236501127
381.71802,817.33093,423.10504,1023.3823,661410236611804,661410270760450
443.69922,740.9603,423.10504,894.8468,661410271113523,661410314077377
427.01917,695.21954,423.10504,817.33093,661410315025919,661410345128106
392.04633,689.0724,423.10504,740.9603,661410345311752,661410378822221
494.30154,565.4214,423.10504,695.21954,661410379020866,661410409985554
603.4831,322.03775,423.10504,689.0724,661410410179044,661410440674929
618.9701,310.70984,494.30154,565.4214,661410440864096,661410473823627
603.5088,308.04,603.4831,322.03775,661410474032585,661410505687325
614.10065,238.20195,603.5088,310.70984,661410505847637,661410539502064
610.7369,270.13547,603.5088,308.04,661410539701439,661410574164877
600.5949,230.59753,603.5088,270.13547,661410574345137,661410608372585
590.6719,217.32608,603.5088,270.13547,661410608527064,661410642560189
611.69446,213.89795,603.5088,230.59753,661410642743783,661410674929668
593.49194,183.80524,603.5088,217.32608,661410675049721,661410707003679
590.34595,182.47784,603.5088,213.89795,661410707181387,661410738658783
589.43695,193.94868,593.49194,193.94868,661410738833314,661410772071752
593.27203,198.77759,593.27203,198.77759,661410772211648,661410806587429
591.93066,180.7864,593.27203,193.94868,661410806732273,661410838793991
593.62994,195.52866,593.27203,195.52866,661410838989668,661410884645918
613.6083,178.61736,593.27203,193.94868,661410885121908,661410917098783
611.8491,182.64713,593.62994,193.94868,661410917745085,661410947669773
607.19574,191.20927,607.19574,191.20927,661410954839720,661410985363783
599.2634,266.14075,599.2634,193.94868,661410988835137,661411019061804
417.13824,1257.9281,599.2634,193.94868,661411020051752,661411053607793
343.10504,1550.3671,599.2634,266.14075,661411053751804,661411113793054
309.75647,1546.9746,417.13824,1257.9281,661411113898262,661411144928991
377.2497,1508.618,377.2497,1508.618,661411145113002,661411179180554
372.15793,1430.9713,377.2497,1430.9713,661411179359668,661411212670554
378.23746,1415.5941,377.2497,1430.9713,661411212847012,661411245503054
372.4492,1446.869,377.2497,1430.9713,661411245666908,661411280607377
367.3909,1441.3649,377.2497,1430.9713,661411280823418,661411317523574
349.07394,1411.4031,372.4492,1430.9713,661411317697168,661411352717689
495.7918,590.6121,377.2497,1430.9713,661411352893314,661411383784043
515.12146,587.04974,377.2497,1411.4031,661411384266022,661411417276960
510.6518,554.09406,495.7918,590.6121,661411418237949,661411451622481
512.7557,522.6929,510.6518,587.04974,661411460884564,661411494915189
485.27972,494.0214,495.7918,554.09406,661411495090501,661411542323522
513.7346,526.19037,510.6518,526.19037,661411551868418,661411590010137
516.38696,538.9157,510.6518,538.9157,661411590877741,661411623780814
514.78345,492.5491,513.7346,526.19037,661411623958314,661411654958314
594.94794,246.18701,514.78345,526.19037,661411655104512,661411688285501
616.9006,245.58238,514.78345,492.5491,661411688431595,661411720385345
613.56036,239.21547,594.94794,246.18701,661411721616908,661411754984720
601.10736,202.8972,601.10736,245.58238,661411755127481,661411788921335
605.7672,207.42136,601.10736,239.21547,661411789094251,661411822009616
585.42206,206.28598,601.10736,207.42136,661411822113158,661411851736803
595.32983,212.6974,601.10736,212.6974,661411852397845,661411883981439
605.7228,419.4395,601.10736,212.6974,661411884515189,661411917095189
422.3683,1441.1581,601.10736,212.6974,661411922391439,661411954596699
413.13452,1681.8456,601.10736,419.4395,661411954768730,661411987675345
387.32504,1639.6393,422.3683,1441.1581,661411989173210,661412020846908
401.49408,1584.7134,413.13452,1584.7134,661412022316387,661412055636699
400.12888,1532.1925,401.49408,1532.1925,661412056523574,661412087640605
391.0921,1542.1527,401.49408,1542.1527,661412088679668,661412120167376
392.66782,1554.851,400.12888,1542.1527,661412122426074,661412152512428
417.51166,1530.0906,401.49408,1542.1527,661412154095345,661412184849460
412.8171,1529.1096,401.49408,1542.1527,661412187912012,661412218579928
397.65622,1478.198,401.49408,1530.0906,661412218748470,661412249466074
403.6739,1470.7731,401.49408,1529.1096,661412254151230,661412283954147
426.63223,1507.6138,401.49408,1507.6138,661412285745918,661412318592272
445.64066,1477.2627,403.6739,1507.6138,661412319441491,661412353134199
420.33643,1501.8093,420.33643,1507.6138,661412354310241,661412386937220
430.8094,1497.3492,420.33643,1501.8093,661412389277324,661412422580345
446.94705,1493.0352,420.33643,1501.8093,661412422715605,661412453706126
426.2965,1812.1454,426.2965,1501.8093,661412455983522,661412488276387
773.1814,1570.6226,426.2965,1501.8093,661412489416491,661412520263730
710.29785,1686.6067,426.2965,1570.6226,661412520387012,661412554727741
523.09686,1720.171,523.09686,1570.6226,661412555208522,661412586473678
457.90186,1680.1165,457.90186,1680.1165,661412589126803,661412621302741
621.5499,1478.2273,523.09686,1570.6226,661412621459980,661412652658470
588.86426,1334.51,523.09686,1570.6226,661412652806439,661412683217064
522.5106,1329.209,523.09686,1478.2273,661412684924928,661412715949668
506.36322,1220.3619,523.09686,1334.51,661412720190449,661412755085605
497.24246,1231.231,522.5106,1329.209,661412755249720,661412788151178
552.3438,1218.529,523.09686,1231.231,661412788288782,661412818569876
519.5439,1285.5448,522.5106,1285.5448,661412829046282,661412869916959
547.8002,1249.4744,523.09686,1249.4744,661412870044459,661412902817376
519.10724,1223.3894,522.5106,1249.4744,661412902963938,661412938583105
511.5977,1115.6405,522.5106,1249.4744,661412938748938,661412983919199
499.7601,722.6275,519.10724,1223.3894,661412985234563,661413019400761
461.1895,597.76154,511.5977,1115.6405,661413019594303,661413051441959
484.0153,614.721,499.7601,722.6275,661413051623313,661413081591126
520.81696,627.08923,511.5977,627.08923,661413081770449,661413114452168
510.77484,644.5718,510.77484,644.5718,661413114634147,661413144668678
503.1373,651.01166,510.77484,644.5718,661413144781959,661413176866907
508.1207,670.1951,510.77484,644.5718,661413177036230,661413210865084
498.9627,646.57837,508.1207,646.57837,661413210983522,661413241005292
440.95682,766.79706,508.1207,646.57837,661413241192688,661413274172063
639.23694,867.28296,508.1207,646.57837,661413274378522,661413306727845
523.39856,806.75995,508.1207,766.79706,661413306911334,661413340117167
513.4765,880.63226,513.4765,806.75995,661413340260345,661413376290449
537.9799,713.1517,513.4765,766.79706,661413376484147,661413411063261
515.84784,656.589,513.4765,766.79706,661413411862845,661413449837272
450.0626,656.8721,513.4765,713.1517,661413450006282,661413481353626
430.7566,783.1014,513.4765,766.79706,661413481553053,661413512358938
425.11075,764.236,450.0626,764.236,661413513167324,661413551699251
438.88263,846.5725,438.88263,766.79706,661413551874511,661413583102740
447.46158,735.38995,447.46158,764.236,661413583283626,661413615862792
454.67096,830.7533,447.46158,766.79706,661413616094042,661413648773001
465.07098,762.5327,447.46158,764.236,661413648942792,661413681091751
464.8593,651.9236,454.67096,764.236,661413681273938,661413711269563
445.59335,550.3668,447.46158,762.5327,661413711827584,661413745697271
425.42053,563.85956,447.46158,651.9236,661413745817480,661413780162219
435.01904,569.4044,445.59335,569.4044,661413780342219,661413811661803
424.8847,549.0393,435.01904,569.4044,661413811844928,661413844514824
422.96542,543.3783,435.01904,569.4044,661413845370969,661413877564719
428.5265,546.35004,428.5265,549.0393,661413877704303,661413908554303
431.7076,450.9621,431.7076,546.35004,661413908669407,661413940076855
479.44638,436.8817,431.7076,546.35004,661413940263782,661413971361698
464.95526,440.26404,431.7076,450.9621,661413971458261,661414003844198
460.31052,417.611,460.31052,440.26404,661414003934459,661414036460344
481.05878,395.68604,460.31052,440.26404,661414036549980,661414068907948
460.98105,385.40433,460.31052,417.611,661414069009563,661414100636021
450.45358,397.06314,460.31052,397.06314,661414100751646,661414132169719
418.97723,447.76126,460.31052,417.611,661414132615136,661414164405709
381.78928,966.81573,450.45358,417.611,661414164533261,661414197322688
379.61288,967.5814,418.97723,447.76126,661414197482896,661414228444719
357.13864,1054.396,381.78928,966.81573,661414228891178,661414262166125
379.6985,959.1027,379.6985,959.1027,661414262349719,661414293541073
352.61646,1102.1421,379.6985,966.81573,661414294444823,661414325608417
364.3786,977.85876,379.6985,966.81573,661414327484980,661414365453000
353.173,1095.2054,364.3786,977.85876,661414365615865,661414396578625
333.57242,1177.2881,364.3786,977.85876,661414397857740,661414430603573
316.5897,1239.3197,353.173,1095.2054,661414430777532,661414462839355
290.54257,1300.4384,333.57242,1177.2881,661414463004355,661414497086021
295.26532,1266.5286,316.5897,1239.3197,661414498547167,661414534274979
274.52536,1340.2098,295.26532,1266.5286,661414534434667,661414566778365
280.6213,858.5899,295.26532,1239.3197,661414566932011,661414599511177
314.25803,609.1819,295.26532,1239.3197,661414599697115,661414631291854
320.27246,633.89606,295.26532,858.5899,661414631455396,661414664894094
346.87265,614.32117,314.25803,633.89606,661414665048469,661414705286854
345.06573,614.77673,320.27246,633.89606,661414707214927,661414741774875
319.2048,610.24854,319.2048,614.77673,661414741876490,661414783580084
335.4468,626.9844,320.27246,626.9844,661414783762063,661414814614511
316.92383,592.7684,319.2048,614.77673,661414814810031,661414847352792
313.86942,600.67993,319.2048,614.77673,661414847524563,661414885352323
325.52618,604.0321,319.2048,604.0321,661414885524302,661414918059823
384.44583,614.8973,319.2048,614.77673,661414918254719,661414952401333
413.80804,581.2479,325.52618,604.0321,661414952574302,661414984933052
432.36172,579.4982,384.44583,604.0321,661414985124042,661415018928886
398.49557,603.4498,398.49557,603.4498,661415019078781,661415051835761
630.37946,712.55273,398.49557,604.0321,661415052110656,661415083961281
788.46783,1166.7769,398.49557,604.0321,661415084166698,661415125843625
715.46423,1077.2003,630.37946,712.55273,661415126734927,661415158474042
461.31656,1247.346,461.31656,1077.2003,661415158586438,661415198924719
443.93753,945.47296,461.31656,945.47296,661415199087167,661415231456542
402.0491,948.997,461.31656,948.997,661415233526177,661415266419823
387.87247,809.49084,443.93753,945.47296,661415266565500,661415300578313
410.73187,756.0134,410.73187,945.47296,661415300663000,661415332885656
422.7064,751.02576,422.7064,809.49084,661415332974042,661415364763885
406.88824,736.9942,410.73187,756.0134,661415366372479,661415399239979
419.17038,675.417,419.17038,751.02576,661415399315552,661415430671437
402.82773,587.4098,410.73187,736.9942,661415430809250,661415464626542
422.04172,613.9327,419.17038,675.417,661415466806594,661415498039198
383.00906,618.7157,410.73187,618.7157,661415499415396,661415529725604
424.6794,602.52637,419.17038,618.7157,661415532138469,661415573399667
410.3243,617.0951,410.73187,618.7157,661415573487896,661415610087167
425.54736,632.98846,419.17038,618.7157,661415610269719,661415645602792
432.7639,642.39966,419.17038,618.7157,661415645770187,661415679018521
410.98282,729.12744,419.17038,632.98846,661415679168052,661415714138989
416.9039,769.79755,419.17038,642.39966,661415714311385,661415747083469
431.2738,788.5755,419.17038,729.12744,661415747277427,661415780516854
410.21558,775.6542,419.17038,769.79755,661415780684875,661415811250292
403.97992,812.39215,419.17038,775.6542,661415811433625,661415843648781
405.5945,839.2486,410.21558,775.6542,661415843804094,661415877748312
402.16486,824.16406,405.5945,812.39215,661415877945916,661415914120291
367.4155,806.305,405.5945,806.305,661415914314614,661415949167271
391.5336,828.1048,402.16486,812.39215,661415949394354,661415984350969
384.10416,837.99146,391.5336,812.39215,661415984526489,661416016360708
383.7359,839.19275,391.5336,828.1048,661416016530864,661416050169510
377.60007,854.9569,384.10416,837.99146,661416050347843,661416082879198
379.0014,802.0414,383.7359,828.1048,661416083042843,661416121367687
380.44495,768.6349,380.44495,828.1048,661416121454458,661416151772948
394.0146,731.887,383.7359,802.0414,661416151956698,661416182869510
389.6111,721.76666,383.7359,768.6349,661416183024354,661416215663416
379.82492,691.06384,383.7359,731.887,661416215830708,661416247939146
404.69034,717.40137,383.7359,721.76666,661416248176229,661416280773156
418.72928,684.47516,383.7359,717.40137,661416280956385,661416313585760
413.33224,692.7417,404.69034,717.40137,661416313762843,661416362929927
456.0896,573.29004,413.33224,692.7417,661416363048416,661416399770968
477.36533,569.0573,413.33224,692.7417,661416399937895,661416433491333
470.0305,539.1144,456.0896,573.29004,661416433621020,661416466849718
476.13492,533.67566,470.0305,569.0573,661416468538781,661416504073416
467.92108,511.2957,467.92108,539.1144,661416504167791,661416539179250
479.97617,520.0038,470.0305,533.67566,661416540253781,661416574676750
477.04092,526.7873,470.0305,526.7873,661416574821750,661416610339093
476.47052,532.7645,476.47052,532.7645,661416610495447,661416643350187
502.30225,542.3816,476.47052,532.7645,661416643520968,661416676806333
490.18723,564.915,476.47052,532.7645,661416676901854,661416708606124
425.70166,674.54974,476.47052,542.3816,661416709163937,661416740981385
633.0401,681.4866,476.47052,564.915,661416741130552,661416774219145
825.3214,1113.2494,476.47052,674.54974,661416774966072,661416810072479
800.9032,1166.0023,633.0401,681.4866,661416810249354,661416844393468
387.26004,1133.2767,476.47052,1113.2494,661416844568677,661416877683677
396.93295,990.3994,476.47052,990.3994,661416877833677,661416915481801
405.4078,813.9794,405.4078,990.3994,661416915634874,661416949731801
427.8485,898.5094,427.8485,990.3994,661416949849718,661416986923885
454.22305,777.67,427.8485,898.5094,661416987109979,661417021582426
446.5858,731.3043,427.8485,898.5094,661417021697635,661417054310760
423.94577,712.5518,427.8485,777.67,661417055338520,661417088257010
407.55078,725.8592,427.8485,731.3043,661417089777635,661417122255187
441.9405,666.23364,427.8485,725.8592,661417122364874,661417156873833
369.31738,403.12418,427.8485,725.8592,661417158468989,661417194056593
391.11258,431.8877,427.8485,666.23364,661417194235656,661417226222478
371.33966,414.49374,391.11258,431.8877,661417226393156,661417257614926
358.2516,438.2994,391.11258,438.2994,661417257763833,661417288035343
352.2028,455.42926,371.33966,438.2994,661417288169353,661417321419301
365.0069,424.71152,365.0069,438.2994,661417321824353,661417356148416
349.52643,478.40347,365.0069,438.2994,661417356334614,661417401724145
448.73196,297.22748,365.0069,438.2994,661417402761124,661417448673885
404.29385,345.73486,365.0069,438.2994,661417449522270,661417480826749
434.13727,332.07895,404.29385,345.73486,661417480998208,661417513757530
411.26614,336.06104,404.29385,345.73486,661417513943676,661417556681593
421.20795,351.7489,411.26614,345.73486,661417556853051,661417588695551
427.9015,358.5175,411.26614,345.73486,661417588872218,661417619309457
422.30957,357.49408,421.20795,351.7489,661417619418260,661417651697010
422.41794,349.17462,422.30957,349.17462,661417651808207,661417683829666
386.53098,613.5332,421.20795,351.7489,661417683938885,661417717405707
317.6914,1439.0522,421.20795,351.7489,661417717513885,661417749562270
300.7367,1550.8157,386.53098,613.5332,661417749672270,661417781849510
305.60797,1562.0878,317.6914,1439.0522,661417782009249,661417839063572
321.17337,1456.054,321.17337,1456.054,661417839260239,661417873847739
337.7632,1442.6221,321.17337,1442.6221,661417875012426,661417914925447
281.25406,1470.7543,321.17337,1456.054,661417915033312,661417947212634
176.3588,1495.6543,321.17337,1456.054,661417947387426,661417979324041
134.02692,1561.6599,281.25406,1470.7543,661417979489718,661418014898624
129.37529,1585.5156,176.3588,1495.6543,661418015005864,661418046909561
150.33585,1554.1702,150.33585,1554.1702,661418047086020,661418080148416
132.8548,1576.471,150.33585,1554.1702,661418080314874,661418113444301
110.01329,1595.7705,150.33585,1554.1702,661418113620864,661418146269249
126.029945,1604.2449,132.8548,1576.471,661418146363676,661418179351593
135.25557,1584.3324,135.25557,1584.3324,661418179447843,661418213275291
128.03615,1553.4115,132.8548,1576.471,661418213389353,661418245743728
487.5509,1536.6703,135.25557,1576.471,661418245845707,661418285879249
603.7946,1555.7479,135.25557,1555.7479,661418286654874,661418324357686
637.1917,1454.4789,487.5509,1555.7479,661418324540186,661418357574613
630.47565,1449.7986,603.7946,1555.7479,661418357707061,661418388655707
622.9286,1498.7571,622.9286,1498.7571,661418388824718,661418420499093
632.71185,1516.0137,622.9286,1516.0137,661418420657113,661418452348780
667.6544,1458.4222,622.9286,1498.7571,661418452493884,661418486765499
632.90985,1454.8593,632.71185,1498.7571,661418486918311,661418520202738
625.8321,1487.0867,625.8321,1487.0867,661418520340603,661418554101124
623.2819,1484.5226,625.8321,1487.0867,661418554289457,661418594694926
572.6529,1044.5424,625.8321,1487.0867,661418594875551,661418625420134
435.06552,566.2672,623.2819,1484.5226,661418625613572,661418656982426
456.07617,565.63464,572.6529,1044.5424,661418657158572,661418691410551
473.99307,495.951,473.99307,566.2672,661418691631384,661418726218572
446.92288,518.6505,473.99307,565.63464,661418726299613,661418761886645
448.70035,507.06015,473.99307,518.6505,661418762065759,661418793065551
447.67804,540.4646,448.70035,540.4646,661418793238467,661418825337686
446.62115,520.67615,448.70035,520.67615,661418825525967,661418856982322
555.9562,435.74728,448.70035,520.67615,661418857151124,661418887729822
595.2312,384.02264,448.70035,520.67615,661418887920603,661418923128103
607.4198,360.31808,555.9562,435.74728,661418923326384,661418955795238
581.16736,371.99225,581.16736,384.02264,661418955987738,661418989408936
576.2524,403.13757,576.2524,403.13757,661418989580082,661419022941697
529.5457,459.53735,576.2524,403.13757,661419023138311,661419054032374
558.13635,427.11914,576.2524,403.13757,661419054225290,661419088477113
564.29956,401.06955,564.29956,403.13757,661419088616592,661419125373832
582.6655,404.49533,576.2524,403.13757,661419125605082,661419156807269
562.67633,369.24863,564.29956,403.13757,661419157741332,661419189687269
588.7271,377.3161,576.2524,403.13757,661419190677165,661419222249561
567.88617,381.09668,567.88617,381.09668,661419222427738,661419258214144
394.5849,344.08295,567.88617,381.09668,661419258393415,661419290339249
386.26163,348.86014,567.88617,381.09668,661419290527217,661419321940603
382.0429,396.61154,394.5849,381.09668,661419322090394,661419354135551
357.1662,396.1312,386.26163,381.09668,661419354320394,661419387158207
369.44223,435.03223,382.0429,396.1312,661419387337321,661419424228780
364.74725,403.1445,369.44223,396.1312,661419424471436,661419459220551
401.54953,367.55844,382.0429,396.1312,661419459404092,661419490076123
387.6034,398.7006,382.0429,396.1312,661419490260082,661419522528207
374.79263,384.97528,382.0429,396.1312,661419522669301,661419556665811
370.34506,380.89505,382.0429,396.1312,661419556845811,661419592671332
372.39825,389.48514,374.79263,389.48514,661419592847530,661419623825603
381.84137,379.61984,381.84137,389.48514,661419623965967,661419657189300
375.26044,333.68607,375.26044,389.48514,661419657408050,661419689016696
434.83176,343.1823,381.84137,379.61984,661419689155238,661419723074925
794.0426,705.24725,381.84137,389.48514,661419723217946,661419756275655
795.3835,907.19543,434.83176,389.48514,661419756444405,661419786869144
534.62695,516.3899,534.62695,516.3899,661419786952582,661419825197842
414.09634,617.47656,434.83176,516.3899,661419825315707,661419854818936
419.22186,512.8887,434.83176,516.3899,661419855003102,661419887832634
446.12183,494.48718,434.83176,516.3899,661419888079821,661419923172165
683.2382,663.6468,434.83176,516.3899,661419923421592,661419953018936
852.87915,1011.4776,446.12183,516.3899,661419953186748,661419987924092
581.9202,962.91547,581.9202,663.6468,661419988099040,661420020749092
439.70798,591.79114,446.12183,591.79114,661420020845238,661420053087634
445.88464,472.81604,446.12183,591.79114,661420053178415,661420086350238
437.61554,471.42603,445.88464,591.79114,661420086452738,661420122170811
462.42667,331.21408,446.12183,472.81604,661420123681436,661420160200863
439.96942,294.82724,445.88464,471.42603,661420160334769,661420193211436
435.214,320.12186,445.88464,331.21408,661420193393936,661420226570550
428.55316,330.4369,439.96942,330.4369,661420226731123,661420258979196
413.49234,343.4823,435.214,331.21408,661420260237686,661420292607061
424.7004,339.29593,428.55316,331.21408,661420292722946,661420324319196
402.29327,455.52533,424.7004,339.29593,661420325970394,661420359430134
368.83017,499.90344,424.7004,339.29593,661420359537009,661420391015081
361.29803,538.79865,402.29327,455.52533,661420391186227,661420431692790
354.63632,535.4941,368.83017,499.90344,661420431800498,661420491526436
350.907,551.1196,361.29803,535.4941,661420491657321,661420527861540
365.35837,551.80756,365.35837,535.4941,661420527974665,661420563507998
348.25314,525.7065,361.29803,535.4941,661420563615498,661420596476592
370.25305,554.3739,365.35837,535.4941,661420596826488,661420628162373
371.69348,561.22064,365.35837,535.4941,661420628296904,661420662283727
343.68634,584.1378,365.35837,554.3739,661420662399821,661420695016227
360.64053,536.3208,365.35837,536.3208,661420695205915,661420738056488
346.8286,515.7422,360.64053,536.3208,661420738431540,661420777172269
368.15723,462.7837,365.35837,536.3208,661420777273779,661420820661540
360.79984,442.61313,360.79984,515.7422,661420820839560,661420853608831
339.9475,450.4401,360.79984,462.7837,661420854659456,661420888423571
331.50552,492.1318,360.79984,492.1318,661420888530185,661420928470029
341.46088,452.8662,341.46088,462.7837,661420928664300,661420964613362
322.57788,432.9498,341.46088,462.7837,661420964779612,661420998226019
331.17712,471.0074,341.46088,462.7837,661420998401852,661421030912373
323.83102,475.9217,331.17712,462.7837,661421031040394,661421063919248
286.9055,500.53635,331.17712,471.0074,661421064100342,661421097478519
256.13037,523.46796,323.83102,475.9217,661421097623102,661421138042112
219.7353,595.40466,286.9055,500.53635,661421138141852,661421174118779
228.1622,521.3688,256.13037,521.3688,661421174229248,661421207043206
245.98077,482.07394,245.98077,500.53635,661421208432373,661421245967789
224.58302,494.233,245.98077,500.53635,661421249234039,661421282783675
221.90964,486.29825,245.98077,494.233,661421282865758,661421317630862
216.03511,1176.2432,224.58302,500.53635,661421318597164,661421352838623
215.19232,1507.4811,221.90964,500.53635,661421352922737,661421392349196
212.7695,1491.3364,216.03511,1176.2432,661421392457946,661421423894144
219.93262,1467.3339,219.93262,1467.3339,661421424098935,661421458292946
208.3822,1500.637,216.03511,1467.3339,661421458480341,661421493677373
217.53804,1529.0756,217.53804,1467.3339,661421493799352,661421529037737
213.90059,1500.736,216.03511,1500.637,661421529410498,661421563142425
190.12222,1489.4454,216.03511,1489.4454,661421563273206,661421602539560
244.40555,1428.7592,216.03511,1489.4454,661421602737477,661421634684196
223.7807,1509.7139,216.03511,1489.4454,661421634845966,661421666851800
284.67096,1369.1604,223.7807,1489.4454,661421667029821,661421697628466
280.36194,1408.3201,223.7807,1489.4454,661421697806331,661421730537060
305.19266,1340.7657,280.36194,1408.3201,661421730723362,661421761743362
328.35703,1311.5541,280.36194,1408.3201,661421762689300,661421794152008
323.7511,1304.0752,305.19266,1340.7657,661421794258258,661421827558987
331.60443,1326.43,323.7511,1326.43,661421827662060,661421861658779
340.1579,1303.3612,323.7511,1326.43,661421862651070,661421898416435
337.7628,1323.4492,331.60443,1326.43,661421898853258,661421930771227
341.65955,1360.7241,337.7628,1326.43,661421930988050,661421962593987
330.35516,1372.4835,331.60443,1326.43,661421962789768,661422002768883
331.03928,1321.8245,331.60443,1326.43,661422002919560,661422038752581
354.74884,1293.8346,331.60443,1326.43,661422039251904,661422072789195
351.62476,1294.8082,331.60443,1321.8245,661422072981122,661422106355914
341.5049,1333.6511,341.5049,1326.43,661422106455185,661422136872425
326.3676,1314.5529,331.60443,1321.8245,661422137039300,661422169077268
323.25604,1309.525,331.60443,1321.8245,661422169254820,661422204447477
335.73343,1324.1162,331.60443,1321.8245,661422204642997,661422235074508
382.21286,1283.1438,331.60443,1321.8245,661422236110393,661422265696539
384.3595,1293.0192,335.73343,1321.8245,661422265922268,661422297291747
413.65002,1312.9403,382.21286,1312.9403,661422297482997,661422332758622
378.44907,904.8156,378.44907,1312.9403,661422332962112,661422368472685
421.89874,552.8038,382.21286,1312.9403,661422368648154,661422401975029
392.48404,573.9154,382.21286,904.8156,661422402145029,661422434035133
389.7673,490.1939,389.7673,573.9154,661422434134143,661422467478779
393.11755,480.4899,389.7673,573.9154,661422467575445,661422497804560
390.35474,517.8465,389.7673,517.8465,661422497966070,661422529674924
391.33588,519.6017,390.35474,519.6017,661422529845029,661422561234039
384.4024,515.8695,389.7673,517.8465,661422561401799,661422593382945
405.78125,435.2003,390.35474,517.8465,661422593502997,661422627357476
428.35532,447.34286,390.35474,515.8695,661422627532997,661422662691695
429.57538,462.6989,405.78125,462.6989,661422662874299,661422696313622
421.85794,457.04562,421.85794,462.6989,661422696463362,661422727345237
422.01648,407.5835,421.85794,462.6989,661422727469976,661422767165497
466.5886,611.70624,421.85794,462.6989,661422767341487,661422799995706
677.87366,423.93073,422.01648,462.6989,661422801584924,661422832889612
784.9492,885.8338,466.5886,462.6989,661422833070393,661422867187789
782.3505,798.4345,677.87366,462.6989,661422867371747,661422898088362
612.5818,563.30145,612.5818,563.30145,661422898276070,661422929028726
457.05157,664.5574,612.5818,563.30145,661422929220028,661422961761174
504.01303,573.4361,612.5818,563.30145,661422961909247,661422996876122
505.3961,490.47556,505.3961,563.30145,661422997010497,661423032593622
504.95343,397.78528,505.3961,563.30145,661423033188205,661423065872997
597.4959,454.4057,505.3961,490.47556,661423066104403,661423098264924
836.6032,986.1779,505.3961,563.30145,661423098467685,661423131282060
613.56226,949.3391,597.4959,563.30145,661423131464976,661423165175862
414.61154,769.5456,505.3961,769.5456,661423165347737,661423197702424
392.19067,803.52313,505.3961,769.5456,661423197904091,661423229273622
426.8859,694.88837,426.8859,769.5456,661423229441278,661423267200393
435.35632,617.1001,435.35632,769.5456,661423267400497,661423302968674
447.79636,533.0862,435.35632,694.88837,661423303073153,661423335192580
456.29028,460.6522,435.35632,617.1001,661423335345705,661423371955445
473.66757,446.63333,447.79636,533.0862,661423372103987,661423403175497
486.42813,464.59586,456.29028,464.59586,661423403405393,661423436779351
446.04208,496.00467,447.79636,496.00467,661423436975966,661423469994455
383.95663,445.84567,447.79636,464.59586,661423470169559,661423501282476
338.33032,474.2103,446.04208,474.2103,661423501451799,661423531922164
328.6777,483.70584,383.95663,474.2103,661423532116486,661423562983101
330.217,504.5649,338.33032,474.2103,661423563122684,661423594545861
298.44724,492.83807,330.217,483.70584,661423594737789,661423626291851
333.5623,497.4253,333.5623,492.83807,661423626451486,661423662980445
294.26962,523.864,330.217,492.83807,661423663075653,661423698218674
300.5253,490.58905,330.217,492.83807,661423698396330,661423740651018
314.42447,545.2675,314.42447,492.83807,661423740720601,661423772035497
305.41867,522.3473,314.42447,492.83807,661423772155549,661423802836174
283.16714,508.36667,314.42447,508.36667,661423803026486,661423834963101
266.7164,525.57263,305.41867,508.36667,661423835192945,661423885427684
281.03708,503.85776,283.16714,508.36667,661423885528101,661423920581382
294.7791,497.003,294.7791,508.36667,661423922338153,661423953371486
291.5883,504.3696,291.5883,504.3696,661423955289038,661423992957372
304.4984,479.44177,294.7791,504.3696,661423993133570,661424028469872
289.9997,507.3119,291.5883,504.3696,661424028648049,661424061942059
287.12726,474.0507,291.5883,504.3696,661424062126590,661424097395549
296.67252,507.6483,291.5883,504.3696,661424097570757,661424129885445
310.06793,497.17734,291.5883,504.3696,661424130075705,661424163259299
325.54996,497.25122,296.67252,504.3696,661424163433101,661424196132007
349.00058,452.3924,310.06793,497.25122,661424197655080,661424231046070
356.3857,480.3933,325.54996,497.25122,661424231134038,661424262996903
380.52975,454.27295,349.00058,480.3933,661424263166122,661424296314299
392.65967,425.82135,356.3857,480.3933,661424296503465,661424331483309
362.11026,458.62558,362.11026,458.62558,661424331652424,661424367736694
384.38608,457.61542,362.11026,458.62558,661424367920236,661424400311538
433.12787,464.0292,362.11026,458.62558,661424400493934,661424434658934
397.75092,456.87497,384.38608,458.62558,661424434791538,661424467187215
308.2447,897.5554,362.11026,458.62558,661424467294924,661424498870549
304.12292,1305.8346,362.11026,458.62558,661424498992528,661424533971278
294.53528,1288.3123,308.2447,897.5554,661424534079142,661424572206486
317.69693,1205.7795,317.69693,1205.7795,661424572316226,661424605355288
301.54608,1257.6499,308.2447,1205.7795,661424605455601,661424645210288
300.57797,1289.6404,308.2447,1205.7795,661424645311226,661424676887163
299.50757,1259.2454,301.54608,1257.6499,661424677059194,661424708530601
280.9341,1332.5614,300.57797,1259.2454,661424708713361,661424744958569
257.72385,1314.3586,299.50757,1259.2454,661424745088413,661424776535809
241.87798,1315.9259,280.9341,1314.3586,661424776712736,661424808712736
245.101,1325.7954,257.72385,1314.3586,661424808887267,661424842056330
243.11382,1371.893,245.101,1315.9259,661424842223673,661424873982892
236.36841,1655.1935,245.101,1325.7954,661424874139455,661424908683673
238.29312,1664.1592,243.11382,1371.893,661424908859767,661424941148830
232.21532,1707.6107,238.29312,1655.1935,661424941339351,661424971549819
253.14029,1582.7579,243.11382,1582.7579,661424972077267,661425004153153
237.66098,1631.6881,238.29312,1631.6881,661425004243048,661425037924819
242.1216,1582.794,242.1216,1582.794,661425039018205,661425076037684
233.93985,1636.1603,238.29312,1631.6881,661425076244507,661425109979090
244.9337,1607.8981,242.1216,1607.8981,661425110481225,661425144951382
236.56197,1613.2467,238.29312,1613.2467,661425147229767,661425179608882
241.1859,1629.784,241.1859,1613.2467,661425179790496,661425210607736
231.54262,1698.4967,238.29312,1613.2467,661425214505965,661425250831225
248.53297,1721.8483,241.1859,1629.784,661425252022111,661425286093934
519.52057,1264.5851,241.1859,1613.2467,661425286199975,661425320397163
634.0205,1214.5906,248.53297,1613.2467,661425323792684,661425358262319
482.13943,1173.0922,482.13943,1264.5851,661425358430913,661425394598152
377.92395,1013.6956,377.92395,1214.5906,661425394772527,661425430707684
377.62335,1083.775,377.92395,1173.0922,661425430891538,661425464215548
402.32556,899.7754,377.92395,1083.775,661425464422215,661425498246069
386.13522,840.0422,377.92395,1083.775,661425498475288,661425532985861
389.5766,763.1356,386.13522,899.7754,661425533178517,661425565789246
425.46637,671.03284,386.13522,840.0422,661425565973152,661425598572475
412.65308,758.69965,389.5766,763.1356,661425598778777,661425634508673
406.5718,777.5427,406.5718,777.5427,661425634611121,661425666724663
393.123,916.0761,393.123,777.5427,661425666836277,661425698744871
379.66132,984.84235,393.123,777.5427,661425698851329,661425733239402
364.67377,984.077,393.123,916.0761,661425733354506,661425766821850
339.15958,977.6307,379.66132,977.6307,661425766939767,661425804222215
325.0541,1007.07874,364.67377,977.6307,661425805247996,661425837306381
367.14212,707.7542,367.14212,977.6307,661425837496538,661425868242006
387.71466,740.6029,367.14212,977.6307,661425868338256,661425913774194
366.35452,691.35693,367.14212,740.6029,661425913871902,661425955364142
367.4948,721.7205,367.14212,740.6029,661425955551902,661425989059142
370.6565,697.0951,367.14212,721.7205,661425989204350,661426024320548
387.8421,1120.6069,367.4948,740.6029,661426024468986,661426058966538
399.76343,1185.521,370.6565,740.6029,661426059138986,661426092609350
403.20657,1110.9766,387.8421,1110.9766,661426092761069,661426130329506
421.32474,1114.6653,399.76343,1110.9766,661426130478829,661426164897631
404.2696,1162.319,403.20657,1110.9766,661426165065340,661426199712371
439.1123,1113.4651,404.2696,1113.4651,661426199916590,661426236531798
421.87485,1032.9438,404.2696,1110.9766,661426236624923,661426273431485
331.9043,689.1634,404.2696,1110.9766,661426273618308,661426311208100
324.72922,678.0047,404.2696,1032.9438,661426311377319,661426343621017
315.77145,696.3847,331.9043,696.3847,661426343723152,661426384633569
323.28738,714.0606,324.72922,714.0606,661426384727110,661426421413360
368.1039,733.4331,331.9043,714.0606,661426421582996,661426456499975
306.15247,1343.6113,324.72922,714.0606,661426457363152,661426490736017
302.04556,1346.4442,324.72922,733.4331,661426490912215,661426523885235
296.9465,1327.299,306.15247,1327.299,661426524118777,661426556485183
310.87277,1312.6699,310.87277,1312.6699,661426556663725,661426593473152
269.2849,1387.1835,306.15247,1327.299,661426593575183,661426626472579
277.08856,1358.241,306.15247,1327.299,661426626622058,661426660362839
288.9664,1360.997,288.9664,1358.241,661426660458777,661426691537631
265.99304,1432.175,288.9664,1358.241,661426691630287,661426726789298
264.38403,1353.55,288.9664,1358.241,661426726951485,661426761678516
257.95197,1367.6329,265.99304,1358.241,661426761838256,661426814051589
229.75865,1416.3816,264.38403,1358.241,661426814125235,661426846692944
325.01453,872.2291,265.99304,1358.241,661426847826902,661426880436902
311.00235,732.38855,265.99304,1358.241,661426892900600,661426928114923
315.52097,692.66644,311.00235,872.2291,661426928289662,661426962267371
324.32,669.8036,311.00235,732.38855,661426962439246,661426996353152
293.8891,783.2372,311.00235,783.2372,661426996466641,661427032293621
531.01733,813.2346,311.00235,783.2372,661427032395600,661427066287787
761.12573,1069.9368,311.00235,783.2372,661427066420235,661427118442943
441.8848,1267.6041,441.8848,813.2346,661427118631537,661427153482110
382.4443,1286.0465,382.4443,1069.9368,661427153628256,661427186993308
421.5689,1000.4751,421.5689,1000.4751,661427188179193,661427222825027
443.67047,977.5128,421.5689,1000.4751,661427223661173,661427259673985
413.79102,930.60956,421.5689,1000.4751,661427259859350,661427292759193
396.30948,905.133,421.5689,977.5128,661427292922943,661427327050131
149.04999,1052.4746,413.79102,1000.4751,661427327227475,661427362305027
103.33544,1045.5333,396.30948,1000.4751,661427362457318,661427395853412
109.29718,1108.9592,149.04999,1045.5333,661427395942370,661427427417422
91.359314,1113.3324,109.29718,1045.5333,661427427498256,661427460778152
72.917885,1181.9932,109.29718,1108.9592,661427461106120,661427495159714
88.09919,1105.1204,91.359314,1105.1204,661427495249870,661427530120287
135.84755,1065.6293,109.29718,1105.1204,661427530226016,661427566485495
176.1671,1093.1364,109.29718,1105.1204,661427566620495,661427626037527
763.2188,1476.2816,135.84755,1105.1204,661427626174454,661427658293829
707.5797,1473.1471,176.1671,1105.1204,661427658477891,661427696222214
515.485,1421.1803,515.485,1421.1803,661427696313568,661427732279037
279.571,1313.9181,279.571,1313.9181,661427733352422,661427766548204
336.01425,1152.4661,336.01425,1313.9181,661427766725964,661427799842527
309.1423,1168.6196,309.1423,1313.9181,661427799948152,661427834299297
285.48853,1021.1175,309.1423,1168.6196,661427834486433,661427866208672
304.7886,1003.56055,309.1423,1168.6196,661427866352162,661427898306172
569.59485,1031.013,309.1423,1031.013,661427898417110,661427938886172
528.0147,1066.8777,309.1423,1066.8777,661427939042631,661427970684401
524.49493,1069.9128,524.49493,1066.8777,661427970864818,661428003545079
524.24036,933.17584,524.24036,1066.8777,661428003692266,661428036957006
552.20874,961.54736,524.49493,1066.8777,661428037135079,661428068459766
571.4882,963.8821,524.49493,963.8821,661428068578308,661428101173568
621.17505,1007.4526,552.20874,1007.4526,661428101310912,661428131473256
603.0144,1029.1436,571.4882,1007.4526,661428131865599,661428164793099
636.7983,1014.4825,603.0144,1007.4526,661428165739089,661428197389818
654.73145,1026.6431,603.0144,1014.4825,661428197501589,661428232804714
382.9438,1145.6771,603.0144,1014.4825,661428232992891,661428267196797
110.227005,1235.2007,603.0144,1026.6431,661428267380131,661428302263047
86.276634,1206.3065,382.9438,1145.6771,661428303804766,661428336540912
83.15844,1280.9824,110.227005,1206.3065,661428336697214,661428370960703
95.87176,1228.9092,95.87176,1206.3065,661428371138516,661428402135703
108.752235,1225.9003,108.752235,1225.9003,661428402325495,661428434141901
96.4604,1279.4186,96.4604,1225.9003,661428434321172,661428467302214
168.5075,1211.9756,108.752235,1225.9003,661428467479714,661428499579245
152.57005,1232.6765,108.752235,1225.9003,661428499754818,661428533096797
193.49205,1159.8636,152.57005,1225.9003,661428533251016,661428564774089
183.22867,1149.4359,152.57005,1225.9003,661428564938516,661428602859610
156.19835,1211.5875,156.19835,1211.5875,661428603024505,661428635457422
151.60115,1232.5682,152.57005,1225.9003,661428635640703,661428669864870
185.86511,1178.6996,156.19835,1211.5875,661428670041745,661428702620235
455.9729,1146.9269,156.19835,1211.5875,661428702788360,661428734118151
466.3483,1137.9805,185.86511,1178.6996,661428734304297,661428768887109
474.65424,1107.5264,455.9729,1146.9269,661428769101380,661428802732266
494.4938,1515.5566,466.3483,1178.6996,661428802914037,661428834560599
771.64026,1497.1266,474.65424,1178.6996,661428834695807,661428866834245
805.0756,1367.9747,494.4938,1367.9747,661428866952734,661428899468412
568.017,1389.9663,568.017,1367.9747,661428899624662,661428934453776
491.99454,1596.3328,494.4938,1367.9747,661428935588359,661428967710859
471.33948,1442.6409,494.4938,1389.9663,661428967865182,661428999432422
531.9176,1282.1866,494.4938,1367.9747,661428999574245,661429032689922
488.98288,1212.2354,494.4938,1367.9747,661429032859141,661429080054245
481.70267,1303.6138,494.4938,1303.6138,661429080175547,661429120132839
762.32635,1508.7551,494.4938,1367.9747,661429120252370,661429154353047
855.01135,1336.8594,494.4938,1336.8594,661429155447474,661429187685963
788.5789,1204.9374,762.32635,1336.8594,661429189033828,661429221899713
778.651,1339.9526,778.651,1336.8594,661429222017057,661429254132318
760.2736,1482.9738,762.32635,1336.8594,661429255693047,661429287222630
776.5149,1538.0302,776.5149,1339.9526,661429287321068,661429318175807
754.2188,1621.9504,762.32635,1482.9738,661429319273828,661429351203463
757.75604,1498.8461,762.32635,1498.8461,661429351296797,661429385816693
703.51013,1148.9076,757.75604,1482.9738,661429385936849,661429419224557
397.7867,1391.9036,757.75604,1482.9738,661429420615338,661429452976120
282.4109,1199.8755,703.51013,1391.9036,661429453119401,661429485543255
312.54214,987.8309,397.7867,1391.9036,661429486896328,661429518006015
297.07477,996.84357,312.54214,1199.8755,661429520122422,661429555235495
747.161,1367.7046,397.7867,1367.7046,661429557243620,661429589666432
761.41174,1257.6848,397.7867,1257.6848,661429590804609,661429622651172
362.65106,1094.9534,397.7867,1257.6848,661429622769401,661429663918724
339.83856,947.70166,397.7867,1257.6848,661429664119870,661429699319609
340.48358,898.31757,362.65106,1094.9534,661429699452526,661429732342161
332.88898,832.3386,340.48358,947.70166,661429732477630,661429767589036
335.15875,979.056,340.48358,979.056,661429767747474,661429804842526
362.55853,805.5303,340.48358,947.70166,661429805037005,661429837969401
333.12787,784.1933,340.48358,947.70166,661429838161380,661429871705807
313.0789,810.3411,340.48358,810.3411,661429871883619,661429905691432
345.18454,727.84485,340.48358,810.3411,661429905881380,661429939532474
432.22806,1225.1283,340.48358,810.3411,661429939715442,661429976425338
840.21875,1362.335,345.18454,810.3411,661429976532213,661430007943463
734.15356,1266.2849,432.22806,1225.1283,661430008133047,661430038790442
585.6024,1133.1033,585.6024,1133.1033,661430038964661,661430072537994
684.0991,837.06635,585.6024,1133.1033,661430072724036,661430104651015
702.8978,726.2417,585.6024,1133.1033,661430104847942,661430143681849
720.3737,963.3339,684.0991,963.3339,661430143792942,661430203688828
986.22974,1454.9451,702.8978,1133.1033,661430203806692,661430240654661
1116.0498,1475.5841,720.3737,1133.1033,661430241944713,661430276200130
1163.7039,1281.5529,986.22974,1281.5529,661430276330234,661430310579973
1178.5363,1168.3265,1116.0498,1168.3265,661430310705911,661430341664192
1182.8107,1123.0115,1163.7039,1168.3265,661430341792786,661430377227682
1179.5166,1143.3949,1178.5363,1168.3265,661430377719817,661430413413776
1176.4065,1152.88,1176.4065,1152.88,661430413596848,661430451406432
1042.2816,1232.5382,1176.4065,1168.3265,661430451581692,661430490937109
605.5594,1024.0807,1176.4065,1152.88,661430491061692,661430526366796
557.029,1023.3717,1042.2816,1152.88,661430526544036,661430561412109
626.0373,1353.0829,626.0373,1152.88,661430561588411,661430596121067
852.81256,1384.501,852.81256,1152.88,661430596980911,661430628672213
890.8487,1258.9503,852.81256,1258.9503,661430629028567,661430661143046
623.4862,1351.0762,852.81256,1258.9503,661430661700286,661430692618932
608.5315,1335.5675,852.81256,1258.9503,661430692876848,661430723286484
688.7577,956.6647,688.7577,1258.9503,661430723877994,661430757263880
716.9468,941.5891,716.9468,1258.9503,661430757368515,661430792280338
807.74475,1465.6445,716.9468,1258.9503,661430792394296,661430824781588
845.08875,1239.6143,716.9468,1258.9503,661430824872213,661430857151952
683.6243,893.26483,716.9468,1258.9503,661430857250911,661430897706223
613.85583,939.981,716.9468,1239.6143,661430897818932,661430930706640
588.86755,842.244,683.6243,939.981,661430930811379,661430963780129
584.049,697.77344,613.85583,939.981,661430964124244,661430996668827
653.21686,783.8633,653.21686,842.244,661430997076536,661431030475598
665.252,679.17865,653.21686,783.8633,661431030630025,661431066772161
636.7808,727.26434,653.21686,783.8633,661431066919817,661431100975859
518.77905,806.84155,653.21686,783.8633,661431101156275,661431132892890
399.9054,873.0814,636.7808,783.8633,661431133053984,661431164826067
370.38153,878.74615,518.77905,806.84155,661431164984661,661431201331223
341.9084,876.8875,399.9054,873.0814,661431201483254,661431231098150
364.87988,880.1425,370.38153,876.8875,661431231275286,661431264529817
371.7655,821.69086,371.7655,873.0814,661431264692109,661431297526796
394.41046,747.8769,371.7655,873.0814,661431297693463,661431331618046
383.2655,478.8208,371.7655,821.69086,661431331715129,661431367575025
389.73227,422.5014,383.2655,747.8769,661431367682838,661431399945702
449.21106,381.30176,383.2655,478.8208,661431400066744,661431431603463
398.73923,474.4284,389.73227,474.4284,661431431788411,661431466501327
375.80927,460.26294,383.2655,474.4284,661431466679817,661431507804869
434.08923,406.71252,389.73227,474.4284,661431507991223,661431540141067
426.16678,448.8532,389.73227,460.26294,661431540295598,661431571467942
395.47614,438.45013,395.47614,448.8532,661431571579921,661431607708098
415.43402,404.71234,395.47614,448.8532,661431607822473,661431642322838
430.80508,360.3913,395.47614,438.45013,661431642415285,661431678424556
491.96115,279.20712,415.43402,404.71234,661431678635285,661431710025963
462.5571,264.52548,430.80508,360.3913,661431710164192,661431742120233
529.69226,236.33661,462.5571,279.20712,661431742233879,661431779880233
521.0729,271.79095,462.5571,271.79095,661431780170598,661431812619765
520.1274,258.86588,520.1274,271.79095,661431813350910,661431843383723
503.1847,275.35822,503.1847,271.79095,661431843570442,661431874243723
512.09235,321.63135,512.09235,271.79095,661431874415181,661431909599400
556.84424,286.68796,512.09235,275.35822,661431909800129,661431942198879
511.17392,297.60083,512.09235,286.68796,661431942431431,661431974392056
530.3865,295.32483,512.09235,286.68796,661431974579556,661432016554348
506.6371,788.309,512.09235,295.32483,661432016662629,661432049952160
396.12,1384.0729,512.09235,295.32483,661432050144244,661432082844192
407.28842,1365.4314,506.6371,788.309,661432082989035,661432118222889
449.2404,1344.4542,449.2404,1344.4542,661432118383619,661432150890077
425.85367,1306.443,449.2404,1306.443,661432153386171,661432186029764
403.5825,1287.8687,449.2404,1306.443,661432187429035,661432220551379
312.66595,1439.2333,425.85367,1306.443,661432221993306,661432256576379
273.43954,1438.5071,403.5825,1306.443,661432258516431,661432294929296
264.5661,1402.262,312.66595,1402.262,661432295657421,661432329446848
278.78442,1457.1863,278.78442,1402.262,661432329609608,661432362987994
244.53983,1457.0723,278.78442,1402.262,661432363155129,661432397257629
245.69577,1491.6616,278.78442,1457.0723,661432397422421,661432437479087
304.2837,1119.7297,278.78442,1402.262,661432437583410,661432467159921
383.82037,590.4895,278.78442,1402.262,661432467275806,661432501890754
392.80594,568.235,304.2837,1119.7297,661432502008983,661432539221743
431.7953,586.948,383.82037,590.4895,661432539556014,661432592585077
387.91888,646.04144,387.91888,646.04144,661432592689504,661432626219452
396.94226,633.45294,387.91888,633.45294,661432626379608,661432658751118
405.07635,598.1069,387.91888,633.45294,661432658908514,661432692475441
482.90488,479.6538,396.94226,633.45294,661432692625910,661432723348306
504.92044,413.2332,405.07635,598.1069,661432724718931,661432759200493
489.70764,393.41507,482.90488,479.6538,661432759335285,661432790774348
477.3552,384.06964,477.3552,413.2332,661432790940754,661432823273150
492.64667,327.7585,482.90488,393.41507,661432824597577,661432858113827
505.29843,370.61523,482.90488,384.06964,661432858252941,661432894232160
509.9013,350.51712,492.64667,370.61523,661432894335858,661432931757837
526.0536,338.07703,505.29843,370.61523,661432931868045,661432963743097
528.73553,334.56897,509.9013,350.51712,661432963838306,661432997565962
464.83997,358.14224,505.29843,358.14224,661432997690910,661433029814660
465.41147,351.1195,505.29843,351.1195,661433030585077,661433063137368
533.0656,440.0879,505.29843,358.14224,661433063310650,661433095096014
517.9543,1045.1913,505.29843,358.14224,661433095221379,661433128869920
522.65656,1090.4513,517.9543,440.0879,661433129047837,661433161856743
481.07608,1171.6206,505.29843,1045.1913,661433162024816,661433197257629
467.4538,1160.9242,505.29843,1090.4513,661433197462368,661433230019868
486.37094,1182.5963,486.37094,1160.9242,661433230193827,661433267947316
446.9296,1163.5171,486.37094,1160.9242,661433268232524,661433300824556
390.50378,1265.6265,486.37094,1163.5171,661433300942108,661433332557837
345.09555,1254.3964,446.9296,1163.5171,661433332685806,661433364707108
335.07257,1261.8059,390.50378,1254.3964,661433364823201,661433397565024
275.21014,1388.9646,345.09555,1254.3964,661433397715389,661433432415962
300.48563,1357.7555,335.07257,1261.8059,661433432529399,661433463308097
324.96344,1270.7386,324.96344,1270.7386,661433463493722,661433507973722
496.75122,563.15186,335.07257,1261.8059,661433508204764,661433541593878
574.6335,496.93896,335.07257,1261.8059,661433542287316,661433574296483
552.5008,507.66916,496.75122,563.15186,661433575316326,661433612804191
548.5167,549.3698,548.5167,549.3698,661433612939608,661433643917733
536.53534,558.226,536.53534,558.226,661433644124139,661433677801847
532.4769,488.80545,536.53534,549.3698,661433678422368,661433709230806
506.7284,515.67535,536.53534,549.3698,661433709412160,661433744214139
548.8371,513.83295,536.53534,515.67535,661433744396743,661433779384555
564.6479,458.77322,536.53534,515.67535,661433779522368,661433811884972
559.90686,441.76962,548.8371,513.83295,661433812108201,661433843027108
553.09796,447.02615,553.09796,458.77322,661433843876274,661433872804503
559.20355,474.56042,553.09796,474.56042,661433873001326,661433905673045
563.33295,444.1944,553.09796,458.77322,661433905855076,661433941033983
569.37744,421.597,559.20355,458.77322,661433941211535,661433974089243
559.4819,459.67523,559.4819,458.77322,661433974209295,661434004494607
516.2104,461.2735,559.20355,458.77322,661434004712680,661434034558097
372.50397,375.30206,559.20355,458.77322,661434034676847,661434065681014
372.6636,359.83487,516.2104,458.77322,661434065868253,661434099469139
357.80777,323.86447,372.6636,375.30206,661434099566326,661434130375910
340.80038,335.0562,372.6636,359.83487,661434130473566,661434161694451
366.4913,304.51608,366.4913,335.0562,661434161812055,661434190833930
361.11435,311.84454,366.4913,335.0562,661434191022680,661434221012628
373.33417,295.80975,366.4913,311.84454,661434221179243,661434251911795
351.26163,305.899,366.4913,311.84454,661434253114347,661434289544034
421.07074,408.32913,366.4913,311.84454,661434289645649,661434319545284
427.70587,482.62796,366.4913,311.84454,661434319685232,661434355290649
438.19385,645.49677,421.07074,408.32913,661434355514659,661434386624243
660.4071,440.1695,427.70587,440.1695,661434386755232,661434420618409
700.22595,674.1462,438.19385,440.1695,661434421821795,661434456622576
535.4783,643.3986,535.4783,440.1695,661434456730493,661434489487107
385.46173,964.5263,438.19385,643.3986,661434491114451,661434522915753
453.48984,819.7975,453.48984,643.3986,661434523069555,661434556852264
482.96298,654.12305,453.48984,654.12305,661434557025701,661434593407420
456.38074,579.97974,453.48984,643.3986,661434593571482,661434624588149
449.9179,546.9425,453.48984,643.3986,661434624741691,661434657155493
429.3895,569.6633,453.48984,579.97974,661434657300493,661434690295024
429.6339,563.6917,449.9179,569.6633,661434690439191,661434723058566
434.94946,591.1501,434.94946,579.97974,661434723184920,661434756444399
422.87598,618.70764,434.94946,579.97974,661434756594295,661434787163566
418.00296,648.66205,434.94946,591.1501,661434787362472,661434821015024
393.55493,688.0108,422.87598,618.70764,661434822439034,661434851470076
399.6754,1093.1124,418.00296,648.66205,661434851629138,661434883254555
446.98386,1216.439,422.87598,688.0108,661434884573513,661434916967784
425.9767,1187.0823,422.87598,1093.1124,661434917050961,661434949489451
424.24225,1242.7865,424.24225,1187.0823,661434949565232,661434983310753
438.0238,1197.1204,424.24225,1187.0823,661434984119711,661435016697315
406.96985,1257.8936,424.24225,1197.1204,661435017132888,661435053552784
434.02573,1282.4115,424.24225,1197.1204,661435053701378,661435086890232
393.7549,1241.9089,424.24225,1241.9089,661435087051117,661435125416690
404.7381,1244.7544,424.24225,1241.9089,661435125507888,661435157166586
402.9083,1245.4163,404.7381,1241.9089,661435157244190,661435187684867
407.26913,1234.5177,407.26913,1241.9089,661435187822472,661435219039763
388.43588,1105.4478,404.7381,1241.9089,661435219230388,661435252999711
360.52975,1100.5542,404.7381,1234.5177,661435253185232,661435284761534
364.82678,1019.0331,388.43588,1105.4478,661435284944399,661435317625440
378.82016,964.3718,378.82016,1100.5542,661435317763617,661435352100076
359.37207,973.4482,378.82016,1019.0331,661435352266117,661435385378669
360.85474,981.2212,378.82016,981.2212,661435385546169,661435417459503
333.80396,990.29706,360.85474,990.29706,661435417595701,661435449517003
345.2625,985.84686,360.85474,985.84686,661435451422732,661435482441117
335.1688,1001.37366,345.2625,990.29706,661435484771951,661435517425649
327.09528,979.87506,345.2625,985.84686,661435517586794,661435551867628
354.93127,957.22925,345.2625,985.84686,661435552128253,661435585458096
328.07568,1030.3339,345.2625,985.84686,661435585616065,661435620819763
351.60626,971.14624,345.2625,985.84686,661435620994815,661435655202055
359.39066,1060.6444,345.2625,985.84686,661435655347055,661435688303149
393.0266,928.1869,351.60626,985.84686,661435688479659,661435721213409
555.5247,553.6216,359.39066,985.84686,661435721382523,661435757205857
555.0853,561.933,393.0266,928.1869,661435757287107,661435786739919
457.01166,541.565,457.01166,561.933,661435787195701,661435818154971
483.91272,625.53284,457.01166,625.53284,661435818329503,661435850926586
522.04767,486.01566,457.01166,561.933,661435851077211,661435892674971
505.63318,498.39224,483.91272,561.933,661435892758253,661435928297888
532.5871,474.378,505.63318,498.39224,661435928413148,661435959733305
475.66437,422.92328,483.91272,498.39224,661435959937471,661435993111430
473.67993,402.89218,483.91272,474.378,661435993285388,661436030422003
471.46265,463.10434,475.66437,463.10434,661436030516169,661436075961013
475.28592,465.38245,475.28592,465.38245,661436076091690,661436123173096
497.7963,693.1141,475.66437,465.38245,661436123273305,661436153311430
703.4586,551.85626,475.66437,465.38245,661436153941586,661436186307107
788.3409,1262.9908,497.7963,551.85626,661436186472419,661436218657784
783.3628,1205.3176,703.4586,551.85626,661436218817680,661436250213721
814.62537,1170.9274,783.3628,1170.9274,661436251948825,661436289385023
777.66223,903.39856,777.66223,903.39856,661436289549398,661436323079294
521.99,1105.2716,777.66223,1105.2716,661436323232888,661436356965232
390.12845,1104.539,777.66223,1104.539,661436357073461,661436392653044
405.4888,1053.6139,521.99,1104.539,661436392758252,661436424314554
488.43756,884.1252,488.43756,1104.539,661436424470909,661436458119138
466.86008,843.5716,488.43756,1053.6139,661436458294294,661436499790492
511.90317,748.2222,488.43756,884.1252,661436499978982,661436530661117
486.719,721.9588,488.43756,843.5716,661436530819919,661436565312627
444.01294,698.6466,488.43756,748.2222,661436565489659,661436596062940
457.54428,682.71,486.719,721.9588,661436596166481,661436634440023
469.2223,679.42786,469.2223,698.6466,661436634604450,661436665341377
453.3464,693.01117,469.2223,693.01117,661436665529138,661436701803513
446.9673,753.4814,469.2223,698.6466,661436701974867,661436735277471
453.74243,729.93,453.74243,698.6466,661436735449867,661436772770700
445.39526,709.3288,453.74243,709.3288,661436772953825,661436803688148
441.544,712.4528,453.74243,709.3288,661436803870804,661436834632992
406.25247,726.22925,445.39526,709.3288,661436834771690,661436867386065
337.76132,697.63574,441.544,709.3288,661436867563877,661436900822575
334.41153,686.78326,406.25247,709.3288,661436901767158,661436933702211
328.74084,670.53534,337.76132,697.63574,661436933834450,661436966365127
301.80975,716.67596,334.41153,709.3288,661436966525492,661436998967471
294.81546,738.7777,328.74084,709.3288,661436999146169,661437033488148
311.73538,699.0674,311.73538,709.3288,661437033677106,661437067723721
304.12695,689.0691,311.73538,709.3288,661437067911638,661437100322106
260.63483,703.24194,311.73538,703.24194,661437100502992,661437132990231
242.4048,734.5327,304.12695,709.3288,661437133168773,661437164725231
306.61774,613.6424,306.61774,703.24194,661437164898252,661437197461065
345.1517,552.4717,306.61774,703.24194,661437197651585,661437230394710
373.53162,542.2315,306.61774,613.6424,661437230567419,661437268327523
403.5572,559.0738,345.1517,559.0738,661437268518929,661437300928096
404.43835,514.4183,373.53162,559.0738,661437301703929,661437334239815
406.854,533.73,403.5572,559.0738,661437334384346,661437365618825
390.01178,506.14615,390.01178,533.73,661437365810544,661437397787992
456.58292,553.64264,403.5572,553.64264,661437397946117,661437433051481
523.2952,479.75653,403.5572,533.73,661437433226221,661437466061273
563.5626,759.3223,456.58292,553.64264,661437466222419,661437501806064
459.24832,894.9693,459.24832,553.64264,661437501930127,661437532880544
374.3229,1356.79,456.58292,759.3223,661437533011429,661437562987210
467.81876,1239.7006,459.24832,894.9693,661437563158929,661437595520804
397.0152,1084.9232,456.58292,1084.9232,661437595699450,661437626451898
456.8407,955.7915,456.8407,955.7915,661437626562158,661437659467575
401.95908,916.6144,456.58292,955.7915,661437659574294,661437699245335
389.39337,981.22986,456.58292,955.7915,661437699452887,661437731236012
396.5548,924.67505,401.95908,955.7915,661437731338825,661437762393773
436.8673,916.36456,436.8673,955.7915,661437762521012,661437793790179
414.9577,947.0987,414.9577,947.0987,661437793888773,661437826604241
427.0088,943.33606,427.0088,947.0987,661437826704033,661437862372679
456.22433,902.9907,427.0088,947.0987,661437862532991,661437896096377
430.2803,944.52704,427.0088,944.52704,661437896202887,661437931497314
450.74622,939.6815,430.2803,944.52704,661437931694658,661437963999346
431.76718,933.4167,430.2803,944.52704,661437964228668,661438000542210
440.70074,925.79944,431.76718,939.6815,661438000728043,661438032212158
469.96768,908.9206,431.76718,933.4167,661438032427471,661438065862939
462.36823,919.0721,440.70074,925.79944,661438066778252,661438097947783
455.55176,885.9627,455.55176,919.0721,661438098089762,661438130131429
448.66275,976.6427,448.66275,925.79944,661438130269293,661438164943877
447.30313,929.45825,448.66275,925.79944,661438165124450,661438195769814
432.56506,944.3167,448.66275,929.45825,661438195930595,661438229319866
449.01807,931.88153,448.66275,929.45825,661438229485127,661438264227939
430.11313,1011.3907,448.66275,931.88153,661438264412210,661438301014293
426.08072,607.6473,448.66275,929.45825,661438301115700,661438329443981
393.03464,341.29614,430.11313,929.45825,661438329599762,661438362018460
407.47363,320.7045,426.08072,607.6473,661438362193147,661438394839033
402.0231,330.3759,407.47363,341.29614,661438395006950,661438427244137
421.2934,314.1572,421.2934,330.3759,661438427403408,661438464695647
432.33246,318.65927,421.2934,330.3759,661438464846950,661438496443252
430.61563,323.79825,421.2934,323.79825,661438496618356,661438530004970
384.73502,349.34192,421.2934,330.3759,661438530181897,661438563564918
426.0414,318.8713,421.2934,323.79825,661438563712210,661438596736585
396.66135,331.36053,421.2934,330.3759,661438596905387,661438631622106
418.92538,329.1967,421.2934,329.1967,661438631757679,661438662679085
376.41406,340.9153,418.92538,330.3759,661438662835752,661438695536429
358.3145,374.31665,418.92538,330.3759,661438695715335,661438729851481
375.39127,377.3631,376.41406,340.9153,661438730013356,661438761991897
409.26028,634.2845,409.26028,374.31665,661438762178147,661438796996064
394.70575,986.98596,394.70575,377.3631,661438797194762,661438829530074
421.55746,960.8044,409.26028,634.2845,661438829714918,661438863869033
412.04312,933.2295,409.26028,933.2295,661438864096689,661438897145647
433.2634,862.40247,412.04312,862.40247,661438897327835,661438931938824
393.407,901.58575,409.26028,901.58575,661438932246429,661438965448720
421.30914,860.36237,412.04312,862.40247,661438966506324,661438995584606
426.47342,823.7717,412.04312,862.40247,661438995752158,661439026542366
427.94446,801.3641,421.30914,860.36237,661439026697991,661439060167731
400.0572,922.82574,412.04312,862.40247,661439060291793,661439095524241
422.33224,860.8798,421.30914,860.8798,661439095681481,661439131600439
438.23645,815.6519,421.30914,860.8798,661439131712158,661439164788303
401.4577,871.4497,421.30914,860.8798,661439165792262,661439196104605
360.0762,1175.3876,421.30914,860.8798,661439196309449,661439227316272
366.96576,1200.4407,401.4577,871.4497,661439227497366,661439260667730
333.42102,1245.8606,366.96576,1175.3876,661439260844293,661439299093980
339.7385,1499.7861,366.96576,1200.4407,661439299238616,661439331156897
350.85843,1473.5858,350.85843,1245.8606,661439331367262,661439362391272
345.2332,1466.9075,350.85843,1466.9075,661439362546428,661439393811168
357.84427,1449.7363,350.85843,1449.7363,661439393933616,661439426571793
360.71964,1469.6094,350.85843,1466.9075,661439426759918,661439462123876
366.08917,1427.7384,357.84427,1449.7363,661439462281793,661439494575960
363.53134,1427.5066,360.71964,1449.7363,661439494721480,661439533088303
365.10684,1426.2662,363.53134,1427.7384,661439533253668,661439564694085
345.7588,1384.1072,360.71964,1427.5066,661439564929293,661439596189762
343.25595,1476.3984,360.71964,1427.7384,661439596357470,661439629315178
360.7583,1446.5645,360.71964,1427.7384,661439629502835,661439663937574
337.69598,1440.7051,360.71964,1440.7051,661439664165022,661439695174866
375.8839,1413.1816,360.71964,1427.7384,661439695370178,661439731692001
427.89792,1349.3572,360.71964,1427.7384,661439731792366,661439762614449
471.1229,1286.0916,375.8839,1413.1816,661439762791480,661439794856637
453.03296,1219.4547,427.89792,1349.3572,661439795012574,661439829729814
498.1425,1158.8561,453.03296,1286.0916,661439829916064,661439862158147
490.39163,1170.4097,453.03296,1219.4547,661439862303824,661439896185178
504.7787,1108.8026,490.39163,1170.4097,661439897706532,661439928533511
470.5772,1143.933,470.5772,1170.4097,661439928713564,661439961679761
466.5464,1200.9056,470.5772,1170.4097,661439961855855,661439997535699
451.06818,1239.1036,470.5772,1170.4097,661439997732678,661440027285595
454.93713,1258.2408,466.5464,1200.9056,661440027467157,661440063833824
461.13086,1250.5673,461.13086,1239.1036,661440064140543,661440097826741
412.42288,1303.3635,461.13086,1250.5673,661440098004970,661440128727261
433.66205,1275.8087,461.13086,1250.5673,661440128909657,661440160183303
405.94424,1302.6263,433.66205,1275.8087,661440160311376,661440194256688
390.1263,1295.7822,433.66205,1275.8087,661440194779657,661440227410178
440.6785,1264.7836,433.66205,1275.8087,661440228268459,661440259213824
440.71732,1245.6199,433.66205,1275.8087,661440259337782,661440291824501
475.49396,1251.1722,440.6785,1264.7836,661440291978043,661440325035074
492.41934,1196.881,440.71732,1251.1722,661440325172209,661440359097522
498.3758,1179.3038,475.49396,1251.1722,661440359218668,661440392968980
484.9529,1204.647,484.9529,1204.647,661440393131845,661440426268615
530.3024,1181.1403,484.9529,1204.647,661440426449240,661440458489293
486.97977,1214.7505,484.9529,1204.647,661440458668459,661440492426272
475.1873,1250.8376,484.9529,1204.647,661440492627730,661440538661584
468.6331,1242.495,484.9529,1214.7505,661440539146324,661440578577626
535.1894,1273.9156,484.9529,1242.495,661440578744240,661440611687626
606.3411,1153.1833,484.9529,1214.7505,661440613740438,661440646909813
638.0424,1500.9032,535.1894,1242.495,661440647246584,661440682818615
421.9516,1512.2764,484.9529,1242.495,661440682948772,661440721548303
399.89465,1308.2299,484.9529,1308.2299,661440721649084,661440756309761
422.90036,1290.5941,422.90036,1290.5941,661440756484813,661440791463303
471.65274,1170.041,471.65274,1290.5941,661440791612209,661440825969709
499.05603,1065.8276,471.65274,1290.5941,661440826153563,661440859489761
456.53284,1017.08435,471.65274,1170.041,661440859708980,661440891769032
445.3114,1038.0436,471.65274,1065.8276,661440891973355,661440927552365
411.9103,1092.69,456.53284,1092.69,661440927739969,661440962035021
370.72266,1188.7671,445.3114,1092.69,661440962183980,661440997765699
386.63412,1253.585,411.9103,1092.69,661440997873876,661441031016688
359.85028,1306.8896,386.63412,1188.7671,661441031209032,661441063604969
340.8241,1309.9617,386.63412,1253.585,661441063733771,661441095922313
327.70816,1336.2725,359.85028,1306.8896,661441096067730,661441128786115
344.2928,1329.465,344.2928,1309.9617,661441128937678,661441164338719
392.75165,1357.6755,359.85028,1329.465,661441164476584,661441198771896
384.83212,1358.1161,359.85028,1329.465,661441198959240,661441237550021
390.30353,1389.8315,384.83212,1357.6755,661441237836271,661441270250594
378.68906,1383.5808,378.68906,1358.1161,661441270347157,661441302623198
394.86017,1377.6063,384.83212,1377.6063,661441302740230,661441336536688
387.5415,1395.9166,384.83212,1377.6063,661441337491896,661441369259396
374.35794,1402.6682,384.83212,1377.6063,661441369382157,661441410324084
382.59375,1347.3024,384.83212,1377.6063,661441410477625,661441442381792
404.65277,1410.1555,384.83212,1377.6063,661441442528771,661441474718407
397.9003,1344.1194,384.83212,1377.6063,661441474886636,661441508479709
382.23386,1334.7632,384.83212,1377.6063,661441510853407,661441545927834
385.756,1243.173,384.83212,1344.1194,661441546036323,661441579527261
370.56665,1185.2776,384.83212,1334.7632,661441579692938,661441610687417
371.13397,1230.2052,384.83212,1243.173,661441612617261,661441646789657
360.17212,1155.134,371.13397,1230.2052,661441646961323,661441682856792
352.48712,1211.9062,371.13397,1230.2052,661441683007521,661441718336792
376.2112,1197.6168,371.13397,1211.9062,661441718468875,661441754265750
386.14374,996.35657,371.13397,1211.9062,661441754453355,661441786514188
390.958,965.92194,376.2112,1197.6168,661441786643615,661441819385750
409.9999,957.2016,386.14374,996.35657,661441819497782,661441881428198
398.91623,990.4889,390.958,990.4889,661441881543719,661441919177365
427.8924,921.0133,398.91623,990.4889,661441920217677,661441957638146
368.47214,1055.8904,390.958,990.4889,661441957827469,661441992307573
329.72635,1392.1603,390.958,990.4889,661441992465177,661442026442990
324.47845,1381.1875,368.47214,1055.8904,661442026622886,661442060527000
358.9626,1359.043,358.9626,1359.043,661442060705698,661442096965386
362.78696,1355.5347,362.78696,1355.5347,661442097167365,661442130293459
347.68542,1412.9097,358.9626,1359.043,661442130482261,661442163689292
362.64148,1352.5773,362.64148,1355.5347,661442163801636,661442195656479
357.31906,1340.9852,358.9626,1355.5347,661442195792729,661442226297990
322.49454,1343.5316,358.9626,1352.5773,661442226444552,661442258272261
363.1716,1301.3298,358.9626,1343.5316,661442258459344,661442293572261
343.63055,1319.8438,358.9626,1343.5316,661442293679969,661442323556844
382.35184,1291.7891,358.9626,1319.8438,661442323689083,661442354784656
389.6657,1271.0498,358.9626,1319.8438,661442354931063,661442389535646
391.57938,1293.0771,382.35184,1293.0771,661442389658771,661442421726427
399.66034,1284.6945,389.6657,1293.0771,661442421865333,661442454775802
355.93475,765.7193,382.35184,1293.0771,661442454914240,661442490926271
388.91327,685.7489,388.91327,1284.6945,661442491145281,661442527433406
352.37198,646.8795,382.35184,765.7193,661442527612104,661442562119500
385.5353,607.93463,385.5353,685.7489,661442562279344,661442595215333
397.63397,538.34796,385.5353,646.8795,661442595334188,661442625162417
383.18802,560.7098,385.5353,607.93463,661442625345750,661442659633927
404.83282,554.1318,385.5353,560.7098,661442659733458,661442690872990
384.48935,536.52216,385.5353,560.7098,661442691161219,661442723192000
400.85095,536.4829,385.5353,554.1318,661442723356427,661442758498615
392.10867,580.11053,385.5353,560.7098,661442758598823,661442799427260
389.6321,844.6988,389.6321,560.7098,661442799542573,661442835512417
465.39304,1008.51465,389.6321,580.11053,661442835610542,661442867271427
757.9333,1290.1471,389.6321,844.6988,661442868256896,661442898602365
744.6423,1290.888,465.39304,1008.51465,661442898707937,661442932735750
496.75793,1270.7538,496.75793,1270.7538,661442932874292,661442963352781
335.8051,1430.8011,465.39304,1270.7538,661442963472469,661442995699500
393.65988,1375.6604,465.39304,1270.7538,661442995805125,661443029070125
406.05344,1186.4354,406.05344,1270.7538,661443029243927,661443062388198
441.07797,1049.1083,441.07797,1270.7538,661443062507312,661443098829917
423.03818,1034.0677,423.03818,1186.4354,661443098949656,661443134625906
387.72794,968.30914,423.03818,1049.1083,661443134795646,661443166893562
408.04285,995.0876,423.03818,1034.0677,661443167009864,661443203303614
388.80026,963.9685,408.04285,995.0876,661443203423875,661443235407208
424.39792,932.1953,423.03818,995.0876,661443235561479,661443267114500
431.33276,886.82776,423.03818,963.9685,661443268046323,661443301289448
415.016,877.20917,423.03818,932.1953,661443301468666,661443334836271
407.37137,861.4443,423.03818,886.82776,661443335009864,661443376462885
400.21683,884.4599,415.016,884.4599,661443376632781,661443413405906
378.32095,895.1319,407.37137,886.82776,661443413578823,661443449189708
391.99356,936.0557,400.21683,886.82776,661443449297729,661443482636375
386.22827,911.1062,391.99356,895.1319,661443483482312,661443516606687
404.44006,929.2487,400.21683,911.1062,661443516761531,661443549826166
414.07852,880.3948,400.21683,895.1319,661443549915177,661443592699291
413.04663,886.29486,404.44006,895.1319,661443592885333,661443631128614
405.85855,918.5682,405.85855,895.1319,661443631220333,661443669651791
397.85007,879.2489,404.44006,895.1319,661443669888614,661443703227625
390.09262,878.0308,404.44006,895.1319,661443703679187,661443736257156
449.5557,822.9713,404.44006,879.2489,661443736435125,661443769029500
471.96536,828.96625,404.44006,878.0308,661443769198823,661443801091739
428.6202,851.65015,428.6202,851.65015,661443801250958,661443834516062
420.0626,852.9094,420.0626,852.9094,661443834646114,661443867611687
386.72418,871.0641,420.0626,852.9094,661443867828770,661443909822937
438.39853,893.3254,420.0626,852.9094,661443910049343,661443942994187
410.0127,897.56573,420.0626,871.0641,661443943583406,661443980939812
397.81332,912.01733,420.0626,893.3254,661443981024343,661444014560958
430.3253,886.23114,420.0626,886.23114,661444017604968,661444052531062
440.46454,867.9671,420.0626,886.23114,661444052704864,661444085469604
446.5158,839.15594,430.3253,886.23114,661444086351583,661444121586687
452.32462,830.57654,440.46454,867.9671,661444121684447,661444154591999
451.55005,800.6363,446.5158,839.15594,661444154673562,661444189676427
388.70477,865.1474,440.46454,865.1474,661444189844447,661444221827312
454.8323,919.1118,446.5158,865.1474,661444221992260,661444257143822
401.70074,819.3055,440.46454,865.1474,661444257333249,661444292823614
454.41852,826.5282,446.5158,865.1474,661444292903770,661444325458249
437.91058,823.1212,440.46454,826.5282,661444325547208,661444358485176
503.84036,908.95776,446.5158,865.1474,661444358595385,661444399118562
525.83154,885.13245,446.5158,865.1474,661444399695124,661444439347468
474.43045,837.0823,474.43045,865.1474,661444439437260,661444480935541
507.1565,874.6381,474.43045,865.1474,661444481026322,661444517062989
488.87823,860.7457,474.43045,865.1474,661444517273666,661444548193978
489.32144,929.0891,488.87823,865.1474,661444548367156,661444582309968
576.4462,919.30084,488.87823,865.1474,661444582393510,661444618992937
452.75485,1044.924,488.87823,919.30084,661444619140593,661444656419499
452.28778,915.62866,488.87823,915.62866,661444656611583,661444690287520
520.0818,826.96075,488.87823,915.62866,661444690454812,661444723359083
489.23755,740.07294,488.87823,915.62866,661444723471322,661444758481791
484.1423,712.8406,488.87823,826.96075,661444758666426,661444794825749
512.62933,697.2517,488.87823,740.07294,661444794937937,661444830771374
507.90906,695.69214,488.87823,712.8406,661444830952051,661444862872260
500.79333,696.79004,500.79333,697.2517,661444863025385,661444898027051
488.23984,793.5815,488.87823,712.8406,661444898214187,661444930408510
494.58188,797.8524,494.58188,712.8406,661444930580593,661444962747520
490.51294,866.6039,490.51294,793.5815,661444962895020,661444996775905
487.5046,883.8723,490.51294,797.8524,661444996947885,661445031503249
477.8422,887.12054,490.51294,866.6039,661445031688041,661445066278301
484.82263,917.463,487.5046,883.8723,661445066446166,661445102301843
480.32416,911.73474,484.82263,887.12054,661445102462207,661445132395957
423.77176,934.0187,484.82263,911.73474,661445132577832,661445168488197
416.15744,966.70087,480.32416,911.73474,661445168673978,661445201577937
488.4438,934.59656,484.82263,934.0187,661445201771166,661445234777832
488.5611,926.06714,484.82263,926.06714,661445234890801,661445265819030
498.64825,930.1405,488.4438,930.1405,661445265956895,661445300923301
482.95663,904.85785,484.82263,926.06714,661445301051843,661445334891009
482.90186,876.24493,484.82263,926.06714,661445335775384,661445370113822
475.77353,635.9829,482.95663,904.85785,661445370302676,661445402386114
497.74078,427.35562,484.82263,876.24493,661445402565384,661445437805072
492.50577,395.76248,484.82263,635.9829,661445437994551,661445471486791
519.1013,393.11417,492.50577,427.35562,661445471694916,661445502094030
488.60654,423.28668,488.60654,423.28668,661445502253718,661445533304082
499.9642,398.79034,492.50577,423.28668,661445533497155,661445566611895
478.199,397.69412,488.60654,423.28668,661445566781009,661445600649603
483.402,393.3947,488.60654,398.79034,661445600807259,661445633264395
497.342,390.97263,488.60654,397.69412,661445633445905,661445666060280
502.53613,366.93094,488.60654,393.3947,661445666366478,661445701918457
494.04456,382.80835,494.04456,390.97263,661445702096426,661445737371270
532.09235,403.4166,494.04456,393.3947,661445737565436,661445768348770
559.4579,379.2928,494.04456,390.97263,661445768513040,661445801158093
535.6189,398.19412,532.09235,393.3947,661445801346582,661445837552468
534.4941,393.59238,534.4941,393.3947,661445837734759,661445873560957
549.14154,385.1148,534.4941,393.3947,661445873741270,661445906600645
553.9359,396.04984,534.4941,393.3947,661445906793353,661445940198301
557.4542,376.01,549.14154,393.3947,661445941171686,661445976424759
541.0628,357.96237,541.0628,393.3947,661445976518770,661446010129863
536.8178,371.27655,541.0628,376.01,661446010229551,661446044039342
504.5254,423.27002,541.0628,393.3947,661446044157832,661446079112572
552.3501,375.46396,541.0628,376.01,661446079268665,661446115527780
554.4504,436.87894,541.0628,393.3947,661446115724290,661446149277936
557.5459,423.79233,552.3501,393.3947,661446149444238,661446182153509
557.36975,401.77484,554.4504,401.77484,661446182235905,661446222403769
549.8996,456.82605,552.3501,401.77484,661446222564082,661446263071686
550.57007,488.2019,552.3501,401.77484,661446263222572,661446299034394
568.3782,529.7655,552.3501,456.82605,661446299185124,661446342460072
515.35455,1212.6173,552.3501,488.2019,661446342631790,661446381817311
475.18546,1487.4287,552.3501,529.7655,661446382039394,661446418324082
479.16812,1476.9417,515.35455,1212.6173,661446418493144,661446450493717
479.3113,1439.2698,479.3113,1439.2698,661446450651217,661446483141582
476.13113,1420.3152,479.3113,1420.3152,661446483242155,661446515604394
480.30704,1407.2866,479.3113,1420.3152,661446515750436,661446545961269
475.3888,1388.2849,479.3113,1420.3152,661446546106478,661446577263144
484.86517,1409.2799,479.3113,1409.2799,661446577415853,661446610216269
451.6369,1388.3584,479.3113,1409.2799,661446610369915,661446641527363
451.74774,1375.592,479.3113,1409.2799,661446642159811,661446674273457
409.95978,1425.5376,451.74774,1409.2799,661446674390488,661446708382519
399.9055,1410.9583,451.74774,1409.2799,661446709374186,661446743097103
363.8106,1413.1445,409.95978,1410.9583,661446743286842,661446776488040
361.13486,1406.918,399.9055,1409.2799,661446776670436,661446820733717
348.01404,1391.5846,363.8106,1409.2799,661446820906842,661446854769342
340.71545,1332.4186,361.13486,1406.918,661446854851425,661446891083925
309.49084,1438.084,348.01404,1409.2799,661446891270696,661446927124498
281.0075,1432.4407,340.71545,1409.2799,661446927278665,661446961762363
267.01514,1407.0493,309.49084,1409.2799,661446961907103,661446997517832
243.93732,1473.724,281.0075,1409.2799,661446997691113,661447034735592
236.1002,1538.6376,267.01514,1409.2799,661447034826998,661447072794394
259.23193,1447.9152,259.23193,1447.9152,661447072952155,661447108194186
245.55379,1551.184,259.23193,1447.9152,661447108306634,661447142612050
297.2672,850.54565,259.23193,1447.9152,661447142793977,661447177166530
531.135,416.38315,259.23193,1447.9152,661447177326946,661447209757936
355.5786,246.50414,297.2672,850.54565,661447209944394,661447243735175
308.63217,282.83145,308.63217,416.38315,661447243910436,661447277441738
305.24673,220.72925,305.24673,282.83145,661447277627727,661447322660592
307.65704,222.79253,307.65704,282.83145,661447322754707,661447355214394
340.66333,174.03975,307.65704,222.79253,661447355393352,661447390900123
342.12384,174.73933,307.65704,222.79253,661447391917519,661447424979082
345.30368,178.85822,340.66333,178.85822,661447425088352,661447469461582
337.1454,197.78699,337.1454,197.78699,661447469582363,661447507414342
353.20544,197.27103,340.66333,197.27103,661447507594706,661447540323561
351.98676,191.83536,340.66333,197.27103,661447540483769,661447573479915
381.8002,216.28513,351.98676,197.27103,661447574248196,661447605448144
453.2478,274.5935,351.98676,197.27103,661447605550956,661447641664342
428.33905,283.16446,381.8002,216.28513,661447641832467,661447678874394
475.47052,348.77597,428.33905,274.5935,661447679060644,661447710620540
450.30936,297.61206,428.33905,283.16446,661447710873300,661447743850748
452.22107,265.7588,450.30936,274.5935,661447744159967,661447777412050
462.3734,296.28842,450.30936,283.16446,661447777661425,661447810986686
458.62234,288.03143,452.22107,283.16446,661447811504081,661447849382102
450.7593,309.26993,450.7593,288.03143,661447849495488,661447881639133
173.50293,670.9221,450.7593,288.03143,661447881810383,661447913496269
158.6204,673.4331,450.7593,309.26993,661447913666321,661447944626425
155.70445,671.8687,173.50293,670.9221,661447944808144,661447975585540
147.08405,672.4593,158.6204,671.8687,661447975748456,661448007306217
179.92383,574.7022,173.50293,670.9221,661448007476269,661448054098456
129.03375,633.99786,158.6204,670.9221,661448054175488,661448089182154
126.30744,678.831,158.6204,670.9221,661448089281060,661448119878144
107.08601,743.3186,129.03375,670.9221,661448120111113,661448154055279
89.58547,744.32965,126.30744,678.831,661448154168925,661448187184915
104.50059,800.47906,107.08601,743.3186,661448187287727,661448220472727
116.04229,771.3766,116.04229,744.32965,661448220585435,661448251238769
115.36766,761.112,115.36766,761.112,661448251370800,661448287997050
78.1306,754.7312,115.36766,754.7312,661448288142415,661448347144342
281.80426,695.5048,115.36766,754.7312,661448347256321,661448382285748
719.16656,1036.0795,115.36766,754.7312,661448382392258,661448417258925
742.4093,1014.9594,281.80426,754.7312,661448417412102,661448449848039
525.4469,793.7586,525.4469,793.7586,661448450023769,661448481948717
359.98288,1072.7081,359.98288,793.7586,661448482137050,661448518510592
450.6367,938.8366,450.6367,793.7586,661448518722467,661448555652779
428.42065,942.039,428.42065,938.8366,661448556126789,661448592372206
426.71634,781.3107,428.42065,793.7586,661448592521789,661448625567414
406.59958,749.8739,428.42065,793.7586,661448625751373,661448660410748
430.5915,724.926,428.42065,781.3107,661448660542987,661448695694966
441.9584,757.9716,428.42065,757.9716,661448695789133,661448729222675
409.7739,789.38336,428.42065,781.3107,661448731149446,661448763075800
390.0781,836.98975,428.42065,781.3107,661448763250956,661448804554862
404.9142,907.34094,409.7739,789.38336,661448805617414,661448841575487
403.8528,1020.12787,404.9142,836.98975,661448841768977,661448876411789
407.4686,996.6862,407.4686,907.34094,661448876608873,661448924915748
391.36252,1089.1814,404.9142,996.6862,661448925028768,661448955361060
441.1376,1082.9447,407.4686,996.6862,661448955513039,661448993650487
409.98892,1023.56323,407.4686,1023.56323,661448993788456,661449028698873
345.0274,644.9057,407.4686,996.6862,661449028835487,661449060914758
327.42944,510.02298,407.4686,996.6862,661449061011841,661449093396425
368.26105,466.60205,368.26105,644.9057,661449093846216,661449123748456
350.0217,469.22174,368.26105,510.02298,661449124633508,661449158246737
374.29013,438.03156,368.26105,469.22174,661449159218612,661449193271477
351.56207,425.8139,368.26105,469.22174,661449196164602,661449227525748
371.81528,405.9051,368.26105,438.03156,661449229449914,661449260266737
379.1162,425.6301,368.26105,425.8139,661449260427414,661449290869914
373.05045,437.56235,371.81528,437.56235,661449292279654,661449329875331
370.3941,441.22958,370.3941,437.56235,661449330056320,661449363145747
375.67862,458.03873,371.81528,437.56235,661449363221633,661449394216216
367.61844,501.96893,370.3941,441.22958,661449394383977,661449431195904
535.1434,487.19696,371.81528,458.03873,661449431296320,661449464770956
528.80786,498.31213,371.81528,487.19696,661449464856997,661449497943716
558.355,492.80353,528.80786,487.19696,661449498116060,661449530698352
564.09674,840.2512,528.80786,492.80353,661449530871737,661449575440747
349.8824,1484.5508,528.80786,492.80353,661449575630539,661449607333247
341.6065,1493.6469,528.80786,840.2512,661449607531112,661449641159237
375.05716,1419.6133,375.05716,1419.6133,661449641338091,661449673263299
361.45996,1469.1642,375.05716,1419.6133,661449673446477,661449706299914
347.94778,1505.0491,375.05716,1419.6133,661449706494810,661449751574133
329.12772,1544.9194,361.45996,1469.1642,661449751738195,661449787858872
302.8562,1572.0175,347.94778,1505.0491,661449788074029,661449824352831
309.29468,1556.9613,329.12772,1544.9194,661449824484862,661449858667726
294.71405,1558.0762,309.29468,1556.9613,661449859730643,661449896189601
287.18234,1568.6437,309.29468,1556.9613,661449896312206,661449934441060
298.64282,1560.3744,298.64282,1558.0762,661449934600643,661449970816164
286.20496,1587.853,298.64282,1560.3744,661449970916164,661450005846528
283.50778,1603.1658,298.64282,1560.3744,661450006872622,661450040711476
269.51736,1575.8068,286.20496,1575.8068,661450040885851,661450073555695
276.91092,1580.9518,283.50778,1575.8068,661450073740591,661450125533612
341.27783,1589.1451,286.20496,1575.8068,661450125618508,661450160192674
415.90384,1556.889,286.20496,1575.8068,661450160282987,661450190644237
423.75577,1579.813,341.27783,1575.8068,661450193963768,661450228701008
425.80994,1569.347,415.90384,1575.8068,661450228792466,661450261241633
452.0965,1572.9517,423.75577,1575.8068,661450261325383,661450294462362
468.3796,1695.1151,425.80994,1575.8068,661450294547935,661450327328039
760.7315,1649.2797,452.0965,1575.8068,661450327517726,661450361906372
746.88354,1481.0996,468.3796,1575.8068,661450362013299,661450395502310
752.67413,1558.1704,746.88354,1575.8068,661450396353716,661450429582049
554.0113,1652.0344,554.0113,1575.8068,661450430316945,661450462302570
378.31863,1627.048,554.0113,1575.8068,661450462389810,661450494918403
365.2315,1642.2078,554.0113,1627.048,661450495109185,661450527086320
452.08252,1491.0504,452.08252,1575.8068,661450529029757,661450563447414
477.97443,1345.4591,477.97443,1575.8068,661450564817049,661450597438507
492.99164,1635.397,477.97443,1575.8068,661450597549341,661450630763091
732.5137,1363.6321,477.97443,1575.8068,661450630850487,661450668745747
485.76794,1500.832,485.76794,1575.8068,661450668851789,661450707903664
331.81857,1508.8373,477.97443,1508.8373,661450707997934,661450739830278
436.48914,1390.3567,477.97443,1508.8373,661450739922466,661450772428820
501.24228,1232.498,477.97443,1508.8373,661450772561424,661450805422361
505.48376,1159.033,477.97443,1390.3567,661450805590799,661450839459653
508.21683,1098.9087,501.24228,1232.498,661450840633768,661450882407830
481.21848,1106.1934,481.21848,1159.033,661450882602414,661450915718247
413.3867,1425.282,481.21848,1232.498,661450915843351,661450946394393
438.3472,1439.2781,481.21848,1232.498,661450946496893,661450979294549
433.28583,1442.8564,438.3472,1425.282,661450979488143,661451018473351
408.54092,1454.0245,438.3472,1439.2781,661451018649861,661451049750643
411.7732,1485.6495,433.28583,1442.8564,661451049868507,661451082684445
425.40433,1515.6603,425.40433,1454.0245,661451083195955,661451121756476
389.13855,1520.4896,425.40433,1485.6495,661451121959393,661451154933820
396.70587,1446.5425,425.40433,1454.0245,661451155130434,661451191902570
406.30942,1443.3005,406.30942,1454.0245,661451191989705,661451223045903
391.784,1463.287,406.30942,1454.0245,661451223191059,661451256241476
390.7462,1496.1349,406.30942,1454.0245,661451256437101,661451290392205
380.98364,1515.6566,391.784,1463.287,661451290566268,661451323304497
401.82748,1458.0293,401.82748,1458.0293,661451323487778,661451354365122
378.0483,1510.2,391.784,1463.287,661451354524809,661451386953038
416.4089,1476.141,401.82748,1463.287,661451387110122,661451419631424
397.2092,1430.1334,397.2092,1463.287,661451419792257,661451451020642
412.34088,1351.7515,401.82748,1463.287,661451451210174,661451486365174
423.8257,1272.3853,401.82748,1430.1334,661451486461788,661451517493195
417.5801,1230.0669,412.34088,1351.7515,661451517689392,661451548028507
426.8262,1169.1665,417.5801,1272.3853,661451548144288,661451590495590
401.20813,1170.1455,412.34088,1230.0669,661451590684757,661451624479913
419.84378,1126.1514,417.5801,1170.1455,661451624694080,661451656549809
374.6735,1142.7378,412.34088,1170.1455,661451656667778,661451688939965
461.85477,1046.1107,417.5801,1142.7378,661451689034757,661451721309340
429.81223,1103.444,417.5801,1142.7378,661451721418142,661451752136372
406.54956,1069.258,417.5801,1103.444,661451752276840,661451786140330
349.29993,1072.3279,417.5801,1103.444,661451786291319,661451821173351
418.34674,947.0664,417.5801,1072.3279,661451821350017,661451855054497
432.35205,924.72375,417.5801,1072.3279,661451855199653,661451885819028
351.95636,971.71545,417.5801,971.71545,661451885966944,661451914841580
358.88562,954.242,417.5801,971.71545,661451914981007,661451951003976
367.48306,955.5983,367.48306,971.71545,661451951207674,661451985418976
378.3296,892.7645,378.3296,955.5983,661451985594809,661452016956319
365.04337,958.741,367.48306,958.741,661452017143246,661452051639861
362.90958,958.4002,367.48306,958.4002,661452051787830,661452085792257
369.15912,850.49774,367.48306,958.4002,661452085931111,661452118189653
364.8938,843.17377,367.48306,958.4002,661452119215538,661452154270330
346.85837,861.3592,367.48306,861.3592,661452154431580,661452186662726
402.14813,844.89526,367.48306,861.3592,661452186818090,661452221127361
352.31393,886.1649,367.48306,861.3592,661452221311528,661452252818715
411.3229,854.6334,367.48306,861.3592,661452252968976,661452291393819
425.81842,444.58517,367.48306,861.3592,661452291561580,661452324927882
431.33893,473.357,411.3229,854.6334,661452325039705,661452356885798
442.56702,474.9213,425.81842,474.9213,661452356974496,661452386075642
394.23947,469.3637,411.3229,474.9213,661452386206111,661452418589600
396.32327,490.3306,411.3229,474.9213,661452418731267,661452451726423
394.69064,485.42987,396.32327,474.9213,661452451871528,661452484565850
418.5585,481.7576,411.3229,481.7576,661452484726892,661452515740903
429.44467,478.72437,411.3229,478.72437,661452515898142,661452547406840
321.30203,1153.8274,411.3229,481.7576,661452547586475,661452580800069
312.69275,1486.9424,411.3229,481.7576,661452582501944,661452617668350
283.39777,1467.1847,321.30203,1153.8274,661452617847205,661452650538559
301.9799,1386.5847,312.69275,1386.5847,661452650719965,661452683511111
299.59943,1370.7609,301.9799,1370.7609,661452683705486,661452716160902
305.1074,1353.0759,305.1074,1370.7609,661452716352100,661452748318559
307.03308,1314.4082,305.1074,1370.7609,661452748492882,661452781413142
340.91763,1294.0244,305.1074,1353.0759,661452781554809,661452828504757
321.89297,1364.112,307.03308,1364.112,661452828606944,661452869333402
322.78818,626.5705,321.89297,1353.0759,661452869491007,661452903343923
326.82657,547.9688,321.89297,1353.0759,661452903440798,661452938800069
319.3108,535.5768,321.89297,626.5705,661452941254809,661452975519184
330.3525,531.49225,321.89297,547.9688,661452975693506,661453010409340
354.93356,506.2785,321.89297,535.5768,661453010595694,661453045671788
349.5274,513.1984,330.3525,531.49225,661453045857725,661453083829913
356.31592,548.15027,349.5274,535.5768,661453083995954,661453116353350
351.6398,534.539,349.5274,534.539,661453116531892,661453151881215
364.62122,481.63123,351.6398,534.539,661453152168923,661453186975069
360.00812,466.52853,351.6398,534.539,661453187157308,661453219232048
416.0025,414.61404,360.00812,481.63123,661453219406423,661453251236788
411.09317,404.4986,360.00812,466.52853,661453252468871,661453286737308
427.00104,372.05627,411.09317,414.61404,661453286906996,661453317995069
400.65237,446.63318,400.65237,446.63318,661453318183194,661453350130746
403.61484,433.64926,403.61484,433.64926,661453350274340,661453385321423
414.65622,384.89554,403.61484,433.64926,661453385506788,661453417680954
462.12823,365.96536,403.61484,433.64926,661453417852360,661453451255746
601.74426,390.77798,414.65622,390.77798,661453451434288,661453483468663
458.77637,292.41736,458.77637,390.77798,661453483654235,661453521948194
431.37106,436.96362,431.37106,390.77798,661453522130694,661453557255850
419.28323,267.00696,431.37106,390.77798,661453557433663,661453597494808
447.40323,243.16823,431.37106,390.77798,661453597688142,661453630925590
426.18784,232.8387,431.37106,267.00696,661453631103142,661453665190485
425.2887,182.86314,431.37106,243.16823,661453665361110,661453700714548
409.94754,259.86298,426.18784,259.86298,661453700866371,661453734314287
409.67148,268.81845,425.2887,259.86298,661453735926579,661453768218715
371.3401,283.51755,409.94754,259.86298,661453768758767,661453799874860
452.58438,256.5133,425.2887,259.86298,661453802805433,661453833778246
433.3791,275.36682,425.2887,259.86298,661453837118558,661453873022204
439.7832,277.10815,433.3791,259.86298,661453874334392,661453910483246
459.65054,294.65573,433.3791,275.36682,661453910674339,661453945552256
471.701,290.71292,439.7832,277.10815,661453945687360,661453980742777
539.29095,284.8397,459.65054,284.8397,661453980899704,661454013442829
522.03766,245.42517,471.701,277.10815,661454013614964,661454047499131
516.13794,250.38531,516.13794,277.10815,661454047679704,661454082759912
518.22943,248.81566,516.13794,250.38531,661454082942204,661454116246735
570.9594,306.12393,516.13794,277.10815,661454116525902,661454149923506
523.045,287.24124,518.22943,277.10815,661454150841162,661454182968610
502.7377,263.5018,516.13794,277.10815,661454183141527,661454214818194
501.95093,248.73172,516.13794,277.10815,661454214993089,661454246749548
505.4191,260.89563,505.4191,263.5018,661454246880589,661454284905746
519.36035,258.84497,516.13794,260.89563,661454285056475,661454331887568
521.9242,267.13208,516.13794,263.5018,661454332082777,661454367524443
528.68054,250.18478,519.36035,260.89563,661454367707204,661454409608766
523.2652,256.40448,521.9242,260.89563,661454409733662,661454447667412
519.14075,255.97572,519.36035,256.40448,661454447821162,661454478494391
516.7462,253.08205,519.36035,256.40448,661454478661058,661454514997412
513.3517,273.0576,519.14075,256.40448,661454515167256,661454548292204
578.2447,266.42236,519.36035,256.40448,661454548474443,661454581469756
609.0016,277.92242,519.36035,266.42236,661454581573923,661454614271006
623.3876,269.5959,578.2447,266.42236,661454614399548,661454648213923
628.4541,251.7124,609.0016,266.42236,661454648367568,661454688973454
641.9381,275.38242,623.3876,266.42236,661454689094600,661454719534391
640.2406,249.66017,628.4541,266.42236,661454719736006,661454753512829
563.39276,203.58363,623.3876,266.42236,661454753703662,661454786999339
544.60803,198.34105,623.3876,249.66017,661454787103402,661454819447985
545.07434,186.55476,563.39276,203.58363,661454819551162,661454851438037
514.92145,196.88474,545.07434,198.34105,661454851548089,661454883776995
481.1418,186.60019,545.07434,196.88474,661454883866579,661454915916318
522.3468,186.70703,522.3468,196.88474,661454916112412,661454951171318
521.3064,192.90233,522.3468,192.90233,661454951271527,661454982843662
514.60565,196.53764,522.3468,196.53764,661454983669756,661455014598349
527.22125,199.17924,522.3468,196.53764,661455014772568,661455050524704
527.3681,214.53703,522.3468,196.53764,661455050650745,661455082936943
532.44006,221.52132,527.22125,199.17924,661455083104131,661455118421579
531.70654,203.3009,527.3681,203.3009,661455118603193,661455153655849
515.95917,202.7712,527.22125,202.7712,661455153788297,661455191463297
543.9358,214.17291,527.3681,203.3009,661455191952412,661455223821787
667.96,213.84184,527.3681,203.3009,661455223934235,661455258559079
819.70215,751.5075,543.9358,213.84184,661455258663870,661455296591058
729.157,943.2181,667.96,213.84184,661455296758558,661455332996683
539.17346,654.7349,543.9358,654.7349,661455333156266,661455369218766
387.22757,839.49023,543.9358,654.7349,661455369415901,661455401289339
448.51733,970.33685,539.17346,654.7349,661455401455797,661455451167412
503.87616,806.15326,503.87616,806.15326,661455451267933,661455493064912
488.69006,835.0659,503.87616,806.15326,661455493258766,661455524241318
458.33456,894.46,503.87616,806.15326,661455524360328,661455556821735
430.90753,896.529,488.69006,835.0659,661455557171422,661455590691578
483.2795,813.3625,483.2795,813.3625,661455590995485,661455623961526
474.53946,818.45245,483.2795,818.45245,661455625052776,661455665812047
454.53473,857.35175,483.2795,818.45245,661455665992880,661455697465172
472.1611,817.91034,474.53946,818.45245,661455697616422,661455732883193
472.75952,897.8462,472.75952,818.45245,661455733061526,661455763534026
441.07138,963.3948,472.75952,818.45245,661455763696735,661455794887568
432.27502,915.22546,472.75952,897.8462,661455795089703,661455828703453
459.24036,910.0756,459.24036,910.0756,661455828885172,661455870046162
472.76007,920.9859,472.75952,910.0756,661455870133505,661455901102724
397.76096,1088.4176,459.24036,910.0756,661455901219391,661455937101370
350.63333,1240.2588,459.24036,920.9859,661455937296995,661455967798766
320.73834,1292.1573,397.76096,1088.4176,661455968090276,661456004482151
305.18817,1310.9185,350.63333,1240.2588,661456004646943,661456039264651
300.01126,1312.1049,320.73834,1292.1573,661456039365328,661456073737047
303.85367,1310.3369,305.18817,1310.3369,661456073820276,661456123375328
367.24445,1347.6338,320.73834,1310.3369,661456124248141,661456155534703
348.8168,1366.5494,320.73834,1310.3369,661456156368662,661456191633974
363.43515,1364.7988,348.8168,1347.6338,661456191816526,661456226522932
372.90082,1360.8674,348.8168,1360.8674,661456226674599,661456260997047
361.70856,1416.3635,361.70856,1360.8674,661456261129286,661456290998661
358.88104,1449.9213,358.88104,1360.8674,661456291160641,661456328670328
354.53098,1454.5707,358.88104,1416.3635,661456328812411,661456370925172
371.87317,1401.8049,358.88104,1401.8049,661456371026474,661456402051526
382.886,677.08124,358.88104,1401.8049,661456409272307,661456441162984
390.07895,481.49286,371.87317,1401.8049,661456441316214,661456472847463
393.47577,453.00458,382.886,677.08124,661456474531682,661456508619547
455.2303,442.54208,390.07895,481.49286,661456508796005,661456543298088
381.39847,511.9753,382.886,511.9753,661456543433193,661456576633557
407.48004,461.7714,390.07895,481.49286,661456576827776,661456612867099
384.9754,488.07123,384.9754,488.07123,661456615443818,661456650099963
430.57574,405.0783,390.07895,481.49286,661456650182099,661456682933713
395.45297,365.47327,390.07895,481.49286,661456683104911,661456718295172
394.50467,329.71878,394.50467,405.0783,661456718473609,661456755002047
407.7135,328.0889,394.50467,365.47327,661456755153453,661456787882932
429.45386,317.48392,394.50467,329.71878,661456788280015,661456825190380
426.58505,312.36035,407.7135,328.0889,661456825335328,661456859556526
420.94406,356.4845,420.94406,329.71878,661456859766213,661456891043974
452.91925,365.3311,420.94406,329.71878,661456891232932,661456923601370
432.74393,314.375,420.94406,329.71878,661456923783870,661456958155588
434.88577,317.33484,432.74393,329.71878,661456958335692,661456995500536
459.40402,392.41074,432.74393,329.71878,661456995686682,661457027389859
525.75226,369.54984,434.88577,329.71878,661457027489182,661457059251682
749.65216,712.78204,459.40402,369.54984,661457059430484,661457092908870
673.0847,1231.89,525.75226,369.54984,661457093054026,661457127687619
411.5158,1798.5305,459.40402,712.78204,661457127865849,661457159685380
300.16525,1895.2614,459.40402,1231.89,661457159865119,661457192310276
350.87994,1849.5773,411.5158,1798.5305,661457192491422,661457236205536
397.0226,1668.3497,397.0226,1668.3497,661457236325536,661457266482776
312.82016,1548.6344,397.0226,1668.3497,661457266597099,661457298754182
342.4923,1463.511,397.0226,1668.3497,661457298848765,661457330979026
335.87268,1518.9434,342.4923,1548.6344,661457331097046,661457361410015
352.98157,1494.3553,352.98157,1518.9434,661457361617984,661457395032151
363.3833,1456.5468,352.98157,1518.9434,661457395221682,661457427639599
406.63074,1276.4492,352.98157,1494.3553,661457427796005,661457459150380
404.53064,1247.6807,363.3833,1456.5468,661457459339546,661457493539442
383.16702,1276.3323,383.16702,1276.4492,661457493639651,661457525712828
415.3127,1292.6687,383.16702,1292.6687,661457525812932,661457556956890
413.83273,1214.9838,383.16702,1276.4492,661457557107203,661457591422255
404.07837,1225.4363,404.07837,1276.4492,661457591615588,661457624178036
403.55908,1182.7933,403.55908,1225.4363,661457624349338,661457667295276
411.467,1191.4617,404.07837,1225.4363,661457667486317,661457703733973
397.64468,1237.6084,403.55908,1225.4363,661457703935588,661457738275744
392.69214,1293.0757,403.55908,1225.4363,661457738382984,661457770760380
409.5908,1273.6907,403.55908,1237.6084,661457770950484,661457802437359
507.80707,742.05225,403.55908,1225.4363,661457802724390,661457837402359
464.47025,621.43164,409.5908,1225.4363,661457837561630,661457870238609
480.62476,627.1583,464.47025,742.05225,661457870404390,661457903452098
474.8034,603.66895,464.47025,627.1583,661457903613713,661457941360328
487.60416,624.33417,474.8034,627.1583,661457941534859,661457974275484
442.4549,644.12195,464.47025,627.1583,661457975624546,661458010212150
484.07556,601.4333,474.8034,627.1583,661458010829025,661458042933192
537.2466,491.90546,474.8034,627.1583,661458044643036,661458086054234
722.8463,721.9757,484.07556,627.1583,661458086212463,661458122224442
585.4387,412.64883,537.2466,627.1583,661458122402411,661458156849702
573.3746,460.35397,573.3746,627.1583,661458157046421,661458191073400
574.93536,548.7424,573.3746,548.7424,661458191269702,661458226182671
559.8413,377.1329,573.3746,548.7424,661458226355796,661458261633661
529.06464,391.1042,573.3746,548.7424,661458261744807,661458294489859
587.54376,323.56772,573.3746,391.1042,661458294600640,661458331674025
535.76385,266.31793,573.3746,391.1042,661458331783192,661458362476109
577.7361,324.7912,573.3746,324.7912,661458362659963,661458395286109
566.5962,333.29535,573.3746,333.29535,661458395485692,661458431679390
569.4159,348.46265,573.3746,333.29535,661458431884129,661458467382671
526.78894,345.06854,569.4159,333.29535,661458467492202,661458506728765
535.1639,374.402,569.4159,345.06854,661458506815484,661458538722411
587.74896,340.18646,569.4159,340.18646,661458538825327,661458570881317
599.77527,445.90677,569.4159,345.06854,661458571021681,661458603921786
691.58563,487.48132,587.74896,345.06854,661458604147359,661458635733348
799.36847,871.0036,599.77527,445.90677,661458635891265,661458666867254
682.5703,989.5779,682.5703,487.48132,661458666964025,661458700476473
426.41507,891.7673,599.77527,871.0036,661458700954702,661458733605536
417.1211,679.4569,599.77527,679.4569,661458733714338,661458765487306
484.07584,705.6118,484.07584,705.6118,661458765588869,661458796048661
490.03177,600.1819,490.03177,679.4569,661458796211473,661458827297827
484.6082,503.15448,484.6082,679.4569,661458827499806,661458864744806
432.4701,829.0741,484.6082,679.4569,661458866079598,661458898666525
849.41437,973.9186,484.6082,679.4569,661458898772150,661458930684963
824.2092,1050.6143,484.6082,829.0741,661458930819650,661458960939754
382.58014,693.32794,484.6082,693.32794,661458961058035,661458995092515
418.46698,824.9746,484.6082,824.9746,661458995262983,661459029839598
427.83386,698.2768,427.83386,698.2768,661459029957150,661459067404442
451.54236,655.68207,451.54236,698.2768,661459067507619,661459099562358
370.69907,589.12823,427.83386,698.2768,661459100505483,661459132704077
395.15848,531.3708,427.83386,655.68207,661459132828660,661459178449806
431.50848,527.98035,427.83386,589.12823,661459178668296,661459216165692
440.52338,531.7791,427.83386,531.7791,661459216943035,661459250801369
424.60822,544.41235,427.83386,544.41235,661459250966369,661459282756577
394.509,579.13086,427.83386,544.41235,661459283163348,661459316719754
400.13638,567.6089,424.60822,544.41235,661459316899754,661459348350587
437.48245,426.89795,427.83386,544.41235,661459348450483,661459379858192
480.1189,194.61801,427.83386,544.41235,661459380724962,661459413345014
437.75867,214.6588,437.48245,426.89795,661459413443296,661459446864754
451.15674,215.76392,437.75867,215.76392,661459446965327,661459479311473
447.70776,228.40901,437.75867,228.40901,661459480318921,661459512117254
509.01898,197.21367,447.70776,215.76392,661459513328869,661459545436577
497.8176,203.26947,447.70776,215.76392,661459547331629,661459582536108
517.1117,199.15408,497.8176,203.26947,661459586487098,661459617978244
534.78296,198.59651,497.8176,203.26947,661459619484181,661459650196316
539.5001,204.45555,517.1117,203.26947,661459650872046,661459683647462
534.936,195.74701,534.78296,203.26947,661459685871056,661459718663660
534.87354,203.83287,534.87354,203.26947,661459718805379,661459751050327
525.8499,211.09108,534.78296,203.26947,661459752397098,661459786818035
545.9678,186.11064,534.87354,203.26947,661459786981004,661459821872566
550.9593,180.86325,534.87354,203.26947,661459822027983,661459852679702
503.63736,508.07153,534.87354,203.26947,661459852860796,661459885476316
331.21402,975.88544,534.87354,203.26947,661459885641525,661459918323921
320.54514,1041.8882,503.63736,508.07153,661459918471212,661459965425275
359.49518,966.25305,359.49518,966.25305,661459965602045,661459997570483
356.09653,967.633,359.49518,966.25305,661459997943920,661460030103920
361.91205,898.9204,359.49518,966.25305,661460030213243,661460065889285
333.4188,890.63385,359.49518,966.25305,661460066037045,661460099334233
359.31473,880.5002,359.49518,898.9204,661460099521785,661460133341004
352.40567,888.1799,359.31473,890.63385,661460133535587,661460166535222
356.51962,849.18207,359.31473,888.1799,661460166698816,661460205948816
590.2937,881.8276,359.31473,888.1799,661460206054337,661460236375952
881.9267,837.695,359.31473,881.8276,661460236560795,661460272519181
871.6771,796.8972,590.2937,881.8276,661460272628504,661460307016108
874.5819,799.1409,871.6771,837.695,661460307204285,661460342678347
902.8485,794.1755,871.6771,799.1409,661460342802358,661460373494806
872.3382,859.2742,872.3382,837.695,661460373685118,661460408802254
902.5638,813.44257,872.3382,813.44257,661460408894597,661460439643399
909.94604,841.82715,872.3382,837.695,661460439788504,661460473277670
852.44055,666.4347,872.3382,813.44257,661460473465066,661460503246733
782.3349,1004.6716,872.3382,837.695,661460503403504,661460535337827
486.18805,1457.7897,852.44055,837.695,661460535503608,661460565976056
401.0656,1264.8337,782.3349,1004.6716,661460566156264,661460599393712
489.24542,1209.4749,489.24542,1209.4749,661460599586212,661460632884129
492.7133,1150.0193,492.7133,1150.0193,661460633057983,661460672528556
467.0264,1081.4124,489.24542,1150.0193,661460672707879,661460705171160
470.49783,1000.52124,489.24542,1150.0193,661460705357410,661460735835274
468.62088,1026.6764,470.49783,1081.4124,661460736116524,661460767474962
364.53485,1413.1035,470.49783,1150.0193,661460767672358,661460800598504
370.9545,1400.4156,468.62088,1150.0193,661460800763816,661460835752670
340.65747,1406.5726,370.9545,1400.4156,661460835939493,661460869086941
337.05087,1338.1835,370.9545,1338.1835,661460869260535,661460901595014
338.0555,1356.4849,340.65747,1356.4849,661460901754597,661460932434285
337.6912,1341.2917,338.0555,1341.2917,661460932586628,661460969405535
331.11877,1338.4565,338.0555,1341.2917,661460971346993,661461002998347
364.83987,1329.9517,338.0555,1341.2917,661461003174441,661461036143608
365.68744,1339.3353,338.0555,1339.3353,661461036329076,661461068803503
327.49896,1309.63,338.0555,1339.3353,661461068973295,661461103177930
322.62485,1362.2974,338.0555,1339.3353,661461103347410,661461134690222
317.76132,1429.9681,327.49896,1339.3353,661461134877930,661461170217514
337.35178,1387.5477,337.35178,1362.2974,661461170462566,661461200746264
421.56674,821.2246,337.35178,1339.3353,661461200923191,661461233593139
411.22433,839.1245,337.35178,1339.3353,661461235906055,661461266922930
409.34537,809.82416,409.34537,839.1245,661461267032514,661461301598660
402.33664,816.0195,402.33664,839.1245,661461302327618,661461333163087
408.10513,819.36633,408.10513,819.36633,661461333341264,661461365829180
431.9028,789.5223,408.10513,819.36633,661461365962410,661461401976212
411.14862,824.2376,408.10513,819.36633,661461402169232,661461434747514
438.84912,764.3132,411.14862,819.36633,661461434921576,661461468437930
405.5393,805.9132,408.10513,819.36633,661461468617566,661461503347774
420.7722,762.9085,411.14862,805.9132,661461503532826,661461535689024
453.82672,696.5976,411.14862,805.9132,661461535839128,661461570274545
768.5607,618.1278,420.7722,762.9085,661461570438659,661461603473399
773.8466,653.7231,453.82672,696.5976,661461603621576,661461636853607
709.94336,683.91077,709.94336,683.91077,661461636974962,661461669177097
723.903,719.21204,709.94336,696.5976,661461669279597,661461701855482
697.3404,670.7327,709.94336,683.91077,661461701954336,661461735245014
706.9733,699.67395,709.94336,696.5976,661461735428191,661461770877253
734.3238,704.83575,709.94336,696.5976,661461771061628,661461807167357
711.82355,695.13525,709.94336,696.5976,661461807276159,661461842814441
710.1972,659.6703,710.1972,696.5976,661461842916941,661461873378086
424.0737,435.98697,709.94336,695.13525,661461873570118,661461906912982
405.3547,447.7054,709.94336,659.6703,661461907026680,661461939253555
386.3516,428.94452,424.0737,447.7054,661461940547774,661461974019128
410.66107,409.34882,410.66107,447.7054,661461974144909,661462008059857
406.28027,396.96976,410.66107,428.94452,661462008824909,661462046467930
360.41562,430.66998,410.66107,430.66998,661462046658711,661462078710586
401.35718,386.4954,406.28027,428.94452,661462078902618,661462112337878
406.77423,389.58804,406.77423,428.94452,661462112486524,661462145537774
364.31094,324.01685,406.28027,389.58804,661462145687409,661462175196940
368.5797,316.3118,406.28027,389.58804,661462175308190,661462205961211
370.9709,302.24057,370.9709,324.01685,661462206104128,661462238202565
365.47058,262.28247,370.9709,316.3118,661462238345430,661462270197253
357.5642,289.69302,370.9709,302.24057,661462270388190,661462308610899
336.40604,287.56277,365.47058,289.69302,661462309359857,661462338564232
329.76035,266.08984,357.5642,289.69302,661462338682461,661462369185430
369.56973,307.32928,365.47058,289.69302,661462369302565,661462406348503
503.8702,249.259,365.47058,289.69302,661462406459701,661462440963711
781.93494,713.6517,369.56973,289.69302,661462441928607,661462477934701
798.5725,917.8733,503.8702,289.69302,661462478131472,661462538723555
312.4638,1127.2809,369.56973,713.6517,661462538842565,661462570202513
315.5897,1016.33417,369.56973,917.8733,661462570396315,661462604066628
335.37048,1004.7157,335.37048,1004.7157,661462604162826,661462648897044
366.99237,842.8199,366.99237,917.8733,661462649031628,661462685249492
360.20474,820.4616,360.20474,917.8733,661462685416159,661462717580794
374.7479,796.02124,366.99237,842.8199,661462717738347,661462750357930
353.0601,688.5132,360.20474,820.4616,661462750515534,661462785656576
404.74792,741.18744,366.99237,796.02124,661462785791419,661462820042721
393.8733,705.2137,366.99237,741.18744,661462820197461,661462855992721
386.3218,682.2872,386.3218,741.18744,661462856112305,661462888937096
390.38702,467.2276,386.3218,705.2137,661462889140951,661462925732409
378.00314,496.55026,386.3218,682.2872,661462925864753,661462965510221
410.639,457.686,386.3218,496.55026,661462965664388,661462998411003
425.04398,487.11395,386.3218,496.55026,661462998504336,661463033313971
419.19348,458.19482,410.639,487.11395,661463033448190,661463066289544
386.1175,486.11368,386.3218,487.11395,661463066454492,661463101398711
644.22534,494.6028,410.639,487.11395,661463101557148,661463139300169
657.12946,461.92358,410.639,487.11395,661463141257773,661463174268346
664.15405,456.22348,644.22534,487.11395,661463174680690,661463212311576
666.77576,458.2163,657.12946,461.92358,661463212532878,661463246786940
625.6163,436.91153,644.22534,458.2163,661463246968190,661463279599232
599.9071,745.64124,644.22534,461.92358,661463279785950,661463311143607
536.2949,1312.7664,625.6163,461.92358,661463311336107,661463342427096
528.57587,1302.623,599.9071,745.64124,661463343381940,661463375709440
584.8353,1262.4342,584.8353,1262.4342,661463376770690,661463408718659
596.45233,1231.6804,596.45233,1231.6804,661463408908711,661463442762825
574.667,1253.4668,584.8353,1253.4668,661463442940430,661463473640950
562.4163,1264.294,584.8353,1253.4668,661463475391992,661463507919180
511.781,1296.0443,574.667,1253.4668,661463508167357,661463539937200
505.3347,1344.7378,562.4163,1264.294,661463540133763,661463572297982
526.9933,1343.6892,526.9933,1296.0443,661463572413450,661463606354752
511.27182,1313.6477,526.9933,1313.6477,661463607309961,661463640535325
512.58704,1301.8502,526.9933,1301.8502,661463640730273,661463689062982
533.2628,1275.3822,526.9933,1301.8502,661463689227877,661463727032877
521.4769,1295.9803,526.9933,1301.8502,661463727180065,661463759684857
532.63226,1264.0101,526.9933,1295.9803,661463761040742,661463794313711
530.42676,1278.4122,526.9933,1295.9803,661463796227617,661463826646054
482.03168,1335.77,526.9933,1295.9803,661463828203502,661463859227565
456.75476,1302.6986,526.9933,1295.9803,661463860897721,661463896374648
538.0994,1196.6682,526.9933,1295.9803,661463896474492,661463928121731
499.75922,1285.1005,526.9933,1295.9803,661463928255794,661463960212148
540.0818,1294.6915,526.9933,1294.6915,661463961515273,661463999914752
538.0071,1297.1108,526.9933,1295.9803,661464000156159,661464033292148
578.716,1266.98,538.0071,1294.6915,661464033436940,661464067731419
562.5189,1259.7997,538.0071,1294.6915,661464067844804,661464099923658
598.2512,1226.5292,562.5189,1266.98,661464100093242,661464135861002
550.2147,1240.6116,550.2147,1259.7997,661464135958606,661464167619908
605.83105,1194.0802,562.5189,1240.6116,661464167795117,661464209945013
566.9301,1197.0535,562.5189,1240.6116,661464210187461,661464243760377
562.9447,1254.3483,562.9447,1240.6116,661464244226158,661464274176575
601.45135,1295.0903,562.9447,1240.6116,661464274357356,661464305265117
576.5262,1329.2024,562.9447,1254.3483,661464306536263,661464339496731
541.1736,1276.3981,562.9447,1276.3981,661464339682513,661464373161992
491.7242,1335.9607,562.9447,1276.3981,661464373352669,661464407377148
537.26855,1337.161,541.1736,1276.3981,661464407550794,661464443577617
529.39825,1363.4478,537.26855,1335.9607,661464443760794,661464475044335
554.1689,1289.8763,541.1736,1289.8763,661464475238190,661464508978867
580.15063,1233.4873,541.1736,1289.8763,661464509176158,661464541890273
561.3489,1251.965,554.1689,1289.8763,661464542066158,661464577441054
563.41547,1173.2384,561.3489,1251.965,661464577624752,661464609025169
502.1935,701.71423,554.1689,1251.965,661464609201835,661464643255117
533.03644,622.6981,554.1689,1173.2384,661464643459648,661464675517981
510.06897,588.0376,533.03644,701.71423,661464675667044,661464709996992
528.17377,587.41595,533.03644,622.6981,661464710191210,661464741485637
532.1778,568.4048,532.1778,588.0376,661464741674335,661464773265377
531.0352,590.8634,532.1778,590.8634,661464773433814,661464805122512
553.33673,762.40533,532.1778,590.8634,661464806092617,661464839695950
560.0766,1116.8243,532.1778,590.8634,661464841035221,661464874632096
568.08417,1096.6534,553.33673,762.40533,661464874808346,661464907626367
515.2698,1107.1089,532.1778,1096.6534,661464907819908,661464940151575
493.90994,1111.1476,532.1778,1096.6534,661464940350585,661464974991991
476.12463,1145.7504,515.2698,1107.1089,661464975178085,661465010612616
483.18353,1182.4719,493.90994,1111.1476,661465010803033,661465044196210
482.65842,1223.6927,483.18353,1145.7504,661465044359439,661465076097044
559.006,1138.8987,493.90994,1138.8987,661465076247304,661465107972096
558.5828,1165.664,493.90994,1145.7504,661465108157096,661465139904283
544.16693,1161.7213,544.16693,1145.7504,661465140102877,661465170542773
551.8777,1179.1484,544.16693,1161.7213,661465170674127,661465203226262
542.017,1189.1523,544.16693,1161.7213,661465204873918,661465240644387
492.67905,1219.3406,544.16693,1179.1484,661465242015898,661465275300325
564.0529,1184.8169,544.16693,1184.8169,661465275495898,661465305951314
472.47656,990.41833,544.16693,1179.1484,661465306126002,661465337853398
571.14886,509.63425,544.16693,1179.1484,661465338022356,661465370456991
520.832,354.00998,544.16693,990.41833,661465370593450,661465404478971
487.31396,517.56244,544.16693,517.56244,661465404677252,661465438314075
500.87888,402.9815,520.832,517.56244,661465438502356,661465474244283
477.11725,353.0842,500.87888,517.56244,661465474335845,661465507158033
427.09122,308.4763,500.87888,402.9815,661465507356366,661465537692929
440.70715,205.45383,477.11725,353.0842,661465537852148,661465572387564
432.17413,238.23296,440.70715,308.4763,661465572597720,661465603353502
442.13757,246.98123,442.13757,246.98123,661465603526523,661465634591887
411.1483,290.99164,440.70715,290.99164,661465634694283,661465667540741
417.2298,323.32162,440.70715,290.99164,661465667668866,661465700485897
412.57324,335.2594,417.2298,290.99164,661465700585012,661465735684335
444.92154,320.14896,440.70715,320.14896,661465735817720,661465768054647
455.28915,288.12756,440.70715,290.99164,661465768172408,661465803200272
427.43546,404.18625,440.70715,320.14896,661465803359491,661465836902252
652.48566,438.9883,440.70715,320.14896,661465837086627,661465873421314
765.8164,803.23987,440.70715,404.18625,661465873611522,661465907929179
770.62573,949.7104,652.48566,438.9883,661465908280064,661465938577252
575.79407,913.16296,575.79407,803.23987,661465938671679,661465971122824
400.22116,721.2995,575.79407,721.2995,661465971351991,661466006617460
379.90997,882.3812,575.79407,803.23987,661466006757043,661466040607877
449.44626,871.8655,449.44626,803.23987,661466040787824,661466076876679
423.6731,791.78406,449.44626,803.23987,661466076987043,661466105696626
408.88422,650.74115,449.44626,803.23987,661466105901574,661466139014699
396.58115,540.7521,423.6731,791.78406,661466139215376,661466170589335
366.28394,588.1362,408.88422,650.74115,661466170772147,661466205420376
412.97272,611.50195,412.97272,611.50195,661466205616574,661466239143137
383.18716,629.9519,408.88422,629.9519,661466239329335,661466273279387
381.89105,635.7164,408.88422,629.9519,661466273408085,661466307801522
362.51062,416.79694,383.18716,629.9519,661466307984387,661466341369751
355.62494,335.19156,381.89105,629.9519,661466341479074,661466372536001
372.35455,348.04037,372.35455,416.79694,661466372722303,661466403512824
323.9315,366.5891,372.35455,366.5891,661466403699699,661466437501001
312.2617,360.6062,372.35455,366.5891,661466437707512,661466472571835
323.13754,416.1378,323.9315,366.5891,661466472761158,661466505860533
329.9261,356.54596,329.9261,366.5891,661466506040428,661466542646210
323.4726,394.04996,323.9315,366.5891,661466542834751,661466578918449
306.18518,358.6132,323.9315,366.5891,661466579104022,661466612864387
329.0351,360.0642,323.9315,366.5891,661466612949855,661466644889126
318.28296,331.52704,323.9315,360.0642,661466644993866,661466675440533
241.41281,317.43875,323.9315,360.0642,661466676554751,661466707301366
255.45366,327.15268,318.28296,331.52704,661466708270480,661466739885428
259.75403,368.55374,259.75403,360.0642,661466740777928,661466770470532
286.45157,318.9723,286.45157,331.52704,661466770610064,661466803684074
329.45792,309.02585,286.45157,331.52704,661466803834178,661466837687772
470.27652,251.67851,286.45157,318.9723,661466837837043,661466869648241
485.316,281.4273,329.45792,309.02585,661466869798293,661466901715637
502.0642,275.15274,470.27652,281.4273,661466901891939,661466937598710
449.99615,273.54428,449.99615,281.4273,661466937769230,661466979099803
500.22775,253.99718,470.27652,275.15274,661466979288137,661467011267459
463.66925,269.2287,463.66925,273.54428,661467011380428,661467043004855
465.34723,274.916,465.34723,274.916,661467043108762,661467075190116
477.0442,292.3751,465.34723,274.916,661467075309282,661467107352772
481.7294,293.51184,465.34723,274.916,661467107444230,661467142031574
460.98087,675.0758,465.34723,292.3751,661467142183345,661467174766991
373.62994,1356.3987,465.34723,293.51184,661467174945376,661467206485480
414.0012,1430.3186,460.98087,675.0758,661467206702668,661467238884386
409.19977,1398.4556,414.0012,1356.3987,661467239074647,661467269753084
377.0212,1451.8822,414.0012,1398.4556,661467269918657,661467303753449
395.8632,1383.8239,409.19977,1383.8239,661467303924543,661467339823136
412.0756,1356.334,412.0756,1383.8239,661467340075897,661467371316314
440.52475,1342.2245,412.0756,1383.8239,661467371507251,661467412415949
367.04944,1366.5223,412.0756,1366.5223,661467412620741,661467448423918
443.99762,1331.7626,412.0756,1366.5223,661467448546001,661467484475584
415.7623,1317.9169,412.0756,1366.5223,661467484601313,661467518708813
399.4312,1293.4718,412.0756,1331.7626,661467518883032,661467553581053
387.34708,1304.8219,412.0756,1317.9169,661467553751938,661467585798345
378.67368,1273.9532,399.4312,1304.8219,661467585926730,661467618134647
386.6623,1278.1283,387.34708,1304.8219,661467618302095,661467651077720
379.81873,1256.9902,386.6623,1278.1283,661467651196105,661467682930949
393.87418,1281.7096,387.34708,1281.7096,661467683058761,661467714875584
368.44547,1264.3433,386.6623,1278.1283,661467716127511,661467747606053
396.90726,1218.1503,387.34708,1278.1283,661467747705115,661467779834074
403.88333,435.28625,387.34708,1264.3433,661467779936990,661467811317199
384.0907,280.37527,387.34708,1218.1503,661467811428084,661467844148240
366.0388,288.63052,387.34708,435.28625,661467844260688,661467875793709
329.2453,295.8109,384.0907,295.8109,661467875942147,661467910799178
363.26355,273.53278,366.0388,295.8109,661467910951938,661467944430115
369.61472,304.88153,369.61472,295.8109,661467944596313,661467995180063
343.6558,331.87183,366.0388,295.8109,661467996043240,661468034331730
353.5287,330.88705,366.0388,304.88153,661468034481886,661468066561105
329.91714,347.9463,353.5287,330.88705,661468066730480,661468101573813
332.33466,332.47705,353.5287,330.88705,661468101749907,661468133992876
327.16107,324.08185,332.33466,330.88705,661468134108657,661468171542719
332.0229,355.8613,332.33466,330.88705,661468171713657,661468207636626
332.3069,322.9192,332.3069,330.88705,661468207832094,661468241451886
335.98248,345.93564,332.33466,330.88705,661468243407511,661468276846574
337.07397,316.08688,332.33466,330.88705,661468277065428,661468307465584
341.25385,352.6083,335.98248,330.88705,661468307581782,661468342545480
336.46106,337.9837,336.46106,330.88705,661468342650844,661468376454594
398.04672,357.97794,336.46106,337.9837,661468376640376,661468408736990
508.81787,280.49838,336.46106,330.88705,661468408921886,661468447274074
524.9853,269.49655,398.04672,330.88705,661468447456886,661468483083396
539.95874,298.67532,508.81787,298.67532,661468483296886,661468515708709
631.9932,260.03156,524.9853,298.67532,661468515894126,661468546361678
739.67505,310.46683,539.95874,298.67532,661468548228292,661468579748553
741.1976,659.5485,631.9932,298.67532,661468581188761,661468614861001
673.0954,581.24585,673.0954,310.46683,661468615025584,661468646544438
488.84058,545.3613,631.9932,545.3613,661468646669126,661468682771678
554.231,844.1182,631.9932,545.3613,661468682997407,661468716549021
527.5779,820.12305,554.231,545.3613,661468716715271,661468749518240
559.66565,668.8512,559.66565,668.8512,661468749681834,661468784282823
485.07947,634.7423,554.231,634.7423,661468784458709,661468820398657
534.68915,873.1596,554.231,668.8512,661468820584125,661468851743657
732.04785,996.0332,554.231,668.8512,661468852296990,661468883387094
738.43677,1228.0165,554.231,873.1596,661468883529855,661468915205011
666.71173,1328.9772,666.71173,996.0332,661468915372563,661468949799802
337.97333,1715.7069,554.231,1228.0165,661468949937146,661468984137927
372.57376,1537.387,554.231,1328.9772,661468986285636,661469017303448
418.93695,1418.4135,418.93695,1418.4135,661469018541052,661469049525427
422.73383,1257.8418,422.73383,1328.9772,661469049708396,661469082326990
430.2766,1167.323,422.73383,1328.9772,661469082427980,661469114218813
426.7266,1080.7693,422.73383,1257.8418,661469114401573,661469144906729
427.3877,1109.0416,426.7266,1167.323,661469145020063,661469185692667
427.49634,1091.6053,426.7266,1109.0416,661469185802354,661469217501000
420.39124,1051.193,426.7266,1109.0416,661469217682198,661469250983500
418.7509,1056.9847,426.7266,1091.6053,661469251155896,661469283263969
423.51166,1066.7616,423.51166,1066.7616,661469284219386,661469315342094
437.70358,1083.448,426.7266,1083.448,661469315472094,661469347493136
426.47568,953.5377,426.47568,1066.7616,661469347650219,661469379067459
428.94012,837.2358,426.7266,1066.7616,661469379209750,661469410290740
444.80505,789.80695,426.7266,953.5377,661469410400584,661469445145844
408.31433,728.6875,426.7266,837.2358,661469445288396,661469476538917
405.27286,777.4206,426.7266,789.80695,661469476635167,661469511503865
409.53653,758.7605,409.53653,777.4206,661469512484750,661469543752406
410.5514,759.8232,410.5514,777.4206,661469543853396,661469581552354
384.47073,761.4419,409.53653,761.4419,661469581723083,661469617482563
418.6545,724.776,410.5514,761.4419,661469617618969,661469649393240
429.0537,788.355,410.5514,761.4419,661469649611521,661469680199073
406.1014,820.3871,410.5514,761.4419,661469680380271,661469714771313
441.85086,741.6032,410.5514,761.4419,661469714953604,661469748091313
411.40192,768.0502,410.5514,761.4419,661469748246365,661469780757719
407.38126,795.4354,410.5514,761.4419,661469780916625,661469813664021
329.32446,437.52957,410.5514,761.4419,661469813810115,661469849745740
317.83618,312.22638,407.38126,761.4419,661469849942667,661469882561938
330.23633,316.70816,330.23633,437.52957,661469882774229,661469914426729
331.35486,295.54,331.35486,316.70816,661469914635115,661469949199646
332.34006,290.16727,331.35486,316.70816,661469949385479,661469981010219
373.7993,278.99442,331.35486,295.54,661469981247302,661470016257250
382.97296,294.14117,332.34006,294.14117,661470016439490,661470047876312
337.08658,311.11212,337.08658,295.54,661470048116208,661470082503396
351.63773,320.5521,337.08658,295.54,661470082688969,661470117305635
336.6093,295.5568,337.08658,295.5568,661470117533396,661470150043865
346.97656,319.10745,337.08658,295.5568,661470150162875,661470183355219
345.37442,295.85977,337.08658,295.5568,661470183549542,661470216166521
340.13138,322.8781,340.13138,295.85977,661470216368917,661470247232042
349.73227,344.39914,340.13138,295.85977,661470247402302,661470292774073
339.85565,932.66565,340.13138,322.8781,661470293289906,661470331462823
259.89227,1481.5776,340.13138,344.39914,661470331554646,661470364289021
259.2797,1529.8604,339.85565,932.66565,661470364429489,661470398240427
264.9868,1522.3383,264.9868,1481.5776,661470398407614,661470432562406
290.93387,1390.855,290.93387,1390.855,661470432715375,661470465436312
260.41553,1466.5587,264.9868,1466.5587,661470466082094,661470496797354
258.27832,1393.4637,264.9868,1393.4637,661470499437354,661470529995219
248.24268,1441.8806,260.41553,1441.8806,661470531612406,661470564532927
287.30533,884.9609,264.9868,1393.4637,661470564654906,661470595227719
316.58414,460.4167,264.9868,1393.4637,661470599563083,661470634363969
326.09464,335.96548,287.30533,884.9609,661470635496469,661470669720531
292.04434,366.0845,292.04434,460.4167,661470669907406,661470706537979
292.51633,366.00632,292.04434,366.0845,661470706671781,661470741015479
288.3254,379.5051,292.04434,379.5051,661470741122250,661470774879073
282.54346,375.41782,292.04434,375.41782,661470775333135,661470810881521
258.02386,409.26535,288.3254,379.5051,661470811138760,661470844858291
269.32742,390.63458,282.54346,379.5051,661470845031885,661470879636781
300.51685,345.53915,288.3254,379.5051,661470879798604,661470914379854
305.8393,339.8567,288.3254,379.5051,661470914574437,661470946323708
308.04587,337.49185,300.51685,345.53915,661470946498708,661470980360062
231.56926,707.21063,288.3254,379.5051,661470982030114,661471013432614
192.8778,1571.4636,288.3254,379.5051,661471014311156,661471046339489
236.25964,1781.7656,236.25964,707.21063,661471046476052,661471081238135
230.41745,1719.4944,236.25964,1571.4636,661471081417354,661471114171937
226.3594,1706.9069,236.25964,1706.9069,661471114354802,661471149632458
247.80305,1657.0656,236.25964,1657.0656,661471149837250,661471187044177
222.94327,1661.1855,236.25964,1661.1855,661471187225427,661471219927875
233.16045,1654.23,236.25964,1657.0656,661471220279177,661471252772979
241.77579,1605.5898,236.25964,1657.0656,661471252898812,661471288109385
263.47156,1507.9175,236.25964,1654.23,661471288229385,661471319479177
253.37695,1558.677,241.77579,1605.5898,661471319663760,661471350713812
240.70596,1542.1447,240.70596,1558.677,661471350918083,661471381787354
249.57074,1502.0588,241.77579,1558.677,661471381975010,661471414150114
226.34427,1597.0343,240.70596,1558.677,661471414321364,661471447173604
190.88834,1588.4946,240.70596,1558.677,661471447362718,661471479535947
98.79937,1581.071,226.34427,1581.071,661471479694489,661471511201468
65.32594,1590.8538,190.88834,1581.071,661471511357562,661471546435531
63.12654,1591.8094,98.79937,1581.071,661471546598447,661471594594489
48.982132,1599.5079,65.32594,1590.8538,661471594700062,661471629703135
74.833206,1593.4207,74.833206,1591.8094,661471629884593,661471662205426
77.86594,1561.0427,74.833206,1590.8538,661471662361676,661471695579541
59.978115,1544.8936,74.833206,1590.8538,661471695774072,661471727895635
38.217785,1577.1813,74.833206,1577.1813,661471728104176,661471766103760
142.3438,1530.6321,74.833206,1577.1813,661471766187197,661471799389958
552.52954,1237.1296,74.833206,1577.1813,661471799528968,661471832074853
721.2813,1240.6897,142.3438,1530.6321,661471833990062,661471874158551
756.5408,1027.7859,552.52954,1240.6897,661471874327510,661471908162926
780.5979,893.64594,721.2813,1240.6897,661471908343239,661471941119906
576.69165,773.3704,576.69165,1027.7859,661471941248551,661471974499749
428.47617,592.4027,576.69165,893.64594,661471974661103,661472015687562
362.78128,603.35895,576.69165,773.3704,661472015783916,661472048464697
380.08313,598.4982,428.47617,603.35895,661472048657145,661472079829072
394.60135,564.72925,394.60135,603.35895,661472080040895,661472114470583
390.9019,494.5346,394.60135,598.4982,661472114567926,661472148946885
388.6761,503.27588,394.60135,564.72925,661472149728343,661472183901832
387.34515,457.3476,390.9019,503.27588,661472184082093,661472219224957
389.1197,431.22363,389.1197,503.27588,661472219419957,661472250551260
384.3323,439.7699,389.1197,457.3476,661472250734749,661472289568551
380.81064,277.9801,389.1197,439.7699,661472289694437,661472321035530
369.342,288.64536,384.3323,439.7699,661472321139697,661472359931572
376.56134,276.4482,380.81064,288.64536,661472360091312,661472392447978
378.33328,276.04807,378.33328,288.64536,661472392639176,661472428071259
362.79346,267.1974,378.33328,276.4482,661472428286832,661472461183030
343.5391,296.81967,378.33328,288.64536,661472461307926,661472492935634
374.36322,279.4707,374.36322,279.4707,661472493109020,661472524084697
375.40268,269.11148,375.40268,279.4707,661472524298030,661472554684020
382.9535,369.1164,375.40268,279.4707,661472554803759,661472587146937
394.5649,430.42825,375.40268,279.4707,661472587257093,661472636387874
401.35648,410.3646,382.9535,369.1164,661472636488811,661472669422301
405.54373,412.4495,394.5649,410.3646,661472669534801,661472704116051
427.22696,405.58295,401.35648,405.58295,661472704240114,661472737604541
382.9135,419.78992,394.5649,410.3646,661472738108343,661472769130634
395.21967,427.41663,395.21967,410.3646,661472770654905,661472827868343
391.89734,429.17252,394.5649,419.78992,661472827972718,661472858491207
422.32037,419.01526,395.21967,419.01526,661472858739436,661472895041728
388.762,463.06894,394.5649,419.78992,661472895195061,661472932975791
350.17267,507.6502,394.5649,419.78992,661472933100999,661472963268343
352.31137,530.2998,388.762,463.06894,661472963435686,661472994463863
328.13763,524.14166,352.31137,507.6502,661472994558082,661473023488655
328.31665,574.2195,352.31137,524.14166,661473023714384,661473054855686
336.14465,537.31006,336.14465,524.14166,661473055067874,661473087236988
337.63068,539.37537,337.63068,537.31006,661473087346363,661473121766624
333.25272,543.64996,336.14465,537.31006,661473121875478,661473153726936
324.88507,549.76483,336.14465,539.37537,661473154996832,661473193664176
303.67047,570.8187,333.25272,543.64996,661473193783759,661473224881572
317.42743,543.9107,324.88507,543.9107,661473225061624,661473258262249
323.00882,527.2059,323.00882,543.64996,661473258452613,661473289249176
310.77054,512.1982,323.00882,543.64996,661473289422822,661473321473655
269.6057,296.43665,323.00882,527.2059,661473321650999,661473353579124
282.727,267.05844,310.77054,512.1982,661473354094228,661473391831728
235.1927,309.04254,282.727,309.04254,661473392041155,661473426134540
263.14722,316.12973,282.727,316.12973,661473426312353,661473456620374
256.0221,305.1068,263.14722,309.04254,661473456799332,661473491111415
254.61873,321.4192,263.14722,316.12973,661473491512613,661473524293863
228.81754,317.30582,256.0221,316.12973,661473524450894,661473556661467
255.848,324.77347,255.848,317.30582,661473556859019,661473589515738
263.58197,300.78552,256.0221,316.12973,661473589659853,661473620868447
279.9715,240.5821,256.0221,316.12973,661473621945530,661473653316728
281.0067,248.68034,263.58197,300.78552,661473653491988,661473685491988
308.1062,213.0243,279.9715,248.68034,661473685588238,661473718893863
280.8632,289.63495,280.8632,289.63495,661473718999644,661473753972561
297.97604,278.83716,280.8632,278.83716,661473754161519,661473788136728
316.69836,199.166,280.8632,278.83716,661473788299071,661473833641051
309.56332,217.03638,297.97604,278.83716,661473833813603,661473866820634
290.04413,233.75761,290.04413,233.75761,661473867964801,661473904846155
271.90747,312.28122,290.04413,278.83716,661473904975321,661473938957821
288.0227,270.97974,290.04413,270.97974,661473940276467,661473975995738
284.20288,293.8879,288.0227,278.83716,661473976121259,661474007147248
500.25375,303.191,290.04413,278.83716,661474007939488,661474042064176
522.35956,300.72794,290.04413,293.8879,661474042206884,661474076121832
521.38135,310.6113,500.25375,300.72794,661474076287821,661474109332040
519.5335,321.26923,519.5335,300.72794,661474109510530,661474159476103
541.8845,305.27188,519.5335,305.27188,661474159568811,661474194086103
544.42017,300.62787,519.5335,300.72794,661474194185686,661474226700009
538.08813,311.08096,538.08813,305.27188,661474226794228,661474259510373
408.8751,601.3612,519.5335,305.27188,661474259651988,661474290364332
204.85355,1348.6709,519.5335,311.08096,661474290674332,661474322404644
247.44926,1293.1193,408.8751,601.3612,661474322545790,661474354907196
242.26161,1276.9078,247.44926,1276.9078,661474355085738,661474385546155
230.33974,1265.9413,247.44926,1265.9413,661474385663446,661474418773342
229.73564,1233.7188,242.26161,1265.9413,661474418886415,661474451948082
227.58044,1248.2944,230.33974,1265.9413,661474452270009,661474483780373
238.10658,1174.4207,238.10658,1248.2944,661474483884852,661474517394540
224.233,643.6889,230.33974,1248.2944,661474518386988,661474550710530
291.54623,374.04037,238.10658,1174.4207,661474551406102,661474585843029
260.0528,394.53207,238.10658,643.6889,661474586420321,661474626938186
303.45773,364.88916,260.0528,394.53207,661474627142040,661474658846467
307.2982,356.23425,260.0528,394.53207,661474658944384,661474691063654
275.9504,377.78717,275.9504,377.78717,661474691240061,661474723974384
314.70132,343.26968,275.9504,377.78717,661474724131363,661474754922196
263.86777,368.9326,275.9504,377.78717,661474755068134,661474786401727
288.38882,407.79535,275.9504,377.78717,661474786590529,661474818992561
285.76093,385.96652,275.9504,377.78717,661474819194175,661474850758811
275.18768,571.834,275.9504,385.96652,661474850910373,661474882316311
246.60287,1288.0261,275.9504,385.96652,661474882418654,661474916720738
238.53914,1345.4977,275.18768,571.834,661474917743915,661474953237509
242.96518,1280.1718,246.60287,1280.1718,661474953393446,661474987224488
260.66846,1291.577,260.66846,1280.1718,661474987410113,661475021942040
232.78,1294.0691,246.60287,1280.1718,661475022138550,661475053840842
268.082,1308.9697,260.66846,1291.577,661475054093602,661475084627404
257.43655,1182.5713,257.43655,1280.1718,661475084854019,661475127538758
218.29958,1230.6892,257.43655,1280.1718,661475127621675,661475158602300
171.60722,1228.283,257.43655,1230.6892,661475158802925,661475190043758
175.09561,1213.5652,218.29958,1230.6892,661475190205633,661475221830946
152.00415,1187.5565,175.09561,1228.283,661475222010373,661475253972977
128.548,1241.0497,175.09561,1230.6892,661475255031467,661475286846571
255.45349,1035.758,175.09561,1228.283,661475287071206,661475319813185
639.0804,1049.8102,175.09561,1228.283,661475319992196,661475355144748
752.0099,1106.1241,255.45349,1106.1241,661475355360373,661475389805373
794.9586,1106.1199,639.0804,1106.1241,661475389985529,661475422954748
809.34436,1152.3184,752.0099,1106.1241,661475423153967,661475458223706
810.8859,1082.7532,794.9586,1106.1241,661475458367456,661475492462717
816.3221,1073.8413,809.34436,1106.1241,661475492645112,661475525541519
804.9943,1136.2711,804.9943,1106.1241,661475525625842,661475561636050
830.4554,1158.3287,809.34436,1106.1241,661475561728654,661475597153029
474.9678,1469.4242,804.9943,1136.2711,661475597341571,661475634168081
309.44754,1583.7881,804.9943,1158.3287,661475634578342,661475668394800
346.02444,1335.2941,474.9678,1335.2941,661475668593446,661475701687404
402.4764,1102.6696,402.4764,1158.3287,661475701864331,661475734208810
426.32828,1036.5345,426.32828,1158.3287,661475734400581,661475771007717
418.0348,878.7109,418.0348,1102.6696,661475771182352,661475806765998
437.1219,882.8696,426.32828,1036.5345,661475806916258,661475842488029
427.93713,887.6824,426.32828,887.6824,661475842674539,661475879034175
405.79724,908.5872,426.32828,908.5872,661475879145581,661475916403914
284.61963,489.03198,426.32828,887.6824,661475916746987,661475953055425
282.282,352.41614,405.79724,887.6824,661475953212352,661475986047091
238.69286,317.7019,284.61963,489.03198,661475986206987,661476018475060
275.78867,368.33685,282.282,368.33685,661476018702977,661476050395269
231.00116,376.59894,275.78867,376.59894,661476050525946,661476081519644
233.94646,383.16995,275.78867,376.59894,661476081680946,661476114001258
227.9903,390.6,233.94646,376.59894,661476114104539,661476148966727
220.47655,438.50345,233.94646,383.16995,661476149087508,661476180981935
222.96835,418.37598,227.9903,390.6,661476181994175,661476215156987
198.82802,399.90912,222.96835,399.90912,661476215279800,661476248528602
221.12177,381.35776,222.96835,390.6,661476248684539,661476281082248
217.33995,423.16235,221.12177,399.90912,661476281209175,661476313277404
228.85916,435.5543,222.96835,399.90912,661476313390529,661476347124070
260.06256,391.16895,222.96835,399.90912,661476347663237,661476381460998
210.8661,359.40872,222.96835,399.90912,661476381611050,661476419710945
284.33643,448.5342,222.96835,399.90912,661476419872039,661476449305581
315.04965,569.8174,222.96835,399.90912,661476449482352,661476482558862
334.06873,586.2814,284.33643,448.5342,661476482723758,661476515558602
324.7365,596.02386,315.04965,569.8174,661476515769956,661476546721623
299.80704,557.99554,299.80704,557.99554,661476547045581,661476582135633
315.92636,601.6811,315.04965,569.8174,661476582317925,661476616906206
310.28867,591.14606,310.28867,569.8174,661476617068654,661476650917560
306.4853,562.8026,310.28867,569.8174,661476651110581,661476682855685
272.66217,551.5717,310.28867,569.8174,661476683040529,661476715545216
293.67297,570.62115,306.4853,569.8174,661476715716570,661476754866154
291.78598,542.24347,293.67297,569.8174,661476755047716,661476785946831
297.4885,382.94122,297.4885,569.8174,661476787163289,661476823232143
299.08868,248.06944,297.4885,542.24347,661476823325008,661476855587924
291.11548,254.68729,297.4885,382.94122,661476855792299,661476900073029
311.8179,261.50516,297.4885,261.50516,661476900249747,661476936062508
289.35547,301.40237,297.4885,301.40237,661476936159122,661476977526779
295.09402,271.22662,297.4885,271.22662,661476977610841,661477010916935
290.13126,278.08923,295.09402,278.08923,661477012730216,661477047873914
269.62863,309.44086,295.09402,278.08923,661477048087664,661477085755372
285.70416,289.8796,290.13126,278.08923,661477085946258,661477122086674
266.60342,287.77686,285.70416,287.77686,661477122265529,661477155875581
227.1137,344.9122,285.70416,287.77686,661477156150268,661477186722247
248.51353,280.86047,266.60342,287.77686,661477186898914,661477217578341
263.78177,452.1706,263.78177,287.77686,661477217735372,661477251363914
376.4165,703.78577,266.60342,287.77686,661477251539070,661477284844383
370.4421,1328.9114,266.60342,452.1706,661477284954591,661477317784331
267.04492,1638.5417,267.04492,703.78577,661477317961518,661477349036778
373.60168,1513.4778,267.04492,1328.9114,661477351600789,661477382472872
332.50266,1526.5957,267.04492,1513.4778,661477382647143,661477416367039
307.41077,1378.8989,307.41077,1378.8989,661477416564070,661477450263862
329.83182,1277.0079,307.41077,1378.8989,661477450443497,661477482274383
315.1607,1302.4197,307.41077,1378.8989,661477482436205,661477513916414
317.1446,1386.922,315.1607,1378.8989,661477514079539,661477547464330
510.52628,1517.2977,315.1607,1378.8989,661477547642299,661477580868549
723.0628,1456.1625,317.1446,1386.922,661477581046466,661477618923393
793.7364,1416.5032,510.52628,1416.5032,661477619102820,661477651592351
766.6279,1501.6251,723.0628,1416.5032,661477651771362,661477683470268
658.32245,1545.8875,658.32245,1416.5032,661477683635164,661477717902872
386.36255,1783.703,658.32245,1501.6251,661477718085320,661477750908237
358.76663,2018.1302,658.32245,1545.8875,661477751113757,661477787904799
316.29462,1893.3131,386.36255,1783.703,661477788128080,661477818319695
338.9007,1769.256,358.76663,1769.256,661477818499070,661477854946622
338.50513,1724.8679,338.9007,1769.256,661477855092924,661477888484122
334.05777,1786.0635,338.9007,1769.256,661477888666101,661477922382924
704.23846,1636.0773,338.9007,1769.256,661477922530164,661477956312403
711.12354,1595.6764,338.9007,1769.256,661477956400476,661477987587351
382.9958,1712.7695,382.9958,1712.7695,661477988714070,661478022010632
283.40314,1483.2471,338.9007,1712.7695,661478022970424,661478054479278
287.44437,1560.1301,338.9007,1712.7695,661478054608341,661478085514851
328.96252,1327.9951,328.96252,1560.1301,661478085711986,661478116856309
292.92865,1227.3367,328.96252,1560.1301,661478116969486,661478146845111
324.38867,1179.5068,328.96252,1327.9951,661478147034903,661478183445059
270.9501,1354.7163,324.38867,1354.7163,661478183588289,661478214988549
213.12833,1489.8043,324.38867,1354.7163,661478215191101,661478249974955
178.19456,1570.7949,270.9501,1354.7163,661478250142143,661478283117924
146.01399,1615.1888,213.12833,1489.8043,661478283302664,661478314836882
132.81909,1681.0994,178.19456,1570.7949,661478315022872,661478350325736
111.93389,1677.4172,146.01399,1615.1888,661478350518966,661478384577247
146.20338,1550.268,146.20338,1570.7949,661478384742663,661478420306986
121.75297,1555.0942,146.01399,1570.7949,661478420419851,661478451098809
167.56934,1577.7659,146.20338,1570.7949,661478451196570,661478482258861
551.90845,1436.4081,146.20338,1570.7949,661478483630788,661478513981518
775.1948,1166.9257,167.56934,1570.7949,661478514128913,661478545578028
620.8971,577.7063,551.90845,1436.4081,661478545745007,661478580176882
495.32327,586.03314,495.32327,1166.9257,661478582343340,661478613500268
572.0915,668.61707,551.90845,668.61707,661478613626101,661478646687872
575.771,548.99536,551.90845,668.61707,661478646881518,661478682828913
522.81573,487.69205,551.90845,668.61707,661478682993497,661478713592768
489.88745,667.48224,551.90845,667.48224,661478713772976,661478745721830
801.3186,1256.5354,551.90845,668.61707,661478745905997,661478779621153
803.23096,1068.3195,551.90845,668.61707,661478779798705,661478813456726
815.7974,728.4507,801.3186,728.4507,661478813660476,661478849194590
454.26016,536.20496,551.90845,668.61707,661478849425372,661478881055580
477.2722,408.1122,551.90845,668.61707,661478881243340,661478915106570
495.95352,302.1041,495.95352,536.20496,661478915202195,661478948742455
540.13257,271.25055,540.13257,408.1122,661478948887299,661478983617976
498.54376,209.15302,498.54376,302.1041,661478984258028,661479019489851
499.28464,201.00122,499.28464,271.25055,661479019665684,661479050578080
481.18057,205.79565,498.54376,209.15302,661479050762507,661479085076257
485.79376,237.14427,498.54376,237.14427,661479085308497,661479122185215
498.15002,238.78667,498.15002,237.14427,661479122284851,661479155948861
502.46524,259.4926,498.54376,237.14427,661479156143861,661479187470424
511.96155,255.56703,498.54376,238.78667,661479187553080,661479218996621
506.93033,246.6034,502.46524,246.6034,661479219107976,661479252141569
463.18707,257.52423,498.54376,246.6034,661479252776517,661479290906674
503.15967,294.75412,502.46524,246.6034,661479291025215,661479323484486
373.77466,360.6184,498.54376,257.52423,661479323651465,661479368699486
338.43866,383.53488,498.54376,294.75412,661479368859799,661479403658757
316.2206,394.3298,373.77466,360.6184,661479407609434,661479449659486
338.05383,466.4027,338.43866,383.53488,661479449755684,661479480362923
305.69302,446.1264,338.05383,394.3298,661479480480267,661479511459903
309.15338,484.4577,338.05383,446.1264,661479511655944,661479543609121
312.8273,512.49054,312.8273,446.1264,661479543772611,661479576124590
361.93405,397.33722,338.05383,446.1264,661479576296048,661479611100996
392.7118,349.9996,338.05383,446.1264,661479611248809,661479646266309
407.07202,339.69507,361.93405,397.33722,661479646422871,661479678287507
410.09384,345.90128,392.7118,349.9996,661479678458028,661479712758236
400.19916,357.1347,400.19916,357.1347,661479712954538,661479746440059
400.87787,364.6903,400.19916,357.1347,661479746575163,661479779093392
392.30237,354.05756,400.19916,357.1347,661479779205528,661479817902038
350.88947,393.02255,400.19916,357.1347,661479818015163,661479849257975
302.01605,438.71707,392.30237,357.1347,661479849442090,661479882315996
337.47733,349.44183,350.88947,357.1347,661479882539382,661479913785475
322.6525,406.2998,337.47733,357.1347,661479913979955,661479947902194
317.6847,369.50406,337.47733,357.1347,661479948138965,661479978782246
242.54158,637.7249,322.6525,369.50406,661479978949694,661480011664955
221.65242,613.9795,317.6847,369.50406,661480011840788,661480044712767
206.30435,638.68854,242.54158,613.9795,661480044896465,661480079719121
245.11601,640.35736,245.11601,613.9795,661480079904069,661480114167923
233.94478,624.7504,242.54158,624.7504,661480114359434,661480147919850
247.02882,599.9941,245.11601,613.9795,661480148216673,661480181379121
239.60947,620.7791,242.54158,620.7791,661480182279225,661480215446673
241.29112,684.6396,242.54158,620.7791,661480215672038,661480249268704
225.62535,611.46515,241.29112,620.7791,661480249501777,661480282100371
252.95418,611.3559,242.54158,620.7791,661480282308079,661480315498913
310.50006,406.91467,242.54158,611.46515,661480315691517,661480350830527
341.62833,413.9784,252.95418,611.3559,661480350985423,661480387984277
327.66467,400.92523,310.50006,413.9784,661480388240944,661480419687038
354.1756,374.5073,327.66467,413.9784,661480419799590,661480452559381
348.2171,361.088,327.66467,400.92523,661480452681048,661480485576569
343.40533,379.3938,343.40533,379.3938,661480485692558,661480516639017
335.5012,420.75095,335.5012,400.92523,661480516826986,661480549281413
346.60318,374.36032,343.40533,379.3938,661480549392298,661480581179642
329.44104,397.87952,335.5012,397.87952,661480581281829,661480611138496
329.73273,395.5502,335.5012,395.5502,661480611281100,661480642743808
360.7949,369.27594,335.5012,395.5502,661480642887298,661480675597558
359.8165,334.01053,335.5012,395.5502,661480675738131,661480711764121
350.16165,348.98282,350.16165,369.27594,661480712649277,661480744946673
365.34656,846.4124,350.16165,395.5502,661480745131933,661480777427610
287.3313,1475.8666,350.16165,395.5502,661480777600475,661480809966933
305.2233,1370.59,350.16165,846.4124,661480810144694,661480842608860
312.72546,1336.885,312.72546,1336.885,661480842780163,661480883840631
323.32364,1373.2877,323.32364,1336.885,661480883945319,661480915928652
402.30673,1487.1575,323.32364,1336.885,661480916069798,661480950467819
711.6648,1552.3843,323.32364,1373.2877,661480950583548,661480983507819
578.3414,1657.1279,402.30673,1487.1575,661480983696152,661481015996256
339.9355,1830.6924,339.9355,1552.3843,661481016229902,661481053426256
306.52835,1614.9585,339.9355,1614.9585,661481053526100,661481087788079
305.74963,1658.1934,339.9355,1614.9585,661481087887090,661481125934642
315.9039,1448.4928,315.9039,1614.9585,661481126051517,661481163107871
328.6405,1367.5151,328.6405,1614.9585,661481163283600,661481200241412
313.76056,1364.977,315.9039,1448.4928,661481200329746,661481230997089
302.6584,1366.37,315.9039,1367.5151,661481231138079,661481269484798
269.0883,1513.8506,313.76056,1448.4928,661481269583131,661481305152298
273.09952,1429.651,302.6584,1429.651,661481305328339,661481341572662
266.08792,1488.8408,273.09952,1448.4928,661481341734017,661481376104746
245.99689,1525.7979,273.09952,1448.4928,661481376292871,661481409699798
226.52538,1568.4388,266.08792,1488.8408,661481409880475,661481442010214
233.12671,1574.0819,245.99689,1525.7979,661481443361829,661481476410787
237.65077,1568.04,237.65077,1568.04,661481476581360,661481510302194
231.7101,1566.5309,237.65077,1566.5309,661481510472141,661481542506360
258.60388,1559.9286,237.65077,1566.5309,661481542688131,661481579739381
279.81857,1536.886,237.65077,1566.5309,661481579962714,661481614357141
270.4498,1497.2854,258.60388,1559.9286,661481614537558,661481647058443
251.14696,1546.9115,251.14696,1546.9115,661481647246412,661481681354537
265.175,1567.3054,258.60388,1559.9286,661481681539693,661481715021985
271.88028,1536.7133,258.60388,1546.9115,661481715143808,661481747755423
277.03027,1519.3477,265.175,1546.9115,661481747908131,661481779579068
273.06784,1495.7572,271.88028,1536.7133,661481779694589,661481812348756
319.9857,1390.3492,273.06784,1519.3477,661481812451360,661481845098756
301.90765,1357.2595,273.06784,1495.7572,661481845928964,661481878953495
319.82208,1234.1362,301.90765,1390.3492,661481879061933,661481909839173
307.62787,1276.8673,301.90765,1357.2595,661481909947975,661481946433652
294.95435,1263.6058,301.90765,1276.8673,661481946633391,661481977369745
283.1659,1340.8505,301.90765,1340.8505,661481977562558,661482009183131
331.24268,1306.9675,301.90765,1306.9675,661482009358756,661482041751047
303.17822,1271.0841,301.90765,1306.9675,661482041913027,661482075725318
305.90985,1322.7616,303.17822,1306.9675,661482075882506,661482107949902
313.5932,1213.5332,303.17822,1306.9675,661482108206308,661482140354797
284.35532,1275.0044,303.17822,1306.9675,661482140538443,661482173777297
269.1971,1329.8315,303.17822,1306.9675,661482173946256,661482209107818
284.51624,1252.6906,284.51624,1306.9675,661482209278495,661482243295006
308.2934,1264.5845,303.17822,1306.9675,661482243436308,661482278188131
329.75247,1166.3414,303.17822,1264.5845,661482278334693,661482310559954
349.0962,1080.3162,308.2934,1264.5845,661482310722506,661482343257245
328.88135,1096.039,328.88135,1166.3414,661482343447402,661482376396464
298.7888,1225.9414,308.2934,1225.9414,661482376588183,661482409567558
392.1378,941.703,328.88135,1166.3414,661482409751412,661482443837558
758.2022,1184.3411,328.88135,1184.3411,661482444047245,661482477686881
792.2035,1162.8146,392.1378,1166.3414,661482477867558,661482509594224
790.8474,1161.9607,758.2022,1166.3414,661482509798287,661482547264329
824.7063,1027.2383,790.8474,1162.8146,661482547473651,661482579670214
806.51733,1158.7765,790.8474,1161.9607,661482579789276,661482611953651
809.72015,1192.3344,806.51733,1162.8146,661482612100891,661482643031412
815.23517,1190.8472,806.51733,1162.8146,661482643198912,661482678259381
822.0363,1221.2075,809.72015,1190.8472,661482679136568,661482711378443
870.9244,974.6533,815.23517,1162.8146,661482711547870,661482744482714
783.0245,876.68317,809.72015,1162.8146,661482744688756,661482781882037
430.33554,574.91785,809.72015,974.6533,661482781988964,661482815426568
317.55426,373.41656,783.0245,876.68317,661482815614016,661482847211672
356.25525,460.0058,430.33554,574.91785,661482847443964,661482883262245
361.06903,292.48572,361.06903,460.0058,661482884579120,661482917324797
368.64688,275.12628,368.64688,460.0058,661482917676360,661482952160578
390.9719,232.75116,368.64688,292.48572,661482952309589,661482987843078
345.29987,291.67303,368.64688,291.67303,661482988092505,661483019472662
344.8427,266.68304,368.64688,291.67303,661483019641933,661483051595162
353.60013,300.48984,353.60013,291.67303,661483051745422,661483083707662
379.9748,284.20767,368.64688,291.67303,661483083803547,661483115843651
366.99847,319.22797,366.99847,291.67303,661483115961880,661483156133651
380.9146,337.4559,368.64688,291.67303,661483157004641,661483189107193
380.61636,341.72617,368.64688,319.22797,661483189493495,661483221990682
363.45178,324.01685,368.64688,324.01685,661483222928547,661483259278912
358.9354,374.53412,368.64688,324.01685,661483259420318,661483298506985
348.09018,343.45792,363.45178,324.01685,661483298670057,661483332675734
385.7504,353.01218,368.64688,343.45792,661483332757870,661483366799953
394.8086,331.66553,368.64688,331.66553,661483366884901,661483406558859
386.59036,349.02792,385.7504,343.45792,661483406748912,661483450096047
324.22812,478.41443,368.64688,343.45792,661483450206516,661483481971828
326.78027,455.54532,368.64688,349.02792,661483482084276,661483515707818
291.91293,505.8851,326.78027,455.54532,661483515816880,661483548922453
305.08054,533.4155,326.78027,455.54532,661483549028078,661483582620630
316.85437,535.5041,316.85437,505.8851,661483582720891,661483616299276
308.42746,468.75418,316.85437,468.75418,661483616400318,661483663431984
293.0659,538.3391,316.85437,505.8851,661483663544589,661483702815526
289.4697,499.73154,308.42746,499.73154,661483702990630,661483738527297
268.7805,509.4666,293.0659,505.8851,661483739498807,661483773150578
277.68854,484.24023,289.4697,499.73154,661483773327870,661483808536307
277.9047,532.6386,277.9047,505.8851,661483808705526,661483843454745
280.70544,527.76044,280.70544,505.8851,661483843605057,661483876635786
285.10043,483.82047,280.70544,505.8851,661483876809172,661483910970318
333.9348,500.84378,280.70544,505.8851,661483911114745,661483954961828
342.63177,441.07748,285.10043,500.84378,661483955137349,661483987869276
350.56137,428.4222,333.9348,500.84378,661483989575213,661484024170109
357.75656,395.69733,342.63177,441.07748,661484024286984,661484056977453
346.516,432.62512,346.516,432.62512,661484057080943,661484086307036
349.68478,398.6148,346.516,432.62512,661484089988859,661484122457088
337.4919,430.08545,346.516,432.62512,661484126369536,661484159129068
285.53607,1216.0693,346.516,432.62512,661484159255578,661484194513495
244.73915,1627.3414,337.4919,432.62512,661484194660682,661484230420370
233.7366,1595.7046,285.53607,1216.0693,661484230525630,661484267412557
244.16281,1548.4814,244.73915,1548.4814,661484268986099,661484307275317
239.82898,1574.0704,244.16281,1548.4814,661484307467036,661484339597713
247.89847,1525.9835,244.73915,1548.4814,661484339776672,661484372212192
214.25575,1544.6788,244.16281,1548.4814,661484372316828,661484404504172
218.56082,1550.0675,244.16281,1548.4814,661484404600786,661484446186515
235.96906,1498.8068,235.96906,1548.4814,661484446270890,661484480739536
261.95776,1471.3992,244.16281,1548.4814,661484480928547,661484527398963
414.25314,1431.9683,244.16281,1498.8068,661484527499588,661484565732869
395.357,1555.0479,261.95776,1548.4814,661484567033130,661484602342349
401.89627,1549.4503,395.357,1548.4814,661484602510422,661484635269588
424.351,1550.5953,395.357,1549.4503,661484635456151,661484667986619
439.50125,1496.0078,401.89627,1548.4814,661484668210005,661484702223338
420.90225,1533.9941,420.90225,1548.4814,661484702389328,661484735221932
441.08282,1544.2828,420.90225,1544.2828,661484735395578,661484769753494
463.36935,1536.2687,420.90225,1544.2828,661484769935526,661484801779328
457.9894,1535.9283,441.08282,1544.2828,661484801928442,661484833676724
471.44022,1539.0605,457.9894,1539.0605,661484833825994,661484868493078
480.6663,1534.1682,457.9894,1539.0605,661484868607296,661484901720942
564.00995,1653.7021,471.44022,1539.0605,661484901870682,661484942190005
599.1721,929.62994,480.6663,1539.0605,661484943080473,661484973664432
603.8498,821.3355,564.00995,1539.0605,661484973854796,661485008069484
357.49384,471.9693,480.6663,929.62994,661485008258494,661485041320942
391.7993,557.9288,480.6663,821.3355,661485041492348,661485073449380
341.7769,492.53357,391.7993,557.9288,661485073637661,661485105493442
291.58612,1196.5806,391.7993,821.3355,661485105604015,661485138438390
265.34216,1591.2233,341.7769,821.3355,661485138579640,661485171874692
296.87744,1522.9562,296.87744,1196.5806,661485172085057,661485205578390
277.28348,1534.0983,296.87744,1522.9562,661485205687036,661485243000161
277.87616,1507.9319,296.87744,1507.9319,661485243222713,661485278770421
377.817,1210.7701,296.87744,1507.9319,661485278878025,661485316933702
351.0829,1238.9432,296.87744,1507.9319,661485317080265,661485353686359
338.27847,1238.8386,338.27847,1238.9432,661485353775942,661485384995265
347.2405,1246.6239,338.27847,1246.6239,661485385169380,661485423721671
333.57462,1250.5284,338.27847,1246.6239,661485423910734,661485457439588
354.81293,1297.9218,338.27847,1246.6239,661485457602244,661485491283963
341.27435,1268.6956,338.27847,1250.5284,661485491375109,661485523371827
360.08624,1230.7146,341.27435,1246.6239,661485523771723,661485555305629
383.02576,1237.803,341.27435,1246.6239,661485555405317,661485586705682
463.73187,1238.3076,360.08624,1238.3076,661485589223286,661485621753442
470.78214,1205.8682,383.02576,1238.3076,661485621864432,661485657351827
473.80786,1198.6051,463.73187,1238.3076,661485658252036,661485691065473
488.90875,1159.3148,470.78214,1205.8682,661485693456046,661485731163754
506.10983,1329.2822,473.80786,1238.3076,661485731593338,661485766684171
459.06088,1395.8779,470.78214,1238.3076,661485767192296,661485806517921
484.3578,1377.0474,473.80786,1329.2822,661485806715942,661485841188911
470.67728,1416.2068,470.78214,1377.0474,661485841417452,661485875401098
484.19037,1407.9806,473.80786,1377.0474,661485875649171,661485909986098
462.40976,1438.6569,470.78214,1407.9806,661485910103598,661485951383077
468.18646,1431.6481,470.78214,1407.9806,661485951581827,661485983754275
449.09717,1474.5256,468.18646,1431.6481,661485983911879,661486014744744
458.38806,1097.6305,468.18646,1407.9806,661486014918546,661486048243129
514.9923,408.881,468.18646,1407.9806,661486048425161,661486081232608
406.54446,312.04785,468.18646,1097.6305,661486081413442,661486115958338
336.7888,399.10593,468.18646,408.881,661486116149223,661486147607504
362.3241,349.13068,406.54446,399.10593,661486147797296,661486178289431
351.11792,313.3719,362.3241,399.10593,661486178446046,661486210129379
322.656,283.11615,362.3241,349.13068,661486210237348,661486242353702
330.5152,307.56073,351.11792,313.3719,661486242471671,661486275251410
334.00027,345.76184,334.00027,345.76184,661486275370890,661486306489379
356.09412,246.35635,351.11792,313.3719,661486306612556,661486338130004
323.63522,291.93958,334.00027,313.3719,661486340472140,661486378140525
333.9847,267.55972,334.00027,291.93958,661486378264692,661486409334796
317.88248,343.8379,333.9847,313.3719,661486409439067,661486445198858
325.6032,334.99393,333.9847,313.3719,661486445301567,661486478465994
306.0579,335.5091,325.6032,334.99393,661486479770681,661486511918806
299.1534,345.34872,325.6032,334.99393,661486512167712,661486542941515
321.04337,371.25708,321.04337,335.5091,661486543050265,661486589310890
298.07812,435.25342,321.04337,345.34872,661486589395525,661486623051827
214.6358,512.93665,321.04337,371.25708,661486623140525,661486655010056
216.89922,526.5706,298.07812,435.25342,661486656904067,661486688574431
216.33162,557.8124,216.89922,512.93665,661486688746775,661486725027608
225.81152,533.17834,225.81152,526.5706,661486726566879,661486759174796
209.5772,644.6708,216.89922,533.17834,661486759255629,661486801072608
204.82555,588.30206,216.89922,533.17834,661486802134587,661486834191358
240.78494,512.82385,216.89922,533.17834,661486835233858,661486869066723
285.52887,465.35745,216.89922,533.17834,661486869255837,661486904510212
623.2947,578.6576,240.78494,533.17834,661486904652973,661486942521619
761.886,980.1378,285.52887,533.17834,661486942746514,661486976356150
760.97314,920.1612,623.2947,578.6576,661486976458181,661487011594223
758.8875,772.06665,758.8875,772.06665,661487013277191,661487046951775
728.18555,842.9187,728.18555,772.06665,661487047839743,661487082094743
594.9925,862.2506,728.18555,772.06665,661487082294014,661487114785421
329.48798,866.0012,728.18555,842.9187,661487114982816,661487149255577
300.89706,609.4562,594.9925,772.06665,661487149425108,661487185858962
335.38644,662.4673,335.38644,772.06665,661487185975316,661487219171410
311.37772,436.2957,335.38644,662.4673,661487219319431,661487253786827
354.41293,466.26483,335.38644,662.4673,661487253980889,661487293173285
318.05463,376.10855,335.38644,466.26483,661487293366983,661487325491827
324.5819,394.01822,335.38644,466.26483,661487327295368,661487363560368
328.21335,428.8355,328.21335,428.8355,661487365954535,661487398688650
294.28537,447.77377,328.21335,447.77377,661487398770629,661487430116462
365.46158,396.1113,328.21335,428.8355,661487430210108,661487463607348
411.4557,363.2417,328.21335,428.8355,661487463787608,661487498528077
435.37387,395.90933,365.46158,396.1113,661487498667764,661487534354691
471.81705,391.39926,411.4557,395.90933,661487534512660,661487567575420
454.70538,399.68857,435.37387,396.1113,661487567741931,661487601189483
460.43054,398.73224,454.70538,396.1113,661487601352452,661487634608441
503.655,402.58194,454.70538,398.73224,661487634800264,661487669864222
490.27765,409.13635,460.43054,398.73224,661487669980004,661487701377399
513.34546,399.35266,490.27765,399.35266,661487701604118,661487735883545
518.41516,403.17606,490.27765,399.35266,661487736141097,661487769151983
483.01108,395.43442,490.27765,399.35266,661487769328181,661487801997608
386.44925,776.47577,490.27765,399.35266,661487802574847,661487834182243
247.08624,1530.514,483.01108,399.35266,661487834386358,661487867895472
232.64447,1610.2289,386.44925,776.47577,661487868121670,661487902810108
244.8347,1501.5496,247.08624,1501.5496,661487902989118,661487937331462
247.81226,1499.3046,247.81226,1499.3046,661487937513337,661487971126149
203.21663,1597.3354,247.08624,1501.5496,661487971314743,661488003893545
254.94417,1538.6986,247.81226,1501.5496,661488004046358,661488037282608
259.11035,1567.9713,247.81226,1538.6986,661488037388545,661488070910160
257.40085,1539.9612,254.94417,1538.6986,661488071028649,661488105596045
232.30844,1558.9773,247.81226,1539.9612,661488105787087,661488144775837
278.93988,1488.3616,254.94417,1538.6986,661488144916722,661488176182556
266.1842,1506.8639,254.94417,1538.6986,661488176341201,661488210495524
281.6797,1558.2057,266.1842,1538.6986,661488211991201,661488245115941
511.33472,1556.063,266.1842,1538.6986,661488245306149,661488275797556
516.16693,1553.1454,281.6797,1553.1454,661488275978545,661488306410837
518.82855,1556.0107,511.33472,1553.1454,661488307402868,661488341845056
538.6368,1528.9377,516.16693,1553.1454,661488342019535,661488374022243
591.07495,1438.6514,518.82855,1553.1454,661488374124430,661488409613233
592.43634,1454.249,538.6368,1528.9377,661488409743753,661488450807555
560.3327,1408.0001,560.3327,1454.249,661488450974483,661488485983128
548.63904,1469.4176,548.63904,1469.4176,661488486080316,661488519557087
561.24384,1470.9429,560.3327,1469.4176,661488519743910,661488551784587
570.5249,1468.8282,560.3327,1469.4176,661488554220055,661488594089014
553.2171,1486.5701,560.3327,1469.4176,661488596239951,661488630215837
723.46295,1646.5747,560.3327,1469.4176,661488631111566,661488663256305
749.59705,1545.4893,560.3327,1486.5701,661488663398493,661488697174222
514.0956,1812.0021,560.3327,1545.4893,661488697319014,661488728862451
486.47537,1920.6876,560.3327,1545.4893,661488729035212,661488761381097
402.16312,1716.8989,514.0956,1716.8989,661488761554118,661488794226878
400.64236,1672.2281,486.47537,1672.2281,661488794359534,661488827887243
487.60712,1442.4005,487.60712,1672.2281,661488828111774,661488859619014
449.61856,1463.695,486.47537,1672.2281,661488860765576,661488894563701
450.107,1388.2317,486.47537,1463.695,661488894743076,661488932926878
457.68768,1348.5566,457.68768,1463.695,661488933048545,661488966922712
436.2447,1287.8519,457.68768,1388.2317,661488967033857,661489012251045
460.09146,1304.1324,457.68768,1348.5566,661489012346305,661489046619691
445.167,1333.7657,457.68768,1333.7657,661489046780003,661489076460732
389.761,1400.0763,457.68768,1348.5566,661489076634326,661489108871566
361.67828,1431.7585,445.167,1348.5566,661489109041357,661489138107868
313.46576,1519.268,389.761,1400.0763,661489138221461,661489169819118
294.58536,1540.6818,361.67828,1431.7585,661489169965628,661489203141826
295.301,1568.635,313.46576,1519.268,661489203721045,661489234156045
295.9571,1557.5671,295.9571,1540.6818,661489234265732,661489267199691
290.2108,1549.6201,295.9571,1549.6201,661489267318388,661489299274378
277.28738,1519.4022,295.9571,1540.6818,661489299387191,661489330214066
324.72928,1536.1028,295.9571,1540.6818,661489330356409,661489363184795
326.027,1493.9786,295.9571,1536.1028,661489363375211,661489399017659
323.5285,737.5544,323.5285,1536.1028,661489399131461,661489433142763
330.7592,441.43417,323.5285,1493.9786,661489433329534,661489470281461
336.11224,317.29538,323.5285,737.5544,661489470689795,661489503922711
330.83533,311.79556,330.7592,441.43417,661489504138284,661489562318024
326.4632,358.73486,326.4632,358.73486,661489562413597,661489596599899
327.25433,355.38507,327.25433,358.73486,661489597605784,661489630267190
319.95023,382.5707,326.4632,358.73486,661489630443597,661489664557972
382.99377,366.2381,327.25433,358.73486,661489664752920,661489698893545
345.12698,355.96414,327.25433,358.73486,661489699053076,661489735219586
374.628,712.09045,345.12698,358.73486,661489735341357,661489770336878
422.9309,1122.5991,345.12698,358.73486,661489770448128,661489810192086
409.10474,1099.4534,374.628,712.09045,661489810366201,661489841756878
383.0582,1076.0734,383.0582,1076.0734,661489843340680,661489873323284
384.4536,1087.057,383.0582,1076.0734,661489873497659,661489906792607
389.7905,1011.74896,383.0582,1076.0734,661489906925628,661489936620888
400.08804,1016.88446,384.4536,1076.0734,661489936752034,661489969405472
418.2438,1020.60205,389.7905,1020.60205,661489969495888,661490003799222
401.54666,1031.4594,400.08804,1031.4594,661490004142347,661490034870680
449.72467,597.6,401.54666,1020.60205,661490034980263,661490067245211
431.19757,321.17474,401.54666,1020.60205,661490067347919,661490101549378
421.91202,299.56046,421.91202,597.6,661490101656253,661490136797503
427.45712,342.31924,421.91202,342.31924,661490136906513,661490175197659
417.87207,320.32693,421.91202,342.31924,661490175370107,661490205212138
434.61957,311.3994,421.91202,342.31924,661490205373961,661490239656409
435.06183,320.827,421.91202,320.827,661490239841617,661490275375263
431.35635,349.01028,431.35635,342.31924,661490275568128,661490306817346
424.76273,317.83142,424.76273,320.827,661490306975263,661490339853023
467.5929,415.8456,431.35635,342.31924,661490340182242,661490371272815
517.26794,322.17853,431.35635,322.17853,661490371455836,661490403479378
650.03766,567.789,467.5929,342.31924,661490403644221,661490433834794
621.9425,945.52203,517.26794,342.31924,661490433932086,661490467189586
591.22815,906.0933,591.22815,567.789,661490467291044,661490504038336
493.71603,788.0604,517.26794,788.0604,661490504224898,661490536997034
332.46835,979.78876,517.26794,788.0604,661490537104169,661490576242867
288.4223,1073.757,493.71603,788.0604,661490576427659,661490607115211
354.08643,883.6105,354.08643,883.6105,661490607299534,661490640078388
355.82816,865.31976,355.82816,865.31976,661490640275159,661490674963596
372.79953,809.881,355.82816,865.31976,661490675153075,661490707547763
374.63434,745.3432,355.82816,865.31976,661490707717919,661490741137242
356.04993,739.4449,356.04993,809.881,661490742273544,661490774564430
375.47385,658.47394,356.04993,745.3432,661490774700055,661490810561200
362.9227,734.9199,356.04993,739.4449,661490810731096,661490842131096
353.93677,665.01886,356.04993,734.9199,661490842332763,661490872569534
365.33664,736.77704,356.04993,736.77704,661490872752398,661490905178492
439.0383,411.2386,356.04993,734.9199,661490905368127,661490948898180
546.5755,202.1587,365.33664,734.9199,661490948998023,661490981621565
570.9379,163.99512,439.0383,411.2386,661490981704325,661491019638857
512.28156,168.74419,512.28156,202.1587,661491019899429,661491054332138
532.026,130.2233,512.28156,168.74419,661491054486929,661491086264221
524.5343,142.38087,512.28156,168.74419,661491087453075,661491128559482
486.8287,142.28377,512.28156,142.38087,661491128650211,661491179150575
476.66647,139.84813,512.28156,142.38087,661491179291825,661491217208909
453.30927,158.139,486.8287,142.38087,661491217307971,661491258469690
466.30225,134.5747,476.66647,142.38087,661491258625575,661491289941148
469.76257,145.12537,469.76257,142.38087,661491291613909,661491338367346
454.82486,168.89195,469.76257,142.38087,661491338462346,661491370971513
454.84955,156.90883,469.76257,145.12537,661491371163492,661491404632554
481.1687,143.2378,469.76257,143.2378,661491404807138,661491435252606
406.61536,242.99954,469.76257,145.12537,661491435453492,661491470877086
302.69666,406.99844,469.76257,145.12537,661491471076981,661491503590158
285.36642,415.41577,406.61536,242.99954,661491503791669,661491535210002
311.73468,425.48215,311.73468,406.99844,661491535393804,661491569406096
294.80368,487.31223,311.73468,415.41577,661491569582606,661491604461461
295.3648,505.8669,311.73468,425.48215,661491604581408,661491637051565
313.90057,456.801,311.73468,456.801,661491637225106,661491668389690
308.89648,572.18225,311.73468,456.801,661491668572867,661491701576825
315.33832,1392.8303,311.73468,456.801,661491701742033,661491734569221
286.1793,1844.0251,311.73468,572.18225,661491734753440,661491770922346
312.6865,1750.0231,311.73468,1392.8303,661491771118752,661491803897138
281.1631,1593.754,311.73468,1593.754,661491804131565,661491838503440
299.18906,1542.9841,311.73468,1542.9841,661491838665523,661491869977346
352.8415,1496.1018,311.73468,1542.9841,661491870155627,661491902820835
315.16788,1685.5645,311.73468,1542.9841,661491903016252,661491938132294
644.7018,1716.4113,315.16788,1542.9841,661491938314950,661491969786929
453.7851,1958.9667,315.16788,1685.5645,661491969993596,661492002551512
310.99228,2049.2761,315.16788,1716.4113,661492002790471,661492036852242
317.13638,1914.0885,315.16788,1914.0885,661492037757815,661492070104481
305.3862,1835.4304,315.16788,1835.4304,661492070235627,661492105802085
283.1242,1690.2026,315.16788,1835.4304,661492105998752,661492137903023
305.86554,1548.8165,305.86554,1835.4304,661492138095471,661492170532450
290.8604,1585.5765,305.86554,1690.2026,661492170676304,661492202839117
285.85684,1564.2146,305.86554,1585.5765,661492202999846,661492234947606
276.71936,1564.7706,290.8604,1585.5765,661492235123908,661492269872137
291.4567,1469.2047,291.4567,1564.7706,661492270070939,661492300603700
321.3915,1448.5396,291.4567,1564.7706,661492300772033,661492342585002
341.90402,1475.854,291.4567,1475.854,661492342799064,661492374583491
346.4602,1409.7872,321.3915,1475.854,661492374780991,661492405151877
332.08447,1398.3782,332.08447,1475.854,661492405334064,661492435813752
366.88184,1319.3495,332.08447,1409.7872,661492436467919,661492468995366
339.57336,1402.9282,332.08447,1402.9282,661492469153023,661492503185106
340.59818,1420.5599,339.57336,1409.7872,661492503313648,661492534973075
339.5676,1381.9092,339.5676,1402.9282,661492535139064,661492569617346
333.17358,1380.918,339.5676,1402.9282,661492569815106,661492604279585
335.4065,1410.554,339.5676,1402.9282,661492604515783,661492634569168
350.9871,1351.5094,339.5676,1402.9282,661492634754741,661492680293023
353.9555,1391.2639,339.5676,1402.9282,661492680389898,661492713943856
359.0129,1407.1885,350.9871,1402.9282,661492714996668,661492749344950
352.56232,1402.0262,352.56232,1402.9282,661492751576200,661492783653179
375.41327,1484.9418,352.56232,1402.9282,661492786705262,661492819572033
346.1567,1382.15,352.56232,1402.9282,661492819697398,661492853981773
360.20795,1394.5972,352.56232,1402.9282,661492854063439,661492886399533
314.9104,1491.9093,352.56232,1402.9282,661492887775939,661492927726720
305.04114,1476.7069,352.56232,1402.9282,661492927867293,661492961810002
305.2857,1508.3142,314.9104,1476.7069,661492962238022,661492995804168
285.37247,1521.5074,305.2857,1476.7069,661492995890575,661493030864637
302.08875,1541.1986,305.2857,1508.3142,661493031018595,661493066503908
280.02887,1547.9735,302.08875,1521.5074,661493066668804,661493098836252
272.69815,1567.9644,302.08875,1541.1986,661493098982502,661493137153491
284.32333,1576.8536,284.32333,1547.9735,661493137333647,661493169409429
276.25812,1529.6262,284.32333,1541.1986,661493169604429,661493203844845
248.4241,1565.0262,284.32333,1547.9735,661493204037241,661493234517710
268.36206,1605.2603,276.25812,1547.9735,661493234713387,661493268951668
300.813,1517.2316,284.32333,1547.9735,661493269145210,661493301449897
306.54364,1486.9236,284.32333,1547.9735,661493301564481,661493334171460
315.7029,1518.2902,300.813,1518.2902,661493335090627,661493366719272
322.42673,1508.4164,306.54364,1518.2902,661493366905627,661493399800054
326.50958,1521.269,315.7029,1518.2902,661493399976043,661493434196564
327.77054,1519.5924,322.42673,1518.2902,661493434379429,661493471383179
327.2461,1491.7786,326.50958,1518.2902,661493471578439,661493504127814
352.09576,1454.8217,327.2461,1518.2902,661493504309376,661493539382918
388.03735,1399.0709,327.2461,1491.7786,661493539584533,661493569319845
376.12314,1349.5197,352.09576,1454.8217,661493569511095,661493601020053
395.96848,1316.0382,376.12314,1399.0709,661493601213178,661493633503126
448.81827,1330.8783,376.12314,1349.5197,661493633679428,661493667561199
437.57605,1353.7012,395.96848,1353.7012,661493667668178,661493699021876
427.05334,1302.8052,427.05334,1349.5197,661493700310522,661493732578595
434.95483,1294.7626,427.05334,1349.5197,661493732742762,661493764105470
446.2475,1260.3019,427.05334,1302.8052,661493764245106,661493794158283
417.97043,1272.4553,427.05334,1294.7626,661493794241720,661493830269689
435.7747,1328.7185,427.05334,1302.8052,661493830909897,661493866108491
455.14786,1298.9894,427.05334,1298.9894,661493866289116,661493898302970
434.39352,922.6406,434.39352,1298.9894,661493898462866,661493936183803
414.9229,819.6643,427.05334,1298.9894,661493936799012,661493973275887
435.8446,817.9407,434.39352,922.6406,661493973386095,661494006537605
408.95544,804.4021,427.05334,819.6643,661494006652814,661494041189637
407.44336,803.41956,427.05334,817.9407,661494041348022,661494073393699
406.0372,845.1571,408.95544,819.6643,661494073583855,661494105719116
412.19873,754.37946,412.19873,817.9407,661494105906772,661494139172241
425.6734,778.5224,412.19873,817.9407,661494139349845,661494178057241
439.1977,783.9382,412.19873,783.9382,661494178138907,661494213789637
427.80286,795.5635,425.6734,795.5635,661494213885782,661494255215470
427.79407,740.27344,427.79407,783.9382,661494255419532,661494290566928
443.1424,753.87524,427.79407,783.9382,661494290768126,661494327101355
439.09436,443.94907,427.79407,753.87524,661494328199012,661494363913491
456.91425,451.56058,439.09436,753.87524,661494364029480,661494398487605
459.52985,479.34705,439.09436,479.34705,661494398643230,661494432851043
466.38702,488.38968,456.91425,488.38968,661494433028126,661494466942761
488.0959,451.58725,459.52985,479.34705,661494467124376,661494500558959
473.8239,359.4995,466.38702,479.34705,661494500654949,661494531937345
314.1717,204.43039,459.52985,451.58725,661494532068959,661494566753595
351.07858,160.26425,459.52985,359.4995,661494568251720,661494600853751
365.21988,164.00264,365.21988,204.43039,661494601028855,661494634086980
375.80472,157.23885,375.80472,164.00264,661494634274116,661494665722553
371.02505,160.52905,371.02505,164.00264,661494665885782,661494699392032
377.02658,174.20166,375.80472,164.00264,661494699555782,661494733517553
378.62305,172.04277,375.80472,164.00264,661494733702345,661494766562918
333.15344,614.9533,375.80472,172.04277,661494766720209,661494799983595
300.20523,1391.7981,375.80472,172.04277,661494800187397,661494833624532
296.0745,1487.8263,333.15344,614.9533,661494833805626,661494867967449
298.88715,1471.7008,300.20523,1391.7981,661494868100678,661494902508490
296.86432,1444.0048,298.88715,1444.0048,661494902644688,661494938510990
309.34525,1408.4326,300.20523,1408.4326,661494938711511,661494976885886
298.24234,1429.2786,298.88715,1429.2786,661494977045990,661495009040522
293.4687,1447.4573,298.88715,1429.2786,661495009144324,661495042916668
307.33875,1465.2911,298.88715,1429.2786,661495044378126,661495076282449
300.77228,1452.1982,298.88715,1447.4573,661495076383022,661495108951720
301.61954,1399.0491,300.77228,1429.2786,661495109602032,661495143338334
295.9285,1405.7526,298.88715,1429.2786,661495143483126,661495174719688
310.26273,1399.6326,300.77228,1405.7526,661495174906928,661495217482084
300.24844,1406.9784,300.24844,1406.9784,661495217684272,661495252713126
296.17975,1391.5978,300.24844,1405.7526,661495252898490,661495289668282
220.32387,1489.619,300.24844,1406.9784,661495290893490,661495322089845
252.59381,1398.1042,296.17975,1405.7526,661495323913126,661495357703699
214.6929,1476.9634,252.59381,1406.9784,661495358469636,661495401159480
261.87122,1617.231,261.87122,1406.9784,661495401261980,661495437275834
353.98602,1532.3158,261.87122,1476.9634,661495437473126,661495486344792
510.99075,1479.8922,261.87122,1479.8922,661495486447501,661495518504011
381.36765,1526.7003,353.98602,1479.8922,661495518704740,661495553091511
275.71555,1577.3229,275.71555,1479.8922,661495553277813,661495585521667
271.1195,1551.3052,275.71555,1526.7003,661495585686980,661495621694271
330.99216,1393.7814,275.71555,1479.8922,661495621803959,661495658721928
284.38992,1336.0804,275.71555,1479.8922,661495658921303,661495711831042
262.38956,1262.1296,275.71555,1393.7814,661495712069271,661495748106094
284.93918,1257.1489,275.71555,1336.0804,661495748210730,661495779741251
267.05048,1302.8734,275.71555,1302.8734,661495779888230,661495811410521
249.20741,1323.8635,275.71555,1323.8635,661495811596928,661495842028178
249.87323,1299.8605,267.05048,1302.8734,661495842229740,661495875745834
284.60434,1237.7089,275.71555,1302.8734,661495875879063,661495909985105
338.4096,1219.3218,275.71555,1299.8605,661495910134792,661495947167396
355.09952,1255.5676,284.60434,1255.5676,661495947354271,661495980128594
375.79135,1233.2435,338.4096,1255.5676,661495980256511,661496016588907
373.42743,1263.2367,355.09952,1255.5676,661496016687396,661496047156094
362.90564,1275.7086,362.90564,1255.5676,661496047330678,661496081885261
361.59473,1252.3885,361.59473,1255.5676,661496082056563,661496115699480
352.12366,1367.6759,361.59473,1255.5676,661496115840782,661496148111094
357.7656,1435.4957,361.59473,1255.5676,661496148305834,661496179433750
355.25165,1437.6919,357.7656,1367.6759,661496179635938,661496210761980
364.7847,1475.2765,361.59473,1435.4957,661496211910313,661496243704844
328.58682,1477.1708,357.7656,1437.6919,661496243884271,661496274539688
330.90125,1521.6111,357.7656,1475.2765,661496274725261,661496306555105
350.42203,1340.5609,350.42203,1437.6919,661496306667605,661496339615052
372.6846,457.4298,357.7656,1437.6919,661496339707448,661496374159323
391.68518,381.8572,357.7656,1340.5609,661496374310052,661496411091875
373.51852,349.30966,372.6846,457.4298,661496411285105,661496442413542
366.09406,353.64005,366.09406,381.8572,661496442573438,661496476260573
350.6039,360.55194,366.09406,360.55194,661496476444948,661496506993646
364.0469,341.28366,366.09406,360.55194,661496507832657,661496546169844
358.76697,352.8758,364.0469,360.55194,661496546347917,661496579741354
350.25406,388.43918,364.0469,360.55194,661496579845052,661496610266927
373.0131,349.6302,364.0469,360.55194,661496610410000,661496643967448
390.80673,281.64633,364.0469,360.55194,661496645810104,661496677715729
436.4786,260.61115,373.0131,349.6302,661496677893334,661496709543594
463.91327,250.01637,390.80673,281.64633,661496709723906,661496744580521
492.36057,256.31766,436.4786,260.61115,661496744716511,661496776488438
477.90952,232.36584,463.91327,256.31766,661496776701615,661496810745677
496.25928,244.5983,477.90952,256.31766,661496810943177,661496844344271
429.66592,270.1282,463.91327,256.31766,661496844522136,661496877939688
385.87994,303.00696,463.91327,256.31766,661496878126406,661496910316146
375.94406,301.49274,429.66592,270.1282,661496910481615,661496942275417
369.88455,311.14365,385.87994,301.49274,661496942466302,661496979797344
358.2172,332.5959,375.94406,301.49274,661496979886302,661497010531302
321.26932,350.96396,369.88455,311.14365,661497010729844,661497040877344
420.8517,350.9069,375.94406,332.5959,661497041071511,661497074373906
609.2775,612.31714,375.94406,350.9069,661497074555729,661497108028229
735.0867,1188.9711,420.8517,350.9069,661497108565156,661497142492865
768.3308,1146.5001,609.2775,612.31714,661497143411094,661497180098281
760.72217,1155.3278,735.0867,1146.5001,661497180281198,661497216166250
640.51044,1279.5948,640.51044,1146.5001,661497216359010,661497248472656
411.04892,1366.4718,640.51044,1155.3278,661497248650990,661497282335000
298.17,1363.7035,640.51044,1279.5948,661497282537604,661497318208021
337.4536,1240.5444,411.04892,1240.5444,661497318298854,661497349027083
353.78485,1095.008,353.78485,1240.5444,661497349137135,661497380278177
344.2898,1025.6392,353.78485,1240.5444,661497380389375,661497411341302
388.82065,842.5559,353.78485,1095.008,661497411450885,661497443446927
356.41772,884.31726,353.78485,1025.6392,661497443627135,661497477528542
400.2039,892.2144,356.41772,892.2144,661497477632344,661497510749375
369.3612,887.9137,356.41772,892.2144,661497510915365,661497544143489
329.11398,467.4665,356.41772,892.2144,661497544367864,661497578778489
307.34256,443.91672,356.41772,887.9137,661497578960104,661497610793594
298.0134,462.10236,329.11398,467.4665,661497610981771,661497643378646
285.3087,516.242,307.34256,516.242,661497643569271,661497676354635
309.59518,456.41928,309.59518,467.4665,661497676536094,661497709241771
290.4119,510.57,307.34256,510.57,661497709416042,661497741428229
286.02118,509.8137,307.34256,509.8137,661497741609583,661497775183073
316.96063,466.44342,307.34256,509.8137,661497775379583,661497808952135
312.71878,497.00928,307.34256,509.8137,661497809123594,661497841471041
373.40875,385.97488,312.71878,497.00928,661497841659896,661497875086562
451.95367,187.22136,312.71878,497.00928,661497875552291,661497908595625
458.72467,215.91667,373.40875,385.97488,661497908996250,661497942705729
482.52386,207.08029,451.95367,215.91667,661497943324531,661497976000208
490.67532,206.7195,458.72467,215.91667,661497976194791,661498009904635
480.6956,252.66034,480.6956,215.91667,661498010110156,661498041447083
471.7577,207.14366,471.7577,215.91667,661498041617396,661498075687343
476.86047,209.19012,476.86047,215.91667,661498075859479,661498108973229
479.57764,243.14833,476.86047,215.91667,661498109160729,661498141966718
470.75604,233.11098,476.86047,215.91667,661498142146146,661498175552864
481.539,252.25119,476.86047,233.11098,661498175731041,661498209740520
479.22455,284.01147,476.86047,233.11098,661498210453750,661498243339687
293.47092,1095.2197,476.86047,252.25119,661498243439895,661498275989114
252.82074,1591.816,476.86047,284.01147,661498276145104,661498309662656
234.76378,1504.3074,293.47092,1095.2197,661498309810208,661498342151302
234.19147,1453.3469,252.82074,1453.3469,661498342254531,661498377097239
183.11624,1544.7133,234.76378,1453.3469,661498377233541,661498427821458
234.30605,1461.8295,234.30605,1453.3469,661498429049479,661498464244895
201.59657,1519.9651,234.30605,1461.8295,661498467587604,661498499972083
171.13445,1521.0948,234.30605,1461.8295,661498504092135,661498536578645
201.07593,1585.4949,201.59657,1519.9651,661498536761979,661498572436666
215.91449,1544.5637,215.91449,1521.0948,661498572614791,661498607602500
190.52419,1539.0461,201.59657,1539.0461,661498607791406,661498641916354
206.53374,1583.2859,206.53374,1539.0461,661498643374843,661498679480104
233.69362,1511.3203,206.53374,1539.0461,661498679636458,661498712850989
432.2591,1243.0612,206.53374,1539.0461,661498713038541,661498744920052
411.36047,1228.2009,233.69362,1511.3203,661498745102656,661498778779062
421.9204,1218.5884,411.36047,1243.0612,661498778950468,661498813437239
432.60257,1222.303,411.36047,1228.2009,661498813621406,661498847081458
410.81476,1211.5088,411.36047,1222.303,661498847273697,661498881917551
453.82086,1183.6702,411.36047,1222.303,661498882058437,661498916654791
419.60345,1185.9292,411.36047,1211.5088,661498916762968,661498950163749
438.72577,1160.3073,419.60345,1185.9292,661498950288906,661498981872968
419.0066,1173.3605,419.0066,1185.9292,661498982055833,661499018507656
210.06699,1201.8002,419.0066,1185.9292,661499018677656,661499050602447
228.52347,1170.7948,419.0066,1185.9292,661499050717656,661499083966614
209.31827,1190.1686,228.52347,1185.9292,661499084092968,661499129608281
191.11084,1189.048,228.52347,1185.9292,661499129767916,661499161742239
179.99611,1202.2654,209.31827,1189.048,661499161936614,661499195921614
175.62483,1194.2605,191.11084,1189.048,661499196162187,661499230028281
182.9172,1380.5281,182.9172,1194.2605,661499230369583,661499264538906
531.6934,559.44507,191.11084,1189.048,661499264696510,661499298001666
561.59436,551.0324,191.11084,1189.048,661499298093905,661499332563385
414.23383,237.02141,414.23383,559.44507,661499332675572,661499364486666
375.62317,212.00702,375.62317,551.0324,661499370179114,661499400328853
349.07214,225.11212,375.62317,237.02141,661499402046093,661499434312968
410.69846,139.30838,375.62317,225.11212,661499434410676,661499468337499
387.43945,153.4333,375.62317,225.11212,661499469396145,661499503025989
401.7206,138.92638,387.43945,153.4333,661499503218801,661499539718593
399.75598,164.75949,387.43945,164.75949,661499539911145,661499574331197
411.13187,152.12292,399.75598,153.4333,661499574427655,661499608313801
411.36676,166.46625,399.75598,164.75949,661499608453437,661499643074322
410.7248,170.42993,410.7248,164.75949,661499643298332,661499676489062
410.63675,169.32219,410.63675,166.46625,661499676669791,661499712210103
398.63647,176.77707,410.63675,169.32219,661499712385989,661499745745780
387.4725,190.23485,410.63675,169.32219,661499745892551,661499782689582
398.86053,183.55145,398.86053,176.77707,661499785341405,661499816779218
357.06668,502.67142,398.86053,183.55145,661499816932916,661499857666457
315.45517,936.99133,398.86053,183.55145,661499857844062,661499889941562
317.19324,941.2022,357.06668,502.67142,661499890170051,661499922159218
306.37848,921.8611,317.19324,921.8611,661499922546666,661499953485207
324.27402,904.1198,324.27402,904.1198,661499953662759,661499984992916
296.23358,888.32837,317.19324,904.1198,661499985165624,661500016965936
296.4858,898.8313,317.19324,904.1198,661500017136978,661500049701093
301.1611,852.0718,301.1611,898.8313,661500049855051,661500085546822
341.1971,671.01514,317.19324,898.8313,661500085707343,661500122627968
331.9287,567.4583,317.19324,852.0718,661500124985468,661500154043541
319.52652,566.69745,319.52652,671.01514,661500154221457,661500194019947
309.34143,540.94476,317.19324,567.4583,661500194187447,661500228197134
333.14233,542.1271,319.52652,566.69745,661500228322447,661500263767655
280.68994,582.09796,317.19324,567.4583,661500263893228,661500302178541
327.7832,514.33936,319.52652,566.69745,661500302346353,661500333672916
328.2995,502.16626,319.52652,566.69745,661500333825363,661500367686093
332.0573,579.47797,327.7832,566.69745,661500368597343,661500404750676
453.58368,375.8937,328.2995,566.69745,661500404913593,661500436239999
744.0255,722.6148,332.0573,566.69745,661500436791093,661500467391718
818.9262,1070.5342,453.58368,566.69745,661500472047030,661500508951249
846.06177,1034.7963,744.0255,722.6148,661500509038332,661500539154790
809.2063,1048.7765,809.2063,1034.7963,661500540467915,661500586100311
755.9366,1077.4978,755.9366,1034.7963,661500586203176,661500616684270
452.3525,1262.2614,755.9366,1048.7765,661500616800780,661500656899634
299.40305,1564.2112,755.9366,1077.4978,661500657072967,661500689969113
231.65651,1678.7744,452.3525,1262.2614,661500690156301,661500721335311
283.6247,1423.8827,299.40305,1423.8827,661500721492811,661500756574634
247.56177,1384.5875,283.6247,1384.5875,661500756773853,661500788349165
310.85248,1260.9883,299.40305,1384.5875,661500788497551,661500819153592
299.15546,1170.9905,299.15546,1384.5875,661500819253540,661500853042551
270.52917,1200.3467,299.15546,1260.9883,661500853177238,661500886783853
277.75775,1162.9812,299.15546,1200.3467,661500886891717,661500921928124
292.54822,1255.5024,292.54822,1255.5024,661500922104269,661500963976665
297.0645,1112.7761,297.0645,1200.3467,661500964221144,661500999546822
380.89563,737.55457,297.0645,1200.3467,661500999690155,661501034936249
410.9759,613.2124,297.0645,1112.7761,661501035999165,661501068897499
386.09253,675.1626,380.89563,737.55457,661501071917707,661501105763905
372.3047,649.7512,372.3047,675.1626,661501106709790,661501140237759
367.8116,639.72614,372.3047,675.1626,661501140430988,661501173942446
357.45276,637.5657,372.3047,649.7512,661501174050363,661501203634061
354.29108,686.06525,367.8116,675.1626,661501204951665,661501237999790
352.80145,667.44574,357.45276,667.44574,661501239028123,661501272452551
327.86847,269.29767,354.29108,667.44574,661501272609217,661501303473071
316.86835,225.54643,352.80145,667.44574,661501305336926,661501335633176
296.33334,224.45917,327.86847,269.29767,661501335806769,661501376194061
325.0091,240.47562,325.0091,240.47562,661501376789686,661501415223540
290.37466,262.51306,325.0091,262.51306,661501416185311,661501453036717
297.1612,223.42107,325.0091,240.47562,661501453205988,661501488533905
310.39877,248.08311,310.39877,248.08311,661501488738957,661501522243748
309.41663,247.59137,310.39877,247.59137,661501522437030,661501555218175
280.11508,246.55267,310.39877,247.59137,661501555336353,661501587782030
288.33618,255.39864,309.41663,247.59137,661501587876144,661501620982498
267.693,270.12375,288.33618,247.59137,661501621328696,661501651624113
284.51126,233.80327,288.33618,247.59137,661501651718644,661501684988696
264.54196,274.4352,284.51126,247.59137,661501685120155,661501718763592
298.79175,288.46786,288.33618,247.59137,661501719498592,661501750676457
305.1822,294.05344,288.33618,274.4352,661501750842759,661501783964061
287.9809,298.1552,288.33618,288.46786,661501784170780,661501817914373
279.8236,295.39328,288.33618,294.05344,661501818092238,661501852226873
288.57925,262.2062,288.33618,288.46786,661501852401248,661501884947290
329.30057,244.38698,288.33618,288.46786,661501885117186,661501918749686
333.68204,268.66776,288.57925,268.66776,661501918929529,661501955533019
370.51974,202.8762,329.30057,268.66776,661501956386925,661501987885415
366.21625,219.25015,333.68204,268.66776,661501987989113,661502020327446
364.57153,384.20374,364.57153,268.66776,661502020419946,661502051656821
688.4713,461.03046,364.57153,268.66776,661502052901509,661502085411561
709.3986,1240.925,364.57153,384.20374,661502086471977,661502121992394
504.98004,1542.8729,504.98004,461.03046,661502122194425,661502155347706
312.39178,1890.6069,364.57153,1240.925,661502155520415,661502191089634
302.5608,1745.2369,364.57153,1542.8729,661502191300675,661502226269113
324.49228,1564.5753,324.49228,1564.5753,661502226421404,661502258093123
299.9788,1488.9119,324.49228,1542.8729,661502258203696,661502291330311
297.36725,1369.2262,324.49228,1542.8729,661502291439269,661502323282081
299.70654,1288.9354,299.9788,1488.9119,661502323396040,661502358818123
283.91742,1331.6793,299.70654,1369.2262,661502358937446,661502392424061
277.73972,1340.5594,299.70654,1340.5594,661502392605831,661502433390623
275.95792,1359.6965,283.91742,1359.6965,661502433576508,661502467999425
244.52147,1409.9498,277.73972,1359.6965,661502468173227,661502499036977
260.59735,1404.185,275.95792,1359.6965,661502499189061,661502531028331
245.00209,1417.9685,260.59735,1404.185,661502531131717,661502562542342
251.21684,1397.1062,260.59735,1397.1062,661502562666821,661502593782758
265.78943,1405.7408,260.59735,1404.185,661502594430050,661502625306456
260.30753,1397.898,260.59735,1397.898,661502625425571,661502662359008
274.46353,1392.3705,260.59735,1397.898,661502662549477,661502695987758
253.18578,1303.0618,260.59735,1397.898,661502696125154,661502730608488
263.62518,1404.5038,260.59735,1397.898,661502730806196,661502762536300
268.97568,1416.772,260.59735,1397.898,661502762718279,661502794905362
290.50427,1289.0167,263.62518,1397.898,661502795655415,661502831960779
274.824,1345.6259,268.97568,1397.898,661502832162342,661502864658227
288.38947,1304.3389,274.824,1345.6259,661502864866665,661502903100831
279.44128,1342.9512,274.824,1345.6259,661502903239737,661502936727862
260.80188,1315.4829,274.824,1342.9512,661502936928019,661502969722029
208.3715,1422.5543,274.824,1345.6259,661502969918383,661503003553279
144.4876,1464.9373,260.80188,1345.6259,661503003780831,661503036964321
140.15042,1437.1377,208.3715,1422.5543,661503037133435,661503070323696
118.02209,1412.8079,144.4876,1412.8079,661503070525675,661503108921144
136.73834,1661.0117,140.15042,1422.5543,661503109090467,661503141669633
158.1935,1702.1207,144.4876,1422.5543,661503142152602,661503177456717
111.01019,1710.7552,140.15042,1661.0117,661503177557550,661503210427394
117.88651,1725.3263,140.15042,1702.1207,661503210715310,661503243908591
102.49723,1706.7867,117.88651,1706.7867,661503244115987,661503276605935
113.556786,1690.4368,117.88651,1702.1207,661503278454060,661503312269008
101.02932,1711.4722,113.556786,1706.7867,661503313265935,661503347620154
92.38326,1728.1052,113.556786,1706.7867,661503348906300,661503380483696
79.09007,1700.7657,101.02932,1706.7867,661503381196873,661503415315727
84.723785,1715.7745,92.38326,1706.7867,661503415458123,661503449983227
229.27455,1550.0282,101.02932,1706.7867,661503450133591,661503485034633
365.31046,1418.3173,101.02932,1706.7867,661503485191352,661503525342341
348.04758,1425.6368,229.27455,1550.0282,661503526275883,661503569025310
365.0096,1388.2607,348.04758,1425.6368,661503569209685,661503602301196
378.70035,1320.9753,348.04758,1425.6368,661503602497133,661503639089268
399.5747,1381.6638,365.0096,1388.2607,661503639212498,661503673859893
433.3341,1356.0636,378.70035,1381.6638,661503674030414,661503709698904
418.36612,1327.3955,399.5747,1381.6638,661503709868070,661503742864945
412.04224,1382.1091,412.04224,1381.6638,661503755737810,661503796661925
423.3927,1353.3212,412.04224,1381.6638,661503796826143,661503830644841
401.4088,1368.5952,412.04224,1381.6638,661503830877706,661503868822654
491.34317,1236.7151,412.04224,1368.5952,661503868981247,661503900851664
747.90796,1069.7913,412.04224,1368.5952,661503901035883,661503933029268
734.2843,745.51587,491.34317,1236.7151,661503933253747,661503965278695
390.29065,603.30383,412.04224,1069.7913,661503965475466,661503998491820
345.51373,513.47015,412.04224,745.51587,661503998680102,661504029168591
332.58035,472.4722,390.29065,603.30383,661504029348591,661504064432966
346.6046,408.21555,346.6046,513.47015,661504064594997,661504099017654
339.0435,330.18365,346.6046,472.4722,661504099238018,661504131696716
335.16705,275.81406,346.6046,408.21555,661504131891456,661504161589372
341.97577,274.31308,341.97577,330.18365,661504161795935,661504194269320
338.23874,290.94894,341.97577,290.94894,661504194472810,661504227685154
343.58725,306.58273,341.97577,306.58273,661504228413122,661504260822758
335.2698,315.97546,341.97577,306.58273,661504260994424,661504292296716
338.52386,318.56866,341.97577,306.58273,661504292510206,661504324714997
332.85,332.4734,338.52386,315.97546,661504324885310,661504358664476
346.17062,315.41684,341.97577,315.41684,661504358815622,661504397835049
320.86618,344.9853,338.52386,315.97546,661504398025518,661504431914841
329.86832,377.29904,338.52386,315.97546,661504432141143,661504465717497
356.75793,360.36484,338.52386,344.9853,661504465865674,661504498244008
279.64536,370.885,338.52386,360.36484,661504498433226,661504532335049
290.5014,390.3204,338.52386,360.36484,661504532517497,661504564227549
296.94455,387.34174,296.94455,370.885,661504564406768,661504596734737
300.48074,400.93857,300.48074,387.34174,661504596922810,661504629311299
405.30902,487.0979,300.48074,387.34174,661504629411091,661504661414372
784.6757,921.40826,300.48074,400.93857,661504661629320,661504694049633
767.36786,990.6868,405.30902,487.0979,661504694184841,661504727254685
420.9879,541.6284,420.9879,541.6284,661504727433539,661504761549268
339.6015,500.10916,405.30902,500.10916,661504761716299,661504811152133
283.72565,509.1668,405.30902,509.1668,661504811295362,661504843732601
313.4194,365.22058,339.6015,500.10916,661504843928435,661504879813226
309.76688,337.58813,313.4194,500.10916,661504879971716,661504915884580
294.55487,359.43484,313.4194,365.22058,661504916065883,661504950484216
429.05023,228.11128,313.4194,359.43484,661504950582757,661504984810362
424.0012,233.63638,313.4194,359.43484,661504987027653,661505034370205
375.68558,226.19662,375.68558,233.63638,661505034785153,661505067581247
416.68283,227.30586,375.68558,233.63638,661505067773747,661505101477549
411.7573,220.03734,375.68558,227.30586,661505101668278,661505133928018
343.25998,636.72205,375.68558,233.63638,661505134148643,661505167412497
229.56734,1497.9548,375.68558,233.63638,661505167616143,661505202415518
229.79706,1573.2332,343.25998,636.72205,661505202617966,661505235214841
224.30632,1577.169,229.79706,1497.9548,661505235337080,661505267946247
228.40771,1517.4937,229.79706,1517.4937,661505268148330,661505298665257
227.7772,1562.4855,228.40771,1517.4937,661505298767549,661505331651664
228.0229,1565.7301,228.40771,1517.4937,661505331761039,661505364387393
226.52127,1495.2993,228.0229,1517.4937,661505364489528,661505395664164
221.47246,1531.7603,228.0229,1517.4937,661505395758174,661505432979789
229.15494,1496.6879,228.0229,1517.4937,661505433096403,661505468668486
221.9507,1523.8181,228.0229,1517.4937,661505468787132,661505510985726
215.90004,1548.6827,228.0229,1517.4937,661505511082393,661505542632132
208.72856,1513.6567,221.9507,1517.4937,661505542814997,661505575717549
214.37834,1485.1228,215.90004,1517.4937,661505575882341,661505608262288
233.26488,1522.184,221.9507,1517.4937,661505608443799,661505643085309
186.0053,1559.3455,215.90004,1517.4937,661505643248591,661505676369111
88.581955,1683.9569,215.90004,1522.184,661505676553486,661505710901820
85.98668,1709.6843,186.0053,1559.3455,661505711067236,661505741753226
74.51726,1729.038,88.581955,1683.9569,661505741995049,661505777126559
101.58777,1670.6151,101.58777,1670.6151,661505777324945,661505808269684
109.81877,1662.2003,101.58777,1670.6151,661505808442705,661505841548486
69.62836,1688.9164,101.58777,1670.6151,661505841753903,661505875656872
70.89076,1664.17,101.58777,1670.6151,661505875841403,661505908289736
112.780655,1600.8326,101.58777,1670.6151,661505908465986,661505939090570
179.44907,1681.1099,101.58777,1670.6151,661505939268122,661505971143538
510.3461,812.15656,112.780655,1670.6151,661505971261403,661506004126038
471.12878,435.00714,179.44907,1670.6151,661506004454163,661506035953695
323.38367,380.00055,323.38367,812.15656,661506036133382,661506070736038
350.32785,471.9993,323.38367,471.9993,661506070864684,661506104480153
346.27054,331.43008,323.38367,471.9993,661506104654788,661506136426663
364.00986,261.20435,346.27054,471.9993,661506136527445,661506178595517
347.67218,249.53763,346.27054,331.43008,661506178716715,661506209150570
328.24124,226.38615,346.27054,261.20435,661506209343226,661506241796142
319.18387,220.90157,346.27054,249.53763,661506241974997,661506275232653
329.6442,281.25284,329.6442,261.20435,661506275435205,661506306067288
351.68924,256.52164,346.27054,256.52164,661506306229319,661506338634944
345.88242,256.96002,345.88242,256.96002,661506338823486,661506369486247
343.4849,268.27927,345.88242,256.96002,661506370377809,661506402426559
335.23715,280.3494,345.88242,256.96002,661506402537444,661506435878278
341.76825,288.78613,343.4849,268.27927,661506435989892,661506467195986
350.28247,305.99237,345.88242,280.3494,661506467311403,661506504163069
333.22015,309.29752,343.4849,288.78613,661506504353226,661506536965726
319.37494,307.3589,343.4849,305.99237,661506537066871,661506568907288
325.0936,300.99863,333.22015,300.99863,661506569016142,661506603047392
323.7396,309.43542,325.0936,305.99237,661506603163851,661506638907757
330.4085,311.78558,330.4085,305.99237,661506639086819,661506673824267
320.32184,306.56052,325.0936,306.56052,661506674006611,661506706377080
335.20505,301.46527,330.4085,305.99237,661506706562757,661506738562757
344.20663,284.2965,330.4085,305.99237,661506738743642,661506771417705
392.07578,350.68506,335.20505,305.99237,661506771595621,661506805174267
1092.4752,959.2601,344.20663,305.99237,661506805335986,661506838871351
1151.7036,1199.9552,392.07578,350.68506,661506839068903,661506872228642
1152.7631,1196.7716,1092.4752,959.2601,661506872395205,661506906744163
1151.7202,1174.3219,1151.7036,1174.3219,661506906932965,661506940579996
1152.4056,1143.8037,1151.7202,1143.8037,661506940784319,661506983545100
1154.4493,1178.7053,1151.7202,1174.3219,661506983642548,661507018227913
1159.7096,1107.2389,1152.4056,1143.8037,661507018405673,661507061489371
950.2891,1098.864,1151.7202,1143.8037,661507061685257,661507099783017
945.6526,1103.1698,1151.7202,1107.2389,661507099959892,661507145266194
934.92224,1345.0934,950.2891,1143.8037,661507145392080,661507176182288
1035.9392,1387.6871,1035.9392,1143.8037,661507176394996,661507206483382
1089.9722,1543.3716,1035.9392,1345.0934,661507206685413,661507238183225
1115.381,1503.9255,1035.9392,1387.6871,661507238357027,661507272673850
1138.0586,1339.7958,1089.9722,1345.0934,661507272865934,661507312538746
1144.3391,1262.298,1115.381,1345.0934,661507312736455,661507345262809
1151.8595,1203.6351,1138.0586,1339.7958,661507345446611,661507379039788
1143.5695,1175.8937,1143.5695,1262.298,661507379218173,661507410525882
849.8383,1081.1206,1138.0586,1203.6351,661507410659579,661507441031663
657.0078,1087.6552,1138.0586,1175.8937,661507441180204,661507473950934
592.1193,1088.7866,849.8383,1088.7866,661507474074163,661507507665048
600.73004,1063.1008,657.0078,1088.7866,661507507777340,661507537152496
579.7664,1074.5183,600.73004,1088.7866,661507537342340,661507575653121
589.40875,1151.3049,600.73004,1088.7866,661507575846246,661507606855100
645.1321,1065.7727,600.73004,1088.7866,661507607025309,661507639672704
573.2547,1102.106,600.73004,1088.7866,661507639867548,661507674864163
578.2844,1088.8689,600.73004,1088.7866,661507674980465,661507703473121
585.1692,1106.2833,585.1692,1088.8689,661507703660569,661507737618277
578.05994,1107.4824,585.1692,1088.8689,661507737795777,661507770483902
528.83655,1095.3812,585.1692,1095.3812,661507770655361,661507804336611
324.49274,860.5516,578.05994,1088.8689,661507804511246,661507837535986
346.26147,879.3061,528.83655,1088.8689,661507837728694,661507869938642
330.41455,797.2425,346.26147,879.3061,661507870108954,661507903932340
315.85635,802.712,346.26147,879.3061,661507904187183,661507941224683
312.21176,788.9592,330.41455,802.712,661507941429058,661507974073538
367.76822,817.56036,346.26147,817.56036,661507974254267,661508008662860
756.96234,785.0884,346.26147,802.712,661508008790100,661508041956558
947.9281,960.41846,367.76822,817.56036,661508042140725,661508073266090
983.1398,1086.3413,756.96234,817.56036,661508073452027,661508106634631
903.3427,1332.7482,903.3427,960.41846,661508106824840,661508139227235
944.02576,1060.6002,903.3427,1060.6002,661508139428642,661508171920777
958.7586,893.7235,903.3427,960.41846,661508172133173,661508207877600
1019.87305,1008.619,944.02576,1008.619,661508208116350,661508243445985
1009.9532,868.45337,958.7586,960.41846,661508243620465,661508275863590
987.9528,794.10736,987.9528,960.41846,661508275966871,661508306389423
1026.4955,660.2457,987.9528,868.45337,661508306538433,661508339190933
1026.5725,647.55536,987.9528,794.10736,661508339291402,661508375961715
1013.6419,656.02026,1013.6419,660.2457,661508376129892,661508409069215
528.20624,428.36823,987.9528,656.02026,661508409252183,661508443281194
397.2092,232.98152,987.9528,656.02026,661508443475465,661508476063173
411.21066,247.40073,528.20624,428.36823,661508476252964,661508509462183
394.2316,244.59164,411.21066,247.40073,661508509649371,661508541847652
361.82584,190.94205,411.21066,247.40073,661508542037912,661508577527027
316.20016,146.11066,394.2316,244.59164,661508577710256,661508610610777
301.39227,161.67534,361.82584,190.94205,661508610793433,661508646975725
284.00568,159.53587,316.20016,161.67534,661508647827808,661508682544110
275.3449,160.58868,301.39227,161.67534,661508682666871,661508716244214
290.63318,147.69757,290.63318,160.58868,661508717524214,661508748683329
312.89386,158.60551,301.39227,160.58868,661508748859058,661508787971714
325.7316,149.39319,301.39227,158.60551,661508788225048,661508821073277
344.71167,145.48706,312.89386,158.60551,661508821902808,661508854402131
346.16364,158.18013,325.7316,158.18013,661508854555360,661508886417600
333.8882,165.82831,333.8882,158.60551,661508886581454,661508918554475
352.84488,156.25664,333.8882,158.18013,661508918729579,661508951308016
335.43063,161.82149,333.8882,158.60551,661508951509475,661508984184631
327.1342,423.04977,333.8882,158.60551,661508984383016,661509017516818
339.6224,1396.8043,333.8882,161.82149,661509017692704,661509048105568
319.34766,1481.5227,333.8882,423.04977,661509049178121,661509092560933
341.36023,1421.5306,333.8882,1396.8043,661509092755777,661509126557652
346.22516,1391.0043,333.8882,1391.0043,661509126649787,661509162970777
355.77338,1412.0712,341.36023,1396.8043,661509163171245,661509194933537
352.2216,1401.7819,346.22516,1396.8043,661509195023068,661509226627600
368.7967,1269.0074,352.2216,1396.8043,661509227775568,661509272989370
349.36914,1348.0667,349.36914,1396.8043,661509273087443,661509305951662
333.9691,1376.2924,349.36914,1376.2924,661509306111870,661509342304735
371.66437,1314.4291,349.36914,1376.2924,661509342497287,661509375143172
355.5907,1341.2267,349.36914,1376.2924,661509375324318,661509413557287
403.70074,1213.7781,355.5907,1341.2267,661509413759683,661509453072339
252.1842,1309.215,349.36914,1341.2267,661509453277079,661509486760412
212.15932,1316.8467,349.36914,1316.8467,661509486939735,661509520406141
211.15459,1329.6395,252.1842,1329.6395,661509520624266,661509557030464
204.19406,1360.2305,212.15932,1329.6395,661509557231506,661509591001818
172.70363,1365.9265,211.15459,1329.6395,661509591099474,661509622729995
216.90141,1326.3267,212.15932,1329.6395,661509622906349,661509655973485
215.85217,1276.7552,212.15932,1329.6395,661509656182912,661509694286558
206.88623,1358.7622,212.15932,1329.6395,661509694407235,661509724954318
153.22766,1396.44,212.15932,1329.6395,661509725084370,661509756267704
179.93295,1386.3802,206.88623,1358.7622,661509756424422,661509799867183
203.5001,1319.5526,203.5001,1329.6395,661509800103901,661509836701401
213.32175,1321.6005,206.88623,1329.6395,661509836851610,661509871964370
222.75465,1313.4828,206.88623,1321.6005,661509872210724,661509905421245
215.57332,1382.9796,213.32175,1329.6395,661509905611193,661509938974891
284.2554,1230.2737,215.57332,1321.6005,661509939058797,661509972902651
364.6036,955.4257,215.57332,1321.6005,661509973014683,661510003920776
387.3176,869.41003,284.2554,1230.2737,661510004043120,661510036142183
463.95053,1047.4763,364.6036,1047.4763,661510037053328,661510069244318
597.81,901.4214,387.3176,1047.4763,661510069348589,661510101115256
742.55493,1163.9471,463.95053,1047.4763,661510101908745,661510132217547
659.138,1124.4556,597.81,1047.4763,661510132862547,661510166832808
540.5567,975.2889,540.5567,1047.4763,661510167008433,661510200659474
635.6781,860.49756,597.81,1047.4763,661510200844266,661510235003120
707.40265,709.844,597.81,975.2889,661510235177078,661510267070464
757.1352,607.626,635.6781,860.49756,661510267245985,661510304497808
721.19684,562.4337,707.40265,709.844,661510304669683,661510340437443
717.5411,486.95618,717.5411,607.626,661510340588120,661510378948797
730.2424,463.6065,717.5411,562.4337,661510379100308,661510412284787
705.7411,444.89142,717.5411,486.95618,661510412407339,661510449996349
713.0263,438.5197,717.5411,463.6065,661510450190464,661510485044735
704.8084,470.81897,713.0263,470.81897,661510485205568,661510516254682
679.5575,486.73663,713.0263,470.81897,661510516389162,661510548561714
702.7497,509.14975,704.8084,470.81897,661510548717651,661510579744735
682.6029,519.2847,702.7497,486.73663,661510579926766,661510613417391
641.1735,493.34668,702.7497,493.34668,661510614342182,661510647584891
460.34973,404.698,682.6029,486.73663,661510647767912,661510684503693
438.1787,375.87717,641.1735,486.73663,661510684688380,661510717465776
468.52542,373.40503,468.52542,404.698,661510717663693,661510749276193
422.9267,355.8646,468.52542,375.87717,661510749479839,661510782463849
400.87442,365.01157,468.52542,373.40503,661510782654266,661510818123172
391.75977,376.35913,422.9267,375.87717,661510818290412,661510850385203
383.69852,394.68698,400.87442,375.87717,661510850569526,661510881785047
409.62137,435.9201,409.62137,376.35913,661510881983224,661510913735151
363.531,414.00714,400.87442,394.68698,661510913879474,661510947594214
400.63168,399.44803,400.87442,399.44803,661510947747599,661510979105828
402.26282,349.83923,400.87442,394.68698,661510979275880,661511011092755
441.86435,353.9045,400.87442,394.68698,661511012813432,661511046450672
429.5854,331.34525,402.26282,353.9045,661511047458328,661511080702078
398.57632,301.48334,400.87442,353.9045,661511080857859,661511117049891
431.99686,313.10974,402.26282,331.34525,661511117246766,661511150035255
428.40576,291.10657,402.26282,313.10974,661511150226974,661511180902286
386.27936,292.82895,402.26282,313.10974,661511181090984,661511213417495
382.79782,275.9305,402.26282,292.82895,661511213625047,661511247354682
389.80798,329.69424,389.80798,313.10974,661511247543953,661511283931609
388.36404,326.2843,389.80798,313.10974,661511284303797,661511313900047
384.85083,279.06937,389.80798,313.10974,661511314045932,661511346709578
385.556,297.98453,388.36404,313.10974,661511346893901,661511380789734
417.4123,276.02667,389.80798,297.98453,661511381011245,661511414050776
412.29272,271.33728,389.80798,297.98453,661511414153432,661511447305880
417.0897,288.065,412.29272,288.065,661511447485463,661511482893797
410.14362,342.40457,410.14362,297.98453,661511483096765,661511515954630
427.56314,331.2654,412.29272,297.98453,661511516182078,661511551194213
418.83444,482.7562,412.29272,331.2654,661511551375724,661511581010932
358.8964,706.68146,412.29272,331.2654,661511581174161,661511613794474
353.7712,636.52563,412.29272,482.7562,661511613953849,661511650704786
363.6045,691.11816,363.6045,636.52563,661511650855151,661511685306401
372.74417,658.72534,372.74417,636.52563,661511685413797,661511718323692
341.759,637.4653,363.6045,637.4653,661511718430047,661511750858067
361.39185,649.2213,363.6045,637.4653,661511751054005,661511783450724
360.86252,653.1016,361.39185,637.4653,661511783667026,661511817640828
387.04208,461.78766,363.6045,637.4653,661511817853849,661511850939838
382.65082,189.97694,363.6045,637.4653,661511851132963,661511882388172
375.26572,187.94943,375.26572,461.78766,661511882593953,661511916605828
384.18637,165.19348,375.26572,189.97694,661511916773484,661511948748328
371.84232,180.2313,375.26572,187.94943,661511948937703,661511983372963
383.80353,187.98126,375.26572,187.98126,661511983573119,661512018480203
361.84906,179.80107,375.26572,187.94943,661512018662130,661512052326817
385.1914,186.45961,375.26572,187.94943,661512052442703,661512085599994
377.84232,184.27301,375.26572,186.45961,661512085707182,661512120071140
384.3031,185.14024,377.84232,186.45961,661512120275828,661512173496765
364.5286,200.79031,375.26572,186.45961,661512173615723,661512212437026
346.59308,227.02512,375.26572,186.45961,661512212543744,661512247867442
374.6427,203.2527,374.6427,200.79031,661512247969734,661512281738015
349.84195,204.49059,374.6427,203.2527,661512281892755,661512315734317
346.19858,202.72028,374.6427,202.72028,661512315917078,661512349932651
331.38345,377.9291,349.84195,203.2527,661512350110880,661512382358171
602.3052,470.86404,374.6427,203.2527,661512382548119,661512416287546
725.92725,836.26056,374.6427,377.9291,661512416479630,661512449334161
559.64777,1152.2905,559.64777,470.86404,661512449512442,661512483219786
319.774,1895.6843,374.6427,836.26056,661512483317859,661512517119682
268.28174,1769.0024,374.6427,1152.2905,661512517232703,661512550128900
323.069,1654.8894,323.069,1654.8894,661512551561348,661512585964630
346.79608,1480.8784,346.79608,1480.8784,661512586165515,661512619442598
337.74072,1423.026,337.74072,1480.8784,661512619625567,661512659698900
311.7129,1454.8588,337.74072,1480.8784,661512659854734,661512689588119
316.53363,1344.4434,337.74072,1454.8588,661512689694005,661512722898536
304.83643,1354.237,316.53363,1454.8588,661512723010463,661512759501296
301.53708,1377.5663,316.53363,1377.5663,661512759661921,661512790255202
287.22784,1387.6111,304.83643,1387.6111,661512791333484,661512826063588
293.25427,1336.4011,301.53708,1377.5663,661512826190150,661512859566869
284.7886,1403.5656,293.25427,1387.6111,661512859774890,661512894898744
300.48276,1358.9835,300.48276,1377.5663,661512897317390,661512930019109
270.51163,1387.447,293.25427,1387.447,661512932569838,661512963843327
285.34378,1377.9335,293.25427,1377.9335,661512963946765,661512995340359
288.91165,1346.7446,288.91165,1377.9335,661512995466088,661513026021557
291.64468,1306.5817,291.64468,1377.9335,661513026148171,661513060550827
293.60693,1306.5723,291.64468,1346.7446,661513060705671,661513095329213
423.33057,1554.6631,291.64468,1377.9335,661513095473640,661513126572598
422.76337,1515.1259,293.60693,1377.9335,661513126765827,661513160769161
443.1953,1583.8188,422.76337,1515.1259,661513160957129,661513191928536
432.3585,1604.2891,422.76337,1515.1259,661513192158588,661513235437911
452.30896,1610.1661,432.3585,1583.8188,661513235606713,661513269367702
422.38745,1608.1206,422.76337,1604.2891,661513273254577,661513304574265
437.66745,1603.643,432.3585,1603.643,661513304659369,661513341783431
458.65335,1543.2639,432.3585,1603.643,661513342773796,661513374417702
479.56845,1595.8893,437.66745,1603.643,661513374591244,661513408881192
451.5526,1555.8656,451.5526,1595.8893,661513409009577,661513442533327
478.20743,1703.5535,451.5526,1603.643,661513443535827,661513476236348
461.25687,1696.8596,451.5526,1603.643,661513476397285,661513509450515
465.0382,1661.6782,461.25687,1661.6782,661513509620098,661513542695931
492.60327,1675.019,461.25687,1661.6782,661513542811452,661513574372910
462.4594,1654.5924,462.4594,1661.6782,661513575990463,661513608719108
472.32556,1692.2363,462.4594,1661.6782,661513611081608,661513642700515
468.16934,1613.273,462.4594,1661.6782,661513643404160,661513681166765
402.8329,1535.4954,462.4594,1661.6782,661513681326556,661513715116035
353.39578,1489.0406,462.4594,1613.273,661513715210671,661513745435462
319.1953,1533.3784,402.8329,1535.4954,661513745600827,661513778944890
358.1973,1520.8705,358.1973,1533.3784,661513779086244,661513810284942
335.95227,1461.2815,358.1973,1533.3784,661513811593015,661513846294265
336.93658,1465.5854,358.1973,1520.8705,661513846846192,661513879839629
322.9561,1533.7175,336.93658,1533.3784,661513880059525,661513912638379
324.77722,1469.4547,336.93658,1520.8705,661513912797962,661513948569733
331.3475,1484.7124,331.3475,1520.8705,661513948737858,661513983301452
354.1863,1510.286,336.93658,1510.286,661513983486973,661514017020358
380.6508,1596.9829,336.93658,1520.8705,661514017200671,661514050874733
435.71945,1527.108,354.1863,1520.8705,661514050989942,661514085742858
472.83,1529.3447,380.6508,1527.108,661514085843327,661514125957754
469.65775,1487.1111,435.71945,1520.8705,661514126113535,661514157564889
464.55646,1491.946,464.55646,1520.8705,661514157685827,661514217537806
504.51953,1520.6179,464.55646,1520.6179,661514218161556,661514290451869
478.58334,1475.6875,464.55646,1520.6179,661514290637962,661514355236921
522.6885,1446.3833,478.58334,1520.6179,661514355395879,661514425686035
478.93875,1473.9595,478.58334,1475.6875,661514425847181,661514496624056
516.74927,1438.0914,478.93875,1473.9595,661514496748535,661514555038639
502.85736,1439.0907,478.93875,1473.9595,661514555213171,661514623007077
636.6508,1489.4572,502.85736,1473.9595,661514623323170,661514684518431
633.16595,1409.9115,502.85736,1473.9595,661514684626035,661514747039525
620.49677,1419.4075,620.49677,1473.9595,661514747162754,661514812827597
523.5674,1372.0245,523.5674,1419.4075,661514812935775,661514875176816
504.77353,1374.2816,523.5674,1419.4075,661514875284420,661514934873379
529.0747,1335.7052,523.5674,1374.2816,661514934959108,661514998892597
516.6327,1370.3491,523.5674,1374.2816,661514999005514,661515066900462
506.97278,1379.0332,523.5674,1374.2816,661515067008952,661515134528795
519.209,1394.8046,519.209,1374.2816,661515134617806,661515202623587
523.01807,1387.3533,523.01807,1379.0332,661515203040827,661515259974629
516.09735,1360.9,519.209,1374.2816,661515260103326,661515293617337
405.37198,1224.0499,519.209,1374.2816,661515293808847,661515328137024
652.3071,632.1338,519.209,1360.9,661515328320306,661515363458639
650.52734,608.9579,519.209,1224.0499,661515363638899,661515398531295
332.80496,227.0305,519.209,632.1338,661515398652754,661515432735774
315.32364,273.5061,519.209,608.9579,661515432944472,661515468524420
321.1723,178.70923,332.80496,273.5061,661515468622858,661515501343170
341.97467,171.90439,341.97467,273.5061,661515501443483,661515540546087
347.43344,166.29395,341.97467,178.70923,661515540763899,661515574752701
327.4776,176.4802,341.97467,176.4802,661515574870878,661515608770878
309.1953,199.27959,341.97467,178.70923,661515608950878,661515642536920
314.49548,188.19487,327.4776,178.70923,661515642726920,661515686180566
329.19943,185.6666,329.19943,185.6666,661515686341503,661515722144785
314.01312,229.73833,327.4776,185.6666,661515722311503,661515757672910
334.4847,195.63805,329.19943,185.6666,661515757853483,661515799356972
323.476,192.85123,327.4776,192.85123,661515799541347,661515848601087
262.7937,197.02953,327.4776,192.85123,661515848770930,661515884838014
258.8487,206.02579,323.476,192.85123,661515885544160,661515926182649
265.02524,199.25665,265.02524,197.02953,661515926286087,661515959116816
285.28888,191.32861,285.28888,192.85123,661515959287857,661515993212545
267.84857,193.64317,267.84857,193.64317,661515993376607,661516026401399
267.6234,197.50607,267.84857,193.64317,661516026585305,661516058740149
283.53494,202.45654,267.84857,193.64317,661516058935618,661516093139420
328.7101,230.26736,267.84857,197.50607,661516093324212,661516128348170
331.2259,244.82285,283.53494,202.45654,661516128525722,661516167227337
335.21042,239.98932,328.7101,230.26736,661516168175045,661516208101347
321.21286,261.51367,321.21286,239.98932,661516208304316,661516242152337
330.04114,262.85397,328.7101,239.98932,661516242257649,661516273674680
331.64465,244.85721,328.7101,244.85721,661516273849680,661516308213378
341.74445,241.77538,330.04114,241.77538,661516309171555,661516339723795
331.71814,244.09045,331.64465,244.09045,661516339912284,661516370149211
345.48428,237.57726,331.71814,241.77538,661516370356659,661516401087545
352.65546,217.87254,331.71814,241.77538,661516401266972,661516433659316
342.01935,224.22183,342.01935,237.57726,661516433839264,661516465550826
329.09216,229.03246,331.71814,229.03246,661516465662493,661516496261972
344.84827,225.70436,342.01935,229.03246,661516496458482,661516532359941
344.39352,221.4467,342.01935,229.03246,661516532458847,661516563543586
328.20804,216.89711,342.01935,225.70436,661516563742909,661516597209420
318.4499,208.84277,342.01935,221.4467,661516597323326,661516631674524
349.9932,191.7085,342.01935,216.89711,661516631773482,661516664389420
333.52664,181.93013,342.01935,208.84277,661516664528586,661516697596711
348.61993,206.42902,342.01935,206.42902,661516698506243,661516732115982
346.71683,236.21997,342.01935,208.84277,661516732222857,661516780202336
539.4902,217.09607,346.71683,208.84277,661516780316451,661516816282857
777.24146,804.5473,346.71683,217.09607,661516816389420,661516849650618
736.7711,944.3871,539.4902,217.09607,661516849759680,661516884754263
415.22083,1652.1906,415.22083,804.5473,661516884932232,661516919103170
435.5185,1662.5813,435.5185,944.3871,661516919277701,661516953703065
540.1361,1477.7421,435.5185,1477.7421,661516953855045,661516989674836
442.0185,1411.3207,435.5185,1411.3207,661516989844159,661517022670461
466.70966,1330.8202,442.0185,1411.3207,661517022850409,661517055628326
456.1175,1312.862,442.0185,1411.3207,661517055803170,661517089583378
452.69138,1327.1162,452.69138,1330.8202,661517089740565,661517125411399
478.72363,1267.7319,452.69138,1327.1162,661517125511034,661517160348117
467.55377,1263.2117,452.69138,1327.1162,661517160464211,661517192438638
453.6762,1252.5516,453.6762,1267.7319,661517192597336,661517225559888
464.41806,1255.128,453.6762,1263.2117,661517225718794,661517258605565
464.02194,1262.0422,453.6762,1262.0422,661517258748013,661517293696503
477.4449,1261.0271,464.02194,1262.0422,661517293862961,661517331000097
226.7581,1335.8079,453.6762,1262.0422,661517331135930,661517364594367
246.15544,1256.3828,453.6762,1262.0422,661517364699315,661517395912284
177.00262,1350.6987,246.15544,1262.0422,661517396151555,661517430848638
209.56822,1384.2703,246.15544,1262.0422,661517431833586,661517466240878
204.50423,1380.304,209.56822,1350.6987,661517466349576,661517504181242
201.68085,1335.1208,209.56822,1335.1208,661517504359055,661517539859784
194.05815,1309.1257,204.50423,1335.1208,661517540144055,661517570343274
189.0998,1325.8385,201.68085,1335.1208,661517570526294,661517604093586
180.92308,1305.8743,194.05815,1325.8385,661517604566346,661517639597596
199.66508,1306.081,199.66508,1325.8385,661517640222492,661517670017544
187.55923,1318.381,194.05815,1318.381,661517670189107,661517702437701
170.36346,1290.2892,194.05815,1318.381,661517702594940,661517734349628
199.83119,1329.1678,194.05815,1318.381,661517734524680,661517771280461
400.0202,1516.473,194.05815,1318.381,661517771467805,661517805179159
420.84485,1448.9614,199.83119,1329.1678,661517805348326,661517837838846
433.82358,1462.4976,400.0202,1448.9614,661517837990200,661517869942440
454.63657,1484.5869,420.84485,1448.9614,661517870095200,661517906070513
501.36743,1467.7745,433.82358,1462.4976,661517906256711,661517938889732
511.49225,1473.2339,454.63657,1467.7745,661517939059732,661517970503430
456.85574,1450.189,456.85574,1462.4976,661517970642544,661518005116346
520.38885,1444.6853,456.85574,1462.4976,661518005298950,661518038721450
463.05212,1447.28,456.85574,1450.189,661518038841450,661518073492544
495.97458,1429.4308,463.05212,1447.28,661518073609055,661518103300044
474.50378,1365.0657,463.05212,1447.28,661518103494523,661518134985825
491.61884,1305.1575,474.50378,1429.4308,661518135156034,661518165769419
510.94595,1301.4816,474.50378,1365.0657,661518165906815,661518199851711
501.41025,1300.5582,491.61884,1305.1575,661518200067180,661518234046659
507.62003,1270.2682,501.41025,1301.4816,661518234236138,661518269163430
518.1757,1282.3662,501.41025,1300.5582,661518269272440,661518298970877
511.08957,1256.5554,507.62003,1282.3662,661518299137127,661518331847127
483.7357,1484.6047,501.41025,1300.5582,661518332057284,661518367725513
619.07056,1120.5322,507.62003,1282.3662,661518367892075,661518403491398
652.68585,840.9601,507.62003,1282.3662,661518403730409,661518433109315
572.2448,759.3555,572.2448,1120.5322,661518433299627,661518468767700
357.91522,814.7682,507.62003,840.9601,661518468964732,661518511708742
353.41483,1504.9604,507.62003,1120.5322,661518511806294,661518549781190
287.71677,2090.797,357.91522,1120.5322,661518550054367,661518585304002
275.48523,2037.002,353.41483,1504.9604,661518585540929,661518617856346
262.99966,1949.5594,287.71677,1949.5594,661518618032179,661518650163117
307.21286,1851.3965,307.21286,1851.3965,661518651842700,661518681962492
246.74467,1792.5801,287.71677,1851.3965,661518684507544,661518714820929
221.25175,1813.0223,287.71677,1851.3965,661518717870461,661518746782752
240.65016,1777.4447,246.74467,1813.0223,661518750568846,661518780877648
262.7137,1792.9747,262.7137,1813.0223,661518784908429,661518816103950
235.98914,1601.4572,246.74467,1792.9747,661518819058065,661518850494523
232.29462,1493.186,246.74467,1792.9747,661518852603065,661518883969992
226.02182,1476.2395,235.98914,1601.4572,661518888560773,661518922783638
224.26544,1477.0032,232.29462,1493.186,661518922878429,661518953091658
178.39868,1523.7996,226.02182,1523.7996,661518954864575,661518989759419
168.46465,1517.2054,224.26544,1517.2054,661518989851606,661519027183065
172.27002,1475.7142,178.39868,1517.2054,661519027349888,661519059184002
190.54593,1499.4492,190.54593,1517.2054,661519059288065,661519092171346
185.7242,1513.2865,185.7242,1513.2865,661519092286971,661519127171763
174.01675,1489.4274,185.7242,1513.2865,661519127275304,661519162325200
143.12183,1543.1215,185.7242,1513.2865,661519162487440,661519196162283
114.38289,1643.2764,174.01675,1513.2865,661519196335460,661519231503012
107.57574,1704.4052,143.12183,1543.1215,661519231687960,661519267080512
122.41934,1667.8909,122.41934,1643.2764,661519267403585,661519301096242
151.74736,1664.2211,143.12183,1664.2211,661519301716294,661519334189210
103.19107,1662.7169,122.41934,1662.7169,661519336435565,661519370551189
114.76513,1631.5995,122.41934,1662.7169,661519370736919,661519408936867
133.0689,1645.8549,122.41934,1662.7169,661519409136085,661519442531710
137.83789,1635.0907,122.41934,1645.8549,661519442656762,661519476240460
100.960526,1668.2844,122.41934,1662.7169,661519476347283,661519508665825
82.96459,1671.584,122.41934,1662.7169,661519508787023,661519538807648
83.58362,1661.7335,100.960526,1662.7169,661519538921814,661519571941398
101.27699,1660.1157,101.27699,1662.7169,661519572094627,661519608221710
40.780247,1719.7777,100.960526,1662.7169,661519608347804,661519643392648
41.229954,1754.0339,100.960526,1662.7169,661519643495825,661519676137335
71.05521,1683.6914,71.05521,1683.6914,661519676258898,661519711237127
36.531387,1760.6943,71.05521,1683.6914,661519711387283,661519745968273
56.236095,1740.0972,71.05521,1683.6914,661519746138273,661519782357335
150.98624,1650.002,71.05521,1683.6914,661519782466137,661519817118012
732.30334,1391.8497,71.05521,1683.6914,661519817300825,661519861870148
691.73267,1412.6464,150.98624,1650.002,661519862057075,661519892065252
695.3047,1423.399,691.73267,1423.399,661519892152960,661519924992543
673.2714,1398.8096,673.2714,1423.399,661519925842179,661519962125773
649.60474,1392.3684,673.2714,1423.399,661519962309627,661519995169627
639.57306,1317.328,673.2714,1398.8096,661519995270616,661520028531293
635.2528,1313.2903,649.60474,1392.3684,661520028657231,661520063672023
641.24585,1288.1957,641.24585,1317.328,661520063824523,661520099060095
602.0664,1239.2699,641.24585,1313.2903,661520099239054,661520133075095
609.7296,1189.0314,641.24585,1288.1957,661520133169054,661520165746606
660.77515,1223.7136,641.24585,1239.2699,661520166291554,661520199681137
710.36035,1241.1909,641.24585,1241.1909,661520199847543,661520233825616
752.42883,1249.886,660.77515,1241.1909,661520234015408,661520268222856
753.6216,1260.9717,710.36035,1241.1909,661520268379002,661520317947700
640.9905,938.24164,660.77515,1241.1909,661520318040825,661520352386241
340.2678,388.86563,660.77515,1241.1909,661520352584106,661520386654262
346.6635,307.08655,640.9905,938.24164,661520386788741,661520421395929
344.5521,266.07062,346.6635,388.86563,661520421592543,661520455030252
344.28445,284.86438,346.6635,307.08655,661520455135877,661520493538377
348.81906,316.68903,346.6635,316.68903,661520494484991,661520530086658
341.16354,279.01538,346.6635,307.08655,661520532646033,661520566044314
381.5503,297.2503,346.6635,307.08655,661520566932543,661520596388116
366.13403,289.6898,346.6635,297.2503,661520596527752,661520630382699
366.26965,267.3855,366.13403,297.2503,661520630481085,661520664925460
397.85367,277.80313,366.13403,289.6898,661520665118637,661520698271397
381.17844,253.28957,366.26965,277.80313,661520698424991,661520739787439
387.26468,240.1348,381.17844,277.80313,661520739979887,661520774045251
380.14807,257.35907,380.14807,257.35907,661520774148741,661520811718637
377.07394,231.76273,380.14807,257.35907,661520811913168,661520845540147
390.05045,241.68007,380.14807,257.35907,661520845740929,661520879593220
366.9747,239.09657,380.14807,241.68007,661520879780720,661520913170981
277.28128,255.61664,380.14807,255.61664,661520913341501,661520947456293
276.10977,242.4147,366.9747,242.4147,661520947643845,661520980269939
276.24417,250.00685,277.28128,250.00685,661520980410303,661521012822751
266.46515,252.2608,276.24417,250.00685,661521013007126,661521045267595
268.00653,252.4245,276.24417,250.00685,661521045434210,661521080095772
279.6071,267.54938,276.24417,252.2608,661521080250043,661521113715720
280.40128,244.58385,276.24417,250.00685,661521113908793,661521147461918
288.64853,248.05096,279.6071,250.00685,661521147647126,661521182200824
290.41324,258.72607,280.40128,250.00685,661521182369522,661521214434835
293.04105,257.31122,288.64853,250.00685,661521214587908,661521249458116
314.75046,245.59161,290.41324,250.00685,661521249631866,661521286496762
326.45114,239.2831,293.04105,250.00685,661521286691918,661521325852803
393.98022,234.85973,314.75046,245.59161,661521326002960,661521362089105
398.19797,235.91107,326.45114,239.2831,661521362257491,661521394811657
418.84695,232.02585,393.98022,235.91107,661521395529835,661521430348428
407.4646,218.45267,398.19797,235.91107,661521430539730,661521463740772
396.72302,242.1969,396.72302,235.91107,661521463927074,661521533418637
664.5155,248.6718,398.19797,235.91107,661521533552751,661521569515147
732.4007,259.18787,398.19797,242.1969,661521569644262,661521603171553
753.8944,262.43222,664.5155,248.6718,661521603289366,661521635762699
761.7729,269.4111,732.4007,259.18787,661521635872439,661521669660459
764.452,275.0867,753.8944,262.43222,661521670438220,661521704107387
769.1991,284.16058,761.7729,269.4111,661521704226032,661521739944470
747.79456,274.5675,753.8944,274.5675,661521740099522,661521777815251
702.24713,277.65335,753.8944,274.5675,661521777961293,661521814036136
523.1445,221.9043,747.79456,274.5675,661521814226918,661521847900564
558.12726,168.42148,702.24713,274.5675,661521848111605,661521880260876
647.0427,501.2395,647.0427,274.5675,661521880401397,661521919445668
738.60284,811.83295,702.24713,274.5675,661521919751709,661521949783272
712.5899,783.88116,702.24713,501.2395,661521949959209,661521981442178
729.52026,754.7414,712.5899,754.7414,661521981627334,661522013487491
662.78094,764.02356,702.24713,754.7414,661522013677855,661522046167543
515.3061,643.5429,702.24713,754.7414,661522046301241,661522084199834
340.68164,716.0239,662.78094,754.7414,661522084322334,661522118526866
376.34534,583.2296,515.3061,716.0239,661522118738845,661522156535303
348.5394,451.69928,376.34534,716.0239,661522156716761,661522188315095
361.15338,377.34982,376.34534,583.2296,661522189226032,661522225504938
335.36227,309.94745,361.15338,451.69928,661522225684418,661522259895772
369.72604,260.40036,369.72604,377.34982,661522260185928,661522291002074
355.66217,274.43765,361.15338,309.94745,661522291210876,661522323208063
357.23898,322.886,361.15338,322.886,661522324430928,661522356687386
358.83063,318.19073,358.83063,318.19073,661522359703480,661522392895147
439.17606,261.61078,361.15338,318.19073,661522393415615,661522427329782
474.39664,241.43602,361.15338,318.19073,661522431498115,661522465342855
451.8113,253.03972,439.17606,261.61078,661522465500824,661522499739626
467.53973,275.80994,451.8113,275.80994,661522499920772,661522535801084
455.74356,263.36172,451.8113,263.36172,661522535905042,661522569343167
486.2123,240.64896,455.74356,263.36172,661522569512647,661522611837595
478.78827,235.77303,455.74356,263.36172,661522611955928,661522642227334
474.01215,234.7912,474.01215,240.64896,661522642364157,661522675746605
477.2822,246.88976,474.01215,246.88976,661522675961917,661522708524157
483.48444,262.6956,474.01215,246.88976,661522708721865,661522744976553
485.21115,247.55345,477.2822,246.88976,661522745831397,661522777762803
382.6746,553.1594,474.01215,247.55345,661522777955147,661522808542803
205.30219,1449.5558,474.01215,247.55345,661522808742334,661522842025147
188.28665,1714.5435,382.6746,553.1594,661522842216344,661522873462438
185.3241,1666.9528,205.30219,1449.5558,661522873642282,661522906157594
175.32669,1670.8083,188.28665,1666.9528,661522906356344,661522944431032
213.09666,1561.1024,205.30219,1561.1024,661522944564157,661522976615876
191.6283,1595.8131,191.6283,1595.8131,661522976824105,661523008413688
214.01288,1526.9684,205.30219,1561.1024,661523008562542,661523040235980
225.16112,1510.1953,205.30219,1561.1024,661523040427230,661523074508792
237.21313,1607.1044,214.01288,1561.1024,661523074695719,661523105594626
264.8828,1567.5808,225.16112,1561.1024,661523105775719,661523137739573
272.87534,1513.5677,237.21313,1561.1024,661523137917542,661523169376917
287.0458,1433.7256,264.8828,1561.1024,661523169495615,661523203698844
316.9381,1424.159,272.87534,1513.5677,661523203851813,661523235474209
455.0679,1556.8214,287.0458,1556.8214,661523235567855,661523270608167
740.5087,1489.5524,316.9381,1513.5677,661523270799053,661523304269053
754.63824,1527.3215,455.0679,1527.3215,661523304401605,661523337419834
778.1168,1543.2052,740.5087,1527.3215,661523337574573,661523380532230
772.0731,1504.3215,754.63824,1527.3215,661523380643792,661523412403896
779.1398,1428.5714,772.0731,1527.3215,661523412522282,661523442948844
813.03674,1366.681,772.0731,1504.3215,661523443121917,661523473051084
791.9286,1334.874,779.1398,1428.5714,661523473211500,661523506895980
818.93665,1481.8564,791.9286,1481.8564,661523507084053,661523538215823
545.3796,1536.3077,779.1398,1481.8564,661523538402177,661523570403688
311.7802,1905.4601,779.1398,1481.8564,661523570519313,661523608180146
285.84988,1576.4995,545.3796,1536.3077,661523608334469,661523639287282
322.86057,1423.4253,322.86057,1481.8564,661523639448688,661523674230094
317.36285,1308.1296,322.86057,1481.8564,661523674347125,661523706409573
346.7184,689.5637,322.86057,1423.4253,661523706591709,661523738412802
373.01355,443.2002,322.86057,1308.1296,661523738602334,661523771921813
378.36176,462.16623,346.7184,689.5637,661523772156969,661523807488063
398.34885,426.8742,373.01355,462.16623,661523807686032,661523839046188
407.22104,386.93408,378.36176,462.16623,661523839223584,661523874574938
418.20078,408.25317,398.34885,426.8742,661523874760459,661523907211292
414.21225,404.13226,407.22104,408.25317,661523908385042,661523940430407
390.68198,436.0542,398.34885,426.8742,661523940551709,661523974144261
385.6133,457.46582,398.34885,426.8742,661523974289781,661524008785250
400.93427,473.31342,398.34885,436.0542,661524008986709,661524040393531
403.4163,498.2905,398.34885,457.46582,661524040599677,661524073525042
383.55585,504.07904,398.34885,473.31342,661524073712594,661524115718167
361.59384,532.3572,398.34885,498.2905,661524115825823,661524145750875
365.81912,490.22046,383.55585,490.22046,661524145860823,661524178135406
399.265,439.78732,398.34885,490.22046,661524178314833,661524214436083
411.92737,405.2919,398.34885,490.22046,661524214630875,661524246115823
407.70505,374.00436,399.265,439.78732,661524246296083,661524279800042
421.5025,336.824,407.70505,405.2919,661524279991083,661524312613844
444.4783,349.14755,407.70505,374.00436,661524312799261,661524346293323
375.90402,343.62048,407.70505,349.14755,661524346515354,661524379054417
445.11636,398.62738,407.70505,374.00436,661524379236136,661524412086760
505.72925,273.04904,407.70505,349.14755,661524412256969,661524447301292
782.44946,759.0212,445.11636,374.00436,661524447472125,661524481813583
765.24,1070.1329,505.72925,374.00436,661524482003271,661524513670823
768.97845,945.6444,765.24,759.0212,661524513840719,661524548193948
559.1706,680.4728,559.1706,680.4728,661524548288896,661524582123479
342.94632,752.3592,559.1706,752.3592,661524582604625,661524617460927
402.77097,777.5733,559.1706,752.3592,661524617554573,661524650906865
368.99918,661.7824,402.77097,752.3592,661524651042385,661524692424260
414.5528,601.01843,414.5528,752.3592,661524692599885,661524726773531
419.96484,391.9835,414.5528,661.7824,661524726877854,661524762559885
419.10385,459.08856,414.5528,601.01843,661524762715146,661524809203792
417.4139,479.95563,417.4139,479.95563,661524809346500,661524842656031
417.92148,446.56924,417.4139,479.95563,661524842836969,661524873205302
426.81424,473.30707,417.4139,479.95563,661524873377594,661524905132802
426.8932,484.58905,417.92148,479.95563,661524905344677,661524936067906
440.02475,452.79483,426.81424,479.95563,661524936220927,661524971074000
424.28497,483.11133,424.28497,479.95563,661524971253844,661525003797646
424.80618,490.55896,424.80618,479.95563,661525003984573,661525035224885
470.05246,452.3383,424.80618,479.95563,661525035380510,661525074958687
649.1731,249.07515,424.80618,479.95563,661525075071656,661525105115510
660.87335,257.03195,470.05246,452.3383,661525105229833,661525140591812
656.24634,261.0862,649.1731,261.0862,661525140792854,661525171357073
631.13715,282.47586,631.13715,282.47586,661525171464781,661525206126448
648.7186,291.57092,648.7186,282.47586,661525206245458,661525238698010
644.1688,278.86734,644.1688,282.47586,661525238889677,661525268722750
709.0162,175.66077,648.7186,282.47586,661525268916500,661525299875093
813.0943,120.910355,648.7186,278.86734,661525299981760,661525332805041
810.8159,131.56436,709.0162,175.66077,661525332950979,661525363754521
806.417,130.70012,806.417,131.56436,661525363862333,661525395881604
817.5097,131.96098,806.417,131.96098,661525395979885,661525428477125
531.9213,167.55432,806.417,131.96098,661525428573218,661525465987698
483.32425,200.6594,806.417,131.96098,661525466141708,661525502606916
482.93332,202.87228,531.9213,167.55432,661525502798635,661525546261187
484.7209,199.02194,484.7209,199.02194,661525547197645,661525599040562
513.5902,190.77325,513.5902,190.77325,661525599188843,661525633746187
520.69556,207.33054,513.5902,199.02194,661525633844937,661525667660979
514.0415,194.84389,513.5902,194.84389,661525667777333,661525701409573
501.6634,176.73471,513.5902,194.84389,661525701594104,661525733025250
522.6252,185.68631,513.5902,194.84389,661525733192072,661525767648583
485.659,168.60617,513.5902,185.68631,661525767809833,661525805055562
477.23758,194.89442,513.5902,194.84389,661525805268166,661525836811083
445.14215,209.94008,485.659,194.84389,661525837059364,661525869537697
420.1472,232.92366,477.23758,194.89442,661525869732125,661525903999208
411.45404,223.253,445.14215,209.94008,661525904224781,661525938315197
405.45074,226.77786,420.1472,223.253,661525938520093,661525971671343
392.30383,294.11725,411.45404,223.253,661525971770614,661526003659677
421.09958,240.71303,420.1472,226.77786,661526003982489,661526035660614
401.15704,239.25171,411.45404,239.25171,661526037140822,661526070440979
399.27344,218.75964,411.45404,226.77786,661526070619677,661526103522749
394.49683,258.86374,401.15704,239.25171,661526103702645,661526138443322
324.84143,1019.2531,399.27344,239.25171,661526138629781,661526175612437
277.61142,1379.1427,394.49683,258.86374,661526175796916,661526207879781
290.19418,1332.2299,324.84143,1019.2531,661526208118114,661526245788999
299.06085,1318.3502,299.06085,1318.3502,661526245885406,661526281055354
292.7912,1321.5287,299.06085,1318.3502,661526281213479,661526314727906
296.1345,1248.126,299.06085,1318.3502,661526314844572,661526347011968
269.79132,1239.887,296.1345,1318.3502,661526347100041,661526380443478
278.25226,1263.7747,296.1345,1263.7747,661526381262697,661526413952124
300.72888,1255.8552,296.1345,1263.7747,661526414077749,661526448415562
357.89087,1361.072,296.1345,1263.7747,661526448523687,661526494806760
301.04242,1421.8143,300.72888,1263.7747,661526494920093,661526532675978
341.7008,1383.9686,301.04242,1361.072,661526532838687,661526568415926
402.27206,1370.6399,301.04242,1370.6399,661526568565406,661526605207020
375.39224,1297.4128,341.7008,1361.072,661526605312228,661526635187593
408.92648,745.61035,375.39224,1361.072,661526635376187,661526666971760
424.64655,694.99695,375.39224,1297.4128,661526667149155,661526725487124
420.6639,634.22217,408.92648,745.61035,661526725665874,661526763983895
442.20706,602.8903,420.6639,694.99695,661526764266916,661526798293478
436.3648,554.27124,420.6639,634.22217,661526798463270,661526833411291
435.5552,581.9322,435.5552,602.8903,661526833526603,661526864452645
466.5249,580.50244,435.5552,581.9322,661526864633791,661526898398062
533.8883,530.0676,435.5552,581.9322,661526898551082,661526931545874
509.95187,495.5782,466.5249,580.50244,661526931720093,661526964131030
548.866,428.67892,509.95187,530.0676,661526964311291,661527000723739
553.4342,450.6896,509.95187,495.5782,661527000861760,661527032918895
501.81314,438.56424,509.95187,450.6896,661527033245457,661527067333634
512.1311,449.46796,509.95187,450.6896,661527067520249,661527100251968
507.73087,484.57922,509.95187,450.6896,661527100438530,661527133919728
506.55777,503.4686,509.95187,450.6896,661527134104364,661527172877332
545.94995,471.87524,509.95187,471.87524,661527173083739,661527208195041
554.04205,447.96576,509.95187,450.6896,661527208334884,661527240152645
526.43445,450.95523,526.43445,450.95523,661527240346499,661527273313686
516.28546,432.34586,516.28546,450.6896,661527273505822,661527307661759
656.0467,403.73892,526.43445,450.6896,661527307857072,661527347290614
751.7381,829.2121,526.43445,450.6896,661527347437541,661527380368686
805.8106,867.3584,656.0467,450.6896,661527380580561,661527411624520
797.8217,867.1547,751.7381,829.2121,661527412089259,661527444506759
799.33203,850.1406,797.8217,850.1406,661527444610926,661527480504728
801.40137,846.1206,797.8217,846.1206,661527480647020,661527517162020
721.2972,807.2155,797.8217,846.1206,661527517329884,661527549013374
455.19986,616.5002,797.8217,846.1206,661527549206811,661527582994572
346.34525,559.11224,721.2972,807.2155,661527583177541,661527619160926
364.50458,452.95963,455.19986,616.5002,661527619249363,661527655488270
391.3108,300.0957,391.3108,559.11224,661527656204103,661527687853478
357.65863,335.00015,391.3108,452.95963,661527689495874,661527723819259
358.5314,307.7669,391.3108,335.00015,661527723999572,661527763047020
367.4619,320.0299,367.4619,335.00015,661527763175093,661527796925040
397.83948,358.5549,391.3108,335.00015,661527797112384,661527832234624
348.28308,399.67514,367.4619,335.00015,661527832644259,661527870120197
346.01498,387.561,367.4619,358.5549,661527870310301,661527906335249
388.20184,362.15182,367.4619,362.15182,661527906483634,661527939559103
388.28137,357.8282,367.4619,358.5549,661527939752332,661527971463842
348.33383,366.48923,367.4619,362.15182,661527971574103,661528001908686
363.48026,378.4341,367.4619,362.15182,661528002069936,661528033752488
259.34604,1268.7361,363.48026,366.48923,661528033918217,661528066682436
249.27797,1468.1185,363.48026,378.4341,661528066869051,661528098890301
247.97237,1444.2954,259.34604,1268.7361,661528099085197,661528132327384
241.94922,1459.735,249.27797,1444.2954,661528132469624,661528164187697
272.3191,1417.9954,259.34604,1417.9954,661528164374415,661528197533426
263.8781,1400.7894,259.34604,1417.9954,661528197711863,661528231457488
280.5561,1402.0244,263.8781,1417.9954,661528231610092,661528273027436
237.91124,1388.2935,259.34604,1402.0244,661528273140717,661528305651603
265.3279,1400.0098,263.8781,1402.0244,661528305824884,661528338666499
252.6227,1385.4668,259.34604,1400.0098,661528338786186,661528369816915
262.62735,1393.0084,262.62735,1400.0098,661528369915717,661528402363686
303.2897,1413.3673,262.62735,1400.0098,661528402475144,661528432300561
638.4588,1389.2512,262.62735,1400.0098,661528432479676,661528465300353
756.8261,1249.8832,303.2897,1400.0098,661528465408478,661528498898738
772.866,1173.8185,638.4588,1389.2512,661528499067957,661528533593165
691.6393,911.4605,691.6393,1249.8832,661528533706811,661528567349103
463.33658,643.35645,638.4588,1173.8185,661528567543426,661528599620978
322.14127,749.8976,638.4588,911.4605,661528599812696,661528630683582
351.29648,755.0837,463.33658,755.0837,661528630835873,661528672970926
359.02673,655.7843,359.02673,755.0837,661528673068530,661528703674571
349.92593,505.96695,359.02673,755.0837,661528703904884,661528734099988
348.69043,484.7936,359.02673,655.7843,661528734286811,661528771904415
357.8089,419.6356,357.8089,505.96695,661528772033946,661528801970613
349.92908,348.17612,357.8089,484.7936,661528802122436,661528834661603
352.51297,426.3314,357.8089,426.3314,661528834790300,661528865355717
369.3785,446.21625,357.8089,446.21625,661528865523425,661528898859675
380.00232,451.9184,357.8089,446.21625,661528898964207,661528930978634
354.40463,469.6265,357.8089,446.21625,661528931091290,661528964649728
354.90054,500.14807,357.8089,451.9184,661528964836498,661529001569467
350.08282,489.78992,354.90054,469.6265,661529001661498,661529035050144
330.54233,522.3563,354.90054,489.78992,661529035253686,661529085656446
363.55588,459.61255,354.90054,469.6265,661529085754311,661529122214050
387.03662,489.21475,354.90054,489.21475,661529122411342,661529160474988
368.76212,562.76215,363.55588,489.21475,661529160638686,661529195898425
359.3059,502.6844,359.3059,489.21475,661529196116186,661529229899363
354.8368,471.42932,359.3059,489.21475,661529230082436,661529266907071
355.8729,474.28564,359.3059,489.21475,661529267116811,661529301654779
375.65985,225.82979,359.3059,474.28564,661529301975665,661529338795561
394.3414,216.06381,359.3059,474.28564,661529338929519,661529374286811
389.24918,235.58403,375.65985,235.58403,661529374656915,661529407371915
374.4075,287.10052,374.4075,287.10052,661529407456759,661529471727123
356.04813,312.4092,374.4075,287.10052,661529471842331,661529514936967
388.3842,273.3891,374.4075,287.10052,661529515041706,661529555468686
349.33838,277.6343,374.4075,287.10052,661529555570509,661529587098217
376.09763,222.65341,374.4075,277.6343,661529587231186,661529621000717
332.51047,425.29565,374.4075,287.10052,661529621100613,661529653163581
142.92697,1415.7937,374.4075,287.10052,661529656857956,661529691505977
182.6009,1516.7125,332.51047,425.29565,661529691675873,661529725638633
196.62393,1457.5232,196.62393,1415.7937,661529725719571,661529758704831
164.05322,1479.3822,196.62393,1457.5232,661529758837019,661529795375977
200.48428,1402.7385,196.62393,1415.7937,661529795548686,661529830020196
204.347,1344.0717,196.62393,1415.7937,661529830466550,661529866232279
186.47002,1355.7218,196.62393,1402.7385,661529866427279,661529900671863
177.61636,1419.3379,196.62393,1415.7937,661529900885248,661529933836029
199.24164,1359.4508,196.62393,1402.7385,661529934033113,661529992342644
203.62837,1332.0417,196.62393,1402.7385,661529992531863,661530025692123
178.07121,1439.4731,196.62393,1402.7385,661530025889415,661530059972904
212.58557,1485.8683,196.62393,1402.7385,661530060131446,661530102366446
216.06122,1509.5433,196.62393,1439.4731,661530103400300,661530137148998
223.03662,1532.6957,212.58557,1485.8683,661530137346133,661530172824727
231.73482,1494.1525,216.06122,1494.1525,661530172938633,661530205763894
240.73285,1506.669,223.03662,1494.1525,661530205864883,661530239457904
234.13995,1497.5579,231.73482,1494.1525,661530239564154,661530298605352
242.49013,1464.8508,234.13995,1494.1525,661530298723581,661530334548477
243.57484,1449.358,234.13995,1494.1525,661530334666342,661530366072227
432.6791,799.999,242.49013,1464.8508,661530366269675,661530400758946
405.0134,696.2526,243.57484,1449.358,661530400962904,661530436670873
446.7823,630.8597,405.0134,799.999,661530436806029,661530468661550
425.97018,588.2853,405.0134,696.2526,661530468777748,661530501315664
455.33035,565.08984,425.97018,630.8597,661530501515196,661530538531706
461.61066,574.09186,425.97018,588.2853,661530538981966,661530570129883
467.54498,574.95245,455.33035,574.95245,661530570322383,661530601458841
456.2596,578.04285,456.2596,578.04285,661530601670977,661530638843581
445.84976,580.3614,455.33035,578.04285,661530639686862,661530671671394
437.73477,560.21655,455.33035,578.04285,661530672204362,661530732318425
436.92737,588.16473,445.84976,578.04285,661530732437018,661530768311914
416.8904,334.52176,437.73477,578.04285,661530768425664,661530799605404
384.01593,211.70474,436.92737,578.04285,661530799814258,661530836130560
370.3742,245.68434,416.8904,334.52176,661530836252696,661530871404050
373.0424,213.45724,384.01593,245.68434,661530872363581,661530908373685
378.0075,249.08626,378.0075,249.08626,661530908470091,661530945306758
370.0941,240.40192,378.0075,245.68434,661530945476758,661530975993998
357.62433,201.92723,378.0075,245.68434,661530976236341,661531008490143
359.94836,245.03513,370.0941,245.03513,661531008684518,661531044844362
377.13632,250.23021,377.13632,245.68434,661531045029675,661531077029466
362.87967,245.8308,370.0941,245.68434,661531077179935,661531109608112
366.94107,256.85196,370.0941,245.8308,661531110039779,661531143799154
367.70306,257.90646,367.70306,245.8308,661531144104779,661531177288112
404.25647,227.22026,370.0941,245.8308,661531177459622,661531211832331
534.6559,216.1685,370.0941,245.8308,661531212122227,661531244321341
459.0792,156.2097,404.25647,227.22026,661531244541654,661531275949570
590.6932,184.70654,459.0792,216.1685,661531276135352,661531308628268
705.2168,566.98395,459.0792,227.22026,661531308851185,661531342912852
788.14435,744.23724,590.6932,227.22026,661531343129987,661531375242435
769.86774,730.2614,705.2168,566.98395,661531375461445,661531406159831
611.063,837.8067,611.063,730.2614,661531406273477,661531440066549
407.32907,1060.1678,611.063,730.2614,661531440243008,661531473300664
310.65088,1644.3127,611.063,837.8067,661531473463529,661531504670091
315.3637,1471.1635,407.32907,1060.1678,661531504822279,661531536669883
321.1073,1413.1488,321.1073,1413.1488,661531536769206,661531595831810
389.60587,1102.5488,389.60587,1102.5488,661531595933424,661531629092435
397.28445,1061.2478,389.60587,1102.5488,661531629195508,661531662480560
383.77463,1032.8241,389.60587,1102.5488,661531662645612,661531696612904
382.39374,1053.7443,389.60587,1061.2478,661531696826862,661531731133216
365.1792,970.9315,383.77463,1053.7443,661531731321445,661531763926654
353.6186,1045.8528,382.39374,1053.7443,661531764120872,661531795467695
348.04788,992.8871,365.1792,1045.8528,661531795564987,661531827815612
357.1186,1006.8262,357.1186,1045.8528,661531827901966,661531858631341
356.28778,1030.3289,357.1186,1030.3289,661531859518633,661531892242070
364.4601,1073.4178,357.1186,1045.8528,661531892387487,661531924092747
344.6448,1000.46857,357.1186,1030.3289,661531925062122,661531957267903
316.0847,1081.6671,357.1186,1045.8528,661531957741601,661531991954466
252.58905,1346.6741,344.6448,1045.8528,661531992082747,661532024284206
239.81485,1404.7244,316.0847,1081.6671,661532024447643,661532057042070
242.92982,1371.0334,252.58905,1346.6741,661532057206393,661532089522226
204.10228,1444.9897,242.92982,1371.0334,661532089667435,661532122748164
201.51099,1428.0541,242.92982,1371.0334,661532122909205,661532156597799
190.88443,1368.8961,204.10228,1371.0334,661532156773216,661532189208112
218.76604,1377.4829,218.76604,1371.0334,661532189356080,661532222784674
219.97656,1370.5536,218.76604,1371.0334,661532222942330,661532258984987
345.3817,842.8204,218.76604,1371.0334,661532259115976,661532290788632
353.24716,702.05536,219.97656,1370.5536,661532290935091,661532331463841
353.6377,716.4031,345.3817,842.8204,661532331597695,661532368137643
342.1124,734.2909,342.1124,734.2909,661532368257747,661532400568997
394.04504,754.1729,345.3817,754.1729,661532400691549,661532432491497
381.2587,769.53076,345.3817,754.1729,661532432720976,661532464432226
376.09882,795.25507,376.09882,754.1729,661532464636341,661532499019674
388.95325,761.28827,376.09882,761.28827,661532499224101,661532532811445
373.5123,819.6718,376.09882,761.28827,661532532999414,661532566128268
395.41104,800.86426,376.09882,761.28827,661532566235664,661532599911184
382.32477,755.33777,376.09882,761.28827,661532600138737,661532637626966
357.86978,718.5498,376.09882,761.28827,661532637786289,661532678701757
380.29956,701.95044,376.09882,755.33777,661532678909882,661532711808632
395.94873,751.9217,376.09882,751.9217,661532711955872,661532746767903
376.26932,757.7391,376.26932,755.33777,661532746860195,661532778770039
373.62585,797.3578,376.09882,755.33777,661532780174309,661532818709570
389.94083,730.06226,376.26932,755.33777,661532818803268,661532855814830
385.84952,356.37073,376.26932,755.33777,661532856223007,661532888499257
341.77765,386.07034,376.26932,730.06226,661532888662278,661532924395663
352.8675,385.15714,376.26932,386.07034,661532924565768,661532961533841
340.75497,411.10034,352.8675,411.10034,661532961739830,661532999962278
366.81497,379.23483,366.81497,386.07034,661533000130820,661533034053841
368.8937,386.69888,366.81497,386.69888,661533034160872,661533071972747
364.2014,362.2998,366.81497,386.07034,661533072254413,661533105287226
355.54672,312.02234,366.81497,386.07034,661533105487799,661533140418736
337.53616,273.85397,364.2014,362.2998,661533140590976,661533172221288
320.2608,348.25586,355.54672,348.25586,661533172411913,661533206402018
353.5202,249.26552,353.5202,348.25586,661533206511601,661533240246132
317.7133,292.86453,353.5202,348.25586,661533240385872,661533274608840
323.16074,292.61957,353.5202,292.86453,661533274802330,661533306957174
346.70667,264.0983,346.70667,292.86453,661533307166965,661533338283840
367.40018,344.3239,353.5202,292.86453,661533338495247,661533371317278
307.7271,1173.9628,346.70667,292.86453,661533371517278,661533409524257
328.39502,1347.9623,346.70667,344.3239,661533409688788,661533443125299
332.6873,1330.6337,332.6873,1173.9628,661533445119570,661533476627486
321.41318,1254.0536,332.6873,1254.0536,661533479733684,661533514055038
337.9738,1323.6454,332.6873,1254.0536,661533515861757,661533546703892
349.45972,1260.5874,332.6873,1254.0536,661533548433267,661533595738111
351.90845,1258.703,337.9738,1258.703,661533595851705,661533634176601
351.61264,1323.4956,349.45972,1258.703,661533634313476,661533666778111
327.27792,1323.752,337.9738,1258.703,661533666916601,661533697639101
342.128,1249.396,342.128,1258.703,661533697754257,661533731755403
357.78455,1287.5269,342.128,1258.703,661533731877694,661533768063892
344.2716,1231.4858,342.128,1258.703,661533768198736,661533799455715
355.55234,1263.7548,344.2716,1258.703,661533800478215,661533832913059
352.93756,1292.2747,344.2716,1258.703,661533833852382,661533873559361
363.08478,1290.2155,352.93756,1263.7548,661533873733736,661533905978684
354.55774,1250.2036,352.93756,1258.703,661533906163424,661533938083215
364.18918,1298.004,354.55774,1263.7548,661533938253892,661533971351549
387.93942,1250.6989,354.55774,1258.703,661533971777955,661534002425819
383.97635,1247.2445,364.18918,1258.703,661534002580767,661534034115923
366.64404,1240.4818,366.64404,1250.6989,661534034240038,661534067429309
369.14328,1232.9645,366.64404,1247.2445,661534068640142,661534100800142
382.7399,1260.944,366.64404,1250.6989,661534100961184,661534131871861
392.54782,1264.6003,369.14328,1250.6989,661534133098007,661534164699726
380.17328,1239.4713,380.17328,1250.6989,661534164808840,661534196294569
374.54602,1229.1089,374.54602,1250.6989,661534196403319,661534231188892
422.68716,1262.1161,380.17328,1250.6989,661534231320194,661534262284361
420.9859,1217.8922,380.17328,1250.6989,661534262463944,661534303478736
414.00446,1209.1678,414.00446,1250.6989,661534303685246,661534337622590
426.51575,1260.2068,414.00446,1250.6989,661534337786444,661534372553215
453.734,1321.4257,414.00446,1250.6989,661534372749257,661534403776600
432.21173,1249.5217,426.51575,1250.6989,661534403958007,661534436404465
434.28864,1245.8348,432.21173,1250.6989,661534436579882,661534468531288
392.68262,1293.6075,426.51575,1250.6989,661534468689517,661534499155298
361.86105,1260.2966,426.51575,1250.6989,661534499292798,661534530817017
334.97537,1242.399,392.68262,1250.6989,661534530947069,661534562166080
327.10602,1242.6956,361.86105,1250.6989,661534562316965,661534593200350
317.32767,1250.9025,334.97537,1250.6989,661534593365767,661534627887017
321.99002,1309.057,327.10602,1250.6989,661534628071444,661534660158423
319.9915,1209.1151,321.99002,1250.6989,661534660264517,661534693576079
312.18884,1223.6567,321.99002,1250.6989,661534693691184,661534725280298
316.30518,1199.1777,319.9915,1223.6567,661534725389309,661534762005246
295.98837,953.00446,316.30518,1223.6567,661534762122017,661534800101392
285.6254,866.3529,316.30518,1199.1777,661534800297798,661534830449725
278.99606,782.51764,295.98837,953.00446,661534830560298,661534867465611
273.6729,865.6686,285.6254,866.3529,661534867621444,661534899923579
271.99445,843.47504,278.99606,865.6686,661534900210194,661534931520090
280.54004,831.8289,280.54004,865.6686,661534931861600,661534964562017
287.58862,810.472,280.54004,843.47504,661534964762538,661534998054777
288.42303,853.22296,280.54004,853.22296,661534998225142,661535031330350
274.94223,848.7268,280.54004,848.7268,661535031442173,661535070223475
287.35944,760.6255,280.54004,848.7268,661535070399465,661535101339465
331.42462,728.65326,280.54004,848.7268,661535101510402,661535143527433
358.71713,719.80884,287.35944,760.6255,661535143619621,661535176197381
363.67896,723.4919,331.42462,728.65326,661535176406600,661535215095663
403.81085,730.4547,358.71713,730.4547,661535215217538,661535251117381
389.1338,643.6564,363.67896,728.65326,661535251243163,661535286831236
342.35803,798.0178,358.71713,730.4547,661535286934986,661535321273475
352.8407,883.8973,358.71713,730.4547,661535321453892,661535355104256
388.74475,863.7085,358.71713,798.0178,661535355298840,661535387260090
422.7135,846.79755,358.71713,846.79755,661535387422329,661535420109985
443.87308,661.8154,388.74475,798.0178,661535420292694,661535452981548
411.99875,647.8479,411.99875,798.0178,661535453169048,661535491989673
396.25974,637.0724,396.25974,661.8154,661535492150246,661535524987277
388.2271,691.08795,396.25974,691.08795,661535525101913,661535558058423
431.10925,736.69977,396.25974,691.08795,661535558176235,661535591047381
403.66855,659.1669,396.25974,691.08795,661535591232433,661535624487798
450.02884,713.19836,403.66855,691.08795,661535624588892,661535663116131
414.9267,719.35077,403.66855,691.08795,661535663273579,661535707401808
373.69016,737.5673,403.66855,713.19836,661535707505767,661535739597537
424.37216,703.8154,403.66855,703.8154,661535739796652,661535774044985
408.40704,756.3849,403.66855,713.19836,661535774244308,661535806008110
405.14816,812.5227,405.14816,713.19836,661535806202642,661535839859829
384.08856,837.1839,403.66855,756.3849,661535839979152,661535869045975
401.42932,850.1894,403.66855,812.5227,661535869224881,661535902455402
414.37747,878.6738,403.66855,837.1839,661535902615089,661535934993631
429.78455,848.3609,403.66855,848.3609,661535935176131,661535965902017
386.62537,873.2998,403.66855,848.3609,661535966963735,661536000056027
412.89014,836.97156,403.66855,848.3609,661536000197121,661536033378162
434.02255,828.10077,403.66855,848.3609,661536033556756,661536065765454
434.00058,840.0006,412.89014,840.0006,661536065959881,661536099696027
436.65747,846.2135,434.00058,846.2135,661536099876235,661536134275194
432.4997,848.3644,432.4997,846.2135,661536134463006,661536168652850
431.21286,836.86237,432.4997,846.2135,661536168836287,661536201830923
437.72055,838.6454,432.4997,846.2135,661536201973527,661536233961704
408.22604,832.74963,432.4997,838.6454,661536234124881,661536266207485
362.122,456.6059,432.4997,838.6454,661536266394516,661536300147641
320.75647,391.22723,408.22604,832.74963,661536300329464,661536332402225
311.45743,429.26266,362.122,456.6059,661536332590246,661536365600818
314.8456,459.74875,320.75647,459.74875,661536365784516,661536399844412
335.2483,421.4729,335.2483,456.6059,661536400081860,661536431922120
281.15482,192.33316,320.75647,456.6059,661536432181912,661536464985610
292.95007,165.6882,320.75647,421.4729,661536465180558,661536509121183
282.64316,160.8613,292.95007,192.33316,661536509226600,661536541569620
288.08795,167.2408,292.95007,167.2408,661536541758370,661536574350610
290.745,184.93912,290.745,184.93912,661536574547329,661536637595870
279.48685,184.42476,290.745,184.42476,661536637689881,661536672227797
288.01675,174.9877,290.745,184.42476,661536672342537,661536704982068
298.53195,317.71335,290.745,184.42476,661536705168318,661536741292433
342.25674,1135.3473,290.745,184.42476,661536741497589,661536775925193
298.4203,1346.9137,298.4203,317.71335,661536776064881,661536809009464
332.3995,1294.2069,298.4203,1135.3473,661536809915454,661536847165349
345.92792,1230.1442,298.4203,1230.1442,661536847334516,661536877354516
351.45773,1203.0516,332.3995,1203.0516,661536880665141,661536914991391
350.15976,1199.8389,345.92792,1203.0516,661536917021860,661536949360610
317.94962,1211.039,332.3995,1203.0516,661536950546704,661536983314516
298.1878,1286.296,332.3995,1203.0516,661536984870402,661537018724308
284.05588,1337.7086,317.94962,1211.039,661537021074204,661537058671964
273.78503,1337.0958,298.1878,1286.296,661537058834152,661537092665401
273.6393,1379.7354,284.05588,1337.0958,661537093061391,661537127465922
318.80276,1226.6589,298.1878,1286.296,661537127650141,661537164637433
296.8911,1330.4857,296.8911,1330.4857,661537164821651,661537196502120
295.08798,1328.3071,296.8911,1328.3071,661537196697276,661537230713214
289.83936,1316.392,296.8911,1328.3071,661537230906391,661537264988266
282.56003,1350.9927,295.08798,1328.3071,661537265177120,661537298240037
285.79837,1388.1393,289.83936,1328.3071,661537298428162,661537332499256
288.4585,1382.125,288.4585,1350.9927,661537335042433,661537377058006
289.7569,1383.2451,289.7569,1382.125,661537377255453,661537412842641
297.12097,1414.2527,289.7569,1382.125,661537412972120,661537446337693
309.7474,1361.2678,289.7569,1382.125,661537448239620,661537481152589
266.5741,1450.7761,289.7569,1382.125,661537482403006,661537514585401
290.57303,1406.9242,289.7569,1382.125,661537516204985,661537549687953
298.25537,1400.5978,289.7569,1400.5978,661537551088266,661537582063943
296.77832,1385.4597,290.57303,1385.4597,661537584310558,661537620569880
296.01938,1412.2211,296.01938,1400.5978,661537620748578,661537658463995
325.9208,1381.8295,296.01938,1385.4597,661537658672745,661537694589516
303.87143,1396.0604,296.01938,1396.0604,661537694796287,661537729358162
300.29724,1412.0107,300.29724,1396.0604,661537729501235,661537762782745
304.9195,1347.2753,300.29724,1396.0604,661537762970714,661537797279360
275.7562,1432.415,300.29724,1396.0604,661537798123422,661537830885245
282.71936,1403.581,300.29724,1396.0604,661537831076391,661537862454724
284.5003,1391.8734,284.5003,1396.0604,661537862611026,661537895632120
308.72382,1351.058,300.29724,1396.0604,661537895721026,661537929784932
315.94745,1358.9391,300.29724,1391.8734,661537929967849,661537964131964
410.41653,1445.8992,308.72382,1396.0604,661537964315818,661538001683891
446.4154,1506.8295,315.94745,1396.0604,661538001877693,661538033847224
469.42908,1514.7051,410.41653,1445.8992,661538033961287,661538066374047
470.19843,1549.8525,446.4154,1506.8295,661538066470922,661538099341547
461.66782,1380.7141,461.66782,1445.8992,661538099460141,661538132704359
419.37857,1089.7898,446.4154,1445.8992,661538132844412,661538165142432
423.22678,1024.6698,446.4154,1380.7141,661538165240453,661538197928891
430.07074,919.14325,430.07074,1089.7898,661538199255141,661538232390557
429.89584,949.8043,430.07074,1024.6698,661538232579828,661538266046807
414.1532,935.83936,430.07074,949.8043,661538266232380,661538302729255
396.89258,925.76,429.89584,949.8043,661538302927641,661538334699411
424.2563,1109.9617,424.2563,949.8043,661538334895297,661538369176391
625.0201,1022.21765,429.89584,949.8043,661538369368109,661538404406182
708.1118,1332.9618,429.89584,1022.21765,661538404570818,661538435628630
747.36835,1147.9316,625.0201,1022.21765,661538435734099,661538468753630
499.51462,602.73883,499.51462,1022.21765,661538468870609,661538499748266
378.85208,809.9331,499.51462,1022.21765,661538499858786,661538531981807
353.0888,845.85864,499.51462,845.85864,661538532131807,661538564587953
419.12625,682.29,419.12625,845.85864,661538564766963,661538602936963
459.44406,611.33514,459.44406,845.85864,661538604381026,661538640680140
412.8949,557.43854,419.12625,682.29,661538640848109,661538700505870
452.90186,533.8328,452.90186,611.33514,661538700615140,661538736172015
449.35803,519.11426,449.35803,557.43854,661538736273265,661538772904151
569.9822,563.64197,452.90186,563.64197,661538774327328,661538804947536
667.91864,656.53,452.90186,563.64197,661538805056547,661538836394047
651.6317,703.3006,569.9822,563.64197,661538836510922,661538867523317
705.12714,657.2463,651.6317,656.53,661538867879620,661538900638161
652.31384,650.01013,651.6317,650.01013,661538900749099,661538934025036
697.3531,635.6748,652.31384,650.01013,661538934196495,661538968226807
708.721,691.8899,652.31384,650.01013,661538968421442,661539001476182
724.50934,684.9751,697.3531,650.01013,661539001667224,661539038799359
702.3687,624.83466,702.3687,650.01013,661539040735765,661539071732849
640.74896,704.43134,697.3531,650.01013,661539071842797,661539104133734
609.2099,649.98096,697.3531,650.01013,661539104246338,661539163002172
537.66675,644.9676,640.74896,650.01013,661539163122328,661539205585817
549.3522,631.1439,609.2099,649.98096,661539206625817,661539245161026
552.5833,671.45514,552.5833,650.01013,661539245348942,661539281179880
531.9921,666.7593,552.5833,650.01013,661539281365713,661539315651286
511.71362,638.4577,552.5833,650.01013,661539315771182,661539347212692
510.74335,673.73285,531.9921,650.01013,661539347317744,661539379791078
498.25845,626.73956,511.71362,650.01013,661539379909411,661539410719411
536.1698,674.6348,531.9921,650.01013,661539410824776,661539443012588
486.47168,697.7965,511.71362,650.01013,661539443888161,661539475904046
464.6716,677.96625,511.71362,674.6348,661539476175921,661539507608786
453.03308,709.13043,486.47168,677.96625,661539507792119,661539538790713
441.8756,706.5076,464.6716,677.96625,661539538978994,661539570744359
471.6623,721.4863,471.6623,706.5076,661539570863890,661539606648317
506.4387,720.9206,471.6623,706.5076,661539606772536,661539637940765
469.26117,710.65936,471.6623,710.65936,661539638042484,661539681194984
495.5442,722.57654,471.6623,710.65936,661539681368473,661539712087744
464.62704,687.41925,471.6623,710.65936,661539712275609,661539745776182
472.29562,708.1694,471.6623,710.65936,661539745942484,661539779184775
466.54965,607.1244,471.6623,708.1694,661539779342328,661539813011130
400.1192,212.14482,471.6623,708.1694,661539813149046,661539844894671
360.21207,178.1982,466.54965,607.1244,661539844988942,661539874888317
369.82812,172.78046,400.1192,212.14482,661539875089098,661539907710505
343.41492,193.6055,369.82812,193.6055,661539907919463,661539938129880
309.9177,147.56442,369.82812,193.6055,661539938253213,661539972858734
291.7689,147.82086,343.41492,193.6055,661539973033421,661540004394150
314.2066,141.7415,314.2066,147.82086,661540004498890,661540038419463
304.4936,153.00449,314.2066,153.00449,661540038605192,661540074035348
299.54865,145.33656,314.2066,147.82086,661540074245192,661540105755765
299.94205,149.23433,304.4936,149.23433,661540105936130,661540151362848
289.01245,151.5839,299.94205,149.23433,661540151469723,661540182729567
302.23392,151.73619,302.23392,149.23433,661540182938994,661540222025557
288.75177,155.74821,299.94205,151.5839,661540222189463,661540261232588
284.23557,146.74629,299.94205,149.23433,661540261507015,661540293859984
287.33902,144.73965,288.75177,149.23433,661540293954619,661540328168525
300.57144,144.91437,299.94205,146.74629,661540328310765,661540359012119
301.04663,140.00186,299.94205,144.91437,661540359115140,661540393290556
321.64005,140.04384,300.57144,144.91437,661540395710817,661540426891494
311.34766,139.06879,301.04663,140.04384,661540427072588,661540460704931
293.03067,144.80573,300.57144,144.80573,661540460874463,661540496301546
316.11295,158.62265,301.04663,144.80573,661540496846442,661540537714984
379.3142,775.9547,301.04663,144.80573,661540537896025,661540571903265
415.06128,1140.3309,316.11295,158.62265,661540572189202,661540604451181
414.05655,1088.5332,379.3142,775.9547,661540604640869,661540637428421
419.0585,1082.3911,414.05655,1082.3911,661540637543004,661540675499411
409.57608,1078.9523,409.57608,1078.9523,661540675708161,661540708500608
425.11322,1127.1571,414.05655,1082.3911,661540709127952,661540740457379
433.09424,1166.2418,414.05655,1082.3911,661540740622067,661540774659723
428.2668,1171.275,425.11322,1127.1571,661540774807640,661540809170140
447.01996,1183.6162,428.2668,1166.2418,661540809362535,661540844245400
466.66544,1155.0754,428.2668,1155.0754,661540844437275,661540893605244
449.70718,1225.219,447.01996,1166.2418,661540893702431,661540925864567
405.97147,1231.8193,428.2668,1166.2418,661540927190088,661540969147952
380.709,1216.0914,428.2668,1216.0914,661540969261702,661541003580921
377.52072,1208.1003,405.97147,1208.1003,661541003682119,661541037947952
397.15536,1265.9264,397.15536,1216.0914,661541038103421,661541076496598
375.18237,1204.3834,397.15536,1208.1003,661541076706077,661541109805608
417.95963,1176.4703,397.15536,1208.1003,661541109907223,661541143028317
406.67032,1205.7611,397.15536,1205.7611,661541143221754,661541177651494
401.73975,1274.6744,401.73975,1208.1003,661541177811702,661541212887744
363.96582,1264.6261,397.15536,1208.1003,661541213053785,661541261845817
423.07587,1314.9404,401.73975,1264.6261,661541262001181,661541301292119
630.62134,918.9609,401.73975,1208.1003,661541301449254,661541336830452
896.38336,651.23505,423.07587,1208.1003,661541336992223,661541374471494
911.4572,692.28326,630.62134,918.9609,661541374662067,661541408622587
910.027,692.3645,896.38336,692.3645,661541408820192,661541443213994
924.6541,679.59515,910.027,692.3645,661541443308681,661541474761962
929.1895,661.93256,910.027,692.3645,661541474952431,661541505905608
923.3095,627.4974,923.3095,679.59515,661541506049410,661541541835244
934.4653,569.6414,923.3095,661.93256,661541544173473,661541577226129
977.917,617.52264,923.3095,627.4974,661541577376962,661541610518785
987.5124,655.4874,934.4653,655.4874,661541610728733,661541644058108
1004.1512,692.3891,977.917,655.4874,661541644236337,661541677126754
1009.4459,694.0165,987.5124,655.4874,661541677306962,661541715168368
1032.192,741.73804,1004.1512,692.3891,661541715374775,661541747489202
1038.1403,692.04944,1009.4459,692.04944,661541747695035,661541779797327
1058.5227,732.0041,1032.192,692.3891,661541779922483,661541812265660
1046.742,743.7055,1038.1403,692.3891,661541812412014,661541843355452
789.4969,856.0848,1032.192,732.0041,661541843503473,661541876212587
690.43256,982.93317,1032.192,743.7055,661541876408785,661541909491233
654.01776,989.11584,789.4969,856.0848,661541909586285,661541946290504
621.9158,941.5113,690.43256,941.5113,661541946404670,661541979912535
641.3704,969.15015,654.01776,941.5113,661541980127327,661542011241806
643.5297,965.30145,643.5297,941.5113,661542011445035,661542074229514
545.0,1313.9385,643.5297,965.30145,661542074327587,661542109170608
476.31235,1268.2776,643.5297,965.30145,661542109352900,661542141342014
492.64536,1262.8584,545.0,1262.8584,661542141518004,661542174631389
502.01968,1240.0347,502.01968,1240.0347,661542174811858,661542209698316
490.93005,1273.7101,502.01968,1262.8584,661542209899097,661542243107275
492.56223,1284.0336,502.01968,1262.8584,661542243258108,661542280671181
499.72757,1269.7595,499.72757,1269.7595,661542280871441,661542315854306
482.82928,1276.6764,499.72757,1269.7595,661542315966806,661542349851389
466.2212,1292.177,499.72757,1269.7595,661542349971389,661542382485399
456.16605,1321.293,482.82928,1276.6764,661542382950816,661542416091910
423.75858,1338.6365,466.2212,1292.177,661542416202327,661542479294410
450.63272,1379.8132,456.16605,1321.293,661542479391702,661542510638264
482.8664,1303.8326,466.2212,1303.8326,661542510819149,661542546483420
500.89044,1399.2108,466.2212,1321.293,661542546686806,661542578754618
491.7365,1434.9757,482.8664,1321.293,661542578884670,661542610349722
491.44193,1540.1886,491.44193,1399.2108,661542610467118,661542661286441
400.2741,1587.182,482.8664,1434.9757,661542661392535,661542693430556
467.3612,1535.2737,482.8664,1535.2737,661542693529149,661542723901910
478.69272,1423.825,478.69272,1434.9757,661542730096649,661542760806128
485.56577,1295.5991,482.8664,1434.9757,661542761649045,661542793087743
503.38968,1289.2551,482.8664,1423.825,661542794457222,661542830946128
484.51535,1186.8027,484.51535,1295.5991,661542832073368,661542870345243
426.69946,1212.2832,482.8664,1289.2551,661542870458472,661542906613056
467.14935,1190.8042,482.8664,1212.2832,661542906705816,661542939556545
444.13693,1158.2107,467.14935,1212.2832,661542939728003,661542972898368
458.26776,1129.469,467.14935,1190.8042,661542973086910,661543012556597
463.17746,719.5604,463.17746,1158.2107,661543012651441,661543044897899
442.40176,765.4127,463.17746,1129.469,661543045006024,661543079289149
446.82422,686.12146,463.17746,765.4127,661543079405035,661543115754930
445.93338,677.56036,446.82422,765.4127,661543116795712,661543160660399
438.2603,685.8163,446.82422,686.12146,661543160837691,661543197263889
470.03934,633.48114,446.82422,685.8163,661543197418003,661543231962430
428.35574,630.4288,446.82422,685.8163,661543233835555,661543291681701
461.9745,679.2939,446.82422,679.2939,661543291774826,661543323080764
432.4181,640.79785,446.82422,679.2939,661543323259826,661543355756545
401.61285,520.2052,446.82422,679.2939,661543355966285,661543388684462
397.11768,531.0289,432.4181,640.79785,661543388866493,661543420241076
409.72806,527.74176,409.72806,531.0289,661543420426180,661543451435347
415.2129,517.5822,415.2129,531.0289,661543451605087,661543481608107
380.88538,534.4817,409.72806,531.0289,661543482572639,661543516281337
361.08084,363.39523,409.72806,531.0289,661543516475555,661543548449149
335.33582,307.28604,380.88538,531.0289,661543548605087,661543580870503
339.82483,303.44745,361.08084,363.39523,661543581881076,661543623134045
350.98514,306.41644,350.98514,307.28604,661543623315972,661543653728003
332.65073,298.74677,350.98514,306.41644,661543653943055,661543688184201
331.2626,317.58813,350.98514,307.28604,661543688366493,661543720537639
305.02484,696.46484,332.65073,307.28604,661543720684305,661543752099930
298.49124,705.3153,331.2626,317.58813,661543752288784,661543785966545
304.02908,730.28625,305.02484,696.46484,661543786149461,661543817724670
317.6346,733.88385,317.6346,705.3153,661543817935659,661543850525711
303.71906,726.36035,305.02484,726.36035,661543850729618,661543882721493
278.86765,342.94934,305.02484,705.3153,661543882918680,661543914471701
272.7792,384.42603,303.71906,705.3153,661543914658680,661543951194618
310.36307,332.04443,305.02484,384.42603,661543951422222,661543987406753
280.0295,363.38544,303.71906,384.42603,661543987604774,661544018041493
276.45987,364.13928,303.71906,364.13928,661544018201753,661544049960868
338.52084,373.13397,303.71906,373.13397,661544050148784,661544085958784
576.57263,440.60428,303.71906,373.13397,661544086153211,661544118191805
743.7035,1091.6202,338.52084,373.13397,661544118427274,661544150564461
766.4422,1124.6721,576.57263,440.60428,661544150761753,661544184229565
773.2938,1183.9634,743.7035,1091.6202,661544184411024,661544217762482
761.03326,1183.9277,761.03326,1124.6721,661544217946284,661544248422326
670.9979,1396.0392,743.7035,1183.9277,661544248558732,661544281726961
367.1748,1764.4716,743.7035,1183.9277,661544281911597,661544313872378
295.83105,1765.6809,670.9979,1396.0392,661544314050763,661544348583263
308.80527,1597.7438,367.1748,1597.7438,661544348779149,661544380947170
336.46686,1510.0929,336.46686,1510.0929,661544381140138,661544414886232
324.301,1410.8265,336.46686,1510.0929,661544415049305,661544447961388
344.8995,1286.4028,336.46686,1510.0929,661544448122222,661544480619982
321.02844,1253.9312,336.46686,1410.8265,661544481561649,661544517039044
344.15253,1301.4248,336.46686,1301.4248,661544517231805,661544550189878
302.40866,1347.0376,336.46686,1347.0376,661544550377222,661544583416857
313.73773,1238.5667,336.46686,1301.4248,661544583628680,661544617762586
282.07602,1335.8488,313.73773,1335.8488,661544617971388,661544649286336
272.43265,1343.1584,313.73773,1335.8488,661544649487638,661544681685190
271.7914,1367.796,282.07602,1335.8488,661544681845347,661544716125815
268.13547,1343.8365,272.43265,1343.1584,661544716319513,661544755203732
285.62555,1314.7189,282.07602,1335.8488,661544755452169,661544788314149
281.83044,1273.4844,281.83044,1335.8488,661544788434461,661544818696961
292.56186,1279.2836,282.07602,1314.7189,661544818816076,661544849280034
278.0202,1263.7892,281.83044,1279.2836,661544849439357,661544884945607
290.28888,1284.7167,282.07602,1284.7167,661544885045607,661544915467794
287.91275,1288.6676,282.07602,1284.7167,661544915616961,661544948431857
288.99448,1305.8104,287.91275,1284.7167,661544948586753,661544982065034
283.8143,1294.3392,283.8143,1288.6676,661544982194982,661545018398836
275.64786,1293.0991,283.8143,1293.0991,661545019324669,661545053412742
353.09805,760.20264,283.8143,1288.6676,661545053597430,661545086173836
370.59366,707.1977,283.8143,1288.6676,661545086355607,661545120460971
363.69876,646.9772,353.09805,760.20264,661545120572482,661545153142638
349.26852,772.8949,349.26852,772.8949,661545153280450,661545184689044
556.6991,625.5551,353.09805,760.20264,661545184881440,661545218155450
611.34985,963.40015,353.09805,772.8949,661545218350086,661545250547690
448.42413,718.23724,448.42413,760.20264,661545250645867,661545282881023
369.98288,661.0676,369.98288,760.20264,661545283002430,661545317315034
357.08646,762.4804,369.98288,760.20264,661545317409096,661545350759565
370.78177,550.60156,369.98288,760.20264,661545350909878,661545381955242
395.51047,429.78616,369.98288,760.20264,661545382038940,661545417158419
360.78604,445.85645,369.98288,550.60156,661545417252690,661545453155346
377.4294,391.7313,369.98288,445.85645,661545453258680,661545515496388
356.6252,402.67593,369.98288,445.85645,661545515588523,661545549340607
349.10016,395.0724,369.98288,402.67593,661545549539825,661545585158836
332.974,443.83792,356.6252,443.83792,661545585349148,661545618172325
347.4874,442.49042,349.10016,442.49042,661545618285763,661545652554409
339.93307,563.9513,347.4874,443.83792,661545652645919,661545684914721
328.69794,635.88,347.4874,443.83792,661545685015867,661545718117586
310.8874,719.86255,339.93307,563.9513,661545718226440,661545750339357
307.75607,867.8834,328.69794,635.88,661545750503575,661545784898367
313.68,893.6409,313.68,719.86255,661545785095763,661545831789981
307.91876,932.3334,313.68,867.8834,661545831910450,661545863353002
305.6848,950.90967,313.68,893.6409,661545863537429,661545896706440
323.73526,949.2602,313.68,932.3334,661545896879721,661545928456179
329.86343,951.3447,313.68,949.2602,661545928643106,661545962258315
327.3469,999.0236,323.73526,949.2602,661545962365138,661545997474773
324.07065,984.26794,324.07065,951.3447,661545997655034,661546027950450
328.37714,967.1279,324.07065,967.1279,661546028169096,661546060230502
347.48227,987.5729,324.07065,967.1279,661546061402638,661546092219721
324.80713,956.08777,324.80713,967.1279,661546092804096,661546139006856
564.7502,764.9379,324.80713,967.1279,661546139124825,661546174031544
406.29407,724.40906,324.80713,956.08777,661546174154981,661546211497533
337.61505,738.7053,337.61505,764.9379,661546213259669,661546244901127
366.73468,725.08344,337.61505,738.7053,661546245094460,661546278516908
393.04626,560.5201,337.61505,738.7053,661546278611075,661546313338523
358.6492,503.04202,358.6492,725.08344,661546313518367,661546347370710
350.33298,551.5049,350.33298,560.5201,661546347531544,661546387925346
374.35065,423.6329,358.6492,551.5049,661546388074356,661546421421283
355.11948,489.92334,355.11948,551.5049,661546421532481,661546453798835
353.0235,479.33932,355.11948,489.92334,661546453909513,661546487511544
359.54425,494.30457,355.11948,494.30457,661546487682585,661546524394721
370.95844,484.47287,355.11948,489.92334,661546524940242,661546558766648
350.67426,511.79715,355.11948,494.30457,661546558872690,661546595107221
365.0544,543.1487,355.11948,494.30457,661546595298992,661546630929460
360.03766,558.95636,355.11948,511.79715,661546631580085,661546663629096
367.7238,547.7515,360.03766,543.1487,661546663803106,661546694190346
367.9302,569.23737,360.03766,547.7515,661546694374617,661546729005502
397.3245,544.5274,367.7238,544.5274,661546729157273,661546760404044
369.13516,540.243,367.9302,544.5274,661546760595189,661546802714096
372.86472,549.8229,369.13516,544.5274,661546802857064,661546839470502
381.95877,574.8539,369.13516,544.5274,661546839559669,661546871040346
375.7814,589.6548,372.86472,549.8229,661546877690398,661546910118679
368.7633,575.21686,369.13516,574.8539,661546911977429,661546945039669
373.16302,543.60974,372.86472,549.8229,661546947959929,661546982887273
404.13367,560.0421,372.86472,560.0421,661546982966231,661547015037689
404.46005,550.4248,373.16302,550.4248,661547015181960,661547046991648
419.54437,476.12555,404.13367,550.4248,661547047160085,661547080557846
447.6768,465.55716,404.46005,550.4248,661547080713991,661547113233783
400.44165,507.2631,404.13367,507.2631,661547113355866,661547146594408
440.1723,499.9671,404.46005,507.2631,661547146758991,661547179471648
408.03525,486.7934,404.46005,507.2631,661547179635398,661547213996700
370.30197,897.9057,404.46005,507.2631,661547214153939,661547248060710
311.83127,1494.8544,404.46005,507.2631,661547249587481,661547284382950
328.24902,1377.8257,370.30197,897.9057,661547284474043,661547317418366
328.32715,1378.7684,328.32715,1377.8257,661547317516752,661547349808106
317.72952,1371.1772,328.32715,1371.1772,661547349916335,661547383879304
314.6598,1456.4769,328.32715,1377.8257,661547385630293,661547419239981
317.80768,1336.5515,317.80768,1371.1772,661547419406856,661547452261856
298.4533,1370.9493,317.80768,1371.1772,661547452433835,661547486145970
364.47186,1504.9738,317.80768,1371.1772,661547486336075,661547521972741
490.30978,1237.7402,317.80768,1371.1772,661547522061283,661547555264929
756.1423,1195.3027,364.47186,1371.1772,661547556904043,661547591090397
790.8214,1344.0603,490.30978,1344.0603,661547591256283,661547629101491
779.627,1293.753,756.1423,1344.0603,661547629298470,661547661606127
777.7927,1192.6539,777.7927,1344.0603,661547661805866,661547692902845
793.7017,1157.7577,777.7927,1293.753,661547693067845,661547726134095
520.4625,1215.7007,777.7927,1215.7007,661547726319095,661547762899356
419.64572,1302.513,777.7927,1293.753,661547763081908,661547796082533
383.04462,1228.0398,520.4625,1228.0398,661547796218262,661547828794199
473.3891,1123.8041,473.3891,1228.0398,661547828959772,661547863211595
480.869,956.944,480.869,1228.0398,661547863365918,661547894524720
494.66006,981.47473,480.869,1123.8041,661547894703991,661547928106074
503.2953,911.9531,480.869,981.47473,661547928282481,661547960612429
505.4067,929.9825,494.66006,981.47473,661547960797949,661548010105293
491.2039,1183.752,491.2039,981.47473,661548010505449,661548042684616
484.37283,1229.6232,491.2039,981.47473,661548044630554,661548083103001
497.94202,1234.7169,491.2039,1183.752,661548083212741,661548116135866
563.82416,1322.9962,491.2039,1229.6232,661548116242949,661548148737793
663.083,1291.4327,497.94202,1234.7169,661548148846960,661548182645189
700.00854,1317.0791,563.82416,1291.4327,661548182741804,661548219282064
698.8222,1323.6423,663.083,1291.4327,661548219388835,661548253367220
735.3794,1329.4541,698.8222,1317.0791,661548253546022,661548292191022
706.05945,1293.1797,698.8222,1293.1797,661548292364460,661548327500189
684.7129,1321.5115,698.8222,1317.0791,661548328402689,661548361190345
648.7471,1343.7272,698.8222,1317.0791,661548361397637,661548394358366
651.37305,1324.9685,684.7129,1321.5115,661548394544251,661548432646803
671.0851,1363.2227,671.0851,1324.9685,661548432829876,661548465588835
551.64996,1618.5071,671.0851,1324.9685,661548465710866,661548498778730
515.384,1634.9757,671.0851,1363.2227,661548498876855,661548530079980
505.25787,1647.0819,551.64996,1618.5071,661548530854355,661548563133783
505.03262,1683.6008,515.384,1634.9757,661548563237428,661548594151126
514.484,1655.1031,514.484,1647.0819,661548595011335,661548628220814
530.70886,1667.6323,515.384,1655.1031,661548628364355,661548659881022
480.947,1643.5065,514.484,1647.0819,661548660066178,661548693619824
527.58014,1661.5071,515.384,1655.1031,661548693793574,661548726275501
521.7773,1647.4539,515.384,1647.4539,661548726450085,661548772238470
300.07242,1435.1747,515.384,1647.4539,661548772417845,661548803773314
250.6346,1391.2411,515.384,1647.4539,661548804841907,661548835662845
231.01234,1365.3048,300.07242,1435.1747,661548835763626,661548871024616
213.09517,1380.5333,250.6346,1391.2411,661548871172897,661548906040345
219.27051,1365.7365,231.01234,1380.5333,661548906252064,661548939160345
228.56688,1426.7222,228.56688,1391.2411,661548939345657,661548971708001
181.85242,1410.3053,228.56688,1391.2411,661548971846074,661549009171178
215.39282,1361.9277,228.56688,1391.2411,661549009344564,661549043252532
213.79326,1359.8358,215.39282,1391.2411,661549043453834,661549076359147
214.2232,1356.2572,215.39282,1361.9277,661549077188001,661549108335970
199.06589,1372.3439,214.2232,1372.3439,661549114940136,661549148530918
208.46556,1352.1604,214.2232,1361.9277,661549149337793,661549182660709
213.10645,1333.4469,213.10645,1361.9277,661549184269928,661549217461334
288.81955,1068.2231,214.2232,1352.1604,661549217650657,661549252570449
317.7471,1129.9528,214.2232,1333.4469,661549252649199,661549285676855
331.0495,1080.4578,288.81955,1129.9528,661549285783001,661549323018522
335.42902,1071.9403,317.7471,1129.9528,661549323166074,661549357424720
333.63116,1036.7561,331.0495,1080.4578,661549357549928,661549391172949
322.83362,1038.7875,322.83362,1071.9403,661549391340970,661549424594720
311.43634,989.81726,322.83362,1038.7875,661549424771126,661549456335084
350.9486,1029.0647,322.83362,1038.7875,661549456537584,661549492179772
308.7025,1055.8229,322.83362,1038.7875,661549493012688,661549527488157
331.0652,1048.7858,322.83362,1038.7875,661549529011543,661549567098834
354.1377,1003.92175,322.83362,1038.7875,661549567215970,661549598620970
343.59366,1015.1528,331.0652,1038.7875,661549598712324,661549631656751
339.8217,1009.4255,339.8217,1015.1528,661549631896178,661549667701022
330.06137,1038.44,331.0652,1038.44,661549667812793,661549698503938
329.68146,1015.12396,331.0652,1015.1528,661549698627272,661549731169355
342.07797,1030.114,331.0652,1030.114,661549731293261,661549762289042
330.88953,1028.2045,331.0652,1028.2045,661549762402949,661549796752272
339.45648,1005.3516,331.0652,1028.2045,661549796863938,661549828239615
340.17252,960.096,331.0652,1028.2045,661549828358365,661549861314407
351.27005,963.7627,339.45648,1005.3516,661549861422115,661549897685501
384.985,945.6969,340.17252,963.7627,661549897804563,661549930709876
388.30286,1012.72504,351.27005,1005.3516,661549930819667,661549962428053
349.80978,923.9774,349.80978,963.7627,661549962585709,661549994935813
456.35995,609.14935,351.27005,963.7627,661549995121230,661550029249094
422.05118,499.49792,351.27005,923.9774,661550029444042,661550069901855
317.65924,627.3632,351.27005,627.3632,661550070073209,661550102786907
316.51025,692.43835,351.27005,692.43835,661550102940709,661550136746282
345.84055,628.23425,345.84055,628.23425,661550136896490,661550170241959
346.0894,494.59396,346.0894,628.23425,661550170430136,661550212744824
335.21823,511.02353,345.84055,628.23425,661550212894459,661550248765553
309.5297,512.74396,345.84055,512.74396,661550248877636,661550279383001
344.17245,512.3264,344.17245,512.74396,661550281172896,661550316795292
303.15207,470.84323,344.17245,512.74396,661550316905292,661550350715032
324.39563,538.4046,344.17245,512.74396,661550351048521,661550394231542
293.52646,560.1799,324.39563,512.74396,661550394355448,661550428762792
331.60822,641.8206,331.60822,538.4046,661550428931490,661550465029146
577.15063,368.36298,331.60822,512.74396,661550465247063,661550500295553
543.71783,541.7964,331.60822,538.4046,661550500399771,661550532430709
518.7947,358.0497,518.7947,512.74396,661550532539042,661550565090032
388.08298,301.02197,388.08298,512.74396,661550565229042,661550597780240
399.832,257.88995,399.832,358.0497,661550597896542,661550633950969
408.63995,208.8855,399.832,301.02197,661550634234980,661550674675969
402.15317,200.08792,399.832,257.88995,661550674765396,661550706882844
437.14023,175.9597,402.15317,208.8855,661550707420500,661550741168000
442.43478,158.37804,402.15317,200.08792,661550741276646,661550773172896
408.3826,177.24104,408.3826,177.24104,661550774114459,661550805433313
469.0316,179.424,408.3826,179.424,661550806099407,661550838061594
427.04385,183.09663,408.3826,179.424,661550838192740,661550872193625
473.66623,183.936,427.04385,179.424,661550872394355,661550909542636
477.2873,211.5065,427.04385,183.09663,661550909669667,661550945485032
440.703,217.5364,440.703,183.936,661550946318157,661550979355657
413.07867,575.9511,427.04385,211.5065,661550980209875,661551013157844
415.39362,592.82837,427.04385,217.5364,661551013231386,661551048604563
390.72025,602.81116,415.39362,575.9511,661551048715136,661551079944563
389.96713,573.3834,415.39362,573.3834,661551081362479,661551126799042
415.273,587.1806,415.273,575.9511,661551126917115,661551164894771
427.87314,576.92615,415.39362,575.9511,661551164995813,661551205858729
427.23816,593.12866,415.39362,576.92615,661551206040604,661551237273573
425.8372,585.35486,425.8372,576.92615,661551237440917,661551269739927
444.90515,307.93713,425.8372,576.92615,661551269916646,661551301471750
459.26028,332.6313,425.8372,576.92615,661551301632636,661551331377479
430.58344,289.81134,430.58344,332.6313,661551331482688,661551362060240
421.55618,292.99664,425.8372,332.6313,661551362245865,661551398229250
444.69278,307.44852,430.58344,307.44852,661551398358677,661551434391021
485.2168,292.2233,430.58344,307.44852,661551435806646,661551471582323
435.63397,828.3094,435.63397,307.44852,661551471721959,661551504085813
346.82123,1297.335,430.58344,307.44852,661551504230552,661551540829667
352.25153,1253.8638,430.58344,828.3094,661551541007323,661551572275917
358.33957,1169.626,358.33957,1169.626,661551572467115,661551604299667
364.70593,1084.8279,364.70593,1084.8279,661551604479511,661551636893313
362.4356,1229.5983,362.4356,1169.626,661551637060240,661551669613521
356.05515,1212.7484,362.4356,1169.626,661551670031021,661551700136229
342.3172,1214.303,362.4356,1212.7484,661551700365396,661551732677792
353.11514,1182.0607,356.05515,1182.0607,661551732876385,661551763408000
342.46503,1207.6189,353.11514,1207.6189,661551763505083,661551794955240
363.29718,1171.1056,356.05515,1182.0607,661551795066177,661551826211021
375.7393,1150.9601,356.05515,1182.0607,661551826328417,661551858948104
506.89685,1120.3735,363.29718,1171.1056,661551860788781,661551893991854
742.2985,1373.7552,375.7393,1182.0607,661551894107948,661551923980812
758.84656,1328.4856,506.89685,1182.0607,661551924145240,661551957816021
774.6708,1381.073,742.2985,1328.4856,661551958664979,661551991018156
769.8743,1383.0421,758.84656,1328.4856,661551991199354,661552024229927
811.56384,1183.3862,769.8743,1328.4856,661552024327896,661552058766021
579.5414,1218.9413,758.84656,1328.4856,661552058958365,661552099212948
414.7249,1114.6295,758.84656,1218.9413,661552099352844,661552129886021
339.92136,1259.8435,579.5414,1259.8435,661552129996021,661552161530917
324.40714,1117.9208,414.7249,1218.9413,661552161648260,661552193605031
365.88876,1099.0472,365.88876,1218.9413,661552193726958,661552225626542
381.7379,885.9074,381.7379,1117.9208,661552225814094,661552258998208
412.50558,884.6496,381.7379,1099.0472,661552259190708,661552293881854
377.77072,853.8873,381.7379,885.9074,661552293992219,661552324562948
360.15408,857.6697,381.7379,884.6496,661552324765760,661552358490344
334.1943,887.7729,377.77072,885.9074,661552358589771,661552389692323
250.43843,858.6877,360.15408,884.6496,661552389860812,661552422159510
264.41907,772.3476,334.1943,884.6496,661552422256229,661552454501698
262.01093,782.93176,264.41907,858.6877,661552454638260,661552488123677
291.6113,382.535,291.6113,782.93176,661552488300448,661552521920760
309.34744,188.2014,291.6113,782.93176,661552522106125,661552557489719
274.19882,163.4587,291.6113,382.535,661552557675083,661552596120031
295.44714,171.92885,291.6113,188.2014,661552596247687,661552631835916
299.00912,179.43356,291.6113,179.43356,661552631992843,661552664548416
274.46964,191.32983,291.6113,188.2014,661552664658833,661552702826593
280.83435,191.14195,291.6113,188.2014,661552702999198,661552734606281
271.90863,198.89053,280.83435,191.14195,661552734804406,661552771071333
270.18646,208.28456,280.83435,191.14195,661552771246541,661552804395187
250.11708,225.25186,271.90863,198.89053,661552804566125,661552836540239
247.30992,206.55196,270.18646,206.55196,661552836732895,661552868114041
262.37756,209.09448,262.37756,206.55196,661552868213364,661552897253312
269.9199,214.90361,269.9199,206.55196,661552897495291,661552930745343
256.63266,233.14603,262.37756,209.09448,661552930871541,661552964210083
256.3893,223.47266,262.37756,214.90361,661552964322218,661552997595395
256.3276,220.4576,256.63266,220.4576,661552997732531,661553029389250
281.14255,213.08505,262.37756,214.90361,661553029513364,661553061948885
256.85162,211.29793,256.85162,214.90361,661553063043833,661553099172010
262.44034,209.93845,262.37756,213.08505,661553099738989,661553135478833
271.41183,621.59845,262.37756,214.90361,661553135677427,661553172594822
268.2206,948.2453,262.44034,214.90361,661553172770656,661553207239302
274.75558,870.2609,268.2206,621.59845,661553207370500,661553241259562
254.48251,883.93134,262.44034,870.2609,661553242632322,661553274023572
275.2761,880.4504,268.2206,870.2609,661553274169666,661553309445239
285.92703,913.8307,268.2206,880.4504,661553309532739,661553340753572
288.22528,812.67206,275.2761,870.2609,661553345013156,661553377837114
292.26624,813.11597,285.92703,870.2609,661553379294770,661553412633312
321.96832,847.28705,288.22528,847.28705,661553412799874,661553443027374
379.1836,771.8838,292.26624,847.28705,661553443142947,661553477466906
673.4069,705.39325,321.96832,847.28705,661553477557531,661553518167270
605.2775,959.4527,379.1836,847.28705,661553518292635,661553554597322
368.43506,1157.7305,368.43506,847.28705,661553554776176,661553589689145
309.05737,1020.3777,368.43506,959.4527,661553589802687,661553624726801
390.82028,953.0557,368.43506,953.0557,661553624899822,661553678903676
384.58633,768.8664,368.43506,953.0557,661553679090135,661553720386697
376.08548,758.67285,376.08548,953.0557,661553720499770,661553753964510
350.08948,697.4046,368.43506,768.8664,661553754140760,661553787533833
357.64398,669.9267,368.43506,758.67285,661553787734197,661553821309978
353.69543,644.6695,357.64398,697.4046,661553821489458,661553857068781
342.73746,670.07825,357.64398,670.07825,661553857230968,661553893419353
341.10596,689.5679,353.69543,689.5679,661553893545760,661553927744614
361.946,715.72235,357.64398,689.5679,661553927944301,661553962099822
358.52664,413.59702,357.64398,689.5679,661553962292478,661553999513051
333.8961,411.9257,357.64398,689.5679,661553999685239,661554034319041
338.99014,438.0968,357.64398,438.0968,661554034477583,661554066380135
346.96042,422.93732,346.96042,438.0968,661554066569041,661554099952218
329.80612,433.25226,346.96042,438.0968,661554100163833,661554131396332
340.23254,402.4575,346.96042,433.25226,661554131581124,661554164695760
344.07422,385.49304,344.07422,433.25226,661554164862114,661554197526124
354.71796,395.5636,346.96042,402.4575,661554197708207,661554228614510
361.83453,433.7486,346.96042,433.25226,661554228814405,661554260928260
360.89545,384.44974,354.71796,402.4575,661554261117374,661554292368312
418.86996,335.91995,360.89545,402.4575,661554292516645,661554322266645
432.0222,327.47507,360.89545,384.44974,661554322380707,661554355271332
446.0327,287.51013,418.86996,335.91995,661554355398572,661554387641228
419.73184,298.0906,419.73184,327.47507,661554387763051,661554419611801
394.5467,416.6975,418.86996,335.91995,661554419704145,661554451791905
274.36926,1316.7863,418.86996,335.91995,661554451890812,661554484150291
256.15106,1423.1558,394.5467,416.6975,661554484246280,661554521200343
252.21811,1418.2797,274.36926,1316.7863,661554521312739,661554553413780
260.81216,1408.8353,260.81216,1408.8353,661554553543103,661554586997374
260.1066,1397.8319,260.81216,1397.8319,661554587177218,661554618964614
251.0251,1356.3467,260.81216,1397.8319,661554619139770,661554650814770
223.80585,1400.4445,260.1066,1397.8319,661554650946228,661554685264874
205.72885,1481.0808,251.0251,1397.8319,661554685443051,661554719208155
206.8599,1473.364,223.80585,1400.4445,661554719355968,661554752416176
203.2626,1412.9058,206.8599,1412.9058,661554752608416,661554785502791
212.48648,1414.1576,212.48648,1412.9058,661554785599926,661554817982218
205.5561,1407.4371,206.8599,1412.9058,661554818081436,661554850921176
220.82027,1420.998,212.48648,1412.9058,661554851027166,661554882492009
210.55615,1372.7437,210.55615,1412.9058,661554883353103,661554915706436
224.30893,1384.3735,212.48648,1412.9058,661554915921801,661554948474770
216.31516,1380.3882,212.48648,1384.3735,661554949382791,661554980682895
220.52255,1385.657,216.31516,1385.657,661554982462113,661555018536645
230.38577,1385.2214,216.31516,1385.2214,661555018638468,661555049685290
230.78595,1373.1237,220.52255,1385.2214,661555049856697,661555083355447
233.54651,1442.0406,230.38577,1385.2214,661555083524197,661555116338103
300.14398,1383.3799,230.78595,1385.2214,661555116506853,661555150339926
392.08163,1172.8303,233.54651,1385.2214,661555150512895,661555183256280
730.3842,1153.0481,300.14398,1383.3799,661555183410447,661555218604822
740.2327,1117.208,392.08163,1172.8303,661555218766072,661555252679613
773.6349,1121.7335,730.3842,1153.0481,661555253584509,661555286095395
782.8556,1112.7742,740.2327,1121.7335,661555286191280,661555321748051
809.37695,1007.1481,773.6349,1121.7335,661555321937322,661555366586384
795.8336,1028.9769,782.8556,1112.7742,661555366751540,661555410334822
378.30225,1201.2219,773.6349,1121.7335,661555410499145,661555442221072
405.02792,1275.6595,773.6349,1121.7335,661555442818207,661555475621540
440.02322,1234.2457,440.02322,1201.2219,661555476885238,661555507561697
379.95334,1088.5795,440.02322,1121.7335,661555509062217,661555542802790
428.16235,966.0607,440.02322,1121.7335,661555545131853,661555584533051
422.09628,850.72626,428.16235,1088.5795,661555584714769,661555619167165
402.65155,806.9493,428.16235,966.0607,661555619351488,661555660317217
443.34137,790.69055,428.16235,850.72626,661555660500446,661555693230290
429.09094,798.3218,428.16235,806.9493,661555693410863,661555729239978
420.86316,790.99976,428.16235,798.3218,661555729450811,661555761271488
412.51187,769.0226,428.16235,798.3218,661555761465499,661555796141332
442.99448,745.9231,428.16235,790.99976,661555796967321,661555830808363
546.6873,430.9026,428.16235,769.0226,661555830909769,661555865241853
583.09357,385.9519,442.99448,745.9231,661555865467842,661555897815707
599.0957,364.5676,546.6873,430.9026,661555897991488,661555930423988
589.5706,376.02304,583.09357,385.9519,661555930615551,661555960680186
571.417,434.73688,571.417,430.9026,661555960861384,661555993588155
543.4149,436.6535,571.417,430.9026,661555993783363,661556024354301
578.85065,426.48315,571.417,430.9026,661556024585290,661556058466280
530.90735,438.23343,571.417,430.9026,661556058648363,661556092712842
537.338,453.39432,571.417,430.9026,661556092902582,661556124586540
563.6176,434.55917,563.6176,434.55917,661556124801957,661556165759717
573.5308,411.4081,571.417,430.9026,661556165867425,661556198068415
563.3689,416.19495,563.6176,430.9026,661556198266332,661556233579144
543.88824,393.8794,563.6176,416.19495,661556233787061,661556266506228
579.6465,381.04086,563.6176,416.19495,661556266656228,661556307112217
579.9668,366.84985,563.6176,393.8794,661556307276384,661556341186175
562.6289,374.03085,563.6176,381.04086,661556341379561,661556372630186
558.695,391.10474,563.6176,391.10474,661556372711175,661556406060863
301.06445,410.0473,562.6289,391.10474,661556407365394,661556441838363
290.57254,386.4053,558.695,391.10474,661556441996123,661556475525134
279.29504,408.11908,301.06445,391.10474,661556480961071,661556514464873
281.98816,408.4251,290.57254,391.10474,661556514638415,661556547684144
275.06802,400.43655,281.98816,400.43655,661556547792373,661556582782269
264.5429,427.8874,281.98816,400.43655,661556582890550,661556620158519
282.4529,378.7568,281.98816,400.43655,661556620269821,661556654244821
287.8012,422.3142,281.98816,400.43655,661556654346696,661556698762165
269.56174,406.4122,281.98816,400.43655,661556698870707,661556731598467
265.68045,474.20352,281.98816,406.4122,661556731780967,661556775824977
271.63766,366.661,271.63766,400.43655,661556776843102,661556809187842
251.68573,434.5571,271.63766,406.4122,661556810666019,661556844086019
259.52008,428.18433,271.63766,406.4122,661556844248623,661556880439561
303.84006,418.66995,271.63766,418.66995,661556880607061,661556914647634
335.45868,419.8784,271.63766,418.66995,661556914841175,661556949336696
339.42175,459.3745,303.84006,418.66995,661556949453363,661556983422790
345.28107,479.95346,335.45868,419.8784,661556983528571,661557016730758
365.55746,450.00482,339.42175,450.00482,661557016902217,661557053379092
356.90204,475.69485,345.28107,450.00482,661557053492581,661557095586436
339.52655,390.61746,339.52655,450.00482,661557095671800,661557127058311
347.1223,424.834,345.28107,450.00482,661557127240186,661557161803154
366.25998,460.7503,345.28107,450.00482,661557161961904,661557194897581
339.26877,497.29144,345.28107,450.00482,661557195075654,661557226239040
348.20062,454.6732,345.28107,454.6732,661557226400967,661557258014404
314.10724,507.29184,345.28107,454.6732,661557258207685,661557290270915
309.33237,485.71234,345.28107,454.6732,661557290467060,661557322276175
337.26382,452.45923,337.26382,454.6732,661557322479977,661557353634977
336.57568,434.5872,337.26382,454.6732,661557354063727,661557389331800
366.81763,384.29483,337.26382,452.45923,661557389524560,661557420657529
474.3684,305.04,337.26382,434.5872,661557421815498,661557459547060
485.91675,279.22818,366.81763,384.29483,661557459735550,661557490847269
519.33203,282.6154,474.3684,305.04,661557491030237,661557525599925
508.91028,310.40372,485.91675,310.40372,661557525811071,661557557554404
521.8037,290.88336,508.91028,305.04,661557557778415,661557594969144
486.63745,237.07086,486.63745,305.04,661557595130394,661557631477633
510.42862,281.5778,508.91028,290.88336,661557631630654,661557667032164
525.5013,299.9218,508.91028,299.9218,661557667230810,661557699254925
519.8653,287.11966,510.42862,290.88336,661557699361644,661557732037269
510.28223,282.09958,510.28223,290.88336,661557732154664,661557762329612
499.41605,288.66583,510.28223,288.66583,661557762419925,661557793401019
505.98447,291.52823,510.28223,290.88336,661557793537581,661557823842373
499.95218,300.33014,505.98447,290.88336,661557824108779,661557855208779
499.02295,316.1885,505.98447,291.52823,661557855398466,661557885651800
610.32776,343.33328,505.98447,300.33014,661557885754196,661557919293466
636.99084,354.70618,505.98447,316.1885,661557919766591,661557953740341
650.34375,383.56647,610.32776,343.33328,661557953869300,661557985067581
644.8938,393.4898,636.99084,354.70618,661557985187112,661558018547946
639.57196,383.32678,639.57196,383.32678,661558018649977,661558051424560
634.55945,396.73468,636.99084,383.32678,661558051534612,661558083725081
620.5115,383.0253,636.99084,383.32678,661558083858258,661558119361331
638.58887,375.98816,636.99084,383.32678,661558120319560,661558153382893
683.20776,320.71564,636.99084,383.0253,661558153494091,661558185421487
772.6664,796.5069,638.58887,383.32678,661558185524300,661558219544248
726.5287,836.6627,683.20776,383.32678,661558219697112,661558252709195
428.41364,1032.9456,638.58887,796.5069,661558253821852,661558289176070
490.7371,1162.2659,638.58887,836.6627,661558289375758,661558323047216
537.23627,1108.7599,537.23627,1032.9456,661558323198675,661558354693362
522.6773,937.0383,537.23627,937.0383,661558354889612,661558386743883
537.8594,930.79663,537.23627,937.0383,661558386941748,661558422261591
538.6521,854.59314,537.23627,937.0383,661558422430914,661558456272477
514.4973,912.064,537.23627,930.79663,661558456456904,661558488365237
389.7743,1376.7024,537.23627,937.0383,661558488532268,661558537053414
383.57938,1352.4652,514.4973,937.0383,661558537223362,661558568907477
375.63315,1337.4117,389.7743,1337.4117,661558570446956,661558605534664
355.2707,1339.184,383.57938,1337.4117,661558605680810,661558639611487
362.19788,1318.989,375.63315,1337.4117,661558642265914,661558676473362
375.57498,1314.4381,375.57498,1337.4117,661558676627997,661558711997997
391.2719,1303.1658,375.63315,1318.989,661558712120393,661558745512945
490.2693,1304.981,375.63315,1314.4381,661558745646018,661558782886591
504.5297,1354.8705,391.2719,1318.989,661558782974560,661558843930341
520.85065,1327.7423,490.2693,1318.989,661558844057060,661558879800237
577.4763,1362.9761,504.5297,1327.7423,661558879904247,661558913709872
629.89435,1295.1198,520.85065,1318.989,661558913917216,661558948517841
754.1343,1485.828,577.4763,1327.7423,661558948626904,661558981358570
683.7052,1560.7529,629.89435,1327.7423,661558981459091,661559021556226
445.74457,1551.9413,577.4763,1485.828,661559022057320,661559056584508
491.84103,1520.1699,577.4763,1520.1699,661559056814716,661559087339716
443.38385,1432.1293,491.84103,1485.828,661559087536643,661559121504768
506.91318,1319.2639,506.91318,1485.828,661559121728831,661559155942528
499.91547,1176.9546,499.91547,1432.1293,661559156133883,661559187220393
465.48743,1156.2521,499.91547,1319.2639,661559187415185,661559218451851
454.63864,1158.8024,499.91547,1176.9546,661559218629716,661559251747737
450.28394,1119.5745,465.48743,1158.8024,661559251933258,661559283833831
473.26364,1203.7023,473.26364,1176.9546,661559283972216,661559318142060
479.5789,1181.9825,473.26364,1176.9546,661559318334143,661559353914872
447.14487,1172.5867,473.26364,1176.9546,661559354011799,661559385235549
465.51346,1176.4402,473.26364,1176.9546,661559385439872,661559419860080
440.58008,1189.1351,465.51346,1176.9546,661559420143518,661559463296018
460.52472,1189.5643,465.51346,1176.9546,661559463505966,661559495599143
486.17276,1188.3195,465.51346,1188.3195,661559495798310,661559530281070
508.6372,1176.7087,465.51346,1176.9546,661559530470549,661559565915810
491.7983,1175.0057,486.17276,1176.9546,661559566026174,661559600031591
491.92615,1186.8722,491.7983,1176.9546,661559600156799,661559645443830
536.44006,1255.0933,491.7983,1176.9546,661559645556122,661559684277164
503.73392,1214.8551,491.92615,1186.8722,661559684468570,661559719175132
684.75494,1381.0789,503.73392,1214.8551,661559719373414,661559753349716
417.20798,885.8656,491.92615,1186.8722,661559753538362,661559786156799
328.72086,823.2184,491.92615,1186.8722,661559786340393,661559817301903
272.27032,1028.636,417.20798,1028.636,661559817493362,661559855427528
284.74167,867.6264,328.72086,1028.636,661559855537216,661559888539664
321.70483,839.62866,321.70483,1028.636,661559888716643,661559921580601
287.86343,791.502,321.70483,867.6264,661559921775914,661559955532007
328.80923,664.0868,321.70483,839.62866,661559955637737,661559986721330
305.95648,623.31213,321.70483,791.502,661559986821487,661560019368309
322.19968,636.20575,321.70483,664.0868,661560019477216,661560051408934
293.84845,645.7656,321.70483,645.7656,661560051595236,661560083538361
218.08395,676.32135,321.70483,664.0868,661560083731226,661560114141851
112.10736,649.7152,293.84845,649.7152,661560114238622,661560147228414
91.397385,673.2663,218.08395,664.0868,661560147348257,661560181058205
71.46741,777.4334,112.10736,664.0868,661560181162580,661560214296330
77.89068,776.64526,91.397385,673.2663,661560214400601,661560247075341
64.557396,753.5224,77.89068,753.5224,661560247191747,661560283549768
77.63179,747.9139,77.89068,747.9139,661560283756330,661560314412684
90.89249,724.9181,77.89068,747.9139,661560314514299,661560353577163
175.3519,813.6215,77.89068,747.9139,661560353741278,661560386449820
624.25104,897.83936,90.89249,747.9139,661560386639611,661560418679195
684.1535,1027.2787,175.3519,813.6215,661560418872320,661560450309768
362.3918,760.8744,362.3918,760.8744,661560450465757,661560482438726
146.16302,670.3954,175.3519,760.8744,661560482596643,661560515106330
33.86586,710.54614,175.3519,760.8744,661560515226226,661560550737215
63.276344,652.5017,146.16302,710.54614,661560550941486,661560584307372
97.13013,569.1978,97.13013,710.54614,661560584475601,661560617119559
73.56318,468.78546,97.13013,652.5017,661560617325653,661560673352476
58.500668,473.361,97.13013,569.1978,661560675590913,661560713762528
33.807888,477.0581,73.56318,477.0581,661560713862320,661560747675861
44.8989,486.71622,58.500668,486.71622,661560747931174,661560785802580
56.627132,462.68878,56.627132,477.0581,661560785955809,661560817862788
56.880207,492.27988,56.880207,486.71622,661560818034976,661560848895965
333.9718,295.98398,56.880207,477.0581,661560849070236,661560883169194
416.52005,249.93628,56.880207,477.0581,661560883363413,661560915211747
405.64014,287.14478,333.9718,295.98398,661560915315132,661560951271174
399.07327,264.69247,399.07327,287.14478,661560951408413,661560984354872
397.48276,266.59247,397.48276,287.14478,661560984566434,661561018811174
411.18683,238.63554,399.07327,266.59247,661561019001382,661561053651122
398.48764,243.93645,398.48764,266.59247,661561053852424,661561086551330
422.45367,253.27255,399.07327,253.27255,661561086746903,661561119865132
429.79984,255.1096,399.07327,255.1096,661561120133361,661561152417944
383.24127,281.9165,399.07327,255.1096,661561152585340,661561187371746
441.71884,338.50598,399.07327,255.1096,661561187562528,661561219504559
580.7795,445.38815,399.07327,281.9165,661561219992007,661561250689924
765.87164,891.8357,441.71884,338.50598,661561250883726,661561284358569
780.16925,940.7491,580.7795,445.38815,661561284553153,661561317615288
738.0292,1237.5797,738.0292,891.8357,661561318563778,661561350019663
386.25955,1637.2743,580.7795,940.7491,661561350144663,661561386786486
294.87393,1748.0984,580.7795,1237.5797,661561386973517,661561419152632
252.66548,1746.1095,386.25955,1637.2743,661561419349090,661561459667111
315.68057,1417.7823,315.68057,1417.7823,661561459785705,661561493442267
311.76633,1385.5073,315.68057,1417.7823,661561493540132,661561528268048
293.86774,1334.8135,315.68057,1417.7823,661561528468934,661561564362580
312.46957,1346.2124,312.46957,1385.5073,661561564519663,661561602700757
325.44937,1295.2098,315.68057,1346.2124,661561602796434,661561635874559
325.6545,1276.671,315.68057,1346.2124,661561636129767,661561673302892
300.49475,1262.5443,315.68057,1295.2098,661561673394767,661561703486746
319.60977,1264.677,315.68057,1276.671,661561703613934,661561734651069
283.33273,1310.5853,315.68057,1295.2098,661561735911486,661561767579975
307.0709,1264.9346,315.68057,1276.671,661561768581173,661561801759767
311.0628,1292.7163,311.0628,1292.7163,661561801916850,661561848451069
320.6936,1288.3121,315.68057,1288.3121,661561848620080,661561885727059
286.2453,1294.9366,311.0628,1292.7163,661561885909819,661561917655236
-23.300304,1316.1019,311.0628,1292.7163,661561917801590,661561953309715
-56.9649,1330.223,286.2453,1294.9366,661561953485757,661561989182527
-68.11079,1247.115,-23.300304,1292.7163,661561989316173,661562021070861
-83.65384,1266.7092,-56.9649,1292.7163,661562021192163,661562053541382
132.6803,1206.0989,-23.300304,1266.7092,661562053741850,661562083937579
710.8411,1119.7589,-23.300304,1266.7092,661562084193517,661562115890027
700.22845,1202.6368,132.6803,1206.0989,661562116116954,661562148952111
368.73532,1647.5369,368.73532,1266.7092,661562149117007,661562179940184
269.6502,1807.5602,269.6502,1266.7092,661562180311277,661562214433048
243.45108,1634.2706,269.6502,1634.2706,661562216064923,661562250462892
263.42892,1487.2605,269.6502,1487.2605,661562250670548,661562281341069
238.8997,1377.4269,263.42892,1487.2605,661562281530600,661562315092684
271.85345,1310.1478,269.6502,1487.2605,661562315287215,661562348993986
299.75336,1210.7479,269.6502,1377.4269,661562349187215,661562382448517
256.21405,1243.2876,269.6502,1310.1478,661562382641746,661562419582631
249.15245,1283.4575,269.6502,1283.4575,661562419762683,661562452198621
225.49188,1290.2659,256.21405,1290.2659,661562452352163,661562484614506
222.1395,1303.2603,249.15245,1290.2659,661562484768986,661562515584194
251.17249,727.2767,251.17249,1290.2659,661562515772840,661562549849246
277.16458,356.59784,251.17249,1290.2659,661562549986225,661562581500131
234.37106,372.37015,251.17249,727.2767,661562581666538,661562617542579
243.06538,332.14868,251.17249,372.37015,661562617729715,661562648777319
262.93472,298.5681,251.17249,372.37015,661562648990235,661562681202319
242.0731,359.10876,251.17249,359.10876,661562681389715,661562713563777
249.24026,383.66574,251.17249,372.37015,661562713746538,661562746111798
255.70134,410.61075,251.17249,372.37015,661562746297267,661562778468048
210.2317,388.1605,251.17249,383.66574,661562778639819,661562812587371
186.8291,376.26883,251.17249,376.26883,661562812774975,661562845950548
157.65373,351.67252,210.2317,376.26883,661562846141485,661562887121381
156.28229,327.087,186.8291,376.26883,661562887243308,661562918772527
150.06372,335.70062,157.65373,351.67252,661562918957683,661562957966225
132.77797,341.4101,156.28229,341.4101,661562958160079,661562990746069
205.272,394.69104,157.65373,351.67252,661562990868360,661563021279975
541.2201,526.5528,157.65373,351.67252,661563021511121,661563052498881
536.08453,719.1323,205.272,394.69104,661563052685131,661563083309142
447.24228,377.01025,447.24228,377.01025,661563083493569,661563116160027
418.458,242.18524,418.458,377.01025,661563116359246,661563147654923
367.96152,289.74686,418.458,377.01025,661563147845183,661563185373829
363.27942,214.1413,418.458,289.74686,661563185615287,661563217950964
387.52155,178.82663,387.52155,289.74686,661563218185860,661563248805808
371.02646,183.44296,387.52155,214.1413,661563249000027,661563284326069
355.65814,172.82869,387.52155,183.44296,661563284470600,661563317763048
381.90863,160.764,381.90863,183.44296,661563317963985,661563353467006
389.2974,185.92744,387.52155,183.44296,661563353646277,661563385383152
355.54602,175.2732,381.90863,183.44296,661563385575027,661563422031746
368.47528,197.39725,381.90863,183.44296,661563422194246,661563460188204
435.70078,205.75899,381.90863,183.44296,661563460360808,661563493181485
599.92834,204.49364,381.90863,197.39725,661563493360391,661563530697371
609.0155,202.74081,435.70078,202.74081,661563530774089,661563563558100
604.22253,183.90407,599.92834,197.39725,661563564863881,661563596431485
582.7142,187.08109,582.7142,197.39725,661563597577787,661563632202371
565.2351,181.18771,582.7142,187.08109,661563632360391,661563663315652
572.7827,187.86632,582.7142,187.86632,661563665234610,661563698040912
578.2082,192.52925,578.2082,187.86632,661563698206068,661563731271798
559.61725,202.1587,578.2082,187.86632,661563731370391,661563764313100
590.6857,210.17783,578.2082,192.52925,661563766676068,661563798717318
610.2248,199.5951,578.2082,199.5951,661563798814298,661563831300600
578.6363,215.89043,578.6363,199.5951,661563832982475,661563867845027
311.7145,602.2187,578.2082,199.5951,661563868089141,661563900759506
270.6387,650.9051,578.2082,215.89043,661563900853881,661563932494818
303.71454,629.8345,311.7145,602.2187,661563932558204,661563968739558
301.39044,646.71423,303.71454,629.8345,661563968937735,661564004229350
303.032,633.8542,303.71454,629.8345,661564004335547,661564040936016
301.09308,621.87317,303.032,629.8345,661564041257475,661564077313360
295.30225,638.4355,303.032,629.8345,661564077484193,661564110490912
552.7429,527.7527,303.032,629.8345,661564110655860,661564144616120
674.2898,852.6397,303.032,629.8345,661564144797787,661564178268204
449.53104,636.1506,449.53104,629.8345,661564178422787,661564213637370
351.16177,539.5811,351.16177,629.8345,661564213741589,661564246893256
297.7377,590.24066,351.16177,629.8345,661564247084297,661564281489037
282.00452,524.81067,351.16177,590.24066,661564282750339,661564315431120
284.7469,494.18015,297.7377,590.24066,661564315657943,661564348468412
273.24274,436.34042,284.7469,524.81067,661564348656433,661564380043933
256.17923,379.9158,284.7469,494.18015,661564380234454,661564409970235
276.04114,376.2452,276.04114,436.34042,661564410168881,661564449806120
289.26053,431.38486,284.7469,431.38486,661564449990079,661564481509037
289.98215,456.26413,284.7469,436.34042,661564481757214,661564514027579
358.25385,433.71664,289.26053,433.71664,661564514154297,661564546864245
436.27762,392.85794,289.98215,433.71664,661564547048204,661564578803151
450.022,383.13324,358.25385,433.71664,661564579808568,661564612503047
450.41653,370.88092,436.27762,392.85794,661564612648985,661564643653672
442.97992,329.58572,442.97992,383.13324,661564643807526,661564676923360
439.2191,318.6011,439.2191,370.88092,661564677082110,661564712987214
446.07953,357.0361,442.97992,357.0361,661564713164610,661564745321120
405.2834,390.72003,439.2191,370.88092,661564745487422,661564777160912
414.03238,424.8561,439.2191,370.88092,661564777325183,661564810785599
408.74088,414.39886,414.03238,390.72003,661564810968828,661564844324974
427.2732,432.1489,427.2732,414.39886,661564844517214,661564876665651
421.33295,427.30402,421.33295,414.39886,661564876838203,661564912453255
438.24188,423.8808,427.2732,423.8808,661564912701797,661564946492578
437.7503,398.5966,427.2732,414.39886,661564947390860,661564979663047
433.5476,404.10785,433.5476,414.39886,661564980128464,661565011928516
437.978,406.22742,433.5476,406.22742,661565012090495,661565045065807
476.19,389.09082,433.5476,406.22742,661565045255182,661565078252682
497.8012,460.4881,437.978,406.22742,661565078409141,661565113788568
495.944,415.5719,476.19,406.22742,661565113961120,661565146033828
537.5786,458.6408,495.944,415.5719,661565146210599,661565178126432
619.26373,448.57996,495.944,415.5719,661565178327162,661565209880912
699.18964,797.84705,537.5786,448.57996,661565210066537,661565246951172
451.11716,631.30646,495.944,448.57996,661565247122422,661565280741901
262.1355,583.96735,495.944,583.96735,661565280975964,661565311409714
209.30402,669.6302,451.11716,583.96735,661565311585078,661565343158672
230.8319,584.4812,262.1355,583.96735,661565343313828,661565377521849
185.57825,542.2309,230.8319,583.96735,661565377706797,661565410392370
169.85657,465.71042,230.8319,583.96735,661565410572578,661565442079193
232.90276,450.47397,230.8319,542.2309,661565442264141,661565474081120
209.15605,475.5437,230.8319,475.5437,661565474272995,661565506790651
187.73848,512.6682,230.8319,512.6682,661565506958255,661565539265391
192.93,525.44464,209.15605,512.6682,661565539410391,661565571981016
216.92245,480.7139,216.92245,512.6682,661565572189141,661565604058984
203.16998,500.0178,209.15605,512.6682,661565604175234,661565639389193
44.98822,571.1562,209.15605,512.6682,661565639557161,661565676186693
16.18622,666.98065,203.16998,512.6682,661565676333880,661565710539141
-3.2795773,629.9746,44.98822,571.1562,661565710716224,661565745029505
-2.3146088,667.4573,16.18622,629.9746,661565745182995,661565778656016
2.3908124,671.5406,2.3908124,629.9746,661565778854245,661565810921693
-1.78254,668.50055,2.3908124,667.4573,661565811029349,661565841992838
-186.85493,824.15247,2.3908124,668.50055,661565842160130,661565876824349
-333.92847,841.7348,-1.78254,668.50055,661565876925807,661565909295859
-320.75595,861.0023,-186.85493,824.15247,661565910164245,661565943692318
-332.66898,853.8185,-320.75595,841.7348,661565943810495,661565977039453
-338.78137,870.9553,-320.75595,853.8185,661565977218828,661566010312578
-340.5101,899.14594,-332.66898,853.8185,661566010523203,661566043684401
-330.36896,865.4423,-330.36896,865.4423,661566043885338,661566075733828
-333.17178,872.65894,-332.66898,865.4423,661566075914922,661566109358203
-323.38577,848.5316,-330.36896,865.4423,661566109545859,661566143806797
-326.12686,861.00183,-330.36896,865.4423,661566144054453,661566177769140
-325.83508,873.60504,-326.12686,865.4423,661566177964192,661566209444661
-317.4706,899.6186,-326.12686,865.4423,661566209632213,661566241665390
-259.46054,857.1416,-325.83508,865.4423,661566241832526,661566273603203
164.49193,680.5354,-317.4706,865.4423,661566273779974,661566307493828
467.5337,860.5955,-259.46054,860.5955,661566307664245,661566341960130
383.29,720.91034,164.49193,860.5955,661566342703828,661566375495078
246.97458,608.42596,246.97458,860.5955,661566375619401,661566409631901
257.52283,650.19037,246.97458,720.91034,661566409820442,661566442013880
287.57358,619.97,246.97458,650.19037,661566442177838,661566476472161
277.43143,518.0147,257.52283,650.19037,661566476628463,661566509381276
285.59924,444.62003,277.43143,619.97,661566509553880,661566542471692
264.62616,458.73837,264.62616,518.0147,661566542632578,661566574046015
251.42102,447.58514,264.62616,458.73837,661566574224765,661566609894661
260.05112,496.09842,264.62616,496.09842,661566610119713,661566643519453
251.79063,533.8034,260.05112,496.09842,661566643696380,661566676074869
242.07253,523.43164,260.05112,496.09842,661566676221901,661566710120807
265.36227,480.58356,260.05112,496.09842,661566710318567,661566746666224
255.58484,487.01587,260.05112,496.09842,661566746839140,661566781407994
267.31497,464.45322,260.05112,487.01587,661566783107578,661566818679921
277.5008,450.67963,260.05112,487.01587,661566818865755,661566850830026
255.39429,420.25497,260.05112,464.45322,661566851493046,661566884236640
268.61084,483.5959,260.05112,483.5959,661566884332630,661566914438151
212.7173,569.6362,260.05112,483.5959,661566914549453,661566945788619
200.86882,539.46234,260.05112,483.5959,661566945912161,661566976338046
189.9605,568.4019,212.7173,539.46234,661566976431067,661567009277525
189.85957,569.19714,200.86882,539.46234,661567009477265,661567041760650
185.56938,565.08575,189.9605,565.08575,661567041953463,661567072905963
179.39326,557.1388,189.85957,557.1388,661567073105338,661567105729973
205.30997,543.3706,189.9605,557.1388,661567105894296,661567138217630
199.06473,529.2012,189.9605,557.1388,661567138989557,661567170102005
209.13329,528.668,199.06473,543.3706,661567170266223,661567205626119
180.76701,478.3108,189.9605,529.2012,661567205721692,661567241471171
221.30908,568.4185,199.06473,543.3706,661567241574140,661567273554765
470.7679,458.93338,199.06473,529.2012,661567273750859,661567317565494
633.15955,829.2445,221.30908,543.3706,661567317682734,661567352961536
547.71454,742.5719,470.7679,543.3706,661567353172057,661567385491952
333.6078,605.4269,333.6078,605.4269,661567385640702,661567417760234
355.7262,565.53076,355.7262,565.53076,661567417859088,661567450559609
348.33917,515.8855,348.33917,565.53076,661567450658359,661567485240338
313.4579,413.28284,348.33917,565.53076,661567485365598,661567519635182
329.76593,392.89294,348.33917,515.8855,661567519732838,661567555924296
336.7782,437.5132,336.7782,437.5132,661567556235650,661567588604869
330.81442,385.23874,336.7782,437.5132,661567589335129,661567621934921
325.80542,405.69785,336.7782,437.5132,661567622106536,661567655579140
315.71628,443.65216,330.81442,437.5132,661567655736431,661567689820025
303.23337,424.56085,325.80542,437.5132,661567690018202,661567723115650
301.8953,451.10373,315.71628,437.5132,661567723309400,661567759303931
299.611,477.41232,303.23337,437.5132,661567759465650,661567792628984
325.24103,475.23392,315.71628,451.10373,661567794310442,661567827744609
309.8209,373.90668,309.8209,437.5132,661567829566484,661567863419713
377.18524,215.34332,315.71628,437.5132,661567863526952,661567899555077
385.8761,214.4867,315.71628,373.90668,661567899643567,661567934318358
381.44205,221.1317,377.18524,221.1317,661567934427369,661567970859921
385.69067,225.20287,381.44205,225.20287,661567971001744,661568005768879
377.16208,241.27565,377.18524,225.20287,661568005874452,661568040262369
378.3669,220.00925,378.3669,225.20287,661568040442473,661568074492265
368.23288,231.27754,377.18524,225.20287,661568075696379,661568110849400
376.36688,213.58893,377.18524,225.20287,661568111041067,661568144512838
368.3458,269.42105,376.36688,225.20287,661568144698723,661568178071900
270.27814,301.46817,376.36688,225.20287,661568178247213,661568211155702
262.43027,307.50586,368.3458,269.42105,661568211268150,661568243420181
262.31598,332.44897,270.27814,301.46817,661568243534244,661568274884348
253.60413,298.81146,262.43027,298.81146,661568274984556,661568307752473
260.03824,275.77576,262.31598,298.81146,661568307856692,661568343121483
262.1788,245.14944,262.1788,298.81146,661568343233827,661568374943358
244.06676,279.44055,262.1788,279.44055,661568375142681,661568405502942
262.9328,280.65454,262.1788,280.65454,661568405674452,661568438348410
258.30878,291.7019,262.1788,280.65454,661568438528515,661568473164244
253.59673,294.22186,262.1788,280.65454,661568473347212,661568508457004
248.76399,335.60397,258.30878,291.7019,661568508649660,661568541009504
260.65146,362.48224,260.65146,294.22186,661568541170650,661568582274452
298.2313,783.5142,260.65146,335.60397,661568582376431,661568615467160
195.18642,1349.5785,260.65146,362.48224,661568615564400,661568649658462
204.17084,1313.4994,260.65146,783.5142,661568650716327,661568681824869
204.50189,1340.7311,204.50189,1313.4994,661568681927264,661568716686327
222.14694,1332.4082,222.14694,1313.4994,661568717458619,661568750614191
216.85954,1382.9125,216.85954,1332.4082,661568750749556,661568782447264
170.6644,1415.6519,216.85954,1332.4082,661568782722421,661568815753150
167.95203,1370.6061,216.85954,1370.6061,661568816752264,661568850876066
170.48077,1378.9675,170.6644,1370.6061,661568851071014,661568884386952
177.8085,1365.7273,177.8085,1370.6061,661568884515441,661568915830858
114.38135,1488.1111,170.6644,1370.6061,661568915930546,661568949301014
77.63078,1498.5028,170.6644,1370.6061,661568949467941,661568981064035
97.36058,1440.0876,114.38135,1440.0876,661568981178358,661569016059191
64.67637,1467.9487,97.36058,1440.0876,661569016151223,661569051902473
66.68658,1448.1448,97.36058,1440.0876,661569052132941,661569085721952
70.34519,1440.693,70.34519,1440.693,661569085919296,661569126684556
194.46098,989.8688,97.36058,1440.0876,661569126797368,661569160411275
525.0312,579.7442,97.36058,1440.0876,661569160585546,661569198115181
422.8843,296.8861,194.46098,989.8688,661569199735129,661569232797108
426.9653,345.52145,422.8843,579.7442,661569232931066,661569268117525
472.42624,292.15976,422.8843,345.52145,661569268291327,661569302501848
415.29907,239.22487,422.8843,345.52145,661569302668202,661569336571535
482.77704,211.60745,422.8843,292.15976,661569336750858,661569370653879
450.99518,188.29034,422.8843,239.22487,661569370846900,661569403317629
433.3058,182.6436,433.3058,211.60745,661569403516743,661569437559712
415.97882,213.16866,422.8843,213.16866,661569437738566,661569473091014
473.67822,192.31085,433.3058,211.60745,661569473300337,661569511320077
473.3671,203.86418,433.3058,211.60745,661569513450754,661569557299295
487.9544,193.73471,473.3671,203.86418,661569557488462,661569592799139
467.46924,194.54005,467.46924,203.86418,661569592894764,661569629074660
455.0756,197.35042,467.46924,197.35042,661569629486483,661569672272004
489.82993,199.3384,467.46924,199.3384,661569672373149,661569706626170
990.6972,368.7495,467.46924,199.3384,661569706824035,661569738570858
1046.2062,398.27176,489.82993,199.3384,661569738756431,661569774292264
1013.97437,381.3709,990.6972,368.7495,661569774480702,661569808743254
1020.7438,395.06778,1013.97437,381.3709,661569808971535,661569844759087
1028.864,370.037,1013.97437,370.037,661569845724139,661569879238097
1017.9336,377.69208,1017.9336,377.69208,661569879352993,661569911822681
1003.1797,372.8216,1013.97437,372.8216,661569912085024,661569977085754
1032.8755,371.15204,1017.9336,372.8216,661569977199451,661570009629295
1033.3212,390.6691,1017.9336,372.8216,661570010618201,661570044968983
1160.4703,524.7784,1032.8755,372.8216,661570045075493,661570080866847
1163.5094,532.239,1033.3212,390.6691,661570080974191,661570140498462
1167.5902,505.87817,1160.4703,505.87817,661570140617524,661570177434087
1163.981,548.77325,1163.5094,505.87817,661570177756743,661570210551847
1068.555,473.69284,1160.4703,505.87817,661570210751639,661570242345024
982.2812,810.95624,1160.4703,505.87817,661570242537160,661570274738410
1090.7822,747.36975,1090.7822,505.87817,661570274851066,661570306053253
1151.5803,936.84235,1151.5803,747.36975,661570306190389,661570338455389
1175.3488,754.92834,1151.5803,747.36975,661570338611274,661570372980649
1184.2067,699.58,1151.5803,747.36975,661570373100910,661570404563670
1181.9434,675.1292,1175.3488,747.36975,661570404858983,661570442647160
1184.378,632.588,1181.9434,699.58,661570442758670,661570475143983
1183.2593,628.54834,1181.9434,675.1292,661570475269295,661570507653253
1183.6903,631.7209,1183.2593,632.588,661570507804868,661570540381951
1184.394,658.6052,1183.2593,658.6052,661570540580285,661570577023878
1187.6014,638.1978,1183.6903,638.1978,661570577144191,661570630466535
1187.7748,645.29004,1184.394,645.29004,661570630655753,661570667388566
1185.6768,638.1975,1185.6768,638.1978,661570667561535,661570701942055
1187.0454,652.6689,1185.6768,645.29004,661570702125597,661570736139399
1186.3771,641.0847,1185.6768,641.0847,661570736315128,661570772940232
1186.1178,665.29346,1186.1178,645.29004,661570773129868,661570805674347
1186.3986,663.223,1186.1178,645.29004,661570805861222,661570839369555
1184.4149,668.81366,1186.1178,663.223,661570839491795,661570872357993
1127.0435,606.37897,1186.1178,645.29004,661570872538097,661570907461430
927.8629,882.5513,1184.4149,663.223,661570907656222,661570971511222
718.6785,760.36646,1127.0435,663.223,661570971633253,661571007602159
409.7748,695.1129,927.8629,695.1129,661571007705493,661571039948201
323.0248,537.836,718.6785,663.223,661571040358618,661571075485128
361.45197,508.67783,409.7748,663.223,661571075601170,661571105231534
366.59033,404.30273,366.59033,537.836,661571105355701,661571137849868
333.01898,411.11334,366.59033,508.67783,661571140289347,661571171679295
346.61646,411.17996,366.59033,411.17996,661571171833618,661571205733982
339.4278,361.25348,346.61646,411.17996,661571205852055,661571240642576
330.6306,398.79254,346.61646,411.17996,661571240824243,661571277226795
315.61478,425.35007,339.4278,411.17996,661571278195961,661571322183878
412.74445,563.67206,346.61646,411.17996,661571322296847,661571354749034
776.7329,1137.2245,346.61646,425.35007,661571354945076,661571388749920
367.01657,1847.1774,367.01657,563.67206,661571389856378,661571424724868
238.03468,1926.2036,346.61646,1137.2245,661571424914503,661571456738253
224.50334,1879.6644,346.61646,1847.1774,661571456880649,661571487924399
232.28792,1731.3248,238.03468,1731.3248,661571491145128,661571522598097
162.40074,1715.4305,232.28792,1731.3248,661571522846170,661571554588201
190.4888,1618.7269,232.28792,1731.3248,661571555862315,661571589944295
209.5083,1626.6628,209.5083,1715.4305,661571590034190,661571621178982
206.18654,1555.0925,209.5083,1626.6628,661571623848357,661571658509503
208.50523,1581.9097,209.5083,1626.6628,661571658586534,661571701124295
209.37245,1556.4963,209.37245,1581.9097,661571701311951,661571734894920
196.36093,1561.2604,209.37245,1581.9097,661571734996742,661571767877732
186.68887,1588.5994,209.37245,1581.9097,661571768110440,661571813162784
183.45648,1561.6013,196.36093,1581.9097,661571813351117,661571843842628
249.4454,1488.4854,209.37245,1581.9097,661571844453461,661571877591847
272.33655,1414.572,209.37245,1561.6013,661571877735857,661571909063565
277.0316,1397.9048,249.4454,1488.4854,661571909166117,661571942452784
275.73416,1382.6384,272.33655,1414.572,661571943378513,661571979497263
281.17102,1460.055,275.73416,1460.055,661571979617003,661572010006586
268.3931,1339.0651,272.33655,1414.572,661572010112419,661572050835232
261.20056,1429.6932,272.33655,1429.6932,661572051018149,661572082728044
270.64444,1398.5712,270.64444,1414.572,661572082855909,661572116335388
341.9166,1290.799,272.33655,1414.572,661572116538305,661572148036482
487.44907,1264.2094,272.33655,1398.5712,661572148250128,661572179038930
536.3855,1363.5354,341.9166,1363.5354,661572179170388,661572212149867
497.74576,1286.5513,487.44907,1363.5354,661572212296951,661572243752836
499.96054,1330.8689,497.74576,1363.5354,661572243927419,661572276132576
552.8562,1387.9113,497.74576,1363.5354,661572276247732,661572307361586
548.89526,1373.8864,499.96054,1363.5354,661572307482211,661572338304607
700.3736,1432.3357,548.89526,1373.8864,661572338418565,661572370382315
669.53796,1396.3427,548.89526,1373.8864,661572370491326,661572402490648
325.71558,1742.9513,548.89526,1396.3427,661572402601534,661572435755232
115.67721,1648.9608,548.89526,1396.3427,661572435874346,661572468680492
179.85599,1637.738,325.71558,1637.738,661572468775909,661572501225128
150.63026,1459.6405,179.85599,1459.6405,661572501330128,661572538287263
98.88842,1458.95,179.85599,1459.6405,661572538405909,661572572818044
140.14021,1339.1505,150.63026,1459.6405,661572572944555,661572608878773
109.67294,1314.0277,140.14021,1458.95,661572608991065,661572679125440
63.648453,1382.4753,140.14021,1382.4753,661572680024867,661572712972680
126.8306,1359.132,126.8306,1382.4753,661572713180180,661572747157055
124.786,1369.1586,126.8306,1382.4753,661572747317002,661572780325752
119.234344,1368.0984,126.8306,1369.1586,661572780513357,661572813402940
113.36802,1411.4985,124.786,1382.4753,661572813591586,661572846796221
306.84824,423.2261,126.8306,1369.1586,661572846990336,661572879856013
312.88492,308.9675,126.8306,1369.1586,661572880077107,661572911710388
307.83813,306.62354,306.84824,423.2261,661572911861534,661572945845388
323.10886,325.0348,307.83813,325.0348,661572945993304,661572979710232
315.4252,384.43488,307.83813,384.43488,661572979873252,661573012771013
324.56766,330.33093,315.4252,330.33093,661573014774607,661573046552523
303.9484,397.01135,307.83813,384.43488,661573046745544,661573080282002
263.1034,200.11224,307.83813,330.33093,661573080485284,661573111693356
241.41034,225.41876,303.9484,330.33093,661573111864034,661573145547159
249.95782,222.30408,263.1034,225.41876,661573145719242,661573180104502
250.72878,234.7876,250.72878,234.7876,661573180285023,661573211349763
244.05121,230.25056,250.72878,230.25056,661573211537784,661573244642940
226.54407,231.5469,250.72878,231.5469,661573244817002,661573277673617
225.53564,233.27159,244.05121,231.5469,661573277818773,661573311367471
217.61429,215.852,226.54407,231.5469,661573311548356,661573345641273
243.07823,207.94643,243.07823,231.5469,661573345775388,661573380028044
263.91757,209.5889,243.07823,215.852,661573380267002,661573413764606
260.19623,203.30278,243.07823,209.5889,661573414045804,661573445789033
255.14287,211.7557,255.14287,211.7557,661573445931533,661573480648721
243.9833,209.64185,243.9833,209.64185,661573480805023,661573511253721
245.37299,215.49303,245.37299,211.7557,661573511415752,661573548648356
249.27571,215.82185,245.37299,211.7557,661573548824502,661573580955335
240.6538,211.8572,245.37299,211.8572,661573581138096,661573612055075
317.5971,283.32446,245.37299,211.8572,661573612222471,661573645554190
625.16736,426.31958,245.37299,211.8572,661573645756481,661573677801377
716.6677,945.36066,317.5971,283.32446,661573677951481,661573709911690
492.81973,1224.012,492.81973,426.31958,661573710074190,661573744831794
253.93211,1708.3656,317.5971,945.36066,661573745022367,661573779099815
256.93323,1883.3435,317.5971,1224.012,661573779306950,661573814415440
256.902,1745.6519,256.93323,1708.3656,661573814491742,661573843797210
270.37744,1561.8203,270.37744,1561.8203,661573843940075,661573874059450
234.52199,1489.9646,256.93323,1561.8203,661573874221481,661573909439085
226.40393,1412.7949,256.93323,1561.8203,661573910304502,661573942338096
225.50241,1367.8094,234.52199,1489.9646,661573942484606,661573975794294
248.2508,1378.7854,248.2508,1412.7949,661573975913460,661574009107523
246.49286,1375.2985,246.49286,1378.7854,661574009316377,661574040845960
233.39328,1376.5842,246.49286,1378.7854,661574041049450,661574069345752
221.03464,1402.9751,246.49286,1378.7854,661574069451377,661574098850908
224.14998,1360.0232,233.39328,1378.7854,661574098958773,661574131170544
210.02676,1389.6725,224.14998,1378.7854,661574131280700,661574162101481
233.31816,1382.103,233.31816,1378.7854,661574162187575,661574194763512
223.0264,1405.0758,224.14998,1382.103,661574194875075,661574227828877
233.02966,1407.1918,233.02966,1382.103,661574229021221,661574261044450
224.11937,1422.5408,224.14998,1405.0758,661574261156325,661574291200387
211.34341,1359.9757,224.14998,1382.103,661574291376012,661574324181898
232.18166,1435.7212,224.14998,1405.0758,661574325338356,661574358952991
194.67235,1470.7722,224.14998,1405.0758,661574359155231,661574394390439
202.17888,1428.2668,224.14998,1428.2668,661574395036794,661574426863668
302.86606,975.0423,224.14998,1405.0758,661574426995960,661574458897679
303.3839,871.8283,224.14998,1405.0758,661574459095700,661574491110596
337.098,837.2254,302.86606,975.0423,661574491275335,661574528940127
272.48553,814.78015,272.48553,871.8283,661574529026585,661574563977314
278.54532,796.6515,278.54532,837.2254,661574564138825,661574594751116
296.03375,747.194,278.54532,814.78015,661574595196689,661574628096898
309.68387,761.4069,278.54532,796.6515,661574628253252,661574660607106
310.26337,788.0039,296.03375,788.0039,661574661562054,661574692556637
325.30283,788.60956,309.68387,788.60956,661574694154345,661574726174918
319.30905,781.9927,310.26337,788.0039,661574726324970,661574757279606
307.26813,802.5874,309.68387,788.60956,661574757416585,661574787517939
312.88742,514.4922,310.26337,788.0039,661574790238981,661574825024762
357.26413,395.872,310.26337,788.0039,661574825134398,661574858728147
354.63898,376.46097,312.88742,514.4922,661574858887158,661574892496064
373.20642,427.9587,354.63898,427.9587,661574892689502,661574926438147
387.8499,399.28534,354.63898,427.9587,661574926600908,661574962498147
367.3468,433.35443,367.3468,427.9587,661574962681950,661574998700960
335.2263,346.84915,354.63898,427.9587,661574998798929,661575034971533
312.48148,350.57236,354.63898,427.9587,661575035082054,661575082222783
372.5301,429.91315,354.63898,427.9587,661575083122991,661575114613252
342.66852,360.97287,354.63898,427.9587,661575119936949,661575158907054
337.51727,367.47534,354.63898,427.9587,661575159048356,661575193084866
332.7042,373.37204,342.66852,373.37204,661575193234658,661575226608616
340.17688,375.40982,340.17688,375.40982,661575226786585,661575260823147
335.14694,867.6612,340.17688,375.40982,661575260997522,661575295494970
271.56827,1460.5436,340.17688,375.40982,661575295667939,661575329148356
252.85626,1455.9126,335.14694,867.6612,661575329320543,661575364751741
241.13033,1470.4049,271.56827,1455.9126,661575364898460,661575399579449
246.04181,1451.003,252.85626,1451.003,661575399694970,661575431346429
249.83153,1456.8082,249.83153,1455.9126,661575431525908,661575469492887
266.794,1435.5273,252.85626,1451.003,661575470154710,661575515528668
257.30905,1450.1445,252.85626,1451.003,661575515621012,661575552892574
234.36769,1376.3774,252.85626,1450.1445,661575552986012,661575590539501
237.42897,1333.8031,252.85626,1450.1445,661575590722314,661575622160074
258.08875,1364.5515,252.85626,1376.3774,661575622356012,661575657121845
241.81175,1451.9478,252.85626,1450.1445,661575658784189,661575694161168
279.00766,1328.4852,252.85626,1376.3774,661575694360856,661575733667730
279.70984,1373.7147,252.85626,1376.3774,661575733855283,661575768839710
273.95517,1421.0764,273.95517,1376.3774,661575769868772,661575802485543
258.02435,1374.8918,258.02435,1376.3774,661575802598251,661575842071637
260.345,1389.522,260.345,1376.3774,661575842252730,661575873908928
261.91437,1381.914,260.345,1376.3774,661575874609918,661575909532522
276.54044,1392.2549,260.345,1381.914,661575909726637,661575940820491
274.7565,1384.1278,261.91437,1381.914,661575941691897,661575975170960
286.2518,1379.5848,274.7565,1381.914,661575975333824,661576008287522
361.75464,1413.6392,274.7565,1381.914,661576008474189,661576038371376
467.29953,994.006,286.2518,1381.914,661576038575126,661576069495907
585.78485,843.31165,361.75464,1381.914,661576070336585,661576101805439
528.4761,770.621,467.29953,994.006,661576101924553,661576139144085
386.88477,406.86227,386.88477,843.31165,661576139327418,661576171787262
366.51077,527.3233,386.88477,770.621,661576171985387,661576203163095
406.0099,427.9337,386.88477,527.3233,661576203278876,661576238714762
424.35452,329.76996,386.88477,527.3233,661576238820387,661576273991741
426.4389,318.6685,406.0099,427.9337,661576274116637,661576307527314
400.1585,255.91798,400.1585,329.76996,661576307708147,661576341171428
395.06317,278.4525,400.1585,318.6685,661576343685803,661576375028616
410.14636,240.26561,400.1585,278.4525,661576375734032,661576407135230
411.55896,267.89557,400.1585,278.4525,661576407327053,661576438307834
425.8199,347.82846,410.14636,278.4525,661576438516064,661576472362678
429.24603,340.50583,411.55896,278.4525,661576472556376,661576504714970
409.76486,362.27713,410.14636,340.50583,661576504910334,661576537612470
422.22784,373.23434,411.55896,340.50583,661576537806272,661576578665439
425.28052,397.5078,411.55896,362.27713,661576578861480,661576613857470
414.00372,373.59277,414.00372,373.23434,661576617442053,661576650109397
404.81192,398.97278,411.55896,373.59277,661576651074657,661576687278095
406.3504,380.63696,411.55896,373.59277,661576687428616,661576726078511
421.29196,380.22708,411.55896,380.22708,661576726247574,661576760324813
403.74448,410.28424,411.55896,380.22708,661576760496741,661576793930074
398.30005,355.5221,411.55896,380.22708,661576794095595,661576826824813
403.87772,371.00137,403.87772,380.22708,661576826987209,661576859930438
401.86313,359.45,403.87772,371.00137,661576860199345,661576892706272
409.72296,388.4979,403.87772,380.22708,661576892913772,661576927465855
414.1656,379.4287,403.87772,379.4287,661576927645907,661576962119761
406.77673,383.4076,406.77673,380.22708,661576962299709,661576997647157
407.5374,408.2868,406.77673,380.22708,661576997756740,661577043171167
408.01843,382.51233,406.77673,382.51233,661577043361115,661577074418615
413.50748,401.0837,407.5374,382.51233,661577074502105,661577107102209
422.5293,376.39554,408.01843,382.51233,661577107246740,661577140977053
445.49417,420.1938,413.50748,382.51233,661577141179188,661577176052574
617.1483,580.88617,422.5293,382.51233,661577176161532,661577209321949
712.92487,976.17163,445.49417,420.1938,661577209431584,661577243504397
549.14996,1050.5377,549.14996,580.88617,661577243622313,661577280773147
392.50763,1712.9194,445.49417,976.17163,661577280871011,661577312807105
501.5603,1617.7452,501.5603,1050.5377,661577313419240,661577347588251
513.01794,1470.1808,501.5603,1470.1808,661577358832626,661577393746324
510.89325,1348.3094,501.5603,1348.3094,661577393857626,661577425256011
446.84772,1341.0347,501.5603,1348.3094,661577425425855,661577461271480
502.22156,1314.2788,501.5603,1348.3094,661577461447886,661577494716480
456.41168,1251.5055,501.5603,1341.0347,661577494810855,661577535726011
421.71765,1268.4097,501.5603,1314.2788,661577536882261,661577569368355
411.51392,1267.7783,456.41168,1268.4097,661577569579136,661577602443511
409.33136,1280.8877,421.71765,1280.8877,661577602659865,661577633139501
345.0147,1654.6239,411.51392,1280.8877,661577633313719,661577666764292
349.162,1830.7158,409.33136,1280.8877,661577666907990,661577697318980
305.06104,1840.6289,349.162,1654.6239,661577697438251,661577729272626
350.95898,1755.1583,350.95898,1755.1583,661577729413355,661577766481323
281.15912,1846.099,349.162,1755.1583,661577766666271,661577798163615
287.7668,1852.1099,349.162,1755.1583,661577798295803,661577835113615
303.0338,1875.0183,303.0338,1846.099,661577835326376,661577869085073
353.3525,1834.2103,349.162,1834.2103,661577869275803,661577903775334
306.5439,1826.5374,306.5439,1834.2103,661577903982261,661577940408355
388.07718,1784.5245,349.162,1834.2103,661577940612730,661577976591480
371.04416,1719.4349,349.162,1826.5374,661577976774344,661578015012782
417.762,883.4121,371.04416,1784.5245,661578015892573,661578049653667
382.2283,886.616,371.04416,1719.4349,661578052149657,661578083720073
339.09528,874.5013,371.04416,886.616,661578083904448,661578115450230
347.13834,871.3512,371.04416,886.616,661578115554813,661578148227417
349.19626,893.3351,349.19626,886.616,661578150702313,661578183445959
400.2364,827.22614,371.04416,886.616,661578184655542,661578219553250
390.39496,818.2277,371.04416,886.616,661578220562782,661578251992313
379.99084,803.71436,379.99084,827.22614,661578252290125,661578284929605
391.68933,805.2101,379.99084,818.2277,661578285070386,661578320465802
389.13443,525.0363,379.99084,805.2101,661578320652625,661578356335594
379.711,225.11801,379.99084,805.2101,661578356434813,661578389647417
390.7898,181.03946,379.99084,525.0363,661578389763667,661578421619657
381.70694,192.57538,379.99084,225.11801,661578422438719,661578454941584
377.8359,183.43353,379.99084,192.57538,661578455070386,661578497589448
363.18024,209.27466,379.99084,209.27466,661578497789344,661578530763563
357.16788,201.1899,377.8359,201.1899,661578532267052,661578565661011
366.64267,201.0729,366.64267,201.1899,661578565802209,661578600616011
369.8365,200.07481,369.8365,201.1899,661578600728771,661578633190698
362.8931,210.25218,366.64267,201.1899,661578633382365,661578664326271
388.29068,167.22812,369.8365,201.1899,661578664456115,661578709984709
505.9888,192.86485,369.8365,201.1899,661578710182781,661578744536948
476.92905,186.5016,388.29068,192.86485,661578744725542,661578781716219
492.91446,199.98529,476.92905,199.98529,661578781874813,661578818577521
491.2568,196.63322,476.92905,196.63322,661578818752365,661578854877000
498.23788,198.42471,491.2568,198.42471,661578855006375,661578887284083
477.0807,642.6416,477.0807,198.42471,661578887461740,661578921097104
370.12354,1365.9576,477.0807,198.42471,661578921223927,661578954689136
381.89716,1495.2161,477.0807,642.6416,661578954867052,661579001581792
368.87805,1478.6556,381.89716,1365.9576,661579001736792,661579034231531
338.927,1443.0653,381.89716,1443.0653,661579034415281,661579065759344
375.43323,1464.8118,375.43323,1443.0653,661579065917313,661579099772573
353.4268,1451.4568,375.43323,1443.0653,661579099954656,661579130282729
371.3952,1427.6444,375.43323,1443.0653,661579130397938,661579162860438
362.6459,1412.2385,371.3952,1443.0653,661579163697781,661579200696635
357.3408,1431.6395,371.3952,1431.6395,661579200862156,661579234613354
349.12988,1393.4225,362.6459,1431.6395,661579234812156,661579267930177
351.6379,1385.5809,357.3408,1431.6395,661579268706375,661579298975594
381.14212,1263.9738,362.6459,1393.4225,661579299167312,661579332998979
358.27893,1181.1676,358.27893,1385.5809,661579333161115,661579363286740
367.78796,1133.2299,362.6459,1263.9738,661579363432365,661579394794187
369.421,1106.2372,362.6459,1181.1676,661579394915594,661579427538667
375.62622,1103.0947,367.78796,1133.2299,661579428776948,661579464667781
371.99243,1110.3785,369.421,1110.3785,661579464862469,661579496805177
435.20004,1018.3365,371.99243,1110.3785,661579496913406,661579529921062
425.4544,1025.5911,371.99243,1110.3785,661579530108042,661579561904187
381.1374,1046.432,381.1374,1046.432,661579562015073,661579597049552
442.69217,1031.9072,381.1374,1046.432,661579597209083,661579629768198
403.30267,1034.9762,381.1374,1046.432,661579629989187,661579663357469
457.2762,989.6379,403.30267,1034.9762,661579663509239,661579722766635
415.77884,1027.1667,403.30267,1034.9762,661579722889344,661579759900646
402.0745,1064.4199,403.30267,1034.9762,661579759999135,661579798486791
678.40643,846.2541,403.30267,1034.9762,661579798642156,661579829976583
642.0613,862.5386,403.30267,1034.9762,661579830171479,661579866110125
679.29694,812.29065,642.0613,862.5386,661579866306114,661579916387625
698.7124,844.312,642.0613,862.5386,661579916665385,661579950986323
696.63165,832.18756,679.29694,844.312,661579951177521,661579984403979
686.3433,853.0065,686.3433,853.0065,661579984583406,661580017048927
698.0432,821.1108,686.3433,844.312,661580019731062,661580051587260
672.29987,852.5238,686.3433,852.5238,661580051681531,661580084782364
696.6242,733.7825,686.3433,844.312,661580085795073,661580117700906
712.7899,315.74615,686.3433,844.312,661580118112156,661580152728250
750.97644,336.81052,696.6242,733.7825,661580153642468,661580185886479
731.7935,332.5081,712.7899,336.81052,661580186056948,661580220360854
755.28674,300.40335,731.7935,336.81052,661580220513406,661580252967573
689.14734,301.7334,712.7899,332.5081,661580253151375,661580285017520
648.43256,267.08698,712.7899,301.7334,661580285143666,661580320389395
508.56454,256.75067,689.14734,301.7334,661580320566635,661580356449656
550.2039,186.60005,648.43256,267.08698,661580356578614,661580390786791
524.28107,151.4573,550.2039,256.75067,661580390895281,661580425295385
523.6282,132.56381,550.2039,186.60005,661580425477833,661580469334760
532.14355,147.20103,532.14355,151.4573,661580469514135,661580500247364
515.04407,129.98839,532.14355,147.20103,661580500430020,661580531607989
515.15753,149.74266,532.14355,149.74266,661580531819031,661580565089395
538.63446,138.00166,532.14355,147.20103,661580565347052,661580599425906
512.3026,165.30986,532.14355,149.74266,661580599582260,661580633198093
500.3407,157.47453,532.14355,149.74266,661580633369916,661580664999708
516.5916,174.47034,516.5916,157.47453,661580665147937,661580698592520
517.8833,177.9291,517.8833,157.47453,661580698786531,661580729997572
526.4544,176.71797,517.8833,174.47034,661580730157208,661580762232364
529.68036,151.78899,517.8833,157.47453,661580762394760,661580801554812
529.4767,177.11876,526.4544,174.47034,661580801737729,661580831672885
477.23828,269.0624,517.8833,174.47034,661580831855854,661580865410854
461.95294,682.7286,517.8833,177.11876,661580865593510,661580898246947
463.03198,655.71893,477.23828,269.0624,661580898424395,661580929252156
397.5074,770.71326,463.03198,655.71893,661580929439395,661580960371426
644.159,1115.1411,477.23828,655.71893,661580960508822,661580993204916
695.67035,1015.5293,477.23828,770.71326,661580994700124,661581027382624
527.7626,1047.5967,527.7626,1015.5293,661581027552103,661581058322312
358.01566,1424.8872,477.23828,1015.5293,661581058409447,661581090976062
344.99954,1413.9304,477.23828,1047.5967,661581091078666,661581122380228
328.92014,1294.1809,358.01566,1294.1809,661581122499499,661581155047833
405.19476,1114.8955,405.19476,1114.8955,661581155164031,661581186728718
406.7605,1031.2386,405.19476,1114.8955,661581186826166,661581218606999
386.83884,960.62683,405.19476,1114.8955,661581220621374,661581254570749
384.59628,894.8177,405.19476,1031.2386,661581254700958,661581290282260
378.95065,930.92206,386.83884,960.62683,661581290480333,661581337164603
378.4429,879.9923,384.59628,930.92206,661581338037520,661581373145020
375.3635,891.94434,378.95065,930.92206,661581373258458,661581405468041
383.39594,939.6912,383.39594,930.92206,661581405580385,661581437480437
400.60095,951.8593,383.39594,930.92206,661581437660332,661581474023093
388.71616,935.55505,383.39594,935.55505,661581474202155,661581512230541
374.11435,949.728,383.39594,935.55505,661581512411166,661581543027416
421.63855,900.30176,383.39594,935.55505,661581544688822,661581578097989
394.84607,937.2903,383.39594,935.55505,661581579650072,661581612260228
407.55237,879.94434,394.84607,935.55505,661581614768718,661581646007884
378.11978,989.12067,383.39594,935.55505,661581649646218,661581681273197
396.48572,933.2867,394.84607,935.55505,661581681467728,661581713744343
341.04077,926.34344,383.39594,935.55505,661581715150645,661581747126426
335.4657,975.06805,383.39594,935.55505,661581748222676,661581782627937
349.2828,886.7132,349.2828,935.55505,661581782745384,661581811854447
383.00513,883.749,383.00513,935.55505,661581814500280,661581847451166
315.72397,507.46796,349.2828,886.7132,661581847596114,661581880583041
368.42383,279.9811,368.42383,883.749,661581881905072,661581913657936
350.2869,279.6967,350.2869,507.46796,661581914916791,661581945576166
322.21606,290.5787,350.2869,290.5787,661581947170020,661581978391322
316.66647,321.05502,350.2869,321.05502,661581979305020,661582011734082
325.97488,296.95667,325.97488,296.95667,661582012930853,661582052739551
335.9621,322.2909,335.9621,321.05502,661582054804916,661582091745124
321.17667,326.04355,325.97488,321.05502,661582091908561,661582129211999
371.03253,269.70297,335.9621,321.05502,661582129371686,661582161238666
356.808,263.4737,335.9621,321.05502,661582161435020,661582195418666
377.44702,260.81302,356.808,269.70297,661582195583926,661582228188874
390.23328,249.70764,356.808,263.4737,661582228833926,661582260159655
414.64978,230.14644,377.44702,260.81302,661582260308666,661582294180072
411.9923,200.24211,390.23328,249.70764,661582294311113,661582327354030
422.39795,226.0921,411.9923,230.14644,661582327558405,661582365883301
412.8977,229.01477,411.9923,229.01477,661582365991218,661582395685332
397.51648,238.17944,411.9923,230.14644,661582395859395,661582428637103
430.0105,208.50076,411.9923,229.01477,661582428804603,661582463142936
437.7244,188.09671,411.9923,229.01477,661582463412415,661582497152520
367.8783,457.79227,411.9923,229.01477,661582497330645,661582526433665
340.24615,552.46875,411.9923,229.01477,661582526623405,661582558735384
333.6762,472.74185,367.8783,457.79227,661582558925384,661582592944759
326.8368,479.4354,340.24615,472.74185,661582593141686,661582627994342
334.39972,447.91223,334.39972,457.79227,661582628258197,661582660624811
331.1177,481.3159,334.39972,472.74185,661582660765749,661582693040905
342.40924,511.9987,334.39972,472.74185,661582693181478,661582727651269
323.867,624.27045,334.39972,481.3159,661582727815072,661582758733301
308.48486,1097.8225,334.39972,511.9987,661582758900072,661582795499342
241.37273,1554.1892,323.867,624.27045,661582795732988,661582828771842
242.37799,1508.0436,308.48486,1097.8225,661582828951582,661582861739030
261.52386,1555.1254,261.52386,1508.0436,661582861943822,661582894666165
235.17355,1489.1748,261.52386,1489.1748,661582894851686,661582932822676
237.3559,1470.7736,261.52386,1489.1748,661582933008457,661582965788561
233.14394,1493.696,237.3559,1489.1748,661582965964759,661583002653353
234.15869,1514.6974,237.3559,1489.1748,661583002861582,661583041472207
237.4622,1505.3485,237.3559,1493.696,661583041628926,661583072628144
224.54596,1499.3145,237.3559,1499.3145,661583074644967,661583132993717
279.39978,1503.0469,237.3559,1499.3145,661583133102728,661583164497051
285.3308,1466.9054,237.3559,1499.3145,661583164684551,661583196893717
333.91403,1388.3492,279.39978,1499.3145,661583206655905,661583244896582
324.19678,1348.0422,285.3308,1466.9054,661583246148926,661583275780488
708.94885,1439.3829,324.19678,1439.3829,661583276501478,661583319852207
769.0729,1313.9832,324.19678,1439.3829,661583320110332,661583366158248
773.16644,1356.8162,708.94885,1439.3829,661583366344707,661583402544811
783.5397,1104.1991,769.0729,1356.8162,661583402669030,661583435834550
507.9741,804.60364,708.94885,1356.8162,661583436053405,661583497642259
415.14908,1204.1781,708.94885,1204.1781,661583497760019,661583529561373
396.24725,1131.7834,507.9741,1204.1781,661583530466894,661583562984967
430.02576,955.58295,430.02576,1204.1781,661583563174863,661583594101061
443.40677,825.7678,443.40677,1131.7834,661583594304238,661583626051790
442.21732,751.67096,442.21732,955.58295,661583626219030,661583658933352
448.35138,748.29803,443.40677,825.7678,661583659128665,661583695482207
453.86835,735.8352,443.40677,751.67096,661583695659446,661583742795280
440.52542,854.26276,443.40677,825.7678,661583742919550,661583779295540
445.5742,530.5888,443.40677,751.67096,661583779448613,661583810853196
446.8239,235.72148,443.40677,751.67096,661583811034602,661583843196061
461.958,209.44865,445.5742,530.5888,661583843997311,661583875420227
440.0388,216.28416,443.40677,235.72148,661583875545592,661583909162311
481.50534,201.25409,445.5742,216.28416,661583909300748,661583941669550
386.4584,261.1202,443.40677,235.72148,661583941801009,661583973574707
410.49268,237.78088,443.40677,235.72148,661583974575904,661584006865227
408.24692,238.86075,410.49268,237.78088,661584007013404,661584040348040
451.27414,250.06137,443.40677,237.78088,661584042113352,661584075006165
442.0029,231.01752,442.0029,237.78088,661584078065019,661584116846581
419.17422,220.952,442.0029,237.78088,661584116930175,661584149514134
449.69815,225.39108,442.0029,231.01752,661584149620956,661584184231061
586.1249,213.85535,442.0029,225.39108,661584184406321,661584219478613
669.58966,244.97911,449.69815,231.01752,661584219581373,661584259923300
665.64954,242.40103,586.1249,231.01752,661584260201998,661584291997727
669.60913,238.88298,665.64954,238.88298,661584292690123,661584323086894
700.713,228.33725,665.64954,231.01752,661584323282936,661584356130071
657.02466,272.96643,665.64954,238.88298,661584356264915,661584390253665
666.2864,254.99837,665.64954,238.88298,661584390390748,661584429931008
685.8712,256.94418,665.64954,254.99837,661584430084602,661584460496425
676.88,275.74493,666.2864,254.99837,661584460660383,661584494806790
739.43427,249.75764,676.88,254.99837,661584494992415,661584526405019
733.12067,262.29926,676.88,254.99837,661584526552623,661584561280748
665.6565,732.55536,676.88,254.99837,661584561482206,661584593864446
668.8044,855.9351,676.88,262.29926,661584594066477,661584627269342
448.88336,763.9576,668.8044,732.55536,661584627457206,661584661496321
312.74182,1058.5776,668.8044,763.9576,661584661668300,661584691106737
321.53662,1034.639,448.88336,763.9576,661584691219498,661584722598612
357.03528,859.6852,357.03528,859.6852,661584723392310,661584753914550
379.38382,706.75836,379.38382,763.9576,661584754070956,661584785777519
404.0259,561.8163,379.38382,763.9576,661584787340331,661584822564342
399.15186,597.57526,379.38382,706.75836,661584823436737,661584855937831
399.12955,594.5721,399.12955,597.57526,661584856169654,661584890143040
398.4966,601.2182,398.4966,601.2182,661584890332206,661584921848612
367.4931,605.515,398.4966,601.2182,661584922001112,661584954718560
393.69302,633.9441,398.4966,601.2182,661584954895227,661584986858925
351.35614,699.7915,393.69302,605.515,661584987043352,661585019576060
333.10736,720.83777,393.69302,633.9441,661585019763404,661585053631842
284.69867,704.33344,351.35614,699.7915,661585053737779,661585102422102
294.45148,750.68274,333.10736,704.33344,661585102575175,661585134962050
283.6488,771.3583,294.45148,704.33344,661585135155227,661585176416060
262.84296,829.9641,294.45148,750.68274,661585176496477,661585209671685
258.92673,806.56366,283.6488,771.3583,661585209759966,661585240491477
269.60706,758.3673,269.60706,758.3673,661585241915956,661585274080696
261.09357,488.92136,269.60706,758.3673,661585275785487,661585318425175
248.09698,457.0249,269.60706,758.3673,661585318616164,661585353441529
247.93321,458.0296,261.09357,488.92136,661585353615956,661585387119446
258.79648,482.784,258.79648,482.784,661585387310487,661585421978768
251.16174,444.08493,258.79648,482.784,661585422151268,661585460862779
245.0472,481.29642,258.79648,482.784,661585461009914,661585495211633
242.63193,454.15555,251.16174,481.29642,661585495317518,661585525090696
235.12595,450.47876,245.0472,481.29642,661585525312935,661585557375539
229.90585,435.1533,242.63193,454.15555,661585557556789,661585588615070
213.33871,437.79202,235.12595,450.47876,661585588796425,661585622498664
221.65239,420.35837,229.90585,437.79202,661585622634654,661585656224185
350.0671,377.50586,235.12595,437.79202,661585656412362,661585690800695
377.2464,379.93082,235.12595,420.35837,661585690989289,661585723059862
391.27554,375.17697,350.0671,379.93082,661585723251685,661585774634185
423.0879,371.48724,377.2464,379.93082,661585775592258,661585809051893
385.33118,400.04575,385.33118,379.93082,661585809192050,661585844417622
438.91708,396.0109,385.33118,379.93082,661585844512831,661585877170591
408.32034,409.25775,385.33118,396.0109,661585877267362,661585909093247
409.3882,373.69992,408.32034,379.93082,661585909188872,661585939575643
392.86758,360.73026,392.86758,379.93082,661585939710383,661585973137102
392.56433,373.99548,392.86758,373.99548,661585974607050,661586008282779
401.9529,348.6097,392.86758,373.99548,661586008386424,661586040058716
389.3519,291.15,392.86758,373.99548,661586040182674,661586075010852
316.8282,234.01204,392.86758,348.6097,661586075210591,661586111891008
343.82007,203.2043,389.3519,291.15,661586111990747,661586148285747
321.0051,214.28006,343.82007,234.01204,661586148478924,661586183095487
309.80258,230.48485,343.82007,230.48485,661586183480279,661586220543456
299.6592,225.4673,321.0051,230.48485,661586220740435,661586258679862
312.32718,242.57315,312.32718,230.48485,661586259578820,661586295504393
319.72507,231.71219,319.72507,230.48485,661586295622154,661586330322674
315.10944,231.54146,315.10944,231.54146,661586330480279,661586370033404
303.595,252.82146,315.10944,231.54146,661586370228456,661586402672101
199.54459,1118.654,315.10944,231.54146,661586402866112,661586435676528
207.068,1522.043,303.595,252.82146,661586435817414,661586467213924
209.03207,1505.9279,209.03207,1118.654,661586469794445,661586501551268
184.8914,1485.9541,209.03207,1485.9541,661586506656581,661586541401424
210.54488,1452.5717,209.03207,1452.5717,661586541480122,661586571774653
223.80215,1447.9922,209.03207,1452.5717,661586571934810,661586609750903
214.90344,1419.4478,210.54488,1452.5717,661586609934393,661586642889289
227.8293,1367.1139,214.90344,1447.9922,661586643025747,661586676969185
212.807,1415.2968,212.807,1419.4478,661586677073716,661586711901528
211.43828,1464.7153,212.807,1447.9922,661586712047258,661586746357414
175.06218,1530.0552,212.807,1447.9922,661586746557518,661586782003508
183.82645,1517.3768,211.43828,1464.7153,661586782094445,661586820859810
199.2818,1478.3478,199.2818,1478.3478,661586821029810,661586856720539
210.39307,1441.0161,210.39307,1464.7153,661586856849185,661586887632153
211.07156,1472.0231,210.39307,1472.0231,661586887826424,661586921278612
224.85686,1433.1772,210.39307,1464.7153,661586921460643,661586954614914
210.83875,1425.5293,210.83875,1464.7153,661586954804601,661586988619966
259.71957,1423.8458,210.83875,1433.1772,661586988812882,661587019635695
332.51868,1376.3096,210.83875,1425.5293,661587019817466,661587051622205
326.54547,1409.51,259.71957,1423.8458,661587051807830,661587085322570
380.03244,1387.9902,326.54547,1409.51,661587085504445,661587119043299
388.71088,1403.048,326.54547,1409.51,661587120928247,661587156528195
408.99005,1384.9473,380.03244,1403.048,661587156697570,661587189025695
413.17557,1380.3802,388.71088,1403.048,661587189208351,661587220043872
492.39963,1347.7743,408.99005,1384.9473,661587220149445,661587253249341
538.6874,1416.8047,413.17557,1403.048,661587254149289,661587285138195
549.8827,1368.031,492.39963,1384.9473,661587285291320,661587318657674
556.9475,1394.0593,538.6874,1394.0593,661587318850018,661587357442518
579.66455,1394.4291,549.8827,1394.0593,661587357594028,661587388287882
585.66046,1383.4928,556.9475,1394.0593,661587388478195,661587419650903
536.09894,1365.8085,549.8827,1394.0593,661587419833507,661587453187153
611.2283,1421.9795,556.9475,1394.0593,661587453347518,661587492373143
565.07837,1302.0127,556.9475,1394.0593,661587492552205,661587524724913
578.15247,1327.2448,565.07837,1394.0593,661587524851788,661587555354080
605.28674,1339.1266,565.07837,1339.1266,661587555446163,661587588183038
424.99347,1012.07544,565.07837,1339.1266,661587588284028,661587619616059
430.4502,1020.7885,565.07837,1339.1266,661587620555591,661587652807570
347.3503,1096.6573,430.4502,1096.6573,661587652940486,661587685957570
433.10645,933.0982,433.10645,1096.6573,661587686093038,661587720086476
453.3431,811.7716,433.10645,1096.6573,661587720278247,661587754346268
410.68146,776.6023,433.10645,933.0982,661587754545643,661587786405382
391.9125,772.3734,433.10645,811.7716,661587786591215,661587821621736
396.07907,823.7343,410.68146,823.7343,661587821812049,661587858049757
297.00262,963.5504,396.07907,823.7343,661587858221840,661587893859653
275.29712,1079.7819,396.07907,823.7343,661587894068351,661587932452622
252.6865,1139.7465,297.00262,963.5504,661587932603820,661587965631007
244.52347,1176.1725,275.29712,1079.7819,661587965761997,661588001621632
206.20534,1161.224,252.6865,1139.7465,661588001781840,661588032544965
205.99986,497.3192,244.52347,1079.7819,661588032704445,661588069290642
258.92264,382.44202,252.6865,1079.7819,661588069818611,661588100461788
248.99535,342.2909,248.99535,497.3192,661588100609757,661588131460070
245.43474,313.22604,248.99535,382.44202,661588131566892,661588161953872
249.48628,305.55292,248.99535,342.2909,661588162058611,661588193398611
212.74142,344.60596,248.99535,344.60596,661588193554757,661588226082569
199.90462,366.07098,248.99535,344.60596,661588226197465,661588258069028
203.96654,324.93384,212.74142,344.60596,661588258184913,661588290713767
227.78316,328.34787,227.78316,344.60596,661588290934705,661588325876944
232.85652,299.5716,227.78316,328.34787,661588326040851,661588359047569
218.86635,301.9168,227.78316,328.34787,661588359145382,661588392538559
213.11586,302.49246,227.78316,302.49246,661588392677778,661588423558819
227.7031,296.20782,227.7031,302.49246,661588423803507,661588453519132
216.1004,309.35046,227.7031,302.49246,661588453695069,661588484425538
220.47076,305.93658,227.7031,302.49246,661588484597049,661588519804340
221.52731,325.4708,221.52731,305.93658,661588519986580,661588555062049
212.66829,327.21136,221.52731,305.93658,661588555231580,661588588358038
206.67896,345.8246,221.52731,325.4708,661588588565746,661588621517673
222.40596,373.74493,221.52731,327.21136,661588621704705,661588664696215
252.70401,383.67548,221.52731,345.8246,661588664834757,661588699351215
261.74167,407.55197,222.40596,373.74493,661588699542101,661588732152934
269.64877,418.99243,252.70401,383.67548,661588732349965,661588765781111
295.70578,404.16718,261.74167,404.16718,661588765983767,661588799185121
283.9886,419.40466,269.64877,404.16718,661588799352778,661588837752100
304.9026,394.93378,283.9886,404.16718,661588838513559,661588869255642
309.02615,374.48715,283.9886,404.16718,661588871153038,661588902861684
309.96628,368.03397,304.9026,394.93378,661588902957778,661588932402517
317.33054,342.86496,309.02615,374.48715,661588933627673,661588964632257
320.33484,343.32324,309.96628,368.03397,661588968582100,661588999670694
327.97974,348.71188,317.33054,348.71188,661589004082517,661589035338871
289.2413,616.9846,309.96628,368.03397,661589037300903,661589069749236
243.1241,1453.8513,309.96628,368.03397,661589070484288,661589104673350
235.31175,1654.2579,289.2413,616.9846,661589104863350,661589142123246
250.90778,1582.8806,250.90778,1453.8513,661589143244236,661589182661111
241.67702,1631.6902,250.90778,1582.8806,661589182834705,661589216160225
252.56499,1613.3353,250.90778,1582.8806,661589216348298,661589250818871
235.51114,1614.6969,250.90778,1613.3353,661589251011007,661589283189861
225.44044,1634.574,250.90778,1613.3353,661589283286007,661589314346527
228.82645,1596.8435,235.51114,1613.3353,661589314483038,661589346849600
259.96536,1535.7349,250.90778,1613.3353,661589347024027,661589382109027
275.6918,1503.9296,250.90778,1596.8435,661589382258819,661589415625121
250.26668,1560.1683,250.90778,1560.1683,661589415809704,661589448906163
266.58704,1482.9276,250.90778,1560.1683,661589449091996,661589482521736
352.77692,1490.9277,250.90778,1560.1683,661589482713663,661589515646059
367.5709,1438.2874,266.58704,1490.9277,661589515824756,661589551906267
388.76254,1511.9225,352.77692,1511.9225,661589552238350,661589586973506
385.11517,1417.0237,367.5709,1490.9277,661589587497517,661589620160850
387.41248,1411.7347,385.11517,1490.9277,661589620325434,661589653973246
391.06082,1454.9918,385.11517,1454.9918,661589654088298,661589686294704
311.41302,1506.3954,385.11517,1490.9277,661589686508246,661589719003923
645.1639,1851.0308,385.11517,1490.9277,661589719198558,661589752497361
740.2922,1408.2269,385.11517,1490.9277,661589752653142,661589785461788
744.45966,1427.3519,645.1639,1490.9277,661589785646996,661589818872152
721.2637,1572.8641,721.2637,1490.9277,661589819046058,661589851265277
447.51746,1885.4907,645.1639,1490.9277,661589851461475,661589884080486
436.23523,2041.6892,645.1639,1572.8641,661589884266736,661589921522569
407.49353,1916.1862,447.51746,1885.4907,661589921721892,661589953561058
452.5872,1782.5358,452.5872,1782.5358,661589953748819,661589987027360
546.17664,1719.0071,452.5872,1782.5358,661589987198402,661590020125329
529.88635,1589.1757,452.5872,1782.5358,661590020247725,661590051456527
522.1322,1580.8054,522.1322,1719.0071,661590051690746,661590085436631
434.76843,1659.6418,452.5872,1659.6418,661590085547725,661590117087100
376.5801,1650.126,452.5872,1659.6418,661590117194235,661590149746944
372.3887,1534.5818,434.76843,1659.6418,661590150601996,661590182045642
335.61386,1617.3213,376.5801,1650.126,661590182164079,661590217733558
325.69553,1575.6604,372.3887,1617.3213,661590217935798,661590251880642
353.21136,1674.3304,353.21136,1650.126,661590252171527,661590284876475
334.44446,1658.416,353.21136,1650.126,661590285061996,661590316970694
331.22397,1672.8076,353.21136,1658.416,661590317167360,661590351348090
302.25403,1654.741,334.44446,1654.741,661590351569340,661590385568819
286.60297,1600.7793,331.22397,1654.741,661590385756214,661590419308454
271.83133,1581.2894,302.25403,1654.741,661590419497517,661590451781787
284.01456,1587.2174,286.60297,1600.7793,661590451978350,661590485226319
302.2473,1549.4664,302.2473,1587.2174,661590485358454,661590516728558
299.85873,1516.0114,299.85873,1587.2174,661590516833037,661590549245902
327.74506,1413.638,302.2473,1549.4664,661590549355433,661590583356787
482.48074,1272.1095,302.2473,1516.0114,661590585753766,661590617742881
493.03485,1292.8108,327.74506,1413.638,661590617904183,661590649266371
486.8383,1252.2083,482.48074,1292.8108,661590649437360,661590686196631
492.24783,1229.3436,486.8383,1292.8108,661590686393089,661590717618350
477.04803,1238.9683,482.48074,1252.2083,661590717818558,661590751382673
502.91013,1239.7864,486.8383,1239.7864,661590751582829,661590787067360
537.06976,1099.4888,486.8383,1239.7864,661590787268194,661590821466891
480.11615,930.8978,486.8383,1239.7864,661590821589287,661590852949496
479.19638,895.1692,486.8383,1099.4888,661590853063923,661590885072256
429.1254,916.99805,480.11615,930.8978,661590885189443,661590919597673
479.3546,916.89355,479.3546,916.99805,661590920227985,661590952557516
427.596,921.29803,479.3546,921.29803,661590952752152,661590985376475
403.10165,940.2847,479.3546,921.29803,661590985575954,661591020028558
374.05142,1085.4868,427.596,921.29803,661591020219756,661591065716006
349.71786,1144.598,403.10165,940.2847,661591065806839,661591099856787
368.5969,1165.0675,374.05142,1085.4868,661591100183141,661591133178141
384.17154,1043.8356,384.17154,1043.8356,661591133333402,661591166745068
405.91315,664.30725,384.17154,1043.8356,661591166917568,661591202058870
400.65497,638.9262,384.17154,1043.8356,661591202138141,661591234714600
407.12457,653.17096,400.65497,664.30725,661591235970173,661591269104547
413.5217,649.12714,400.65497,653.17096,661591269211422,661591302211370
361.52512,673.3423,400.65497,664.30725,661591302309287,661591334676422
382.42493,691.2537,400.65497,664.30725,661591335784652,661591378491995
380.54507,631.3396,382.42493,664.30725,661591378674131,661591411586422
387.07227,883.673,387.07227,664.30725,661591411749704,661591444737412
309.6929,1319.187,382.42493,664.30725,661591444888818,661591485014495
329.47046,1275.3047,382.42493,883.673,661591485133818,661591515103454
354.53012,1187.2509,354.53012,1187.2509,661591515279443,661591549652985
332.87662,1184.096,354.53012,1184.096,661591549826162,661591585211214
361.2426,1196.4285,354.53012,1187.2509,661591585328297,661591618126318
357.5303,1176.3121,354.53012,1184.096,661591618327099,661591652308662
326.8301,1227.3345,354.53012,1187.2509,661591652428297,661591683730641
316.3701,1214.6691,354.53012,1187.2509,661591683847360,661591718173766
315.26645,1187.2703,326.8301,1187.2703,661591718315172,661591752571839
313.42883,1159.8285,316.3701,1187.2509,661591752670589,661591786759860
309.36325,1142.8981,315.26645,1187.2509,661591786872256,661591824984131
323.55872,1173.2346,316.3701,1173.2346,661591825158870,661591860841162
312.33783,1170.7897,315.26645,1173.2346,661591861014860,661591893221735
350.6951,928.43964,316.3701,1173.2346,661591893547724,661591923400381
321.61148,542.6192,316.3701,1170.7897,661591923492360,661591954620641
295.87772,544.16504,316.3701,928.43964,661591954719495,661591987065068
287.79907,532.79944,316.3701,544.16504,661591987247672,661592018900224
292.1552,522.0114,295.87772,544.16504,661592019016266,661592051164547
305.58105,560.8671,305.58105,544.16504,661592051277151,661592083379183
295.26846,537.5225,295.87772,544.16504,661592083491578,661592114001735
302.27283,565.68396,302.27283,544.16504,661592114111943,661592145763141
303.56012,545.2018,302.27283,544.16504,661592145865433,661592178478610
291.84814,544.09503,302.27283,544.16504,661592178624860,661592210999235
297.09875,573.2522,302.27283,544.16504,661592212234547,661592250012672
299.56604,578.2058,299.56604,544.16504,661592250126058,661592281696110
294.75372,585.5676,299.56604,573.2522,661592281890224,661592314632203
297.76965,584.8568,299.56604,578.2058,661592314820224,661592345417412
319.9854,403.4289,299.56604,573.2522,661592345588349,661592378150224
334.76337,362.07288,299.56604,573.2522,661592378324130,661592413573870
349.8387,335.07016,319.9854,403.4289,661592413740068,661592448633193
342.51498,304.78452,334.76337,362.07288,661592448827568,661592482494807
344.28516,329.99387,342.51498,335.07016,661592482649599,661592516441318
326.95572,278.50314,334.76337,329.99387,661592516563557,661592549737307
321.49823,285.57532,334.76337,329.99387,661592549852047,661592582769807
227.76622,266.70526,326.95572,285.57532,661592582969339,661592621532984
209.01343,263.09534,321.49823,285.57532,661592621620172,661592683008193
178.0161,251.48537,227.76622,266.70526,661592683131474,661592715512464
163.93988,267.90567,209.01343,267.90567,661592715705641,661592749773870
182.05836,249.55925,182.05836,266.70526,661592749969599,661592789324495
204.85905,276.88043,204.85905,267.90567,661592789476839,661592822758661
183.43623,250.83383,183.43623,266.70526,661592822933609,661592856880380
172.60939,255.88728,183.43623,266.70526,661592857045641,661592894389703
185.45518,869.0032,183.43623,266.70526,661592894594807,661592935556266
189.42995,1494.071,183.43623,266.70526,661592935660901,661592971478401
184.55798,1481.7767,184.55798,869.0032,661592971767411,661593009654182
185.92792,1476.2079,184.55798,1476.2079,661593009810693,661593043503870
196.85619,1475.5714,184.55798,1475.5714,661593043613974,661593081493766
237.42007,1375.5692,185.92792,1475.5714,661593081607724,661593114312411
230.45404,1386.7102,196.85619,1475.5714,661593114517359,661593148226943
222.41243,1445.203,222.41243,1445.203,661593149516109,661593181252307
245.79178,1347.3583,222.41243,1445.203,661593181438349,661593222635015
261.9173,1316.4967,222.41243,1445.203,661593222782828,661593253560901
183.64752,1355.796,222.41243,1355.796,661593253904911,661593286765432
480.28378,1054.0836,222.41243,1355.796,661593287656161,661593319858922
437.58997,1063.643,222.41243,1355.796,661593319939911,661593353302099
268.8101,1415.4218,268.8101,1355.796,661593354322151,661593387827047
230.33258,1540.5541,230.33258,1355.796,661593388080432,661593420824807
260.3839,1405.9573,260.3839,1405.9573,661593420956057,661593470340432
299.807,1281.6655,260.3839,1355.796,661593470448974,661593506653765
307.33914,1220.4777,260.3839,1355.796,661593506883765,661593542409338
267.84506,1128.4644,267.84506,1281.6655,661593542653713,661593577765276
269.04535,1167.3848,267.84506,1220.4777,661593577954859,661593613639338
253.49886,1189.0883,267.84506,1189.0883,661593613819599,661593646394234
225.84763,1202.7136,267.84506,1202.7136,661593646599338,661593680572359
250.22293,1171.3734,253.49886,1189.0883,661593680788244,661593714897359
259.53513,1151.1326,259.53513,1189.0883,661593715020744,661593749069547
260.88083,1175.5116,259.53513,1175.5116,661593749192880,661593779718817
305.58734,1171.6584,259.53513,1175.5116,661593779830015,661593813164963
327.9048,1213.1677,260.88083,1175.5116,661593813279130,661593847716786
298.16327,1074.495,298.16327,1175.5116,661593847823192,661593883129703
585.9117,1292.0143,298.16327,1175.5116,661593883321057,661593945901682
777.3591,1400.0723,298.16327,1175.5116,661593946015380,661593982606890
795.4976,1289.9264,585.9117,1289.9264,661593982712932,661594014191682
776.1824,1197.7228,776.1824,1197.7228,661594014385171,661594047164494
687.87866,1175.0656,687.87866,1197.7228,661594047362151,661594080239807
428.4299,1141.7013,687.87866,1197.7228,661594080439494,661594114237307
285.4296,1248.313,687.87866,1197.7228,661594114345536,661594146170901
249.6652,1203.9458,428.4299,1197.7228,661594146294078,661594180181369
302.70065,1094.7777,302.70065,1197.7228,661594180300796,661594213491994
335.10193,1004.26245,335.10193,1197.7228,661594213600848,661594245496317
313.0925,963.2165,313.0925,1094.7777,661594245701421,661594290768088
299.70682,877.3081,313.0925,1004.26245,661594290856161,661594323076994
308.81738,446.7632,313.0925,963.2165,661594323255119,661594355900015
266.14365,360.00928,308.81738,877.3081,661594356339234,661594390962671
252.8316,397.1971,308.81738,446.7632,661594391100119,661594434664130
308.59055,408.9618,308.59055,408.9618,661594434839703,661594468887932
328.7892,383.86533,308.81738,408.9618,661594469044755,661594504642411
301.1783,431.51025,308.59055,408.9618,661594504815223,661594539400015
285.37256,297.35687,308.59055,408.9618,661594539576786,661594573216265
276.22733,265.75128,301.1783,408.9618,661594573391265,661594607192880
292.18628,245.80756,292.18628,297.35687,661594607366473,661594641194702
313.7805,288.4557,301.1783,288.4557,661594641364442,661594675055327
401.08435,581.68616,301.1783,297.35687,661594675234130,661594707845588
386.09985,1014.788,313.7805,297.35687,661594707938661,661594740425900
655.18634,1007.57623,386.09985,581.68616,661594741296838,661594772729859
743.9147,1257.6057,386.09985,1007.57623,661594772898140,661594806452567
729.2396,1115.9312,655.18634,1007.57623,661594807303296,661594843253661
414.31622,1149.1002,414.31622,1115.9312,661594843368452,661594875122619
342.1911,1101.849,414.31622,1101.849,661594875274754,661594910815119
331.0569,1013.1831,414.31622,1101.849,661594910985379,661594947124754
349.76102,866.27594,349.76102,1101.849,661594947381213,661594981964286
377.87473,803.30286,377.87473,1013.1831,661594982078765,661595012274234
380.02948,740.83044,377.87473,866.27594,661595012504442,661595045401473
393.17224,697.6922,377.87473,803.30286,661595045500275,661595078101369
374.10422,635.5646,377.87473,740.83044,661595078290327,661595113110744
375.4949,668.2469,377.87473,697.6922,661595113292515,661595145147150
359.43713,643.13153,375.4949,668.2469,661595145323504,661595175905431
371.40488,689.8294,375.4949,689.8294,661595176174911,661595208503296
399.6029,683.2618,375.4949,683.2618,661595208680536,661595243108140
415.48074,646.24854,375.4949,683.2618,661595243253973,661595278767515
396.793,675.82587,396.793,683.2618,661595278966421,661595315399598
368.06232,738.3737,375.4949,683.2618,661595315552046,661595346541525
388.01938,675.27515,388.01938,683.2618,661595347485119,661595378849546
351.22253,728.11035,375.4949,683.2618,661595378977931,661595410565483
364.70557,735.95056,375.4949,683.2618,661595410681994,661595445800431
375.99924,708.5184,375.4949,708.5184,661595445913973,661595482609963
384.64966,739.8869,375.4949,708.5184,661595482779546,661595516105327
396.18747,726.41864,375.99924,708.5184,661595516223713,661595548797775
386.22366,730.2227,384.64966,726.41864,661595548984285,661595581766056
373.4347,691.81793,375.99924,708.5184,661595581873608,661595643337462
382.82803,716.6612,382.82803,716.6612,661595643458400,661595679246108
400.93802,686.147,382.82803,708.5184,661595679355275,661595710209233
395.91852,676.22473,382.82803,708.5184,661595710381160,661595742672723
392.65878,672.6008,392.65878,686.147,661595742852931,661595775112983
394.9098,679.6894,392.65878,679.6894,661595775301369,661595812506369
402.66302,661.23663,392.65878,679.6894,661595812731108,661595845700379
315.8739,462.06763,392.65878,679.6894,661595845826942,661595893417306
289.51904,447.64737,392.65878,661.23663,661595893597567,661595926601577
308.53976,416.60062,315.8739,462.06763,661595929525067,661595972916525
321.28452,407.4814,321.28452,447.64737,661595973643348,661596007498608
285.86548,405.67343,315.8739,416.60062,661596007623035,661596040485744
302.65063,364.78894,315.8739,407.4814,661596040663504,661596075026629
305.58432,396.5158,305.58432,405.67343,661596075221264,661596112431056
284.89963,393.65237,305.58432,396.5158,661596112538296,661596161675223
299.79453,401.18643,305.58432,401.18643,661596161781316,661596196123191
294.6719,387.64578,299.79453,396.5158,661596197454337,661596231635431
342.0202,659.9252,305.58432,401.18643,661596231855014,661596266175900
337.0411,866.663,305.58432,401.18643,661596266340379,661596298025483
322.13025,920.2608,322.13025,659.9252,661596299344129,661596332454077
321.07126,912.40515,321.07126,866.663,661596333821941,661596373666889
318.3001,899.2418,321.07126,899.2418,661596373867358,661596407521056
315.3974,895.74493,321.07126,895.74493,661596407628452,661596441173868
265.5116,477.49716,318.3001,895.74493,661596441352358,661596475480848
270.21255,458.44577,315.3974,895.74493,661596475664546,661596508117723
256.1481,407.23785,270.21255,477.49716,661596508294233,661596547156837
275.80557,405.58237,275.80557,458.44577,661596547714545,661596579607670
286.92093,383.1721,275.80557,407.23785,661596579712462,661596612449650
283.2033,392.93564,275.80557,405.58237,661596612584181,661596644316160
288.0443,402.6371,283.2033,402.6371,661596644440014,661596677554598
292.22653,351.24756,283.2033,402.6371,661596677706473,661596709809806
289.53015,362.84402,288.0443,402.6371,661596709919077,661596752194650
293.93115,402.29227,289.53015,402.29227,661596752394233,661596782148035
307.99228,407.93646,289.53015,402.6371,661596782363452,661596814551108
298.59708,407.00275,293.93115,402.6371,661596815336941,661596846293243
323.90918,359.1423,298.59708,402.6371,661596846427722,661596882334806
302.49112,360.71802,298.59708,402.6371,661596882447879,661596914547254
301.85242,376.85312,301.85242,376.85312,661596914737097,661596946466212
316.3808,494.13977,301.85242,402.6371,661596947297670,661596980071629
550.68365,476.2471,301.85242,402.6371,661596981080118,661597014574910
730.8268,752.3781,316.3808,476.2471,661597014755222,661597045488972
538.90027,581.9195,538.90027,476.2471,661597045592827,661597075241993
358.91162,503.2898,358.91162,503.2898,661597075352879,661597108515952
337.50946,619.221,358.91162,503.2898,661597108630847,661597139431576
316.6151,436.21625,358.91162,503.2898,661597139598608,661597172909806
325.4489,413.61835,337.50946,503.2898,661597173014129,661597206495274
324.21237,260.09482,325.4489,436.21625,661597206647983,661597241663712
331.16837,257.0849,331.16837,413.61835,661597241841733,661597278759076
341.52127,245.9914,331.16837,260.09482,661597278856837,661597314386004
353.79965,278.62057,331.16837,278.62057,661597314537983,661597347370743
329.5326,262.05072,331.16837,262.05072,661597347553712,661597380336941
331.69836,285.48615,331.16837,278.62057,661597380537514,661597411654545
366.9648,290.07294,331.16837,278.62057,661597411791003,661597442634597
344.83557,285.9304,331.69836,285.48615,661597442748451,661597478630014
334.8736,304.8101,334.8736,285.9304,661597478720899,661597511676993
330.70605,405.78305,331.69836,285.9304,661597511985639,661597553261472
345.07635,768.6195,334.8736,304.8101,661597553445170,661597588055483
364.1373,760.4102,334.8736,405.78305,661597588201420,661597619438764
369.50696,741.7289,345.07635,741.7289,661597619625743,661597651241160
428.2075,697.5271,364.1373,697.5271,661597652240535,661597682914493
405.8229,612.5431,369.50696,697.5271,661597683056108,661597716900691
350.7153,754.7186,364.1373,697.5271,661597717098868,661597747291837
341.13037,799.87445,364.1373,697.5271,661597747474545,661597778894024
340.36935,829.1474,350.7153,754.7186,661597780721108,661597811335691
307.86847,840.573,341.13037,799.87445,661597811449545,661597843393451
301.86096,821.57635,340.36935,821.57635,661597843505691,661597875920482
312.47217,826.38574,312.47217,821.57635,661597876114493,661597912450430
318.93973,834.53546,318.93973,821.57635,661597912632774,661597945073712
317.84476,1055.629,317.84476,826.38574,661597945231472,661597989722878
316.2801,1140.7565,317.84476,834.53546,661597989924805,661598022283034
316.53314,1193.9528,317.84476,1055.629,661598022371107,661598053713659
256.12048,1622.2172,316.53314,1140.7565,661598053881264,661598085238659
267.55624,1603.7041,316.53314,1193.9528,661598085378451,661598117486576
261.65396,1641.221,267.55624,1603.7041,661598118025847,661598152415430
267.39597,1620.4473,267.55624,1603.7041,661598152574545,661598184621524
274.6115,1627.7246,267.55624,1620.4473,661598184814597,661598220513659
299.9569,1566.341,267.55624,1603.7041,661598220677097,661598254215222
286.0142,1289.202,274.6115,1603.7041,661598254415170,661598288692514
240.81448,886.5496,267.55624,1566.341,661598288876107,661598325897618
276.83313,863.46906,274.6115,1289.202,661598326038139,661598357788451
286.39975,834.1003,274.6115,886.5496,661598359066784,661598390541732
276.68127,849.3164,276.68127,863.46906,661598401707618,661598441055170
282.3904,853.8657,276.68127,853.8657,661598441233139,661598478935118
274.3715,794.2374,276.68127,853.8657,661598479032618,661598517108138
300.0823,839.8309,276.68127,853.8657,661598517281368,661598551260743
282.3364,880.3756,276.68127,853.8657,661598552434388,661598586432826
579.39294,963.7081,282.3364,853.8657,661598586598711,661598623155066
319.30984,1160.9183,282.3364,880.3756,661598623344753,661598660683086
304.80063,1255.9885,304.80063,963.7081,661598662066941,661598696162826
290.8154,1126.8539,290.8154,1126.8539,661598696247045,661598732479753
373.19574,908.5939,304.80063,963.7081,661598732658034,661598767665378
331.47943,868.8075,304.80063,963.7081,661598767808243,661598804240118
323.23984,867.4035,323.23984,908.5939,661598804371784,661598837873347
371.70142,833.68274,323.23984,868.8075,661598838071368,661598877913763
342.94714,885.2606,323.23984,885.2606,661598878014961,661598913108086
327.86365,873.4422,327.86365,873.4422,661598913253190,661598952284180
322.19055,868.96466,323.23984,873.4422,661598952382149,661598984052253
326.76025,932.8023,326.76025,873.4422,661598984237097,661599024624753
341.31808,925.33826,326.76025,873.4422,661599024718763,661599056044128
344.58176,908.61676,326.76025,908.61676,661599056200795,661599091611992
315.064,948.5315,326.76025,908.61676,661599091740274,661599140664492
330.5176,941.6097,326.76025,908.61676,661599140788034,661599176573138
317.34753,917.0021,326.76025,917.0021,661599177336784,661599209911003
302.23398,982.1127,326.76025,917.0021,661599210031888,661599242187305
320.86484,923.4144,320.86484,917.0021,661599242309805,661599277396263
322.53268,920.91736,322.53268,920.91736,661599277547201,661599308885742
373.52698,1029.8636,322.53268,920.91736,661599309023086,661599343513190
413.92004,1150.1515,322.53268,920.91736,661599343621888,661599377910951
418.63614,1157.6459,373.52698,1029.8636,661599378053711,661599411016524
426.13464,1149.3882,413.92004,1149.3882,661599411170013,661599443297149
420.52133,1128.1316,418.63614,1128.1316,661599443475794,661599476602982
398.66312,1111.4645,413.92004,1128.1316,661599476790586,661599507620742
405.25586,940.4491,413.92004,1128.1316,661599507748971,661599538908607
432.41644,971.93713,413.92004,1111.4645,661599539021159,661599576759180
394.4454,953.47797,413.92004,971.93713,661599576868346,661599614215846
414.92465,932.79913,413.92004,971.93713,661599614382148,661599649766055
412.50616,956.3194,413.92004,956.3194,661599649882669,661599686080273
419.0883,992.58563,413.92004,971.93713,661599686300273,661599723477044
414.05807,995.9725,413.92004,971.93713,661599723655326,661599765113294
403.45636,953.9796,413.92004,971.93713,661599765296523,661599797282617
400.69736,930.9898,413.92004,971.93713,661599798100898,661599835237096
415.3292,929.26306,413.92004,953.9796,661599835334075,661599869673815
391.5349,945.9574,413.92004,945.9574,661599869831211,661599904510482
409.43375,963.45245,413.92004,953.9796,661599904692982,661599937960586
394.56314,960.92163,409.43375,953.9796,661599938136836,661599976119596
402.87442,965.3827,409.43375,960.92163,661599976294023,661600011276471
405.02963,877.6145,405.02963,953.9796,661600011470377,661600042455377
374.40927,866.6706,405.02963,953.9796,661600042655377,661600079101732
431.73532,818.8988,405.02963,877.6145,661600079293502,661600113885117
406.51462,786.2484,405.02963,866.6706,661600116220534,661600148561159
408.40738,775.0013,406.51462,818.8988,661600148703034,661600180738607
388.97012,772.3815,405.02963,786.2484,661600180924440,661600212300429
423.68173,993.8652,406.51462,818.8988,661600212493450,661600244862825
459.1296,1117.1398,406.51462,818.8988,661600245034596,661600275172357
441.39053,1115.492,423.68173,993.8652,661600275860482,661600307562461
416.6259,1124.4991,416.6259,1115.492,661600308910325,661600341741367
411.47446,1133.8025,416.6259,1115.492,661600341953190,661600375872617
405.3477,958.30426,416.6259,1115.492,661600375976940,661600406834648
361.6421,235.75252,411.47446,1115.492,661600407355377,661600450497825
378.18875,198.54784,405.3477,958.30426,661600450632461,661600483239909
343.3732,179.82465,378.18875,235.75252,661600483409804,661600516813659
344.48218,163.98257,378.18875,198.54784,661600517011679,661600549426211
343.54538,176.04128,344.48218,179.82465,661600549536992,661600583681627
355.73727,180.95691,355.73727,180.95691,661600583782461,661600620215013
363.96622,180.15619,355.73727,180.15619,661600620318138,661600665384231
310.3355,199.07443,355.73727,180.95691,661600665537408,661600706932721
288.0304,200.55927,355.73727,180.95691,661600707051002,661600741737408
261.3985,209.41768,310.3355,199.07443,661600741931888,661600775915690
270.8346,250.4218,288.0304,200.55927,661600776045586,661600808950481
252.04999,257.79657,270.8346,209.41768,661600809130221,661600841691992
271.28595,217.8511,271.28595,217.8511,661600841849700,661600873712773
270.54764,207.55046,270.8346,209.41768,661600874081158,661600919801367
267.87354,224.02415,270.8346,217.8511,661600920034492,661600958570169
251.23755,235.22836,270.54764,217.8511,661600958715742,661600991421054
257.16434,208.71765,267.87354,217.8511,661600992974752,661601025673710
385.89276,158.50056,270.54764,217.8511,661601027608294,661601060114023
399.9567,169.11494,270.54764,208.71765,661601061456263,661601095977929
409.42984,156.82259,385.89276,169.11494,661601096365065,661601130016158
394.02356,172.83443,394.02356,172.83443,661601132152565,661601164806940
371.43863,176.1579,385.89276,172.83443,661601164975950,661601197627565
355.3341,197.42056,385.89276,172.83443,661601197816210,661601231562773
547.11816,388.26855,385.89276,176.1579,661601231695065,661601266165221
596.41534,407.55472,385.89276,197.42056,661601266268867,661601295984387
584.0657,438.17523,547.11816,388.26855,661601296204023,661601329400377
635.02124,415.6163,584.0657,407.55472,661601329575846,661601362304023
647.01227,421.80075,584.0657,415.6163,661601362390742,661601398662512
641.6047,385.45526,635.02124,407.55472,661601398767356,661601431777096
743.4404,345.59885,641.6047,407.55472,661601431863346,661601464554648
665.93463,426.87433,641.6047,407.55472,661601464718398,661601497556262
543.91284,351.52783,641.6047,407.55472,661601497728502,661601536569127
361.31155,702.4857,641.6047,407.55472,661601536680741,661601570408919
373.81866,692.42975,543.91284,407.55472,661601570511939,661601602245533
416.43423,628.51184,416.43423,628.51184,661601602362616,661601634625689
444.97086,545.7408,444.97086,545.7408,661601634733294,661601666574127
441.327,516.34955,441.327,545.7408,661601666667773,661601699914700
436.9466,484.6996,441.327,545.7408,661601700104283,661601734739283
427.8351,462.14322,441.327,516.34955,661601734848293,661601770219804
440.52985,509.3051,440.52985,509.3051,661601770355481,661601804268762
421.08728,489.1185,440.52985,509.3051,661601805264387,661601838464908
418.74905,524.9986,440.52985,509.3051,661601838698866,661601872541731
439.49518,590.1975,439.49518,509.3051,661601872677929,661601905868450
400.81198,754.56836,439.49518,524.9986,661601906017512,661601939291991
413.40457,794.2479,439.49518,590.1975,661601939481366,661601972519439
428.5183,818.32056,428.5183,754.56836,661601972671991,661602006772981
406.57278,806.2063,428.5183,794.2479,661602006964127,661602039310637
369.79965,842.3041,428.5183,806.2063,661602039508710,661602072799179
376.86832,845.05426,406.57278,806.2063,661602072902408,661602105737408
385.60867,788.55853,385.60867,806.2063,661602105905481,661602141717148
408.11282,798.3122,406.57278,806.2063,661602141917564,661602178229908
450.75876,786.1106,406.57278,798.3122,661602178402043,661602211240064
445.24792,774.81433,408.11282,798.3122,661602211419804,661602247131002
474.19055,799.9704,445.24792,798.3122,661602247248658,661602280046210
459.8372,860.08685,445.24792,798.3122,661602280230064,661602311350481
445.8091,879.2398,445.8091,799.9704,661602311528502,661602344725845
453.14078,906.99493,445.8091,860.08685,661602344910689,661602375740845
439.0936,904.9809,445.8091,879.2398,661602375941262,661602409982356
429.08853,900.32526,445.8091,900.32526,661602410184647,661602452656106
413.59668,893.77167,439.0936,893.77167,661602452764647,661602489722512
460.91275,926.7211,445.8091,900.32526,661602489901731,661602521761158
469.93958,930.2308,445.8091,900.32526,661602522491002,661602554485533
461.3278,938.1608,460.91275,926.7211,661602555818814,661602592752981
444.60263,923.501,445.8091,923.501,661602592930377,661602627314595
457.16745,947.83734,457.16745,926.7211,661602627413606,661602658846314
453.1536,950.6345,453.1536,926.7211,661602658979751,661602690251991
426.2017,950.7357,453.1536,947.83734,661602693322147,661602728420376
425.66937,941.87866,453.1536,941.87866,661602728513554,661602761694804
430.5991,935.9101,430.5991,941.87866,661602761854231,661602794097095
435.74954,655.2079,435.74954,941.87866,661602794274387,661602827425897
421.55804,652.5595,430.5991,935.9101,661602827596731,661602868539699
436.8016,568.11975,435.74954,655.2079,661602868640845,661602902898501
435.4099,582.1297,435.4099,652.5595,661602903032668,661602943394387
428.4871,520.2842,435.4099,582.1297,661602943610637,661602975383397
454.496,584.45557,435.4099,584.45557,661602975574491,661603010238606
446.33276,569.23505,435.4099,582.1297,661603010405793,661603042551887
447.259,591.3522,446.33276,584.45557,661603042745689,661603073792928
445.49512,629.2663,445.49512,584.45557,661603073972408,661603105665689
561.76587,547.9903,446.33276,584.45557,661603105901887,661603141719439
603.4487,590.14386,446.33276,584.45557,661603141904022,661603174216835
607.5296,549.67645,561.76587,584.45557,661603174406783,661603205896158
602.1476,541.61084,602.1476,584.45557,661603206073137,661603239731626
599.01013,559.35345,599.01013,559.35345,661603239903814,661603273595480
598.4994,565.5996,599.01013,565.5996,661603273745532,661603304797460
589.65607,1020.19403,599.01013,565.5996,661603304981730,661603337427095
475.74133,1565.3613,598.4994,565.5996,661603337611105,661603371839907
463.8018,1528.524,589.65607,1020.19403,661603372065949,661603404771418
446.6046,1564.6433,475.74133,1528.524,661603404954230,661603439306470
449.6994,1545.5363,463.8018,1528.524,661603439504230,661603472279647
482.8286,1545.669,475.74133,1545.5363,661603472493918,661603504046730
469.18988,1510.4772,469.18988,1528.524,661603504242303,661603538876366
459.76755,1498.5449,469.18988,1528.524,661603539068762,661603568676522
465.91095,1466.0583,469.18988,1510.4772,661603568814595,661603601845793
473.15942,1460.2494,469.18988,1498.5449,661603601980168,661603634736366
414.45105,1664.2075,469.18988,1510.4772,661603636545949,661603671415845
721.75604,1425.2906,469.18988,1498.5449,661603671604959,661603704147303
720.3171,1471.2744,469.18988,1498.5449,661603704335845,661603735769647
447.00803,1704.4055,469.18988,1498.5449,661603735939126,661603770129126
394.35422,1670.094,469.18988,1498.5449,661603770267303,661603801557355
429.7471,1603.9745,447.00803,1603.9745,661603801673866,661603835734595
445.18515,1459.5581,445.18515,1498.5449,661603835930584,661603868696053
536.37573,1285.0399,447.00803,1498.5449,661603868865845,661603930105011
476.5774,1221.1736,447.00803,1459.5581,661603930208866,661603968261730
462.19232,1132.3326,462.19232,1285.0399,661603968579074,661604001333032
473.8872,1208.8383,462.19232,1221.1736,661604002903866,661604037269282
487.0085,1262.9579,462.19232,1262.9579,661604037452668,661604069584855
484.86462,1241.13,473.8872,1241.13,661604069751209,661604104240584
523.9472,1271.4031,484.86462,1262.9579,661604104433397,661604136797563
530.57404,1267.3356,484.86462,1262.9579,661604136985584,661604167588397
519.63745,1232.2684,519.63745,1262.9579,661604167758709,661604201596470
526.12946,1232.6707,519.63745,1262.9579,661604201756938,661604233282147
512.1646,1235.1616,519.63745,1235.1616,661604233607824,661604267866990
517.97723,1268.8191,519.63745,1262.9579,661604268112043,661604301122407
532.4967,1249.7848,519.63745,1249.7848,661604301255376,661604344120063
282.58804,1278.7374,519.63745,1262.9579,661604344235011,661604392264490
186.07883,1329.5084,519.63745,1262.9579,661604392374022,661604424429751
158.82529,1321.8789,282.58804,1278.7374,661604424614334,661604458497980
157.78763,1330.035,186.07883,1321.8789,661604458582042,661604490316313
172.9124,1312.1764,172.9124,1312.1764,661604490478761,661604523582355
164.79095,1338.4651,172.9124,1321.8789,661604523771001,661604555802459
180.81894,960.6529,172.9124,1312.1764,661604555962251,661604587617042
208.20654,626.43695,172.9124,1312.1764,661604588538136,661604618998344
218.39977,609.357,180.81894,960.6529,661604620307094,661604651375115
242.33908,769.05457,208.20654,769.05457,661604652766678,661604685970063
487.48352,479.6653,218.39977,769.05457,661604687297876,661604719921001
368.0666,545.68384,242.33908,769.05457,661604722082772,661604756215324
118.20841,477.52515,218.39977,545.68384,661604756912824,661604790286678
116.25001,514.34845,218.39977,545.68384,661604790363449,661604823893240
133.36488,418.30176,133.36488,514.34845,661604824075115,661604860495324
145.17398,318.84677,145.17398,514.34845,661604861145011,661604894475063
120.40002,387.33484,133.36488,418.30176,661604894664803,661604926863188
111.42548,382.4165,133.36488,387.33484,661604927032563,661604962394646
107.35152,408.83698,120.40002,408.83698,661604962589074,661604998377563
77.151115,390.71616,111.42548,390.71616,661604998876938,661605035024751
11.206987,433.95886,107.35152,408.83698,661605035343709,661605066805115
11.5646925,405.99298,77.151115,405.99298,661605066994386,661605098924230
39.21814,356.80475,39.21814,405.99298,661605099531834,661605133790480
5.336694,435.09402,39.21814,405.99298,661605133914073,661605172735844
36.71626,388.5957,39.21814,405.99298,661605172920532,661605204236886
42.48839,435.42188,39.21814,405.99298,661605204409073,661605237548344
47.49174,377.82214,39.21814,405.99298,661605238484386,661605270510532
196.71954,295.7855,42.48839,405.99298,661605270649907,661605303990219
480.9309,467.652,47.49174,405.99298,661605304230844,661605348552875
446.37042,476.8144,196.71954,405.99298,661605348666365,661605383408813
374.34344,698.37787,374.34344,467.652,661605383592250,661605418412928
289.494,803.3536,289.494,476.8144,661605418634855,661605452288813
389.09988,680.9027,374.34344,680.9027,661605453274282,661605485616573
392.8867,641.136,374.34344,641.136,661605486901157,661605519000271
398.65286,595.039,389.09988,641.136,661605531984230,661605574942407
420.3171,502.74783,392.8867,641.136,661605575151625,661605608218292
408.16885,527.19025,398.65286,595.039,661605608380948,661605639339542
386.72394,526.19525,392.8867,527.19025,661605639523500,661605671300011
444.83032,625.4063,398.65286,595.039,661605671488344,661605703491677
384.29556,701.3275,392.8867,595.039,661605703694125,661605734092667
394.69562,731.91254,394.69562,625.4063,661605734275636,661605768831834
397.75357,733.75214,394.69562,701.3275,661605769035792,661605810710636
403.10214,703.9702,394.69562,703.9702,661605811649021,661605843225427
383.9132,785.45215,394.69562,703.9702,661605843340323,661605875141938
402.5388,757.4962,394.69562,703.9702,661605875312875,661605906936209
425.978,815.7715,394.69562,757.4962,661605907047875,661605938648031
394.51746,776.5489,394.69562,757.4962,661605938759906,661605971726938
307.35468,673.23865,394.69562,757.4962,661605971836781,661606002412719
316.20255,681.1932,394.51746,757.4962,661606002594021,661606037585636
257.62662,613.69495,316.20255,681.1932,661606038072667,661606069354594
296.1602,584.94214,316.20255,681.1932,661606069466052,661606103234958
323.3534,629.63904,316.20255,629.63904,661606103382563,661606137726365
295.34677,677.1725,316.20255,677.1725,661606137925844,661606169324073
298.18198,693.1052,316.20255,677.1725,661606169516469,661606218243240
300.69858,698.14355,300.69858,677.1725,661606218551365,661606249936781
289.9191,617.5055,300.69858,677.1725,661606252655115,661606283402979
301.53424,628.6984,300.69858,677.1725,661606285974386,661606318636365
278.80865,611.13336,300.69858,628.6984,661606319506208,661606352289906
305.36395,576.5939,300.69858,628.6984,661606352426365,661606386642042
273.72482,652.42554,300.69858,628.6984,661606388170219,661606420278604
299.4185,633.1662,300.69858,628.6984,661606420345740,661606452587927
365.10886,498.96155,300.69858,628.6984,661606452745063,661606484191781
355.48666,355.75085,300.69858,628.6984,661606485621469,661606519513396
364.92917,399.50897,355.48666,498.96155,661606520611313,661606553695271
342.0945,346.7228,342.0945,399.50897,661606555441833,661606587016677
347.37946,323.68164,347.37946,399.50897,661606589480948,661606620091156
357.7162,415.1198,347.37946,399.50897,661606621325740,661606670646208
404.60034,602.2792,347.37946,399.50897,661606670767562,661606701372094
625.8454,853.24036,357.7162,415.1198,661606701555531,661606736280479
477.42114,1613.5651,404.60034,602.2792,661606736466990,661606768659073
307.3466,1629.632,357.7162,853.24036,661606768829177,661606801687094
325.6788,1726.4943,357.7162,1613.5651,661606801884177,661606835819437
424.73788,1515.094,357.7162,1515.094,661606835916052,661606867901937
365.32,1453.9467,357.7162,1515.094,661606867999333,661606901924125
378.9558,1378.3207,365.32,1515.094,661606902058552,661606934791729
371.95734,1323.9783,365.32,1453.9467,661606934990010,661606967305062
385.51675,1297.3334,371.95734,1378.3207,661606967522041,661607000900791
385.13315,1308.1835,371.95734,1323.9783,661607001086729,661607033901729
400.6594,1329.5092,385.13315,1329.5092,661607034085271,661607069437666
371.0542,1294.9893,371.95734,1323.9783,661607069625583,661607103941677
390.55957,1310.6578,385.13315,1323.9783,661607105066677,661607140983083
371.42853,1357.9323,371.95734,1323.9783,661607141087458,661607171511521
353.76624,1421.8672,371.95734,1323.9783,661607171623187,661607204278604
322.98352,1475.4175,371.42853,1357.9323,661607204379125,661607235624906
306.6317,1514.8865,353.76624,1421.8672,661607235719593,661607270772198
308.98502,1516.1991,322.98352,1475.4175,661607270881416,661607305200323
299.25204,1501.8052,308.98502,1501.8052,661607305407718,661607338682354
361.03253,1445.2975,322.98352,1475.4175,661607338875843,661607370881104
361.8637,1433.0746,322.98352,1475.4175,661607371072927,661607407076416
358.4438,1454.2878,358.4438,1454.2878,661607407302562,661607441419437
352.47415,1455.5837,352.47415,1455.5837,661607441633968,661607474825479
299.67343,1487.3429,352.47415,1455.5837,661607474958448,661607512955270
386.12332,1226.4851,352.47415,1455.5837,661607513133239,661607543924229
394.37427,1258.9768,352.47415,1455.5837,661607544055323,661607578475791
380.9882,1258.4833,380.9882,1258.9768,661607578669854,661607610172302
392.0773,1246.519,380.9882,1258.9768,661607611106885,661607652330479
382.89725,1261.0178,380.9882,1258.9768,661607652521468,661607687799750
404.85724,1254.7566,382.89725,1258.9768,661607687913500,661607720705791
401.72342,1251.3947,382.89725,1258.9768,661607720856416,661607757741520
410.47018,1251.7339,401.72342,1254.7566,661607757889593,661607793326416
385.7453,1232.6359,385.7453,1251.7339,661607793433812,661607826934229
427.7633,1143.5225,401.72342,1251.7339,661607827280375,661607860776416
741.2724,1316.7991,401.72342,1251.7339,661607860938135,661607894400427
787.24554,1070.8632,427.7633,1251.7339,661607894602562,661607930645062
786.26624,1127.7216,741.2724,1251.7339,661607931084593,661607987890843
781.4901,1094.8031,781.4901,1127.7216,661607987998968,661608022774124
729.4864,856.1627,741.2724,1127.7216,661608022878343,661608059452301
468.9004,736.87897,741.2724,1094.8031,661608061141833,661608095693708
265.21906,880.06323,729.4864,880.06323,661608095854176,661608131269489
263.44193,881.23395,468.9004,881.23395,661608131683760,661608164375843
327.24152,762.36487,327.24152,880.06323,661608164558135,661608196255322
333.96564,684.44684,333.96564,880.06323,661608196379072,661608230549541
327.10138,635.4275,327.24152,762.36487,661608230697614,661608265821729
343.72906,519.99786,333.96564,684.44684,661608267471468,661608302441728
347.4509,601.3942,333.96564,635.4275,661608302637874,661608336339333
370.63223,667.6197,343.72906,667.6197,661608336541781,661608369319020
440.94394,964.9623,347.4509,667.6197,661608369517666,661608403699281
405.45712,974.30286,370.63223,667.6197,661608403801312,661608435441728
407.03067,987.9337,405.45712,964.9623,661608435548551,661608469461624
400.83673,993.0274,400.83673,974.30286,661608469549853,661608505624958
397.33905,995.9561,400.83673,987.9337,661608505898968,661608540400062
403.3059,1002.8824,400.83673,993.0274,661608540595322,661608583713187
361.98575,1032.7201,400.83673,995.9561,661608583877978,661608615367249
371.95154,1063.5388,400.83673,1002.8824,661608615599020,661608647576155
368.1609,1039.7787,371.95154,1032.7201,661608647735843,661608679476208
363.4557,1110.0197,371.95154,1039.7787,661608679627145,661608712928447
365.40842,1109.516,368.1609,1039.7787,661608713071989,661608745929905
382.62317,1117.9564,371.95154,1109.516,661608746123135,661608777554228
368.5406,1115.6803,368.5406,1109.516,661608777723551,661608819087457
371.85953,1082.0603,371.85953,1109.516,661608819243760,661608853259280
382.4365,1092.4636,371.85953,1109.516,661608853362145,661608884840530
371.81534,1085.2705,371.85953,1092.4636,661608885781832,661608917746728
368.0459,1113.8408,371.85953,1109.516,661608917824697,661608950378655
360.51486,1123.2715,371.81534,1109.516,661608952124749,661608984622666
365.0072,1066.9183,368.0459,1109.516,661608984814853,661609015627718
385.7963,960.3321,371.81534,1109.516,661609015807457,661609047472301
396.12994,916.41345,371.81534,1066.9183,661609047676416,661609078975166
399.66006,926.021,385.7963,960.3321,661609079116728,661609113386937
385.05286,877.63165,385.05286,926.021,661609113575478,661609144794489
414.106,872.1842,385.7963,926.021,661609144987405,661609177216884
401.81985,804.2269,385.7963,877.63165,661609177374020,661609211737249
444.67883,856.8621,401.81985,872.1842,661609211913551,661609244934436
401.85324,889.82947,401.81985,877.63165,661609245125634,661609278342093
397.84024,891.55927,401.81985,877.63165,661609278487301,661609314938968
413.4077,904.1447,401.81985,889.82947,661609315117301,661609348536051
453.24118,835.1031,401.81985,877.63165,661609348723030,661609379111468
440.53955,861.37006,413.4077,877.63165,661609379214228,661609411950582
401.55945,923.86975,401.81985,877.63165,661609412163655,661609444976416
418.77054,881.24664,413.4077,877.63165,661609445081728,661609479368863
414.51147,868.8155,413.4077,877.63165,661609479500843,661609511500218
437.21344,886.22723,414.51147,877.63165,661609511684176,661609546883863
393.4814,913.4933,413.4077,877.63165,661609547069124,661609578563603
374.59784,933.65826,413.4077,886.22723,661609578743655,661609616939853
426.51694,914.39075,413.4077,913.4933,661609617134749,661609650195061
393.58646,996.3581,413.4077,914.39075,661609650406311,661609683199384
432.65622,909.4681,413.4077,913.4933,661609683385530,661609714580843
407.37363,994.05835,413.4077,914.39075,661609714755530,661609744828238
412.377,940.7144,413.4077,914.39075,661609745020478,661609777386363
419.7769,941.81726,413.4077,940.7144,661609777566572,661609811639540
421.65094,917.5868,413.4077,917.5868,661609811766936,661609845140790
401.13794,1038.3976,413.4077,940.7144,661609846057822,661609879470322
435.9624,824.80804,413.4077,917.5868,661609879674280,661609914078707
483.26175,338.388,413.4077,917.5868,661609914254020,661609946060842
526.55743,352.42386,435.9624,824.80804,661609946219592,661609978643395
524.517,350.3296,483.26175,352.42386,661609978835270,661610011009697
521.8634,363.54745,521.8634,363.54745,661610011197145,661610049506728
541.06055,333.64932,521.8634,352.42386,661610049678082,661610085689124
552.7004,180.15479,521.8634,352.42386,661610085871676,661610117608967
564.80414,177.63452,541.06055,333.64932,661610117727874,661610154158811
544.1679,184.74677,544.1679,184.74677,661610154333186,661610200918238
575.13745,174.47624,544.1679,184.74677,661610201064176,661610234686936
507.41736,160.2788,544.1679,184.74677,661610234857613,661610274397249
530.95874,172.15895,544.1679,174.47624,661610274581519,661610309004280
425.53635,884.6686,530.95874,184.74677,661610309181728,661610343960009
262.02298,1606.758,530.95874,184.74677,661610344203082,661610377813342
269.9865,1553.8939,425.53635,884.6686,661610377988394,661610410847405
260.3262,1545.2059,269.9865,1545.2059,661610411037561,661610443197769
281.90195,1539.2131,281.90195,1539.2131,661610443400009,661610476652926
289.47913,1486.1831,281.90195,1539.2131,661610476838655,661610508729123
274.76813,1486.3911,281.90195,1539.2131,661610508894801,661610543444123
291.25302,1465.8422,281.90195,1486.3911,661610543627144,661610578697509
334.84277,1461.579,281.90195,1486.3911,661610578839905,661610611979019
346.53964,1446.3079,291.25302,1465.8422,661610612359071,661610644466571
331.11615,1455.7471,331.11615,1461.579,661610644612665,661610678436832
300.48102,1459.6389,300.48102,1459.6389,661610678881832,661610711770425
428.1529,980.9083,331.11615,1459.6389,661610711955478,661610746415425
441.75256,406.96335,331.11615,1459.6389,661610746596832,661610777711571
464.0159,304.53854,428.1529,980.9083,661610777905478,661610819068446
509.31757,262.12302,441.75256,406.96335,661610819176415,661610851604488
492.53372,341.05017,464.0159,341.05017,661610851716050,661610883264228
499.40207,253.16986,492.53372,341.05017,661610883384332,661610918915269
509.0168,153.48666,492.53372,341.05017,661610919043186,661610952211832
507.04395,153.31566,499.40207,253.16986,661610952390582,661610987644019
468.5199,174.25114,492.53372,174.25114,661610987758602,661611021187561
472.89084,348.42224,492.53372,253.16986,661611022175842,661611056081311
248.04715,1266.6044,472.89084,253.16986,661611056414019,661611114297977
275.6413,1352.4055,472.89084,348.42224,661611114405738,661611147643134
280.028,1335.1978,280.028,1266.6044,661611147836623,661611182081884
294.51468,1355.1481,294.51468,1335.1978,661611182281311,661611217958759
314.9218,1266.5812,294.51468,1266.6044,661611218153342,661611251880998
290.95135,1362.6085,294.51468,1335.1978,661611252000061,661611292171207
276.89297,1423.6326,294.51468,1335.1978,661611292274123,661611334912300
280.6109,1463.4818,290.95135,1362.6085,661611335010321,661611368745113
302.6629,1460.675,294.51468,1423.6326,661611368908967,661611409073654
308.83603,1461.488,294.51468,1460.675,661611409798602,661611442871102
311.76974,1456.0554,302.6629,1456.0554,661611444165634,661611478234331
317.10303,1450.02,308.83603,1456.0554,661611478335321,661611512515321
325.44653,1444.6566,311.76974,1456.0554,661611512687196,661611545590738
312.1863,1445.8715,312.1863,1450.02,661611545707196,661611578350581
426.8365,1424.6746,312.1863,1445.8715,661611578541571,661611610713133
459.97748,734.9805,312.1863,1445.8715,661611610905894,661611643499123
646.5373,625.1421,426.8365,1424.6746,661611643694696,661611679597769
500.06305,281.80432,459.97748,734.9805,661611679762821,661611714082717
447.29498,215.99849,447.29498,625.1421,661611714241623,661611750698915
494.8077,165.62656,459.97748,281.80432,661611750809800,661611785975008
499.625,164.28046,459.97748,215.99849,661611786217977,661611823634800
465.01315,154.73036,465.01315,165.62656,661611823828290,661611855638550
472.68298,154.93951,465.01315,164.28046,661611855827248,661611893809800
454.69986,144.49117,465.01315,154.93951,661611893914175,661611924470581
459.84598,147.06383,465.01315,154.93951,661611924647352,661611955614748
445.2375,130.1507,459.84598,147.06383,661611955840060,661611985409852
431.07364,141.90018,459.84598,147.06383,661611986887196,661612019435737
428.59906,140.48422,445.2375,141.90018,661612019723185,661612051660894
459.20047,136.61534,459.20047,141.90018,661612051756831,661612083750165
469.97095,148.44276,459.20047,141.90018,661612083858758,661612117615894
459.01974,138.36652,459.20047,141.90018,661612117716571,661612154604904
475.59363,148.75552,459.20047,141.90018,661612154709071,661612185638862
453.7779,148.72896,459.20047,141.90018,661612186720581,661612227357873
456.0096,153.01434,459.20047,148.72896,661612227524019,661612264225529
371.25687,445.17673,456.0096,148.72896,661612264818289,661612298626883
335.95496,718.9902,456.0096,153.01434,661612298797196,661612335601310
312.98093,679.0688,371.25687,445.17673,661612335706987,661612369971623
320.2875,644.3874,335.95496,644.3874,661612370289435,661612404819748
340.23868,649.8152,340.23868,644.3874,661612404991258,661612438651102
326.70465,684.7471,335.95496,644.3874,661612438820737,661612477075321
332.2726,679.8647,335.95496,649.8152,661612477199019,661612510688029
321.17282,622.31726,332.2726,644.3874,661612510868706,661612545697873
328.29553,558.9695,332.2726,644.3874,661612567465477,661612606713966
304.44955,719.2323,328.29553,644.3874,661612608396779,661612645974591
553.0911,388.43402,332.2726,644.3874,661612646109956,661612682262404
756.8576,1022.12744,332.2726,644.3874,661612682432248,661612716639279
741.03467,963.7063,553.0911,644.3874,661612716743810,661612752318185
491.63315,814.0076,491.63315,814.0076,661612752550737,661612784765112
283.5171,900.0729,491.63315,814.0076,661612785836935,661612817554904
315.89566,853.09235,491.63315,814.0076,661612818524904,661612851353289
354.3463,766.8771,354.3463,814.0076,661612852681310,661612886527716
376.2904,718.8893,376.2904,814.0076,661612887009487,661612921328862
351.2366,624.6215,354.3463,766.8771,661612921491675,661612954372352
376.6094,600.8853,376.2904,718.8893,661612954555425,661612989558341
388.93112,651.8062,376.2904,651.8062,661612989723445,661613022312143
390.74802,634.0521,376.6094,651.8062,661613022520841,661613054805789
357.80673,659.9147,376.2904,651.8062,661613055003966,661613090444539
345.81943,720.02716,376.2904,651.8062,661613090609695,661613122442508
348.22623,785.89154,357.80673,659.9147,661613122673393,661613157086102
326.07428,869.2561,348.22623,720.02716,661613157270320,661613190463706
324.71152,882.3877,348.22623,785.89154,661613190563133,661613221046727
324.19937,912.09814,326.07428,869.2561,661613221244487,661613253622143
341.81854,923.0416,341.81854,882.3877,661613253833341,661613286196831
363.4653,912.70966,341.81854,912.09814,661613286337872,661613323839799
374.99753,925.17474,341.81854,912.70966,661613324057352,661613355408289
365.2464,527.1669,363.4653,912.09814,661613355598706,661613387369070
358.133,330.35648,358.133,912.09814,661613387584070,661613421476258
342.10052,327.0775,358.133,527.1669,661613421660477,661613455914018
331.55167,298.27057,358.133,330.35648,661613456205737,661613492255268
338.02863,305.65884,342.10052,327.0775,661613492433185,661613523986935
324.6,313.41843,338.02863,313.41843,661613524258185,661613555471310
298.4276,318.869,338.02863,318.869,661613556687351,661613587192560
272.56583,287.24127,324.6,313.41843,661613587344226,661613620957872
297.89685,349.54614,298.4276,318.869,661613621993549,661613660476518
319.15585,318.2548,319.15585,318.2548,661613660576779,661613693952195
309.1912,377.1248,309.1912,318.869,661613694504747,661613726221726
269.62424,326.44473,309.1912,318.869,661613726379279,661613758363289
300.3419,306.68564,309.1912,318.869,661613758561414,661613793420424
300.4575,318.2902,300.4575,318.869,661613793603185,661613827024331
261.67587,760.8795,300.4575,318.869,661613827227716,661613860590893
253.45416,1660.8789,300.4575,318.869,661613860698914,661613891821674
318.62405,1664.3975,300.4575,760.8795,661613891900320,661613922831987
278.78912,1687.2057,300.4575,1660.8789,661613922931622,661613955485164
275.13687,1634.9454,300.4575,1634.9454,661613955599956,661613987957143
309.21042,1543.4023,300.4575,1634.9454,661613988147143,661614019043914
293.5309,1531.4723,300.4575,1634.9454,661614019217455,661614051287612
308.44882,1538.5605,300.4575,1543.4023,661614051446987,661614087521987
282.48944,1529.4653,300.4575,1538.5605,661614087737247,661614121366258
307.30893,1540.9196,300.4575,1540.9196,661614121539174,661614151941830
300.89435,1558.2042,300.4575,1540.9196,661614152269278,661614184248080
292.8983,1567.8942,300.4575,1540.9196,661614184404018,661614218090424
298.71863,1542.512,300.4575,1542.512,661614218260528,661614250387872
297.53506,1593.8403,298.71863,1542.512,661614250551830,661614284850372
372.89062,1612.2798,300.4575,1542.512,661614285044122,661614317888341
697.1878,1494.0543,300.4575,1542.512,661614318065580,661614350428341
706.8223,1528.7308,372.89062,1542.512,661614351926362,661614386528757
686.2168,1679.4688,686.2168,1542.512,661614386724174,661614420623445
450.11905,1928.2139,450.11905,1542.512,661614421063080,661614452256309
310.1467,1946.096,450.11905,1679.4688,661614453001674,661614487788653
277.9865,1996.0242,450.11905,1928.2139,661614487939070,661614518864018
346.6531,1811.1404,346.6531,1811.1404,661614519060737,661614562483237
362.99234,1675.3317,362.99234,1811.1404,661614562628028,661614595139851
368.16904,1645.1222,362.99234,1811.1404,661614595252091,661614628085164
357.49237,1316.8673,362.99234,1675.3317,661614628200007,661614662043497
342.97754,1181.0482,362.99234,1645.1222,661614662159330,661614693437143
328.84885,1166.493,357.49237,1316.8673,661614693637716,661614725742247
324.1779,1184.912,342.97754,1184.912,661614725831153,661614764753132
291.3146,1326.4095,328.84885,1316.8673,661614764836934,661614801702872
290.0439,1738.617,324.1779,1316.8673,661614803758184,661614837552455
326.2673,1678.656,326.2673,1326.4095,661614837743757,661614870453393
358.1084,1681.1624,326.2673,1678.656,661614870589486,661614904254174
322.3953,1619.1776,326.2673,1619.1776,661614904391257,661614936515163
318.06458,1675.1046,326.2673,1675.1046,661614936650268,661614969003601
337.1071,1911.4729,326.2673,1675.1046,661614969324382,661615006262976
647.9028,1617.0312,326.2673,1675.1046,661615006357455,661615039778757
640.1285,1555.295,337.1071,1675.1046,661615041841205,661615074751934
393.17816,1728.5045,393.17816,1675.1046,661615074840945,661615108125840
268.28387,1788.754,337.1071,1675.1046,661615109058809,661615141894226
240.09116,1653.5614,337.1071,1675.1046,661615142050111,661615175225059
268.70074,1556.9701,268.70074,1675.1046,661615175307768,661615209473236
282.95798,1420.2961,282.95798,1653.5614,661615209669695,661615247638080
343.53397,1335.376,282.95798,1556.9701,661615247759538,661615284326309
326.7344,1264.4955,282.95798,1420.2961,661615284521205,661615317738913
347.48193,1349.8427,326.7344,1349.8427,661615318269590,661615355304174
367.27417,1350.0702,326.7344,1350.0702,661615355421465,661615385370684
339.00565,959.93555,339.00565,1349.8427,661615385632038,661615419525632
336.829,881.6789,336.829,1349.8427,661615419766986,661615453065267
348.45923,909.15576,339.00565,959.93555,661615453245476,661615501778861
345.8791,883.59344,339.00565,909.15576,661615501978705,661615537032924
362.8352,915.81213,345.8791,915.81213,661615538500111,661615569816101
341.69748,929.4871,341.69748,915.81213,661615569968392,661615603807194
339.0444,944.5382,341.69748,915.81213,661615603910892,661615634303653
340.61862,939.7512,341.69748,929.4871,661615634455632,661615668259434
302.40366,958.35095,340.61862,939.7512,661615668386413,661615701216934
324.1977,834.0237,340.61862,929.4871,661615701344278,661615735755111
334.79443,819.7991,334.79443,929.4871,661615735897090,661615773427455
329.6218,848.41437,334.79443,848.41437,661615775206674,661615813683496
318.2241,896.0405,334.79443,896.0405,661615813774226,661615850318236
333.9057,889.9396,333.9057,889.9396,661615850522767,661615882962819
354.44458,894.85266,334.79443,894.85266,661615883160788,661615914104955
326.376,954.4915,333.9057,894.85266,661615914277299,661615947559486
325.6461,946.52466,333.9057,894.85266,661615947742507,661615994751830
330.77682,933.64954,330.77682,933.64954,661615994854278,661616025700580
381.5539,916.4442,333.9057,916.4442,661616026906882,661616062892351
368.4477,907.0938,333.9057,916.4442,661616063067507,661616095770632
318.52448,922.5912,333.9057,916.4442,661616096072871,661616134795371
317.14746,1036.0923,333.9057,916.4442,661616134912194,661616169264278
508.5597,561.97534,333.9057,916.4442,661616169468496,661616203088080
453.21613,820.5297,333.9057,916.4442,661616203249642,661616234948236
343.62924,984.53046,343.62924,916.4442,661616235050840,661616266587611
324.94687,1009.8818,333.9057,916.4442,661616267376934,661616299632298
349.38055,1003.092,343.62924,984.53046,661616299836257,661616330026100
426.11142,817.94415,343.62924,916.4442,661616330104382,661616363610163
372.2215,786.29553,349.38055,916.4442,661616364737611,661616400165007
395.26178,781.06775,372.2215,817.94415,661616401016257,661616433152455
406.74142,747.75275,372.2215,786.29553,661616434690475,661616466501465
383.9942,757.6631,383.9942,781.06775,661616466684225,661616500388496
396.53857,741.33295,383.9942,757.6631,661616500485319,661616534182455
383.79895,782.48956,383.9942,781.06775,661616534286673,661616569456725
343.54483,803.11237,383.9942,781.06775,661616569602350,661616602498184
333.32544,864.8925,383.79895,782.48956,661616602691204,661616639780788
322.0604,871.64874,343.54483,803.11237,661616639864798,661616673409694
343.18542,907.75433,343.18542,864.8925,661616673576621,661616706957559
324.19186,975.6694,343.18542,871.64874,661616707065632,661616743056204
359.5517,894.2421,343.18542,894.2421,661616743156309,661616779581829
346.13074,964.674,343.18542,894.2421,661616780781673,661616821034954
344.98712,751.4856,344.98712,894.2421,661616821227559,661616851491152
294.90628,323.29083,343.18542,894.2421,661616851674850,661616881774902
311.6757,308.17465,343.18542,751.4856,661616881951204,661616914900215
327.9493,351.21286,327.9493,351.21286,661616915079329,661616947640267
338.2602,346.08002,338.2602,351.21286,661616947825475,661616982979954
332.3721,361.4243,332.3721,351.21286,661616983165944,661617015458183
309.9337,281.2135,332.3721,351.21286,661617015621569,661617049438600
256.3437,174.49005,332.3721,351.21286,661617049628392,661617081513861
247.64421,191.71388,309.9337,281.2135,661617081720475,661617113706413
224.00958,230.87245,256.3437,230.87245,661617113892558,661617148196256
209.19098,207.44922,247.64421,230.87245,661617148388652,661617186163756
224.72554,180.97351,224.72554,230.87245,661617186359381,661617219179433
250.05487,274.67227,247.64421,230.87245,661617219368652,661617252423027
257.5882,320.77213,247.64421,230.87245,661617252530215,661617283254485
246.1386,381.78098,247.64421,274.67227,661617284467923,661617315876621
239.27742,375.88556,247.64421,320.77213,661617316099746,661617349583444
226.91237,410.96417,246.1386,375.88556,661617349762454,661617382199538
259.04547,428.81085,247.64421,375.88556,661617382347767,661617414484017
238.35301,420.10022,246.1386,410.96417,661617414684642,661617459717558
264.93643,393.62283,247.64421,393.62283,661617459858235,661617494268756
272.20477,341.4045,247.64421,393.62283,661617494461777,661617527222037
276.2582,319.09598,264.93643,393.62283,661617527340215,661617559572454
273.18454,565.2801,272.20477,393.62283,661617560678912,661617599601829
517.70276,795.58765,273.18454,393.62283,661617599768808,661617631211517
365.81735,1538.2646,273.18454,565.2801,661617632845371,661617662226465
305.39062,1685.3921,305.39062,795.58765,661617664915006,661617700194642
249.96675,1773.8633,273.18454,1538.2646,661617700324121,661617734054121
260.06213,1606.2737,273.18454,1606.2737,661617734162402,661617768442194
312.9451,1424.8811,273.18454,1538.2646,661617769568912,661617802567975
298.15155,1413.9521,273.18454,1538.2646,661617802717454,661617837223600
330.1688,1352.8553,298.15155,1424.8811,661617837422819,661617870695058
314.5989,1398.3124,298.15155,1413.9521,661617870868027,661617903145787
386.7994,1368.2711,314.5989,1398.3124,661617903355006,661617939880475
426.5599,1378.9603,314.5989,1398.3124,661617940118496,661617972406048
410.96472,1342.968,386.7994,1378.9603,661617972525006,661618004376673
395.74045,1341.2339,395.74045,1378.9603,661618004492246,661618043047871
370.89755,1405.0271,386.7994,1378.9603,661618043245996,661618075975579
387.97845,1349.9624,387.97845,1378.9603,661618076206308,661618113382558
374.0198,1456.332,386.7994,1378.9603,661618113575683,661618145955110
429.2196,1494.8745,387.97845,1378.9603,661618146436985,661618178057298
431.93912,1466.1646,387.97845,1456.332,661618178231673,661618210621621
439.17484,1482.909,429.2196,1466.1646,661618210789016,661618245487246
435.3568,1443.358,431.93912,1456.332,661618245678443,661618279704798
407.17126,1429.4738,429.2196,1456.332,661618279846568,661618312094954
404.89636,1501.1346,429.2196,1456.332,661618312274850,661618348734954
425.79443,1413.4987,425.79443,1456.332,661618348902298,661618382832350
419.73434,1433.295,425.79443,1456.332,661618383031360,661618413992975
418.90845,1482.9071,425.79443,1456.332,661618414182923,661618448155527
400.07944,1480.3545,419.73434,1456.332,661618448362714,661618481554016
442.0064,1581.4153,425.79443,1480.3545,661618481772662,661618514248704
427.93796,1740.4504,425.79443,1480.3545,661618514437610,661618546185266
756.13574,1682.6188,427.93796,1581.4153,661618546377089,661618578869954
740.0457,1579.6687,427.93796,1579.6687,661618579018287,661618610728964
569.7036,1799.8806,569.7036,1581.4153,661618610922297,661618643726725
452.89563,2064.9917,452.89563,1581.4153,661618643905006,661618677920370
482.61685,1945.7128,482.61685,1799.8806,661618678065058,661618714944433
506.81052,1953.0654,482.61685,1945.7128,661618715132870,661618745788235
593.44226,1871.8549,482.61685,1871.8549,661618745978547,661618779669641
523.0564,1770.5398,506.81052,1871.8549,661618779859537,661618815218495
541.89087,1739.2717,523.0564,1871.8549,661618815425943,661618848888860
598.16113,1708.3502,523.0564,1770.5398,661618849032297,661618882705370
595.38,1674.5411,541.89087,1739.2717,661618884304797,661618914760995
573.583,1774.64,573.583,1770.5398,661618917037506,661618947004485
568.2057,1766.1581,568.2057,1766.1581,661618947156777,661618979949016
565.83325,1735.9127,568.2057,1766.1581,661618980078235,661619011730214
811.30865,1176.8752,568.2057,1766.1581,661619011864954,661619043817922
849.04193,1170.3535,568.2057,1735.9127,661619043980006,661619075852089
803.5462,1087.9968,803.5462,1176.8752,661619075990006,661619111580579
796.5989,830.8096,796.5989,1170.3535,661619111736308,661619148914485
492.66373,729.0364,796.5989,1087.9968,661619149028860,661619178774381
375.73276,805.35895,796.5989,830.8096,661619178987506,661619211178651
388.32,884.2788,492.66373,884.2788,661619211392974,661619244588599
395.4699,788.03577,395.4699,830.8096,661619244779745,661619298513912
465.52332,630.23035,465.52332,830.8096,661619298622558,661619331766672
435.01746,524.59503,435.01746,788.03577,661619331869224,661619365240735
418.25995,563.5327,435.01746,630.23035,661619365341099,661619398346099
459.04575,598.20526,435.01746,598.20526,661619398454485,661619432464901
446.34384,583.3277,435.01746,598.20526,661619432627974,661619463881880
479.03394,621.49384,446.34384,598.20526,661619463955318,661619497958235
435.03006,646.6198,435.03006,598.20526,661619498687818,661619532960943
424.5052,665.32,435.03006,621.49384,661619533053391,661619568401985
435.61978,703.9445,435.03006,646.6198,661619568515891,661619615777662
440.18085,697.8105,435.03006,665.32,661619615896568,661619651454797
388.15082,694.4978,435.03006,694.4978,661619651670370,661619685312245
380.44836,757.6094,435.03006,694.4978,661619685424901,661619714577714
377.8796,772.52264,388.15082,694.4978,661619714704068,661619746391099
357.42062,791.58014,380.44836,757.6094,661619746563964,661619779944172
340.51065,753.02234,377.8796,753.02234,661619780192141,661619812602349
349.03168,725.0595,357.42062,753.02234,661619812712245,661619843150318
348.54843,715.6033,349.03168,753.02234,661619843250526,661619876999432
357.78415,738.8777,357.42062,738.8777,661619877101672,661619909955109
364.7934,719.46045,357.42062,738.8777,661619910049276,661619944222037
378.4502,701.5335,357.78415,738.8777,661619944419693,661619978449120
389.6106,690.67175,364.7934,719.46045,661619978638391,661620012818443
389.65912,705.00934,378.4502,705.00934,661620012993443,661620046773964
395.7153,693.6387,389.6106,705.00934,661620047019589,661620080551932
367.68378,687.63947,378.4502,705.00934,661620080783026,661620113825682
355.78207,602.52905,378.4502,693.6387,661620113995161,661620152708807
351.58176,598.1519,367.68378,687.63947,661620152831568,661620183644016
349.19608,569.8056,355.78207,602.52905,661620183808130,661620216811047
360.08707,587.568,360.08707,598.1519,661620217007349,661620254600786
344.77158,584.193,355.78207,587.568,661620254944484,661620288821516
318.49588,569.232,355.78207,587.568,661620288974693,661620321209588
312.38885,596.84564,344.77158,587.568,661620321302401,661620355416776
343.07812,514.77966,343.07812,587.568,661620355553026,661620386504588
428.26117,370.38748,344.77158,587.568,661620386604484,661620418566151
425.36044,344.83322,344.77158,514.77966,661620418683182,661620452909432
435.17697,354.0851,425.36044,370.38748,661620453083911,661620486522974
420.05286,350.75137,420.05286,354.0851,661620486649380,661620528285890
442.6751,352.38516,425.36044,354.0851,661620528442088,661620559321463
423.65506,372.51337,423.65506,354.0851,661620560897557,661620593480057
428.2749,375.3979,425.36044,354.0851,661620593617036,661620629100005
430.1155,357.05435,425.36044,357.05435,661620629196776,661620659425318
428.83527,371.488,428.2749,357.05435,661620659550161,661620692543443
462.79288,325.64685,428.83527,357.05435,661620692697297,661620723502557
363.4299,886.7456,428.2749,357.05435,661620729478755,661620763435578
269.5805,1325.711,428.2749,357.05435,661620764690838,661620799165838
298.5083,1352.5717,363.4299,886.7456,661620799308703,661620838968859
283.25537,1301.497,298.5083,1301.497,661620839111359,661620875722713
282.98224,1335.5531,298.5083,1301.497,661620875911828,661620909514067
282.8642,1339.8907,283.25537,1301.497,661620909719120,661620948562192
79.705124,1461.021,282.98224,1335.5531,661620948725838,661620983374172
44.901962,1444.6997,282.8642,1339.8907,661620983566672,661621019553390
36.29592,1550.0835,79.705124,1444.6997,661621019640630,661621052757088
20.123098,1578.2202,44.901962,1444.6997,661621052874640,661621090441203
17.728874,1539.7046,36.29592,1539.7046,661621090623547,661621124446776
12.596157,1566.5372,20.123098,1539.7046,661621124628026,661621158913026
21.261213,1578.2168,21.261213,1539.7046,661621159023703,661621189779536
34.801216,1549.8568,21.261213,1549.8568,661621189888599,661621242992817
32.45254,1543.4823,21.261213,1543.4823,661621243094432,661621276934119
42.55002,1526.3651,32.45254,1543.4823,661621277290161,661621311940578
93.87108,1576.2417,32.45254,1543.4823,661621312486046,661621346014484
257.749,1462.7974,42.55002,1543.4823,661621346142661,661621377149901
669.10846,1423.9508,93.87108,1543.4823,661621377346151,661621409856723
715.96063,1455.7778,257.749,1462.7974,661621410057140,661621439503494
725.8954,1365.7096,669.10846,1455.7778,661621439698598,661621475507348
730.6708,1321.8398,715.96063,1455.7778,661621476500994,661621508344848
743.7216,1262.2522,725.8954,1365.7096,661621509499692,661621546648546
736.9391,1243.2615,730.6708,1321.8398,661621546856411,661621583245317
748.7583,1338.7631,736.9391,1338.7631,661621583357609,661621613504640
754.49146,1176.642,736.9391,1321.8398,661621613698130,661621647217973
774.0758,1159.6681,748.7583,1321.8398,661621647416775,661621678515421
793.3175,1115.0955,754.49146,1176.642,661621678711671,661621713353130
647.7277,1150.3545,748.7583,1159.6681,661621713587036,661621752845525
371.63898,1080.7964,748.7583,1150.3545,661621752992817,661621788746619
317.7474,1096.2266,647.7277,1150.3545,661621788947088,661621823621880
364.14026,947.49274,371.63898,1096.2266,661621823816567,661621853072036
384.72852,830.3062,384.72852,1096.2266,661621857488859,661621895423598
387.7076,691.88837,384.72852,947.49274,661621897393390,661621938453598
413.89435,689.8404,384.72852,830.3062,661621938624223,661621972469015
409.80692,712.5155,387.7076,712.5155,661621972913077,661622005602296
412.90015,740.0164,409.80692,740.0164,661622005746202,661622037999015
409.53513,757.1636,409.53513,740.0164,661622038141255,661622072396515
407.3817,806.1359,409.53513,740.0164,661622072587504,661622106078182
398.08563,824.59235,409.53513,757.1636,661622106283650,661622141227765
397.83154,812.7874,407.3817,806.1359,661622141406046,661622172867557
401.24905,840.65955,401.24905,812.7874,661622173048546,661622206640577
348.99408,862.1951,401.24905,812.7874,661622207920161,661622240451359
362.00024,838.89557,401.24905,838.89557,661622240633129,661622274967088
389.58673,820.23535,389.58673,820.23535,661622275072348,661622307145994
826.1316,441.41995,401.24905,820.23535,661622307880004,661622339515942
840.56146,437.61972,401.24905,820.23535,661622340129588,661622372474223
806.09406,391.52167,806.09406,441.41995,661622372626515,661622405691463
830.69147,433.66397,806.09406,437.61972,661622405843963,661622439010577
846.03,426.59085,806.09406,433.66397,661622439193754,661622473272504
840.43854,416.02985,830.69147,433.66397,661622473441723,661622507063077
850.9073,403.02777,840.43854,426.59085,661622507244171,661622539226827
834.03015,408.8494,834.03015,416.02985,661622539417400,661622573238598
862.7918,474.06906,840.43854,426.59085,661622573423754,661622607003754
454.4312,858.4289,834.03015,426.59085,661622607187296,661622645150056
429.88074,878.7686,834.03015,474.06906,661622645350525,661622677296515
423.15973,882.5821,454.4312,858.4289,661622677456515,661622710667556
398.62793,851.3342,429.88074,851.3342,661622710781775,661622741827817
426.94308,906.1244,426.94308,858.4289,661622742031463,661622775483390
429.9348,818.4631,429.88074,851.3342,661622775633390,661622808808181
437.41614,820.96594,429.88074,851.3342,661622808997556,661622843993233
405.14774,900.955,429.88074,851.3342,661622844215942,661622876654692
726.6662,984.5882,429.88074,851.3342,661622876855681,661622908339119
759.01056,1326.0554,429.88074,900.955,661622908541931,661622941955317
794.4968,1191.9579,726.6662,984.5882,661622942158546,661622976553494
787.5242,1080.0059,759.01056,1080.0059,661622976743285,661623014513754
822.5479,896.6193,787.5242,984.5882,661623014616983,661623049502817
484.50247,1088.4845,759.01056,1080.0059,661623049599431,661623087243285
336.609,1085.921,759.01056,1080.0059,661623087411202,661623126105212
303.34857,893.1439,484.50247,1080.0059,661623126198650,661623166166046
348.85345,769.2122,348.85345,1080.0059,661623166291202,661623197323702
328.58188,678.2618,348.85345,893.1439,661623197430004,661623231504639
329.21353,655.62225,348.85345,769.2122,661623231620317,661623268816671
330.55927,604.09607,330.55927,678.2618,661623269005837,661623300032348
356.02725,653.4016,348.85345,655.62225,661623300147764,661623333980629
374.024,708.88135,348.85345,678.2618,661623334162504,661623369321723
364.3455,714.5037,356.02725,678.2618,661623369474848,661623404132139
363.73627,736.60925,363.73627,708.88135,661623404302452,661623438102191
371.18054,778.0639,363.73627,714.5037,661623438270837,661623470690577
356.20804,840.70557,363.73627,736.60925,661623470875577,661623503595577
358.9182,886.14746,363.73627,778.0639,661623503746671,661623537493494
350.42902,908.62067,358.9182,840.70557,661623537684587,661623573495056
320.10034,915.34985,358.9182,886.14746,661623573680421,661623609232868
341.59406,878.50775,350.42902,878.50775,661623609395004,661623643449483
315.26114,948.57996,341.59406,886.14746,661623643642348,661623677843650
318.8514,945.685,341.59406,886.14746,661623678030733,661623709335004
321.9819,921.3895,321.9819,921.3895,661623709524691,661623744220160
321.05844,907.9291,321.9819,907.9291,661623744389796,661623775915733
333.60757,935.53394,321.9819,921.3895,661623776125525,661623816119587
312.31424,838.8724,321.9819,907.9291,661623816273754,661623850554066
292.03732,346.39902,321.9819,907.9291,661623850707764,661623882340525
277.6649,357.41144,312.31424,838.8724,661623882506827,661623918993702
276.5594,356.2785,292.03732,357.41144,661623919186618,661623954763233
275.82196,343.29608,277.6649,357.41144,661623954943233,661623988780629
272.2859,349.62173,276.5594,356.2785,661623989535785,661624021834795
285.01752,338.85754,277.6649,349.62173,661624022698910,661624055736931
463.30414,329.06808,277.6649,349.62173,661624057688233,661624090025316
481.53293,290.57263,285.01752,338.85754,661624090123389,661624120417191
471.731,287.74344,463.30414,329.06808,661624121694118,661624154340785
478.359,296.2348,471.731,296.2348,661624155143129,661624185842608
493.60458,304.30206,471.731,304.30206,661624188828181,661624223736670
482.7813,292.5951,478.359,296.2348,661624225727035,661624259585108
477.1368,225.16254,477.1368,296.2348,661624260831827,661624295976618
466.30856,267.02368,477.1368,292.5951,661624296104274,661624329008441
465.82483,494.95355,477.1368,296.2348,661624329380004,661624363611254
331.5196,1386.9823,466.30856,296.2348,661624363711566,661624397378545
306.58823,1463.8856,465.82483,494.95355,661624397497087,661624438366879
332.28622,1427.2742,332.28622,1386.9823,661624438567139,661624470706618
326.0708,1326.5189,332.28622,1326.5189,661624470899483,661624505060160
343.9792,1347.0455,332.28622,1347.0455,661624505178754,661624539671722
343.20303,1337.959,332.28622,1337.959,661624539868337,661624589550472
303.21017,1379.8993,332.28622,1347.0455,661624589649326,661624621106931
293.82242,1392.1061,332.28622,1347.0455,661624622997504,661624658093441
317.0807,1339.9816,317.0807,1347.0455,661624658272660,661624694048441
311.6701,1292.5924,317.0807,1347.0455,661624694161931,661624729798389
316.09335,1282.905,317.0807,1339.9816,661624729942191,661624764269014
301.35138,1327.829,316.09335,1327.829,661624764437087,661624799532816
317.1281,1306.0146,317.0807,1327.829,661624799733285,661624832886826
318.68317,1288.4233,317.0807,1327.829,661624833071253,661624866733701
367.36694,1357.2423,317.1281,1327.829,661624866895837,661624900509847
329.95724,1294.5651,318.68317,1327.829,661624900656514,661624934192139
566.083,1324.4813,329.95724,1327.829,661624934346930,661624967710993
727.51324,1384.3367,329.95724,1327.829,661624967880420,661625002536670
733.31714,1295.3906,566.083,1327.829,661625002716566,661625039264014
709.7893,1385.2762,709.7893,1327.829,661625039478649,661625074336722
619.8725,1414.1176,619.8725,1327.829,661625074567972,661625107204847
368.19376,1920.5188,619.8725,1385.2762,661625107325680,661625138898649
233.421,1920.2754,619.8725,1414.1176,661625139015785,661625170292972
163.19107,1901.017,368.19376,1901.017,661625171628857,661625205401670
208.75227,1767.7683,233.421,1767.7683,661625205516201,661625236569639
197.24942,1744.3573,208.75227,1767.7683,661625237517295,661625269070316
202.21123,1612.4049,208.75227,1767.7683,661625269169899,661625302947764
201.10664,1591.3219,202.21123,1744.3573,661625303049535,661625337144170
186.2405,1535.349,202.21123,1612.4049,661625337257868,661625369640472
229.84125,1606.9923,202.21123,1606.9923,661625369862972,661625402295576
237.8654,1599.6573,202.21123,1606.9923,661625402478753,661625436775159
270.63846,1589.0579,229.84125,1606.9923,661625436954170,661625470435889
280.49188,1558.9269,237.8654,1599.6573,661625470624587,661625510965993
271.07797,1552.0212,270.63846,1589.0579,661625511072034,661625567435889
272.2699,1528.8998,271.07797,1558.9269,661625567536722,661625605074430
280.90784,1528.666,271.07797,1552.0212,661625605196826,661625637798857
234.11443,1617.9751,271.07797,1558.9269,661625637912243,661625671140368
272.40546,1565.615,271.07797,1558.9269,661625671352555,661625704701097
286.30942,1569.5863,271.07797,1565.615,661625704907243,661625744188336
241.41833,1670.6719,271.07797,1565.615,661625744281305,661625803038909
633.64136,1419.3608,271.07797,1565.615,661625803147295,661625845802763
593.27136,1001.73676,271.07797,1565.615,661625845931774,661625891889326
378.5857,1093.4718,378.5857,1419.3608,661625891977243,661625924623701
295.54767,913.3939,295.54767,1093.4718,661625924734795,661625959712920
288.2986,721.0085,295.54767,1093.4718,661625959835055,661625993729795
326.0236,664.2282,295.54767,913.3939,661625994632659,661626028485888
341.4449,610.11755,295.54767,721.0085,661626028658232,661626069630211
326.79416,517.41925,326.0236,664.2282,661626069756982,661626109366045
314.26163,482.8062,314.26163,610.11755,661626109487138,661626143682659
315.32324,534.27,315.32324,534.27,661626144205211,661626177357243
332.52444,590.979,315.32324,590.979,661626177485368,661626209866461
329.1476,643.09,315.32324,590.979,661626209973545,661626245343597
327.2265,631.2434,327.2265,590.979,661626245534274,661626274346461
300.9388,607.41986,315.32324,607.41986,661626274468545,661626306600263
248.81645,564.1961,315.32324,590.979,661626306717190,661626341601878
244.8644,554.38947,300.9388,590.979,661626341704222,661626376418180
245.75986,558.9705,248.81645,564.1961,661626377367086,661626409848284
245.57828,537.02277,245.75986,558.9705,661626409940419,661626451751461
27.975279,697.5879,245.75986,564.1961,661626451914378,661626485733701
-288.0109,975.9083,245.57828,564.1961,661626485868232,661626517584586
-296.0205,947.68195,27.975279,697.5879,661626519376513,661626550142867
-308.6352,989.8308,-288.0109,947.68195,661626554211305,661626592394899
-324.36765,939.14404,-296.0205,939.14404,661626593228909,661626652273961
-333.22003,884.4146,-308.6352,939.14404,661626652394378,661626683644794
-315.89407,963.35,-315.89407,939.14404,661626683753284,661626715591669
-157.79208,989.3631,-308.6352,939.14404,661626715781721,661626747144794
625.282,891.5363,-308.6352,939.14404,661626747305003,661626785309221
626.5955,935.1738,-157.79208,939.14404,661626785422138,661626817416305
359.8958,612.62585,359.8958,935.1738,661626817610263,661626850479273
260.0571,540.4631,260.0571,935.1738,661626850692138,661626882695315
228.85461,561.9702,260.0571,612.62585,661626882898909,661626915922503
301.22498,406.8436,260.0571,561.9702,661626917182607,661626945998180
333.04584,292.12234,260.0571,561.9702,661626951969534,661626983578701
291.1386,387.71576,291.1386,406.8436,661626987409065,661627019814951
322.68768,351.10358,291.1386,387.71576,661627021881878,661627054391096
311.7358,340.75635,291.1386,387.71576,661627056280576,661627095170211
318.73834,504.27805,311.7358,387.71576,661627095356982,661627128348180
385.21716,725.83746,311.7358,387.71576,661627129189482,661627165469378
379.25522,789.694,318.73834,504.27805,661627165657555,661627200125055
380.18027,773.0912,379.25522,725.83746,661627200311878,661627238827190
358.1817,825.44446,358.1817,773.0912,661627238953180,661627274254065
370.22034,806.6687,370.22034,773.0912,661627274458492,661627307701617
376.04117,422.81577,370.22034,773.0912,661627307831357,661627340713961
358.38113,186.7271,370.22034,773.0912,661627340817867,661627376170523
371.571,228.69998,370.22034,422.81577,661627376296252,661627436516773
354.83493,265.88486,370.22034,265.88486,661627436649534,661627469288596
358.26617,270.91165,370.22034,270.91165,661627469457971,661627520148596
333.77686,296.8017,358.26617,270.91165,661627520262867,661627554813023
334.5701,298.21786,358.26617,270.91165,661627555018544,661627588191773
337.3323,284.90054,337.3323,284.90054,661627588308023,661627622075836
346.48395,285.55197,346.48395,284.90054,661627622184534,661627654400679
442.8862,341.93665,346.48395,284.90054,661627654557034,661627688889742
406.9012,493.77463,346.48395,285.55197,661627688985575,661627722959742
323.11728,1361.7297,346.48395,341.93665,661627723112398,661627757084638
289.9979,1600.6858,346.48395,493.77463,661627758899690,661627792185263
304.81302,1507.0513,323.11728,1361.7297,661627793503179,661627827112346
312.47565,1510.1785,312.47565,1507.0513,661627827262346,661627866075679
304.0058,1513.173,312.47565,1507.0513,661627866183700,661627899602502
326.42203,1505.7046,312.47565,1507.0513,661627899744169,661627962147502
313.1126,1509.637,312.47565,1507.0513,661627962294169,661627997565575
302.05493,1475.7759,312.47565,1507.0513,661627997740888,661628029490471
278.75714,1547.9547,312.47565,1507.0513,661628029677294,661628061024065
251.43466,1529.6488,302.05493,1507.0513,661628061194533,661628093794846
276.70047,1546.8098,278.75714,1529.6488,661628093915158,661628128558492
280.21774,1504.4125,280.21774,1507.0513,661628128713283,661628160322242
334.92725,1401.747,280.21774,1507.0513,661628161247710,661628193867190
275.12204,1406.3085,280.21774,1504.4125,661628194027450,661628226553856
283.033,1417.3785,280.21774,1417.3785,661628227081929,661628260679273
356.709,1346.2545,280.21774,1417.3785,661628260850523,661628293230002
295.84518,1372.5679,283.033,1417.3785,661628293364325,661628326980210
288.37125,1409.4623,288.37125,1409.4623,661628327116825,661628361494221
300.57242,1334.9406,288.37125,1409.4623,661628361639429,661628397495419
356.1278,1361.7455,288.37125,1409.4623,661628397642971,661628431469273
317.08945,1382.3965,300.57242,1382.3965,661628431658804,661628467535315
336.2982,1343.0753,317.08945,1382.3965,661628467632033,661628501736669
332.0725,1347.031,317.08945,1382.3965,661628501853700,661628536632190
359.5965,1313.05,332.0725,1347.031,661628536818752,661628572620054
367.42776,1318.1771,332.0725,1347.031,661628573421512,661628607139742
343.27316,1371.1823,343.27316,1347.031,661628607295158,661628641108492
359.47272,1337.6793,343.27316,1347.031,661628641300939,661628676805887
354.72842,1358.3094,343.27316,1347.031,661628676966773,661628708909585
321.051,1347.9655,343.27316,1347.031,661628709092502,661628744058492
314.60522,1325.0963,343.27316,1347.031,661628744222710,661628779219950
314.99442,1317.7352,321.051,1347.031,661628779388908,661628811629377
348.8429,1372.4832,343.27316,1347.031,661628811858700,661628845310887
353.51852,1352.5511,343.27316,1347.031,661628845503960,661628878258648
361.28384,1359.0432,348.8429,1352.5511,661628878456304,661628910117398
354.89603,1372.2517,353.51852,1352.5511,661628910322189,661628946148648
325.64218,1360.3167,348.8429,1359.0432,661628946336564,661628977357971
351.1185,1404.91,351.1185,1360.3167,661628977521460,661629009568856
279.79822,1441.2024,348.8429,1360.3167,661629009740210,661629042261929
562.2886,1215.6552,351.1185,1360.3167,661629042411356,661629075954273
558.79047,1175.0178,351.1185,1360.3167,661629076127189,661629111139377
439.39325,1296.4308,439.39325,1296.4308,661629111243283,661629146039116
462.39865,1369.6952,439.39325,1360.3167,661629146221668,661629177168231
510.56586,1286.7816,439.39325,1296.4308,661629177342085,661629209484116
489.38565,1131.8896,462.39865,1296.4308,661629209673387,661629245028023
523.08905,995.69244,489.38565,1286.7816,661629245202710,661629277993752
518.6023,968.0552,489.38565,1131.8896,661629278181200,661629310947293
534.9448,938.6768,518.6023,995.69244,661629311138231,661629345897085
558.44196,985.34186,518.6023,985.34186,661629346099012,661629376366460
559.23645,889.29486,534.9448,985.34186,661629376551720,661629409820991
506.4075,937.39777,518.6023,985.34186,661629410015106,661629442929012
488.3793,925.62634,518.6023,937.39777,661629443420783,661629474540262
486.4653,969.07104,506.4075,969.07104,661629474675575,661629507448127
489.75793,980.5913,489.75793,969.07104,661629507596043,661629543791095
474.19785,1019.7857,489.75793,969.07104,661629545767658,661629577876408
537.551,970.76196,489.75793,970.76196,661629578056668,661629614243908
507.95822,1041.462,489.75793,970.76196,661629614417814,661629646935002
513.0178,952.77594,507.95822,970.76196,661629647095262,661629682277397
470.3017,759.74164,489.75793,970.76196,661629682471877,661629715732606
372.88666,286.39215,489.75793,952.77594,661629715865106,661629753492814
406.9902,225.68288,470.3017,759.74164,661629753590314,661629788332762
382.18954,229.04532,406.9902,286.39215,661629788488647,661629820997866
385.61566,238.44728,406.9902,238.44728,661629821131564,661629865155262
383.43008,284.19458,385.61566,284.19458,661629865240679,661629901367033
389.73233,274.92334,389.73233,274.92334,661629901509429,661629938004793
384.1144,227.58357,385.61566,274.92334,661629938346616,661629971961929
374.1916,295.15408,385.61566,274.92334,661629972140054,661630004857658
372.55383,285.2,384.1144,274.92334,661630005003908,661630042385106
381.87006,269.39435,381.87006,274.92334,661630042489220,661630080154168
383.08978,252.44382,383.08978,274.92334,661630080315939,661630114525835
379.43515,282.46326,381.87006,274.92334,661630114762033,661630148670001
375.00357,255.29445,381.87006,274.92334,661630148766356,661630181275574
419.46216,224.41711,381.87006,274.92334,661630181436720,661630212899012
396.422,238.3756,381.87006,255.29445,661630213089689,661630246884428
376.5669,202.85373,381.87006,238.3756,661630246993231,661630286516095
388.18973,223.08708,381.87006,238.3756,661630286613283,661630318361668
400.49377,215.36237,381.87006,223.08708,661630318494428,661630350941199
400.0537,249.13167,388.18973,238.3756,661630351053283,661630380930105
382.67154,262.97733,382.67154,238.3756,661630381113699,661630415283387
538.54285,332.93747,388.18973,249.13167,661630415447085,661630449857866
543.91345,767.73425,388.18973,262.97733,661630450419845,661630482819116
489.2987,669.71234,489.2987,332.93747,661630482953855,661630517173387
309.17245,625.84564,388.18973,625.84564,661630517292918,661630552266408
296.39075,753.5191,388.18973,625.84564,661630552389741,661630587331824
347.10034,591.54877,347.10034,625.84564,661630587866512,661630621654428
375.59857,560.6776,375.59857,625.84564,661630621845782,661630652568647
371.24356,451.3149,371.24356,591.54877,661630653171772,661630685174272
377.98785,404.34128,375.59857,560.6776,661630685281355,661630720199845
402.72522,441.21017,375.59857,451.3149,661630720335678,661630755519949
420.30557,449.29898,377.98785,449.29898,661630755713126,661630789413022
414.03818,482.40063,402.72522,451.3149,661630789587814,661630820192970
399.51678,475.76236,399.51678,451.3149,661630820365262,661630852150626
372.51492,253.71783,399.51678,451.3149,661630853103282,661630883705522
377.88742,241.43625,399.51678,451.3149,661630883805574,661630915717137
368.84702,253.61644,377.88742,253.71783,661630915844689,661630952569012
350.9423,252.48003,377.88742,253.61644,661630952689168,661630986040157
362.00903,229.7291,368.84702,253.61644,661630986201147,661631026867189
365.74695,214.5703,365.74695,252.48003,661631027050991,661631060641043
368.16196,210.7885,368.16196,229.7291,661631060740053,661631091501043
350.78967,227.31213,365.74695,227.31213,661631091593647,661631123519428
350.33676,239.86928,365.74695,229.7291,661631124611095,661631155294897
374.16815,229.4679,365.74695,229.4679,661631155476459,661631190115418
352.43585,232.2947,365.74695,229.7291,661631190256616,661631223579688
338.1511,268.6471,365.74695,229.7291,661631223773438,661631255722449
371.9378,298.36475,365.74695,232.2947,661631255908438,661631288722501
638.76044,920.89087,365.74695,268.6471,661631288874324,661631320429272
703.05286,1150.056,371.9378,298.36475,661631320627032,661631352623334
636.3927,1152.034,636.3927,920.89087,661631352808230,661631385584011
348.2095,1234.6222,371.9378,1150.056,661631385974011,661631417352866
276.50854,1208.1082,371.9378,1152.034,661631418246199,661631455417553
352.6147,1131.2498,352.6147,1150.056,661631455591511,661631488288490
430.1232,898.11206,371.9378,1150.056,661631488480730,661631523578543
421.92514,876.7137,371.9378,1131.2498,661631523776459,661631554361563
414.0395,801.0643,414.0395,898.11206,661631554542761,661631586532501
420.69385,750.5678,414.0395,876.7137,661631586724845,661631616948438
408.3731,855.1999,414.0395,855.1999,661631617578647,661631648757501
357.8082,969.1216,414.0395,876.7137,661631648928386,661631682482917
350.4396,996.1466,408.3731,876.7137,661631682591667,661631713958126
346.9313,1076.1687,357.8082,969.1216,661631714124688,661631746322605
367.55997,1066.1598,367.55997,996.1466,661631765963542,661631798197240
378.49088,1068.6729,367.55997,1066.1598,661631800197970,661631835160782
352.5959,1029.8849,367.55997,1029.8849,661631844044376,661631876722605
344.8315,1065.4769,367.55997,1065.4769,661631876860417,661631910061719
341.10574,1060.3347,352.5959,1060.3347,661631910814376,661631944741563
359.39963,1082.5836,359.39963,1065.4769,661631944923699,661631983647917
384.97443,1109.338,359.39963,1065.4769,661631983768803,661632043759584
329.74988,1196.0988,359.39963,1082.5836,661632043887761,661632080927553
363.43753,1204.5558,359.39963,1109.338,661632082107501,661632117267813
461.7784,1227.8203,359.39963,1196.0988,661632117540469,661632150654896
483.70795,1197.869,363.43753,1197.869,661632150840938,661632185140678
503.7912,1164.8025,461.7784,1196.0988,661632185315261,661632216772761
486.28363,1157.8075,483.70795,1196.0988,661632216878855,661632257685365
587.04785,1150.289,486.28363,1164.8025,661632257785365,661632290114324
1064.2144,1099.7584,486.28363,1157.8075,661632290627188,661632321655157
1083.512,1088.4855,587.04785,1150.289,661632321812969,661632353131719
1098.2103,1063.1918,1064.2144,1099.7584,661632353302917,661632386715573
1099.1917,1070.8688,1083.512,1088.4855,661632386859323,661632421515313
1087.0382,1080.1093,1087.0382,1080.1093,661632422964323,661632454328386
1099.7438,1083.2004,1087.0382,1083.2004,661632454435834,661632485289115
1087.349,1067.6868,1087.0382,1080.1093,661632485472396,661632518044063
1068.0314,1050.7947,1087.0382,1080.1093,661632518192813,661632554761198
1081.6766,1125.3774,1087.0382,1080.1093,661632555012344,661632588143855
940.5673,888.1379,1081.6766,1080.1093,661632588350417,661632621210521
778.5502,916.8425,1081.6766,1080.1093,661632621400105,661632657578855
479.91858,575.39777,940.5673,916.8425,661632657676563,661632687914948
444.00024,407.0849,778.5502,916.8425,661632688127396,661632727133386
413.72705,362.8216,479.91858,575.39777,661632727246667,661632757445105
522.63855,182.65034,522.63855,407.0849,661632757634740,661632788810157
474.0092,164.87059,479.91858,362.8216,661632788994844,661632821969167
460.99176,170.95544,479.91858,182.65034,661632822915000,661632852676719
452.5384,178.28616,474.0092,178.28616,661632852878282,661632888985886
475.18427,187.63742,475.18427,182.65034,661632889126823,661632923301771
472.17496,194.38876,474.0092,182.65034,661632923484896,661632954101302
483.60187,185.7865,475.18427,185.7865,661632954280052,661632988639375
470.73105,190.41347,474.0092,185.7865,661632988829584,661633021780261
471.4042,200.03156,474.0092,185.7865,661633021971823,661633057821719
475.03058,213.06311,474.0092,190.41347,661633058009948,661633090358854
452.40738,230.57693,474.0092,200.03156,661633090556511,661633121829479
448.55865,232.25351,474.0092,213.06311,661633122061511,661633153816563
375.2978,249.31708,452.40738,230.57693,661633153995782,661633187184636
358.08408,262.15186,448.55865,232.25351,661633187372604,661633220248594
328.63135,283.8761,375.2978,249.31708,661633220425209,661633252822709
338.48773,257.3587,358.08408,257.3587,661633253352188,661633287489115
332.64304,289.20947,338.48773,257.3587,661633287673959,661633321015677
335.46448,266.68063,338.48773,257.3587,661633321187448,661633354014584
333.0085,271.80185,335.46448,266.68063,661633354222552,661633388865677
353.22086,286.71948,338.48773,266.68063,661633389049584,661633422011406
316.85876,268.63446,335.46448,268.63446,661633422193542,661633454199688
193.31543,392.09338,335.46448,268.63446,661633454390521,661633491113750
-269.2723,687.18195,316.85876,268.63446,661633491323021,661633522010052
-425.97488,904.8373,193.31543,392.09338,661633522207865,661633554615469
-413.18845,898.0423,-269.2723,687.18195,661633554733802,661633589304115
-426.65356,912.7413,-413.18845,898.0423,661633589495365,661633622375625
-430.3624,928.5631,-413.18845,898.0423,661633622496667,661633660124375
-426.5822,890.3282,-426.5822,898.0423,661633660229896,661633692882448
-432.70093,958.0175,-426.5822,898.0423,661633693018073,661633730053021
-425.91357,888.1474,-426.5822,898.0423,661633730625156,661633762192760
-421.09598,891.4202,-426.5822,898.0423,661633762304844,661633798830417
-419.1519,887.15686,-425.91357,891.4202,661633798989323,661633842348385
-403.2489,912.2769,-421.09598,898.0423,661633842448333,661633876391667
-148.20483,746.46533,-419.1519,891.4202,661633876567656,661633909623125
372.22034,690.21515,-403.2489,891.4202,661633909721458,661633943715469
308.6145,741.568,-148.20483,746.46533,661633944847865,661633980461250
-11.479024,579.3228,-11.479024,741.568,661633980568125,661634015916458
-103.85999,830.62085,-103.85999,746.46533,661634016064271,661634049255104
-125.86282,770.9987,-103.85999,746.46533,661634049428594,661634083267864
-56.53569,700.1657,-103.85999,746.46533,661634083390729,661634119456771
-80.36956,574.15,-103.85999,746.46533,661634119647448,661634154118177
-85.41968,548.05743,-85.41968,700.1657,661634154299583,661634192090573
-89.75653,537.42487,-89.75653,574.15,661634192314167,661634224862239
-101.56852,538.357,-89.75653,548.05743,661634225056094,661634258454323
-121.31063,569.9656,-89.75653,569.9656,661634259356146,661634289423698
-124.1175,657.42236,-101.56852,569.9656,661634289534583,661634325907812
-118.59876,631.8775,-118.59876,569.9656,661634326044531,661634358274427
-98.953384,698.2482,-101.56852,631.8775,661634358465156,661634395445000
172.53618,477.0439,-101.56852,569.9656,661634395553698,661634441009166
469.82645,653.78467,-98.953384,631.8775,661634441145885,661634473031562
292.4102,364.16693,172.53618,569.9656,661634473530469,661634506511614
287.28375,408.58447,287.28375,569.9656,661634507018854,661634539157083
304.28098,344.5524,287.28375,408.58447,661634542157343,661634577989687
341.0705,193.744,287.28375,408.58447,661634578143541,661634611921093
364.71036,176.97267,304.28098,344.5524,661634613239218,661634645196562
363.06348,164.47362,341.0705,193.744,661634645417500,661634678300364
361.44086,170.64444,361.44086,176.97267,661634678853281,661634713716614
367.09705,200.79576,361.44086,193.744,661634713875677,661634747234895
348.5304,211.41983,361.44086,193.744,661634747408645,661634779666666
334.1606,228.32878,361.44086,200.79576,661634779834114,661634823057760
360.53247,213.0988,360.53247,211.41983,661634823162187,661634856835833
360.8088,221.18846,360.8088,213.0988,661634857014531,661634890205208
343.69485,604.0036,360.53247,213.0988,661634890391823,661634922509479
223.59782,1339.7834,360.53247,221.18846,661634922692291,661634956147604
178.35115,1425.5247,343.69485,604.0036,661634956324270,661634989185468
202.16908,1438.996,223.59782,1339.7834,661634989385833,661635029102083
203.82124,1467.0242,203.82124,1425.5247,661635029220781,661635063474375
190.57729,1414.9923,203.82124,1414.9923,661635063652968,661635095444218
193.29219,1438.66,203.82124,1425.5247,661635095588958,661635128111302
390.51804,1300.0577,203.82124,1414.9923,661635129155312,661635161402031
996.97864,910.73895,203.82124,1414.9923,661635161518072,661635202820468
1105.9705,884.3365,390.51804,1300.0577,661635202999374,661635237302812
1163.4253,938.82465,996.97864,938.82465,661635237394531,661635268260468
1167.3722,868.1776,1105.9705,938.82465,661635268394374,661635300178906
1175.8694,772.0343,1163.4253,938.82465,661635300283020,661635331464583
1180.7078,744.73425,1167.3722,868.1776,661635331653802,661635365226562
1181.1356,743.5139,1175.8694,772.0343,661635365851249,661635395157760
1179.8859,738.70483,1179.8859,744.73425,661635395346822,661635426938593
1178.6763,761.8665,1178.6763,761.8665,661635427331354,661635460560364
1178.4692,772.347,1178.6763,761.8665,661635461115885,661635494730729
1181.9878,855.21655,1178.6763,761.8665,661635494908072,661635533180051
1181.6438,876.7205,1178.6763,772.347,661635533392656,661635565365885
1180.5872,901.5735,1180.5872,855.21655,661635565565572,661635597776353
1180.4816,911.3351,1180.4816,876.7205,661635597956145,661635633461249
1177.6022,965.50494,1180.4816,901.5735,661635633609583,661635667187395
1176.2267,960.5642,1180.4816,911.3351,661635667358124,661635699687291
1176.4764,945.4019,1177.6022,945.4019,661635699788541,661635730886145
1175.013,965.33887,1176.4764,945.4019,661635731071301,661635762375364
1172.7173,961.29114,1176.4764,945.4019,661635763468072,661635797721822
1174.6156,943.40234,1175.013,945.4019,661635797899062,661635830662291
1174.4338,952.47076,1174.6156,945.4019,661635830799218,661635865423801
1173.3492,938.4633,1174.6156,945.4019,661635865647864,661635898229166
1172.7085,939.6225,1174.4338,945.4019,661635898477864,661635929770885
1173.7848,943.6236,1173.7848,943.6236,661635929934687,661635960641562
1174.9789,949.34985,1174.4338,945.4019,661635960823541,661635994353385
1175.3827,914.76776,1174.4338,943.6236,661635994492083,661636030798957
1167.8043,978.58514,1174.4338,945.4019,661636031053801,661636062204374
1170.2251,1055.1805,1174.4338,945.4019,661636062362551,661636094317864
1107.9812,878.53796,1170.2251,945.4019,661636095193020,661636127805468
912.9082,1225.4526,1170.2251,945.4019,661636127973072,661636161765676
625.8533,1283.1771,1107.9812,945.4019,661636161951718,661636198088801
395.6504,1407.3981,912.9082,1225.4526,661636198298332,661636227797187
403.7776,1445.9381,625.8533,1283.1771,661636227983905,661636262106718
441.45483,1222.8284,441.45483,1225.4526,661636262298645,661636296197916
491.55606,1077.7133,491.55606,1225.4526,661636296403541,661636328383072
515.4409,1023.6336,491.55606,1222.8284,661636328530103,661636364629478
501.1155,954.0911,491.55606,1077.7133,661636364812812,661636395960259
503.3112,1013.4046,501.1155,1023.6336,661636396200416,661636428988957
459.3903,1094.3268,491.55606,1077.7133,661636429170884,661636464266509
326.49243,1268.3595,491.55606,1077.7133,661636464440520,661636494824843
307.74545,1288.3418,459.3903,1094.3268,661636495023645,661636527236770
309.7586,1331.1002,326.49243,1268.3595,661636527444114,661636560940989
305.4767,1255.5897,309.7586,1255.5897,661636561133801,661636596548124
279.61197,1323.2172,309.7586,1268.3595,661636596736405,661636629747655
381.8094,1258.1334,309.7586,1258.1334,661636629923020,661636663391041
1106.8136,1227.056,309.7586,1258.1334,661636663581457,661636701199947
1124.7759,1238.15,381.8094,1258.1334,661636701377707,661636733990884
1126.4508,1245.1213,1106.8136,1245.1213,661636734182707,661636766344843
1126.4191,1252.2583,1124.7759,1252.2583,661636766538697,661636798427811
1125.1954,1244.8484,1125.1954,1245.1213,661636798613749,661636829498749
1126.9276,1221.1117,1125.1954,1245.1213,661636829676509,661636865715051
1128.4901,1216.1222,1125.1954,1244.8484,661636865913280,661636896860103
1123.8132,1228.2351,1125.1954,1228.2351,661636897044634,661636930511301
1122.7343,1234.2819,1125.1954,1234.2819,661636930678853,661636963889686
1124.1825,1234.5737,1124.1825,1234.2819,661636963998280,661636997415415
973.3019,827.6914,1124.1825,1234.2819,661636997524061,661637026920415
467.9862,349.7851,1124.1825,1234.2819,661637028204686,661637062517082
498.48666,277.40997,973.3019,827.6914,661637062627968,661637097693228
479.0573,271.81958,498.48666,349.7851,661637097864478,661637142486665
471.04364,319.11438,498.48666,319.11438,661637142651978,661637180361665
474.9724,286.95306,479.0573,319.11438,661637180458957,661637213038332
451.3093,324.5475,474.9724,319.11438,661637213215311,661637246382811
463.89642,268.71036,474.9724,319.11438,661637249206145,661637281373384
443.20068,385.3349,463.89642,319.11438,661637283331822,661637313960780
477.03314,365.2045,474.9724,319.11438,661637314690103,661637348124113
596.3373,746.3461,474.9724,365.2045,661637348322915,661637379767082
680.8756,922.42267,477.03314,365.2045,661637379867290,661637409975884
629.3893,980.29913,596.3373,746.3461,661637413803072,661637447278488
349.23276,911.6279,477.03314,911.6279,661637448294426,661637480117186
250.26132,921.8011,477.03314,911.6279,661637481014113,661637514045103
258.73013,913.21454,349.23276,911.6279,661637515629478,661637546882551
306.21304,745.688,306.21304,911.6279,661637549834374,661637579538592
366.43164,648.60596,349.23276,911.6279,661637581639634,661637618847603
353.18704,572.34937,349.23276,745.688,661637620908176,661637656086874
355.1399,511.43146,353.18704,648.60596,661637656188905,661637691002446
347.39584,537.836,349.23276,572.34937,661637691126040,661637728692759
349.49142,564.22064,349.49142,564.22064,661637728863436,661637763079946
336.71036,593.11304,349.23276,572.34937,661637763180051,661637795810936
337.86102,627.7155,349.23276,572.34937,661637795953488,661637829663123
358.83685,389.68604,349.23276,572.34937,661637829768228,661637863556092
344.99786,373.22415,349.23276,572.34937,661637863757082,661637898081926
322.5109,416.13824,349.23276,416.13824,661637898279165,661637931678019
348.97656,386.02866,348.97656,416.13824,661637931851717,661637964300415
316.145,456.04257,348.97656,416.13824,661637964450155,661637995535415
186.93628,391.37088,348.97656,416.13824,661637995728540,661638028909738
173.79251,358.05255,316.145,416.13824,661638029111353,661638063141769
159.14351,392.0273,186.93628,392.0273,661638063356144,661638100181353
179.64394,397.18808,179.64394,397.18808,661638100353436,661638134405936
156.23093,373.24313,179.64394,392.0273,661638134528175,661638168960103
152.65019,345.34784,179.64394,392.0273,661638169154530,661638200126457
160.53212,354.1438,160.53212,373.24313,661638200233488,661638234137342
128.2863,361.57504,160.53212,361.57504,661638234323696,661638272324946
154.75375,1024.4812,160.53212,373.24313,661638272526196,661638306155623
164.77869,1607.6635,160.53212,373.24313,661638306284582,661638338742498
216.44739,1515.9252,160.53212,1024.4812,661638340717811,661638372531352
201.49406,1549.114,164.77869,1515.9252,661638373534165,661638406382707
205.38927,1502.9697,201.49406,1502.9697,661638406540415,661638442290936
183.49716,1498.8257,183.49716,1502.9697,661638442400259,661638478190936
181.14487,1543.745,183.49716,1502.9697,661638478343540,661638509920050
176.65445,1490.4353,183.49716,1502.9697,661638510125571,661638541674894
185.76942,1513.8368,183.49716,1502.9697,661638541868644,661638572208332
168.65843,1496.9542,183.49716,1502.9697,661638572369061,661638612153279
186.64702,1495.0774,183.49716,1502.9697,661638612319425,661638643257394
221.20795,1469.882,183.49716,1496.9542,661638643461040,661638674147394
313.90137,1372.8239,186.64702,1495.0774,661638674329529,661638705697915
327.38232,1336.3722,221.20795,1469.882,661638705875988,661638737974269
312.13434,1357.6234,312.13434,1372.8239,661638738088852,661638772384009
355.98267,1310.832,312.13434,1357.6234,661638772620571,661638804217915
340.5169,1303.61,312.13434,1357.6234,661638804834738,661638841299425
342.4845,1297.5729,340.5169,1310.832,661638841509842,661638873172654
426.42773,1370.1914,340.5169,1357.6234,661638873346196,661638905831873
328.0598,830.6335,340.5169,1310.832,661638905960311,661638937827238
392.57257,403.71085,340.5169,1310.832,661638937953592,661638981365988
214.21286,338.19922,340.5169,830.6335,661638981583748,661639012448956
239.94456,283.08813,340.5169,403.71085,661639012541665,661639042679842
255.82336,203.60483,255.82336,338.19922,661639042828852,661639073436561
281.14438,198.90263,281.14438,283.08813,661639073567446,661639106906665
274.24664,190.35294,274.24664,203.60483,661639107017915,661639139099894
260.8525,197.19238,274.24664,198.90263,661639139229425,661639174465519
252.23257,216.1071,274.24664,203.60483,661639174648956,661639206329738
266.64853,231.64404,266.64853,203.60483,661639206504790,661639240622706
269.48795,249.9933,269.48795,216.1071,661639240815988,661639272934060
450.49396,176.8939,269.48795,203.60483,661639273057550,661639305486092
464.30933,200.86006,269.48795,203.60483,661639305679217,661639348481404
469.175,215.40398,450.49396,203.60483,661639348658175,661639386152081
476.84427,217.95883,464.30933,203.60483,661639386267550,661639448112185
1120.0192,1076.6343,469.175,215.40398,661639448227862,661639482410050
1122.3314,1037.9167,476.84427,217.95883,661639482616196,661639514374998
1119.2462,1035.238,1119.2462,1035.238,661639514554894,661639546037342
1117.861,990.5213,1117.861,990.5213,661639546205050,661639577369581
1115.2703,1048.1078,1117.861,1035.238,661639577555154,661639609847133
1118.8342,1002.67914,1117.861,1002.67914,661639610061873,661639642732342
1158.5438,1093.2433,1117.861,1035.238,661639642928331,661639672812654
1157.119,1089.8402,1118.8342,1035.238,661639672996508,661639704169164
1160.952,1130.2378,1157.119,1089.8402,661639704313227,661639738466977
1161.373,1124.7631,1157.119,1089.8402,661639738671873,661639772676352
1166.0217,1105.9451,1160.952,1105.9451,661639772861560,661639805042810
1162.4679,1114.4937,1161.373,1105.9451,661639805198019,661639840243644
1158.6447,1108.293,1160.952,1105.9451,661639840435831,661639874218904
1167.0648,1122.2372,1161.373,1108.293,661639874382706,661639909605623
1164.0243,1108.9368,1161.373,1108.293,661639909802446,661639943609269
1166.176,1103.0618,1164.0243,1108.293,661639943811716,661639975666612
1164.9852,1082.7375,1164.0243,1108.293,661639976558435,661640008461664
1165.6511,1077.8331,1164.9852,1103.0618,661640008620518,661640041178643
1162.8574,1083.2943,1164.0243,1083.2943,661640041376300,661640073173748
1088.0039,1314.9905,1164.0243,1103.0618,661640073363591,661640114074060
1030.8907,1258.9412,1162.8574,1103.0618,661640114262966,661640148204633
1036.8765,1237.0586,1088.0039,1237.0586,661640148404633,661640182548435
992.69336,1230.81,1036.8765,1230.81,661640182670935,661640216071716
1016.27313,1209.955,1036.8765,1230.81,661640216286508,661640252604841
1014.2813,1211.097,1016.27313,1230.81,661640252879581,661640288283175
1010.2378,1235.252,1016.27313,1230.81,661640288430987,661640322104164
962.3092,1210.2474,1014.2813,1230.81,661640322202393,661640353737133
958.7608,1188.2361,1010.2378,1230.81,661640353884789,661640387175831
997.81854,1204.5203,997.81854,1210.2474,661640387887654,661640422784008
999.67786,1209.2844,999.67786,1209.2844,661640422959789,661640457734477
978.944,1214.8563,997.81854,1210.2474,661640458824893,661640490442393
945.2091,1229.322,997.81854,1210.2474,661640491626925,661640522844268
918.4843,1232.2396,978.944,1214.8563,661640524771925,661640559991768
909.27325,1194.3138,945.2091,1210.2474,661640560771925,661640594102445
915.9551,1209.0099,918.4843,1210.2474,661640594189060,661640627842758
914.84753,1204.8853,915.9551,1209.0099,661640627946924,661640660666716
915.19525,1193.7809,915.9551,1209.0099,661640660784737,661640689872133
906.15936,1176.403,915.19525,1204.8853,661640691491977,661640721694529
909.48816,1197.5985,915.19525,1197.5985,661640723457497,661640753005674
929.8371,1169.0895,915.19525,1197.5985,661640757612081,661640791942497
916.59814,1175.956,915.19525,1197.5985,661640792033174,661640824932862
932.1707,1164.666,916.59814,1175.956,661640825655935,661640868637185
946.3862,1156.494,916.59814,1175.956,661640868778070,661640904484476
957.073,1159.2874,932.1707,1164.666,661640904589372,661640941420049
946.62885,1220.1752,946.3862,1175.956,661640941535310,661640985821716
726.6515,652.1033,932.1707,1164.666,661640985934997,661641017734476
549.0632,628.4902,932.1707,1164.666,661641018661924,661641054638956
327.78226,526.0871,726.6515,652.1033,661641054789216,661641089608487
347.31567,577.42664,549.0632,628.4902,661641089714424,661641119828174
346.3645,424.41772,347.31567,577.42664,661641120079216,661641154416456
392.23465,426.0083,392.23465,577.42664,661641154605570,661641186602601
383.11392,359.73755,383.11392,426.0083,661641186826820,661641217665831
369.8344,303.3283,383.11392,426.0083,661641217774268,661641251474685
373.146,281.965,383.11392,359.73755,661641251654424,661641280778278
367.55063,295.21997,373.146,303.3283,661641280884112,661641312773070
348.73068,348.03314,373.146,348.03314,661641312980310,661641355552237
360.0145,352.91736,367.55063,348.03314,661641355632080,661641385176716
402.25003,452.03674,373.146,348.03314,661641385301872,661641418445830
1126.5121,832.3078,373.146,352.91736,661641418607237,661641449486872
1162.3109,875.46967,402.25003,452.03674,661641449590153,661641481997185
1164.4222,867.0315,1126.5121,832.3078,661641482115518,661641512170726
1164.3119,799.4941,1162.3109,799.4941,661641512398330,661641544796455
1162.8193,840.22614,1162.8193,832.3078,661641544988695,661641576944997
1164.3997,801.90204,1162.8193,801.90204,661641577143018,661641611031560
1145.481,894.8949,1162.8193,832.3078,661641611226143,661641643775726
1145.7203,831.8001,1162.8193,831.8001,661641643998747,661641677258695
1148.6866,894.5776,1148.6866,832.3078,661641677414372,661641709058382
1141.279,832.86163,1148.6866,832.3078,661641709236091,661641742957653
1133.3326,777.03015,1148.6866,832.3078,661641743111976,661641778666403
1131.7074,773.79755,1141.279,832.3078,661641778838591,661641809491664
1133.3522,758.3372,1133.3522,777.03015,661641809634268,661641844173747
1161.998,825.6087,1141.279,825.6087,661641845092549,661641875866768
1166.6073,916.07513,1141.279,825.6087,661641876203643,661641909931872
1166.564,914.6257,1161.998,825.6087,661641910042132,661641945796195
1169.4167,937.69867,1166.564,914.6257,661641946772236,661641991354424
1168.4905,898.4522,1166.564,898.4522,661641991481820,661642024421716
1167.5363,927.1827,1167.5363,914.6257,661642024598851,661642057904736
1170.9708,919.3004,1167.5363,914.6257,661642058009736,661642089186664
1171.905,927.6023,1167.5363,919.3004,661642089302601,661642122905674
1169.7119,934.74603,1169.7119,919.3004,661642123123434,661642160349893
1168.5087,958.7289,1168.5087,927.6023,661642160470882,661642195067288
1172.4893,911.698,1169.7119,919.3004,661642195253070,661642231012549
1172.1719,928.8438,1169.7119,927.6023,661642231108851,661642266808591
1172.4272,931.0899,1172.1719,927.6023,661642267675934,661642303363591
1172.9058,953.54016,1172.1719,928.8438,661642303512236,661642341369476
1174.3447,975.1317,1172.4272,931.0899,661642341724372,661642373735413
1172.973,989.365,1172.9058,953.54016,661642373826507,661642407355153
1172.5845,999.58997,1172.5845,975.1317,661642407513590,661642438687288
1173.5978,1008.8451,1172.9058,989.365,661642438818070,661642473828122
1170.6943,976.68787,1172.5845,976.68787,661642474004372,661642511914840
1174.0802,985.83484,1172.9058,985.83484,661642512167601,661642556097861
1175.3425,960.5042,1172.9058,976.68787,661642556191507,661642606283017
