x_raw,y_raw,x_filtered,y_filtered,gaze_timestamp,record_timestamp
477.629,1187.558,301.98846,268.9085,620748596105544,620748677476794
407.3554,1177.9304,301.98846,276.06638,620748677623982,620748713709138
449.48444,1223.0571,407.3554,1177.9304,620748713874919,620748761030596
409.96268,1186.0552,407.3554,1177.9304,620748761133201,620748805598357
758.6039,1221.3057,409.96268,1186.0552,620748805911482,620748846471221
773.50305,1162.1372,409.96268,1177.9304,620748846615857,620748881063357
755.3698,1178.5809,755.3698,1178.5809,620748881250701,620748930522523
789.8671,1110.5471,755.3698,1177.9304,620748931052211,620748974107784
805.94006,1159.3258,755.3698,1177.9304,620748974266378,620749009944242
808.7108,1171.4249,789.8671,1171.4249,620749010104971,620749050598357
826.9194,1247.6936,805.94006,1177.9304,620749050710232,620749085843409
814.40515,1311.6393,808.7108,1177.9304,620749085968930,620749140894450
823.14435,1314.746,814.40515,1247.6936,620749141042315,620749186996221
813.7672,1365.7921,813.7672,1311.6393,620749187113409,620749229355752
785.8638,1341.6781,813.7672,1314.746,620749229503721,620749269147940
785.38153,1361.1449,813.7672,1341.6781,620749269249138,620749302920127
824.14685,1418.2797,813.7672,1341.6781,620749303007159,620749335442471
853.78503,1417.4271,813.7672,1361.1449,620749335580232,620749365931273
868.9033,1477.3838,824.14685,1417.4271,620749366239867,620749398214502
899.22626,1611.852,853.78503,1417.4271,620749398386742,620749430808565
857.17267,1512.7708,857.17267,1477.3838,620749431101482,620749464319554
858.4131,1480.8475,857.17267,1480.8475,620749464494711,620749495398357
913.98425,1445.8467,857.17267,1477.3838,620749496039294,620749528412732
1030.0873,1350.7286,858.4131,1477.3838,620749528599971,620749560556273
1035.6187,1387.5347,913.98425,1445.8467,620749560691221,620749592685700
1053.3635,1371.58,1030.0873,1387.5347,620749592838044,620749622158877
1045.5573,1303.3823,1035.6187,1387.5347,620749622352836,620749658883773
1037.05,1237.2892,1037.05,1371.58,620749659462627,620749690862992
1043.0677,1231.4958,1037.05,1303.3823,620749691024034,620749729119086
1063.1514,1243.3955,1037.05,1243.3955,620749729267836,620749758872367
1054.776,1204.9294,1043.0677,1243.3955,620749759088565,620749789677679
1033.8573,1238.4034,1037.05,1243.3955,620749789901429,620749821897523
1028.1642,1236.2488,1037.05,1238.4034,620749822069554,620749853333825
339.09583,1420.3306,1033.8573,1243.3955,620749853672367,620749896557002
344.91946,1377.9264,1028.1642,1243.3955,620749896747627,620749927174867
338.3996,1374.8121,344.91946,1374.8121,620749927316533,620749961566013
392.69888,1329.7402,392.69888,1329.7402,620749961684919,620749993053721
392.1348,1311.2024,392.1348,1329.7402,620749993199867,620750024321013
337.64825,1323.7947,392.1348,1329.7402,620750024453825,620750056885752
412.8346,1258.2749,392.1348,1323.7947,620750057033200,620750086174242
449.47845,1282.0912,392.1348,1323.7947,620750086630648,620750122361950
449.96503,1236.4338,412.8346,1282.0912,620750122506533,620750156761273
493.1557,1314.5891,449.47845,1314.5891,620750156896638,620750193579867
489.9255,1360.7236,449.96503,1314.5891,620750193731950,620750224300700
566.9027,1321.1897,489.9255,1314.5891,620750224488877,620750258481690
619.631,1246.9679,489.9255,1314.5891,620750258674085,620750289620231
564.49585,1303.2897,564.49585,1314.5891,620750289789190,620750323866065
523.60175,1305.7186,523.60175,1305.7186,620750324078512,620750358030179
593.6334,1302.4802,564.49585,1305.7186,620750358202471,620750390092054
587.74554,1337.0703,564.49585,1305.7186,620750390253565,620750422535179
649.36,1291.8767,587.74554,1305.7186,620750422679502,620750456433096
834.4838,1346.8584,587.74554,1305.7186,620750456624710,620750487130127
866.6723,1288.7177,649.36,1305.7186,620750487323044,620750517510960
907.01764,1286.3768,834.4838,1305.7186,620750517627835,620750550159971
912.54175,1233.9462,866.6723,1288.7177,620750550266429,620750585594710
890.8313,1242.1182,890.8313,1286.3768,620750585748512,620750615914971
897.1914,1211.697,890.8313,1242.1182,620750616092471,620750647921585
969.95447,1335.3645,890.8313,1286.3768,620750648076064,620750679315179
801.0428,1468.654,890.8313,1286.3768,620750679435596,620750711849398
772.5105,1413.2184,890.8313,1335.3645,620750711984450,620750741743981
852.56744,1260.018,852.56744,1286.3768,620750741851429,620750771694294
1101.2982,1642.4614,890.8313,1335.3645,620750772297575,620750802067471
1087.7372,1527.7546,890.8313,1335.3645,620750813769294,620750846794710
1116.4801,1351.7219,1087.7372,1351.7219,620750846930439,620750879533356
1085.5172,1276.3368,1085.5172,1335.3645,620750879708669,620750910748460
1077.4979,1310.1254,1085.5172,1335.3645,620750910917783,620750942910075
1105.2174,1345.465,1085.5172,1335.3645,620750943073825,620750975909033
1100.524,1302.8867,1085.5172,1335.3645,620750976068981,620751009829346
1097.0797,1245.6252,1097.0797,1335.3645,620751009917627,620751045188408
1078.5142,1272.0918,1085.5172,1302.8867,620751045359866,620751080915804
1102.3429,1287.3037,1097.0797,1287.3037,620751081006377,620751114262835
1086.5988,1250.4127,1086.5988,1287.3037,620751114350856,620751148195648
1093.324,1229.0574,1093.324,1287.3037,620751148329658,620751183954606
1098.4585,1212.8062,1093.324,1250.4127,620751184081585,620751217420908
1100.329,1219.7383,1093.324,1229.0574,620751217540127,620751252606064
1097.7476,1215.4,1097.7476,1219.7383,620751252766533,620751287016064
1070.1238,1275.8693,1093.324,1229.0574,620751287164085,620751318746481
1105.8451,1242.2457,1097.7476,1229.0574,620751318881898,620751351080856
1102.5795,1292.8108,1097.7476,1242.2457,620751351183512,620751383097418
1060.0814,1295.7943,1097.7476,1242.2457,620751383376898,620751414780804
1097.7277,1259.4093,1097.7476,1259.4093,620751414872939,620751447981637
1091.2734,1287.3643,1097.7277,1259.4093,620751448168252,620751482306220
1090.651,1268.9226,1097.7277,1259.4093,620751482401845,620751516666220
1110.4196,1268.1158,1097.7277,1268.1158,620751516826481,620751549096741
1088.6694,1261.7231,1097.7277,1261.7231,620751549465022,620751585150543
936.0005,1268.8176,1097.7277,1268.1158,620751585327522,620751619368043
798.3817,1188.8536,1088.6694,1261.7231,620751619560804,620751654361116
739.184,1172.7882,936.0005,1261.7231,620751654517991,620751686468720
680.2712,1191.2,798.3817,1191.2,620751686608199,620751717977314
700.36224,1197.7379,739.184,1197.7379,620751718109085,620751749973408
660.9346,1180.941,700.36224,1191.2,620751750101272,620751783734449
651.05774,1169.4045,700.36224,1191.2,620751783914866,620751814158147
610.0949,1174.7733,660.9346,1180.941,620751814251793,620751848945595
600.0388,1207.1952,651.05774,1191.2,620751849095283,620751882823824
564.57654,1210.5957,610.0949,1191.2,620751883005231,620751928347210
525.6715,1271.5367,600.0388,1207.1952,620751928477783,620751960429085
561.6113,1259.1294,564.57654,1210.5957,620751960527574,620751989903460
514.4021,1257.6101,561.6113,1257.6101,620751990018668,620752022372991
456.9091,1291.1909,561.6113,1257.6101,620752022485283,620752054021168
480.48505,1246.075,514.4021,1257.6101,620752054167783,620752085855491
447.15155,1311.4835,480.48505,1257.6101,620752086040439,620752118012522
459.34204,1286.4403,480.48505,1257.6101,620752118161324,620752151016741
446.5728,1299.9347,459.34204,1286.4403,620752151170439,620752183824189
429.9456,1349.3055,459.34204,1286.4403,620752183931481,620752214912678
427.92383,1349.053,446.5728,1299.9347,620752215045751,620752246880595
355.4955,1280.8871,429.9456,1286.4403,620752246963512,620752278027783
407.65613,1314.8511,427.92383,1299.9347,620752278130960,620752312766220
392.08105,1327.4426,407.65613,1299.9347,620752312887366,620752345568095
548.8811,1319.0626,427.92383,1314.8511,620752345671793,620752381399658
808.08844,1343.563,427.92383,1319.0626,620752381575908,620752416843564
882.82166,1203.5151,548.8811,1314.8511,620752416997835,620752451864345
954.80786,1224.5366,808.08844,1314.8511,620752452073876,620752487280803
933.39825,1202.6952,882.82166,1224.5366,620752487450855,620752517837678
959.68646,1214.1039,933.39825,1224.5366,620752517989085,620752549242626
982.9242,1275.0952,933.39825,1224.5366,620752549389553,620752582470751
972.4026,1282.5719,959.68646,1224.5366,620752582605647,620752614718668
994.9117,1315.3099,972.4026,1275.0952,620752614886272,620752646595855
976.6921,1271.5588,972.4026,1271.5588,620752646850126,620752677582418
1006.3105,1293.4818,976.6921,1275.0952,620752678651689,620752711593043
1010.543,1285.9048,976.6921,1275.0952,620752711702105,620752742849084
1026.9486,1339.3942,1006.3105,1285.9048,620752742943980,620752774087834
1033.1527,1318.9508,1010.543,1285.9048,620752774262418,620752805024605
1060.8053,1345.337,1026.9486,1318.9508,620752805161845,620752865180439
1070.15,1311.2489,1033.1527,1311.2489,620752865332730,620752904238095
1093.0808,1317.3387,1060.8053,1317.3387,620752904424137,620752935149189
1069.7532,1348.5574,1069.7532,1317.3387,620752935263251,620752969626011
1063.3503,1328.0382,1063.3503,1317.3387,620752973154814,620753003330178
1065.6556,1334.5692,1065.6556,1328.0382,620753003953043,620753033357522
1075.8846,1310.9916,1065.6556,1317.3387,620753035715126,620753064813511
1081.0946,1349.1702,1065.6556,1328.0382,620753069622626,620753099638511
1114.3092,1318.4734,1075.8846,1318.4734,620753103854501,620753136136428
1056.3107,1316.2474,1065.6556,1318.4734,620753138295074,620753166889605
1060.2239,1320.4607,1065.6556,1318.4734,620753169783199,620753199120907
862.11926,1178.4608,1060.2239,1318.4734,620753202394761,620753234011168
778.8195,1168.2217,1060.2239,1318.4734,620753237204501,620753271004866
721.7853,1221.5486,862.11926,1221.5486,620753272328876,620753306988303
745.1334,1259.4456,778.8195,1259.4456,620753307329136,620753339909761
683.9542,1239.4744,745.1334,1239.4744,620753340231324,620753373560438
664.03986,1277.6691,745.1334,1259.4456,620753373777209,620753407482105
569.2869,1372.1146,683.9542,1259.4456,620753407608303,620753445275386
527.20197,1386.4697,664.03986,1277.6691,620753445401949,620753477571636
483.0849,1356.2032,569.2869,1356.2032,620753477945751,620753509574136
442.40936,1374.949,527.20197,1356.2032,620753509665490,620753542108511
461.91983,1345.022,483.0849,1356.2032,620753542453668,620753572513667
472.8238,1332.6758,472.8238,1356.2032,620753572946115,620753608831845
479.9568,1370.7594,479.9568,1356.2032,620753609012782,620753642630595
514.18884,1407.9712,479.9568,1356.2032,620753642725751,620753679193563
390.4514,1383.1523,479.9568,1370.7594,620753679274084,620753711535751
417.20917,1321.9182,479.9568,1356.2032,620753711696272,620753744455959
377.98923,1390.2007,417.20917,1370.7594,620753744591845,620753783797209
402.79694,1338.206,417.20917,1356.2032,620753783967574,620753815345334
395.8888,1410.88,402.79694,1370.7594,620753815487834,620753855703824
403.04663,1434.2106,403.04663,1370.7594,620753855807730,620753892255959
362.5503,1367.8389,402.79694,1370.7594,620753892426584,620753928632574
409.67993,1375.8513,403.04663,1370.7594,620753928795699,620753959672834
562.19635,1365.722,403.04663,1370.7594,620753960294761,620753990004917
574.2264,1344.3577,409.67993,1370.7594,620753990404188,620754019448459
586.5927,1300.3538,562.19635,1365.722,620754019639449,620754051285126
626.37415,1284.6427,574.2264,1344.3577,620754051398563,620754083705803
631.35077,1268.9342,586.5927,1300.3538,620754083863407,620754117410490
643.11676,1252.6881,626.37415,1284.6427,620754117571844,620754147355126
596.4077,1342.9591,596.4077,1300.3538,620754147506376,620754180173459
637.88715,1292.7379,626.37415,1292.7379,620754180321063,620754217286271
598.4473,1354.1182,598.4473,1300.3538,620754217437001,620754247906115
488.3406,1487.2114,598.4473,1300.3538,620754248080021,620754279147105
463.28168,1479.1104,598.4473,1354.1182,620754279266844,620754312793355
458.99542,1516.0479,488.3406,1479.1104,620754314310021,620754348128667
514.90564,1531.3477,514.90564,1479.1104,620754348227782,620754383857886
380.92435,1563.3994,488.3406,1516.0479,620754384057313,620754417199188
393.5828,1640.418,488.3406,1531.3477,620754417392782,620754447519917
420.4873,1634.7072,420.4873,1563.3994,620754447676636,620754479618355
434.80542,1558.9158,434.80542,1558.9158,620754479797261,620754515802157
452.52686,1523.4617,434.80542,1558.9158,620754515972573,620754549697573
497.97244,1554.9437,434.80542,1558.9158,620754549851636,620754581569813
507.4405,1590.3511,452.52686,1558.9158,620754581724605,620754613220490
559.13165,1522.8784,497.97244,1558.9158,620754613325959,620754646400750
686.23773,1477.2542,507.4405,1558.9158,620754646517573,620754678342052
752.5297,1472.1339,559.13165,1522.8784,620754678495542,620754711186896
814.8265,1505.0586,686.23773,1505.0586,620754711315073,620754740730646
806.03925,1522.7208,752.5297,1522.7208,620754742410386,620754776769605
777.95935,1537.2975,777.95935,1522.7208,620754777030907,620754808739761
811.3726,1588.9061,777.95935,1522.7208,620754808865959,620754838852834
852.7506,1559.4468,777.95935,1537.2975,620754839231844,620754869743875
884.95404,1535.223,811.3726,1535.223,620754872437990,620754903614604
916.4534,1505.1866,852.7506,1535.223,620754903708042,620754934231219
881.3046,1480.8619,881.3046,1535.223,620754939430542,620754969722834
930.5619,1445.3527,881.3046,1505.1866,620754970150907,620755002531688
922.8873,1461.1332,881.3046,1480.8619,620755003886532,620755036956167
563.1424,1519.9082,881.3046,1505.1866,620755037096271,620755075817677
435.75064,1502.6655,881.3046,1502.6655,620755075996636,620755108925698
372.50583,1506.0295,563.1424,1505.1866,620755109767469,620755167039709
338.55817,1543.5262,435.75064,1505.1866,620755167139344,620755198117625
332.21716,1529.4247,372.50583,1506.0295,620755198292104,620755248736219
376.98306,1551.2843,376.98306,1529.4247,620755248842938,620755281197209
462.2178,1472.8042,376.98306,1506.0295,620755281322365,620755312328042
483.41357,1464.6569,376.98306,1506.0295,620755312500021,620755346595750
496.25696,1486.431,462.2178,1486.431,620755346781479,620755380827469
579.589,1468.4431,483.41357,1486.431,620755381002052,620755413610958
677.1948,1484.625,496.25696,1486.431,620755413800386,620755448500333
746.24866,1476.9979,579.589,1484.625,620755448796271,620755495224396
788.55444,1606.8721,677.1948,1486.431,620755495322573,620755528217886
787.2167,1618.3932,746.24866,1486.431,620755528330698,620755559146896
828.5621,1591.4441,787.2167,1591.4441,620755559300594,620755594096271
814.7051,1527.8633,787.2167,1527.8633,620755594414344,620755632706167
841.3298,1549.9056,814.7051,1549.9056,620755632809292,620755672064135
807.2102,1532.5607,807.2102,1532.5607,620755672580333,620755709472573
849.43866,1555.5043,814.7051,1549.9056,620755709569865,620755746120125
761.9132,1282.6921,807.2102,1532.5607,620755746217833,620755777037469
773.77814,1224.5658,807.2102,1532.5607,620755777203667,620755809794552
713.9761,1245.8501,773.77814,1282.6921,620755809896896,620755843983510
743.9405,1214.7948,773.77814,1245.8501,620755844113198,620755876747885
743.77466,1170.3002,743.9405,1245.8501,620755876950698,620755910738042
692.3216,1192.4745,743.9405,1214.7948,620755910845281,620755942296219
672.2874,1206.9131,743.77466,1206.9131,620755942392937,620755975606427
681.9773,1236.3864,692.3216,1214.7948,620755976143458,620756006574292
706.66846,1256.2571,706.66846,1214.7948,620756006763719,620756043079344
764.1724,1167.2256,706.66846,1214.7948,620756043474448,620756075364708
745.1671,1224.377,706.66846,1214.7948,620756075554552,620756111339604
701.2371,1221.4298,706.66846,1214.7948,620756111487937,620756143044135
650.781,1215.6119,706.66846,1215.6119,620756143228927,620756182699500
687.8383,1270.5657,701.2371,1215.6119,620756182831792,620756219952208
650.01044,1253.7921,687.8383,1215.6119,620756220084187,620756250463771
653.3394,1261.51,687.8383,1253.7921,620756250562000,620756287497416
691.304,1193.3254,687.8383,1215.6119,620756287591583,620756319537781
672.7775,1213.1635,687.8383,1215.6119,620756319665489,620756353249500
652.70056,1262.477,687.8383,1215.6119,620756353355177,620756385863406
683.2008,1260.789,683.2008,1215.6119,620756385971219,620756416322521
757.4318,1194.3822,687.8383,1215.6119,620756416471166,620756449556739
708.5655,1191.8954,687.8383,1215.6119,620756449652104,620756482056791
666.4331,1244.1552,687.8383,1215.6119,620756482141218,620756513544656
669.50946,1249.0579,687.8383,1215.6119,620756514185646,620756551442052
696.5074,1187.4282,687.8383,1215.6119,620756551604135,620756584976479
694.94775,1185.5465,687.8383,1215.6119,620756585082937,620756615050333
713.49976,1276.7155,694.94775,1215.6119,620756615152885,620756646321739
733.3013,1208.4358,694.94775,1215.6119,620756646456323,620756679800750
689.02484,1174.252,694.94775,1215.6119,620756679897677,620756710759239
707.5246,1209.3176,694.94775,1209.3176,620756710871270,620756743862833
662.71173,1281.256,694.94775,1215.6119,620756743984395,620756774406948
719.9763,1230.577,694.94775,1215.6119,620756774504239,620756805682989
737.89667,1207.6926,694.94775,1215.6119,620756805850385,620756841772312
733.8975,1196.5758,719.9763,1215.6119,620756841953406,620756876684447
720.14294,1238.6371,720.14294,1215.6119,620756876853302,620756908883145
684.39594,1215.2656,719.9763,1215.6119,620756909033250,620756941714135
678.55695,1236.6833,719.9763,1215.6119,620756941862729,620756974690229
661.10187,1257.6604,684.39594,1215.6119,620756974846531,620757005870385
658.9802,1302.6885,678.55695,1236.6833,620757006037833,620757038186427
708.3054,1209.0665,684.39594,1215.6119,620757038348718,620757068326114
701.71155,1232.2549,684.39594,1232.2549,620757068413666,620757114914656
698.13104,1214.2571,698.13104,1215.6119,620757115008718,620757145614916
733.6809,1204.2126,698.13104,1215.6119,620757145725020,620757176174656
715.04376,1265.0275,698.13104,1215.6119,620757197556583,620757232482885
716.5226,1223.129,715.04376,1215.6119,620757232952624,620757264723354
757.6369,1204.6951,715.04376,1215.6119,620757264820072,620757294042729
660.01086,1224.828,715.04376,1215.6119,620757299012208,620757330666739
643.5559,1269.1857,715.04376,1215.6119,620757331484760,620757362271687
719.81885,1259.1748,715.04376,1224.828,620757366508093,620757394984551
764.4488,1268.7551,715.04376,1259.1748,620757400294083,620757432462104
731.3875,1282.0261,719.81885,1259.1748,620757433484551,620757463637051
745.0663,1267.9548,731.3875,1267.9548,620757466130906,620757499845593
691.04755,1261.1091,719.81885,1261.1091,620757499928666,620757531869864
739.6404,1240.8898,731.3875,1261.1091,620757533766583,620757564598301
721.80554,1288.5782,721.80554,1261.1091,620757567165853,620757599781478
721.8491,1298.8253,721.8491,1261.1091,620757600228562,620757664275853
703.8689,1319.5122,721.80554,1288.5782,620757664376114,620757696668301
691.70874,1318.1494,721.80554,1298.8253,620757698609760,620757741502103
729.47156,1349.7129,721.80554,1318.1494,620757741626166,620757772176166
699.2634,1281.5198,721.80554,1298.8253,620757772353510,620757804550072
722.9932,1321.113,721.80554,1318.1494,620757804733041,620757839780176
704.45245,1306.1472,721.80554,1306.1472,620757840444968,620757876203093
676.0815,1345.5773,721.80554,1318.1494,620757876375228,620757909374395
725.9729,1348.1039,721.80554,1318.1494,620757909529760,620757942882832
683.94824,1375.8992,721.80554,1345.5773,620757942980489,620757974739968
709.6809,1439.8684,721.80554,1348.1039,620757974888614,620758006560853
744.0681,1422.9194,721.80554,1375.8992,620758006727155,620758037622676
735.4815,1434.5248,721.80554,1422.9194,620758037782676,620758069801791
758.8773,1425.335,735.4815,1422.9194,620758070728510,620758101961010
752.7788,1479.5762,735.4815,1425.335,620758102907312,620758136922468
764.7026,1477.1918,752.7788,1425.335,620758137008874,620758165832207
702.4063,1550.846,735.4815,1477.1918,620758170090541,620758201257884
704.8119,1532.5447,735.4815,1477.1918,620758201357207,620758231918093
747.11566,1509.3185,735.4815,1509.3185,620758232090020,620758262241322
730.2294,1422.4513,735.4815,1477.1918,620758265588874,620758298406843
718.19476,1456.0557,735.4815,1477.1918,620758298621947,620758328203353
715.5497,1469.6306,730.2294,1469.6306,620758330745645,620758358950749
766.86774,1546.834,735.4815,1477.1918,620758363822468,620758393995072
750.98065,1593.3925,735.4815,1477.1918,620758402243509,620758440474395
698.7869,1516.7805,735.4815,1516.7805,620758440640905,620758472449447
741.3198,1542.813,735.4815,1516.7805,620758472598405,620758502723197
715.3998,1509.6195,735.4815,1516.7805,620758502797259,620758534038978
741.46075,1575.2793,735.4815,1516.7805,620758535334655,620758569785072
757.52124,1598.2837,735.4815,1516.7805,620758569895072,620758599774238
807.062,1572.2874,741.46075,1572.2874,620758599891061,620758629828926
742.8453,1584.5225,742.8453,1572.2874,620758630284447,620758661039551
743.923,1593.2056,742.8453,1572.2874,620758663713926,620758694935280
744.83954,1631.0728,742.8453,1584.5225,620758696995332,620758725710905
764.18134,1611.0762,743.923,1593.2056,620758729542103,620758758389707
782.03156,1619.6549,744.83954,1611.0762,620758763822207,620758798639707
787.8128,1673.591,764.18134,1611.0762,620758800473770,620758829247207
750.90405,1659.6932,750.90405,1619.6549,620758830688874,620758865086947
702.9277,1671.5348,750.90405,1659.6932,620758865214551,620758896891009
784.35486,1646.177,750.90405,1646.177,620758897375176,620758930386113
809.038,1637.386,750.90405,1646.177,620758935378405,620758969208457
853.9433,1740.554,784.35486,1646.177,620758969367468,620758998735853
794.2832,1685.601,794.2832,1646.177,620758999305697,620759033334863
820.7118,1676.4299,794.2832,1676.4299,620759037033457,620759072211686
790.63574,1672.5181,794.2832,1672.5181,620759072360697,620759103101895
782.9035,1681.1245,794.2832,1676.4299,620759103253978,620759133583405
810.861,1659.9215,794.2832,1672.5181,620759133725801,620759162893874
802.0656,1714.3276,794.2832,1676.4299,620759165511895,620759198290436
844.5208,1689.8297,802.0656,1676.4299,620759205060072,620759237163665
848.2453,1744.7296,802.0656,1689.8297,620759237308249,620759266310801
851.0093,1703.1737,844.5208,1689.8297,620759266957728,620759297377311
853.6557,1760.3766,848.2453,1703.1737,620759297492363,620759334108092
830.1875,1764.0571,844.5208,1703.1737,620759334278769,620759364059186
865.6225,1809.42,848.2453,1760.3766,620759364158509,620759402179030
866.69196,1824.63,848.2453,1764.0571,620759402319238,620759431654342
862.97217,1764.8143,862.97217,1764.8143,620759433147103,620759462232363
846.0812,1761.1458,848.2453,1764.0571,620759467441113,620759501774551
862.09515,1817.2303,862.09515,1764.8143,620759501877988,620759540580592
820.1689,1757.8011,848.2453,1764.0571,620759540760384,620759575975384
875.0562,1773.9542,862.09515,1764.8143,620759576190124,620759608489238
853.9049,1769.8033,853.9049,1764.8143,620759608579342,620759640414342
812.8145,1818.666,853.9049,1769.8033,620759640521009,620759671353717
863.30164,1820.8833,853.9049,1769.8033,620759671445384,620759700482832
894.7193,1796.8866,853.9049,1796.8866,620759700623196,620759734297676
876.5799,1784.6793,863.30164,1784.6793,620759734427415,620759765807728
864.45575,1761.5214,864.45575,1784.6793,620759766707780,620759797335280
866.9626,1808.2864,864.45575,1784.6793,620759797454186,620759852484603
841.9027,1820.4542,864.45575,1784.6793,620759852584030,620759884545592
905.04364,1812.1732,864.45575,1808.2864,620759884713196,620759914570175
864.45245,1849.4763,864.45575,1812.1732,620759914746738,620759958298665
864.80457,1878.5155,864.45575,1812.1732,620759958386634,620759990704811
847.6619,1887.396,864.45575,1849.4763,620759990901686,620760025035123
859.5196,1877.76,864.45575,1877.76,620760025220592,620760054085123
833.48224,1848.3903,859.5196,1849.4763,620760054202675,620760082444967
893.8964,1863.7557,864.45575,1863.7557,620760082602832,620760112894707
878.4979,1883.7767,864.45575,1863.7557,620760113093405,620760142981009
836.35504,1913.932,864.45575,1863.7557,620760143065280,620760181858196
833.9764,1869.5634,864.45575,1869.5634,620760182037415,620760215242780
854.8261,1918.5178,854.8261,1869.5634,620760215397155,620760246398665
899.6781,1939.2789,864.45575,1869.5634,620760246571790,620760278678405
849.94366,1961.4081,854.8261,1918.5178,620760278846373,620760309843821
903.6611,1892.5453,864.45575,1892.5453,620760309954134,620760341970696
882.0409,1894.235,864.45575,1894.235,620760342067988,620760375254290
855.0948,1893.4908,864.45575,1893.4908,620760375363821,620760416807727
871.8281,1878.3778,864.45575,1893.4908,620760416897363,620760446719290
885.13434,1899.8132,864.45575,1893.4908,620760446902936,620760477123561
890.2318,1949.3839,871.8281,1893.4908,620760477348821,620760508535279
842.62897,1986.4863,864.45575,1899.8132,620760508621998,620760540368613
913.347,1948.302,871.8281,1948.302,620760540463925,620760571248144
925.2911,1968.3273,871.8281,1948.302,620760571402519,620760605000956
926.5972,1988.3495,913.347,1948.302,620760605135904,620760638426009
889.109,1919.7062,889.109,1948.302,620760638609446,620760673881321
924.58295,1957.4968,913.347,1948.302,620760674052206,620760708541894
958.222,1964.0702,913.347,1948.302,620760708627831,620760766860279
926.8405,1962.6104,924.58295,1957.4968,620760766975852,620760796824446
929.9216,1926.0963,926.8405,1948.302,620760796994029,620760832073196
951.5636,1903.9048,926.8405,1948.302,620760832180592,620760868111373
958.6225,1878.0718,929.9216,1926.0963,620760868265019,620760901103248
940.9716,1925.0004,940.9716,1925.0004,620760927507415,620760966649915
903.4691,1965.1083,929.9216,1926.0963,620760966731633,620760996103873
936.20013,1960.7445,936.20013,1926.0963,620760996188769,620761030710852
929.1213,1948.213,929.9216,1948.213,620761031460279,620761061547988
955.9746,1977.6041,936.20013,1948.213,620761062439810,620761094127310
951.14355,1995.0107,936.20013,1948.213,620761097813873,620761126626321
974.25146,1965.2183,951.14355,1965.2183,620761127209498,620761160666008
972.93115,1990.145,951.14355,1965.2183,620761160780175,620761190669550
953.3261,2013.6709,953.3261,1965.2183,620761193485071,620761222862779
1001.58484,2014.0214,953.3261,1990.145,620761229033612,620761259947883
970.59546,1975.6746,953.3261,1975.6746,620761260415904,620761291569185
1004.02466,1963.8076,970.59546,1975.6746,620761293701165,620761326666060
994.67737,1991.325,970.59546,1975.6746,620761328983352,620761359517571
951.7091,2018.0483,970.59546,1975.6746,620761361322935,620761405826998
941.531,1991.7748,970.59546,1991.325,620761405916685,620761439767467
893.0714,1974.7015,951.7091,1975.6746,620761439868977,620761472311737
899.0754,2025.2261,941.531,1991.325,620761472401946,620761507391477
935.285,2011.0233,935.285,1991.325,620761507489237,620761546840175
966.9824,1988.8735,941.531,1991.325,620761546936529,620761579170644
965.1995,2010.4478,941.531,1991.325,620761579277831,620761615588248
983.8282,2012.7169,965.1995,1991.325,620761615705279,620761644523612
958.84033,2003.4758,958.84033,2003.4758,620761644690383,620761679625331
1001.64856,1970.4829,965.1995,1991.325,620761679736633,620761713006216
958.4544,2010.224,958.84033,2003.4758,620761713187935,620761746368300
1007.38293,1979.8859,965.1995,1991.325,620761746541008,620761788827623
973.96356,1999.5267,965.1995,1999.5267,620761789012050,620761824042571
982.823,2014.1233,973.96356,1999.5267,620761824345800,620761865635904
993.8851,2029.5078,973.96356,1999.5267,620761865727987,620761905819498
967.86176,2046.0797,973.96356,2014.1233,620761905923768,620761937737518
971.7583,2014.5641,973.96356,2014.5641,620761937820643,620761972133300
985.5561,2032.28,973.96356,2014.5641,620761972220591,620762003251893
986.20374,2013.7039,973.96356,2014.5641,620762003341581,620762035917518
1013.1291,2016.0988,985.5561,2014.5641,620762036132154,620762068943664
986.7363,2036.0984,986.20374,2014.5641,620762069085904,620762105698039
971.4303,2006.3575,985.5561,2014.5641,620762105833091,620762146447779
985.90204,2003.5381,985.90204,2014.5641,620762146566112,620762176999602
957.9907,2015.1093,985.5561,2014.5641,620762177164810,620762209129289
939.6967,2062.4104,985.5561,2014.5641,620762209300227,620762240391529
962.8465,2024.632,962.8465,2015.1093,620762240536998,620762271491581
999.8635,2008.817,985.5561,2014.5641,620762271585487,620762304217466
992.3364,2015.0416,985.5561,2015.0416,620762304304029,620762338475539
997.41205,2012.4318,992.3364,2014.5641,620762338579654,620762389048456
973.6873,1992.363,985.5561,2014.5641,620762389243872,620762424352883
959.89105,2044.7145,985.5561,2014.5641,620762424483247,620762453747466
947.0316,2070.9536,973.6873,2014.5641,620762453853404,620762484281841
1000.57,2056.5898,985.5561,2044.7145,620762484398925,620762517217779
1023.63074,2056.158,985.5561,2056.158,620762517336945,620762554057883
999.37054,2059.1956,999.37054,2056.158,620762554149914,620762583085747
1026.8156,2045.5409,999.37054,2056.158,620762583273872,620762615885227
1031.8345,2027.6621,999.37054,2056.158,620762616148664,620762645840018
1012.0801,2036.4689,1012.0801,2045.5409,620762645959862,620762678345643
1015.4305,2047.6676,1012.0801,2047.6676,620762678453612,620762710437831
1019.9621,2021.7188,1012.0801,2045.5409,620762710608612,620762741416685
1004.2405,2061.6167,1012.0801,2047.6676,620762741590383,620762773110279
1039.8429,2057.2969,1012.0801,2047.6676,620762773264497,620762805708820
1048.6749,2034.515,1012.0801,2047.6676,620762805906008,620762838494289
1025.9491,2030.466,1025.9491,2047.6676,620762838623872,620762870606476
1044.1885,2023.8619,1025.9491,2034.515,620762870711997,620762904651633
1041.2623,2010.4957,1025.9491,2030.466,620762904747362,620762935088299
1031.3275,2030.6116,1031.3275,2030.6116,620762935183351,620762965831476
1018.156,2057.0505,1025.9491,2030.6116,620762965912570,620762998378976
999.67554,2044.462,1025.9491,2030.6116,620762998469289,620763032503612
1023.41205,2032.483,1023.41205,2032.483,620763032648612,620763063756789
1028.5006,2063.3123,1025.9491,2032.483,620763063850487,620763092339862
1045.0566,2067.331,1025.9491,2032.483,620763093095747,620763123254549
1039.9601,2063.487,1028.5006,2063.3123,620763125937518,620763154826737
1022.0076,2038.4042,1025.9491,2038.4042,620763157418560,620763186241060
1020.5979,2070.9587,1025.9491,2063.3123,620763192172830,620763222554133
1027.8046,2049.3337,1025.9491,2049.3337,620763227537778,620763258859601
1012.0329,2083.8413,1025.9491,2063.3123,620763259704601,620763292905487
1025.7549,2041.55,1025.9491,2049.3337,620763293613039,620763327648091
1034.0505,2027.9551,1025.9491,2049.3337,620763327725643,620763359802883
1058.0792,2006.4052,1025.9491,2041.55,620763361412101,620763394711424
1045.9456,2051.8406,1034.0505,2049.3337,620763394874028,620763435927257
1052.1569,2036.4698,1045.9456,2041.55,620763436067518,620763470962310
1043.9504,2060.3557,1043.9504,2049.3337,620763471200539,620763502528455
1047.183,2076.649,1045.9456,2049.3337,620763502956476,620763535903976
1057.4221,2034.7826,1045.9456,2049.3337,620763536943612,620763569435851
1067.9608,2038.3092,1047.183,2049.3337,620763570409549,620763601903247
1048.3093,2049.1238,1048.3093,2049.1238,620763601995382,620763642537778
1044.38,2038.6327,1047.183,2049.1238,620763642707778,620763675093612
1061.8105,2030.5931,1048.3093,2049.1238,620763675271737,620763711472518
1049.4575,2033.301,1048.3093,2038.6327,620763711645070,620763744463351
1037.0874,2044.5784,1048.3093,2044.5784,620763744656372,620763787324914
1021.7964,2044.5442,1048.3093,2044.5442,620763788298455,620763819734862
1032.9303,2016.2615,1037.0874,2044.5442,620763819873559,620763851876528
1048.616,2053.153,1048.3093,2044.5442,620763851966216,620763887387153
1053.6115,2068.5464,1048.3093,2044.5442,620763887826528,620763924968872
1027.8636,2032.4417,1048.3093,2044.5442,620763925145174,620763956912518
1041.4717,2019.373,1048.3093,2044.5442,620763957068143,620763994117101
1029.3967,2013.5604,1041.4717,2032.4417,620763994228351,620764028925226
1013.2607,2041.327,1041.4717,2041.327,620764029060903,620764063715695
1025.5883,2046.8121,1029.3967,2041.327,620764063861684,620764096299757
1020.4707,2015.4005,1025.5883,2041.327,620764096446580,620764128949966
1000.85626,2027.7637,1025.5883,2041.327,620764129658247,620764164513351
1024.0139,2025.1166,1024.0139,2027.7637,620764164655226,620764199875643
1002.9818,2025.8799,1024.0139,2027.7637,620764199973872,620764234076111
1016.6418,2021.7793,1024.0139,2025.8799,620764235075486,620764270175591
1018.3421,2044.3206,1018.3421,2027.7637,620764270325643,620764307798090
1038.7142,2031.1803,1024.0139,2027.7637,620764307895486,620764343748143
1035.761,2048.5115,1024.0139,2031.1803,620764343892726,620764375559965
1048.7665,2011.3348,1035.761,2027.7637,620764375741580,620764408627934
1042.0585,2004.5731,1035.761,2027.7637,620764408783247,620764442341372
1032.8715,1978.0603,1035.761,2011.3348,620764442460330,620764475605070
1054.2172,2002.9601,1035.761,2004.5731,620764475787570,620764506649549
1035.2898,1977.6741,1035.761,2002.9601,620764506799236,620764537592101
1041.2053,1997.7505,1035.761,2002.9601,620764537739236,620764570810851
1036.2518,2023.7197,1035.761,2002.9601,620764570984392,620764607742413
1010.8215,2001.9575,1035.761,2002.9601,620764607924913,620764642403715
1044.93,2012.0718,1035.761,2002.9601,620764642509861,620764672146632
1015.09186,2031.4358,1035.761,2002.9601,620764672324340,620764705273247
1050.403,2023.669,1035.761,2012.0718,620764705437101,620764768416059
1025.9719,2037.737,1035.761,2023.669,620764769193403,620764806142257
1001.47906,2055.9922,1035.761,2023.669,620764806285538,620764838891892
1011.20703,2020.4148,1025.9719,2023.669,620764839062569,620764872568924
1012.80585,2039.8455,1012.80585,2023.669,620764872668351,620764903563455
1014.4339,2039.8113,1014.4339,2023.669,620764903639444,620764934935174
1028.0037,2065.4736,1014.4339,2039.8113,620764935119080,620764966310069
1023.41705,2054.5903,1014.4339,2039.8113,620764966409132,620765000288767
1022.1338,2055.7368,1022.1338,2054.5903,620765000413246,620765033658871
1021.3901,2071.986,1021.3901,2054.5903,620765033818611,620765066862830
1055.8522,2027.6354,1022.1338,2054.5903,620765066950590,620765101588871
1058.8174,2036.9087,1022.1338,2054.5903,620765101720330,620765135454913
1046.3966,1993.805,1046.3966,2036.9087,620765135588559,620765167655486
1028.2054,1992.0255,1028.2054,2036.9087,620765167825642,620765199884913
1049.0347,1987.423,1046.3966,1993.805,620765200136267,620765243452257
1048.367,1990.3333,1046.3966,1992.0255,620765243577778,620765277822413
1039.4116,1997.996,1046.3966,1993.805,620765277935017,620765310049392
1019.0592,2046.454,1046.3966,1993.805,620765310236423,620765341749861
1022.38184,2006.4827,1039.4116,1997.996,620765341942517,620765373956319
1026.756,2055.8564,1026.756,2006.4827,620765374149288,620765407629288
1052.047,2024.9258,1039.4116,2006.4827,620765407811163,620765439228455
1049.7833,2020.161,1039.4116,2020.161,620765439415694,620765471286736
1052.9164,2025.9005,1049.7833,2020.161,620765471471788,620765503295590
1049.5781,2060.828,1049.5781,2020.161,620765503438298,620765539664965
1044.602,2038.1198,1049.5781,2025.9005,620765539869496,620765572350173
1047.8254,2032.6047,1049.5781,2032.6047,620765572507882,620765605252048
1040.524,2013.6384,1047.8254,2025.9005,620765605394757,620765639399705
1020.1829,2004.1737,1047.8254,2025.9005,620765639515173,620765672078611
1031.2087,1998.7501,1040.524,2013.6384,620765672224027,620765704192673
1029.1047,1999.2174,1031.2087,2004.1737,620765705247361,620765739779548
1023.2596,2019.1476,1031.2087,2013.6384,620765739876527,620765773445798
1013.323,2025.405,1029.1047,2013.6384,620765773616527,620765807225538
1031.9897,2005.6554,1031.2087,2013.6384,620765807429913,620765842225642
1043.6124,1982.3625,1031.2087,2013.6384,620765842387309,620765879038819
1026.5887,2026.2301,1031.2087,2013.6384,620765879147673,620765910325329
1032.0627,1994.5249,1031.2087,2013.6384,620765910442517,620765941564809
1034.7618,1963.7247,1031.2087,2013.6384,620765941661267,620765975133923
1027.1985,1998.8622,1031.2087,1998.8622,620765975314652,620766006955538
1045.7479,1994.389,1031.2087,1998.8622,620766007075538,620766040081944
1014.6399,2007.2787,1031.2087,1998.8622,620766040195277,620766073541111
1015.4145,1996.1755,1031.2087,1998.8622,620766073653663,620766110066527
1016.72394,2003.5681,1016.72394,1998.8622,620766110257204,620766157711006
1016.4918,1985.2218,1016.72394,1998.8622,620766157801840,620766189552309
1005.59076,1992.1145,1016.72394,1998.8622,620766190941163,620766225000798
1033.9647,1966.0132,1016.72394,1992.1145,620766225082204,620766268282204
1010.28314,1940.1287,1016.72394,1992.1145,620766269209652,620766305263298
989.2658,1991.8955,1016.72394,1991.8955,620766305393298,620766337349496
997.05695,1966.8296,1010.28314,1991.8955,620766337531111,620766368126423
1013.77686,1951.8688,1013.77686,1991.8955,620766368284340,620766403116215
990.54926,1958.808,1010.28314,1966.8296,620766403208923,620766434340642
1018.3694,1919.4131,1013.77686,1958.808,620766434525850,620766465424392
1011.7413,1951.9985,1011.7413,1958.808,620766465579183,620766500638246
995.7031,1983.7268,1011.7413,1958.808,620766500829392,620766533829183
1014.2004,1971.784,1011.7413,1958.808,620766534004027,620766566808558
980.0079,1954.8586,1011.7413,1958.808,620766566906579,620766600326631
997.0205,1950.8164,1011.7413,1958.808,620766600431267,620766632550485
987.5737,1930.1387,997.0205,1954.8586,620766632732152,620766672255798
1001.1212,1923.9551,1001.1212,1950.8164,620766672372621,620766706903975
1022.484,1908.0281,1001.1212,1930.1387,620766707003923,620766737161631
1006.436,1964.4761,1001.1212,1950.8164,620766737324756,620766769139287
991.4204,1975.7263,1001.1212,1950.8164,620766769300017,620766801244183
1004.9192,1944.7839,1001.1212,1950.8164,620766801378610,620766832323298
1002.30164,1919.1791,1001.1212,1950.8164,620766832458923,620766864045381
982.0928,1962.711,1001.1212,1950.8164,620766864180121,620766896385642
1016.17413,1894.6393,1001.1212,1950.8164,620766896555642,620766931035433
1004.4089,1940.4945,1001.1212,1950.8164,620766931186058,620766966043610
1002.4205,1934.6361,1002.4205,1940.4945,620766967976475,620767002057517
1013.8059,1853.6156,1002.4205,1940.4945,620767002149548,620767034255642
1014.07904,1885.2659,1002.4205,1934.6361,620767034384808,620767070285017
997.6478,1883.9265,1002.4205,1885.2659,620767070463610,620767101552204
1021.23065,1872.8859,1002.4205,1885.2659,620767101718246,620767141425850
1019.7986,1910.0929,1002.4205,1885.2659,620767141524339,620767176247412
990.283,1854.225,1002.4205,1885.2659,620767176356475,620767207454548
995.8824,1847.4906,1002.4205,1885.2659,620767207568402,620767237111839
1019.5504,1878.8998,1002.4205,1878.8998,620767237222516,620767269716579
1018.61725,1843.5193,1002.4205,1878.8998,620767269889235,620767301187673
1022.26086,1848.2322,1018.61725,1878.8998,620767301366214,620767334157985
1008.7391,1824.305,1008.7391,1848.2322,620767334269027,620767368059548
1007.9141,1845.4362,1008.7391,1848.2322,620767368161839,620767403998506
1009.94324,1832.8602,1008.7391,1845.4362,620767404130746,620767438050068
1035.0278,1859.922,1008.7391,1848.2322,620767438833662,620767470181058
1023.9868,1824.198,1009.94324,1845.4362,620767470362204,620767502164912
1035.6063,1808.0117,1023.9868,1845.4362,620767502331214,620767535077829
1034.5847,1851.9639,1023.9868,1845.4362,620767535247412,620767567318975
1016.5269,1842.6835,1023.9868,1845.4362,620767567409808,620767607984912
1026.5647,1797.8405,1023.9868,1845.4362,620767608125589,620767638504704
1000.65216,1814.1735,1023.9868,1842.6835,620767638614548,620767670362308
1016.84766,1838.9387,1023.9868,1838.9387,620767670479600,620767702389495
1021.50494,1836.3257,1021.50494,1838.9387,620767702565173,620767735606162
1038.941,1809.6367,1023.9868,1838.9387,620767735714027,620767767704391
1037.1385,1808.8536,1023.9868,1836.3257,620767767827464,620767800237256
1019.87354,1805.4159,1023.9868,1809.6367,620767800342152,620767832411214
1045.6166,1724.3923,1023.9868,1808.8536,620767832510745,620767865551787
1003.7418,1765.3274,1023.9868,1805.4159,620767865661266,620767900370329
1012.53577,1729.371,1023.9868,1765.3274,620767900528297,620767933352881
1017.00165,1721.3876,1017.00165,1765.3274,620767933499183,620767965285745
980.70386,1724.8732,1017.00165,1729.371,620767965376422,620767998340954
983.0106,1717.4146,1017.00165,1724.8732,620767998530120,620768031721370
986.0582,1705.9967,986.0582,1724.8732,620768031885485,620768081881162
1016.9085,1689.8691,1016.9085,1717.4146,620768081978558,620768112390172
973.55524,1679.1906,986.0582,1705.9967,620768112578922,620768143885902
1029.3647,1675.5121,1016.9085,1689.8691,620768144141214,620768176088245
1031.8604,1667.7369,1016.9085,1679.1906,620768176252568,620768209015797
1005.591,1646.7662,1016.9085,1675.5121,620768209176579,620768243424495
960.42816,1681.172,1016.9085,1679.1906,620768243561579,620768280943766
1024.5441,1663.4103,1016.9085,1675.5121,620768281121474,620768313890589
988.9295,1682.8037,1016.9085,1679.1906,620768313984339,620768347722985
1008.8281,1607.8787,1016.9085,1675.5121,620768347881214,620768379421162
999.676,1690.2677,1008.8281,1679.1906,620768379608193,620768412815068
1019.21716,1661.281,1016.9085,1675.5121,620768412953974,620768444626787
1009.88165,1660.9813,1009.88165,1675.5121,620768444804235,620768476566943
1016.797,1654.3317,1016.797,1661.281,620768476742047,620768508641006
976.93756,1630.6523,1009.88165,1660.9813,620768508773193,620768542528453
1013.4717,1646.4934,1013.4717,1654.3317,620768542695224,620768582531214
999.39886,1622.5454,1009.88165,1646.4934,620768582614443,620768614816735
982.8727,1628.1704,1009.88165,1646.4934,620768614969703,620768646486005
972.5413,1627.815,999.39886,1628.1704,620768646671995,620768679408610
988.9426,1569.9104,988.9426,1628.1704,620768679482828,620768709120328
998.8012,1591.6954,998.8012,1627.815,620768709250380,620768740497099
970.1777,1584.9606,988.9426,1591.6954,620768740601839,620768773892099
977.8375,1598.992,988.9426,1598.992,620768773997412,620768805916422
983.3129,1557.5981,983.3129,1591.6954,620768806007828,620768839493297
987.3915,1510.323,987.3915,1591.6954,620768841418245,620768874943714
962.27594,1502.8195,983.3129,1557.5981,620768875078037,620768907440797
991.6442,1496.0223,987.3915,1510.323,620768907637203,620768938235068
1005.2057,1516.4114,987.3915,1516.4114,620768938333922,620768973796422
978.886,1514.2097,987.3915,1514.2097,620768973947932,620769021983818
1019.6983,1526.6674,987.3915,1516.4114,620769022083714,620769054760016
982.53357,1467.0989,987.3915,1514.2097,620769054993505,620769094195432
961.83527,1476.4259,987.3915,1514.2097,620769094349182,620769128104912
953.76105,1425.2346,982.53357,1476.4259,620769128218453,620769161505589
962.8963,1453.9104,962.8963,1476.4259,620769161597047,620769196176474
956.357,1475.6211,962.8963,1475.6211,620769196365120,620769232972464
960.27716,1399.012,962.8963,1475.6211,620769233076109,620769264425797
918.53406,1290.4542,960.27716,1475.6211,620769264597255,620769294098609
956.3697,1319.008,960.27716,1399.012,620769294202412,620769325303297
934.57794,1312.6742,956.3697,1319.008,620769326910172,620769361268193
941.13135,1285.1982,956.3697,1319.008,620769363774495,620769402187984
922.4552,1259.8839,941.13135,1312.6742,620769402343245,620769437966943
925.75024,1235.957,941.13135,1285.1982,620769438971474,620769470998193
893.2657,1280.0844,925.75024,1280.0844,620769471093036,620769513605328
928.1599,1240.1757,928.1599,1280.0844,620769513703245,620769543961318
924.3491,1223.6405,925.75024,1280.0844,620769544140849,620769575642984
917.7818,1207.2264,925.75024,1240.1757,620769575739807,620769609572880
920.1713,1217.5215,924.3491,1223.6405,620769609674911,620769640964599
928.65924,1185.7142,925.75024,1217.5215,620769641160224,620769675131526
913.3006,1186.28,924.3491,1217.5215,620769675240380,620769707999443
891.8362,1168.3086,924.3491,1186.28,620769708139234,620769739497672
915.82043,1188.8389,915.82043,1188.8389,620769739694807,620769775997880
893.98944,1154.7242,915.82043,1186.28,620769776192411,620769809994286
878.50854,1155.0608,915.82043,1186.28,620769810112359,620769844217620
891.8918,1116.5918,893.98944,1155.0608,620769844409599,620769875806057
900.0945,1139.8667,900.0945,1155.0608,620769875928922,620769911984182
893.0398,1135.4386,893.98944,1139.8667,620769912265328,620769942370276
864.39825,1151.805,893.98944,1151.805,620769942579807,620769979166109
885.27515,1135.272,893.0398,1139.8667,620769979264338,620770010206942
862.96484,1117.1385,885.27515,1139.8667,620770010366109,620770043805640
865.825,1131.7494,885.27515,1135.272,620770043972099,620770077538192
873.55133,1127.5281,873.55133,1131.7494,620770077717880,620770107987672
878.14307,1080.8378,878.14307,1131.7494,620770108210120,620770141623192
914.63885,1111.7222,878.14307,1127.5281,620770141778297,620770174524338
875.6369,1106.635,878.14307,1111.7222,620770174718974,620770205275380
890.6934,1067.2727,878.14307,1111.7222,620770205433140,620770239313557
930.01306,1059.5869,878.14307,1106.635,620770239480067,620770272284547
929.08795,1072.6239,890.6934,1072.6239,620770272415119,620770304993401
897.5173,1071.773,897.5173,1072.6239,620770305146057,620770337792776
881.238,1037.4247,890.6934,1072.6239,620770337978453,620770370895588
902.4437,1056.2915,897.5173,1071.773,620770371073192,620770405830744
861.6412,1057.1572,890.6934,1057.1572,620770406641005,620770445075067
894.4393,1012.6512,894.4393,1057.1572,620770445186682,620770479067932
863.58154,1043.7572,890.6934,1057.1572,620770479261734,620770508748296
864.9168,948.527,890.6934,1043.7572,620770508904338,620770541710536
843.963,987.91034,864.9168,1043.7572,620770541876317,620770576877255
854.0385,966.46564,864.9168,987.91034,620770577077099,620770610327932
808.0951,855.41736,854.0385,987.91034,620770610497411,620770642629130
765.4835,775.2976,854.0385,966.46564,620770642808453,620770673735953
758.8971,793.06085,808.0951,855.41736,620770673927776,620770707978453
805.45154,832.02203,805.45154,832.02203,620770708201109,620770745623817
824.8975,802.16833,808.0951,832.02203,620770745843921,620770777074859
783.22003,726.78827,805.45154,832.02203,620770777197359,620770808615484
822.96204,711.2459,808.0951,802.16833,620770808762203,620770843846317
776.4799,788.0183,805.45154,788.0183,620770843956890,620770874853088
787.10785,778.4428,805.45154,788.0183,620770877476578,620770910434598
787.97534,724.6754,787.97534,788.0183,620770910535848,620770941659598
791.81805,771.09937,791.81805,778.4428,620770941822255,620770973931161
769.8861,752.5295,787.97534,771.09937,620770974072255,620771009674755
798.7159,761.7811,791.81805,771.09937,620771009860953,620771044504338
788.56915,747.3894,788.56915,761.7811,620771044606473,620771080981525
765.5527,720.89777,788.56915,761.7811,620771081171005,620771115459390
815.086,707.32355,788.56915,747.3894,620771115541577,620771155443036
815.59906,680.54156,788.56915,720.89777,620771155576473,620771186876942
742.8415,707.0508,788.56915,707.32355,620771187018817,620771216629130
841.376,697.76776,788.56915,707.0508,620771216741994,620771247224859
851.2162,650.25244,788.56915,707.0508,620771247374494,620771278943088
847.87915,613.58624,841.376,697.76776,620771279122984,620771308980275
845.70917,673.5413,845.70917,673.5413,620771309160119,620771358905275
870.99445,692.91174,845.70917,692.91174,620771359000484,620771391915327
806.92316,661.2677,845.70917,673.5413,620771393229129,620771427842775
863.4607,662.06665,845.70917,673.5413,620771427980327,620771460871317
842.9726,650.1202,845.70917,662.06665,620771461043869,620771495742931
832.38855,634.9801,845.70917,662.06665,620771495907827,620771529227150
866.12994,612.8582,845.70917,650.1202,620771529340015,620771563415379
827.5754,624.3757,845.70917,634.9801,620771563524077,620771598348400
822.45886,642.63116,845.70917,642.63116,620771598498817,620771632339442
811.97455,638.694,827.5754,638.694,620771632428296,620771671668244
814.6366,641.5954,822.45886,641.5954,620771671824650,620771703867827
823.49915,660.8836,823.49915,641.5954,620771703987671,620771736292254
783.2833,624.941,822.45886,641.5954,620771736376629,620771768277671
820.763,524.181,822.45886,641.5954,620771769504390,620771799104806
784.86444,608.61273,820.763,624.941,620771801828140,620771836276213
784.85297,574.4426,820.763,608.61273,620771836472515,620771870590379
814.85645,546.94073,814.85645,608.61273,620771870692411,620771902291942
757.1779,534.3423,814.85645,574.4426,620771902472723,620771933925119
782.621,547.7332,814.85645,547.7332,620771934070327,620771964245379
812.65265,592.75635,812.65265,574.4426,620771964334806,620771994100483
754.8068,565.1114,812.65265,565.1114,620771995520588,620772029056994
804.76105,497.888,812.65265,565.1114,620772029128556,620772064257202
799.95197,357.844,804.76105,565.1114,620772064344754,620772098271577
755.84015,389.8328,804.76105,497.888,620772104968348,620772134851785
761.5514,366.71948,799.95197,389.8328,620772135025744,620772166579181
782.6951,356.4541,782.6951,389.8328,620772167211994,620772200554702
723.31946,332.16583,782.6951,366.71948,620772201506837,620772232328140
744.80273,307.78467,782.6951,356.4541,620772232479702,620772267178087
753.68396,399.14206,753.68396,366.71948,620772267270327,620772299855275
727.79175,371.8131,753.68396,366.71948,620772300076265,620772335397827
753.12225,340.20547,753.68396,366.71948,620772335499337,620772372280119
760.6051,338.8976,753.68396,366.71948,620772372437306,620772402840639
750.4844,366.09332,753.68396,366.09332,620772403001733,620772437079285
702.51953,382.00754,753.68396,366.71948,620772437263244,620772470409962
712.2938,368.1185,750.4844,366.71948,620772470581056,620772502790223
738.04504,393.10916,738.04504,368.1185,620772502895952,620772532955431
708.1366,379.2674,738.04504,368.1185,620772533113087,620772566813764
711.12366,393.87552,738.04504,379.2674,620772566959233,620772599147410
702.791,386.28293,711.12366,379.2674,620772599312358,620772632409441
730.8495,412.22675,730.8495,386.28293,620772632507879,620772661551108
695.3846,407.86798,711.12366,386.28293,620772661652514,620772689899494
700.5843,401.5928,711.12366,401.5928,620772691533869,620772723847983
687.497,383.5023,700.5843,386.28293,620772723966369,620772756408660
672.6221,406.2952,700.5843,401.5928,620772756546056,620772818023035
688.462,381.61658,688.462,386.28293,620772818111473,620772847330014
690.5076,413.17624,690.5076,401.5928,620772847511525,620772877006316
621.7292,362.97037,688.462,386.28293,620772877112306,620772927690900
677.4988,366.97406,688.462,386.28293,620772927800327,620772958591368
642.86646,401.66815,677.4988,386.28293,620772960567514,620772991727827
702.38367,377.38477,688.462,386.28293,620772991846160,620773027779858
655.1721,352.4804,677.4988,386.28293,620773027851629,620773062347202
687.1997,355.6811,687.1997,377.38477,620773062624702,620773096653243
671.8433,333.47232,677.4988,355.6811,620773096826004,620773128875795
655.7637,336.38742,677.4988,355.6811,620773129014598,620773160203504
627.2457,343.42828,671.8433,343.42828,620773160316108,620773192660014
685.2703,309.6432,677.4988,343.42828,620773194480587,620773225950379
678.963,303.00323,677.4988,343.42828,620773226052566,620773262111108
676.3168,297.4116,677.4988,309.6432,620773263089129,620773295114858
617.2207,275.7884,677.4988,303.00323,620773296117150,620773330551160
647.4823,303.71793,676.3168,303.71793,620773330666837,620773365362618
658.5714,298.9647,658.5714,303.00323,620773365445327,620773400229285
671.1328,278.4811,671.1328,303.00323,620773400336837,620773431613400
634.03406,285.77588,658.5714,298.9647,620773431715066,620773464196108
654.17896,308.1485,658.5714,303.00323,620773464321889,620773495865952
554.6955,310.66467,654.17896,303.00323,620773496082827,620773529034962
633.0951,306.29224,654.17896,306.29224,620773529141524,620773561496212
650.1872,309.1177,650.1872,306.29224,620773561639962,620773599726108
685.10596,299.04935,654.17896,306.29224,620773601119702,620773635859337
621.3948,319.05057,650.1872,306.29224,620773635959181,620773670582566
675.20386,296.36972,654.17896,306.29224,620773670726108,620773702622879
647.81805,294.49155,650.1872,306.29224,620773702734754,620773737370170
625.1509,282.33127,650.1872,296.36972,620773737486472,620773772426056
596.0345,275.95108,647.81805,294.49155,620773772535014,620773806408868
583.5055,266.69254,625.1509,282.33127,620773806599024,620773838338087
583.1701,261.65543,596.0345,275.95108,620773838520066,620773870435431
600.4882,266.74127,600.4882,266.74127,620773870620743,620773901788972
610.1109,259.40918,600.4882,266.74127,620773901974597,620773933656681
569.8183,263.72403,600.4882,266.74127,620773933820535,620773966107149
554.4258,263.41104,600.4882,263.72403,620773966285326,620774001424910
590.8611,263.46558,590.8611,263.72403,620774001519545,620774034244858
583.41846,278.96683,590.8611,263.72403,620774034431472,620774067914337
579.3177,249.48842,590.8611,263.72403,620774068124076,620774103290743
577.96313,230.03214,583.41846,263.72403,620774103435795,620774135716212
560.1703,229.66187,579.3177,249.48842,620774135907983,620774167278191
553.7294,233.57594,577.96313,233.57594,620774167390795,620774208552566
570.64374,237.85994,570.64374,237.85994,620774208670326,620774238178087
567.92816,226.39305,570.64374,233.57594,620774238341368,620774272382253
577.14606,204.62798,570.64374,233.57594,620774272481941,620774307802358
578.0816,216.58052,570.64374,226.39305,620774307906628,620774338515691
615.0699,216.78261,577.14606,216.78261,620774338689285,620774374424962
582.1023,244.2315,578.0816,226.39305,620774374557566,620774404926524
542.70123,227.55063,577.14606,226.39305,620774405028555,620774437236420
565.40924,213.1526,577.14606,226.39305,620774437348764,620774469062045
570.03937,227.20721,570.03937,226.39305,620774469180274,620774505134076
571.5383,223.33247,571.5383,226.39305,620774505301316,620774538472826
580.2491,215.50427,571.5383,226.39305,620774538597253,620774571811680
585.14874,223.38858,571.5383,223.38858,620774572044649,620774617592149
598.7493,228.79558,580.2491,226.39305,620774617699962,620774656180118
565.3421,212.60217,571.5383,223.38858,620774656272566,620774704368034
586.78424,200.08551,580.2491,223.38858,620774704478191,620774743411159
502.7224,204.06589,571.5383,212.60217,620774744270587,620774775350222
516.93695,211.472,571.5383,211.472,620774775510847,620774810903451
536.1364,216.52243,536.1364,212.60217,620774811015326,620774846117982
582.6805,221.55795,571.5383,212.60217,620774846224597,620774882692045
570.4023,213.8391,570.4023,213.8391,620774882853399,620774913236680
541.17395,214.24306,570.4023,213.8391,620774913377201,620774947255170
570.9626,213.69737,570.4023,213.8391,620774947457670,620774980182461
532.9603,224.93729,570.4023,213.8391,620774980344961,620775013841055
532.38586,206.16576,570.4023,213.8391,620775014001211,620775045486836
559.372,179.9797,559.372,213.8391,620775045643399,620775080268034
535.6926,183.93869,559.372,206.16576,620775080432045,620775110662409
458.3576,204.46448,559.372,204.46448,620775110806003,620775141514805
425.05032,202.37488,535.6926,204.46448,620775141692774,620775175303503
462.0225,210.21727,462.0225,204.46448,620775175412982,620775206178711
442.0584,219.39108,462.0225,204.46448,620775206353451,620775242255534
478.22025,205.2795,462.0225,205.2795,620775243283138,620775273908399
457.04352,211.80666,462.0225,205.2795,620775274066368,620775305687878
512.0767,211.48196,462.0225,205.2795,620775305807253,620775342368295
506.93182,224.40251,462.0225,211.48196,620775342540274,620775378218086
531.6449,208.24187,506.93182,208.24187,620775378317097,620775410114857
468.45132,210.90167,468.45132,210.90167,620775410334180,620775441915326
515.465,222.23624,506.93182,210.90167,620775442080690,620775472160690
433.34515,216.91768,468.45132,210.90167,620775472273867,620775507453607
426.70273,233.86404,468.45132,216.91768,620775508973763,620775543155170
452.04834,232.01633,452.04834,216.91768,620775543371576,620775575635326
500.58737,205.60437,468.45132,216.91768,620775575796003,620775606066524
479.30237,217.15384,468.45132,216.91768,620775606188555,620775640362461
494.79028,218.61232,479.30237,216.91768,620775640535794,620775673202305
520.34973,222.42184,479.30237,217.15384,620775673345065,620775704222305
466.13336,230.50993,479.30237,218.61232,620775704333659,620775736474597
452.62558,220.00595,479.30237,220.00595,620775736573763,620775771884284
473.7945,227.795,473.7945,220.00595,620775772216159,620775808329649
509.65598,231.39021,479.30237,220.00595,620775808503138,620775840079857
484.22742,222.42476,479.30237,222.42476,620775840214544,620775873360846
482.77292,211.14764,482.77292,220.00595,620775873544909,620775906446732
459.46436,228.65158,479.30237,222.42476,620775906590013,620775938810117
454.1523,227.71263,479.30237,222.42476,620775938953503,620775969964024
407.15323,227.71652,459.46436,227.71263,620775970052096,620776012341055
438.38867,228.72368,454.1523,227.71263,620776012504596,620776043262461
446.37827,231.28316,446.37827,227.71652,620776043404909,620776072638763
491.82513,235.55135,454.1523,228.72368,620776072784857,620776113036732
426.74692,231.46576,446.37827,231.28316,620776113144076,620776142749805
435.45514,229.3625,446.37827,229.3625,620776142877565,620776174725169
399.44922,257.34283,435.45514,231.28316,620776174911367,620776207831367
429.52863,243.6059,435.45514,231.28316,620776208071628,620776242354701
439.5777,232.80606,435.45514,232.80606,620776242465742,620776273044753
384.01825,257.69983,435.45514,232.80606,620776273177565,620776306563919
407.91934,260.9497,435.45514,232.80606,620776306718971,620776341135534
420.91397,249.87022,420.91397,249.87022,620776341291471,620776375911211
402.44263,256.00153,420.91397,249.87022,620776376173138,620776407495482
398.20703,269.14862,420.91397,249.87022,620776407621107,620776440297565
378.93005,252.52928,402.44263,252.52928,620776440486680,620776472810065
379.3598,249.32883,398.20703,249.87022,620776472978294,620776504117930
431.64346,264.93076,402.44263,252.52928,620776504240638,620776536096471
409.72525,268.64417,402.44263,252.52928,620776536189492,620776569075898
392.81567,244.00453,402.44263,252.52928,620776569198190,620776603877148
402.20563,271.46652,402.44263,252.52928,620776604040534,620776638450898
354.85318,261.904,402.20563,252.52928,620776638600221,620776675703971
341.14987,260.86304,402.20563,260.86304,620776675892044,620776707591888
354.88098,271.04034,354.88098,260.86304,620776707771836,620776742267409
362.61237,288.7071,362.61237,260.86304,620776742445117,620776776885013
364.40308,267.63345,362.61237,267.63345,620776777005846,620776807564388
374.17926,283.9497,362.61237,267.63345,620776807708554,620776839541315
389.3405,272.92477,364.40308,267.63345,620776839703034,620776876127200
317.94577,280.5161,362.61237,272.92477,620776876294752,620776909408398
360.02924,264.01498,362.61237,267.63345,620776909586315,620776939971315
332.51938,295.97006,360.02924,272.92477,620776940186263,620776972476523
306.05316,300.28345,360.02924,272.92477,620776972655586,620777006953502
355.96683,270.8392,355.96683,272.92477,620777007120325,620777049838763
343.3512,286.65186,355.96683,272.92477,620777049934909,620777080616315
357.32193,275.01047,355.96683,272.92477,620777080728034,620777113355013
358.2674,287.01266,355.96683,275.01047,620777113459075,620777143622409
369.57083,283.06903,357.32193,275.01047,620777143743502,620777174409804
340.42108,282.4158,355.96683,282.4158,620777174516211,620777206293242
400.965,267.98367,357.32193,275.01047,620777206400377,620777239472044
376.29584,278.43488,357.32193,278.43488,620777239583450,620777272115533
333.38574,327.3518,357.32193,278.43488,620777272208033,620777303813138
285.74664,328.77414,357.32193,278.43488,620777305336315,620777336966263
266.9768,346.921,333.38574,327.3518,620777337081211,620777370041940
311.45038,324.12317,311.45038,324.12317,620777370187252,620777404255742
287.78513,343.9943,311.45038,327.3518,620777404425429,620777439023815
314.3006,316.15564,311.45038,324.12317,620777439183398,620777472627460
348.6781,347.67386,311.45038,327.3518,620777472774648,620777505294023
296.3446,322.6186,311.45038,324.12317,620777505440377,620777543064179
329.14444,322.91525,311.45038,324.12317,620777544964752,620777577356263
299.35358,313.96628,311.45038,322.91525,620777577472877,620777609412408
337.1475,312.322,311.45038,322.91525,620777609576106,620777639161679
308.0595,324.48636,311.45038,322.91525,620777639261627,620777673065794
309.62396,301.14636,311.45038,322.91525,620777673189752,620777703936783
308.77524,302.15594,309.62396,322.91525,620777704032200,620777736112252
331.79147,295.80914,311.45038,302.15594,620777736220898,620777770591054
306.86008,282.20416,309.62396,302.15594,620777771111262,620777807028554
285.28925,306.82358,309.62396,302.15594,620777807200585,620777841563658
301.68668,317.3917,306.86008,302.15594,620777841729752,620777876315585
264.4826,318.945,301.68668,306.82358,620777876486314,620777912749960
287.96277,331.99063,301.68668,317.3917,620777912940064,620777943532669
267.97894,381.15607,287.96277,318.945,620777943647044,620777975362721
290.3854,303.7126,290.3854,317.3917,620777975476054,620778009227564
308.18655,319.479,290.3854,318.945,620778009344335,620778041421002
510.2071,519.2222,290.3854,318.945,620778041594439,620778076726106
616.32666,388.74576,308.18655,319.479,620778076843033,620778106027252
648.5431,828.71857,510.2071,388.74576,620778106205689,620778137119231
496.94287,415.9713,496.94287,388.74576,620778137269596,620778168275169
496.6422,618.7494,496.94287,415.9713,620778168392616,620778201962408
298.9024,684.31744,496.94287,415.9713,620778202120429,620778238122825
245.57256,536.0821,496.6422,536.0821,620778238281419,620778273933658
285.43866,347.43585,298.9024,415.9713,620778274121471,620778312740116
277.06906,348.05295,285.43866,415.9713,620778312900168,620778348543189
313.71506,379.47458,298.9024,379.47458,620778349550325,620778381288710
329.1996,336.19888,298.9024,379.47458,620778381390116,620778413190898
296.44183,390.83878,298.9024,379.47458,620778413300377,620778455513710
278.90656,401.81177,298.9024,379.47458,620778455609335,620778488164648
287.1122,406.9955,296.44183,390.83878,620778488323241,620778520155585
285.8694,401.52753,287.1122,401.52753,620778520239491,620778550889023
270.29703,395.76678,287.1122,395.76678,620778551055950,620778581602148
284.0941,367.73523,285.8694,395.76678,620778582943345,620778616165585
275.03406,443.56235,284.0941,395.76678,620778616285429,620778645747252
251.61217,382.3463,284.0941,395.76678,620778645861314,620778680294127
214.06827,434.98737,275.03406,395.76678,620778680421210,620778710418554
243.55208,383.6846,251.61217,395.76678,620778710528345,620778744330637
205.33488,440.0147,243.55208,395.76678,620778744437147,620778774543762
196.86656,401.34274,243.55208,395.76678,620778774662460,620778805618085
199.04659,384.7172,205.33488,395.76678,620778805720637,620778838079752
243.16945,401.43948,243.16945,395.76678,620778838253502,620778871639543
217.32738,408.2073,217.32738,395.76678,620778871750950,620778902814647
224.81406,434.7121,224.81406,401.43948,620778902928658,620778938756887
216.57965,411.95853,217.32738,408.2073,620778938862668,620778971301106
183.95874,417.82425,217.32738,411.95853,620778971402929,620779003749439
191.3118,423.26108,216.57965,411.95853,620779003926314,620779036200897
185.11617,426.63474,191.3118,417.82425,620779036370533,620779067149387
197.49759,440.58713,197.49759,423.26108,620779067305064,620779098777824
187.08646,443.81085,191.3118,426.63474,620779098858710,620779132540376
196.05167,425.79578,196.05167,425.79578,620779133319751,620779164513918
176.81082,435.4696,191.3118,426.63474,620779164746001,620779195375897
229.2146,414.21268,196.05167,425.79578,620779195464439,620779224598710
176.78128,463.49927,191.3118,426.63474,620779225477356,620779258662876
175.80498,522.2885,191.3118,426.63474,620779258738449,620779288149543
189.03578,499.7449,189.03578,463.49927,620779288798033,620779318640793
168.68265,517.8904,189.03578,499.7449,620779321503814,620779352474803
159.39662,521.4694,189.03578,499.7449,620779359089126,620779392672981
159.0185,563.19,168.68265,517.8904,620779392757043,620779424146731
177.54826,536.01746,177.54826,521.4694,620779424992720,620779457603241
179.35245,538.6874,177.54826,536.01746,620779457713241,620779492182928
169.69194,522.1317,177.54826,522.1317,620779492275533,620779525070168
184.07832,528.55676,177.54826,528.55676,620779525214960,620779558188501
219.43117,540.554,177.54826,528.55676,620779558340689,620779591473397
199.21019,528.0123,184.07832,528.55676,620779593151626,620779624856470
214.45663,582.2862,199.21019,528.55676,620779624967876,620779658833918
184.07321,544.4636,184.07832,528.55676,620779658952199,620779693000220
180.15843,518.8273,184.07832,528.55676,620779693159699,620779727894022
197.87811,577.1708,184.07832,528.55676,620779729507460,620779762426470
163.92809,594.4317,184.07832,528.55676,620779762506835,620779793901157
219.01306,568.0628,184.07832,568.0628,620779793983970,620779824682616
166.96826,647.0391,184.07832,568.0628,620779824778814,620779889842928
166.04256,705.96826,184.07832,568.0628,620779889928085,620779924619439
157.86143,710.5221,166.96826,647.0391,620779926465116,620779961417199
138.20721,753.6001,166.04256,705.96826,620779961525637,620779991568241
155.40427,781.859,157.86143,710.5221,620779991665272,620780022192355
164.70453,732.1657,164.70453,732.1657,620780024264543,620780055724126
195.5885,737.5941,164.70453,732.1657,620780055805897,620780088104959
184.1995,794.3867,164.70453,732.1657,620780088211991,620780121151574
194.0616,844.4555,184.1995,737.5941,620780122593397,620780156476001
177.85823,840.78033,177.85823,794.3867,620780156559387,620780190347459
185.65012,786.976,184.1995,786.976,620780192963657,620780225756730
145.28241,855.0988,177.85823,794.3867,620780226534959,620780258193761
189.6516,803.2164,184.1995,794.3867,620780259196366,620780290891730
188.33774,836.39417,184.1995,803.2164,620780291573970,620780323645897
151.21034,888.43756,184.1995,803.2164,620780323751209,620780362765689
138.36894,890.8104,184.1995,836.39417,620780364064126,620780399267564
137.57347,938.18536,151.21034,888.43756,620780399356886,620780435044439
209.23772,851.6289,184.1995,851.6289,620780435214230,620780472897616
210.11487,855.2274,184.1995,855.2274,620780473116001,620780506008293
199.89565,898.9461,199.89565,855.2274,620780506114074,620780543410480
156.21826,916.2037,184.1995,855.2274,620780543506626,620780577839699
186.64392,954.8425,186.64392,898.9461,620780577962147,620780611356418
175.3419,920.3526,184.1995,916.2037,620780611503657,620780646013136
171.12471,928.16876,184.1995,920.3526,620780646188813,620780676737876
168.8259,945.09,175.3419,920.3526,620780677920740,620780709710168
204.2103,914.7486,184.1995,920.3526,620780710076261,620780767103136
153.42485,961.6136,175.3419,920.3526,620780767224490,620780802613865
156.95131,971.077,175.3419,920.3526,620780802714543,620780839660220
217.06973,979.6107,175.3419,961.6136,620780840451157,620780877914282
168.53465,1024.643,175.3419,971.077,620780878108084,620780910498397
184.6978,1056.292,175.3419,979.6107,620780910641626,620780946902615
167.5343,1110.4801,175.3419,1024.643,620780947023188,620780980793917
160.0108,989.68524,175.3419,989.68524,620780980931938,620781015287563
167.88046,1047.7845,167.88046,1024.643,620781015461990,620781052936678
173.45703,1116.7859,173.45703,1024.643,620781053024595,620781086053345
198.67151,1081.179,173.45703,1047.7845,620781086142095,620781119178865
152.64803,1102.4272,173.45703,1081.179,620781119377511,620781160953501
137.22295,1107.8562,173.45703,1081.179,620781161044334,620781193185740
173.59302,1130.5128,173.45703,1102.4272,620781193342407,620781225267459
188.60918,1136.1486,173.45703,1107.8562,620781225394594,620781259618917
179.56224,1144.4253,173.59302,1130.5128,620781259786730,620781295979803
160.56335,1149.9044,173.45703,1136.1486,620781296279751,620781337518865
170.8342,1152.421,173.45703,1144.4253,620781337611313,620781369551365
184.19469,1176.8604,173.45703,1149.9044,620781369665428,620781404255011
218.45848,1210.3574,173.45703,1152.421,620781404361990,620781439022251
194.74385,1155.6005,184.19469,1155.6005,620781439187511,620781472676574
175.08553,1153.406,175.08553,1153.406,620781472773657,620781516167303
230.2398,1171.4545,184.19469,1155.6005,620781516331678,620781549685740
207.19649,1176.5596,184.19469,1155.6005,620781549861834,620781582011001
221.899,1195.604,207.19649,1171.4545,620781582098240,620781611054855
294.97223,1238.5319,207.19649,1176.5596,620781611233605,620781643988553
236.1517,1199.5096,221.899,1195.604,620781644240323,620781675113032
227.7176,1208.741,227.7176,1199.5096,620781675274073,620781704774230
228.84036,1218.2195,227.7176,1199.5096,620781704871573,620781735994594
197.68677,1213.5159,227.7176,1208.741,620781736124334,620781768877719
226.63745,1235.9951,227.7176,1213.5159,620781768981573,620781805093500
225.05246,1307.4656,226.63745,1213.5159,620781806856053,620781841612928
239.31897,1301.887,227.7176,1235.9951,620781841721730,620781875029542
235.2166,1316.6389,227.7176,1301.887,620781875223969,620781911960844
223.1182,1347.5752,227.7176,1301.887,620781912139073,620781944408084
201.92079,1313.1694,227.7176,1313.1694,620781945230219,620781976894802
210.59608,1376.5035,223.1182,1313.1694,620781977768865,620782007166834
201.238,1339.9493,210.59608,1313.1694,620782007282719,620782039123292
193.9133,1360.249,210.59608,1339.9493,620782039227146,620782071322250
178.23038,1409.7708,201.238,1339.9493,620782071422927,620782104504073
181.51997,1439.0242,193.9133,1360.249,620782104602719,620782137382355
189.94044,1422.1104,189.94044,1409.7708,620782137495271,620782170550688
157.71245,1478.4384,189.94044,1422.1104,620782170648136,620782203495896
147.63947,1540.8933,189.94044,1422.1104,620782203597459,620782239115167
164.36885,1540.5837,164.36885,1478.4384,620782239220167,620782281589282
171.18654,1580.8466,171.18654,1540.5837,620782281686990,620782310931000
164.19688,1555.5697,164.36885,1540.5837,620782311031886,620782343328448
209.65552,1531.2686,171.18654,1540.5837,620782343529750,620782374184854
208.61067,1559.9436,171.18654,1540.5837,620782374352875,620782406181469
204.40344,1527.8564,204.40344,1540.5837,620782407946781,620782439098448
208.78346,1573.5359,204.40344,1540.5837,620782439385531,620782474713656
207.63396,1594.7234,204.40344,1540.5837,620782474900271,620782506778761
199.45535,1600.475,204.40344,1573.5359,620782506955740,620782540661834
233.57321,1557.0502,204.40344,1557.0502,620782540820896,620782584123136
209.02522,1569.9146,204.40344,1569.9146,620782584223969,620782615915011
167.59909,1549.1727,204.40344,1557.0502,620782616092927,620782647760531
183.42017,1585.4387,204.40344,1569.9146,620782647866052,620782678092198
222.33846,1641.657,204.40344,1569.9146,620782678211313,620782709293448
212.9835,1582.922,204.40344,1582.922,620782709405583,620782742663188
213.10513,1651.2513,212.9835,1582.922,620782742780844,620782775641208
204.52705,1658.5706,204.52705,1582.922,620782775749281,620782809333552
206.37315,1679.3588,206.37315,1651.2513,620782809442875,620782838605688
206.8486,1622.6388,206.37315,1622.6388,620782838719698,620782871021885
205.40425,1643.6785,206.37315,1643.6785,620782871147146,620782902590010
194.3678,1709.7719,206.37315,1643.6785,620782902683604,620782935381625
223.02818,1707.801,206.37315,1643.6785,620782935496990,620782966321313
203.66348,1761.8257,206.37315,1707.801,620782966408083,620783000127719
229.09822,1788.2344,206.37315,1707.801,620783000238969,620783032356365
171.57803,1783.0891,206.37315,1761.8257,620783032457198,620783062981156
155.2849,1828.2655,206.37315,1783.0891,620783063096781,620783094881625
177.09334,1752.7677,177.09334,1761.8257,620783094981521,620783126315062
200.45721,1758.7502,200.45721,1761.8257,620783126418760,620783159774958
215.17622,1790.0745,200.45721,1761.8257,620783161152719,620783193996208
193.30795,1772.371,200.45721,1761.8257,620783194722146,620783229307146
187.80325,1801.03,200.45721,1772.371,620783229414021,620783260549281
143.37898,1741.6858,193.30795,1761.8257,620783262199750,620783293163708
167.85327,1791.3186,187.80325,1772.371,620783293327719,620783327382614
145.94858,1765.8032,167.85327,1765.8032,620783327461781,620783360339489
153.35313,1759.6917,167.85327,1765.8032,620783360651104,620783392392406
164.05412,1782.0352,164.05412,1765.8032,620783392562354,620783424102250
146.81514,1816.4524,164.05412,1765.8032,620783425442458,620783457682250
154.88048,1840.0618,164.05412,1782.0352,620783457812927,620783491267927
164.38855,1841.8456,164.05412,1816.4524,620783491428552,620783525020062
144.46034,1863.434,164.05412,1840.0618,620783525177458,620783557106364
179.84294,1843.5054,164.05412,1841.8456,620783557229906,620783589479073
140.54785,1843.4573,164.05412,1843.4573,620783591084489,620783625565166
136.96931,1833.483,164.05412,1841.8456,620783627440687,620783663206000
155.87009,1807.742,155.87009,1841.8456,620783663360427,620783704099229
156.2805,1860.5782,156.2805,1841.8456,620783704199646,620783736266677
163.48016,1814.5708,156.2805,1841.8456,620783736416416,620783769084593
168.24278,1839.4069,156.2805,1841.8456,620783769241312,620783802121312
165.81725,1842.47,163.48016,1841.8456,620783802225114,620783837645114
172.31953,1870.2401,165.81725,1841.8456,620783837760896,620783873743448
153.35196,1851.056,163.48016,1842.47,620783873897614,620783908302562
181.92552,1852.7397,165.81725,1851.056,620783908524802,620783941487458
231.3733,1848.9231,165.81725,1848.9231,620783941666260,620783976733187
212.10068,1904.356,181.92552,1851.056,620783976914906,620784008564489
218.2052,1891.8436,212.10068,1851.056,620784008732927,620784039013656
212.07964,1866.7404,212.07964,1866.7404,620784039192406,620784072096156
239.62265,1908.6409,212.10068,1866.7404,620784072281885,620784105513760
239.9026,1890.9541,212.10068,1866.7404,620784105686937,620784137143500
236.04234,1952.6862,236.04234,1890.9541,620784137351104,620784173203135
171.4474,1917.0192,212.10068,1890.9541,620784173311312,620784204215531
228.31964,1927.3861,228.31964,1917.0192,620784204377979,620784239293968
240.15549,1947.786,228.31964,1917.0192,620784239473291,620784269374125
262.30905,1936.5187,228.31964,1927.3861,620784269527510,620784304571885
261.6296,1902.1571,240.15549,1917.0192,620784304733239,620784341389697
224.40366,1960.4869,228.31964,1927.3861,620784341574906,620784373208656
229.11238,1978.318,229.11238,1927.3861,620784373386416,620784402293291
255.27539,2005.247,229.11238,1960.4869,620784402445479,620784435235218
234.1281,1993.5881,229.11238,1978.318,620784435387249,620784468971885
282.38773,1984.7616,234.1281,1984.7616,620784469118031,620784501539385
245.47147,1961.4575,234.1281,1978.318,620784501687770,620784533557406
226.92502,1984.0432,234.1281,1984.0432,620784533820114,620784566978447
244.81296,2001.235,234.1281,1984.0432,620784567126312,620784600884124
188.97913,2024.3522,234.1281,1984.0432,620784601088968,620784635484489
212.69756,2037.9647,234.1281,2001.235,620784636085010,620784669874541
241.23685,2009.9211,234.1281,2009.9211,620784670064124,620784702563812
280.77527,1976.3782,234.1281,2001.235,620784702746416,620784737579645
267.0979,1957.0092,241.23685,2001.235,620784737764489,620784767407666
281.29327,1914.6985,267.0979,1976.3782,620784768168343,620784802238395
264.9971,1922.0709,264.9971,1957.0092,620784802317249,620784842061156
279.62573,1898.2659,267.0979,1922.0709,620784842194906,620784874876312
274.15237,1944.9559,267.0979,1944.9559,620784875071572,620784905715478
269.51456,1896.3114,269.51456,1922.0709,620784905908135,620784936702145
246.14827,1921.3802,267.0979,1922.0709,620784936879645,620784967737301
287.7517,1878.3464,269.51456,1921.3802,620784968901676,620785004190062
297.0667,1915.3618,269.51456,1921.3802,620785004365374,620785036476572
278.73978,1921.4336,278.73978,1921.3802,620785036644697,620785070932614
315.02554,1942.0476,278.73978,1921.3802,620785071119385,620785108244489
308.30298,2026.7665,278.73978,1921.4336,620785108348916,620785138313499
328.73715,2021.9175,308.30298,1942.0476,620785138498395,620785175964385
271.49435,2050.5513,278.73978,2021.9175,620785176243916,620785210789124
304.61343,2068.9756,304.61343,2021.9175,620785210934593,620785243873551
334.8648,2020.1478,304.61343,2021.9175,620785244081051,620785277091155
325.70572,2070.063,304.61343,2021.9175,620785277255947,620785309420374
354.05032,2070.6946,325.70572,2021.9175,620785309590270,620785340379176
308.86874,2057.7815,308.86874,2057.7815,620785340538291,620785372305582
306.1235,2067.585,308.86874,2057.7815,620785372485947,620785406757353
329.84244,2127.0735,308.86874,2057.7815,620785406881364,620785438575635
337.6676,2100.093,308.86874,2067.585,620785438756051,620785469927249
338.03253,2107.8665,329.84244,2100.093,620785470115582,620785499847978
338.79083,2133.9653,337.6676,2100.093,620785499970218,620785542838968
387.7503,2104.76,338.03253,2104.76,620785542931103,620785572834541
371.2774,2114.1345,338.79083,2104.76,620785572986624,620785603546416
388.98386,2150.7158,371.2774,2104.76,620785603735114,620785637071207
313.74677,2176.972,338.79083,2114.1345,620785637171051,620785669477718
369.09003,2130.1575,369.09003,2130.1575,620785669670530,620785701348186
344.22015,2119.248,344.22015,2119.248,620785701445947,620785733526259
479.92093,2145.6443,369.09003,2130.1575,620785733705478,620785766950374
574.62866,2147.9224,369.09003,2130.1575,620785767047822,620785799948551
630.6362,2126.992,479.92093,2130.1575,620785800115791,620785831900061
697.29315,2145.646,574.62866,2130.1575,620785832150530,620785865143030
694.006,2108.2793,630.6362,2130.1575,620785865283082,620785896681103
702.1668,2167.4666,694.006,2130.1575,620785896789801,620785930145999
766.46747,2151.6128,694.006,2130.1575,620785930287353,620785964991155
811.0045,2103.8281,702.1668,2130.1575,620785965149228,620786011568291
761.90314,2144.6006,761.90314,2130.1575,620786011663238,620786044561832
825.4689,2144.8813,761.90314,2130.1575,620786044666520,620786078855061
803.06366,2135.6104,761.90314,2135.6104,620786078966572,620786111574072
806.3597,2112.0686,803.06366,2130.1575,620786111670166,620786140496051
667.87616,2096.0977,761.90314,2130.1575,620786140666155,620786173718811
557.1924,2129.5547,761.90314,2129.5547,620786173920270,620786204117926
467.69208,2109.7163,667.87616,2129.5547,620786204295322,620786234537978
457.76843,2119.757,557.1924,2129.5547,620786234706468,620786267010790
414.93555,2145.2368,467.69208,2129.5547,620786267176780,620786299813603
421.29538,2158.6567,457.76843,2129.5547,620786299970582,620786331429228
440.65442,2111.7866,440.65442,2129.5547,620786331618811,620786365580738
454.33606,2109.674,454.33606,2129.5547,620786365751051,620786399118967
395.78442,2104.401,440.65442,2111.7866,620786399312301,620786430499020
421.19125,2096.0718,440.65442,2109.674,620786430625530,620786466395530
423.22754,2129.6843,423.22754,2111.7866,620786466589592,620786504907613
405.8078,2117.9504,423.22754,2111.7866,620786505013967,620786537758915
428.42114,2144.2932,423.22754,2117.9504,620786537933030,620786569988707
455.723,2142.6646,423.22754,2117.9504,620786570108342,620786603091988
433.32175,2160.4377,428.42114,2142.6646,620786603268082,620786638763030
436.5035,2168.2478,433.32175,2142.6646,620786638938030,620786670820165
467.63144,2149.8127,433.32175,2149.8127,620786670935269,620786702727978
468.50986,2167.7705,436.5035,2149.8127,620786702899749,620786736042613
447.11963,2164.4695,447.11963,2149.8127,620786736199488,620786770101467
454.64233,2187.5735,447.11963,2164.4695,620786770294749,620786800888915
430.96732,2183.496,447.11963,2164.4695,620786801076571,620786836298811
472.96725,2161.2717,447.11963,2164.4695,620786836453499,620786871640061
482.06537,2141.6597,447.11963,2164.4695,620786871817717,620786904855530
457.82568,2154.3926,457.82568,2161.2717,620786905044228,620786937095321
470.60568,2140.175,457.82568,2154.3926,620786937209592,620786973031363
516.1649,2083.6672,457.82568,2154.3926,620786973130530,620787009909176
490.41306,2141.0635,470.60568,2141.0635,620787010004123,620787050584696
476.1574,2136.1362,476.1574,2141.0635,620787050763707,620787083631415
511.695,2134.615,476.1574,2141.0635,620787083798238,620787117365998
530.7108,2111.5693,476.1574,2136.1362,620787117528655,620787150175738
524.7853,2118.813,511.695,2134.615,620787150365269,620787184791884
534.4625,2143.9846,524.7853,2136.1362,620787184917144,620787216569019
411.04236,2175.1511,511.695,2136.1362,620787216757821,620787248047561
480.58673,2143.1643,511.695,2143.1643,620787248190061,620787281319800
500.687,2143.5305,500.687,2143.1643,620787281471832,620787314449019
520.00433,2164.9646,511.695,2143.1643,620787314611832,620787348960894
501.517,2150.653,501.517,2143.5305,620787350951311,620787384655373
479.87744,2191.4087,501.517,2150.653,620787384772300,620787419026363
470.5798,2160.273,501.517,2150.653,620787419263655,620787456985790
480.596,2161.5251,480.596,2160.273,620787457069800,620787492603186
495.93176,2165.7908,495.93176,2160.273,620787492698655,620787528967352
515.96344,2126.6213,495.93176,2160.273,620787529130477,620787560398238
546.76166,2141.4785,495.93176,2160.273,620787560511050,620787593941832
520.5572,2171.819,515.96344,2160.273,620787594095946,620787631081467
494.05313,2153.6882,495.93176,2160.273,620787631235165,620787666555061
451.9491,2177.3364,495.93176,2160.273,620787666680894,620787698392144
506.25568,2134.5713,495.93176,2160.273,620787698568707,620787733847821
528.451,2154.6074,495.93176,2160.273,620787734040373,620787763807977
537.1127,2124.0115,506.25568,2154.6074,620787763984696,620787796805738
551.63544,2140.964,528.451,2154.6074,620787796954332,620787830130790
527.9271,2131.9197,527.9271,2140.964,620787830223134,620787865758446
524.9464,2149.4048,527.9271,2149.4048,620787865872040,620787907804175
526.203,2133.4666,527.9271,2140.964,620787908817300,620787941301571
574.987,2151.496,527.9271,2149.4048,620787941394956,620787973668394
588.5052,2102.2063,527.9271,2140.964,620787973807977,620788006016311
566.7511,2112.0935,566.7511,2140.964,620788006139227,620788038672717
541.5233,2143.7847,541.5233,2140.964,620788038884540,620788071468967
545.41095,2121.9128,545.41095,2140.964,620788071574175,620788100375894
517.71277,2143.3643,541.5233,2140.964,620788100533394,620788135200790
564.1323,2150.0894,545.41095,2140.964,620788135321831,620788165475373
539.86786,2142.2876,541.5233,2142.2876,620788165644748,620788196415998
520.2284,2131.0698,541.5233,2140.964,620788196566727,620788227455946
600.6035,2086.7415,541.5233,2140.964,620788227618758,620788260191311
572.1786,2115.8271,541.5233,2131.0698,620788260371258,620788292357821
593.44904,2121.864,572.1786,2121.864,620788292543133,620788323055217
528.5785,2129.678,541.5233,2129.678,620788323962508,620788384510998
573.74963,2151.1719,572.1786,2129.678,620788384611467,620788422218081
576.74634,2179.8848,572.1786,2129.678,620788422307977,620788455169435
589.29517,2149.5366,573.74963,2149.5366,620788455268654,620788491270008
586.34076,2107.7234,576.74634,2129.678,620788491415477,620788526955581
599.7047,2111.289,586.34076,2129.678,620788527049540,620788563484175
564.639,2098.622,576.74634,2111.289,620788563664123,620788601510790
577.77435,2142.7031,577.77435,2129.678,620788601707352,620788635331571
586.92944,2120.9224,577.77435,2120.9224,620788635442352,620788664210998
573.3421,2130.7822,577.77435,2129.678,620788664360842,620788699747040
605.86926,2111.5105,577.77435,2120.9224,620788699914748,620788731003550
671.5489,2096.297,577.77435,2120.9224,620788731182300,620788761696206
656.92175,2078.5361,605.86926,2111.5105,620788761837612,620788793858446
647.52966,2081.4934,647.52966,2096.297,620788794738758,620788836425269
709.9741,2098.145,647.52966,2098.145,620788837373185,620788873808029
648.4366,2097.0293,647.52966,2097.0293,620788873908289,620788906379592
629.1417,2084.5916,647.52966,2097.0293,620788906553758,620788940747456
738.249,2084.2434,647.52966,2097.0293,620788940835946,620788970875373
748.11804,2051.5273,647.52966,2084.5916,620788970993081,620789003838914
658.1074,2107.4146,658.1074,2097.0293,620789003948446,620789033976987
745.4065,2058.3179,658.1074,2084.5916,620789034161310,620789067407716
696.0007,2067.3096,658.1074,2084.5916,620789067565633,620789097844175
640.38043,2108.3923,658.1074,2084.5916,620789098022039,620789131460633
727.3409,2076.2832,658.1074,2084.5916,620789131655477,620789165515216
714.8211,2067.9773,658.1074,2084.5916,620789165687404,620789197340893
708.9816,2102.818,708.9816,2084.5916,620789197521258,620789231020060
685.72266,2093.0154,685.72266,2084.5916,620789231190164,620789266515112
677.53467,2084.2517,685.72266,2084.5916,620789266703237,620789314100268
650.79626,2093.4011,685.72266,2084.5916,620789314187300,620789346792612
668.7122,2112.0178,677.53467,2084.5916,620789346980737,620789380812508
686.54663,2087.3262,685.72266,2087.3262,620789380976518,620789412210685
773.3406,2053.063,685.72266,2084.5916,620789412372248,620789446578133
774.789,2073.0815,686.54663,2084.5916,620789446726102,620789480550581
706.92365,2084.4602,706.92365,2084.4602,620789480708445,620789514710633
683.4589,2082.0051,686.54663,2084.4602,620789514801102,620789551835633
695.1457,2069.2026,695.1457,2084.4602,620789552825060,620789585775945
685.8259,2078.8828,686.54663,2082.0051,620789585850425,620789622465633
713.45166,2099.0632,695.1457,2084.4602,620789622590216,620789656406675
681.19696,2080.7104,686.54663,2082.0051,620789656748081,620789687048966
673.65533,2090.9875,686.54663,2084.4602,620789687180008,620789720502612
667.2165,2071.889,681.19696,2082.0051,620789721597300,620789753315685
720.808,2053.748,686.54663,2082.0051,620789754295789,620789788616831
687.45844,2062.7175,686.54663,2071.889,620789788827768,620789822105685
703.6903,2058.4639,687.45844,2062.7175,620789822208445,620789857751362
684.04443,2051.5984,686.54663,2062.7175,620789857929227,620789889486935
738.0504,1971.6136,687.45844,2058.4639,620789889600268,620789922219279
733.09467,2012.4708,687.45844,2051.5984,620789922379695,620789958225789
724.90314,2056.8809,724.90314,2056.8809,620789958360945,620789991348914
736.18536,2001.3912,724.90314,2051.5984,620789992100685,620790023326258
730.6616,2018.5947,724.90314,2051.5984,620790023418497,620790059261674
711.2007,2003.1387,724.90314,2018.5947,620790059361258,620790091203810
661.81683,2016.2135,724.90314,2018.5947,620790091383185,620790127550008
699.5319,2005.9791,711.2007,2016.2135,620790127700529,620790159481674
710.2411,2022.8672,710.2411,2018.5947,620790159627924,620790195088133
682.051,2040.0045,710.2411,2018.5947,620790195262716,620790227314070
705.25476,1987.1096,710.2411,2018.5947,620790227473133,620790262587560
748.02924,1975.5374,710.2411,2018.5947,620790262750945,620790299488289
762.96405,1938.918,710.2411,1987.1096,620790299603601,620790333698289
768.4466,1904.0825,748.02924,1975.5374,620790333795320,620790366656414
721.0227,1952.6508,721.0227,1952.6508,620790366756987,620790395720841
738.95667,1991.7579,738.95667,1975.5374,620790395918289,620790426857820
752.1193,2005.7292,738.95667,1975.5374,620790427027091,620790459371258
755.7659,1991.9984,738.95667,1991.7579,620790459543289,620790515242924
791.64514,1973.5562,752.1193,1975.5374,620790515333758,620790550058758
774.8613,1947.5852,755.7659,1975.5374,620790550159955,620790582073758
806.0531,1878.4557,774.8613,1973.5562,620790583804591,620790616652612
748.21765,1880.3386,755.7659,1947.5852,620790616743914,620790647878445
745.43195,1875.5177,755.7659,1880.3386,620790647976258,620790677822508
745.3425,1905.8972,748.21765,1905.8972,620790681656362,620790711748705
754.18335,1923.9565,754.18335,1905.8972,620790714779799,620790748333757
739.9993,1933.6011,748.21765,1905.8972,620790749543132,620790783456726
756.337,1921.5359,754.18335,1921.5359,620790783540007,620790813460112
709.44434,1927.109,748.21765,1921.5359,620790814958601,620790845255060
747.83203,1918.7454,748.21765,1921.5359,620790845683341,620790878467560
739.63074,1902.309,747.83203,1921.5359,620790881315268,620790916647091
732.7856,1906.8566,747.83203,1918.7454,620790917922195,620790975345841
764.43616,1845.8998,747.83203,1906.8566,620790975461830,620791004410632
798.3432,1853.6635,747.83203,1906.8566,620791004575841,620791040183549
771.4305,1926.4177,764.43616,1906.8566,620791040311309,620791070941466
777.0809,1893.3195,771.4305,1906.8566,620791071105424,620791109092612
750.5958,1864.2654,764.43616,1906.8566,620791109197612,620791145344018
777.2475,1860.5629,771.4305,1893.3195,620791145494382,620791175762820
760.92505,1878.5812,764.43616,1878.5812,620791175941882,620791209924278
799.2155,1846.666,771.4305,1878.5812,620791210036414,620791262392716
797.66846,1854.1847,771.4305,1878.5812,620791262503497,620791297430424
797.1169,1842.8356,797.1169,1854.1847,620791297615893,620791341338393
763.3861,1851.728,771.4305,1854.1847,620791341436466,620791371420893
771.9812,1861.1117,771.9812,1854.1847,620791371538705,620791405428913
747.80066,1885.9121,771.4305,1854.1847,620791405601986,620791437077611
799.2726,1807.1945,771.9812,1854.1847,620791437231466,620791469731361
846.7262,1853.4042,771.9812,1854.1847,620791469910997,620791501159955
864.60913,1807.6505,799.2726,1853.4042,620791501335841,620791543370216
870.2854,1824.2351,846.7262,1853.4042,620791543523913,620791575555476
792.7547,1842.493,799.2726,1842.493,620791575665788,620791607653965
793.6577,1853.9661,799.2726,1853.4042,620791607833653,620791643309643
816.6268,1810.2317,799.2726,1842.493,620791643404382,620791678622507
837.00037,1835.0522,799.2726,1842.493,620791682983653,620791716613080
768.7015,1730.5546,799.2726,1835.0522,620791716781049,620791753010840
800.32086,1713.7052,799.2726,1835.0522,620791753520111,620791787201674
810.24036,1736.72,799.2726,1736.72,620791787297559,620791817538340
818.3085,1734.2971,800.32086,1736.72,620791818608236,620791849475267
823.2566,1725.3724,810.24036,1736.72,620791849650267,620791880344278
833.91376,1674.0863,818.3085,1734.2971,620791881312559,620791912535163
866.5965,1680.7811,823.2566,1725.3724,620791912620632,620791944975788
907.028,1681.2643,833.91376,1681.2643,620791947206361,620791977300267
889.6976,1686.1461,866.5965,1686.1461,620791980315007,620792013742924
852.033,1713.7184,852.033,1686.1461,620792013812247,620792048419017
869.97,1685.0485,866.5965,1686.1461,620792049420163,620792081799955
870.6093,1712.2043,866.5965,1686.1461,620792081961153,620792112156049
861.0303,1639.7993,866.5965,1686.1461,620792112542351,620792143077038
883.85925,1636.975,866.5965,1686.1461,620792157193861,620792197482403
844.8698,1625.3579,866.5965,1639.7993,620792197665632,620792232988028
888.18274,1703.1112,866.5965,1686.1461,620792233162663,620792266275007
873.96906,1739.5052,866.5965,1686.1461,620792266975163,620792298852871
916.64703,1604.7898,873.96906,1686.1461,620792299022871,620792334956465
883.5265,1637.8645,873.96906,1686.1461,620792335152142,620792366973705
889.7098,1565.9417,883.5265,1637.8645,620792367117194,620792399024851
904.9152,1552.7445,883.5265,1637.8645,620792399234486,620792429885788
935.6926,1533.9015,889.7098,1565.9417,620792430805528,620792466906621
917.9144,1493.1072,904.9152,1552.7445,620792467007246,620792496475215
909.82196,1493.3728,909.82196,1533.9015,620792496781882,620792528364694
927.7537,1498.4519,909.82196,1498.4519,620792528456048,620792561376934
928.34607,1553.3765,909.82196,1533.9015,620792561477455,620792594519694
939.1947,1493.2678,927.7537,1498.4519,620792594625944,620792636686413
914.3677,1455.9847,914.3677,1498.4519,620792636771361,620792665682403
933.87616,1436.6426,927.7537,1493.2678,620792665842871,620792694698809
929.1724,1453.8402,927.7537,1455.9847,620792694820996,620792739940944
906.4386,1406.3154,927.7537,1453.8402,620792740057767,620792772464486
935.3534,1364.876,927.7537,1453.8402,620792772648653,620792804315840
963.08545,1388.2744,927.7537,1406.3154,620792804459173,620792837739798
943.1511,1398.7235,935.3534,1398.7235,620792837896882,620792870834225
956.6934,1341.9072,943.1511,1398.7235,620792871023496,620792902879277
936.397,1328.0339,936.397,1398.7235,620792903071882,620792934648913
905.4806,1395.2043,936.397,1395.2043,620792934749538,620792964625007
918.12195,1413.4991,936.397,1398.7235,620792964806152,620792996390527
926.3294,1422.9862,926.3294,1398.7235,620792996553652,620793027477298
933.06476,1435.1958,933.06476,1413.4991,620793027578132,620793060495580
932.7541,1412.5813,932.7541,1412.5813,620793060598548,620793108797350
942.2749,1452.5206,933.06476,1413.4991,620793108889069,620793143565684
902.6569,1423.0282,932.7541,1413.4991,620793143710111,620793177086882
938.49243,1380.4707,933.06476,1413.4991,620793177587142,620793208767298
981.9867,1372.3853,933.06476,1413.4991,620793213061361,620793246883027
925.09534,1362.579,933.06476,1380.4707,620793247060632,620793281296621
965.85596,1399.653,933.06476,1399.653,620793281477767,620793314221882
988.46295,1428.2219,933.06476,1399.653,620793314389382,620793347734954
1009.8184,1414.3004,965.85596,1399.653,620793347910319,620793386150684
1000.1291,1334.8252,988.46295,1399.653,620793386261361,620793419592402
987.1418,1356.9125,987.1418,1399.653,620793419764590,620793460067194
996.938,1316.3678,988.46295,1356.9125,620793460168704,620793494750892
941.65155,1360.698,987.1418,1360.698,620793494930423,620793525904381
969.8133,1295.1915,987.1418,1356.9125,620793526001517,620793558977402
975.2963,1253.9757,975.2963,1356.9125,620793559079642,620793593011673
950.99493,1283.6315,975.2963,1295.1915,620793593120683,620793627175371
952.71246,1293.7999,975.2963,1293.7999,620793627312506,620793660786621
958.4566,1275.6979,958.4566,1293.7999,620793661271673,620793696489225
937.4059,1241.473,958.4566,1293.7999,620793696593496,620793733337871
934.77515,1196.0144,958.4566,1275.6979,620793733488496,620793763911725
939.52515,1133.3162,939.52515,1241.473,620793764076933,620793805405267
975.8177,1140.2401,958.4566,1196.0144,620793805528548,620793842768444
971.06024,1078.0426,958.4566,1140.2401,620793843706100,620793876687663
975.2886,1088.531,971.06024,1140.2401,620793876809225,620793912281829
976.35266,1075.3983,971.06024,1088.531,620793912440110,620793943789538
1002.6922,1043.1613,975.2886,1088.531,620793943934538,620793976392454
985.81976,1100.1956,976.35266,1088.531,620793976571465,620794008557246
954.663,1144.9994,975.2886,1088.531,620794008666204,620794040627871
965.25024,1169.7133,975.2886,1100.1956,620794041084850,620794074544329
952.0208,1156.8319,965.25024,1144.9994,620794075769225,620794109160110
958.00916,1143.4098,965.25024,1143.4098,620794109250996,620794156623444
977.3894,1150.4535,965.25024,1144.9994,620794156721725,620794189170683
995.71436,1146.1791,965.25024,1144.9994,620794189322662,620794233215267
965.9919,1157.2625,965.9919,1146.1791,620794233348860,620794262549433
969.80963,1147.7106,965.9919,1146.1791,620794262642767,620794294639433
941.13153,1105.39,965.9919,1146.1791,620794294772767,620794324996152
965.7258,1103.565,965.9919,1146.1791,620794325382402,620794358020787
981.37976,1126.8376,965.9919,1126.8376,620794358125787,620794390677089
1003.3933,1101.3867,965.9919,1126.8376,620794390771048,620794423947194
1029.3153,1104.0269,981.37976,1126.8376,620794424056985,620794457302975
1025.7083,1065.1324,1003.3933,1104.0269,620794457409746,620794490992662
974.23724,1063.1965,981.37976,1104.0269,620794491337662,620794522275944
988.5179,1038.653,988.5179,1065.1324,620794522370006,620794557732350
996.3248,1004.84534,988.5179,1063.1965,620794557865891,620794593836100
1004.9913,952.7363,988.5179,1038.653,620794594009381,620794642502141
1013.2923,936.7431,996.3248,1004.84534,620794643426829,620794686544902
1009.0881,919.7234,1004.9913,952.7363,620794686645579,620794722763652
1020.2819,918.8963,1009.0881,936.7431,620794722855787,620794755268756
997.21344,897.14655,1004.9913,919.7234,620794755373183,620794792282714
983.9046,925.7282,1004.9913,925.7282,620794792428808,620794825783860
1007.8946,912.3398,1004.9913,919.7234,620794825935683,620794859161516
1003.9233,878.6254,1004.9913,919.7234,620794859318391,620794892477558
1016.4651,900.42993,1004.9913,912.3398,620794892645579,620794928232141
1009.3313,911.996,1004.9913,911.996,620794928406152,620794960848548
1000.4498,870.5177,1004.9913,911.996,620794961023027,620794998016152
1026.8239,874.7555,1004.9913,911.996,620794998187089,620795031092454
1007.7708,906.503,1004.9913,906.503,620795031277714,620795064096516
997.6035,884.2656,1004.9913,906.503,620795064253912,620795094690058
993.01636,810.7437,1004.9913,906.503,620795094812089,620795127654954
1029.4197,852.5807,1004.9913,884.2656,620795128380214,620795161489589
1034.846,813.4537,1004.9913,852.5807,620795161589641,620795193101100
1009.476,817.0463,1009.476,852.5807,620795193753079,620795226872402
1004.4035,810.9401,1004.9913,817.0463,620795227026308,620795260210735
1005.349,838.3255,1005.349,838.3255,620795260390370,620795290077141
1008.2093,793.31726,1005.349,817.0463,620795290235214,620795326259433
1002.25916,708.3148,1005.349,817.0463,620795326422974,620795358859381
978.34674,805.33417,1005.349,805.33417,620795359042766,620795392433027
979.05585,699.5453,1002.25916,805.33417,620795392626985,620795424364485
981.99896,714.1618,981.99896,805.33417,620795424502714,620795454776047
971.3481,736.6379,981.99896,736.6379,620795454879016,620795487448183
988.2008,694.2289,981.99896,736.6379,620795487540422,620795537289120
992.4798,695.63776,981.99896,736.6379,620795537387870,620795571353651
1017.79535,713.7444,988.2008,713.7444,620795571441568,620795604242037
1000.25,635.7816,992.4798,713.7444,620795604355370,620795641021360
1001.0603,581.58325,1000.25,713.7444,620795641121672,620795671819954
1010.1727,542.1892,1000.25,635.7816,620795674121881,620795703668756
1004.64215,584.43713,1001.0603,584.43713,620795705800735,620795738925266
991.3778,561.86584,1000.25,584.43713,620795739791776,620795774001047
997.0805,536.3723,1000.25,584.43713,620795775696672,620795807877453
1012.9804,589.1156,1000.25,584.43713,620795809150422,620795840233235
1018.8372,560.48706,1000.25,584.43713,620795842845631,620795872250526
1011.5662,545.02576,1011.5662,584.43713,620795874112297,620795903702401
1013.4519,556.95184,1011.5662,560.48706,620795906562089,620795936560839
1006.4324,472.50732,1011.5662,556.95184,620795940578391,620795971436724
1024.7817,495.58487,1011.5662,556.95184,620795974597714,620796006275370
993.24414,496.9125,1011.5662,496.9125,620796007354485,620796039757505
1013.3872,515.4371,1011.5662,515.4371,620796040791933,620796070921828
986.8772,578.2546,1011.5662,515.4371,620796072889068,620796106402089
1001.8575,582.55597,1011.5662,515.4371,620796109233547,620796147315318
994.1517,510.2611,1001.8575,515.4371,620796147397714,620796180526568
1008.0315,518.6012,1008.0315,515.4371,620796182378078,620796217028026
1006.1366,474.83084,1006.1366,515.4371,620796217176203,620796248125110
1000.6911,525.207,1006.1366,515.4371,620796248221516,620796284982453
991.09766,499.38928,1006.1366,515.4371,620796285079276,620796317518339
980.4084,513.44763,1000.6911,515.4371,620796317672505,620796353618443
987.4333,537.05304,991.09766,515.4371,620796353741776,620796385129485
997.4198,583.1594,997.4198,515.4371,620796385216099,620796417021828
998.515,605.4249,997.4198,537.05304,620796417897818,620796462263078
982.4436,535.30804,997.4198,535.30804,620796462361255,620796495326099
986.01056,585.6404,997.4198,537.05304,620796495496776,620796528337037
1011.86755,527.1822,997.4198,535.30804,620796528440891,620796576505422
984.4925,420.94986,997.4198,535.30804,620796576600943,620796610404016
993.60913,419.55374,997.4198,527.1822,620796612296828,620796644292609
981.82605,379.2609,993.60913,420.94986,620796647867922,620796679836411
992.9269,345.93643,993.60913,419.55374,620796680155422,620796713743495
971.14655,311.33932,992.9269,379.2609,620796745156776,620796789719536
1003.0582,292.89377,993.60913,345.93643,620796790524120,620796823596828
981.59094,321.9462,992.9269,321.9462,620796823699797,620796855317974
991.4415,300.228,992.9269,321.9462,620796855408547,620796887369328
1001.4463,288.86093,992.9269,321.9462,620796887477088,620796920550526
993.30164,260.32632,992.9269,300.228,620796920672974,620796954800057
985.6151,268.6696,992.9269,288.86093,620796955348234,620796992941099
1001.1941,255.30959,992.9269,268.6696,620796993128963,620797027084588
992.5144,295.64157,992.9269,288.86093,620797027252141,620797065982036
999.74963,284.87125,992.9269,284.87125,620797066160057,620797106953495
997.90686,252.19785,992.9269,284.87125,620797107060109,620797140993338
1001.9476,250.10057,997.90686,284.87125,620797141133651,620797176675630
1009.877,278.3673,997.90686,278.3673,620797176851515,620797207458443
1014.2071,287.61652,1001.9476,284.87125,620797210855682,620797242262557
997.91376,294.6247,997.91376,284.87125,620797249416568,620797287178026
992.6554,285.21274,997.91376,285.21274,620797289072192,620797320240057
989.7364,273.93857,997.91376,284.87125,620797320965265,620797353297245
988.4582,260.27344,992.6554,284.87125,620797354322349,620797386947088
995.14294,259.6967,995.14294,273.93857,620797389266151,620797423854380
997.6107,270.3288,995.14294,270.3288,620797424065317,620797456616828
955.204,212.20097,995.14294,270.3288,620797456761203,620797488078182
951.2031,195.27654,995.14294,270.3288,620797488239484,620797521605474
945.28723,181.94583,955.204,212.20097,620797521768182,620797555890526
985.4169,170.92424,985.4169,195.27654,620797556109797,620797590844484
990.3431,162.3903,985.4169,181.94583,620797590970109,620797625297817
966.62933,170.30426,985.4169,170.92424,620797625412401,620797659569380
980.7063,167.09119,985.4169,170.30426,620797659674328,620797690109067
959.59174,166.70163,980.7063,170.30426,620797690277974,620797723946776
957.81396,186.22803,980.7063,170.30426,620797724199484,620797754411046
971.1748,204.06653,971.1748,170.30426,620797754507140,620797788367401
957.1926,188.02806,971.1748,186.22803,620797788534744,620797823282505
989.30566,223.79019,971.1748,188.02806,620797823370057,620797855407609
986.81476,204.60753,971.1748,188.02806,620797855548442,620797889054432
980.4883,235.04073,980.4883,204.60753,620797889169015,620797924231671
1001.19775,234.55458,980.4883,204.60753,620797924398494,620797959151203
995.5957,237.94601,980.4883,234.55458,620797959279588,620797992495161
994.9911,234.15607,994.9911,234.15607,620797992651567,620798028460369
988.5995,254.5566,988.5995,234.55458,620798028572557,620798059835421
990.49274,253.19348,990.49274,234.55458,620798060052661,620798096573651
991.7387,245.2058,990.49274,245.2058,620798096676723,620798133737244
999.7518,235.1149,990.49274,235.1149,620798133907296,620798165148338
994.48645,232.01498,991.7387,235.1149,620798165385005,620798221742765
972.8549,252.91278,990.49274,235.1149,620798221864380,620798255220213
988.6741,267.80423,990.49274,235.1149,620798255380421,620798286390057
990.2962,241.42274,990.2962,241.42274,620798286517244,620798320067609
989.60895,243.81947,990.2962,241.42274,620798320213078,620798354718286
997.8604,228.4119,990.2962,241.42274,620798354877244,620798391610525
991.90186,235.64581,990.2962,241.42274,620798391744015,620798426283807
983.1199,224.62802,990.2962,235.64581,620798426461880,620798460498807
1004.3221,217.20009,990.2962,235.64581,620798460663130,620798491703130
998.53784,228.7363,990.2962,228.7363,620798492842973,620798526149796
1000.3241,208.09772,998.53784,228.7363,620798526317348,620798590825057
1005.2813,229.4495,998.53784,228.7363,620798590942661,620798632930421
955.01904,247.15096,998.53784,228.7363,620798633077557,620798663472661
983.5383,230.26625,998.53784,229.4495,620798663580525,620798695364379
990.4604,209.78883,990.4604,228.7363,620798695479327,620798728446567
985.2636,221.12143,990.4604,228.7363,620798728548338,620798760556254
987.33624,226.13739,990.4604,226.13739,620798761306671,620798795173442
986.22253,252.37206,987.33624,228.7363,620798795289327,620798825634952
972.0469,215.40598,987.33624,226.13739,620798825783181,620798861107452
994.29865,218.22304,987.33624,226.13739,620798861210109,620798895546515
997.02893,219.25708,987.33624,219.25708,620798895645786,620798940427452
996.39685,218.87508,994.29865,219.25708,620798940511463,620798975026879
998.93195,231.33556,996.39685,219.25708,620798975186411,620799009141306
991.9375,212.12793,994.29865,219.25708,620799009322713,620799040634119
984.9944,216.76735,994.29865,219.25708,620799040757088,620799081047869
996.41296,206.11893,994.29865,216.76735,620799081613286,620799113452244
992.7035,219.3863,994.29865,219.25708,620799113573233,620799147495473
990.84955,214.64656,994.29865,216.76735,620799147655838,620799180850317
990.45325,207.04521,992.7035,216.76735,620799182290733,620799213367296
993.55194,193.01044,993.55194,214.64656,620799215030838,620799252056619
964.69293,195.30112,992.7035,207.04521,620799252149588,620799283569535
983.9175,194.57465,992.7035,195.30112,620799283698129,620799313708338
946.6982,219.18465,983.9175,207.04521,620799313799588,620799345388598
972.8809,212.93753,983.9175,207.04521,620799345633181,620799382182556
979.891,211.26048,979.891,211.26048,620799382276098,620799413828910
994.64575,217.1566,983.9175,211.26048,620799414200785,620799446604327
994.55444,204.54623,983.9175,211.26048,620799448554223,620799480288129
983.3235,203.62273,983.9175,211.26048,620799481541046,620799511098806
984.8143,208.40707,983.9175,208.40707,620799511187087,620799541564848
991.3151,192.10796,983.9175,208.40707,620799544354327,620799578038181
950.41113,189.19046,983.9175,208.40707,620799578972244,620799612788129
950.71985,204.5198,983.9175,204.5198,620799614184900,620799645067556
956.52106,166.13547,956.52106,204.5198,620799645828546,620799677982192
939.6604,203.1957,956.52106,204.5198,620799678804848,620799709936879
939.0009,212.0723,956.52106,204.5198,620799710016254,620799741369587
970.24304,212.01956,956.52106,204.5198,620799747345264,620799784635837
949.61884,199.53787,956.52106,204.5198,620799784776202,620799816156827
952.99054,214.05832,956.52106,204.5198,620799816266046,620799845467817
980.74786,203.70758,956.52106,204.5198,620799847373285,620799881737764
973.51874,200.982,956.52106,204.5198,620799881808129,620799913520994
991.0694,198.06999,973.51874,203.70758,620799914521514,620799948050264
959.8096,177.47592,959.8096,200.982,620799948615525,620799981694639
951.52686,174.59647,959.8096,198.06999,620799983207035,620800014519952
942.0274,199.98311,959.8096,199.98311,620800014685212,620800059045733
959.6024,183.54106,959.6024,198.06999,620800059122973,620800091736931
956.9679,197.33965,959.6024,198.06999,620800091853962,620800124889379
958.63306,195.5194,959.6024,197.33965,620800124985837,620800159149014
973.6597,199.31851,959.6024,198.06999,620800159227348,620800190980264
972.31305,198.94351,959.6024,198.06999,620800191084275,620800221965941
969.7403,191.89505,969.7403,198.06999,620800222134848,620800257921618
952.2239,191.32593,959.6024,198.06999,620800258011775,620800292786514
961.27295,193.59076,961.27295,193.59076,620800292891150,620800324650525
933.6213,212.13922,959.6024,198.06999,620800324750629,620800357089379
944.7681,208.43912,959.6024,198.06999,620800357199795,620800389953129
962.3127,191.04225,959.6024,198.06999,620800390049014,620800424891566
976.7817,210.64922,959.6024,198.06999,620800424991566,620800457653754
981.7478,203.07785,962.3127,198.06999,620800457747920,620800491171045
967.24664,194.29065,967.24664,198.06999,620800491292295,620800526656827
958.3753,200.18623,962.3127,198.06999,620800526833962,620800571474327
963.7944,194.948,963.7944,198.06999,620800571990004,620800604237347
936.5077,213.47656,962.3127,198.06999,620800605079639,620800637004639
957.2635,225.16035,962.3127,198.06999,620800637179587,620800667815785
982.3719,209.65471,962.3127,209.65471,620800667943962,620800700147035
977.0233,229.92123,962.3127,209.65471,620800700340264,620800730652452
940.51215,213.09521,962.3127,209.65471,620800730848910,620800764060004
954.1711,232.81024,962.3127,213.09521,620800764229379,620800796311827
925.53674,221.26141,954.1711,213.09521,620800796443754,620800830509014
941.81854,235.68408,954.1711,221.26141,620800830724743,620800868081931
932.168,200.73268,941.81854,213.09521,620800868257764,620800902018129
931.5028,221.07289,941.81854,221.07289,620800902196254,620800936506722
933.4061,231.47829,933.4061,221.07289,620800937640368,620800975401879
926.0319,228.53029,933.4061,221.07289,620800975564014,620801006237920
933.8208,222.00526,933.4061,222.00526,620801006354326,620801036908441
896.28156,228.74014,933.4061,222.00526,620801037102035,620801069596774
902.0452,207.7836,933.4061,222.00526,620801069783285,620801104318701
912.2716,231.16748,912.2716,222.00526,620801104505472,620801139020889
874.68646,235.70908,912.2716,222.00526,620801139110576,620801172784951
904.10425,215.31375,912.2716,222.00526,620801172865733,620801205304847
931.7754,230.3284,912.2716,222.00526,620801205463858,620801241321826
882.6409,238.29315,912.2716,222.00526,620801241413337,620801271482712
889.6844,245.76404,912.2716,230.3284,620801271583181,620801300505420
881.87354,224.33458,889.6844,224.33458,620801300623441,620801337096670
902.11194,246.14316,902.11194,230.3284,620801337237295,620801371730212
883.05396,248.56204,889.6844,230.3284,620801371837295,620801406548076
912.26807,238.7177,902.11194,238.7177,620801407410316,620801445190212
885.0536,237.12509,889.6844,237.12509,620801445273337,620801478768024
907.1467,217.37712,902.11194,237.12509,620801480488753,620801514965680
902.9594,208.40735,902.11194,237.12509,620801515042816,620801546947660
898.7587,249.08945,902.11194,237.12509,620801548046774,620801581604118
892.6079,240.41504,902.11194,237.12509,620801581744951,620801613963545
918.54114,247.38078,902.11194,240.41504,620801614113910,620801647183962
895.1595,238.42133,902.11194,238.42133,620801647324170,620801677393076
875.5228,230.42188,902.11194,238.42133,620801678990993,620801711971410
881.0834,259.10242,895.1595,238.42133,620801712132555,620801743371670
869.0506,239.90349,881.0834,238.42133,620801744159951,620801775364743
880.9082,262.6848,881.0834,239.90349,620801777294743,620801807637764
892.60406,239.48238,881.0834,239.48238,620801809418180,620801850001097
925.25494,235.27873,881.0834,239.48238,620801850092868,620801893782816
883.9586,242.5294,883.9586,239.48238,620801894206201,620801926663909
880.0177,267.5313,881.0834,239.48238,620801926766722,620801955499587
888.1095,279.24158,883.9586,242.5294,620801956544587,620801988961097
904.52893,254.39194,883.9586,254.39194,620801990853962,620802024818545
878.1631,268.13116,883.9586,254.39194,620802024995680,620802058640107
879.1467,273.16418,883.9586,254.39194,620802058753909,620802091766305
837.3301,292.7975,879.1467,268.13116,620802091925836,620802127760732
845.3317,306.47726,879.1467,273.16418,620802127929222,620802163320055
869.503,284.16147,869.503,284.16147,620802163483857,620802196107191
835.3687,299.86423,869.503,284.16147,620802196280628,620802225765472
877.8949,264.968,869.503,284.16147,620802225965211,620802256763441
863.6747,282.04013,869.503,284.16147,620802256935628,620802289380055
860.6948,274.24866,869.503,282.04013,620802289533545,620802325795420
886.49036,289.59387,869.503,284.16147,620802325977972,620802364325836
859.1598,309.38022,869.503,284.16147,620802365119066,620802400756461
877.789,307.07993,869.503,289.59387,620802400862920,620802431700211
872.95807,325.88065,869.503,307.07993,620802431888701,620802462254170
877.521,380.48666,872.95807,307.07993,620802462418232,620802492175055
863.1871,433.51782,869.503,325.88065,620802492359013,620802523113232
855.82794,480.9867,869.503,380.48666,620802523295055,620802558586618
885.66595,400.18805,869.503,400.18805,620802558776722,620802590770420
888.421,464.31808,869.503,400.18805,620802590949951,620802622364118
872.8614,476.8144,872.8614,400.18805,620802622549638,620802657416826
859.9144,424.4157,869.503,424.4157,620802657594847,620802697953388
854.901,429.67688,869.503,424.4157,620802698087347,620802733189117
888.5695,459.01813,869.503,424.4157,620802733347607,620802763808961
804.5095,444.1658,869.503,429.67688,620802764042867,620802797959795
888.2179,448.85495,869.503,444.1658,620802798137920,620802840712763
811.9513,466.24127,869.503,444.1658,620802840850263,620802872170263
833.4648,527.78564,869.503,448.85495,620802879508961,620802910970263
837.9595,513.18195,837.9595,466.24127,620802911065992,620802947491617
834.30444,525.34564,837.9595,513.18195,620802947629690,620802985247451
869.57324,604.9677,837.9595,513.18195,620802985413128,620803019372294
861.82587,554.3085,837.9595,525.34564,620803019870992,620803063841149
900.1518,560.14264,861.82587,554.3085,620803064156617,620803101326409
836.0276,586.62885,837.9595,554.3085,620803101420107,620803132467451
813.67505,537.1493,837.9595,554.3085,620803132628388,620803164487659
860.9775,606.9123,837.9595,554.3085,620803164633596,620803195596253
867.07324,630.09607,837.9595,554.3085,620803195783857,620803228232919
886.1249,627.3843,860.9775,606.9123,620803228398909,620803259709586
850.21674,663.0437,850.21674,627.3843,620803259828388,620803293450940
870.3596,652.8097,860.9775,627.3843,620803293608857,620803332655211
839.82355,662.2465,850.21674,652.8097,620803332757346,620803369791721
848.6009,660.8361,850.21674,652.8097,620803369979690,620803402727294
847.06793,659.74927,848.6009,659.74927,620803402832190,620803438152138
829.8365,704.5224,848.6009,659.74927,620803438315992,620803469083909
854.1664,694.5463,848.6009,659.74927,620803469250263,620803510875471
870.1243,702.2996,848.6009,694.5463,620803510958440,620803541449065
849.0221,735.7557,849.0221,694.5463,620803541537034,620803574138076
879.1276,687.8405,849.0221,694.5463,620803574225628,620803607508440
899.5951,692.1549,849.0221,694.5463,620803607661513,620803641881669
872.28265,736.2229,872.28265,694.5463,620803641983023,620803671967919
861.91156,738.9619,861.91156,694.5463,620803673006878,620803702720575
824.7036,688.64197,861.91156,694.5463,620803705744169,620803740458753
843.23944,759.45404,861.91156,694.5463,620803740555628,620803776594221
836.8096,756.89734,843.23944,694.5463,620803776681982,620803809633492
835.20703,776.10486,843.23944,756.89734,620803811587346,620803848996930
796.1359,771.405,836.8096,756.89734,620803849090419,620803883205159
819.42236,788.22797,835.20703,771.405,620803883310575,620803916883127
820.8986,803.8403,820.8986,771.405,620803917211669,620803955792971
819.00415,784.9688,820.8986,784.9688,620803955951669,620803987254430
841.77527,809.2203,820.8986,784.9688,620803987434898,620804019299430
803.60876,836.38794,820.8986,784.9688,620804019485992,620804052200002
865.4028,779.8217,820.8986,784.9688,620804052324742,620804086002815
792.08887,835.5525,820.8986,784.9688,620804086155211,620804117799325
784.5915,850.33826,820.8986,784.9688,620804117962398,620804148758804
794.27344,833.61346,794.27344,833.61346,620804148841773,620804182322346
776.19977,868.4857,794.27344,833.61346,620804182389794,620804216888232
754.37146,854.8612,794.27344,833.61346,620804217030784,620804248171461
798.7199,892.11523,794.27344,854.8612,620804248273492,620804297466409
802.8509,904.9049,794.27344,854.8612,620804297560471,620804331621461
804.00415,881.4092,798.7199,881.4092,620804331741565,620804362134325
773.48956,886.9904,794.27344,881.4092,620804362240575,620804395450784
807.3194,851.70465,798.7199,881.4092,620804395617138,620804427316513
781.42944,854.6848,794.27344,881.4092,620804427512659,620804458472659
819.87885,911.76575,798.7199,881.4092,620804458644065,620804490554273
790.89825,919.7159,794.27344,881.4092,620804490734846,620804522288648
795.019,956.3918,795.019,911.76575,620804522456617,620804559929950
782.6108,976.7257,794.27344,919.7159,620804560195940,620804595469221
773.803,969.6942,794.27344,956.3918,620804595653283,620804626930315
776.64844,1014.32684,782.6108,969.6942,620804627104273,620804661257190
765.09424,1083.5934,776.64844,969.6942,620804661405263,620804694168179
705.159,1019.2968,776.64844,1014.32684,620804694302554,620804726848335
723.17804,1063.5481,765.09424,1019.2968,620804727322658,620804758760575
734.47675,1146.2231,734.47675,1019.2968,620804758885002,620804795174169
763.86676,1096.6246,763.86676,1063.5481,620804795396304,620804831118648
735.67694,1099.4929,735.67694,1096.6246,620804831211148,620804863929481
758.4335,1096.8617,758.4335,1096.6246,620804864041200,620804911563231
774.15515,1066.1804,758.4335,1096.6246,620804911673023,620804946443960
803.3467,1046.7759,758.4335,1096.6246,620804946534898,620804980046617
768.4065,1068.7585,768.4065,1068.7585,620804980132867,620805013261773
757.40344,1106.7015,758.4335,1096.6246,620805013340627,620805048330262
720.0495,1111.8015,758.4335,1096.6246,620805048460523,620805081946200
663.54956,1137.0459,757.40344,1106.7015,620805082038335,620805118631252
683.3412,1157.6943,720.0495,1111.8015,620805118793804,620805153006877
674.96857,1136.0703,683.3412,1136.0703,620805153186773,620805185744325
662.0546,1152.0977,683.3412,1136.0703,620805185889429,620805216350939
681.99036,1188.1357,681.99036,1136.0703,620805216492867,620805248563856
703.3354,1185.1199,683.3412,1152.0977,620805248709846,620805286520158
708.76556,1194.3251,683.3412,1185.1199,620805286619689,620805319470575
721.683,1225.9116,703.3354,1185.1199,620805319639117,620805352189064
664.7945,1207.82,683.3412,1194.3251,620805352336408,620805386200679
674.19135,1232.3878,683.3412,1207.82,620805386295783,620805419544169
661.60516,1226.098,674.19135,1207.82,620805419708231,620805451625471
635.33655,1300.1156,674.19135,1226.098,620805451761408,620805487969950
632.743,1286.1943,661.60516,1226.098,620805488181408,620805523325627
609.0415,1255.7435,635.33655,1255.7435,620805523505158,620805556392450
665.42993,1299.6215,661.60516,1255.7435,620805556627710,620805586359012
689.84955,1280.4491,661.60516,1255.7435,620805586522814,620805620872398
628.0711,1244.6548,661.60516,1255.7435,620805620968127,620805657968023
637.7288,1363.2131,661.60516,1255.7435,620805658156148,620805691343231
616.73956,1380.8114,637.7288,1255.7435,620805691511825,620805722541512
629.5146,1358.7257,637.7288,1358.7257,620805722748335,620805757540991
635.46,1350.2805,635.46,1350.2805,620805757645991,620805789808491
616.79803,1344.1909,635.46,1350.2805,620805789989533,620805820996720
658.5058,1382.4908,635.46,1350.2805,620805821182762,620805852697502
639.43036,1332.484,635.46,1350.2805,620805852873491,620805889010627
665.8616,1403.4807,639.43036,1350.2805,620805889208179,620805924424898
635.8748,1388.0647,635.8748,1350.2805,620805924591564,620805959861304
556.88635,1405.0703,635.8748,1388.0647,620805960185262,620805990623908
642.6583,1454.055,635.8748,1388.0647,620805990824637,620806026531616
601.06006,1408.8815,635.8748,1405.0703,620806026645002,620806059293439
603.61414,1486.4363,635.8748,1408.8815,620806059481720,620806093290418
646.1354,1457.2504,635.8748,1408.8815,620806093408439,620806126575314
621.01306,1406.9171,635.8748,1408.8815,620806126682814,620806159276512
654.9698,1482.645,635.8748,1408.8815,620806159387397,620806204491825
621.81537,1517.8376,635.8748,1408.8815,620806205197241,620806241753283
612.28973,1529.8477,635.8748,1482.645,620806241841095,620806274447918
572.5508,1494.0613,621.81537,1494.0613,620806274526252,620806308602918
667.4917,1561.014,635.8748,1494.0613,620806308778908,620806344409116
651.5521,1632.2441,635.8748,1494.0613,620806344606043,620806377229689
665.47736,1596.9866,651.5521,1561.014,620806377331199,620806410615002
644.6628,1574.1742,644.6628,1574.1742,620806411466147,620806446851564
609.4181,1536.4775,644.6628,1561.014,620806446941304,620806482299376
524.95135,1540.68,644.6628,1561.014,620806482465470,620806516526095
551.51294,1585.1316,609.4181,1561.014,620806516682918,620806550110522
633.9285,1519.4899,633.9285,1561.014,620806550251095,620806581628699
621.9838,1552.275,621.9838,1561.014,620806581744897,620806619758283
632.3053,1513.2372,632.3053,1552.275,620806619957293,620806652589168
622.875,1611.9032,622.875,1561.014,620806652756824,620806694398647
599.4303,1616.4595,622.875,1561.014,620806694505574,620806750645053
548.41705,1655.082,622.875,1611.9032,620806750762710,620806783916981
518.5924,1687.7079,599.4303,1616.4595,620806784058387,620806818308231
534.1923,1700.3643,548.41705,1655.082,620806818473074,620806851111199
576.9455,1713.089,576.9455,1687.7079,620806851270626,620806884468699
547.3702,1698.0812,548.41705,1698.0812,620806884650001,620806918091980
538.5099,1685.6311,548.41705,1687.7079,620806918273335,620806949978074
532.09314,1647.372,547.3702,1687.7079,620806950082918,620806981360522
520.6995,1618.2042,538.5099,1685.6311,620806981545314,620807014827397
536.4294,1693.7563,536.4294,1687.7079,620807014965262,620807048449220
559.131,1641.5607,538.5099,1685.6311,620807048532033,620807079625991
555.0203,1643.6135,538.5099,1685.6311,620807079720001,620807111270262
546.4784,1636.2137,546.4784,1643.6135,620807111389168,620807142313491
532.0229,1698.278,538.5099,1685.6311,620807142745939,620807175998751
496.97363,1750.1096,538.5099,1685.6311,620807176366512,620807210257397
511.36273,1752.5323,532.0229,1698.278,620807210397345,620807245328439
504.66205,1697.7408,511.36273,1697.7408,620807247694272,620807284561355
533.44226,1780.2714,532.0229,1698.278,620807284720939,620807316126616
544.38245,1732.5378,532.0229,1698.278,620807316285209,620807348257397
533.2546,1791.2601,533.2546,1732.5378,620807348424376,620807378676772
517.8779,1707.1868,532.0229,1707.1868,620807378814012,620807407252866
519.4972,1728.3999,532.0229,1728.3999,620807413812449,620807447659116
528.2221,1795.484,528.2221,1728.3999,620807447822397,620807480072970
496.60712,1786.2032,528.2221,1728.3999,620807480170626,620807511560314
513.19415,1806.448,528.2221,1786.2032,620807511648699,620807542517293
513.70605,1820.9174,513.70605,1786.2032,620807542670678,620807576868178
534.44525,1784.6249,528.2221,1786.2032,620807578931459,620807612742084
543.78827,1809.9071,528.2221,1786.2032,620807612820834,620807645559584
519.2077,1754.8276,528.2221,1786.2032,620807645705782,620807684189376
533.6502,1783.864,528.2221,1786.2032,620807684288074,620807716891980
525.0806,1852.7163,528.2221,1786.2032,620807717056824,620807749553178
522.29474,1846.3215,528.2221,1786.2032,620807749705834,620807781120001
533.2857,1776.0671,528.2221,1786.2032,620807781217345,620807811533282
520.69885,1751.8604,528.2221,1786.2032,620807811649741,620807843269845
468.4963,1731.3643,528.2221,1776.0671,620807843409897,620807875038282
457.1181,1806.0626,520.69885,1786.2032,620807875174116,620807907695991
500.614,1788.608,500.614,1786.2032,620807909302761,620807943270261
498.154,1813.4186,500.614,1788.608,620807943400522,620807974279897
511.1649,1819.9984,500.614,1788.608,620807974444897,620808011093438
475.79648,1855.4543,500.614,1813.4186,620808011176199,620808044789428
449.99515,1868.9363,500.614,1819.9984,620808044961459,620808076096407
497.09982,1864.562,497.09982,1855.4543,620808077681824,620808117120574
494.7964,1881.2358,497.09982,1864.562,620808117209011,620808151126251
504.97745,1854.8296,497.09982,1855.4543,620808151285053,620808182164324
462.576,1835.2429,497.09982,1855.4543,620808182258230,620808214362813
448.9083,1879.9681,497.09982,1855.4543,620808214449428,620808244278386
452.87006,1821.6227,462.576,1855.4543,620808244411928,620808279932813
461.4923,1866.3694,461.4923,1855.4543,620808280651876,620808313683386
473.1887,1878.675,462.576,1855.4543,620808313926772,620808347538855
445.66815,1916.117,461.4923,1866.3694,620808348370678,620808381033490
431.71735,1881.5781,461.4923,1878.675,620808381179584,620808412801042
441.89627,1884.1642,445.66815,1881.5781,620808414378542,620808447906199
432.9936,1914.2715,441.89627,1881.5781,620808448126355,620808480392969
456.42798,1900.703,445.66815,1884.1642,620808480529376,620808513733699
423.81396,1960.2303,441.89627,1900.703,620808513883699,620808546749063
505.35678,1904.7102,445.66815,1900.703,620808546933751,620808579925157
480.32745,1885.1501,445.66815,1900.703,620808580122032,620808614360209
440.87952,1917.8303,445.66815,1900.703,620808614457969,620808648628646
369.38272,1940.1353,445.66815,1900.703,620808648783074,620808682796771
378.89755,1929.0981,440.87952,1917.8303,620808682903178,620808716161928
393.2096,1938.3191,393.2096,1929.0981,620808716332344,620808747514532
410.52756,1944.9683,410.52756,1929.0981,620808747654428,620808782163178
390.2896,1984.4016,393.2096,1938.3191,620808782273803,620808814601303
452.1624,1953.8092,410.52756,1944.9683,620808814776303,620808849349740
456.07782,1939.0533,410.52756,1939.0533,620808849533855,620808886519115
463.95895,1955.7439,452.1624,1944.9683,620808886686771,620808918913230
476.792,1958.6338,456.07782,1944.9683,620808919017240,620808952800834
464.52838,1956.7622,463.95895,1955.7439,620808952901980,620808985156042
466.98978,1960.9108,464.52838,1956.7622,620808985267344,620809019680053
422.65857,1972.5748,463.95895,1956.7622,620809019788282,620809053490001
473.52142,1949.7651,464.52838,1956.7622,620809053586459,620809096211823
483.1002,1978.6183,464.52838,1956.7622,620809096320782,620809126416094
471.92245,1959.7732,471.92245,1956.7622,620809126530053,620809155771823
441.78833,1952.6896,464.52838,1956.7622,620809155963490,620809188890417
407.0798,1995.0555,464.52838,1956.7622,620809189063490,620809221728907
401.80154,1966.7484,441.78833,1956.7622,620809221867292,620809252765313
396.27594,1991.7098,407.0798,1966.7484,620809252879219,620809287000521
413.11008,2028.8182,413.11008,1966.7484,620809287095105,620809318059323
480.01282,1995.1118,413.11008,1991.7098,620809318160677,620809351020730
474.55536,2011.1876,413.11008,1995.1118,620809351113959,620809383035209
417.72125,2032.656,417.72125,1995.1118,620809383145000,620809414905261
444.2683,2041.8492,417.72125,2011.1876,620809414997813,620809447272969
418.65793,2051.0496,417.72125,2032.656,620809447383698,620809483143490
394.4243,2034.4365,417.72125,2034.4365,620809483256302,620809516084479
372.8581,2045.3562,417.72125,2034.4365,620809516191719,620809549628229
336.84586,2058.7825,394.4243,2034.4365,620809549725886,620809581635469
397.79724,2014.9951,397.79724,2034.4365,620809581775834,620809623239011
391.85168,1974.731,394.4243,2034.4365,620809623398386,620809654448229
380.48953,1957.3365,394.4243,2014.9951,620809654624532,620809686467240
367.74353,2012.7852,391.85168,2012.7852,620809686617865,620809719704011
361.67386,2042.7823,380.48953,2014.9951,620809719847448,620809751990521
359.05258,2058.218,367.74353,2014.9951,620809752487969,620809784694115
349.3595,2051.1553,361.67386,2042.7823,620809784804219,620809816815573
414.55444,2049.7004,367.74353,2049.7004,620809816921302,620809848777969
380.04816,2097.612,367.74353,2049.7004,620809848879948,620809882372761
394.03345,2070.8806,380.04816,2049.7004,620809882479063,620809915473750
383.65668,2049.7869,380.04816,2049.7869,620809916058542,620809949141511
439.74966,2085.2896,383.65668,2049.7869,620809949237656,620809985371198
421.59103,2023.5221,383.65668,2049.7869,620809985545417,620810022561615
390.4987,2054.6555,390.4987,2049.7869,620810022662188,620810054956250
377.86758,2068.7053,383.65668,2049.7869,620810055057083,620810086490886
389.1339,2098.2266,389.1339,2054.6555,620810086679323,620810116838542
415.15945,2082.5571,389.1339,2068.7053,620810116949844,620810152552135
398.18118,2028.4908,389.1339,2054.6555,620810152648438,620810187462344
411.7303,2051.9497,398.18118,2054.6555,620810187635677,620810222045938
396.95795,2080.172,396.95795,2054.6555,620810222234479,620810252878542
365.67377,2089.663,396.95795,2054.6555,620810253039948,620810284451771
338.56192,2099.4463,396.95795,2080.172,620810284584792,620810317620521
295.75497,2082.774,365.67377,2082.774,620810317727083,620810355058490
339.9633,2072.297,339.9633,2080.172,620810355227083,620810388595729
343.40097,2076.274,343.40097,2080.172,620810388710937,620810420105417
407.98993,2084.738,343.40097,2080.172,620810420271771,620810455863125
394.5451,2060.5352,343.40097,2080.172,620810455972760,620810491785573
369.89957,2056.3215,369.89957,2080.172,620810491884844,620810522891198
357.74585,2032.7041,357.74585,2060.5352,620810523039844,620810555304479
358.16275,2061.7476,358.16275,2061.7476,620810555449479,620810588435417
384.55243,2085.8638,358.16275,2061.7476,620810588595156,620810621086823
402.6201,2099.2485,358.16275,2061.7476,620810621236406,620810655201562
390.6708,2055.0815,384.55243,2061.7476,620810655364583,620810687343698
385.1506,2103.916,385.1506,2061.7476,620810687524792,620810724993437
370.80295,2100.3567,384.55243,2061.7476,620810725166927,620810754660781
353.50293,2118.9568,384.55243,2100.3567,620810754835417,620810784382396
287.68533,2039.5648,370.80295,2061.7476,620810784513177,620810816618489
310.62766,2053.3203,353.50293,2061.7476,620810816819479,620810851536927
332.33807,2059.482,332.33807,2059.482,620810851704896,620810884428802
344.31598,2049.5234,344.31598,2059.482,620810884591406,620810919960104
354.1489,2059.3594,344.31598,2059.482,620810920179062,620810950384271
366.17862,2057.9126,344.31598,2059.3594,620810950571875,620810985849375
342.92078,2084.23,344.31598,2059.482,620810985946823,620811017687396
359.3856,2024.912,344.31598,2059.3594,620811017876510,620811054953593
398.68036,2103.0417,344.31598,2059.482,620811055065937,620811089170208
382.33505,2094.218,359.3856,2059.482,620811089364375,620811122135885
389.78284,2088.297,382.33505,2088.297,620811122317968,620811157909375
371.6538,2122.8323,371.6538,2088.297,620811158069218,620811189701927
336.27505,2105.2625,371.6538,2088.297,620811189850885,620811222288229
343.2345,2118.5437,371.6538,2105.2625,620811222406927,620811256400312
313.2341,2087.3523,343.2345,2088.297,620811256586614,620811285922552
298.32864,2118.4597,343.2345,2105.2625,620811286079427,620811317885468
325.83844,2122.7505,325.83844,2105.2625,620811318032968,620811350533073
348.6599,2094.1963,343.2345,2105.2625,620811350717500,620811383635573
367.4176,2125.2764,343.2345,2105.2625,620811384969270,620811420580625
361.5707,2124.0654,348.6599,2105.2625,620811420669583,620811451485000
353.024,2122.6868,353.024,2122.6868,620811451623698,620811484753281
346.0179,2117.2979,348.6599,2117.2979,620811484936718,620811518048541
309.8142,2130.7966,348.6599,2122.6868,620811518224010,620811549676822
347.03537,2152.839,347.03537,2122.6868,620811549818593,620811582392604
319.27335,2120.8264,347.03537,2122.6868,620811582567760,620811613786875
297.52194,2131.766,347.03537,2122.6868,620811613877760,620811648684947
279.8713,2094.2732,319.27335,2122.6868,620811648844687,620811682973281
294.36246,2141.6619,297.52194,2122.6868,620811683139843,620811713393802
294.15405,2157.7495,294.36246,2122.6868,620811713471249,620811745811927
347.90408,2132.049,297.52194,2132.049,620811745922968,620811777544218
313.44165,2139.7024,297.52194,2132.049,620811777684218,620811813093020
270.05286,2153.1917,297.52194,2132.049,620811813178177,620811874981458
297.87048,2123.9426,297.52194,2132.049,620811875089895,620811907237708
309.45413,2120.0288,297.52194,2132.049,620811907407708,620811943307031
280.02304,2098.769,297.52194,2123.9426,620811945027395,620811978805520
267.4478,2094.1982,297.52194,2120.0288,620811978890416,620812012832239
285.61996,2112.1013,285.61996,2112.1013,620812012928281,620812045844895
258.3077,2128.7375,285.61996,2120.0288,620812046668645,620812082962083
320.00275,2142.123,285.61996,2120.0288,620812083139687,620812115894426
288.71362,2121.5535,285.61996,2121.5535,620812116132499,620812148426353
291.95792,2080.1113,288.71362,2120.0288,620812148560624,620812182918697
300.67322,2095.0247,288.71362,2120.0288,620812183064739,620812216702968
292.0491,2072.6406,291.95792,2095.0247,620812216789062,620812248485728
298.0847,2100.8787,292.0491,2100.8787,620812248988801,620812281513072
269.123,2119.9717,291.95792,2100.8787,620812281698541,620812314658749
282.55927,2111.5386,291.95792,2100.8787,620812314787447,620812360048333
282.4976,2087.1565,282.55927,2100.8787,620812360163228,620812392193905
315.2445,2087.6409,291.95792,2100.8787,620812392636093,620812422924999
295.37665,2077.2751,291.95792,2087.6409,620812423038020,620812455362864
288.634,2069.245,291.95792,2087.6409,620812455471614,620812487098437
265.0737,2112.3467,291.95792,2087.6409,620812487557760,620812518934999
253.85081,2076.04,288.634,2087.6409,620812519027603,620812550524583
293.31198,2095.7136,291.95792,2087.6409,620812550632395,620812584948020
284.257,2070.8813,288.634,2087.6409,620812585055364,620812617426614
313.1142,2076.7498,291.95792,2087.6409,620812617518697,620812647989166
321.87692,2066.0935,291.95792,2076.7498,620812648266770,620812681452187
345.06946,2068.7615,313.1142,2076.7498,620812681557968,620812714314739
307.94592,2097.2236,307.94592,2076.7498,620812715838385,620812747462291
315.42783,2079.33,313.1142,2076.7498,620812747652864,620812779792707
333.79938,2098.5974,313.1142,2079.33,620812779948593,620812815894634
347.13513,2082.9673,315.42783,2079.33,620812816093541,620812855506353
311.85437,2081.4512,313.1142,2081.4512,620812855613228,620812887337864
339.77234,2157.0388,315.42783,2081.4512,620812888309322,620812918401666
311.0124,2112.0603,313.1142,2081.4512,620812918548332,620812950031874
264.07254,2087.123,313.1142,2087.123,620812950124999,620812982860832
273.09937,2114.7673,311.0124,2087.123,620812982963332,620813014540468
303.37933,2105.226,303.37933,2087.123,620813014665728,620813047666926
254.51768,2046.2712,303.37933,2087.123,620813047749530,620813081684426
274.44922,2092.2087,303.37933,2087.123,620813081912134,620813114862082
298.1498,2102.2117,298.1498,2087.123,620813115022395,620813150053697
290.00528,2119.407,298.1498,2092.2087,620813150198749,620813182690416
317.33835,2081.4155,298.1498,2087.123,620813182852916,620813216516874
289.30524,2055.4392,298.1498,2087.123,620813216606457,620813249428436
260.47406,2100.8567,298.1498,2087.123,620813249525311,620813280742707
274.77625,2044.9095,289.30524,2087.123,620813280926926,620813314862863
290.52426,2049.2004,290.52426,2087.123,620813314961770,620813350087238
292.64737,2102.556,290.52426,2087.123,620813350236197,620813383087655
329.1918,2095.1086,290.52426,2087.123,620813383259634,620813414677082
284.7063,2099.9568,290.52426,2095.1086,620813414784322,620813448754530
263.29633,2100.3574,290.52426,2095.1086,620813448869582,620813480387811
269.8112,2065.923,284.7063,2095.1086,620813480480832,620813512089478
277.54517,2114.7744,277.54517,2095.1086,620813512894374,620813544194738
231.5064,2097.9883,277.54517,2095.1086,620813544345207,620813573943957
243.75017,2081.4612,277.54517,2095.1086,620813574042551,620813604587343
223.43419,2097.6252,243.75017,2095.1086,620813605599582,620813639877759
236.54208,2067.978,243.75017,2095.1086,620813640128697,620813671993436
188.8533,2062.0686,236.54208,2095.1086,620813672165676,620813703418124
187.26114,2056.876,236.54208,2067.978,620813703506040,620813736280207
218.07906,2076.5588,218.07906,2076.5588,620813738792134,620813772232915
185.34627,2077.8062,218.07906,2076.5588,620813772320051,620813806688592
245.06677,2101.469,218.07906,2076.5588,620813809193436,620813850542655
269.169,2053.6013,218.07906,2076.5588,620813850678072,620813885189999
220.96126,2030.7372,220.96126,2076.5588,620813885352603,620813918119999
250.66022,2029.0647,220.96126,2053.6013,620813918286092,620813953838176
222.44945,2034.6461,220.96126,2034.6461,620813954015936,620813985361926
251.26889,2001.2642,222.44945,2034.6461,620813985451978,620814017997342
264.5461,2008.5981,222.44945,2034.6461,620814018177342,620814050559686
239.43481,2039.7421,239.43481,2034.6461,620814050737707,620814086109999
266.31442,2032.7958,239.43481,2034.6461,620814086252499,620814121846717
269.4679,2026.9972,239.43481,2034.6461,620814121961769,620814157022134
244.8974,2038.4462,244.8974,2034.6461,620814157122863,620814189612863
272.33737,1961.591,244.8974,2034.6461,620814189724999,620814218927082
280.81888,2016.6865,244.8974,2034.6461,620814219112186,620814275219061
253.69283,1969.8075,253.69283,2016.6865,620814275410936,620814313253228
240.97696,1982.7161,244.8974,2016.6865,620814313397915,620814345963332
260.98618,1961.3444,253.69283,1982.7161,620814346058280,620814383075155
291.3246,1947.5599,253.69283,1982.7161,620814383209842,620814423169946
252.1706,1946.2278,253.69283,1961.3444,620814423315623,620814455416561
307.2661,1938.4648,253.69283,1947.5599,620814455526873,620814486627342
312.34293,1901.1183,253.69283,1946.2278,620814486743123,620814518116978
310.3612,1934.7819,307.2661,1938.4648,620814518233176,620814550310311
289.85107,1941.8607,289.85107,1941.8607,620814550481561,620814582989373
316.98712,1931.0142,307.2661,1938.4648,620814583155519,620814613453540
294.13937,1944.1864,294.13937,1941.8607,620814613544686,620814646896144
227.55946,1984.6655,294.13937,1941.8607,620814646995832,620814678905155
273.91693,1951.918,294.13937,1944.1864,620814679014530,620814712967550
270.8088,1982.4629,273.91693,1951.918,620814713143071,620814746570311
282.5871,1973.0101,282.5871,1951.918,620814746681300,620814780608436
342.58408,1938.405,282.5871,1951.918,620814780699165,620814815615207
346.35593,1907.401,282.5871,1951.918,620814815712134,620814850678540
262.81696,1974.29,282.5871,1951.918,620814850842342,620814884462707
293.39792,1911.7037,282.5871,1951.918,620814884631769,620814918129738
262.34726,1900.0385,282.5871,1951.918,620814918308227,620814950169217
279.23642,1852.6266,282.5871,1911.7037,620814950358540,620814981361509
269.1658,1851.3518,279.23642,1900.0385,620814981447394,620815015358384
254.65657,1811.5405,279.23642,1852.6266,620815015514217,620815047305779
267.75528,1880.4309,269.1658,1880.4309,620815047414894,620815079263488
254.76178,1896.2618,267.75528,1880.4309,620815079356821,620815111748384
253.27316,1882.0261,267.75528,1880.4309,620815111856196,620815145518436
249.32323,1836.6107,254.76178,1880.4309,620815145602238,620815178458123
224.47868,1866.3048,253.27316,1880.4309,620815178639217,620815212412811
221.81581,1890.9897,249.32323,1880.4309,620815212573696,620815253952654
232.54716,1890.8536,232.54716,1880.4309,620815254054477,620815290444842
239.03424,1851.1855,239.03424,1880.4309,620815290611821,620815324751092
200.27785,1909.0225,232.54716,1880.4309,620815324905050,620815360283696
224.7607,1848.4591,232.54716,1880.4309,620815360453644,620815391579373
229.51834,1826.8441,229.51834,1880.4309,620815391757759,620815430877394
221.6184,1827.1506,229.51834,1848.4591,620815431039581,620815463868904
194.71466,1828.7002,229.51834,1828.7002,620815463983175,620815494129113
214.73552,1868.252,221.6184,1848.4591,620815494232811,620815527429998
246.28642,1804.7185,229.51834,1828.7002,620815527592133,620815558553904
210.29762,1782.0021,221.6184,1828.7002,620815558694165,620815590691717
236.95465,1790.6814,229.51834,1804.7185,620815590879165,620815622943696
217.59157,1861.6953,221.6184,1828.7002,620815623125154,620815652515363
222.98108,1714.8453,222.98108,1804.7185,620815652623019,620815685153852
221.83035,1699.4208,221.83035,1804.7185,620815685264529,620815719587133
256.59747,1727.398,222.98108,1727.398,620815721128800,620815756479529
244.3586,1711.7495,222.98108,1727.398,620815756593540,620815787670727
261.26828,1671.251,244.3586,1727.398,620815787838175,620815819740467
274.83533,1704.7141,244.3586,1711.7495,620815819844425,620815851346560
252.44762,1687.7103,252.44762,1704.7141,620815851455415,620815896257862
244.9742,1698.6405,244.9742,1704.7141,620815896382915,620815926088071
219.26244,1707.8108,244.9742,1704.7141,620815926180935,620815960253644
230.9041,1699.312,244.9742,1704.7141,620815960339373,620815989591092
241.70526,1645.6497,241.70526,1704.7141,620815989722810,620816023948175
240.87535,1650.805,241.70526,1699.312,620816024216873,620816054766404
239.75388,1648.9362,241.70526,1650.805,620816054952914,620816084276560
232.67989,1704.1774,240.87535,1699.312,620816084379737,620816115820154
209.27057,1713.8826,239.75388,1699.312,620816115928383,620816150251664
234.09378,1678.6715,234.09378,1699.312,620816150346300,620816184805519
235.48851,1736.1234,235.48851,1699.312,620816184901196,620816217402654
219.63199,1716.9907,234.09378,1699.312,620816217508800,620816251566612
218.06543,1702.6356,234.09378,1702.6356,620816251660310,620816284581769
219.49307,1765.2496,219.63199,1702.6356,620816284671769,620816318770675
241.68214,1649.1069,234.09378,1702.6356,620816319922654,620816350345362
249.89285,1673.2091,234.09378,1702.6356,620816350450987,620816382753539
244.65176,1746.6832,241.68214,1702.6356,620816382865258,620816429168331
302.01678,1692.3212,244.65176,1702.6356,620816429256769,620816459671821
259.66174,1698.1565,244.65176,1702.6356,620816459882758,620816490277289
229.227,1681.603,244.65176,1698.1565,620816490440154,620816525262446
252.4552,1653.456,244.65176,1698.1565,620816525389529,620816559774425
278.13773,1633.9165,244.65176,1681.603,620816559879425,620816599541196
256.96948,1594.848,252.4552,1653.456,620816599633331,620816629327289
270.15524,1614.3649,256.96948,1633.9165,620816629434581,620816663402862
241.66473,1666.6818,252.4552,1653.456,620816663521508,620816696563435
266.27985,1593.7156,256.96948,1633.9165,620816697843539,620816728835675
271.86328,1558.4114,256.96948,1633.9165,620816732110050,620816764625831
297.81668,1568.7076,266.27985,1593.7156,620816766376091,620816799491612
329.44443,1587.529,271.86328,1587.529,620816800260623,620816833612393
273.82468,1516.0413,273.82468,1587.529,620816834528643,620816869182237
298.6777,1526.3589,273.82468,1587.529,620816870539216,620816903064112
265.77548,1566.815,273.82468,1566.815,620816903196404,620816933256768
235.75159,1576.3094,273.82468,1576.3094,620816935367654,620816966887029
255.01006,1594.6289,265.77548,1576.3094,620816968766143,620817001019529
309.6318,1544.9557,273.82468,1576.3094,620817002295518,620817031761195
268.06927,1507.287,268.06927,1576.3094,620817032180102,620817065098695
311.57846,1491.5336,273.82468,1544.9557,620817066374633,620817103481664
290.44366,1508.67,273.82468,1508.67,620817103571195,620817140789789
277.79578,1475.7496,277.79578,1508.67,620817140946768,620817174015935
295.5708,1534.9463,277.79578,1508.67,620817174095414,620817206466664
285.69733,1508.9095,277.79578,1508.67,620817206630883,620817242541247
279.17004,1532.4884,279.17004,1508.9095,620817242635466,620817275361768
287.45163,1461.9567,279.17004,1508.67,620817275523018,620817307168227
344.32825,1410.1272,279.17004,1508.67,620817307936820,620817341144112
308.30203,1403.973,287.45163,1461.9567,620817342089320,620817371562810
321.0831,1393.899,308.30203,1410.1272,620817371713487,620817404493851
281.14703,1433.6627,287.45163,1433.6627,620817404677289,620817436932133
249.05061,1471.9824,287.45163,1433.6627,620817437095518,620817469598747
283.4523,1427.9601,283.4523,1433.6627,620817471251039,620817502238695
300.05264,1414.0768,287.45163,1433.6627,620817502403747,620817534875831
335.17645,1360.795,287.45163,1427.9601,620817535759893,620817569638591
372.70877,1388.1532,300.05264,1414.0768,620817569784476,620817602727810
363.04752,1357.0715,335.17645,1388.1532,620817602817028,620817631825258
372.37387,1348.7576,363.04752,1388.1532,620817633053903,620817670091716
344.03433,1315.3143,344.03433,1357.0715,620817670196039,620817700660101
383.394,1331.9535,363.04752,1348.7576,620817702186612,620817734139320
322.9039,1352.1471,344.03433,1352.1471,620817736620987,620817769166351
326.5486,1345.3859,344.03433,1348.7576,620817770012758,620817801501976
356.79453,1368.2894,344.03433,1352.1471,620817801614112,620817836118226
349.43448,1310.0223,344.03433,1348.7576,620817836218591,620817871563591
335.63297,1194.4923,344.03433,1348.7576,620817871671612,620817904467133
301.01718,1161.3435,344.03433,1310.0223,620817904559424,620817936220153
373.51434,1140.4004,344.03433,1194.4923,620817936824737,620817971348903
371.30823,1122.352,344.03433,1161.3435,620817971449424,620818019606039
352.1992,1081.6482,352.1992,1140.4004,620818019697497,620818051652862
382.16357,1054.9349,352.1992,1122.352,620818051812705,620818085384164
409.98987,1033.1388,352.1992,1081.6482,620818085543591,620818117322185
423.089,1043.2179,382.16357,1054.9349,620818117510414,620818149722757
458.13278,1023.01105,409.98987,1043.2179,620818149882653,620818183479372
397.05978,1107.2302,397.05978,1054.9349,620818183598695,620818215734789
375.71692,1144.5447,397.05978,1054.9349,620818215888903,620818248710466
371.21066,1124.6924,397.05978,1107.2302,620818248896976,620818278197809
377.87585,1091.5856,377.87585,1091.5856,620818278300466,620818310185622
359.4999,1148.3978,377.87585,1107.2302,620818310295101,620818344062132
423.0064,1132.0361,377.87585,1107.2302,620818344177497,620818374347757
391.20465,1141.7357,377.87585,1132.0361,620818374438955,620818407675830
418.82565,1119.2727,391.20465,1119.2727,620818407788174,620818441026664
369.55392,1113.857,377.87585,1119.2727,620818441139997,620818475881455
369.3268,1108.7643,377.87585,1119.2727,620818476761195,620818515708122
413.73575,1070.2396,377.87585,1113.857,620818515814736,620818549641039
396.05963,1008.24274,377.87585,1108.7643,620818549817757,620818583496716
399.27432,1026.4385,396.05963,1070.2396,620818583683278,620818612902080
428.74368,1063.2825,396.05963,1063.2825,620818613014997,620818646351299
419.5365,1024.1405,399.27432,1063.2825,620818646461507,620818677813851
410.02115,1027.9055,410.02115,1063.2825,620818677909007,620818710092132
418.42444,1052.5927,410.02115,1052.5927,620818710189788,620818742531924
413.56268,987.1726,410.02115,1052.5927,620818742627236,620818777319788
418.67975,965.6154,413.56268,1052.5927,620818777420934,620818809111924
446.32126,1000.84924,413.56268,1000.84924,620818809200257,620818840597393
451.58047,962.8073,418.67975,1000.84924,620818841405413,620818873697861
458.2818,895.72034,446.32126,1000.84924,620818873793434,620818909243486
447.05634,892.98645,447.05634,962.8073,620818909399215,620818943708226
431.73386,892.2376,446.32126,895.72034,620818943799059,620818980126559
483.12585,911.21436,447.05634,911.21436,620818981007445,620819014757601
462.0272,910.79254,447.05634,910.79254,620819014859320,620819050742913
489.38947,939.1048,462.0272,911.21436,620819050899632,620819079464840
490.20618,907.47003,462.0272,910.79254,620819079602236,620819111453070
471.26456,834.2278,471.26456,910.79254,620819111597497,620819143621247
505.30698,799.6196,471.26456,907.47003,620819143721872,620819176663122
473.0593,801.998,471.26456,834.2278,620819176760049,620819210932497
483.90286,818.49646,473.0593,818.49646,620819211287965,620819245623695
458.33072,854.84937,471.26456,834.2278,620819245873382,620819277496142
466.3844,814.4347,471.26456,818.49646,620819277758747,620819312984684
448.0809,853.6751,466.3844,834.2278,620819313168642,620819345245049
452.17407,810.502,466.3844,818.49646,620819345404424,620819376311351
471.02383,794.021,466.3844,818.49646,620819376403069,620819409825622
475.05197,758.9595,466.3844,810.502,620819409909997,620819444797861
489.11414,714.60614,471.02383,794.021,620819444948694,620819479768642
505.9384,798.8342,475.05197,798.8342,620819479877132,620819511264788
517.92145,812.77423,489.11414,798.8342,620819511418747,620819543010830
526.90466,795.92053,505.9384,798.8342,620819543109267,620819582419632
522.9678,767.19366,517.92145,798.8342,620819582516611,620819611041194
550.51685,689.50195,522.9678,795.92053,620819611207965,620819645196976
512.66077,691.2559,517.92145,767.19366,620819645388694,620819676921871
515.9874,702.5353,517.92145,702.5353,620819677082705,620819710670361
497.3979,677.79175,515.9874,702.5353,620819711635569,620819744317913
509.36078,669.7839,515.9874,702.5353,620819744520049,620819779348903
536.0178,599.99005,515.9874,677.79175,620819779541559,620819810660101
565.09064,526.9094,515.9874,669.7839,620819810825830,620819846432601
587.60144,489.45303,536.0178,599.99005,620819846624632,620819879843434
525.5357,519.09784,525.5357,526.9094,620819881084371,620819912987392
540.0923,465.51465,536.0178,519.09784,620819915489736,620819946299788
566.9853,438.0849,536.0178,519.09784,620819946455830,620819983887184
543.4559,455.49097,540.0923,465.51465,620819984046194,620820015429475
571.43164,476.1073,543.4559,476.1073,620820015588746,620820046906663
566.35126,435.50412,543.4559,465.51465,620820047097653,620820077544007
559.5535,435.88242,559.5535,465.51465,620820077700621,620820114254840
618.61475,417.85773,559.5535,435.88242,620820114369007,620820143911559
572.4364,439.24057,559.5535,439.24057,620820144132184,620820175883798
603.5741,371.4856,572.4364,435.88242,620820176130673,620820207829892
626.7707,465.3377,572.4364,439.24057,620820207933382,620820240633642
528.2689,466.59973,572.4364,439.24057,620820240714684,620820281429580
559.52185,492.5345,572.4364,465.3377,620820281583955,620820310822340
547.6181,436.42493,559.52185,439.24057,620820310920986,620820344180048
539.07355,403.19998,559.52185,439.24057,620820344361871,620820385763955
577.23145,424.15036,559.52185,436.42493,620820385878694,620820416831298
499.11047,462.01138,559.52185,439.24057,620820417019007,620820449189111
550.83496,424.2662,559.52185,436.42493,620820449297184,620820479316975
525.4795,444.63217,550.83496,439.24057,620820479472496,620820515794163
559.98676,451.10974,559.52185,439.24057,620820515900569,620820546823746
559.1185,441.4947,559.1185,441.4947,620820546969840,620820580121507
549.62195,416.3406,559.1185,439.24057,620820580220934,620820609646298
554.87915,431.67163,559.1185,439.24057,620820609839111,620820643876819
574.6278,395.58243,559.1185,431.67163,620820644101402,620820682364319
542.15326,454.66348,559.1185,439.24057,620820682519319,620820717601611
546.2502,397.6992,559.1185,431.67163,620820717748329,620820755081454
525.9883,422.9162,546.2502,431.67163,620820755237288,620820787396090
527.698,446.57477,546.2502,431.67163,620820787684840,620820849665673
563.988,369.3608,546.2502,431.67163,620820849778798,620820882724892
587.65906,383.31778,546.2502,431.67163,620820882831923,620820916325413
584.56506,380.17816,563.988,383.31778,620820916442756,620820954510621
624.4208,341.4961,584.56506,383.31778,620820954598694,620820986365152
656.4447,305.0208,584.56506,380.17816,620820986466350,620821016176142
682.27423,285.28223,624.4208,341.4961,620821016378329,620821046536194
636.7318,302.1433,636.7318,305.0208,620821046715881,620821077325517
614.64734,284.1528,624.4208,302.1433,620821077427496,620821108822756
621.0483,268.87903,624.4208,302.1433,620821109005673,620821142603433
624.71387,271.09116,624.4208,284.1528,620821142683225,620821174736454
665.51953,267.86914,624.4208,271.09116,620821175964631,620821208563954
626.96277,295.5442,624.71387,284.1528,620821208729892,620821241991038
626.9848,270.52948,626.96277,271.09116,620821242180569,620821276805985
590.80566,288.06412,624.71387,284.1528,620821276987288,620821320974215
614.954,284.7821,624.71387,284.1528,620821321064006,620821355126662
592.9564,298.46112,614.954,284.7821,620821356140673,620821386515933
580.8529,302.46255,614.954,284.7821,620821386606767,620821419155777
560.62976,336.94965,592.9564,298.46112,620821419247756,620821452178798
605.8191,323.63358,605.8191,302.46255,620821452324319,620821486598850
654.9328,279.99207,605.8191,298.46112,620821486686558,620821520536506
627.52,283.54483,605.8191,298.46112,620821520629892,620821553776923
665.5397,273.17896,627.52,283.54483,620821553871662,620821586571662
600.4419,324.9248,605.8191,298.46112,620821586672235,620821620147756
665.18726,328.02585,627.52,298.46112,620821620260360,620821656714892
633.5474,303.05118,627.52,303.05118,620821656846037,620821689783173
697.9462,274.3798,633.5474,298.46112,620821689951402,620821723611454
650.29065,264.02567,633.5474,298.46112,620821724390360,620821759419579
636.3248,279.10858,636.3248,279.10858,620821759602391,620821798215673
639.8219,285.14755,636.3248,285.14755,620821798289787,620821830609683
687.3021,279.52368,636.3248,279.52368,620821832271923,620821863660308
661.1533,250.17545,639.8219,279.52368,620821863764683,620821898862079
709.0374,261.90958,661.1533,279.52368,620821898976506,620821929263954
659.1299,297.36075,659.1299,279.52368,620821930753641,620821960715048
674.4402,251.07834,661.1533,279.52368,620821961883746,620821993297496
646.8531,220.75424,659.1299,279.52368,620821995416714,620822029651610
711.7895,267.602,661.1533,267.602,620822029740568,620822059962964
671.98615,246.91718,661.1533,267.602,620822060712027,620822093566923
774.90063,226.9106,671.98615,267.602,620822094396714,620822130304162
739.2474,233.0895,671.98615,246.91718,620822131763121,620822165674110
769.79114,228.41461,739.2474,233.0895,620822165848746,620822198588745
728.75793,229.23589,728.75793,233.0895,620822199605464,620822231485100
767.49744,229.76901,739.2474,229.76901,620822233219631,620822263156975
738.997,250.2844,738.997,233.0895,620822263267600,620822298745985
745.5298,229.45126,739.2474,229.76901,620822298854162,620822329020777
663.2104,210.29166,738.997,229.76901,620822329116193,620822359711818
760.5623,230.69905,739.2474,229.76901,620822360797235,620822390089318
747.21906,240.69719,739.2474,229.76901,620822393843172,620822427417756
764.3628,238.49403,747.21906,230.69905,620822427511089,620822459480725
708.5208,242.86766,739.2474,238.49403,620822459648589,620822490323172
728.8423,228.44254,739.2474,230.69905,620822493800620,620822532308381
756.6887,231.19545,739.2474,231.19545,620822532479162,620822566787808
748.5011,222.17892,739.2474,230.69905,620822566881870,620822602841610
724.40485,219.38818,739.2474,230.69905,620822603024474,620822639380256
719.9741,217.64526,739.2474,222.17892,620822639534683,620822677389370
708.1493,229.1423,724.40485,229.1423,620822677562287,620822712563016
709.9903,219.61075,719.9741,222.17892,620822712773745,620822743070620
705.6284,205.56944,709.9903,222.17892,620822743170829,620822778545829
688.74884,235.26639,709.9903,222.17892,620822778658641,620822812045724
760.66174,217.57704,709.9903,222.17892,620822812226454,620822843979943
757.932,220.77318,709.9903,222.17892,620822844198172,620822874894839
751.44446,214.24379,751.44446,220.77318,620822875084110,620822908303276
706.99634,201.27765,709.9903,220.77318,620822908478589,620822940952443
723.0083,215.86925,723.0083,215.86925,620822941120464,620822976357235
770.6924,219.54553,723.0083,219.54553,620822976538172,620823006527912
743.5798,202.13475,723.0083,215.86925,620823006681089,620823037249318
763.2698,189.79276,743.5798,215.86925,620823037369058,620823069586974
797.87195,176.784,743.5798,202.13475,620823069742183,620823103276922
815.91644,167.59747,763.2698,189.79276,620823103435828,620823134781558
809.2076,159.26198,797.87195,176.784,620823135743172,620823171949214
797.96216,163.10922,797.96216,167.59747,620823172136245,620823207058641
795.7543,162.51225,797.87195,163.10922,620823207231818,620823251593120
780.49615,160.4214,797.87195,163.10922,620823251747339,620823281228589
781.4533,150.06781,795.7543,162.51225,620823281332078,620823312410985
809.97833,151.81685,797.87195,160.4214,620823312597808,620823343691401
794.31055,163.85449,795.7543,162.51225,620823343888276,620823376155985
787.925,161.8919,795.7543,161.8919,620823376329526,620823409913901
842.5843,172.26447,795.7543,162.51225,620823410084995,620823440239005
820.2501,168.60112,795.7543,162.51225,620823440393016,620823473233433
783.4979,174.73056,795.7543,168.60112,620823473411089,620823512117391
823.23083,175.61586,795.7543,168.60112,620823512318120,620823543603849
818.07697,184.73222,795.7543,174.73056,620823543734370,620823575825464
811.3602,180.19826,811.3602,175.61586,620823575941922,620823609839995
825.3525,167.52231,811.3602,174.73056,620823609948745,620823642979162
810.04535,183.69194,811.3602,175.61586,620823643180099,620823690889214
813.472,181.0569,811.3602,175.61586,620823691242287,620823723367391
803.9578,181.12163,811.3602,181.0569,620823723460203,620823756306662
831.53174,183.22629,811.3602,181.0569,620823756417391,620823791182859
785.5062,209.04738,811.3602,181.12163,620823791315568,620823823026870
791.3775,196.33847,811.3602,183.22629,620823828913016,620823863479318
787.0967,217.56198,791.3775,196.33847,620823864201245,620823896654057
815.7879,221.81099,811.3602,196.33847,620823896749266,620823928854370
833.71564,222.76744,811.3602,217.56198,620823928960359,620823961112339
800.323,220.68887,811.3602,220.68887,620823961223380,620823993983068
839.2397,200.86017,811.3602,217.56198,620823994055255,620824027063953
827.3503,225.24577,811.3602,220.68887,620824028655307,620824065843172
822.6181,218.06631,822.6181,218.06631,620824065951401,620824102963276
814.5657,223.18575,814.5657,220.68887,620824103141870,620824135384578
814.6461,219.25717,814.6461,219.25717,620824135474682,620824167903901
826.1307,215.084,814.6461,219.25717,620824169646870,620824203356766
821.5133,227.18698,814.6461,219.25717,620824203447911,620824235513849
835.8755,202.22247,821.5133,219.25717,620824235612911,620824269178901
836.4709,203.42804,821.5133,219.25717,620824269337963,620824301547130
823.0484,201.16827,823.0484,203.42804,620824301720255,620824336250307
850.6715,210.58308,823.0484,210.58308,620824336416713,620824367894422
826.2775,241.54195,823.0484,210.58308,620824368153380,620824404899109
824.82623,248.64212,824.82623,210.58308,620824405000359,620824436694109
838.2993,237.42223,824.82623,237.42223,620824436860984,620824471698640
883.48285,230.14664,824.82623,230.14664,620824471878849,620824506721818
830.27075,202.16306,830.27075,230.14664,620824506834370,620824543786193
855.15857,202.06955,830.27075,230.14664,620824543980828,620824578784161
857.19037,238.44362,830.27075,230.14664,620824578884161,620824611836765
844.4615,242.70813,844.4615,230.14664,620824611941974,620824672529422
834.40674,199.35698,834.40674,230.14664,620824672644682,620824706547599
809.0151,214.62587,834.40674,230.14664,620824706651922,620824743263588
840.10144,213.71945,834.40674,214.62587,620824743432182,620824777052807
835.7098,240.5008,834.40674,230.14664,620824777189370,620824806721349
843.2515,250.1926,835.7098,230.14664,620824806835203,620824840831974
894.34344,217.84334,835.7098,230.14664,620824840947494,620824872588692
858.72534,223.7617,843.2515,230.14664,620824872694422,620824904788797
842.6229,229.87466,842.6229,229.87466,620824904894526,620824935078380
848.86206,203.56839,843.2515,229.87466,620824935183849,620824969050359
874.56836,240.5532,843.2515,229.87466,620824969148119,620824999822911
885.84705,248.02007,848.86206,229.87466,620825000621869,620825034323849
890.70135,253.09619,874.56836,240.5532,620825034415046,620825066150515
880.2275,235.78441,880.2275,235.78441,620825066306817,620825105289994
886.45935,218.55365,880.2275,235.78441,620825105367599,620825137553276
877.03156,226.41434,880.2275,235.78441,620825137694526,620825191087703
855.8244,266.99106,880.2275,235.78441,620825191157078,620825223981817
864.88367,243.30046,877.03156,235.78441,620825225789890,620825260392755
870.6128,236.28093,870.6128,236.28093,620825261547182,620825293749786
878.0497,239.9845,877.03156,236.28093,620825293852338,620825329040359
877.96814,265.4741,877.03156,236.28093,620825330116088,620825366885776
898.5619,264.00854,877.96814,239.9845,620825366974942,620825400904526
891.80707,260.50043,877.96814,260.50043,620825401013380,620825432470567
867.2706,274.07663,877.96814,260.50043,620825432621192,620825466932338
903.4808,266.92392,877.96814,260.50043,620825467038275,620825504648067
895.6384,267.48016,877.96814,266.92392,620825504843015,620825541516192
883.57446,249.18494,883.57446,260.50043,620825541619630,620825576318536
883.8008,277.78,883.57446,266.92392,620825576449161,620825607935411
898.793,278.15942,883.57446,266.92392,620825608110515,620825639736661
884.08154,300.7605,883.8008,277.78,620825639837494,620825674548327
889.7011,295.54984,884.08154,278.15942,620825674641661,620825705007963
897.1069,288.45963,884.08154,288.45963,620825705127442,620825737173223
895.8422,333.75647,889.7011,288.45963,620825737364630,620825768612338
904.60504,285.63626,895.8422,288.45963,620825768729630,620825802255463
927.7956,278.51807,895.8422,288.45963,620825802368275,620825832993952
903.47314,279.8978,903.47314,285.63626,620825833162130,620825864635463
911.32947,318.5733,903.47314,288.45963,620825864710567,620825898713744
903.56323,330.27875,903.47314,288.45963,620825898830046,620825932376557
926.0076,324.70502,903.56323,318.5733,620825932585411,620825969833796
922.2271,369.81085,903.56323,324.70502,620825969938484,620826003538848
893.53406,286.5313,903.56323,318.5733,620826003636557,620826035203327
892.8274,363.12338,903.56323,324.70502,620826035391296,620826070813119
901.80164,339.53555,901.80164,324.70502,620826070994994,620826112872390
912.4087,336.9759,903.56323,336.9759,620826112962390,620826143582025
941.1017,336.58878,903.56323,336.58878,620826143726921,620826175151504
934.1586,337.32117,912.4087,336.9759,620826175259577,620826207853275
934.83765,342.9825,934.1586,336.9759,620826207957806,620826240775359
940.7857,368.34848,934.1586,337.32117,620826240873692,620826273863431
938.53156,402.7882,934.83765,342.9825,620826273973223,620826303861661
965.5339,389.23053,938.53156,368.34848,620826304113796,620826335813692
952.0044,380.32608,938.53156,380.32608,620826335991452,620826366848223
978.0058,374.7382,952.0044,374.7382,620826366992754,620826403652650
965.10645,433.24323,952.0044,380.32608,620826403854994,620826435296296
938.5452,404.5875,952.0044,380.32608,620826435460046,620826470375358
941.0387,430.6449,952.0044,404.5875,620826470539161,620826502424786
959.6598,499.541,952.0044,404.5875,620826502531556,620826535999056
947.27893,444.74997,952.0044,430.6449,620826536129108,620826567269160
966.9117,458.43405,952.0044,444.74997,620826568057910,620826602774629
912.4113,477.9601,952.0044,444.74997,620826602894681,620826634847598
915.52783,480.7924,952.0044,458.43405,620826634950775,620826669629213
905.26,481.89227,915.52783,477.9601,620826669809473,620826703671452
925.927,452.58017,925.927,458.43405,620826703755306,620826734830254
942.45306,473.50845,925.927,473.50845,620826734992129,620826767671504
929.1437,491.0387,925.927,473.50845,620826767770827,620826800565723
967.6119,479.77353,929.1437,473.50845,620826800742025,620826836740879
955.2189,474.21182,929.1437,474.21182,620826836908015,620826871727858
953.2937,519.6934,953.2937,474.21182,620826871813015,620826902888744
986.5458,490.09164,953.2937,474.21182,620826903000306,620826934878379
980.72955,505.18295,953.2937,490.09164,620826934997025,620826968462546
957.7539,521.4324,957.7539,490.09164,620826968557129,620827000502389
965.73364,546.823,957.7539,505.18295,620827000593796,620827032958900
952.9362,533.86304,957.7539,521.4324,620827033051869,620827071772233
955.0604,515.1312,957.7539,515.1312,620827071876869,620827111763275
949.11285,516.1775,955.0604,516.1775,620827111890254,620827146490462
949.9192,580.3461,955.0604,516.1775,620827146602025,620827178751764
924.35046,564.5963,949.9192,516.1775,620827178942598,620827209827181
937.6351,622.27344,949.9192,564.5963,620827210769889,620827247675410
940.0885,603.4739,940.0885,564.5963,620827247883900,620827282058483
976.76166,572.75995,949.9192,572.75995,620827282173744,620827312150358
964.64294,591.67816,949.9192,572.75995,620827312321764,620827342027702
988.86646,608.59393,964.64294,572.75995,620827342243223,620827373188744
987.9383,617.7945,964.64294,591.67816,620827373304004,620827405721139
982.1662,629.9914,982.1662,608.59393,620827405820566,620827439304004
980.56024,642.31647,980.56024,617.7945,620827439914316,620827472021556
976.9397,626.43774,980.56024,626.43774,620827472140046,620827505392025
987.21265,638.5639,980.56024,626.43774,620827505497702,620827566944421
1004.2278,692.46826,980.56024,626.43774,620827567056035,620827600549785
976.2636,706.10693,980.56024,638.5639,620827600639316,620827631899368
989.22,697.28156,980.56024,692.46826,620827632129108,620827664316400
977.12683,727.75037,980.56024,697.28156,620827664499733,620827701119264
966.678,667.5231,980.56024,692.46826,620827701283535,620827735918483
971.5636,688.6175,977.12683,692.46826,620827736037806,620827769144525
992.2462,756.3135,980.56024,692.46826,620827769258379,620827803542129
975.5296,758.8071,977.12683,692.46826,620827803640150,620827834726868
997.02234,768.589,980.56024,756.3135,620827834817598,620827869043795
1007.5108,759.7836,980.56024,758.8071,620827869211868,620827900617545
1005.7433,798.8733,997.02234,759.7836,620827900786556,620827935113587
994.2916,793.47754,994.2916,759.7836,620827935288170,620827967127650
1006.2904,809.6899,997.02234,793.47754,620827967303535,620828019564108
1005.8541,833.4347,997.02234,793.47754,620828019651087,620828053468483
994.70667,878.027,997.02234,809.6899,620828056203743,620828088879993
1004.9126,911.0035,997.02234,833.4347,620828090196191,620828119398222
1015.31506,889.7648,997.02234,878.027,620828121091868,620828152462649
1003.23914,887.8578,1003.23914,887.8578,620828154162545,620828186382962
999.15063,905.28265,999.15063,887.8578,620828186480358,620828219885202
987.9356,920.39874,999.15063,887.8578,620828222254212,620828253900774
989.2001,918.055,999.15063,905.28265,620828255643431,620828291777181
986.9366,938.6125,989.2001,918.055,620828291926139,620828324435410
979.4594,964.5715,989.2001,918.055,620828324598118,620828358432389
989.1773,960.64886,989.1773,938.6125,620828359539160,620828394293431
1011.62244,925.8608,989.2001,925.8608,620828394385826,620828427341920
1006.99646,933.8924,989.2001,933.8924,620828427454941,620828495265306
992.5122,1021.3512,992.5122,933.8924,620828495389889,620828533561243
969.38336,992.17773,989.2001,933.8924,620828533662181,620828566198326
994.5854,1012.42706,992.5122,992.17773,620828566299628,620828599435045
1018.82776,1039.2715,992.5122,992.17773,620828599542545,620828632571243
986.5609,1021.6885,992.5122,1012.42706,620828632710983,620828668203587
1006.5824,1011.84265,992.5122,1011.84265,620828668315358,620828704835670
1004.9679,1040.1504,992.5122,1012.42706,620828705004993,620828738661712
996.274,1027.885,996.274,1012.42706,620828738836712,620828771680305
1003.3484,1052.3544,996.274,1027.885,620828771838483,620828803382701
988.2005,1085.8495,996.274,1027.885,620828803551712,620828838088899
1006.2669,1065.5488,996.274,1052.3544,620828839601087,620828873110722
1002.9992,1056.6981,996.274,1056.6981,620828873270305,620828904889785
1015.5806,1062.4575,1002.9992,1056.6981,620828905013743,620828935807910
1014.1968,1092.1272,1002.9992,1056.6981,620828935950774,620828967509941
1011.46893,1068.407,1011.46893,1062.4575,620828968370253,620829002507701
1014.31384,1085.6158,1011.46893,1068.407,620829002623066,620829034126295
1007.65106,1128.2867,1011.46893,1068.407,620829034222857,620829066815201
1011.3908,1119.3091,1011.46893,1085.6158,620829066915514,620829107548014
1011.1,1121.368,1011.3908,1119.3091,620829107723587,620829137578066
1004.7575,1125.1637,1011.3908,1119.3091,620829137726399,620829169615982
1009.3989,1094.9923,1011.1,1119.3091,620829169771087,620829204099993
1011.9363,1129.8772,1011.3908,1119.3091,620829204272076,620829238291712
1021.327,1206.318,1011.3908,1119.3091,620829238466816,620829271561607
1008.335,1180.8818,1011.3908,1129.8772,620829271758847,620829302920722
1018.77374,1159.9803,1011.3908,1159.9803,620829303035201,620829334825774
998.57275,1185.6539,1011.3908,1159.9803,620829335078378,620829367527597
1000.4167,1172.7495,1011.3908,1159.9803,620829367624837,620829400803274
1010.5517,1194.1731,1010.5517,1172.7495,620829400905409,620829437096034
1014.5557,1213.3348,1011.3908,1172.7495,620829437982753,620829469195774
1022.40924,1190.0647,1011.3908,1190.0647,620829469395461,620829505059941
1009.11664,1217.2344,1011.3908,1190.0647,620829505188691,620829534432076
1000.06854,1264.1354,1011.3908,1190.0647,620829534560982,620829567737961
1014.3403,1226.9095,1011.3908,1217.2344,620829568033743,620829600057857
1013.2416,1268.3281,1011.3908,1226.9095,620829600153795,620829636064055
1007.4518,1268.381,1011.3908,1226.9095,620829636223066,620829671508795
1037.2247,1292.2725,1011.3908,1268.3281,620829671651659,620829702094472
1023.0002,1313.1161,1011.3908,1268.381,620829702244784,620829733242284
1025.8345,1322.4492,1023.0002,1292.2725,620829733343222,620829766521347
1034.6605,1319.9209,1023.0002,1313.1161,620829767559420,620829798838586
1033.0558,1398.7448,1025.8345,1319.9209,620829798936711,620829831565461
1027.0264,1327.5583,1027.0264,1319.9209,620829831661659,620829864705774
1017.25574,1298.5062,1025.8345,1319.9209,620829864822232,620829895864263
1032.6279,1340.0409,1027.0264,1319.9209,620829895972961,620829930353482
1040.2526,1339.405,1027.0264,1319.9209,620829931239940,620829964940565
1016.848,1283.0527,1027.0264,1319.9209,620829965038586,620830000906920
1040.7345,1325.9302,1027.0264,1319.9209,620830001060513,620830034311711
1011.0269,1317.6884,1027.0264,1319.9209,620830034451607,620830071304420
1009.3773,1326.3088,1027.0264,1319.9209,620830071427128,620830101278742
1023.24585,1401.4718,1023.24585,1319.9209,620830101447492,620830133166607
1044.4547,1374.0048,1027.0264,1326.3088,620830133298326,620830166473586
1009.46265,1347.857,1023.24585,1347.857,620830166598899,620830198967545
1051.3365,1399.6115,1027.0264,1347.857,620830199425409,620830231877284
1054.1674,1468.1924,1027.0264,1347.857,620830232370878,620830264332857
1054.3622,1508.8807,1051.3365,1399.6115,620830264451867,620830295762128
1055.1418,1518.6731,1054.1674,1468.1924,620830295866503,620830327870201
1044.4655,1498.1859,1051.3365,1498.1859,620830327978013,620830360241763
1034.572,1467.929,1051.3365,1468.1924,620830360327492,620830391727128
1044.1886,1469.8245,1044.4655,1469.8245,620830391835617,620830427681451
1055.8533,1513.7816,1051.3365,1469.8245,620830427795513,620830467160878
1043.0166,1569.5153,1044.4655,1469.8245,620830467310409,620830503369003
1057.7122,1581.478,1051.3365,1513.7816,620830503532805,620830534138221
1022.1103,1628.1133,1044.4655,1569.5153,620830534314784,620830566453482
1049.1525,1607.3839,1049.1525,1581.478,620830566620721,620830599101815
1007.0327,1612.0903,1044.4655,1607.3839,620830599280930,620830631983065
1011.8008,1558.1863,1044.4655,1581.478,620830632244836,620830664421607
1039.7806,1595.2865,1039.7806,1595.2865,620830664533586,620830697696659
997.24286,1611.0972,1039.7806,1595.2865,620830698761242,620830739185513
1029.2957,1600.8772,1039.7806,1595.2865,620830739298378,620830769201346
1039.9661,1591.7682,1039.7806,1595.2865,620830769388013,620830798256294
1047.1326,1614.2073,1039.7806,1595.2865,620830798433951,620830831421971
1037.1249,1683.0917,1039.7806,1595.2865,620830831572440,620830863726086
1030.9429,1625.2609,1039.7806,1614.2073,620830863837284,620830906938690
1050.7816,1662.7963,1039.7806,1625.2609,620830907038378,620830936426867
1035.7654,1619.0225,1039.7806,1619.0225,620830936535565,620830966948898
1031.4159,1643.9059,1039.7806,1625.2609,620830967339628,620831000251242
1036.7474,1595.1764,1036.7474,1619.0225,620831000347180,620831035837857
1042.0417,1638.4525,1039.7806,1625.2609,620831035982700,620831066175878
1040.8391,1654.928,1039.7806,1625.2609,620831066357492,620831104481607
1020.6312,1701.5172,1039.7806,1638.4525,620831104592596,620831137808377
1024.7655,1705.2019,1039.7806,1654.928,620831137986398,620831168446659
1028.7931,1721.989,1028.7931,1701.5172,620831168615357,620831197788430
1058.3068,1757.1141,1039.7806,1705.2019,620831197940773,620831230669471
1035.0117,1819.3286,1035.0117,1721.989,620831230833221,620831266338950
1028.5605,1795.486,1035.0117,1757.1141,620831266498013,620831304334002
1040.741,1727.4347,1035.0117,1727.4347,620831304497700,620831334879159
1048.1064,1778.2019,1035.0117,1757.1141,620831334980357,620831364627492
1050.1735,1794.6195,1040.741,1757.1141,620831364830721,620831403359679
1047.2693,1790.7534,1047.2693,1778.2019,620831403460825,620831432139575
1059.3961,1791.3784,1047.2693,1790.7534,620831432326919,620831463732752
1038.7386,1798.421,1047.2693,1790.7534,620831463849523,620831496601346
1059.9944,1790.6118,1047.2693,1790.7534,620831496792127,620831527869575
1065.3501,1808.664,1047.2693,1790.7534,620831527954940,620831559837856
1070.6244,1824.2308,1059.9944,1790.7534,620831559939523,620831591778690
1051.8508,1832.1664,1051.8508,1808.664,620831591870304,620831625040617
1042.747,1852.8728,1051.8508,1824.2308,620831625122909,620831658620148
1067.1475,1817.3104,1051.8508,1817.3104,620831659496554,620831695880148
1032.9795,1889.2448,1051.8508,1824.2308,620831696061659,620831728393898
1014.1086,1718.471,1051.8508,1817.3104,620831729264002,620831760669679
721.0622,1271.6759,1032.9795,1817.3104,620831760763950,620831793927908
639.3775,1476.0743,1014.1086,1718.471,620831794013273,620831836761919
719.95685,1557.4705,721.0622,1557.4705,620831836862440,620831867011763
974.6005,1715.1741,974.6005,1715.1741,620831867120408,620831897003586
1058.2191,1635.212,974.6005,1635.212,620831897188898,620831929989106
1032.1733,1703.2404,974.6005,1703.2404,620831930125877,620831965006867
1034.9293,1734.809,1032.1733,1703.2404,620831965172648,620832001947908
1054.6055,1772.2251,1032.1733,1703.2404,620832002107492,620832033316346
1037.7516,1720.0934,1034.9293,1720.0934,620832033497492,620832071884940
994.39026,1752.6925,1032.1733,1720.0934,620832072093273,620832103692596
1018.6535,1826.55,1032.1733,1720.0934,620832103866710,620832135180460
1024.0879,1851.2705,1024.0879,1752.6925,620832135301346,620832165169992
1025.2305,1863.8933,1025.2305,1826.55,620832165355200,620832198510929
1032.5693,1863.9434,1025.2305,1851.2705,620832198606138,620832230764367
1038.5259,1900.8337,1025.2305,1863.8933,620832230926137,620832265111190
1027.417,1917.9971,1027.417,1863.9434,620832265203117,620832305275773
1030.4753,1918.6674,1027.417,1900.8337,620832305385617,620832338049783
1046.2749,1840.5354,1027.417,1863.9434,620832338229992,620832370716762
1012.0436,1926.1487,1027.417,1900.8337,620832370866867,620832401221502
1000.9449,1943.0684,1027.417,1900.8337,620832401343637,620832436587960
1013.4218,1952.7046,1013.4218,1926.1487,620832436774575,620832468470252
1014.4151,1925.6482,1014.4151,1925.6482,620832468644262,620832500450564
1016.3766,1941.5447,1014.4151,1926.1487,620832500620252,620832530651346
1028.6348,1954.9004,1014.4151,1926.1487,620832530823064,620832565829002
1013.7198,1931.7871,1014.4151,1931.7871,620832565946919,620832600694523
1036.9186,1952.0293,1014.4151,1931.7871,620832600884887,620832635978742
1038.1609,1955.2306,1014.4151,1931.7871,620832636122856,620832667354366
992.0739,1968.4009,1014.4151,1952.0293,620832667520460,620832701193637
975.0796,1982.6556,1014.4151,1955.2306,620832701360981,620832737431814
984.40375,2010.6355,992.0739,1968.4009,620832737523637,620832785394939
969.0991,2007.5881,984.40375,1982.6556,620832785497283,620832818687908
974.3878,1975.2318,984.40375,1975.2318,620832818773064,620832848259366
1009.73047,1955.7081,984.40375,1975.2318,620832850175669,620832881395616
999.06384,1984.5264,984.40375,1975.2318,620832882713325,620832911724106
969.3767,2039.7921,984.40375,1975.2318,620832922419575,620832957842023
932.3081,2060.0325,984.40375,1984.5264,620832957937387,620832991994523
938.1245,2057.4377,969.3767,2039.7921,620832992129679,620833027319262
917.1044,2071.549,938.1245,2057.4377,620833027468168,620833065010252
911.33734,2079.633,938.1245,2057.4377,620833065179158,620833098011137
940.3151,2069.4578,938.1245,2069.4578,620833098122908,620833133523377
912.40533,2072.1572,938.1245,2069.4578,620833133688220,620833166831866
916.3296,2064.3774,938.1245,2069.4578,620833167021658,620833197071866
960.6226,2037.3647,938.1245,2069.4578,620833197224991,620833230890668
1002.5165,2029.7031,938.1245,2064.3774,620833231055564,620833274271710
975.4317,1997.2228,960.6226,2037.3647,620833275260043,620833309424575
998.5741,2003.2334,975.4317,2029.7031,620833309600147,620833340059991
989.56866,2011.8977,975.4317,2011.8977,620833340164939,620833370235304
984.62836,1985.7084,984.62836,2011.8977,620833370402075,620833409410512
999.21625,1993.6952,984.62836,2011.8977,620833409584887,620833445975512
949.5324,2013.2635,984.62836,2011.8977,620833446145252,620833475954627
904.8803,2065.392,984.62836,2011.8977,620833476167543,620833506477022
928.5321,2061.7192,949.5324,2013.2635,620833506592335,620833539359627
894.78925,2101.5503,928.5321,2061.7192,620833539745824,620833572087179
887.99414,2093.3247,928.5321,2061.7192,620833572179054,620833604334835
895.56165,2119.2952,895.56165,2093.3247,620833604434939,620833636576554
902.6301,2101.3518,902.6301,2093.3247,620833636689835,620833670595252
906.7652,2110.6746,902.6301,2101.3518,620833670697127,620833701697387
889.5382,2093.8623,902.6301,2093.8623,620833701924991,620833734516658
908.2939,2066.5505,902.6301,2093.8623,620833734645199,620833767497543
902.2374,2090.9207,902.6301,2093.8623,620833767596762,620833801302804
907.00836,2045.6138,902.6301,2090.9207,620833801465824,620833833382126
988.4826,1994.0607,902.6301,2090.9207,620833834448741,620833865408637
959.21545,2001.6792,907.00836,2045.6138,620833865562335,620833899317439
917.6115,2024.1613,917.6115,2024.1613,620833899435929,620833933001345
939.7384,2022.5237,917.6115,2024.1613,620833933147074,620833964646241
990.6412,2019.7241,917.6115,2024.1613,620833964833637,620834009882387
936.7226,2032.5438,936.7226,2024.1613,620834010211345,620834046222751
950.09076,2046.6351,936.7226,2024.1613,620834046371241,620834080798168
993.4271,1990.5585,936.7226,2024.1613,620834080971397,620834115691606
984.0664,2019.2975,950.09076,2024.1613,620834117180199,620834151842283
929.94714,2023.8422,936.7226,2023.8422,620834151999366,620834188881814
950.9815,2016.149,950.09076,2023.8422,620834189913428,620834242200876
949.34326,2018.3948,949.34326,2023.8422,620834242301449,620834276648741
950.13806,2007.2874,950.09076,2018.3948,620834276804262,620834307381918
957.6076,2001.0535,950.09076,2018.3948,620834307533012,620834342975928
956.78973,2043.2806,950.13806,2018.3948,620834343122126,620834374895095
968.0123,2011.5519,956.78973,2018.3948,620834375062855,620834410607907
1010.7477,2007.4847,956.78973,2018.3948,620834410711501,620834445794157
998.5072,1990.928,968.0123,2011.5519,620834445885251,620834476440303
965.50006,2040.3573,965.50006,2018.3948,620834476597803,620834509271866
990.8982,2017.7032,968.0123,2017.7032,620834509459001,620834541379574
962.53876,1980.549,965.50006,2017.7032,620834541514053,620834573028220
905.0441,2013.1842,965.50006,2017.7032,620834573181605,620834606104157
945.8376,2043.9192,962.53876,2017.7032,620834606250460,620834636303897
927.9256,2020.772,945.8376,2017.7032,620834636413064,620834681818637
951.26746,2073.1206,951.26746,2020.772,620834681986605,620834715224366
932.8948,2091.4836,945.8376,2020.772,620834715381137,620834755521501
889.464,2069.2444,945.8376,2069.2444,620834755663949,620834794335407
917.7422,2094.9524,932.8948,2069.2444,620834794433220,620834828089262
860.3616,2108.9956,917.7422,2069.2444,620834828280668,620834861466032
942.9358,2060.307,932.8948,2069.2444,620834861648949,620834893354470
924.78357,2058.082,924.78357,2069.2444,620834893507959,620834924881657
943.54877,2042.0089,932.8948,2060.307,620834925062855,620834961191293
941.1288,2065.1191,932.8948,2065.1191,620834961354418,620834993732907
908.3887,2096.09,932.8948,2065.1191,620834993832230,620835023177491
905.3962,2072.291,932.8948,2065.1191,620835023357855,620835057647230
896.2718,2084.0266,908.3887,2072.291,620835057753532,620835093693741
952.0401,2037.5923,932.8948,2065.1191,620835093802491,620835126255928
955.505,2043.3309,932.8948,2065.1191,620835126360043,620835158187959
957.70624,2034.3813,952.0401,2043.3309,620835158368741,620835190978532
949.9324,2034.1322,949.9324,2043.3309,620835191074261,620835229511866
928.2151,2046.0961,949.9324,2043.3309,620835229627126,620835264507959
902.4911,2040.8875,949.9324,2043.3309,620835264671918,620835295503532
921.3949,2020.8513,928.2151,2043.3309,620835295678376,620835331130876
874.98846,2077.2761,921.3949,2043.3309,620835331289313,620835364236761
892.84485,2066.8635,921.3949,2043.3309,620835364408428,620835395672334
941.4428,2054.915,921.3949,2054.915,620835395863115,620835431669313
909.90234,2041.576,921.3949,2043.3309,620835431803220,620835462887543
945.44354,2042.366,921.3949,2043.3309,620835463066345,620835494614626
861.01373,2006.0212,921.3949,2042.366,620835494793220,620835526855563
888.74725,2041.4401,921.3949,2042.366,620835526972334,620835557785563
897.2805,2059.3723,897.2805,2042.366,620835557884522,620835590084574
902.78564,2069.3157,902.78564,2042.366,620835590182647,620835624573167
868.1412,2079.7388,897.2805,2059.3723,620835624682907,620835658990199
920.4521,2068.3608,902.78564,2068.3608,620835659119053,620835693455980
894.4586,2032.4717,897.2805,2059.3723,620835693552803,620835726514365
903.09283,2029.5453,902.78564,2059.3723,620835726648167,620835756722594
910.7012,2026.4716,902.78564,2032.4717,620835756870563,620835789192907
866.54504,2057.5684,902.78564,2057.5684,620835789339105,620835821510094
862.9008,2059.5085,902.78564,2057.5684,620835821668272,620835854246084
915.8189,2055.546,902.78564,2057.5684,620835854346969,620835887727803
911.3567,2037.3702,902.78564,2057.5684,620835887888272,620835918324522
932.9273,2010.7872,911.3567,2055.546,620835918478949,620835949804105
916.2019,2004.1653,911.3567,2037.3702,620835950323115,620835983720094
888.73627,1988.1622,911.3567,2010.7872,620835983975771,620836015135615
846.5782,1999.4635,911.3567,2004.1653,620836016182334,620836054741969
867.99347,2039.3997,888.73627,2010.7872,620836055841188,620836086249313
859.141,2004.998,867.99347,2004.998,620836088579157,620836122161969
854.8681,2016.1818,867.99347,2010.7872,620836122266240,620836158742542
841.0165,2016.6123,859.141,2010.7872,620836158839678,620836193413792
876.1011,2018.8534,867.99347,2016.1818,620836193589313,620836229795563
841.80273,1997.0859,859.141,2010.7872,620836229979157,620836263978271
865.2761,2012.9547,865.2761,2012.9547,620836264186292,620836294661136
841.2368,2035.2429,859.141,2012.9547,620836294777803,620836326437178
823.0693,1973.0603,859.141,2012.9547,620836328660928,620836359984626
842.50385,1956.6747,842.50385,2012.9547,620836360252646,620836392129157
853.9424,2034.0215,853.9424,2012.9547,620836392239834,620836423295771
830.7809,2040.1085,842.50385,2012.9547,620836423415875,620836455069834
858.31934,2001.3207,853.9424,2012.9547,620836455179782,620836489888792
830.7468,1973.1495,842.50385,2012.9547,620836489987750,620836527865980
828.5243,1992.4424,842.50385,2001.3207,620836527969730,620836564682907
886.17926,1975.6371,842.50385,1992.4424,620836564783375,620836594788896
866.6833,1964.7102,842.50385,1992.4424,620836594891813,620836636056605
873.6804,1958.1047,866.6833,1975.6371,620836636163375,620836669208063
879.56036,1972.0463,866.6833,1972.0463,620836669296865,620836701492282
829.739,1975.452,866.6833,1975.452,620836701683480,620836731084313
833.7594,2006.7052,866.6833,1975.452,620836731179052,620836763885823
827.9486,2024.357,833.7594,1975.452,620836763992282,620836797064886
823.50116,2009.1824,833.7594,2006.7052,620836797200719,620836841517073
835.10425,2017.2979,833.7594,2009.1824,620836841699573,620836873253792
824.1437,2017.8937,833.7594,2009.1824,620836873369625,620836904192125
834.115,2014.0381,833.7594,2014.0381,620836904292177,620836934122959
875.45416,1976.3591,833.7594,2009.1824,620836935443063,620836967439104
859.0499,1918.2584,834.115,2009.1824,620836968557802,620836998853948
871.8213,1978.4628,859.0499,1978.4628,620836998970615,620837030504417
866.8188,1930.0082,859.0499,1978.4628,620837030605354,620837064296552
787.7349,1989.5416,859.0499,1978.4628,620837064847229,620837100689469
793.07745,1998.6719,859.0499,1978.4628,620837100799000,620837132666969
815.66296,1929.4794,815.66296,1978.4628,620837132838323,620837163987438
768.57635,2016.8094,815.66296,1978.4628,620837164940979,620837207712334
784.4502,2007.2827,815.66296,1978.4628,620837207850094,620837239214104
783.25775,1961.2295,784.4502,1978.4628,620837239317802,620837270268583
778.1533,1929.66,784.4502,1978.4628,620837270363323,620837305528948
749.0849,2003.1364,783.25775,1978.4628,620837305686917,620837338982542
745.5059,1983.3232,778.1533,1978.4628,620837339114000,620837374190094
729.3196,2014.1996,749.0849,1983.3232,620837374303688,620837404174261
790.51825,2011.4625,778.1533,1983.3232,620837404356344,620837436133844
752.51135,2062.9536,752.51135,2011.4625,620837436234833,620837466406760
766.7309,1993.1975,766.7309,1993.1975,620837466587542,620837497236500
754.4223,1977.0068,754.4223,1993.1975,620837497344781,620837529791656
775.6799,1973.3715,766.7309,1993.1975,620837530813635,620837584271656
710.6534,1982.8466,754.4223,1982.8466,620837584374000,620837616425354
792.0096,1975.526,766.7309,1982.8466,620837616609469,620837651648323
746.0928,1974.904,754.4223,1982.8466,620837651831135,620837684122385
742.48364,1967.9104,754.4223,1975.526,620837684305771,620837717123271
741.1618,1957.7833,746.0928,1974.904,620837717261812,620837747655771
753.0602,1993.0724,753.0602,1975.526,620837747794885,620837779210302
726.0383,1995.1368,746.0928,1975.526,620837779292021,620837815914052
747.2311,2000.2274,747.2311,1993.0724,620837816119052,620837848480719
721.5443,1994.9255,746.0928,1994.9255,620837849361031,620837881177437
744.1689,1977.7781,746.0928,1993.0724,620837881354781,620837912095146
736.2694,1974.3833,744.1689,1993.0724,620837912552646,620837945419937
768.60345,2024.1907,746.0928,1993.0724,620837945805823,620837975576396
687.3548,1996.5951,744.1689,1993.0724,620837975681917,620838007998375
690.4413,1963.4996,744.1689,1993.0724,620838010952802,620838043845094
679.16614,1950.9196,690.4413,1993.0724,620838044844781,620838081818062
669.08026,1959.5729,690.4413,1963.4996,620838081907906,620838112559677
666.0829,1968.9255,679.16614,1968.9255,620838114050979,620838144957750
716.0552,1964.0354,690.4413,1964.0354,620838145968948,620838180451969
668.887,1968.2977,679.16614,1968.2977,620838180959573,620838214905875
687.31165,2010.5619,687.31165,1968.2977,620838215055666,620838245447594
726.7655,1968.1129,687.31165,1968.2977,620838246859208,620838279474156
699.76953,2026.9431,687.31165,1968.2977,620838279644312,620838314328479
700.5516,1934.4362,699.76953,1968.2977,620838314417021,620838347121500
669.8594,1943.4569,687.31165,1968.2977,620838347270041,620838383312541
697.21155,1958.4282,697.21155,1958.4282,620838383415666,620838414239104
655.85913,2013.2092,687.31165,1968.2977,620838416481135,620838448375041
680.25024,2008.1038,687.31165,1968.2977,620838448530614,620838478060458
651.6427,1972.5409,680.25024,1972.5409,620838479627802,620838518284573
649.49786,1907.3004,680.25024,1968.2977,620838518382073,620838551936343
658.3254,1879.4482,658.3254,1968.2977,620838552154208,620838587432593
659.5212,1942.053,659.5212,1942.053,620838587522177,620838624049573
576.4689,1932.9259,658.3254,1942.053,620838624225145,620838659268687
611.55054,1917.7996,658.3254,1942.053,620838659361604,620838695274781
645.1132,1963.2742,645.1132,1942.053,620838695688427,620838727715562
610.4695,1984.3933,645.1132,1942.053,620838727903010,620838759486187
633.7277,1967.0376,645.1132,1963.2742,620838759952489,620838790810093
625.011,1947.9679,633.7277,1947.9679,620838790909000,620838823291031
629.31476,1959.1422,633.7277,1959.1422,620838823388791,620838855318270
606.5154,1950.8313,629.31476,1950.8313,620838855424833,620838886935718
589.4654,2007.8251,629.31476,1959.1422,620838887041708,620838921846239
604.76105,1938.5648,606.5154,1950.8313,620838921950979,620838972576083
606.25964,1930.6489,606.25964,1950.8313,620838972663114,620839005929416
578.821,1883.7406,606.25964,1938.5648,620839012241499,620839052207385
610.5775,1888.4443,606.25964,1930.6489,620839053021708,620839085009104
577.4502,1953.3123,606.25964,1938.5648,620839085174364,620839118200874
595.9488,1911.4598,606.25964,1930.6489,620839118291395,620839150484104
579.0765,1970.9008,595.9488,1938.5648,620839150655145,620839183956343
558.3319,1947.2665,595.9488,1938.5648,620839184171604,620839218293114
556.95,1911.6138,579.0765,1938.5648,620839218449312,620839253184520
579.31964,1897.6318,579.31964,1938.5648,620839253323843,620839286797541
613.36365,1869.3209,579.31964,1911.6138,620839286990406,620839317611083
611.6994,1970.0853,579.31964,1938.5648,620839317701968,620839351150354
547.01984,1826.8247,579.31964,1911.6138,620839351261187,620839383720093
591.9763,1916.6757,579.31964,1916.6757,620839383823999,620839416949729
605.7874,1894.5768,579.31964,1911.6138,620839417043010,620839450999208
546.2134,1920.8807,579.31964,1916.6757,620839451891135,620839489321760
560.4317,1918.8593,579.31964,1916.6757,620839489423895,620839532540093
577.44855,1920.8058,577.44855,1918.8593,620839532639416,620839563525926
573.4131,1878.9757,577.44855,1916.6757,620839563684468,620839596644885
568.2437,1873.804,577.44855,1916.6757,620839596788531,620839629416708
557.6793,1904.2202,573.4131,1904.2202,620839629562645,620839659110041
607.40186,1854.4115,577.44855,1904.2202,620839659258895,620839690916603
563.93036,1891.1931,573.4131,1904.2202,620839691018374,620839726146968
491.23636,1781.6078,573.4131,1891.1931,620839726329103,620839757755458
563.7941,1720.6704,563.93036,1891.1931,620839757854572,620839793621916
493.4755,1705.726,563.7941,1781.6078,620839793794728,620839827886760
507.87888,1707.2319,563.7941,1720.6704,620839828103270,620839861875353
575.99817,1773.4248,563.7941,1773.4248,620839862080874,620839893416499
508.28632,1696.2332,563.7941,1720.6704,620839893580249,620839928807957
495.44507,1691.1005,563.7941,1720.6704,620839928982749,620839963146499
428.63202,1689.9507,508.28632,1696.2332,620839963256291,620839995300822
466.72916,1739.8911,495.44507,1720.6704,620839995450197,620840028600249
414.70554,1774.9827,466.72916,1720.6704,620840028704103,620840058993114
448.92825,1712.9087,466.72916,1720.6704,620840059184416,620840090357332
472.27362,1674.4441,466.72916,1720.6704,620840090473166,620840133358791
522.2664,1757.3508,466.72916,1720.6704,620840133543374,620840166571082
532.7566,1753.4922,472.27362,1720.6704,620840166737072,620840202058947
558.3382,1609.7892,522.2664,1720.6704,620840202650353,620840235404312
508.43054,1679.0273,508.43054,1720.6704,620840235566968,620840270635457
512.25287,1682.6863,512.25287,1682.6863,620840270727020,620840312392697
484.31393,1710.3971,508.43054,1710.3971,620840312539572,620840343516134
495.3696,1685.7151,508.43054,1685.7151,620840343618166,620840374094311
506.32346,1670.1564,506.32346,1685.7151,620840375622020,620840405699624
452.19815,1661.485,506.32346,1685.7151,620840408547593,620840440848791
472.5543,1536.5455,506.32346,1670.1564,620840442319155,620840472970457
506.98935,1591.1567,506.32346,1661.485,620840474175301,620840506183478
428.0534,1553.0491,506.32346,1591.1567,620840508548582,620840541591603
367.36566,1522.6857,506.32346,1591.1567,620840542790145,620840572743061
414.92374,1506.6421,428.0534,1553.0491,620840574998843,620840605457645
411.1765,1462.3254,414.92374,1522.6857,620840609201186,620840638832020
441.4007,1431.9629,428.0534,1506.6421,620840646388322,620840679375145
382.5932,1479.8533,414.92374,1479.8533,620840680784416,620840711750093
377.2846,1510.3329,414.92374,1506.6421,620840712896499,620840744205457
431.27823,1514.4111,414.92374,1506.6421,620840745241343,620840776515613
420.1624,1474.7151,414.92374,1506.6421,620840777131499,620840812282905
396.96973,1496.2295,414.92374,1506.6421,620840812378947,620840845980145
412.48962,1492.356,414.92374,1496.2295,620840848107905,620840894976603
424.58044,1464.421,414.92374,1496.2295,620840895073322,620840927556395
423.90295,1474.5721,414.92374,1492.356,620840927655770,620840958269936
398.2426,1513.6099,414.92374,1496.2295,620840958448217,620840990055665
400.5808,1463.2377,414.92374,1492.356,620840990195509,620841023080926
400.37286,1473.3705,400.5808,1492.356,620841023232540,620841058279572
395.67697,1472.7664,400.5808,1473.3705,620841058364520,620841090007801
367.99066,1531.8417,400.37286,1492.356,620841090141447,620841123901342
390.14822,1411.0138,395.67697,1473.3705,620841124129051,620841156144884
410.67096,1420.2902,400.37286,1473.3705,620841156289259,620841190360249
414.4531,1408.8403,400.37286,1420.2902,620841192193790,620841226792176
428.8161,1405.352,410.67096,1420.2902,620841226897853,620841258321967
412.37558,1366.3943,412.37558,1408.8403,620841258489311,620841290762124
423.60336,1380.3843,412.37558,1405.352,620841290924519,620841324033790
401.93225,1360.4401,412.37558,1380.3843,620841324212332,620841366842697
389.32742,1383.9113,412.37558,1383.9113,620841366944363,620841398583269
404.53088,1367.4564,404.53088,1380.3843,620841398767176,620841430306342
415.1195,1350.0175,412.37558,1380.3843,620841430502124,620841462932957
405.0727,1304.684,405.0727,1367.4564,620841463047488,620841494597644
415.61487,1282.9401,412.37558,1350.0175,620841494704207,620841527862905
378.94394,1301.7449,405.0727,1304.684,620841527965926,620841560477592
382.8614,1315.2035,405.0727,1315.2035,620841560592592,620841594766394
383.76776,1264.1802,383.76776,1304.684,620841594875874,620841627207748
358.335,1257.437,383.76776,1304.684,620841627389571,620841660358530
401.9125,1134.0646,383.76776,1264.1802,620841660542957,620841694399207
403.92465,1151.4199,383.76776,1257.437,620841694533478,620841724984623
388.74304,1109.7184,388.74304,1151.4199,620841725144259,620841765185196
389.9234,1163.6694,388.74304,1163.6694,620841765371967,620841798895092
371.45563,1108.4878,388.74304,1151.4199,620841799076498,620841836821290
352.59232,1092.2502,388.74304,1151.4199,620841836979936,620841869197905
346.52362,1096.623,371.45563,1108.4878,620841869317123,620841904438738
321.56216,1102.2462,352.59232,1102.2462,620841904603634,620841947483061
297.81125,1063.895,346.52362,1102.2462,620841948274363,620841980154311
326.85803,1048.8949,326.85803,1102.2462,620841982294728,620842013277436
299.26425,1080.5874,326.85803,1080.5874,620842013405040,620842044143425
350.7792,1102.3702,326.85803,1102.2462,620842048048894,620842078639727
366.84827,1141.7191,326.85803,1102.2462,620842079624832,620842110430405
307.07007,1095.4327,326.85803,1102.2462,620842112560717,620842142837071
314.82144,1114.1284,326.85803,1102.2462,620842149490665,620842186862019
331.30386,1066.2257,326.85803,1102.2462,620842187207748,620842219736290
303.25397,1079.3958,326.85803,1102.2462,620842220969259,620842255226446
309.04572,1002.29376,326.85803,1079.3958,620842256424884,620842289871498
285.51288,1051.2714,309.04572,1079.3958,620842290029467,620842347455873
288.66602,1015.923,309.04572,1051.2714,620842347542175,620842380128529
273.09195,988.6461,288.66602,1051.2714,620842380233790,620842413814936
285.94293,976.9768,288.66602,1015.923,620842414005717,620842447543061
299.33966,925.63354,288.66602,988.6461,620842447633946,620842479674363
273.77374,888.561,288.66602,976.9768,620842481490769,620842514958581
228.35014,845.4708,288.66602,925.63354,620842515468269,620842574932071
226.90349,777.5381,273.77374,888.561,620842575046238,620842607162227
219.98817,794.9077,228.35014,845.4708,620842607252592,620842639488738
202.05948,755.3742,226.90349,794.9077,620842639669102,620842672111446
221.13667,730.97644,221.13667,794.9077,620842672211186,620842703360456
202.54114,758.65515,221.13667,758.65515,620842703513738,620842732922540
223.88786,750.4746,221.13667,758.65515,620842733022852,620842777766238
199.96767,714.4515,221.13667,758.65515,620842777953061,620842810034206
205.02094,690.8023,221.13667,750.4746,620842810138633,620842845732071
185.634,683.9258,205.02094,714.4515,620842845862904,620842880977852
185.6279,734.14166,205.02094,734.14166,620842881060352,620842914589415
208.6993,704.8354,205.02094,714.4515,620842914683529,620842946680456
228.09502,697.5323,205.02094,714.4515,620842946856706,620842983705040
259.52325,660.1384,208.6993,704.8354,620842983793060,620843015196133
308.19324,609.0169,228.09502,697.5323,620843016868060,620843052205873
357.35165,592.03235,259.52325,660.1384,620843052298165,620843083042488
365.04037,538.002,308.19324,609.0169,620843093278425,620843132139623
344.7365,492.57587,344.7365,592.03235,620843132276810,620843164631446
347.56326,548.55475,344.7365,548.55475,620843164745456,620843202788217
285.2179,486.291,344.7365,548.55475,620843202970196,620843239377123
299.48517,526.05,344.7365,548.55475,620843239543217,620843270858529
281.2304,588.6722,299.48517,548.55475,620843271023737,620843304775717
269.5336,691.94806,299.48517,548.55475,620843304935873,620843339503165
227.98561,770.9861,281.2304,588.6722,620843339642279,620843376668217
210.45218,683.6106,269.5336,683.6106,620843376820560,620843412772696
238.16022,695.6474,238.16022,683.6106,620843412869623,620843447118789
204.23758,657.6839,238.16022,683.6106,620843447216862,620843482386706
262.41214,690.2015,238.16022,683.6106,620843482507696,620843515728425
257.7606,709.50934,238.16022,683.6106,620843516232904,620843551591394
251.94104,705.4265,251.94104,690.2015,620843552425456,620843582708998
247.44012,658.65875,247.44012,683.6106,620843594505664,620843630525144
225.06839,635.4707,247.44012,683.6106,620843630628946,620843663911133
268.84644,646.04315,247.44012,658.65875,620843664334206,620843699116914
271.57626,586.2962,247.44012,646.04315,620843699283998,620843735161341
258.61713,607.36847,258.61713,646.04315,620843735323789,620843770843685
250.08284,583.7484,250.08284,607.36847,620843771024987,620843802968893
238.86339,596.5553,250.08284,607.36847,620843803150925,620843859187175
275.47958,578.20074,250.08284,596.5553,620843859280456,620843890502331
254.97398,615.6189,250.08284,607.36847,620843890773998,620843921920716
256.66656,512.3925,254.97398,596.5553,620843922053685,620843951870404
226.52586,495.55142,250.08284,596.5553,620843953589779,620843981864102
224.01772,428.17404,250.08284,512.3925,620843982976602,620844013471393
153.94266,387.8581,226.52586,495.55142,620844015826289,620844048711810
175.56638,354.4084,224.01772,428.17404,620844051273841,620844086551862
152.24715,365.486,175.56638,387.8581,620844087837070,620844117020873
217.49153,363.7209,217.49153,365.486,620844118761706,620844149318268
216.53609,369.98492,216.53609,369.98492,620844150016393,620844182730143
158.02576,345.03574,216.53609,365.486,620844187886393,620844218121289
174.20178,359.13498,216.53609,365.486,620844219345352,620844252682070
158.16559,347.57703,174.20178,359.13498,620844255148737,620844287141602
173.69643,389.7677,174.20178,365.486,620844288362956,620844331672070
183.17741,380.71063,174.20178,365.486,620844332406497,620844367132383
202.71967,366.82764,174.20178,366.82764,620844367303685,620844399771393
197.07677,359.78543,183.17741,365.486,620844399940091,620844433175612
205.57393,370.61185,197.07677,366.82764,620844433329518,620844474243216
213.01224,353.32687,197.07677,365.486,620844474365872,620844506453581
222.94826,359.04938,205.57393,365.486,620844506605195,620844538006393
232.5553,363.1531,213.01224,363.1531,620844538151445,620844571340143
228.22131,385.93634,222.94826,365.486,620844571514206,620844604543945
253.34673,362.84903,228.22131,363.1531,620844604702643,620844641198424
228.56427,343.28714,228.22131,363.1531,620844641374935,620844671889049
246.3847,355.5612,228.56427,362.84903,620844672139414,620844702865195
226.14406,321.1015,228.22131,355.5612,620844702998164,620844738656862
198.25903,400.77716,228.22131,362.84903,620844738802851,620844769433320
192.97624,383.2403,226.14406,362.84903,620844769621185,620844801213529
190.22675,371.28558,198.25903,371.28558,620844801376497,620844835847279
222.3106,352.39062,222.3106,362.84903,620844835949726,620844870049101
179.91733,310.00616,198.25903,362.84903,620844870224049,620844902583528
216.33325,353.2795,216.33325,353.2795,620844902706810,620844935264987
217.03513,339.46793,216.33325,353.2795,620844935376237,620844970043893
196.67247,358.89993,216.33325,353.2795,620844970161028,620845008093737
176.21672,361.5995,216.33325,353.2795,620845008194518,620845038818112
206.91849,331.65982,206.91849,353.2795,620845038974778,620845069158997
199.99721,365.70862,206.91849,353.2795,620845069324987,620845102998112
189.70937,340.84372,206.91849,353.2795,620845103188685,620845135862383
177.13913,341.54495,199.99721,353.2795,620845136094153,620845172426185
200.0964,355.21057,200.0964,353.2795,620845172533216,620845206709674
194.69841,330.96103,199.99721,353.2795,620845206881289,620845237779778
191.98479,342.06067,199.99721,353.2795,620845237944310,620845271278633
200.43004,283.5799,199.99721,342.06067,620845272687330,620845308206914
185.2653,260.94754,199.99721,342.06067,620845308312799,620845343714153
196.41519,262.97467,199.99721,283.5799,620845344326497,620845377073841
219.15253,268.08197,199.99721,268.08197,620845377212955,620845414389726
243.73106,252.70627,199.99721,268.08197,620845415026393,620845448918424
239.88776,252.42564,219.15253,268.08197,620845449020091,620845480881862
229.96985,264.21875,229.96985,264.21875,620845480958997,620845512637643
226.7259,255.76706,226.7259,264.21875,620845513096601,620845544254257
232.93407,249.92825,229.96985,264.21875,620845544381757,620845574996757
202.29947,258.41263,226.7259,258.41263,620845575107487,620845607897695
209.52,258.92865,226.7259,258.92865,620845607990299,620845639202487
229.53043,236.554,226.7259,258.41263,620845639319101,620845670236184
232.5532,237.24452,226.7259,258.41263,620845670348476,620845702249257
179.77927,255.51117,226.7259,255.51117,620845702369622,620845754236341
188.42088,253.16643,226.7259,255.51117,620845754338320,620845789282018
217.66122,219.71265,217.66122,255.51117,620845789385455,620845828746809
188.93953,240.02196,217.66122,253.16643,620845828836236,620845863191132
202.13933,244.6289,217.66122,244.6289,620845863365976,620845896634205
210.73042,231.46146,210.73042,244.6289,620845896737382,620845931718997
208.88321,252.22728,210.73042,244.6289,620845931824674,620845967475091
208.17511,246.67212,210.73042,244.6289,620845967656966,620846002376966
208.25323,237.4459,208.88321,244.6289,620846002489622,620846033232695
188.24461,252.88106,208.25323,244.6289,620846033418788,620846065522226
201.96274,243.85292,208.25323,244.6289,620846065684986,620846103340091
200.36667,251.36433,201.96274,244.6289,620846103539830,620846135770247
159.895,251.26564,201.96274,244.6289,620846135887174,620846166291288
154.89262,263.6102,200.36667,251.26564,620846166404101,620846202074049
183.98671,272.88226,183.98671,251.26564,620846202185143,620846238079257
244.245,273.79984,200.36667,263.6102,620846238225403,620846273529934
614.4456,288.39432,200.36667,272.88226,620846273629361,620846314119882
628.5425,618.0622,244.245,273.79984,620846314273320,620846344835195
325.51495,350.72263,325.51495,288.39432,620846347614778,620846379516653
203.73744,381.55188,244.245,350.72263,620846381816236,620846417380820
123.48655,317.9707,244.245,317.9707,620846419021757,620846457272017
137.85303,257.12933,203.73744,317.9707,620846457360820,620846492237017
147.78905,253.3578,147.78905,317.9707,620846492402278,620846527900507
175.36177,257.75854,175.36177,257.75854,620846528167538,620846564064674
201.43912,252.07092,175.36177,257.75854,620846564236132,620846596514934
203.34012,248.82535,175.36177,257.75854,620846596656445,620846631430663
206.16585,257.1174,201.43912,257.1174,620846631524517,620846663215611
261.90344,240.37437,203.34012,257.1174,620846663312486,620846693741236
241.29019,241.5758,206.16585,257.1174,620846693834778,620846742697642
247.64404,229.99162,241.29019,241.5758,620846742778111,620846775422226
256.63358,250.56377,241.29019,250.56377,620846775595767,620846806635715
213.65356,273.7677,241.29019,250.56377,620846806791965,620846838560611
198.73056,276.8551,241.29019,250.56377,620846838680038,620846870470871
210.30261,279.59335,213.65356,273.7677,620846870571757,620846905510403
242.31541,260.44522,241.29019,260.44522,620846905887590,620846940632017
262.74265,241.94577,241.29019,260.44522,620846940784569,620846970918788
223.65079,241.33876,241.29019,260.44522,620846971033163,620847002744205
216.6631,276.15128,241.29019,260.44522,620847002852746,620847049803996
228.41203,269.2392,228.41203,260.44522,620847049902382,620847084068423
259.4352,269.16052,241.29019,269.16052,620847084212173,620847117392798
255.34392,266.05554,241.29019,266.05554,620847118408111,620847151576705
224.6403,261.96545,241.29019,266.05554,620847152910090,620847188334830
258.85617,261.9875,241.29019,266.05554,620847188469101,620847220834048
203.54732,269.57425,241.29019,266.05554,620847221965976,620847253097278
233.79214,274.32404,241.29019,266.05554,620847255359882,620847292891653
174.21793,283.39514,233.79214,269.57425,620847292975090,620847324496392
192.55847,273.21457,233.79214,273.21457,620847324675403,620847357196861
239.44472,274.4789,233.79214,273.21457,620847357324205,620847388650975
196.7256,274.17462,233.79214,273.21457,620847388748423,620847424462642
205.20537,266.04877,233.79214,273.21457,620847424589257,620847455103996
189.95523,277.3474,205.20537,273.21457,620847455250819,620847487029778
269.43668,265.9691,233.79214,273.21457,620847487112850,620847522913840
253.97949,259.37192,233.79214,273.21457,620847523079205,620847557976809
269.7401,257.81525,253.97949,265.9691,620847558161757,620847591426340
220.08078,278.13168,233.79214,273.21457,620847591597382,620847624481861
194.12813,255.78601,233.79214,265.9691,620847624592225,620847657572277
227.23364,269.69696,227.23364,269.69696,620847657655298,620847689211184
223.6594,247.6327,227.23364,265.9691,620847689379361,620847724581757
254.91768,257.4215,227.23364,265.9691,620847724667955,620847760468163
202.83566,257.12823,227.23364,257.4215,620847760609257,620847793455559
235.66278,261.01553,227.23364,261.01553,620847793636496,620847824517954
218.82164,270.94327,227.23364,261.01553,620847824671288,620847855803475
248.40569,250.1915,227.23364,261.01553,620847855931913,620847888826496
231.88939,235.64232,227.23364,261.01553,620847888992069,620847922997954
255.1091,236.35439,231.88939,250.1915,620847923142329,620847956214361
245.61429,230.63028,231.88939,236.35439,620847956373059,620847989918684
237.02046,247.6922,237.02046,247.6922,620847990055975,620848023108319
269.88638,245.52663,237.02046,245.52663,620848023189048,620848057064934
254.90517,231.48085,237.02046,245.52663,620848057241809,620848086891861
251.59843,238.73772,251.59843,245.52663,620848087013423,620848118900871
237.53477,253.37741,237.53477,245.52663,620848119511809,620848152068163
292.77496,243.11456,251.59843,245.52663,620848153022434,620848185026600
287.3257,237.54352,251.59843,245.52663,620848185116861,620848215427694
313.9541,241.65318,287.3257,243.11456,620848216833892,620848246929100
298.22513,218.10336,287.3257,241.65318,620848248453996,620848279147850
285.82248,255.20805,287.3257,243.11456,620848281674933,620848311715871
238.85994,233.78195,287.3257,241.65318,620848317479725,620848347928423
284.90494,238.9326,285.82248,241.65318,620848348043267,620848383027798
259.06143,249.89322,284.90494,241.65318,620848384476079,620848414686808
204.63052,260.92953,284.90494,241.65318,620848414813110,620848449764360
195.6599,258.0559,259.06143,249.89322,620848449904569,620848481802538
271.01517,237.72786,271.01517,241.65318,620848482607017,620848514835819
283.6412,235.55653,271.01517,241.65318,620848515797225,620848547830194
294.61697,242.65973,271.01517,241.65318,620848550989413,620848583724048
256.74173,234.0892,271.01517,241.65318,620848583886131,620848620365715
277.96774,234.64305,271.01517,241.65318,620848620498475,620848652760975
251.84944,248.07605,271.01517,241.65318,620848682236027,620848722166392
293.8822,250.26404,271.01517,241.65318,620848722278162,620848754254985
315.01547,241.91734,271.01517,241.91734,620848755504517,620848789502902
289.39566,247.08691,289.39566,241.91734,620848789628058,620848820987121
283.36652,248.79295,283.36652,241.91734,620848821129933,620848855747642
299.7701,235.50758,289.39566,241.91734,620848855909204,620848889400714
277.0197,234.61671,283.36652,241.91734,620848889480662,620848921667381
284.17795,238.40613,284.17795,238.40613,620848921820975,620848961137017
288.83084,240.56258,284.17795,240.56258,620848961256392,620848993883319
259.38876,244.05814,284.17795,240.56258,620848993986496,620849027985142
289.7235,239.7443,284.17795,240.56258,620849028152589,620849059921600
292.9712,223.67924,284.17795,240.56258,620849060142537,620849096481704
292.98877,242.67473,289.7235,240.56258,620849096649881,620849138234621
267.63153,266.80008,284.17795,240.56258,620849138347589,620849171571027
298.6574,248.03087,289.7235,242.67473,620849171658787,620849208375298
254.23215,255.1002,284.17795,248.03087,620849208542433,620849243774412
248.11234,277.28668,284.17795,248.03087,620849243928371,620849275987016
293.7999,262.42767,284.17795,255.1002,620849276648214,620849307041131
286.3,277.06726,284.17795,262.42767,620849307206756,620849341817016
285.60266,266.34943,285.60266,262.42767,620849342004621,620849375092433
264.13715,272.08286,284.17795,266.34943,620849375259464,620849406002121
284.30365,261.76822,284.30365,262.42767,620849406151652,620849439596808
302.59442,267.9446,284.30365,266.34943,620849439787068,620849473889152
300.85635,289.32047,284.30365,266.34943,620849474078370,620849516126704
320.41028,300.82333,300.85635,267.9446,620849516243787,620849550145454
317.8531,298.6085,300.85635,289.32047,620849550335350,620849595260558
286.73,298.60742,300.85635,298.60742,620849595406339,620849632098266
323.15222,275.82617,300.85635,289.32047,620849632869464,620849673812485
335.25195,280.12766,300.85635,289.32047,620849673923162,620849706892537
316.79584,301.40573,316.79584,289.32047,620849707878475,620849745033891
351.08322,299.8496,316.79584,289.32047,620849745203162,620849780536131
323.7789,340.8977,316.79584,299.8496,620849780660558,620849819406964
318.33435,279.64417,318.33435,289.32047,620849820349985,620849854387641
315.9801,278.79208,316.79584,289.32047,620849854582902,620849888446547
362.63666,274.7949,318.33435,279.64417,620849888602277,620849920079724
316.3758,323.95493,316.79584,289.32047,620849920237381,620849954652172
325.42838,346.48038,318.33435,289.32047,620849954788943,620849989960349
317.8177,337.0354,317.8177,323.95493,620849990113787,620850022164881
343.80356,320.95074,318.33435,320.95074,620850022261287,620850053653058
333.39017,344.81415,318.33435,323.95493,620850053763683,620850084099985
307.34055,323.69705,318.33435,323.69705,620850085162485,620850117610922
335.8219,308.85306,318.33435,323.69705,620850117743943,620850150935089
344.57242,326.65002,318.33435,323.69705,620850153199620,620850185352276
351.45157,331.13864,335.8219,323.69705,620850185440662,620850217249672
335.41168,328.52283,335.41168,326.65002,620850218115349,620850252552954
324.9635,329.71194,335.41168,328.52283,620850252658995,620850288990245
380.64352,302.18866,335.41168,326.65002,620850289082276,620850322207120
372.41083,314.63156,335.41168,326.65002,620850322384881,620850354014256
374.37155,342.55447,372.41083,326.65002,620850354154308,620850388294620
359.21912,339.62674,359.21912,326.65002,620850388451495,620850418667537
356.58585,342.16998,359.21912,339.62674,620850418814256,620850452612693
334.73325,360.2317,359.21912,339.62674,620850452746651,620850485381703
344.6159,331.45276,356.58585,339.62674,620850485537953,620850518595870
334.5419,393.54608,344.6159,339.62674,620850518684776,620850551866287
340.0239,423.20874,344.6159,339.62674,620850553031495,620850583961130
346.86102,373.11523,344.6159,373.11523,620850584066078,620850617533318
367.9027,376.89532,344.6159,373.11523,620850617625349,620850647567016
425.5349,325.86194,346.86102,373.11523,620850647696912,620850678896912
408.90567,372.65988,367.9027,373.11523,620850681285193,620850712984151
412.8769,420.68213,408.90567,373.11523,620850713099985,620850742528839
421.1021,397.77704,408.90567,373.11523,620850744660818,620850774601287
429.77045,390.12375,412.8769,390.12375,620850776414933,620850808152953
399.0208,489.78485,408.90567,390.12375,620850808882693,620850838673370
463.82278,451.95395,412.8769,390.12375,620850847785610,620850880102380
472.0634,461.39444,412.8769,451.95395,620850881759672,620850911403162
453.64807,487.53278,453.64807,451.95395,620850911494568,620850943749985
410.5559,486.49124,412.8769,461.39444,620850947079099,620850979534360
469.6764,483.37592,453.64807,483.37592,620850979629620,620851011777537
487.76254,533.199,453.64807,483.37592,620851013003578,620851070278370
470.1114,514.71216,469.6764,483.37592,620851070374620,620851113232016
494.03668,498.3542,470.1114,498.3542,620851113515193,620851145383526
477.75604,546.4889,470.1114,498.3542,620851145507693,620851178112641
442.31842,502.92676,470.1114,498.3542,620851178396130,620851213940818
428.97263,547.4172,470.1114,502.92676,620851214023943,620851244707641
433.33658,584.5285,442.31842,502.92676,620851245541599,620851283252172
478.40552,565.4982,470.1114,547.4172,620851283344568,620851314893578
471.10294,548.4641,470.1114,548.4641,620851315041234,620851347166703
475.73398,545.40625,471.10294,547.4172,620851354160870,620851386637797
451.4439,601.20087,470.1114,548.4641,620851386790714,620851419257276
486.2818,560.58997,471.10294,548.4641,620851419419932,620851451494672
488.6267,591.3909,471.10294,560.58997,620851452235505,620851484224047
478.32056,604.2053,478.32056,560.58997,620851484390141,620851514390713
465.90067,658.6936,471.10294,591.3909,620851514466234,620851558518213
508.9614,703.0253,478.32056,604.2053,620851558631651,620851592446338
506.62332,684.3492,478.32056,658.6936,620851592538630,620851625779724
474.95465,682.00494,478.32056,682.00494,620851625875297,620851660809880
530.6398,660.3315,478.32056,660.3315,620851660920036,620851694810453
518.8295,673.7682,478.32056,673.7682,620851695006963,620851729893213
518.94196,663.02185,518.8295,663.02185,620851730059724,620851760262640
494.8804,646.938,494.8804,663.02185,620851760508370,620851790873265
518.40924,649.56836,518.40924,663.02185,620851790978422,620851830864359
477.9343,648.71857,494.8804,649.56836,620851831050557,620851862071807
481.47305,657.7084,494.8804,657.7084,620851862188109,620851894211078
523.31964,630.59235,494.8804,649.56836,620851894370557,620851935624099
531.93884,588.67993,494.8804,649.56836,620851935731911,620851968120297
557.40216,624.93207,523.31964,630.59235,620851968223422,620851998486495
544.8,630.1652,531.93884,630.1652,620851998690401,620852039876442
560.2166,617.575,544.8,630.1652,620852039953630,620852071307015
552.6096,680.2877,544.8,630.1652,620852071476911,620852103285713
585.5459,658.6212,552.6096,630.1652,620852103438317,620852135171026
563.3298,642.9449,552.6096,642.9449,620852135292901,620852165210036
568.3384,669.3529,563.3298,642.9449,620852165382172,620852196287015
597.8811,703.2818,563.3298,642.9449,620852196448526,620852229927224
612.32434,759.6731,568.3384,669.3529,620852230107797,620852265083994
519.90247,750.6998,563.3298,703.2818,620852265236026,620852294820140
523.4319,726.15106,563.3298,726.15106,620852295008422,620852326492380
577.6717,717.57104,563.3298,717.57104,620852326639515,620852362806599
568.6831,707.2724,563.3298,717.57104,620852362965453,620852397019776
561.9212,760.15295,563.3298,717.57104,620852397229307,620852432409099
554.9365,835.5823,563.3298,717.57104,620852432602692,620852462310765
585.5327,860.77277,563.3298,760.15295,620852462495505,620852502612015
573.2981,869.9763,563.3298,835.5823,620852502695453,620852533429776
562.87555,940.06006,563.3298,860.77277,620852533614776,620852562677432
527.22797,962.30835,563.3298,869.9763,620852562866130,620852594334828
528.4243,942.5356,562.87555,940.06006,620852594521338,620852627860869
592.87494,962.8936,563.3298,942.5356,620852628087953,620852662045661
546.86255,1058.6329,562.87555,942.5356,620852662211286,620852694162328
603.0189,1010.1106,563.3298,962.8936,620852694315869,620852725231494
617.3836,1017.102,563.3298,1010.1106,620852725377588,620852758668265
641.3567,996.95844,603.0189,996.95844,620852758812275,620852789628578
619.97394,1003.8758,617.3836,1003.8758,620852789727223,620852821982796
610.6092,1013.55615,610.6092,1003.8758,620852822131755,620852856858994
624.91034,1042.8827,617.3836,1003.8758,620852857652328,620852890345192
615.6085,1016.62177,615.6085,1013.55615,620852891265713,620852924551755
616.7108,1038.732,616.7108,1016.62177,620852924728213,620852970115921
662.3221,1076.665,616.7108,1016.62177,620852970194411,620852999870817
647.37573,1081.1371,616.7108,1038.732,620852999965140,620853032977484
643.8758,1034.1771,643.8758,1034.1771,620853033092952,620853061826182
663.53436,1016.1325,643.8758,1034.1771,620853061940505,620853092618317
618.19495,1075.4307,643.8758,1034.1771,620853092800452,620853126844150
630.17505,1049.4114,643.8758,1034.1771,620853127029671,620853159909775
627.3661,1127.4225,630.17505,1049.4114,620853160174515,620853190380088
617.6258,1131.6549,630.17505,1049.4114,620853190551911,620853223616702
587.30347,1154.1538,627.3661,1127.4225,620853223788213,620853254824567
505.3633,1189.3652,617.6258,1131.6549,620853254911754,620853288982171
588.048,1147.2615,588.048,1147.2615,620853289487015,620853321876546
621.2935,1150.4717,617.6258,1147.2615,620853321988004,620853356902223
650.219,1182.321,617.6258,1147.2615,620853357030504,620853392711025
632.75525,1212.8484,621.2935,1150.4717,620853392816911,620853423985556
719.8762,1187.5668,632.75525,1182.321,620853424144515,620853462662640
703.2751,1246.8402,632.75525,1187.5668,620853462771338,620853495458004
684.4803,1258.5681,684.4803,1187.5668,620853495634515,620853526869202
703.9721,1238.2076,684.4803,1238.2076,620853527031546,620853559843786
703.8042,1220.2448,684.4803,1220.2448,620853561270869,620853591475973
720.7689,1233.117,703.8042,1233.117,620853592100088,620853624275869
699.13074,1264.847,699.13074,1233.117,620853624426546,620853656629202
662.3494,1260.7772,699.13074,1233.117,620853656774150,620853689179463
671.7516,1301.6487,699.13074,1260.7772,620853689365973,620853720368629
694.9992,1294.1346,694.9992,1260.7772,620853720457015,620853752983265
694.78156,1319.5524,694.9992,1294.1346,620853753095765,620853786653629
700.3042,1306.8698,694.9992,1294.1346,620853786732119,620853819801025
673.8948,1297.3912,694.9992,1297.3912,620853819897327,620853858806025
702.16583,1246.798,694.9992,1294.1346,620853858976806,620853891217275
672.34845,1339.8021,694.9992,1297.3912,620853891323056,620853927632171
664.9603,1302.5859,694.9992,1297.3912,620853927722223,620853961329723
664.8423,1315.6268,672.34845,1302.5859,620853961518994,620853991938577
679.6552,1304.9193,679.6552,1302.5859,620853992095713,620854025347588
697.52625,1265.1915,679.6552,1302.5859,620854025527900,620854056890348
694.913,1239.5696,679.6552,1302.5859,620854057087171,620854090150921
712.6759,1145.2229,694.913,1265.1915,620854090327952,620854124796702
757.1103,1126.4143,694.913,1239.5696,620854124957692,620854165164983
749.5976,1178.5702,712.6759,1178.5702,620854165272067,620854199167379
791.5143,1136.9563,749.5976,1178.5702,620854199324306,620854232562535
726.1439,1156.176,726.1439,1178.5702,620854232753785,620854264138004
727.3307,1184.6609,727.3307,1178.5702,620854264252848,620854298641598
753.16925,1123.1036,727.3307,1178.5702,620854298743056,620854328248889
741.67725,1123.1271,727.3307,1178.5702,620854328429462,620854359715504
742.5122,1111.6761,741.67725,1123.1271,620854359835296,620854392097119
727.11646,1141.8936,727.3307,1141.8936,620854392201702,620854424212535
747.3303,1112.2964,741.67725,1123.1271,620854424387171,620854455796233
683.8932,873.73114,727.3307,1123.1271,620854455929306,620854489061337
701.55176,799.8234,727.3307,1112.2964,620854489605817,620854521296129
676.302,781.1586,701.55176,873.73114,620854521445504,620854552728056
626.37933,807.4468,701.55176,807.4468,620854553800764,620854589689410
590.0337,810.4631,676.302,810.4631,620854589796233,620854621833421
531.41284,767.5774,626.37933,807.4468,620854622001494,620854654422066
587.96906,777.59906,590.0337,807.4468,620854654606910,620854690838212
566.6765,763.1155,587.96906,777.59906,620854690944358,620854721750348
622.9096,755.6248,590.0337,777.59906,620854721926233,620854753326233
661.6346,714.06116,590.0337,763.1155,620854753507900,620854784129514
617.7983,787.2105,617.7983,777.59906,620854784233785,620854831926493
570.4777,756.80023,590.0337,763.1155,620854832079358,620854865046285
573.1255,757.6221,590.0337,763.1155,620854865149462,620854895567431
599.3888,768.33276,590.0337,763.1155,620854895753264,620854925508108
626.2792,719.2852,590.0337,763.1155,620854925663160,620854954634670
815.47687,628.7575,599.3888,763.1155,620854954782379,620854992570087
803.3775,599.93774,626.2792,719.2852,620854992749618,620855025113889
808.8579,628.87897,803.3775,628.87897,620855025301389,620855054800608
839.0545,575.3508,803.3775,628.87897,620855054962431,620855086868525
809.5121,518.1259,808.8579,628.87897,620855087027379,620855121503473
790.0492,467.7572,803.3775,575.3508,620855121650973,620855155831754
755.5754,497.72003,803.3775,518.1259,620855156037066,620855190376441
781.31055,464.6067,790.0492,497.72003,620855190530087,620855225475920
834.44086,481.47223,803.3775,497.72003,620855225661025,620855259879410
785.0637,620.0733,790.0492,497.72003,620855259997847,620855298331389
745.81726,806.2823,790.0492,497.72003,620855298431493,620855330735087
681.29047,834.64185,785.0637,620.0733,620855330894879,620855361773368
695.38086,814.2637,745.81726,806.2823,620855361959410,620855393164618
701.6436,818.04315,701.6436,814.2637,620855393345035,620855427508681
675.0822,830.51483,701.6436,814.2637,620855427688733,620855462099983
685.4914,812.2316,701.6436,814.2637,620855462306024,620855494276702
660.70135,912.5608,685.4914,814.2637,620855494443629,620855523482952
675.78326,939.8646,685.4914,814.2637,620855523640868,620855556367274
689.19147,958.18536,685.4914,912.5608,620855556531181,620855595751910
