x_raw,y_raw,x_filtered,y_filtered,gaze_timestamp,record_timestamp
922.6826,1056.0186,100.46534,1007.9702,748244155042742,748244224523367
696.0293,944.6893,100.46534,994.6207,748244224690034,748244290339565
461.3724,1037.3944,461.3724,1007.9702,748244290425763,748244344863263
393.21915,1034.3346,393.21915,1007.9702,748244345875086,748244394532794
211.75871,510.22153,393.21915,1007.9702,748244394637950,748244432913784
284.06244,517.2283,393.21915,1007.9702,748244433424721,748244468826752
248.82042,425.1704,284.06244,517.2283,748244468991544,748244516191127
274.2558,449.8842,284.06244,517.2283,748244516315346,748244560723888
178.37788,418.96973,274.2558,449.8842,748244560827065,748244598692586
140.53094,389.12656,274.2558,449.8842,748244599050867,748244636435346
134.03464,423.48196,178.37788,423.48196,748244636579461,748244676529513
142.63455,437.39337,142.63455,437.39337,748244676677065,748244721369096
131.96394,436.7331,142.63455,436.7331,748244721541596,748244772923575
640.23083,355.7991,142.63455,436.7331,748244773029929,748244811811700
638.9297,318.05255,142.63455,436.7331,748244811951023,748244846976075
640.2925,298.50485,638.9297,355.7991,748244847178263,748244882254929
628.8889,298.26416,628.8889,318.05255,748244882429877,748244914854408
638.763,300.6388,638.763,300.6388,748244915031596,748244946663783
698.91156,328.68353,638.763,318.05255,748244946852898,748245006442794
1029.391,1052.5051,638.763,318.05255,748245006547742,748245038642169
1041.9708,1014.9479,698.91156,328.68353,748245038833783,748245072598315
994.82306,989.8231,994.82306,989.8231,748245072730346,748245103470867
992.9239,1039.0438,992.9239,989.8231,748245103645085,748245136640190
1012.16785,1070.5918,994.82306,989.8231,748245136802117,748245170201648
1018.8709,1111.049,994.82306,1039.0438,748245170372533,748245205922585
1015.0283,1127.9911,1012.16785,1070.5918,748245206052429,748245239766075
878.4104,1113.8356,994.82306,1111.049,748245239910450,748245276671804
361.7529,1107.55,994.82306,1107.55,748245276789512,748245316533575
370.69754,1085.9648,878.4104,1107.55,748245316720242,748245349544044
361.0505,1124.9768,370.69754,1107.55,748245349739304,748245381572689
384.09943,1081.1317,384.09943,1107.55,748245381752637,748245414871856
382.14325,1029.6986,382.14325,1107.55,748245415030554,748245450404304
368.1121,1058.07,382.14325,1081.1317,748245450608158,748245482659877
403.89233,1014.47015,382.14325,1058.07,748245482876439,748245515101387
456.0927,831.08276,382.14325,1058.07,748245515315294,748245548240346
513.48645,843.94324,403.89233,1014.47015,748245548400762,748245584624408
485.90314,807.84186,456.0927,843.94324,748245584803419,748245617484096
497.6013,906.0083,485.90314,906.0083,748245617670033,748245648474721
520.24286,483.4005,485.90314,843.94324,748245648677064,748245680424929
532.5449,364.50433,497.6013,843.94324,748245680606283,748245722031231
533.91406,359.86954,520.24286,483.4005,748245722169408,748245759867325
533.5408,378.06277,532.5449,378.06277,748245759962012,748245793471752
535.6395,348.6238,533.5408,378.06277,748245793581648,748245831031856
797.3334,346.45346,533.5408,378.06277,748245831213939,748245864860866
925.78503,417.5506,535.6395,378.06277,748245864997741,748245896220398
940.30304,427.8055,797.3334,378.06277,748245896362168,748245926697273
946.2845,441.19406,925.78503,417.5506,748245929235502,748245962686596
945.6367,422.83527,940.30304,422.83527,748245967509043,748246000093939
928.69867,422.79572,928.69867,422.79572,748246000260710,748246037032064
922.4781,416.0366,928.69867,422.79572,748246037151075,748246069883627
984.1987,917.67426,928.69867,422.79572,748246070006283,748246104870450
1006.8746,1205.1577,928.69867,422.79572,748246104998158,748246137827741
1011.04285,1184.2627,984.1987,917.67426,748246137947845,748246169430189
993.6247,1198.2538,993.6247,1184.2627,748246169549981,748246203490762
983.0511,1129.7185,984.1987,1129.7185,748246203650658,748246238182220
992.03534,1153.6198,992.03534,1153.6198,748246238326804,748246295266856
662.9836,998.9017,984.1987,1129.7185,748246295413262,748246330685710
395.3544,1007.9812,984.1987,1129.7185,748246330830137,748246364588418
345.00854,1076.3446,662.9836,1076.3446,748246364733262,748246396578835
350.12527,1065.2288,395.3544,1076.3446,748246396730710,748246433462377
335.50278,1072.633,350.12527,1076.3446,748246433596595,748246462698366
531.2638,1022.45337,395.3544,1072.633,748246463310345,748246496207533
718.10913,1010.6047,395.3544,1072.633,748246497388939,748246530020658
727.6103,1053.0457,531.2638,1053.0457,748246530178887,748246562209460
679.38824,1017.4169,679.38824,1053.0457,748246563817220,748246594695137
736.4328,983.4201,679.38824,1053.0457,748246595288418,748246627416595
744.88135,1011.09985,679.38824,1017.4169,748246633326804,748246674057220
765.83954,1048.4545,736.4328,1048.4545,748246674220606,748246714836908
744.89923,1021.8034,744.88135,1021.8034,748246714989043,748246748670970
444.6134,1128.6464,736.4328,1048.4545,748246748821856,748246779783626
407.06195,1170.1996,736.4328,1048.4545,748246779976283,748246812339772
384.92944,1140.644,444.6134,1128.6464,748246812517689,748246846982324
353.7984,1150.8855,407.06195,1140.644,748246847140189,748246880211803
375.75284,1193.1156,384.92944,1140.644,748246880390553,748246915432845
504.4528,1121.4327,407.06195,1140.644,748246915612220,748246947263262
742.91486,1131.2897,407.06195,1140.644,748246947449408,748246982607272
731.9787,1098.8998,504.4528,1131.2897,748246982802949,748247016368731
750.3123,1065.8394,731.9787,1131.2897,748247016510241,748247046691803
746.4173,1020.8531,731.9787,1098.8998,748247046833626,748247077603731
716.5904,1110.0806,731.9787,1110.0806,748247077749199,748247109757324
740.5044,1138.8132,731.9787,1110.0806,748247109896335,748247142070345
746.4486,1119.5363,731.9787,1110.0806,748247144734512,748247180062012
717.6027,1211.974,731.9787,1119.5363,748247180203366,748247211143001
599.7711,1609.8964,731.9787,1119.5363,748247211277428,748247245671908
630.12463,1627.4393,717.6027,1211.974,748247245823939,748247276645658
654.6314,1638.353,654.6314,1609.8964,748247276785345,748247321265866
702.5731,1579.5942,702.5731,1579.5942,748247321350085,748247350945657
649.3272,1628.3718,654.6314,1609.8964,748247351105814,748247382064407
318.61935,1571.2148,654.6314,1579.5942,748247382245137,748247413598835
250.19621,1512.1893,649.3272,1579.5942,748247413746335,748247445362689
264.20334,1518.3541,318.61935,1571.2148,748247445506751,748247478299928
258.1199,1569.087,264.20334,1569.087,748247478439095,748247512567220
311.8792,1511.6115,311.8792,1569.087,748247512710032,748247545577741
342.7938,1551.7634,311.8792,1569.087,748247545721751,748247578017116
434.20984,1556.6892,311.8792,1556.6892,748247578165397,748247611506855
451.9582,1556.529,342.7938,1556.6892,748247611635084,748247647286595
501.04178,1552.0385,434.20984,1556.6892,748247647426439,748247680431022
498.2569,1524.1958,451.9582,1556.529,748247680588782,748247712526647
514.7414,1544.4692,498.2569,1552.0385,748247712678366,748247744255084
528.19086,1532.859,498.2569,1544.4692,748247744429459,748247777672532
489.80344,1562.187,498.2569,1552.0385,748247777833678,748247810917949
445.25546,1539.3684,498.2569,1544.4692,748247811087064,748247842396439
356.30893,1562.4901,489.80344,1552.0385,748247842558470,748247882672428
298.49246,1567.4819,445.25546,1552.0385,748247882837741,748247915165084
274.39648,1543.2648,356.30893,1552.0385,748247915336282,748247946575866
531.4011,1120.4803,445.25546,1552.0385,748247946743834,748247978226855
698.778,784.2329,445.25546,1543.2648,748247978387845,748248010687532
713.90857,806.43036,531.4011,1120.4803,748248010845449,748248045366022
681.1181,804.3463,681.1181,806.43036,748248045524876,748248089204355
625.172,801.5341,625.172,806.43036,748248089462845,748248118931282
683.97955,850.73804,681.1181,806.43036,748248119086647,748248151569720
675.70374,816.8977,675.70374,806.43036,748248151717168,748248184103834
649.36,794.6423,675.70374,806.43036,748248184254720,748248213439720
677.8361,838.28577,675.70374,806.43036,748248213609563,748248245588990
670.384,839.8377,675.70374,806.43036,748248245760501,748248278689095
606.0026,801.0858,675.70374,806.43036,748248278838834,748248312060970
648.6065,827.837,670.384,806.43036,748248312199772,748248344843834
626.84625,832.69293,648.6065,806.43036,748248344988522,748248376625605
635.8261,821.59973,648.6065,821.59973,748248376754928,748248409113470
604.15344,875.496,635.8261,821.59973,748248409241282,748248439046803
671.50806,790.879,648.6065,821.59973,748248439625084,748248472419303
625.2523,888.4831,635.8261,821.59973,748248472907532,748248505626386
605.4,818.2659,635.8261,821.59973,748248505776595,748248536610865
434.32782,939.44446,625.2523,821.59973,748248537178886,748248578897167
446.10034,938.9713,605.4,821.59973,748248579036595,748248609484772
410.3023,929.7918,446.10034,929.7918,748248609657532,748248641818365
427.59558,981.3209,446.10034,929.7918,748248641985813,748248675677376
364.3299,993.4326,427.59558,929.7918,748248675810969,748248708702584
407.80896,925.91534,427.59558,929.7918,748248708854667,748248742836022
401.9776,940.8494,407.80896,929.7918,748248742965292,748248776216699
366.02588,941.58685,407.80896,929.7918,748248776362011,748248808182532
349.19592,1023.0724,401.9776,940.8494,748248808331907,748248843667167
322.7186,1029.1792,366.02588,941.58685,748248843757792,748248876763574
289.58746,1059.9698,349.19592,1023.0724,748248876889094,748248908191751
324.28656,1026.0234,324.28656,1026.0234,748248908326386,748248946702115
320.8911,1021.57043,324.28656,1023.0724,748248946834355,748248979190136
298.49634,1044.6439,324.28656,1026.0234,748248979351855,748249010844251
583.2964,1029.4054,324.28656,1026.0234,748249011018886,748249045938574
639.6525,1055.9766,324.28656,1029.4054,748249046078105,748249077943573
633.28735,1077.7484,583.2964,1029.4054,748249078120917,748249110127011
640.98676,1022.5211,633.28735,1029.4054,748249110241751,748249140430448
714.55347,1072.9814,633.28735,1029.4054,748249140519823,748249175978626
682.1917,1065.0994,640.98676,1029.4054,748249176249823,748249208418886
672.0185,1036.9607,672.0185,1036.9607,748249208560553,748249239847167
652.5926,1089.0532,652.5926,1036.9607,748249239927376,748249273340344
634.7724,1128.532,652.5926,1036.9607,748249273500188,748249304237219
504.55164,1101.9883,652.5926,1089.0532,748249304822063,748249336968625
459.65308,1128.2035,634.7724,1101.9883,748249337090969,748249369431021
410.73566,1100.3091,504.55164,1100.3091,748249369547428,748249400918469
411.92194,1068.7268,459.65308,1100.3091,748249401044563,748249432034042
420.77002,1108.0948,420.77002,1100.3091,748249432161125,748249462784667
427.06967,1113.9132,427.06967,1100.3091,748249467691698,748249500786230
716.92163,453.22006,427.06967,1100.3091,748249500870292,748249533086386
823.52893,380.67014,427.06967,1100.3091,748249533466282,748249563500448
837.7327,330.11664,716.92163,453.22006,748249564381855,748249594231646
772.92596,365.3107,772.92596,380.67014,748249598889563,748249628429615
764.9091,400.7563,764.9091,400.7563,748249632285917,748249662835605
836.4806,434.23804,772.92596,400.7563,748249664957792,748249697567532
845.7917,425.73523,772.92596,400.7563,748249697697792,748249729180917
964.7862,435.14276,836.4806,425.73523,748249730800136,748249762041334
962.24744,457.71878,845.7917,425.73523,748249765407792,748249798571854
963.415,448.60236,962.24744,435.14276,748249798680240,748249829240552
947.5853,471.95175,947.5853,448.60236,748249830743625,748249864108938
964.50275,441.46826,962.24744,441.46826,748249867613104,748249896795396
962.7722,437.50827,962.24744,441.46826,748249902797375,748249955995969
959.7052,419.89066,962.24744,441.46826,748249956178886,748249985539979
959.9897,577.68134,962.24744,441.46826,748249985679667,748250030193677
1020.3879,1050.5217,962.24744,441.46826,748250030328261,748250060724823
1011.6266,1159.1628,962.24744,577.68134,748250060893104,748250093233625
1019.8079,1158.0481,1011.6266,1050.5217,748250093394511,748250126076281
1020.19495,1154.4894,1011.6266,1154.4894,748250126241073,748250157694146
1005.388,1122.5421,1011.6266,1122.5421,748250157883052,748250188896646
1009.39606,1182.628,1011.6266,1154.4894,748250189119458,748250222215813
764.4814,1031.494,1009.39606,1122.5421,748250222398833,748250262341073
387.05673,883.9276,1009.39606,1122.5421,748250262513938,748250294862271
393.95734,900.7904,764.4814,1031.494,748250294982167,748250325221177
380.66287,922.7644,393.95734,922.7644,748250325397948,748250356384615
407.1472,966.6791,407.1472,966.6791,748250356571906,748250386725240
367.8689,942.1853,393.95734,942.1853,748250386815656,748250437496073
387.25708,1090.5222,393.95734,966.6791,748250437640656,748250480130708
489.53955,1006.2403,393.95734,966.6791,748250480220865,748250512550865
595.25446,888.25415,393.95734,966.6791,748250512755344,748250545055969
824.07605,780.2906,489.53955,966.6791,748250545239250,748250578442896
828.5935,783.529,595.25446,888.25415,748250578636906,748250615804719
794.4156,650.12335,794.4156,783.529,748250615947948,748250652742740
830.6416,675.6938,794.4156,783.529,748250652922115,748250693094406
835.0753,724.0844,794.4156,724.0844,748250693290812,748250723404615
804.9182,658.5395,804.9182,724.0844,748250723590656,748250762518833
406.85306,879.3918,794.4156,724.0844,748250762959094,748250795972219
397.75433,931.36084,794.4156,724.0844,748250796152635,748250826367635
386.64676,911.0671,406.85306,879.3918,748250826544719,748250856356646
377.95416,984.4828,397.75433,911.0671,748250856548625,748250887476906
334.49716,1148.8994,386.64676,911.0671,748250887664979,748250920478104
304.6078,1291.9528,377.95416,984.4828,748250920651385,748250952390708
279.89847,1205.6682,334.49716,1148.8994,748250952493989,748250983778781
246.26825,1134.8665,304.6078,1134.8665,748250984107687,748251013758469
271.57278,1100.6072,279.89847,1134.8665,748251013908833,748251045892166
325.4468,1152.8214,304.6078,1134.8665,748251046012427,748251077432271
512.8725,1274.9847,304.6078,1134.8665,748251077583104,748251108850239
497.02643,1395.1112,325.4468,1152.8214,748251109011489,748251140599614
608.8774,1211.3184,497.02643,1211.3184,748251140764771,748251174966281
577.8997,1267.8851,497.02643,1211.3184,748251175093573,748251208368937
546.2655,1284.4264,546.2655,1211.3184,748251208498052,748251239674510
524.3673,1300.338,524.3673,1267.8851,748251239794875,748251270087166
259.09805,1388.0028,524.3673,1284.4264,748251270234875,748251302540604
227.0628,1385.3243,524.3673,1300.338,748251302645552,748251353484510
236.66837,1458.4481,259.09805,1385.3243,748251353664198,748251386156802
231.49414,1438.2404,236.66837,1385.3243,748251386320187,748251425563625
294.1837,1418.2643,259.09805,1418.2643,748251425672635,748251455290916
296.54092,1305.3276,259.09805,1385.3243,748251455468312,748251493362739
264.81668,1296.0361,264.81668,1385.3243,748251493539302,748251524434562
241.58688,1344.4294,259.09805,1344.4294,748251524608729,748251555274093
149.59015,1275.1202,259.09805,1344.4294,748251555445291,748251587171854
151.5746,1318.2377,241.58688,1344.4294,748251587334718,748251625217166
162.16801,1338.8201,162.16801,1338.8201,748251625359510,748251666669093
152.37749,1366.265,162.16801,1344.4294,748251667110187,748251718210031
571.7947,1530.8204,162.16801,1344.4294,748251718361697,748251755566697
741.55853,1557.2751,162.16801,1366.265,748251755659406,748251792430447
798.4969,1454.6978,571.7947,1454.6978,748251792532062,748251825820812
739.493,1521.4185,739.493,1454.6978,748251826004145,748251866799458
715.4527,1462.5845,715.4527,1454.6978,748251866889093,748251900583729
740.84894,1452.6176,739.493,1454.6978,748251900747479,748251935864666
607.666,1098.6749,715.4527,1454.6978,748251936110760,748251970333833
378.65613,747.4154,715.4527,1452.6176,748251970538312,748252004910083
378.00488,724.65906,607.666,1098.6749,748252005030552,748252036337322
361.19595,794.0435,378.65613,794.0435,748252036514822,748252071156802
386.55728,748.43494,386.55728,794.0435,748252071259197,748252102868104
376.78186,741.1478,378.65613,794.0435,748252103283520,748252134915864
375.66553,761.5803,378.65613,761.5803,748252135081541,748252169620812
244.37701,1198.1019,376.78186,794.0435,748252169886072,748252205882739
192.54063,1242.195,375.66553,794.0435,748252205976124,748252240244249
214.9787,1259.3038,244.37701,1198.1019,748252240352114,748252270582531
231.03659,1257.443,231.03659,1242.195,748252270691281,748252301476229
177.17218,1277.3662,231.03659,1257.443,748252301660760,748252341041437
527.17456,898.1751,231.03659,1242.195,748252341141645,748252373559249
608.57556,738.5105,231.03659,1242.195,748252373644666,748252404316749
590.3273,790.6135,527.17456,898.1751,748252404482583,748252440274562
600.5791,694.679,590.3273,790.6135,748252440422062,748252471305864
594.2643,804.1721,590.3273,804.1721,748252471389093,748252504813624
603.4252,787.4029,594.2643,790.6135,748252504976385,748252536532687
576.6675,731.3543,590.3273,790.6135,748252537202270,748252570473780
600.60406,818.28296,594.2643,790.6135,748252570581489,748252602465499
617.37665,845.10626,594.2643,790.6135,748252603007166,748252636132062
561.1072,862.0873,594.2643,818.28296,748252636298572,748252666538208
554.1259,878.3908,594.2643,845.10626,748252667390655,748252700682687
583.4332,834.5787,583.4332,834.5787,748252700836489,748252732342010
571.1532,847.12646,583.4332,845.10626,748252733029301,748252766350708
547.07477,857.2635,583.4332,845.10626,748252766776489,748252805910603
582.93677,860.7794,582.93677,847.12646,748252806534718,748252840588728
574.6875,901.04297,582.93677,857.2635,748252840699614,748252876331176
551.827,834.09357,582.93677,847.12646,748252876450135,748252908387791
548.5193,798.5163,574.6875,847.12646,748252908543468,748252939709874
551.53815,830.2632,551.827,834.09357,748252939836749,748252972231853
553.1706,846.395,553.1706,846.395,748252972401749,748253003830551
568.9086,783.66486,553.1706,834.09357,748253003981072,748253038459301
575.93146,904.3079,553.1706,846.395,748253038628312,748253069918259
581.9033,877.89087,568.9086,846.395,748253070092530,748253101030551
561.1429,815.1014,561.1429,846.395,748253101373676,748253132858624
601.4433,816.0193,568.9086,846.395,748253133170499,748253163958312
561.81433,839.1672,561.81433,839.1672,748253164820239,748253201344509
568.28766,835.7331,568.28766,839.1672,748253201450447,748253232147478
552.3578,808.2528,561.81433,839.1672,748253233042895,748253274062634
553.71857,779.82434,561.81433,835.7331,748253274165447,748253305844301
563.92645,802.2055,561.81433,808.2528,748253305954197,748253337737426
541.4832,771.99805,561.81433,802.2055,748253337897582,748253372503416
545.5589,793.90735,561.81433,802.2055,748253372600655,748253404807686
551.70984,949.2252,551.70984,802.2055,748253404971541,748253435084509
533.15875,930.0719,551.70984,802.2055,748253435202582,748253467835499
525.639,887.76154,551.70984,887.76154,748253468048832,748253499586436
516.51086,1001.5595,533.15875,887.76154,748253499716593,748253530200707
516.823,991.91943,525.639,887.76154,748253530438572,748253559877634
532.8563,949.238,532.8563,949.238,748253561861176,748253591981749
526.4055,858.3127,526.4055,887.76154,748253596271384,748253626889249
501.3189,901.81714,526.4055,901.81714,748253628909718,748253661821280
476.8211,903.04626,526.4055,901.81714,748253663020290,748253693200447
531.5441,893.2273,526.4055,901.81714,748253693949874,748253738008884
475.06485,910.1186,526.4055,901.81714,748253738094405,748253770564874
466.2172,870.2459,526.4055,901.81714,748253770673572,748253804674040
496.91034,908.14575,496.91034,901.81714,748253804857999,748253836869874
460.49484,859.7791,496.91034,901.81714,748253837037686,748253872481280
501.38824,852.0252,496.91034,901.81714,748253872645551,748253904209249
517.682,840.64575,496.91034,859.7791,748253904382270,748253939834405
507.29007,886.291,501.38824,886.291,748253940102738,748253974686697
502.1839,925.5369,502.1839,886.291,748253974848884,748254009017582
505.96982,902.34576,502.1839,886.291,748254009133676,748254041839717
505.03085,856.6464,502.1839,886.291,748254041955811,748254075197270
519.604,922.0163,505.03085,886.291,748254075374145,748254109369353
498.03357,805.5659,502.1839,886.291,748254109808832,748254143205707
478.01135,835.0979,502.1839,886.291,748254143301644,748254172818884
510.3686,866.2365,502.1839,866.2365,748254172982426,748254221859874
516.6234,874.3616,502.1839,874.3616,748254221958311,748254255826801
526.9517,901.8232,510.3686,874.3616,748254255927478,748254288440759
514.9171,881.79626,514.9171,874.3616,748254288604092,748254320236801
512.83563,841.05176,512.83563,874.3616,748254320410342,748254350884978
526.31537,769.27075,514.9171,874.3616,748254351094613,748254383349926
519.6747,854.5957,514.9171,854.5957,748254383534457,748254414981592
494.95712,760.56616,514.9171,854.5957,748254415159405,748254445493624
490.02878,846.98413,514.9171,854.5957,748254445620030,748254479536124
506.99338,887.83875,506.99338,854.5957,748254479969717,748254515378311
535.33124,839.98804,514.9171,854.5957,748254515555238,748254545798988
562.3931,833.5561,514.9171,854.5957,748254545931228,748254578254561
551.63885,804.66345,535.33124,839.98804,748254578347842,748254611303728
536.34076,828.75977,536.34076,833.5561,748254611396280,748254640990551
514.6615,865.91077,535.33124,839.98804,748254641102009,748254671118832
510.01178,820.7486,535.33124,833.5561,748254671302373,748254703677373
502.7424,834.85455,514.6615,834.85455,748254703779978,748254737313467
513.9952,855.5926,513.9952,834.85455,748254737477842,748254768373363
495.3658,866.1086,513.9952,834.85455,748254768546332,748254805439405
506.4636,914.4188,513.9952,855.5926,748254805618155,748254837381696
505.74188,876.29443,506.4636,866.1086,748254837538988,748254867360863
521.5399,861.8324,513.9952,861.8324,748254867516280,748254898225134
525.1391,894.97424,513.9952,866.1086,748254898370238,748254927918050
512.5436,905.34015,513.9952,866.1086,748254927997738,748254959293259
519.74365,878.6383,513.9952,878.6383,748254968146123,748255000061852
519.6003,845.4175,513.9952,866.1086,748255000222894,748255029493727
518.6537,818.8906,518.6537,866.1086,748255029592634,748255060913311
509.54297,850.5787,513.9952,850.5787,748255062868311,748255093403780
492.2266,882.29724,513.9952,866.1086,748255095096227,748255125587998
461.14227,860.4067,509.54297,860.4067,748255127577373,748255162959405
508.26498,851.64874,508.26498,860.4067,748255163100967,748255192914561
499.05237,824.6141,508.26498,860.4067,748255193503519,748255223037686
528.74756,835.895,508.26498,851.64874,748255226730342,748255257392165
521.64197,822.2348,508.26498,835.895,748255261390238,748255290312738
526.4131,870.60547,521.64197,851.64874,748255294698050,748255326560550
525.9874,855.3916,521.64197,851.64874,748255327571175,748255357778259
542.1964,838.8452,525.9874,851.64874,748255365251852,748255399306279
531.07043,781.14484,525.9874,851.64874,748255399463571,748255430676800
494.44272,903.5689,525.9874,851.64874,748255435614509,748255466416696
522.55304,819.8334,525.9874,851.64874,748255466508206,748255497518050
504.17413,851.4342,522.55304,851.64874,748255498434977,748255527959769
516.016,843.1068,522.55304,851.4342,748255528718936,748255557612894
526.88654,809.3482,522.55304,851.4342,748255559147373,748255588624509
522.40717,818.6926,522.55304,843.1068,748255591630811,748255624266748
520.8834,857.08746,522.55304,851.4342,748255624733102,748255655366279
523.4779,883.6183,522.55304,851.4342,748255661767269,748255694592165
541.5396,990.71625,522.55304,857.08746,748255694982477,748255724313206
558.4606,927.11444,523.4779,883.6183,748255734384769,748255770204404
523.25977,923.738,523.25977,923.738,748255770364561,748255801197894
539.1031,905.9625,523.4779,905.9625,748255801370863,748255831588258
531.6655,978.16626,523.4779,923.738,748255831775602,748255865341540
533.1021,874.0269,531.6655,905.9625,748255865523206,748255895762894
527.1732,894.1946,527.1732,905.9625,748255896403727,748255928538310
528.8544,913.48254,528.8544,905.9625,748255929155863,748255958649977
532.95123,867.17474,528.8544,905.9625,748255960105185,748255993409613
556.3202,874.04865,528.8544,905.9625,748255993578831,748256023373467
536.2454,918.756,532.95123,905.9625,748256029537060,748256074374352
528.8248,896.3799,528.8544,905.9625,748256074495237,748256103308727
525.1312,863.4846,528.8544,905.9625,748256103414300,748256134203206
544.0206,870.0979,528.8544,896.3799,748256134376852,748256164447946
525.83185,885.3555,528.8544,885.3555,748256165065237,748256197473415
537.71796,836.86957,528.8544,885.3555,748256204382685,748256237085237
542.9708,863.4695,528.8544,885.3555,748256237177998,748256270090706
534.215,837.3654,534.215,863.4695,748256270267477,748256302058623
509.2475,813.9677,528.8544,863.4695,748256302206227,748256334435394
528.20013,813.81335,528.8544,837.3654,748256334591956,748256367117529
545.1364,824.3788,528.8544,824.3788,748256367287633,748256399106435
527.1042,874.66766,528.8544,837.3654,748256399275810,748256430567998
532.8516,837.12756,528.8544,837.12756,748256430717581,748256460345550
527.23425,801.67914,528.8544,837.12756,748256460862008,748256492274612
522.64856,870.972,528.8544,837.12756,748256492409925,748256523653466
505.33588,839.9048,527.23425,837.12756,748256525640498,748256566012894
522.5729,871.2091,522.64856,839.9048,748256566119925,748256599734352
525.5117,893.18994,525.5117,839.9048,748256599865029,748256629300498
519.8934,875.3858,522.64856,871.2091,748256629713414,748256663198623
521.3516,886.0383,522.64856,875.3858,748256663670289,748256694426591
489.14917,872.349,521.3516,872.349,748256694568727,748256729664143
521.58453,862.4848,521.58453,872.349,748256729762477,748256761013935
520.9189,905.1685,521.3516,872.349,748256761171539,748256790616852
511.8139,919.35596,521.3516,872.349,748256792685758,748256821741800
504.49713,857.56494,520.9189,872.349,748256826297060,748256857964404
506.0244,829.4112,511.8139,872.349,748256858620289,748256894242893
491.3891,853.0768,506.0244,857.56494,748256894329977,748256923438623
504.8542,887.3634,506.0244,872.349,748256923616175,748256953396279
512.314,920.12555,506.0244,872.349,748256961585393,748256995315498
490.0979,880.42554,506.0244,880.42554,748256995699300,748257028599820
504.70874,866.3094,506.0244,872.349,748257028884768,748257060928102
496.64438,902.4251,504.70874,880.42554,748257061061852,748257118786748
515.5492,852.171,506.0244,872.349,748257118898310,748257149989925
513.76556,899.8813,506.0244,880.42554,748257150081331,748257179572945
513.3381,846.8576,513.3381,872.349,748257179768570,748257212444768
502.6189,908.65564,506.0244,880.42554,748257212658935,748257245583362
502.2311,874.56305,506.0244,874.56305,748257245754352,748257278975185
513.15485,889.04694,506.0244,880.42554,748257279167112,748257310337268
494.82596,919.96985,506.0244,880.42554,748257310508622,748257344711227
492.01523,843.1669,506.0244,880.42554,748257344888727,748257375101799
493.1777,850.6615,494.82596,880.42554,748257375201383,748257408023310
537.99066,872.895,506.0244,872.895,748257408120185,748257454610706
504.6848,850.38513,504.6848,872.895,748257454695758,748257486472372
529.45996,872.8312,506.0244,872.895,748257486654456,748257523057893
547.6983,891.588,506.0244,872.895,748257523166904,748257553741643
553.29266,886.5396,529.45996,872.895,748257553902945,748257595184039
526.17596,905.42035,526.17596,886.5396,748257595308362,748257627972112
529.68176,908.1346,529.45996,886.5396,748257628798570,748257661395914
546.3878,926.2108,529.45996,905.42035,748257661781695,748257692938466
557.861,872.5468,529.68176,886.5396,748257693339143,748257724871174
509.1858,875.4127,529.45996,886.5396,748257725660966,748257759433987
540.0848,941.7475,529.68176,886.5396,748257759533674,748257791606904
555.5231,859.81824,529.68176,886.5396,748257792383153,748257826972581
529.8906,949.75366,529.8906,886.5396,748257827108987,748257865099976
531.4304,955.75287,529.8906,886.5396,748257865184872,748257897208622
545.8662,871.2643,529.8906,886.5396,748257897320028,748257929642268
549.2633,907.21216,531.4304,886.5396,748257929840549,748257959326331
545.91705,920.7772,545.8662,886.5396,748257960953778,748257993640393
535.6504,936.2099,535.6504,907.21216,748257994272581,748258024136799
531.92645,935.5566,535.6504,920.7772,748258024225914,748258058224560
523.5915,928.4056,535.6504,928.4056,748258059590237,748258090309299
533.34375,928.16394,533.34375,928.16394,748258090868778,748258121496539
504.77353,926.79926,533.34375,928.16394,748258122629351,748258151307164
566.17224,906.0502,533.34375,928.16394,748258155401695,748258186585601
523.5862,892.95905,533.34375,926.79926,748258188835133,748258220716330
520.63776,899.8445,533.34375,906.0502,748258225474664,748258254294664
529.22626,934.60156,529.22626,926.79926,748258265939403,748258299281382
522.15436,1009.4726,529.22626,926.79926,748258299419091,748258330065862
522.4068,972.0457,529.22626,934.60156,748258330156174,748258365017007
523.32764,985.9994,523.32764,972.0457,748258365092997,748258399742685
533.98584,913.2684,529.22626,934.60156,748258399936122,748258431719872
549.5479,934.32477,529.22626,934.60156,748258431897893,748258471553518
537.79474,959.3664,533.98584,934.60156,748258471670393,748258504734299
548.87256,992.2525,537.79474,934.60156,748258504850341,748258534118830
518.8729,925.1312,533.98584,934.60156,748258534231695,748258565110914
530.6503,903.4102,533.98584,934.60156,748258565261382,748258597078362
533.85175,899.6792,533.85175,925.1312,748258597220705,748258627717164
498.76517,900.5703,533.85175,903.4102,748258628553466,748258658989924
516.139,909.1102,533.85175,909.1102,748258662707216,748258694234299
518.5769,900.8321,518.5769,903.4102,748258694380809,748258726525861
500.17505,939.9768,518.5769,909.1102,748258726688934,748258762197789
541.59796,890.8066,518.5769,903.4102,748258762306695,748258794762007
519.3091,829.79266,518.5769,903.4102,748258796438674,748258829571851
506.55826,897.8412,518.5769,897.8412,748258829750341,748258862020705
503.78745,874.309,518.5769,897.8412,748258862182528,748258903086278
520.00476,838.7488,518.5769,897.8412,748258903176330,748258935783726
513.07935,845.2087,518.5769,874.309,748258935891538,748258968975236
527.9422,851.0576,518.5769,851.0576,748258969087788,748259007468518
533.4837,890.9094,518.5769,874.309,748259007573986,748259040631174
546.2203,882.7926,527.9422,874.309,748259040739820,748259086562788
548.7708,856.1025,533.4837,874.309,748259086666591,748259124089715
523.718,931.1209,527.9422,874.309,748259124170080,748259157041590
532.3747,864.3502,532.3747,874.309,748259157785080,748259217133622
518.24896,896.3358,527.9422,874.309,748259217247424,748259249590236
514.6471,919.1139,527.9422,874.309,748259249747632,748259281661903
565.6369,894.9125,527.9422,894.9125,748259281835861,748259315672059
592.11084,899.9209,527.9422,894.9125,748259315844976,748259350292580
548.4627,947.71295,548.4627,894.9125,748259350466017,748259383734142
567.717,870.80273,548.4627,894.9125,748259383922528,748259415620653
561.7067,889.5018,548.4627,894.9125,748259415724403,748259449212320
558.96106,900.1095,558.96106,894.9125,748259449307945,748259479216851
551.7063,870.10596,551.7063,894.9125,748259479395497,748259510047267
579.5384,913.8351,558.96106,894.9125,748259510956122,748259542329247
527.0364,898.5867,551.7063,894.9125,748259542509663,748259573805184
540.90454,953.48596,551.7063,898.5867,748259573961694,748259608576069
561.76764,946.6966,551.7063,898.5867,748259608687319,748259638671382
520.2096,938.1458,551.7063,938.1458,748259638782267,748259670858934
518.04016,917.3538,551.7063,917.3538,748259670960392,748259704715497
523.3075,913.867,523.3075,917.3538,748259704826799,748259738053101
529.6305,868.90765,529.6305,917.3538,748259738168049,748259770869924
512.20337,922.75134,523.3075,917.3538,748259770972944,748259806476278
527.7004,901.07733,527.7004,917.3538,748259806614038,748259840901226
554.83826,939.98474,527.7004,917.3538,748259841052215,748259880894142
523.0674,960.11926,527.7004,917.3538,748259880989559,748259909965444
559.5853,886.05524,527.7004,917.3538,748259910059403,748259940422788
535.1797,869.83923,527.7004,917.3538,748259940590288,748259973437476
554.35266,903.672,535.1797,903.672,748259973611851,748260009814090
547.0045,924.944,535.1797,917.3538,748260009960809,748260041885392
560.09534,866.95233,547.0045,903.672,748260042060705,748260075923153
543.62604,901.33936,543.62604,903.672,748260076149507,748260112353778
540.5675,925.63544,543.62604,903.672,748260112506434,748260141742059
529.0273,888.3369,543.62604,903.672,748260141920913,748260173333101
536.1028,863.26953,540.5675,903.672,748260173509923,748260206981850
518.8182,853.0034,536.1028,888.3369,748260207165080,748260239451746
517.7942,860.1612,536.1028,863.26953,748260239570600,748260282358100
516.43445,894.5104,518.8182,888.3369,748260282459611,748260315252007
520.0886,889.1441,520.0886,888.3369,748260315412475,748260358986434
530.6844,900.32654,520.0886,889.1441,748260359116017,748260393313517
573.1999,884.03723,520.0886,888.3369,748260393502007,748260426872944
542.7985,895.16364,530.6844,889.1441,748260426956798,748260460923725
541.8483,879.84344,541.8483,888.3369,748260462256434,748260492143986
546.3151,901.055,541.8483,889.1441,748260492286538,748260529444402
561.8681,849.37256,541.8483,888.3369,748260529536330,748260564071642
548.0704,862.76935,546.3151,888.3369,748260564224142,748260601811330
556.21783,865.3654,548.0704,865.3654,748260601901694,748260634752475
528.9374,863.4143,546.3151,865.3654,748260634864038,748260666731069
551.67255,858.67615,548.0704,865.3654,748260666888621,748260701249142
530.30334,882.58374,546.3151,865.3654,748260701396538,748260735093152
537.1543,856.3684,546.3151,865.3654,748260735192319,748260770128152
551.8201,881.74725,546.3151,865.3654,748260770237371,748260829995027
565.2845,861.82697,546.3151,865.3654,748260830105913,748260867101381
549.2222,843.4674,549.2222,865.3654,748260868192840,748260905030861
558.09344,888.59174,549.2222,865.3654,748260905369767,748260935247631
560.11053,893.33606,549.2222,865.3654,748260935363725,748260971110236
526.9295,809.2515,549.2222,865.3654,748260971653986,748261021754819
539.63544,892.4132,549.2222,865.3654,748261021847475,748261054122423
546.5438,911.1158,546.5438,865.3654,748261054213517,748261083770861
561.91815,911.6363,549.2222,892.4132,748261085835496,748261116536277
571.94946,877.44946,549.2222,877.44946,748261119058933,748261148842944
550.43634,867.3952,550.43634,877.44946,748261155809194,748261189612631
568.9562,847.43286,550.43634,877.44946,748261192089090,748261223200236
575.8185,855.2202,550.43634,867.3952,748261224330288,748261254275756
579.17676,877.8747,568.9562,877.44946,748261254418621,748261288349454
535.09955,877.98785,550.43634,877.44946,748261289346173,748261319270131
558.434,884.45856,558.434,877.8747,748261319826485,748261351675496
544.6959,862.28864,550.43634,877.44946,748261353867006,748261388567527
524.45154,870.2044,550.43634,877.44946,748261388707110,748261420688204
539.0888,850.74457,544.6959,870.2044,748261425644663,748261463972996
524.4464,861.5562,539.0888,870.2044,748261464929975,748261497725965
539.771,864.5407,539.771,864.5407,748261497842996,748261532918777
542.52704,824.0015,539.771,864.5407,748261533082787,748261564416954
518.5173,919.92474,539.771,864.5407,748261564579610,748261598596225
520.37726,917.68884,539.771,864.5407,748261598762631,748261635389767
567.39746,877.8569,539.771,877.8569,748261635497006,748261670209923
547.82965,915.3976,539.771,877.8569,748261670656121,748261704478412
553.7373,869.9215,547.82965,877.8569,748261704646173,748261738450235
554.8557,867.8724,547.82965,877.8569,748261738593621,748261770822006
567.5156,845.1439,553.7373,869.9215,748261770959767,748261802904871
549.70624,879.6166,549.70624,877.8569,748261803007892,748261838397006
552.4901,925.6282,552.4901,877.8569,748261838519298,748261881084350
564.112,892.639,552.4901,879.6166,748261881198308,748261913669975
556.00507,908.3846,552.4901,892.639,748261913793621,748261946734610
582.01526,877.1493,556.00507,879.6166,748261946933777,748261979385391
526.6726,863.5558,552.4901,879.6166,748261979547006,748262010166850
522.3213,918.00354,552.4901,879.6166,748262010311277,748262041141485
534.08966,871.31647,534.08966,879.6166,748262041322891,748262074667944
549.938,875.7066,549.938,879.6166,748262076999766,748262107376641
543.0071,911.45013,543.0071,879.6166,748262107559714,748262138539662
563.22595,863.34863,549.938,879.6166,748262138696954,748262171001173
560.5761,896.0432,549.938,879.6166,748262171185964,748262206011433
541.1723,867.85974,549.938,879.6166,748262206206589,748262255974975
533.16626,855.6753,549.938,879.6166,748262256146902,748262290844350
611.7101,867.60205,549.938,867.85974,748262290925027,748262327400808
573.66895,856.7732,549.938,867.60205,748262327484298,748262362647579
592.0047,861.18744,573.66895,867.60205,748262362753777,748262398144818
549.22906,845.60114,549.938,861.18744,748262398250079,748262430160704
579.8288,822.4077,573.66895,861.18744,748262430323777,748262465045391
568.92505,834.7346,568.92505,845.60114,748262465145548,748262497999141
576.1069,830.3815,573.66895,834.7346,748262498173673,748262536653933
585.88116,807.9372,573.66895,834.7346,748262536807631,748262567522266
555.9648,842.2836,573.66895,834.7346,748262567622527,748262599815183
554.92365,808.5195,573.66895,834.7346,748262599924297,748262633939558
574.99884,790.14685,573.66895,834.7346,748262634049506,748262669880600
556.3264,837.2838,573.66895,834.7346,748262670192370,748262701569818
560.8305,895.992,573.66895,834.7346,748262701670027,748262734569975
545.54443,894.12573,560.8305,837.2838,748262734678360,748262767747735
548.02234,886.1559,560.8305,886.1559,748262767846120,748262801163620
532.6248,859.83417,548.02234,859.83417,748262801264402,748262841295912
565.1081,843.72906,560.8305,859.83417,748262841401954,748262872335599
569.8289,802.42053,560.8305,859.83417,748262872501224,748262903565079
580.4159,866.32214,565.1081,859.83417,748262903740443,748262937233516
593.3048,878.15137,569.8289,859.83417,748262937409974,748262967867943
550.2964,861.44885,565.1081,861.44885,748262967973568,748262999592110
572.52136,837.8563,569.8289,859.83417,748262999692422,748263032712214
573.21185,823.7577,569.8289,859.83417,748263032826016,748263066040235
559.38916,865.3286,569.8289,859.83417,748263066150912,748263103973620
563.4824,842.6555,569.8289,859.83417,748263104140860,748263153478099
578.6972,853.3205,569.8289,859.83417,748263153592891,748263188315235
543.0309,862.00916,569.8289,859.83417,748263188455235,748263220338204
551.74756,840.03186,569.8289,859.83417,748263221314141,748263253889089
545.8241,897.9551,551.74756,859.83417,748263254926276,748263286520339
564.45703,842.9133,564.45703,859.83417,748263286610131,748263320508620
575.30347,865.09686,564.45703,859.83417,748263320580443,748263354512058
551.32983,913.53326,564.45703,859.83417,748263354690964,748263388380703
583.7625,885.0868,564.45703,865.09686,748263390157058,748263421967370
561.665,900.5637,564.45703,885.0868,748263423281381,748263457627370
562.8314,898.8351,564.45703,885.0868,748263457769818,748263488727787
553.9479,882.6688,562.8314,885.0868,748263489872943,748263523108516
562.84534,893.4864,562.84534,885.0868,748263523279401,748263553095183
532.6144,854.8937,562.8314,885.0868,748263553230495,748263587912005
544.18024,881.23474,562.8314,885.0868,748263588142526,748263621354610
528.0935,873.8811,544.18024,881.23474,748263621540599,748263654773464
563.63104,867.49554,562.8314,881.23474,748263656649453,748263689444610
567.2473,863.1871,562.8314,873.8811,748263689533464,748263720536276
572.43304,846.78235,563.63104,867.49554,748263721318932,748263756385078
579.92456,889.0178,567.2473,873.8811,748263757058776,748263791779662
575.2461,891.3704,572.43304,873.8811,748263791873620,748263821996641
561.92303,853.131,567.2473,873.8811,748263822815182,748263854006068
539.5216,801.6921,567.2473,873.8811,748263854154037,748263887284349
580.18243,846.5967,567.2473,853.131,748263887463307,748263925040703
565.5512,861.1926,567.2473,861.1926,748263926830547,748263960302839
564.6363,825.54095,567.2473,853.131,748263960408724,748263993465339
557.67456,829.84064,565.5512,853.131,748263993565859,748264026897266
527.31476,839.62805,564.6363,839.62805,748264027050703,748264060336537
559.5466,826.31915,559.5466,839.62805,748264060493984,748264091100964
536.5107,868.77484,559.5466,839.62805,748264091218099,748264122910495
583.27527,833.28455,559.5466,839.62805,748264123372005,748264156508516
575.68787,797.571,559.5466,839.62805,748264158868203,748264192536901
522.06824,850.48444,559.5466,839.62805,748264192626120,748264234859557
574.948,859.56934,559.5466,839.62805,748264235042161,748264270876536
563.66907,869.32117,559.5466,850.48444,748264271055599,748264305189401
558.7723,930.62787,559.5466,859.56934,748264305310651,748264341729453
554.64343,906.2608,559.5466,869.32117,748264341903151,748264375871328
550.37616,880.0045,558.7723,880.0045,748264376159088,748264408178516
539.2688,841.81537,554.64343,869.32117,748264408264557,748264439738307
536.8492,843.46136,550.37616,869.32117,748264441432838,748264473941484
554.6336,841.13983,554.6336,843.46136,748264474056693,748264506039609
552.2795,893.2508,552.2795,869.32117,748264506210963,748264542185599
559.77673,881.996,554.6336,869.32117,748264542359349,748264574257943
540.35034,866.6659,552.2795,869.32117,748264574427057,748264604903984
555.3153,811.2988,554.6336,869.32117,748264605085286,748264637017526
535.24866,892.4208,552.2795,869.32117,748264637163568,748264673277109
519.9107,951.6707,552.2795,869.32117,748264673383776,748264722101588
552.23425,893.20245,552.23425,892.4208,748264722239297,748264756392370
587.2945,874.32074,552.2795,874.32074,748264758085755,748264791272838
527.1098,917.75146,552.23425,892.4208,748264791397057,748264823600911
543.22546,832.5701,552.23425,874.32074,748264823698515,748264857423359
559.24335,867.1975,552.23425,874.32074,748264857527942,748264892543932
532.80475,898.056,552.23425,874.32074,748264892645234,748264924454765
547.2681,857.2408,552.23425,874.32074,748264924614036,748264961916849
557.4436,882.9155,552.23425,874.32074,748264962020859,748265002115390
554.97,893.93713,552.23425,874.32074,748265002222942,748265043907890
532.27264,855.6836,552.23425,874.32074,748265044135182,748265079298515
583.37305,844.80585,552.23425,874.32074,748265079489036,748265111094869
576.8362,848.1495,552.23425,855.6836,748265111191380,748265144450026
591.5908,887.75854,576.8362,874.32074,748265144554869,748265175326380
564.236,838.21185,564.236,855.6836,748265175443724,748265206061536
583.91223,841.3634,576.8362,855.6836,748265206237942,748265241569192
575.16003,853.744,575.16003,853.744,748265241673203,748265272900703
573.0329,822.7532,575.16003,853.744,748265273033880,748265302320911
545.9216,828.73535,575.16003,853.744,748265302412890,748265333894661
565.53253,845.2036,573.0329,845.2036,748265334019921,748265367727265
554.22266,878.79767,565.53253,853.744,748265367909140,748265399393463
561.1421,894.7657,565.53253,853.744,748265399575651,748265431518671
540.0447,921.5588,561.1421,878.79767,748265431834244,748265464562213
568.7074,899.3592,565.53253,894.7657,748265465607838,748265497617109
578.91,874.8572,565.53253,878.79767,748265498541015,748265532132369
582.17426,867.8525,568.7074,878.79767,748265532261588,748265567033359
560.0869,883.1717,565.53253,878.79767,748265567210911,748265601262838
554.0645,890.3406,565.53253,878.79767,748265601419296,748265636555859
588.53986,883.9126,565.53253,883.1717,748265636737265,748265696398515
565.0833,814.20026,565.53253,878.79767,748265696510859,748265731735598
565.337,814.534,565.53253,878.79767,748265731874400,748265766877369
573.9707,806.8388,565.53253,814.534,748265766980286,748265800855650
546.6707,887.5015,565.53253,878.79767,748265802218567,748265836397421
566.2244,833.5024,565.53253,833.5024,748265836594036,748265869120078
537.0342,869.1218,565.53253,869.1218,748265869277890,748265902604505
581.2733,829.8445,565.53253,833.5024,748265902796900,748265939055755
589.79034,830.8245,565.53253,833.5024,748265939161119,748265970573098
575.4347,823.2029,575.4347,830.8245,748265970752786,748266010513411
581.39685,794.9442,575.4347,830.8245,748266010612317,748266040285130
577.50555,804.47437,575.4347,823.2029,748266040459765,748266074695546
522.67334,852.7718,575.4347,830.8245,748266074812682,748266108408671
523.8632,879.1881,575.4347,830.8245,748266108515390,748266141404661
545.87823,883.49286,545.87823,852.7718,748266141574244,748266185767213
585.01196,792.6324,575.4347,830.8245,748266185850494,748266217105650
565.9376,826.414,565.9376,830.8245,748266217545650,748266252664921
512.9127,853.35425,565.9376,830.8245,748266252761275,748266286863775
555.9495,857.8526,565.9376,830.8245,748266287025077,748266320591119
544.64844,901.28827,555.9495,853.35425,748266320686223,748266353184921
560.31696,872.60474,560.31696,857.8526,748266353324973,748266387938359
549.4388,908.3649,555.9495,872.60474,748266402855442,748266437071588
541.93866,876.058,555.9495,872.60474,748266437239192,748266470107838
563.4264,919.208,555.9495,876.058,748266470293463,748266503779921
541.71063,933.9859,555.9495,876.058,748266503904817,748266536899973
534.0725,906.88763,555.9495,906.88763,748266537054244,748266568505806
548.9263,914.3737,548.9263,906.88763,748266568687265,748266603294088
546.643,851.3998,548.9263,906.88763,748266603409765,748266638129765
526.6673,913.4786,548.9263,906.88763,748266638227629,748266671746275
548.1311,929.81604,548.1311,906.88763,748266671944504,748266706829713
569.18805,874.2921,548.9263,906.88763,748266706927265,748266741208671
568.15656,836.1691,548.9263,906.88763,748266741347733,748266775621744
576.6054,812.15295,568.15656,874.2921,748266775799452,748266808281588
572.11566,822.44336,568.15656,836.1691,748266808395858,748266840400546
579.1155,846.2578,572.11566,846.2578,748266840569140,748266870630442
570.1375,846.0783,570.1375,846.0783,748266870788410,748266901855546
543.67584,869.4628,570.1375,846.2578,748266902003723,748266934702004
555.8113,881.7509,570.1375,846.2578,748266934856483,748266965855702
549.89355,870.379,555.8113,869.4628,748266966745754,748266998112629
543.27655,842.1433,555.8113,846.2578,748266998254244,748267036750233
542.22156,823.1551,549.89355,846.2578,748267036862525,748267070256848
545.64545,844.5038,545.64545,844.5038,748267070452160,748267103043150
561.96735,799.25055,549.89355,844.5038,748267103144660,748267152660442
557.18854,823.31586,549.89355,844.5038,748267152749400,748267183336848
538.80115,855.8393,549.89355,844.5038,748267183489556,748267214456067
539.656,874.3639,549.89355,844.5038,748267218904869,748267252580129
561.1339,859.6399,549.89355,855.8393,748267252659869,748267287753983
556.22736,874.8767,549.89355,859.6399,748267288951171,748267319785181
543.9839,832.36816,549.89355,855.8393,748267319930598,748267355045858
559.42395,840.06647,549.89355,855.8393,748267355207942,748267387933983
560.4242,863.19824,549.89355,855.8393,748267388286431,748267418157056
555.34406,846.05396,555.34406,855.8393,748267418948254,748267451119764
545.881,881.70044,549.89355,855.8393,748267452911483,748267483453306
565.62396,827.9034,555.34406,855.8393,748267488662941,748267528369452
572.1493,809.689,555.34406,855.8393,748267533134348,748267567328671
565.9661,809.66296,565.62396,827.9034,748267567491223,748267610285025
541.4383,823.51227,555.34406,823.51227,748267610444400,748267661444035
564.2422,797.2918,564.2422,823.51227,748267661541483,748267698775962
553.5348,879.7973,555.34406,823.51227,748267698907733,748267732464868
557.68176,874.0665,557.68176,823.51227,748267732628514,748267773945441
566.1025,896.9519,557.68176,874.0665,748267774038723,748267806393046
574.25964,847.6634,557.68176,847.6634,748267806604921,748267837420962
565.1969,855.36835,565.1969,855.36835,748267837593983,748267866036848
568.10986,897.9263,565.1969,855.36835,748267866188045,748267900981848
553.6822,871.4832,565.1969,855.36835,748267901163827,748267948371118
584.88336,790.3636,565.1969,855.36835,748267948472160,748267980158410
556.6562,850.3986,565.1969,855.36835,748267980351535,748268013789973
542.7494,931.7403,565.1969,855.36835,748268013932993,748268046635650
571.2085,885.4937,565.1969,855.36835,748268046828723,748268078621900
588.95996,803.07886,565.1969,855.36835,748268078788618,748268116064191
557.2438,803.4999,565.1969,855.36835,748268116167889,748268149829556
573.10004,823.7065,565.1969,823.7065,748268149938827,748268186257316
563.1711,812.35736,565.1969,823.7065,748268186354712,748268218267108
581.71436,821.7864,565.1969,823.7065,748268218352368,748268250270129
571.2746,829.792,565.1969,823.7065,748268252815597,748268283951066
553.31256,846.2193,565.1969,823.7065,748268285422889,748268318024816
560.96985,865.1477,565.1969,829.792,748268318170597,748268347795649
561.856,819.10785,561.856,823.7065,748268351872108,748268384692212
565.3394,780.4213,565.1969,823.7065,748268386029816,748268422074035
541.7655,823.9584,561.856,823.7065,748268422267785,748268453610337
571.73694,809.5161,565.1969,823.7065,748268455610337,748268489788931
565.59937,854.5957,565.1969,823.7065,748268489881066,748268523492420
536.7301,849.97906,565.1969,823.7065,748268523667264,748268559252889
534.1439,863.6845,565.1969,849.97906,748268559339035,748268594903045
568.6993,811.2164,565.1969,823.7065,748268595190754,748268633236899
663.16406,767.28015,565.1969,823.7065,748268634696066,748268669428774
396.99716,935.5891,565.1969,823.7065,748268669549139,748268710986379
385.10596,906.38086,565.1969,823.7065,748268711181847,748268744786274
388.74173,910.37976,396.99716,906.38086,748268744961691,748268776364347
393.9106,925.1541,393.9106,906.38086,748268776486118,748268805564556
505.94763,862.6114,396.99716,906.38086,748268805691170,748268840436951
532.3803,834.06165,396.99716,906.38086,748268840535128,748268871244139
550.6143,823.7761,505.94763,862.6114,748268871357264,748268902310076
565.227,866.4153,532.3803,866.4153,748268902495076,748268933725337
567.0451,846.6133,550.6143,862.6114,748268933899451,748268966000858
554.5097,861.29535,554.5097,862.6114,748268967502576,748269001187680
523.6257,883.6578,550.6143,862.6114,748269001371326,748269030885493
545.3362,892.6965,550.6143,862.6114,748269030977733,748269063664399
575.2063,839.35724,550.6143,862.6114,748269063772264,748269103994764
551.7348,817.6037,550.6143,862.6114,748269104159555,748269137100858
540.4823,790.23956,550.6143,839.35724,748269137213097,748269172548253
559.74585,817.50507,550.6143,817.6037,748269172641691,748269203151587
559.7042,820.17706,550.6143,820.17706,748269203333878,748269235308097
546.4329,822.67163,550.6143,820.17706,748269235476743,748269272996066
570.2279,799.5221,550.6143,820.17706,748269273105285,748269302847785
563.17096,810.3106,550.6143,820.17706,748269302962941,748269335043462
572.4144,897.4724,563.17096,820.17706,748269335238566,748269366189660
590.93097,798.8623,563.17096,820.17706,748269366302472,748269401283253
559.3419,808.70874,563.17096,820.17706,748269401384503,748269432977941
536.47675,850.5943,563.17096,820.17706,748269433084607,748269463869712
531.2216,799.2399,559.3419,820.17706,748269463975337,748269498920180
527.2329,847.4082,536.47675,820.17706,748269499076534,748269530240076
535.6549,845.4625,535.6549,820.17706,748269530409868,748269566953305
543.02704,844.3817,536.47675,844.3817,748269567136274,748269611002524
557.4656,849.16754,536.47675,844.3817,748269611146170,748269640199347
568.49567,851.5098,543.02704,844.3817,748269640305805,748269671544764
573.7313,828.3807,557.4656,844.3817,748269671735336,748269704614347
535.00885,866.8368,543.02704,844.3817,748269704709920,748269739618722
550.68225,876.07916,550.68225,844.3817,748269739719972,748269770164139
542.6366,862.55536,543.02704,862.55536,748269770377055,748269800904243
536.5114,847.2422,543.02704,847.2422,748269801079034,748269833079555
529.08673,822.9551,542.6366,847.2422,748269833200649,748269863606638
540.8626,846.6474,540.8626,847.2422,748269863705024,748269897019503
521.4011,787.6824,540.8626,846.6474,748269897192784,748269932847055
512.1776,813.18677,540.8626,846.6474,748269932959451,748269967621066
535.66095,914.9252,535.66095,846.6474,748269967803149,748270004267628
540.36487,874.98596,540.36487,846.6474,748270004372888,748270041582211
542.0559,868.17236,540.36487,868.17236,748270042029607,748270081874763
536.4577,812.956,540.36487,846.6474,748270081961065,748270115703305
527.3733,875.19495,540.36487,868.17236,748270117115961,748270150417784
528.6628,887.9297,536.4577,868.17236,748270151639659,748270184833722
539.83984,893.64514,539.83984,875.19495,748270184929347,748270217731534
505.38037,881.5762,536.4577,881.5762,748270217823149,748270250003982
499.99487,831.2269,536.4577,875.19495,748270251518722,748270281838826
552.6346,906.1647,536.4577,881.5762,748270282427784,748270315333357
558.32697,916.0515,536.4577,881.5762,748270316606222,748270348289503
523.85,837.4192,536.4577,881.5762,748270350595909,748270382114347
519.96454,850.3535,536.4577,881.5762,748270383321117,748270415875440
542.5605,922.13367,536.4577,881.5762,748270416826117,748270448090649
548.3451,887.2022,536.4577,881.5762,748270448337003,748270480157472
545.004,868.81934,542.5605,881.5762,748270482944399,748270520212628
537.1744,889.6839,537.1744,881.5762,748270520387419,748270558302159
505.85486,851.9566,537.1744,881.5762,748270558470753,748270600692628
505.61514,816.43414,537.1744,881.5762,748270600882107,748270634024347
547.07996,858.013,537.1744,858.013,748270634220649,748270672627888
519.3623,874.2743,537.1744,874.2743,748270672762211,748270714934294
538.28705,851.12885,537.1744,858.013,748270715020024,748270748623461
543.8356,820.77856,537.1744,858.013,748270748726430,748270778558826
540.8228,857.5717,538.28705,857.5717,748270781453461,748270813289971
544.5733,902.61676,540.8228,858.013,748270814207732,748270850330701
530.5587,850.9587,538.28705,857.5717,748270850408617,748270882515805
527.1393,859.3126,538.28705,858.013,748270884435961,748270916218513
547.7559,844.653,538.28705,857.5717,748270916304503,748270950636273
534.9841,809.44403,538.28705,857.5717,748270952223096,748270983042315
530.58594,842.60223,538.28705,844.653,748270984577367,748271016270648
529.51373,895.7779,534.9841,857.5717,748271017815128,748271051076898
529.67896,848.609,530.58594,848.609,748271051181273,748271084164815
548.3739,838.92615,534.9841,848.609,748271084250909,748271120571794
533.2463,873.83514,533.2463,848.609,748271120728409,748271163026430
536.56903,820.69495,534.9841,848.609,748271163136013,748271220215232
531.97424,841.4328,533.2463,848.609,748271220320857,748271258036378
527.29645,824.34265,533.2463,841.4328,748271258154034,748271297042992
509.658,874.3092,531.97424,848.609,748271297233305,748271334380544
530.21124,843.40784,530.21124,843.40784,748271334556221,748271368195284
536.613,795.2307,531.97424,843.40784,748271368392992,748271400154034
549.0532,804.4198,531.97424,843.40784,748271400266586,748271431767836
542.7406,863.7113,536.613,843.40784,748271431903148,748271465722055
543.17377,833.90094,542.7406,843.40784,748271465834138,748271498289086
543.8101,867.6107,542.7406,843.40784,748271498463721,748271537402575
538.3863,884.37,542.7406,843.40784,748271537486377,748271581102992
543.93463,877.3564,542.7406,867.6107,748271581184450,748271612187002
530.5777,946.3417,542.7406,877.3564,748271612363096,748271645286586
532.45886,910.938,542.7406,877.3564,748271646318565,748271677724346
527.3935,886.1022,532.45886,886.1022,748271679260648,748271713360388
513.8004,917.9877,532.45886,886.1022,748271714064711,748271747979971
529.1924,905.8789,529.1924,886.1022,748271749941169,748271782098252
540.2058,871.0109,532.45886,886.1022,748271782237367,748271815808252
542.9514,825.4634,532.45886,886.1022,748271816867575,748271849017731
505.00748,763.2162,532.45886,871.0109,748271849136221,748271882313252
521.6627,859.7862,532.45886,859.7862,748271882416898,748271911717054
551.67346,870.4466,532.45886,870.4466,748271913529190,748271944367523
524.98773,871.4669,532.45886,870.4466,748271944911690,748271981460388
524.3344,874.6048,532.45886,870.4466,748271981562002,748272012976533
519.47894,853.6106,524.98773,870.4466,748272014255856,748272055537679
524.07874,858.0774,524.3344,870.4466,748272055751794,748272086575752
529.50635,892.20575,524.98773,870.4466,748272088248513,748272124633304
550.0802,840.0049,524.98773,870.4466,748272124808304,748272157755179
563.4762,855.9505,529.50635,870.4466,748272157929711,748272190388356
528.7372,859.879,528.7372,859.879,748272190816013,748272223101221
539.5148,845.72986,529.50635,859.879,748272223257002,748272257841481
553.9031,807.18524,529.50635,859.879,748272257995700,748272310026742
541.35443,821.241,539.5148,845.72986,748272310106481,748272342386950
556.5491,821.6521,541.35443,821.6521,748272342569190,748272378706638
529.45374,831.3008,539.5148,831.3008,748272378860283,748272412970231
538.70044,893.16974,539.5148,831.3008,748272413133773,748272449465492
525.25,859.46515,538.70044,831.3008,748272451382575,748272485706690
536.4958,851.5628,538.70044,851.5628,748272485827575,748272520933617
533.2786,820.62585,536.4958,831.3008,748272521026065,748272553753148
546.4092,842.00385,538.70044,842.00385,748272553858565,748272597406273
543.02893,813.61017,538.70044,831.3008,748272597516117,748272630067783
542.47797,895.83606,542.47797,842.00385,748272630245283,748272662399814
534.2741,853.91425,538.70044,842.00385,748272662526637,748272692776846
492.3118,848.58124,538.70044,848.58124,748272692938877,748272725894502
507.26575,787.4872,534.2741,842.00385,748272725990960,748272757802158
561.62555,793.06946,538.70044,842.00385,748272760125856,748272792917679
563.3572,790.13214,538.70044,793.06946,748272793022523,748272827437471
550.2384,823.0833,550.2384,823.0833,748272828672731,748272866911741
535.66705,835.27026,538.70044,823.0833,748272867087106,748272898298669
521.31287,814.1713,538.70044,823.0833,748272898457106,748272935320179
539.032,838.3986,538.70044,823.0833,748272935474085,748272966151377
540.8711,824.25903,538.70044,823.0833,748272966338825,748272999215752
538.46783,834.0858,538.70044,824.25903,748272999320908,748273034442002
531.8268,846.3946,538.70044,824.25903,748273036856116,748273080620179
578.4688,850.3851,538.70044,834.0858,748273080708564,748273114923564
551.82965,851.48737,538.70044,846.3946,748273115911585,748273153103981
548.10876,806.60754,548.10876,834.0858,748273153171689,748273194075335
550.39276,821.34375,548.10876,834.0858,748273194234710,748273235730075
531.8817,854.5167,548.10876,834.0858,748273235830752,748273294932106
569.43567,836.82306,548.10876,834.0858,748273295044554,748273328056220
501.0115,855.5747,548.10876,836.82306,748273328206481,748273359432418
550.9567,828.98566,548.10876,834.0858,748273359599970,748273392350127
574.62354,761.59094,548.10876,834.0858,748273392526429,748273427488356
548.6944,814.31586,548.6944,828.98566,748273427675752,748273464752158
552.6019,820.53906,548.6944,820.53906,748273464918616,748273496722835
505.00604,832.42523,548.6944,828.98566,748273496904398,748273528168825
545.8809,813.98474,548.6944,820.53906,748273528271845,748273564223981
531.898,748.8098,545.8809,820.53906,748273565319762,748273600136741
548.75305,787.44696,548.6944,813.98474,748273600247887,748273630914033
518.5981,788.40686,545.8809,788.40686,748273631114502,748273662237991
516.1324,819.9041,545.8809,813.98474,748273662408720,748273694625543
559.46826,785.6237,545.8809,788.40686,748273694803720,748273726085387
567.76025,761.1989,545.8809,788.40686,748273726204345,748273761950699
552.517,766.1642,552.517,785.6237,748273762083877,748273796911272
549.32605,820.30524,549.32605,788.40686,748273797087887,748273828748356
509.89456,836.67975,549.32605,788.40686,748273828946585,748273860991741
550.05707,829.09235,549.32605,820.30524,748273861159033,748273894240283
537.44366,797.7267,549.32605,797.7267,748273894419866,748273925052262
541.82056,812.69977,549.32605,812.69977,748273925240595,748273958725908
547.18896,801.6665,547.18896,801.6665,748273958820595,748273991618304
525.0322,809.28265,547.18896,809.28265,748273991762106,748274034960699
554.84503,825.8008,547.18896,809.28265,748274035068512,748274068399137
543.6626,794.5783,547.18896,809.28265,748274068515960,748274099520387
532.03613,838.9309,547.18896,809.28265,748274099631481,748274130507054
554.447,857.19763,547.18896,809.28265,748274130679501,748274163154033
525.97516,870.63116,547.18896,838.9309,748274163318251,748274198622626
550.24304,855.3184,547.18896,855.3184,748274198811585,748274230626533
526.0658,859.6783,547.18896,855.3184,748274230772366,748274261664553
515.65906,804.20276,547.18896,855.3184,748274261813460,748274294413981
552.75964,782.7015,547.18896,855.3184,748274294577106,748274325605856
556.83594,804.6322,547.18896,804.6322,748274325715595,748274362912522
538.0013,784.39166,547.18896,804.6322,748274363054866,748274394402366
544.56464,806.84125,547.18896,804.6322,748274394571324,748274427386689
552.78564,797.7005,547.18896,804.6322,748274427573043,748274458763980
539.2144,825.36365,547.18896,804.6322,748274458955908,748274509093928
546.7494,892.592,547.18896,804.6322,748274509195022,748274543224710
519.44025,840.65173,546.7494,825.36365,748274545766533,748274580089397
546.8343,829.62463,546.8343,829.62463,748274580249814,748274614125803
529.30743,811.5295,546.7494,825.36365,748274621144605,748274654297366
554.1602,763.7758,546.8343,825.36365,748274654459814,748274685438251
544.68195,836.4681,546.7494,825.36365,748274685525074,748274724047574
555.86475,803.7086,546.8343,825.36365,748274724416116,748274758182574
572.1407,776.57513,546.8343,825.36365,748274758280022,748274791456949
534.5056,854.6161,546.8343,825.36365,748274791583876,748274822675335
574.6734,823.1584,546.8343,825.36365,748274822768303,748274857298616
563.2004,847.6849,546.8343,825.36365,748274857393512,748274889407053
551.0645,851.0725,551.0645,825.36365,748274889501220,748274923919866
537.4798,914.80255,546.8343,847.6849,748274924037105,748274958274241
546.1197,828.3512,546.8343,828.3512,748274958384449,748274991101012
527.1554,836.7,546.1197,836.7,748274991254762,748275028104709
536.3622,893.0926,546.1197,836.7,748275028215751,748275065716845
540.20856,806.4179,540.20856,836.7,748275065889605,748275098572105
552.3273,781.74506,546.1197,836.7,748275099541376,748275129978564
553.9716,825.23926,546.1197,825.23926,748275130159553,748275164383616
540.0154,867.74866,546.1197,836.7,748275164552418,748275199731011
551.23474,834.28503,546.1197,834.28503,748275199850855,748275228920282
554.41125,866.51556,546.1197,836.7,748275229066011,748275259423772
533.7252,846.52344,546.1197,836.7,748275259615178,748275293560907
563.83325,808.0976,546.1197,836.7,748275293722001,748275327569032
557.8221,826.29663,546.1197,836.7,748275327750647,748275358175074
551.12854,905.5313,551.12854,836.7,748275358327626,748275393305438
515.4784,811.9409,546.1197,836.7,748275393482626,748275427351324
534.05615,745.0732,546.1197,836.7,748275427509657,748275461432834
550.0347,790.64667,546.1197,811.9409,748275461578980,748275494161897
536.25574,790.4627,546.1197,790.64667,748275495634240,748275531479345
533.2925,795.40515,546.1197,795.40515,748275531589397,748275562958095
552.433,827.80225,546.1197,795.40515,748275563066220,748275594733824
532.89966,864.5738,546.1197,795.40515,748275594923876,748275631790751
543.78296,871.08105,546.1197,827.80225,748275631906168,748275662636636
525.00366,834.55927,543.78296,834.55927,748275662822105,748275693908928
542.1634,823.1061,543.78296,827.80225,748275694066949,748275727101324
527.65027,794.2453,542.1634,827.80225,748275727273199,748275761105074
533.8267,805.1619,542.1634,823.1061,748275761256324,748275807587834
496.909,877.84326,533.8267,827.80225,748275808176480,748275838119240
545.77606,822.3151,542.1634,823.1061,748275840352574,748275871785022
546.94025,805.49945,542.1634,823.1061,748275875391532,748275909049709
535.83997,832.0215,542.1634,823.1061,748275910736324,748275942413667
528.0857,797.48676,542.1634,823.1061,748275944628772,748275979497730
548.89197,826.5697,542.1634,823.1061,748275979604969,748276011797365
556.7502,791.7557,542.1634,823.1061,748276013104397,748276045264240
530.15247,786.0947,542.1634,823.1061,748276045998251,748276079342730
564.24554,795.7363,542.1634,795.7363,748276081148303,748276112494292
555.3019,837.03656,542.1634,823.1061,748276115892417,748276149660907
552.89325,832.7309,552.89325,823.1061,748276150098407,748276193826480
557.57654,849.47577,552.89325,832.7309,748276193991688,748276223473146
560.9296,807.28876,552.89325,823.1061,748276223643980,748276259963459
538.7855,823.69354,552.89325,823.69354,748276260127730,748276293849813
518.9954,806.647,552.89325,823.1061,748276293963511,748276327971949
522.3954,825.07336,538.7855,823.69354,748276328163459,748276359010334
543.413,868.4104,543.413,823.69354,748276359159917,748276390984344
551.9388,894.68005,543.413,825.07336,748276391100230,748276423301636
502.6645,863.06903,543.413,863.06903,748276424098407,748276459619344
493.54013,848.9773,543.413,848.9773,748276459732105,748276493349448
514.0737,773.0216,514.0737,848.9773,748276493454032,748276526521480
520.62213,779.59,520.62213,848.9773,748276526727678,748276559008719
516.9973,802.0132,516.9973,802.0132,748276559184605,748276596164761
519.11835,822.3606,519.11835,822.3606,748276596267209,748276627652834
496.88492,820.1675,516.9973,820.1675,748276627755282,748276663856584
492.3084,842.2225,516.9973,822.3606,748276663966688,748276696589917
498.8017,837.8153,498.8017,822.3606,748276696687730,748276729247261
534.8716,850.0948,516.9973,837.8153,748276729360125,748276759651740
531.7393,801.2152,516.9973,822.3606,748276759837105,748276790764344
533.8385,786.51385,531.7393,822.3606,748276790957053,748276822725542
552.9508,782.96356,531.7393,801.2152,748276822831219,748276855483615
529.52875,847.6534,531.7393,822.3606,748276855595698,748276887042365
506.3204,831.7077,531.7393,822.3606,748276887130750,748276921776844
513.8089,812.7844,529.52875,822.3606,748276921876011,748276956715907
520.2473,777.5673,520.2473,822.3606,748276956894657,748276992934500
522.09625,807.12103,522.09625,812.7844,748276993110073,748277025704552
526.9834,783.0851,522.09625,807.12103,748277025847521,748277055611219
539.1207,817.6206,522.09625,812.7844,748277055772209,748277089503459
507.81882,769.9482,522.09625,807.12103,748277089649500,748277129739761
541.7489,830.1808,522.09625,812.7844,748277129919240,748277160102469
548.3098,834.0521,522.09625,812.7844,748277160268459,748277194386011
562.40704,835.2549,541.7489,830.1808,748277194574448,748277225840490
570.63635,857.66394,548.3098,834.0521,748277225981740,748277258207313
557.2923,817.17365,557.2923,830.1808,748277258395854,748277294453146
524.73364,799.33435,548.3098,830.1808,748277294611844,748277325877886
496.02332,796.6221,548.3098,817.17365,748277326045542,748277371638979
508.63947,808.6125,524.73364,808.6125,748277371743927,748277404108667
494.22867,741.64026,508.63947,808.6125,748277404947781,748277438048406
536.7167,794.69446,524.73364,808.6125,748277438211323,748277473061323
473.75153,805.3175,508.63947,805.3175,748277473148667,748277504521792
519.35126,785.76605,519.35126,805.3175,748277505596896,748277539314083
484.37216,835.86176,508.63947,805.3175,748277540831011,748277589191271
520.0268,801.519,519.35126,805.3175,748277589305333,748277623826792
515.92523,794.4857,515.92523,805.3175,748277623935802,748277656243042
526.2132,767.2106,519.35126,801.519,748277656358198,748277697644969
523.61804,821.1101,519.35126,805.3175,748277697991635,748277732193979
536.542,814.5628,523.61804,805.3175,748277732337417,748277762775594
507.07474,820.6688,519.35126,814.5628,748277762879188,748277792949188
495.42368,775.9775,519.35126,805.3175,748277793164969,748277827533250
491.25558,826.7188,507.07474,814.5628,748277827636583,748277856717208
485.8741,809.9564,495.42368,809.9564,748277856879292,748277896578510
496.88855,843.275,496.88855,814.5628,748277896708510,748277929940542
532.39514,822.5584,496.88855,814.5628,748277930054083,748277963898927
532.2794,837.4855,496.88855,822.5584,748277963999292,748278005537625
538.424,813.0968,532.2794,814.5628,748278005640177,748278040476167
532.5458,805.6681,532.2794,814.5628,748278040612260,748278073936948
497.76926,810.5912,532.2794,813.0968,748278074023250,748278107319604
531.5293,835.335,532.2794,814.5628,748278107466583,748278144548094
553.86096,860.3659,532.2794,814.5628,748278144730802,748278176988354
547.51996,836.05566,532.2794,835.335,748278178401427,748278209172104
507.56165,802.5981,532.2794,814.5628,748278209352364,748278251184344
536.05035,809.44824,532.2794,814.5628,748278251272885,748278290738354
524.873,785.64044,532.2794,809.44824,748278290906583,748278328145437
530.6238,759.2574,532.2794,809.44824,748278328332573,748278359531791
500.65384,809.9022,530.6238,809.44824,748278360340802,748278397318094
513.24,821.21545,530.6238,809.44824,748278397427260,748278430700802
478.79202,793.5971,513.24,809.44824,748278430851844,748278468739187
518.9276,838.7165,518.9276,809.44824,748278468868562,748278500589291
542.64606,863.6911,518.9276,809.44824,748278505847625,748278539170333
530.86914,904.0066,518.9276,838.7165,748278539339083,748278569403302
531.6324,820.055,530.86914,820.055,748278570699604,748278602796062
551.3009,857.84357,530.86914,838.7165,748278605570750,748278651283562
551.3836,837.97375,531.6324,837.97375,748278651468666,748278694934760
484.65952,975.04645,530.86914,838.7165,748278695052156,748278728344187
515.6532,845.88635,530.86914,838.7165,748278728510333,748278762906010
536.4766,854.7764,530.86914,845.88635,748278763226948,748278795803510
533.67126,792.42224,530.86914,838.7165,748278796279552,748278828592677
503.27847,840.55756,530.86914,840.55756,748278828697573,748278877753875
495.50595,787.196,530.86914,838.7165,748278877857312,748278917549395
507.58292,845.49896,507.58292,840.55756,748278917632625,748278950877573
517.1126,849.792,517.1126,840.55756,748278951046114,748278984251791
511.30972,836.7579,511.30972,840.55756,748278984340385,748279017632208
538.47107,799.8858,517.1126,840.55756,748279017782000,748279051638145
513.33325,790.0042,513.33325,836.7579,748279051820333,748279084500958
529.0469,851.1392,517.1126,840.55756,748279084587208,748279117455333
538.6845,864.787,517.1126,840.55756,748279117633093,748279170800958
521.49915,776.30096,521.49915,840.55756,748279174251218,748279207499499
546.0214,836.4216,521.49915,840.55756,748279207646114,748279240253979
532.8019,847.24603,521.49915,840.55756,748279240362052,748279274319656
549.0602,764.7289,532.8019,840.55756,748279275755177,748279308362520
608.09436,806.92285,532.8019,840.55756,748279308681218,748279343426218
551.4587,762.9505,549.0602,806.92285,748279344565593,748279380723614
557.72876,785.18787,551.4587,806.92285,748279380834447,748279417783927
563.89435,796.6369,551.4587,796.6369,748279417890437,748279449685801
552.59595,761.9054,552.59595,796.6369,748279449781062,748279484730749
616.7535,863.0998,552.59595,796.6369,748279484895072,748279515686322
612.0548,801.38965,552.59595,796.6369,748279515836270,748279547960854
526.6815,886.5584,552.59595,801.38965,748279548166010,748279580572104
550.24023,718.69086,552.59595,796.6369,748279580746114,748279611245958
512.82684,781.9524,550.24023,796.6369,748279612207729,748279656273978
540.3532,745.6824,550.24023,781.9524,748279656390124,748279690987989
533.7174,774.0132,540.3532,781.9524,748279691111531,748279723749656
544.0497,783.9503,544.0497,781.9524,748279723855437,748279755233770
563.8203,773.8156,544.0497,781.9524,748279755418041,748279793288978
559.70935,776.01855,544.0497,781.9524,748279793401583,748279826710645
567.675,816.87146,559.70935,781.9524,748279826808926,748279878052676
538.9449,824.07294,544.0497,781.9524,748279878405645,748279913241010
530.1571,836.90497,544.0497,816.87146,748279913415280,748279945707885
518.79645,862.00085,538.9449,824.07294,748279945827364,748279980377051
532.10266,865.8927,532.10266,836.90497,748279980473926,748280014099395
532.99536,827.3029,532.99536,827.3029,748280014248562,748280047504447
542.33307,774.9857,532.99536,827.3029,748280047659916,748280080252832
538.25323,804.8278,532.99536,827.3029,748280080426426,748280114185124
536.11487,787.20135,536.11487,804.8278,748280114370020,748280147721530
519.1941,845.0408,532.99536,827.3029,748280147893666,748280184708405
532.9341,874.72894,532.99536,827.3029,748280184840905,748280216960385
536.5421,838.3244,532.99536,838.3244,748280217054916,748280252091947
541.72284,864.0058,532.99536,838.3244,748280252275489,748280283395645
516.82526,843.9808,532.99536,838.3244,748280283574603,748280315324968
519.4443,848.22546,532.99536,843.9808,748280315446270,748280350495853
529.5459,821.2768,529.5459,838.3244,748280350653093,748280405645541
559.4655,815.0521,532.99536,838.3244,748280405743978,748280441524551
567.14856,790.6005,532.99536,821.2768,748280442855384,748280474146843
553.935,849.10657,553.935,838.3244,748280474646582,748280510512207
583.047,787.45667,553.935,821.2768,748280511029499,748280543613145
575.2959,810.1532,553.935,821.2768,748280544279239,748280577637780
575.063,858.40845,575.063,821.2768,748280577733093,748280626998405
560.288,867.1463,560.288,821.2768,748280627974499,748280658534447
546.14026,832.1058,560.288,832.1058,748280658646582,748280694425801
566.1592,920.3857,560.288,832.1058,748280694559759,748280724816270
560.7046,821.88403,560.288,832.1058,748280724917364,748280758941374
545.7162,735.0424,560.288,832.1058,748280759035228,748280790315280
545.9539,817.0918,560.288,821.88403,748280790432103,748280823507988
565.84265,784.19635,560.288,817.0918,748280823627988,748280853490801
557.6389,784.91724,560.288,817.0918,748280853605020,748280890157676
552.82245,812.8301,560.288,812.8301,748280890270072,748280923911999
533.2343,871.0491,557.6389,817.0918,748280924083041,748280955861843
525.64795,871.3003,552.82245,817.0918,748280955972051,748280997125176
556.3613,843.8588,556.3613,843.8588,748280997253405,748281031367988
536.06433,900.05865,552.82245,843.8588,748281031556270,748281063307832
542.553,862.2592,552.82245,843.8588,748281063475957,748281094083249
521.24695,855.4801,542.553,855.4801,748281094253926,748281126751790
536.2941,865.7467,542.553,855.4801,748281126855593,748281183820228
524.2483,902.2748,536.2941,855.4801,748281183935540,748281216178770
528.136,848.0477,536.2941,855.4801,748281216348509,748281249842259
550.9403,846.84717,536.2941,855.4801,748281250029655,748281284682624
531.03845,831.4404,536.2941,848.0477,748281284846582,748281318057363
549.1203,874.43713,536.2941,855.4801,748281318242728,748281351988926
538.4146,833.85394,536.2941,848.0477,748281352303301,748281393101322
546.2159,895.9325,538.4146,855.4801,748281393240072,748281423936269
492.7399,852.4469,536.2941,852.4469,748281424098509,748281454000072
517.63043,861.69116,536.2941,855.4801,748281454168561,748281488843405
495.86743,886.52673,517.63043,855.4801,748281488943769,748281520736426
526.43396,837.4332,526.43396,855.4801,748281520909030,748281561043926
509.72757,829.2473,517.63043,855.4801,748281561207051,748281591028769
505.9693,837.6566,517.63043,837.6566,748281591139759,748281621072832
522.71906,854.50885,517.63043,854.50885,748281621229238,748281655461217
528.789,861.03546,517.63043,854.50885,748281655683196,748281686284342
547.482,837.23773,522.71906,854.50885,748281686474967,748281718728874
548.69244,819.94995,528.789,854.50885,748281718840749,748281749934134
564.0337,855.46,547.482,854.50885,748281750080696,748281786549499
535.4924,880.0721,535.4924,854.50885,748281786658040,748281818931009
553.3109,886.50354,547.482,855.46,748281819066946,748281856224186
549.2078,867.02716,547.482,867.02716,748281856340540,748281889938457
545.345,863.79376,547.482,863.79376,748281890055853,748281919609394
563.2731,867.9963,547.482,867.02716,748281919732103,748281952389551
518.8492,912.6634,547.482,867.02716,748281952571946,748282003707884
544.28253,895.0242,547.482,867.9963,748282003789863,748282041333925
558.2813,825.45703,547.482,867.02716,748282041482936,748282076308873
551.9861,854.35657,547.482,867.02716,748282077619030,748282111094811
569.95026,796.2581,551.9861,854.35657,748282111275853,748282145374394
540.8861,832.20416,547.482,854.35657,748282145524707,748282178364030
537.33514,881.4186,547.482,854.35657,748282178541061,748282216316061
512.15283,899.8644,540.8861,854.35657,748282216420748,748282248759707
545.2903,817.57294,545.2903,854.35657,748282248868248,748282281904446
558.4339,836.38434,545.2903,854.35657,748282282006842,748282325800957
551.63544,869.80615,545.2903,854.35657,748282325950540,748282359201634
547.2979,859.4387,547.2979,854.35657,748282359541269,748282391853821
578.7306,810.4579,547.2979,854.35657,748282392136790,748282424283457
555.07355,778.1676,547.2979,854.35657,748282425190019,748282455592780
535.7287,774.2225,547.2979,810.4579,748282455705280,748282488702727
535.12897,840.6277,547.2979,840.6277,748282488818248,748282519165904
535.7813,893.3067,535.7813,840.6277,748282519279082,748282555214498
549.1268,874.33246,547.2979,840.6277,748282555331113,748282585189811
558.1806,834.1885,547.2979,840.6277,748282585377154,748282622699602
586.5586,793.04297,549.1268,840.6277,748282622798821,748282661036477
582.65643,893.8804,558.1806,840.6277,748282661187988,748282696113561
560.0982,804.2893,560.0982,840.6277,748282696211373,748282726620488
574.9337,934.8234,560.0982,840.6277,748282726763196,748282758077519
570.10614,898.6789,560.0982,840.6277,748282759268196,748282801711165
589.00006,926.0812,570.10614,898.6789,748282801801373,748282834452415
565.7516,964.74084,565.7516,898.6789,748282834560904,748282869026894
538.25836,947.8617,565.7516,926.0812,748282869123144,748282902830175
562.14197,857.4416,565.7516,898.6789,748282903544290,748282934915592
564.4872,833.51697,564.4872,898.6789,748282936369602,748282971445644
567.1388,855.0201,565.7516,857.4416,748282971568456,748283003735852
580.74896,833.0627,565.7516,855.0201,748283004634081,748283035212050
574.56055,822.2568,567.1388,855.0201,748283038335331,748283072394811
572.6541,881.90845,572.6541,855.0201,748283073433717,748283105732571
564.9972,877.8607,567.1388,855.0201,748283105823873,748283143523508
541.46106,870.6554,567.1388,870.6554,748283143621529,748283177214342
568.3243,890.56146,567.1388,870.6554,748283177292935,748283213553092
542.7298,917.1811,567.1388,870.6554,748283213650123,748283247021685
545.463,893.20966,567.1388,890.56146,748283247203352,748283298756738
536.78784,919.0155,545.463,893.20966,748283298863717,748283332976842
546.57904,915.7514,546.57904,893.20966,748283334847258,748283367255435
539.07513,931.7959,545.463,915.7514,748283369677102,748283400422987
553.4374,833.7718,546.57904,893.20966,748283401099758,748283435389915
562.40686,910.3228,546.57904,910.3228,748283436427519,748283467504654
543.9429,863.6269,546.57904,893.20966,748283468761633,748283502819446
514.9865,903.0038,546.57904,903.0038,748283502907727,748283536628248
526.1364,950.8075,543.9429,903.0038,748283536785852,748283567788977
518.35236,925.57635,526.1364,903.0038,748283568538560,748283601730383
512.0169,966.8667,526.1364,925.57635,748283601914810,748283639660748
536.4566,838.8366,526.1364,903.0038,748283639833352,748283673384654
541.1187,947.6973,526.1364,925.57635,748283673560644,748283704274810
532.98846,871.49054,532.98846,903.0038,748283704391217,748283735696060
527.1598,861.296,527.1598,903.0038,748283737557414,748283771811373
519.3449,909.6828,527.1598,903.0038,748283771904758,748283808901112
527.08234,909.738,527.1598,903.0038,748283809903977,748283845888039
528.23596,924.3224,527.1598,909.6828,748283846050487,748283880160539
530.83997,929.1061,527.1598,909.738,748283880321373,748283912597414
535.9151,887.16785,528.23596,909.6828,748283912772623,748283944894133
547.6937,909.13153,530.83997,909.6828,748283944995435,748283982076529
555.5005,895.7436,535.9151,909.13153,748283982187935,748284017607102
540.49176,842.91895,540.49176,909.13153,748284017717623,748284056301893
542.67053,936.24664,540.49176,909.13153,748284057352987,748284089511529
500.72324,931.09564,540.49176,909.13153,748284089672831,748284123896685
565.35205,848.5535,540.49176,909.13153,748284124127779,748284155444393
538.6302,850.3481,540.49176,909.13153,748284155554654,748284188275852
521.28107,883.9608,540.49176,883.9608,748284189286060,748284223832779
522.8906,912.81354,538.6302,909.13153,748284223959602,748284269234133
527.6192,837.05,527.6192,883.9608,748284269341841,748284308559654
530.488,875.1262,530.488,883.9608,748284308638248,748284345910435
533.12476,818.92236,530.488,875.1262,748284346017831,748284378207466
520.2621,935.5107,530.488,883.9608,748284378359081,748284410057675
531.0184,816.3972,530.488,875.1262,748284410214393,748284452376164
515.3978,799.1037,530.488,875.1262,748284452547050,748284488492362
502.11847,929.1137,530.488,875.1262,748284488601841,748284521867675
505.91373,900.1359,515.3978,875.1262,748284522936581,748284557573716
531.65265,787.4508,530.488,875.1262,748284558577570,748284590148247
535.0811,839.5136,530.488,875.1262,748284590333508,748284624766685
498.76163,838.0207,530.488,839.5136,748284624941997,748284658974654
536.50446,926.0527,530.488,875.1262,748284659149185,748284691808820
517.3217,960.0534,530.488,875.1262,748284691970695,748284726127310
516.5758,896.5289,530.488,896.5289,748284726283560,748284762223456
512.16223,968.77936,517.3217,896.5289,748284762339602,748284796525331
518.4645,901.0642,518.4645,896.5289,748284796619549,748284827071529
513.1288,858.86615,517.3217,896.5289,748284833987466,748284873147622
517.80865,883.38885,517.80865,896.5289,748284873272154,748284905571164
540.7122,830.0579,517.80865,883.38885,748284905751476,748284941109237
510.56177,913.1692,517.80865,896.5289,748284941249393,748284976745851
518.32214,884.995,517.80865,884.995,748284976869810,748285010422414
524.0574,884.2574,517.80865,884.995,748285010500591,748285042212987
515.4546,894.96,517.80865,884.995,748285042355904,748285077076789
502.28464,876.7297,517.80865,884.995,748285077168820,748285112160851
502.7826,886.933,515.4546,884.995,748285112275278,748285144313091
492.8352,869.7306,502.7826,884.995,748285144420331,748285180916268
537.93414,822.6424,515.4546,884.995,748285181033612,748285214311737
545.3562,836.0049,515.4546,869.7306,748285214509914,748285248288247
560.66644,769.46246,537.93414,836.0049,748285248488508,748285313517778
573.7218,787.8112,545.3562,836.0049,748285313637622,748285351864497
525.38245,777.63873,537.93414,787.8112,748285351968768,748285385232987
542.5092,822.6092,542.5092,822.6092,748285385334705,748285415695903
553.663,839.4221,542.5092,822.6092,748285415807362,748285447011424
568.6982,842.5741,542.5092,822.6092,748285447129705,748285479502466
566.7221,802.14075,553.663,822.6092,748285479672101,748285511648924
552.3555,792.43835,552.3555,822.6092,748285511763351,748285544389914
527.0654,805.02423,552.3555,805.02423,748285544528195,748285578677257
557.97003,819.31116,552.3555,819.31116,748285578781164,748285614603872
568.81116,878.79456,552.3555,819.31116,748285614793403,748285647589237
558.53394,820.6466,557.97003,819.31116,748285647737726,748285689202466
592.1228,851.9471,558.53394,820.6466,748285689317830,748285719552518
553.3363,831.93243,557.97003,820.6466,748285720400070,748285752494028
563.2753,843.23975,558.53394,831.93243,748285753115330,748285784185018
567.51965,853.2651,558.53394,831.93243,748285784299601,748285817663143
549.3639,749.41254,558.53394,831.93243,748285817777362,748285850665851
553.00757,735.0289,558.53394,831.93243,748285850779862,748285881625226
560.65894,843.10187,558.53394,831.93243,748285881804653,748285913274549
606.79803,773.95416,558.53394,831.93243,748285913388351,748285947376737
577.5689,835.19354,560.65894,831.93243,748285947489445,748285991690903
554.85004,872.2158,558.53394,831.93243,748285991778872,748286023769861
561.8378,922.87775,560.65894,835.19354,748286023913924,748286052879236
557.96906,848.4208,558.53394,848.4208,748286054024341,748286084803611
515.78455,948.3197,558.53394,848.4208,748286084901736,748286117022309
558.18713,853.1937,558.18713,848.4208,748286117129914,748286154011007
513.75244,917.7209,558.18713,853.1937,748286154205955,748286196522101
525.0754,873.5401,558.18713,853.1937,748286196620174,748286232987622
535.43835,844.2036,535.43835,853.1937,748286233172986,748286269374497
509.37097,843.68964,535.43835,853.1937,748286269467674,748286304167830
536.33203,933.0979,535.43835,853.1937,748286304999184,748286335827934
520.758,930.9632,535.43835,853.1937,748286336000278,748286366527882
550.67645,857.90674,535.43835,857.90674,748286368943716,748286401697830
550.8586,776.21564,535.43835,853.1937,748286401773195,748286435005799
538.2532,774.3109,538.2532,853.1937,748286435094393,748286472448924
525.7873,892.4576,535.43835,853.1937,748286472548507,748286502313820
548.05817,924.1441,538.2532,853.1937,748286502429757,748286535326424
530.9209,880.2077,535.43835,880.2077,748286537042205,748286572240747
536.4975,795.4699,536.4975,853.1937,748286572413976,748286605644601
561.9854,834.56396,536.4975,853.1937,748286605800851,748286639093038
553.6394,776.9642,536.4975,834.56396,748286639250382,748286671387934
555.7089,866.6876,553.6394,853.1937,748286671553507,748286713427674
568.2451,887.3194,553.6394,853.1937,748286713515747,748286745716215
559.7648,852.9765,555.7089,853.1937,748286745820903,748286781106997
565.3437,880.8098,559.7648,853.1937,748286781295330,748286815671111
555.43024,840.1683,555.7089,853.1937,748286815779705,748286857284653
572.43555,868.046,559.7648,853.1937,748286857442569,748286892242153
579.9527,900.26447,559.7648,853.1937,748286892328872,748286922912726
562.00085,776.8706,562.00085,853.1937,748286923040330,748286955643715
565.6932,768.97406,562.00085,853.1937,748286955807517,748286992096580
569.9358,865.15393,562.00085,853.1937,748286992214236,748287023634288
555.082,877.1332,562.00085,853.1937,748287023803247,748287055157986
559.85016,821.5472,562.00085,853.1937,748287055306892,748287087072101
553.1935,926.871,559.85016,853.1937,748287087235903,748287117194236
568.59827,940.34106,562.00085,853.1937,748287117303194,748287149141736
588.27765,853.17883,562.00085,853.1937,748287149277361,748287180394809
592.22424,830.6279,568.59827,853.1937,748287180513142,748287214154080
578.94916,837.63477,578.94916,853.17883,748287214249340,748287249703299
547.9026,903.4957,568.59827,853.1937,748287249804861,748287289795226
572.0026,837.8818,572.0026,853.17883,748287289911528,748287324434236
589.98444,867.61993,572.0026,853.1937,748287324628351,748287356322205
565.0554,878.4325,572.0026,853.1937,748287356463403,748287389292882
571.18866,840.44995,572.0026,853.1937,748287389466423,748287429196215
562.6203,832.59,571.18866,853.1937,748287429382048,748287463020226
575.1305,869.4523,572.0026,853.1937,748287463126319,748287497794028
564.8697,817.3839,571.18866,853.1937,748287497895746,748287533215850
550.0528,876.67163,571.18866,853.1937,748287534559757,748287568986944
537.0577,881.7886,564.8697,853.1937,748287569165590,748287605097725
567.11554,842.78784,567.11554,853.1937,748287605253715,748287638596007
568.1382,889.7761,567.11554,853.1937,748287638734496,748287674107882
584.1045,938.4015,567.11554,853.1937,748287674195017,748287709499653
579.6207,983.68634,568.1382,889.7761,748287709593194,748287745765590
584.80963,904.8979,579.6207,904.8979,748287745948090,748287785776059
553.31256,972.2166,568.1382,904.8979,748287786808663,748287824777413
533.395,946.4819,568.1382,904.8979,748287824866996,748287857668194
550.56366,967.9625,553.31256,946.4819,748287857860902,748287901410538
568.83527,981.764,568.1382,946.4819,748287901544652,748287935776007
567.1911,979.3265,567.1911,967.9625,748287936134080,748287970165329
542.331,921.94324,567.1911,946.4819,748287970257152,748288004171788
563.24335,921.5656,567.1911,946.4819,748288004341059,748288035536632
565.62897,931.1001,565.62897,931.1001,748288035671423,748288069860434
556.9805,846.8849,565.62897,931.1001,748288069996267,748288104602882
577.3495,917.71594,565.62897,931.1001,748288104696944,748288136919288
546.6897,884.1403,565.62897,917.71594,748288137016007,748288174631631
566.1966,861.8762,565.62897,917.71594,748288174753090,748288209056527
565.2147,909.566,565.62897,909.566,748288209239496,748288245048298
531.7443,877.721,565.62897,909.566,748288245221788,748288280520069
547.9211,856.5759,565.2147,909.566,748288280710850,748288311618246
566.17114,870.1488,565.62897,877.721,748288311736631,748288343627517
557.4982,917.3741,565.2147,909.566,748288343798298,748288379551631
522.09845,900.09796,565.2147,900.09796,748288379660902,748288413199236
524.8999,880.0512,557.4982,900.09796,748288413693454,748288447527673
557.8816,905.37286,557.8816,900.09796,748288447634496,748288477574808
559.9749,935.38293,557.8816,900.09796,748288477761163,748288511290954
532.6106,881.0946,557.8816,900.09796,748288511453350,748288543134288
569.488,936.9972,557.8816,900.09796,748288543319392,748288575718038
548.1091,976.47064,557.8816,900.09796,748288575913246,748288608856058
499.05844,922.8255,557.8816,922.8255,748288609040850,748288657648142
479.90494,972.1149,548.1091,922.8255,748288657740433,748288689634808
533.83185,911.4209,533.83185,922.8255,748288689809235,748288722213975
517.67096,893.3179,533.83185,922.8255,748288722386788,748288755219913
546.2757,885.2231,533.83185,911.4209,748288755389704,748288798337048
524.9181,923.27277,533.83185,922.8255,748288798440798,748288832711162
556.51105,949.98944,533.83185,922.8255,748288834106006,748288867079287
523.71277,907.8771,533.83185,922.8255,748288867215017,748288902522569
476.67325,887.394,533.83185,922.8255,748288904404652,748288940938454
496.89655,916.53345,523.71277,916.53345,748288941137048,748288974640017
512.91705,924.44135,512.91705,922.8255,748288974810954,748289007811006
508.65042,951.11346,512.91705,922.8255,748289007973662,748289038535173
504.13324,915.52747,512.91705,922.8255,748289038696996,748289074320589
493.0535,1007.1088,508.65042,922.8255,748289074515225,748289111110537
536.9273,924.51154,512.91705,922.8255,748289111277725,748289143464860
526.27576,961.0614,512.91705,924.51154,748289143575329,748289177730277
548.7928,888.5006,526.27576,922.8255,748289177971110,748289213840381
498.46075,932.7342,512.91705,924.51154,748289213948975,748289246539912
508.9206,887.8108,512.91705,922.8255,748289246640485,748289280064912
502.90366,875.75183,508.9206,922.8255,748289280163766,748289310376058
512.4741,888.9663,512.4741,888.9663,748289310521839,748289346605433
490.2313,913.49176,508.9206,913.49176,748289346725694,748289379244912
539.95624,920.2686,512.4741,913.49176,748289379341006,748289413054548
531.2569,966.82245,512.4741,913.49176,748289413164912,748289470719964
500.35748,894.8637,512.4741,913.49176,748289470819183,748289505169079
549.7753,957.5618,512.4741,913.49176,748289505320537,748289538136891
541.7423,875.15466,512.4741,913.49176,748289538267777,748289571947673
532.677,957.71967,532.677,913.49176,748289572111110,748289607327829
523.51215,950.50745,523.51215,913.49176,748289607430485,748289639685902
492.23062,889.17035,523.51215,913.49176,748289639790329,748289673262360
469.71716,815.5511,523.51215,913.49176,748289673377100,748289709211370
502.75912,902.596,502.75912,902.596,748289709324339,748289747373245
478.3463,926.92053,502.75912,913.49176,748289747473818,748289782984235
516.0737,940.99817,502.75912,913.49176,748289783148037,748289814436735
507.29843,927.4522,502.75912,926.92053,748289814637204,748289846260016
498.90445,939.54736,502.75912,927.4522,748289846368298,748289880073870
473.42572,919.12885,502.75912,926.92053,748289880173610,748289911612308
473.20053,921.88873,498.90445,926.92053,748289911734235,748289942635329
509.63202,904.3979,502.75912,921.88873,748289942738506,748289974500797
501.1577,902.4479,501.1577,921.88873,748289974606787,748290006280589
504.96524,902.95996,502.75912,904.3979,748290006402777,748290039837152
499.9816,927.4122,501.1577,921.88873,748290039938766,748290071962933
484.47263,921.9775,501.1577,921.88873,748290072165225,748290115133506
496.06213,906.907,499.9816,921.88873,748290115309131,748290144852620
493.93442,953.6796,496.06213,921.88873,748290144958454,748290176695902
487.8983,940.9728,496.06213,921.88873,748290176845172,748290211877464
498.7992,955.9261,496.06213,940.9728,748290212073714,748290271431266
508.1901,954.3738,496.06213,940.9728,748290271546110,748290307327881
519.7269,956.27673,498.7992,954.3738,748290307439704,748290343056943
491.5803,918.79694,496.06213,940.9728,748290343151787,748290373859131
477.10645,947.5812,496.06213,947.5812,748290374016058,748290406534235
512.8384,909.5542,496.06213,940.9728,748290406637151,748290438736735
536.5887,970.3753,496.06213,947.5812,748290438846787,748290472141943
510.08902,978.98486,510.08902,947.5812,748290472259651,748290502634860
508.37326,945.29724,508.37326,947.5812,748290502737256,748290536254860
492.00974,967.517,508.37326,947.5812,748290536361579,748290574037620
479.41617,993.68054,508.37326,947.5812,748290574151735,748290606650276
510.4572,965.0451,508.37326,965.0451,748290606765120,748290644241839
485.8085,972.2144,508.37326,965.0451,748290644356735,748290680295901
500.52884,959.5014,508.37326,965.0451,748290680387256,748290711092985
497.288,982.52936,500.52884,965.0451,748290711190276,748290745648453
485.11835,1011.1343,500.52884,965.0451,748290746153349,748290778994495
468.69305,973.527,497.288,973.527,748290779940120,748290813779755
506.842,1027.4236,500.52884,973.527,748290813885328,748290860810276
510.67578,952.13605,500.52884,973.527,748290860895745,748290896878089
496.23874,975.0792,500.52884,973.527,748290896968766,748290928717464
491.4354,948.0438,500.52884,973.527,748290930115120,748290959820433
492.261,951.47205,496.23874,973.527,748290961841891,748290991838505
508.1038,961.7769,500.52884,961.7769,748290992649964,748291035190485
499.42694,950.8742,499.42694,961.7769,748291035382620,748291088496110
516.73456,950.2304,500.52884,961.7769,748291088664078,748291131552307
504.5661,981.813,500.52884,961.7769,748291131649807,748291160941891
506.35477,977.4865,504.5661,961.7769,748291161032203,748291192241266
477.04352,930.5446,500.52884,961.7769,748291194825537,748291226622932
494.52286,958.9197,500.52884,961.7769,748291226711630,748291261091474
482.1447,989.85046,494.52286,961.7769,748291262321474,748291294234964
490.32098,970.2685,494.52286,961.7769,748291294326005,748291329511734
496.17432,989.5051,494.52286,970.2685,748291330437464,748291372233505
470.37927,928.4598,494.52286,961.7769,748291372418870,748291409345953
511.55988,942.79596,494.52286,961.7769,748291409455328,748291459801943
478.5104,907.14374,494.52286,942.79596,748291459910224,748291493498349
506.4442,990.1989,494.52286,961.7769,748291493591839,748291531141318
493.42868,943.9729,494.52286,943.9729,748291531282620,748291564710849
495.38992,876.64355,494.52286,943.9729,748291565999495,748291596752828
509.07507,919.01447,494.52286,943.9729,748291598739234,748291630980328
491.10727,853.6503,494.52286,919.01447,748291631409078,748291668825484
492.83603,966.2172,494.52286,943.9729,748291668920901,748291705595380
489.71567,902.77734,492.83603,919.01447,748291706475849,748291761479547
490.56485,921.7074,492.83603,921.7074,748291761584338,748291796798974
506.408,954.9602,492.83603,921.7074,748291796996266,748291835285797
518.25507,905.0773,492.83603,921.7074,748291835447880,748291869116109
489.88687,869.8131,492.83603,921.7074,748291869305276,748291902911890
520.6332,871.61444,492.83603,905.0773,748291903095276,748291939117047
521.15125,929.69086,492.83603,921.7074,748291939267672,748291977585432
472.34036,947.62897,492.83603,921.7074,748291978116422,748292009703401
446.173,944.9286,492.83603,929.69086,748292009805484,748292056622359
522.4617,945.5424,492.83603,944.9286,748292056715068,748292088401786
525.7479,921.4919,492.83603,929.69086,748292092134026,748292127053974
535.222,956.6458,522.4617,944.9286,748292127492620,748292160600328
523.9142,893.7682,523.9142,929.69086,748292162888349,748292193947672
466.01303,860.0116,522.4617,929.69086,748292194981995,748292230686890
492.4479,980.1661,522.4617,929.69086,748292232508922,748292264077567
503.22028,962.2737,503.22028,929.69086,748292264164078,748292296100901
476.06912,968.0264,503.22028,962.2737,748292296214755,748292327089234
488.69067,900.3781,503.22028,929.69086,748292328316265,748292361811890
484.37296,882.11053,488.69067,929.69086,748292361965015,748292398140119
482.73923,862.0572,488.69067,900.3781,748292398258453,748292433132099
500.44202,859.10913,488.69067,882.11053,748292433275172,748292467417984
504.76724,908.9523,488.69067,900.3781,748292467507932,748292503779911
514.2839,945.0804,500.44202,900.3781,748292503975432,748292536604703
502.62283,941.8589,502.62283,908.9523,748292536700953,748292570177307
496.0504,870.6922,500.44202,900.3781,748292570298505,748292602088817
490.30084,870.93304,500.44202,900.3781,748292602265796,748292654351838
494.66415,859.1644,496.0504,870.93304,748292654454338,748292686062932
488.76492,831.8741,494.66415,870.93304,748292686243349,748292720266838
482.03024,867.81067,494.66415,867.81067,748292720352046,748292751601786
493.4804,835.99164,493.4804,867.81067,748292751805484,748292786261109
519.2538,905.715,494.66415,867.81067,748292786452828,748292820626526
507.17862,899.6563,494.66415,867.81067,748292820737411,748292852255640
483.98627,853.0588,494.66415,867.81067,748292852439651,748292890637619
516.24634,859.83417,494.66415,867.81067,748292890735588,748292924681786
510.91382,897.92694,494.66415,867.81067,748292924770015,748292956307046
497.9626,816.5812,497.9626,867.81067,748292956470380,748292990565640
502.0879,817.92474,497.9626,867.81067,748292990744911,748293023016161
490.30115,856.68506,497.9626,856.68506,748293023886525,748293070344807
459.4248,830.855,497.9626,856.68506,748293070450067,748293105034025
499.21164,934.071,497.9626,856.68506,748293105212671,748293144624859
466.21518,834.7681,497.9626,856.68506,748293144763244,748293179025848
495.0589,925.821,497.9626,856.68506,748293179126890,748293211243713
517.9571,917.68677,497.9626,856.68506,748293211447775,748293244732255
539.18524,878.7905,497.9626,878.7905,748293244929077,748293275739650
529.89655,873.53577,517.9571,873.53577,748293276082827,748293310855588
524.7955,892.6756,524.7955,878.7905,748293311086577,748293352771213
516.8033,883.54846,517.9571,878.7905,748293352948765,748293386474546
531.3372,853.1014,524.7955,878.7905,748293386577359,748293421981890
512.26544,845.1352,517.9571,878.7905,748293422424390,748293457657463
493.8177,892.7996,517.9571,878.7905,748293457757202,748293498614129
523.13934,875.8434,517.9571,878.7905,748293498737307,748293538888557
493.51105,858.00446,517.9571,878.7905,748293538992619,748293576991525
503.533,864.3898,517.9571,875.8434,748293577115744,748293608540379
511.88803,888.5595,511.88803,878.7905,748293608945432,748293641401734
495.89185,849.83575,511.88803,875.8434,748293642350536,748293676202984
513.85956,845.77014,511.88803,875.8434,748293676401577,748293705868817
499.79272,901.6377,511.88803,875.8434,748293705978088,748293737535067
492.52377,802.9324,511.88803,875.8434,748293737691213,748293770976734
479.94315,883.5128,499.79272,875.8434,748293771119129,748293807618452
489.32086,867.39935,492.52377,875.8434,748293807730640,748293854714598
492.66013,865.5018,492.66013,875.8434,748293854809390,748293888313869
513.1381,871.4477,492.66013,871.4477,748293888489702,748293921346056
506.1437,865.33923,492.66013,871.4477,748293921454650,748293956631161
497.66486,856.1936,497.66486,871.4477,748293956733504,748294015915223
506.11005,832.01715,497.66486,865.33923,748294016090952,748294049070588
495.22513,860.5019,497.66486,860.5019,748294049188036,748294082391317
489.9812,849.39526,497.66486,860.5019,748294082576785,748294113973713
514.3359,842.88446,497.66486,860.5019,748294114154442,748294146765275
492.0502,805.4915,497.66486,849.39526,748294146951004,748294193379390
518.4387,859.16583,497.66486,859.16583,748294193473088,748294231131421
515.322,812.7979,497.66486,849.39526,748294231229390,748294262881890
511.66605,848.6438,511.66605,849.39526,748294262987775,748294293865275
512.25464,844.29364,511.66605,848.6438,748294295963140,748294328122879
515.66034,773.34503,511.66605,848.6438,748294328286837,748294360635431
508.4332,790.78845,511.66605,844.29364,748294360730535,748294392432150
505.97842,822.62195,511.66605,822.62195,748294392591056,748294425754702
482.12607,824.3105,508.4332,824.3105,748294425895275,748294459875796
486.29065,832.4173,505.97842,824.3105,748294461555535,748294495163087
481.0713,794.61847,486.29065,824.3105,748294495315900,748294525924181
494.04178,794.96173,494.04178,824.3105,748294526061369,748294558425535
496.69547,785.1163,494.04178,794.96173,748294558520848,748294590404546
483.5408,748.60925,494.04178,794.96173,748294591576577,748294633398192
496.30927,803.02856,494.04178,794.96173,748294633502358,748294665736889
506.98526,844.9046,494.04178,794.96173,748294665856994,748294699191004
525.9099,832.0999,496.30927,803.02856,748294700149389,748294731868035
502.0036,887.3729,502.0036,832.0999,748294732109077,748294763850952
515.5861,872.44586,502.0036,832.0999,748294764553296,748294798846004
513.5283,799.8354,502.0036,832.0999,748294798984285,748294832682827
484.9228,902.5856,502.0036,832.0999,748294832817410,748294870079910
494.87347,922.6499,502.0036,832.0999,748294870251316,748294904441421
509.10666,887.6819,502.0036,887.6819,748294904541421,748294935513243
537.7056,909.5494,502.0036,887.6819,748294935609441,748294971090535
542.59955,879.6436,509.10666,887.6819,748294971196785,748295002058556
544.82526,862.3348,537.7056,887.6819,748295002204233,748295036604337
551.08813,811.67413,542.59955,879.6436,748295036803400,748295068913712
540.1466,828.0402,540.1466,862.3348,748295069691785,748295117850014
544.08704,899.1473,542.59955,879.6436,748295117941577,748295152843660
527.3762,830.14795,540.1466,862.3348,748295152925900,748295187207879
540.25055,793.22034,540.25055,862.3348,748295187294702,748295229646108
543.39935,800.40466,540.25055,830.14795,748295229730118,748295265283504
518.7506,809.2783,540.25055,809.2783,748295265447618,748295303033608
524.81024,875.8689,540.25055,830.14795,748295303131629,748295339387358
515.31024,818.6409,524.81024,818.6409,748295339659285,748295372777983
528.7822,854.02734,528.7822,830.14795,748295372875431,748295404627150
526.23,827.5345,526.23,827.5345,748295404740743,748295448396004
513.68646,740.905,526.23,827.5345,748295448578504,748295479118816
535.1774,787.7486,526.23,827.5345,748295479200795,748295511416004
542.2501,830.6599,526.23,827.5345,748295511506420,748295541781264
526.6882,842.55365,526.6882,827.5345,748295541957358,748295573235222
601.36975,875.0799,526.6882,830.6599,748295573394025,748295607749962
548.35675,819.27454,526.6882,827.5345,748295608295691,748295640351941
513.31055,849.4199,526.6882,830.6599,748295640529233,748295673699493
505.8825,856.39166,526.6882,830.6599,748295673855847,748295703598712
514.51117,881.21063,514.51117,849.4199,748295703695743,748295734662618
517.8729,871.64087,517.8729,856.39166,748295734831785,748295767629233
488.7502,892.05365,514.51117,871.64087,748295767726160,748295803300743
496.5831,864.69855,514.51117,864.69855,748295803399806,748295836529076
490.9075,812.41974,496.5831,864.69855,748295836623451,748295871018972
506.93173,756.3684,506.93173,864.69855,748295871123660,748295903221056
496.35437,768.47864,496.5831,812.41974,748295903314441,748295937507618
522.14105,843.1258,506.93173,843.1258,748295937611420,748295971276837
551.55194,776.68976,506.93173,812.41974,748295971387618,748296006190899
514.63416,815.46545,514.63416,815.46545,748296006382201,748296037842410
528.0275,817.4677,514.63416,815.46545,748296037933920,748296069596212
502.92032,800.2981,514.63416,815.46545,748296069704076,748296104411733
523.69824,900.9712,514.63416,815.46545,748296104533920,748296140176681
524.1538,883.81415,514.63416,815.46545,748296140754753,748296173057670
559.0066,843.3839,523.69824,843.3839,748296174305431,748296204330170
509.24582,857.361,514.63416,843.3839,748296204894545,748296237926420
525.4379,836.944,523.69824,843.3839,748296238410014,748296269954180
494.62582,797.24774,514.63416,843.3839,748296270066368,748296302610691
507.11057,882.9734,514.63416,843.3839,748296302712930,748296335555691
491.60675,862.76105,507.11057,843.3839,748296335646993,748296370601003
525.8935,909.51013,514.63416,862.76105,748296370719024,748296405780587
525.26556,858.4213,514.63416,858.4213,748296405983868,748296438103451
513.3168,869.2282,514.63416,862.76105,748296439543920,748296469904701
501.44696,832.69525,514.63416,858.4213,748296470012826,748296501356420
525.04095,885.66174,514.63416,862.76105,748296501456264,748296535297045
537.87506,858.6469,514.63416,858.6469,748296535413712,748296570515795
532.2274,833.9538,525.04095,858.6469,748296570643607,748296605245795
512.32886,822.1057,514.63416,858.6469,748296605417357,748296642801160
492.43604,782.91956,514.63416,833.9538,748296642979805,748296674550535
504.1947,832.0274,512.32886,832.0274,748296674733347,748296706066212
516.9449,875.681,514.63416,833.9538,748296706226524,748296741291159
531.4478,826.9759,514.63416,832.0274,748296741459284,748296775169649
548.3071,840.4717,516.9449,833.9538,748296775347670,748296805903034
502.2966,876.0371,514.63416,833.9538,748296806086003,748296839899649
534.00226,849.0569,516.9449,840.4717,748296840097097,748296873775691
499.60727,905.4465,514.63416,849.0569,748296873947045,748296906699441
524.1029,900.8633,516.9449,849.0569,748296906870014,748296941275743
495.04593,880.5226,514.63416,880.5226,748296941461003,748296978629597
478.2641,837.8717,514.63416,849.0569,748296978815639,748297009815534
509.95566,851.812,509.95566,851.812,748297009955430,748297040228451
481.46896,906.8486,509.95566,851.812,748297042237774,748297075263086
545.26685,890.5865,509.95566,851.812,748297075373295,748297112798555
525.0841,949.0371,509.95566,890.5865,748297112999493,748297144314857
545.25256,897.2425,525.0841,890.5865,748297144492305,748297175571263
558.76324,840.67816,525.0841,890.5865,748297175707670,748297206546993
540.11053,781.76904,540.11053,890.5865,748297206717409,748297236665586
531.516,841.0949,531.516,841.0949,748297237247513,748297271665274
523.2112,808.50305,531.516,841.0949,748297271820118,748297301428243
556.6485,759.5865,531.516,841.0949,748297301518607,748297339558555
556.6687,844.4737,531.516,841.0949,748297339737045,748297379438555
553.79315,827.5885,553.79315,841.0949,748297379532982,748297411988034
551.7725,872.67944,551.7725,841.0949,748297412124701,748297445475170
547.8628,858.45807,551.7725,841.0949,748297445639649,748297491620118
564.97797,819.72424,551.7725,841.0949,748297491733920,748297523544545
561.71484,839.19824,551.7725,841.0949,748297523696368,748297557332930
578.1978,851.625,561.71484,841.0949,748297558640742,748297593203138
548.7299,800.49713,551.7725,841.0949,748297593614336,748297627393451
569.0777,792.96533,561.71484,841.0949,748297627480847,748297659586576
563.2634,799.3503,561.71484,800.49713,748297659738815,748297695526524
573.30426,806.6876,563.2634,806.6876,748297695664961,748297729879128
570.6778,748.5286,563.2634,800.49713,748297730049909,748297763403920
556.53656,752.54315,563.2634,800.49713,748297763568242,748297797566419
533.89325,728.54376,563.2634,752.54315,748297797737774,748297830148242
547.2409,809.7514,556.53656,800.49713,748297830257930,748297865667305
560.3725,765.79596,560.3725,765.79596,748297865765326,748297901016211
548.8661,833.97327,556.53656,800.49713,748297901495482,748297933860378
573.6825,881.30896,560.3725,800.49713,748297933954961,748297967428190
549.13275,759.9713,556.53656,800.49713,748297967549440,748298011538399
551.5516,737.6512,556.53656,800.49713,748298011647513,748298044730326
538.06177,792.22455,551.5516,792.22455,748298044836628,748298076322878
545.83484,748.7239,551.5516,792.22455,748298076482096,748298107987513
568.6251,835.22614,551.5516,792.22455,748298108197826,748298139966471
530.0736,804.1871,551.5516,792.22455,748298140613659,748298178194909
560.2244,821.2574,551.5516,804.1871,748298178378555,748298215306419
539.7365,844.97437,551.5516,804.1871,748298215473503,748298252683138
542.0631,866.35657,551.5516,821.2574,748298252838451,748298284816003
557.0446,915.1703,551.5516,844.97437,748298285875482,748298317930326
565.3369,878.96857,551.5516,866.35657,748298320076315,748298350844076
579.5837,857.20044,557.0446,857.20044,748298353556576,748298402210482
564.4849,845.49744,564.4849,857.20044,748298403581003,748298455044336
516.45215,894.67535,557.0446,857.20044,748298455824388,748298501012721
574.6962,903.69556,564.4849,857.20044,748298501121628,748298534481211
559.27295,832.7428,559.27295,857.20044,748298534594075,748298566918503
576.755,870.0632,564.4849,857.20044,748298567013763,748298600255950
570.89813,848.6086,564.4849,857.20044,748298600366680,748298635254440
561.98065,820.28503,564.4849,857.20044,748298635420117,748298668960013
547.6542,775.6223,564.4849,848.6086,748298669058086,748298703371055
550.4819,731.17596,561.98065,820.28503,748298703511055,748298750783659
530.05273,738.7033,550.4819,775.6223,748298751757825,748298781419023
545.0438,749.634,550.4819,749.634,748298781598190,748298814845794
559.5267,824.23926,550.4819,775.6223,748298814977513,748298850485013
548.7209,741.31757,550.4819,749.634,748298850577877,748298884412513
571.1837,747.6575,550.4819,749.634,748298884630169,748298919012096
557.0027,773.70374,550.4819,749.634,748298919189961,748298975745273
546.91656,784.19025,550.4819,749.634,748298975865742,748299068388763
528.1333,785.0312,550.4819,773.70374,748299068489752,748299113938034
529.68097,768.4324,546.91656,768.4324,748299114054440,748299148506627
537.07135,754.501,537.07135,768.4324,748299148611731,748299181446888
534.1536,736.2271,537.07135,768.4324,748299181632981,748299215970690
519.858,732.6643,537.07135,754.501,748299216106054,748299249491731
516.18353,732.5419,534.1536,736.2271,748299249586263,748299284301992
519.49805,795.27625,519.858,754.501,748299284440586,748299320687669
514.685,812.48706,519.49805,754.501,748299320871575,748299351435065
515.91656,796.7081,519.49805,795.27625,748299351573138,748299381496575
537.6767,789.27655,519.49805,789.27655,748299381596106,748299419544648
520.2408,818.4473,519.49805,795.27625,748299420212513,748299452938190
524.74744,826.54645,520.2408,795.27625,748299458546315,748299490599544
522.42444,862.7128,520.2408,818.4473,748299492188711,748299527326992
537.3122,832.21045,522.42444,826.54645,748299527461158,748299563116627
545.46356,799.1505,522.42444,818.4473,748299563230950,748299598460690
553.07336,869.16583,537.3122,826.54645,748299598571888,748299632511783
513.13434,774.4357,522.42444,818.4473,748299632620950,748299672939544
508.69827,760.95447,522.42444,818.4473,748299673123242,748299709795585
525.1016,810.91345,522.42444,810.91345,748299709984492,748299741392252
516.34875,809.22815,522.42444,810.91345,748299741561835,748299773591783
536.17267,851.5951,522.42444,810.91345,748299773741523,748299804906679
509.97403,883.3034,522.42444,810.91345,748299805081992,748299846370481
524.1333,858.58167,522.42444,851.5951,748299846463294,748299878573554
514.36035,877.2424,522.42444,858.58167,748299878748606,748299911808658
541.0865,844.2928,522.42444,851.5951,748299911988554,748299944870012
520.6729,906.5881,522.42444,858.58167,748299945047512,748299978105377
523.5265,883.5754,522.42444,858.58167,748299978207044,748300008922148
552.3986,866.138,522.42444,866.138,748300009074075,748300049635429
498.6517,811.66156,522.42444,858.58167,748300050439492,748300084675169
537.7096,847.76697,522.42444,858.58167,748300086022617,748300121178398
525.0275,791.71643,522.42444,847.76697,748300122732929,748300155463294
584.97,871.543,525.0275,858.58167,748300155553554,748300188493450
548.00055,958.617,525.0275,858.58167,748300188641314,748300227891471
550.69385,933.3894,548.00055,871.543,748300228112616,748300263225950
474.88412,894.97784,525.0275,894.97784,748300263700116,748300294601731
525.6747,832.1933,525.6747,871.543,748300294717304,748300328146002
509.6605,922.651,525.0275,894.97784,748300328252200,748300359826210
517.855,815.8032,525.0275,871.543,748300360102981,748300391912408
530.8608,905.8918,525.0275,894.97784,748300392021783,748300423471679
530.23987,816.2817,525.0275,871.543,748300423592773,748300457391835
529.1343,834.21246,529.1343,871.543,748300457511939,748300488572096
524.8462,859.4278,525.0275,859.4278,748300488656939,748300521301210
488.46997,882.2245,525.0275,871.543,748300523709648,748300557346210
534.9367,844.93677,525.0275,859.4278,748300557449596,748300591809804
553.1365,953.3879,525.0275,871.543,748300591959491,748300631154700
543.4218,897.4606,534.9367,871.543,748300631249804,748300665539700
526.5905,883.1111,526.5905,883.1111,748300665948293,748300698577877
527.4026,854.4514,527.4026,871.543,748300698755325,748300734296210
523.89514,870.62396,526.5905,871.543,748300734415064,748300771294283
506.71094,807.28143,526.5905,870.62396,748300771409700,748300808655689
503.3655,809.5883,523.89514,870.62396,748300808801991,748300842788397
515.96094,848.78125,515.96094,848.78125,748300842988970,748300876160220
513.6518,832.0521,515.96094,848.78125,748300876334335,748300911116054
471.30536,828.7283,515.96094,848.78125,748300911297304,748300946853970
458.98242,745.57477,513.6518,832.0521,748300946947981,748300980358397
481.48495,723.7844,481.48495,828.7283,748300980529387,748301040760689
476.19485,780.16736,481.48495,780.16736,748301040854543,748301080997252
501.49377,785.016,481.48495,785.016,748301081094179,748301116461991
486.7675,804.5981,481.48495,785.016,748301116593710,748301148156679
495.32016,795.5644,486.7675,785.016,748301148294439,748301180759856
502.137,833.31744,486.7675,795.5644,748301181741731,748301220823397
522.5484,828.8662,495.32016,795.5644,748301220919439,748301253252929
478.4055,824.67804,486.7675,824.67804,748301253411106,748301287645429
534.2498,823.7557,495.32016,823.7557,748301287803241,748301321426470
543.52454,862.3716,495.32016,824.67804,748301321601731,748301353312147
540.51697,872.3377,534.2498,824.67804,748301353400533,748301385347720
540.92255,871.3693,540.51697,862.3716,748301387844804,748301418534335
548.8454,909.14905,540.51697,871.3693,748301418626574,748301449105585
563.7335,937.31525,540.92255,871.3693,748301450385585,748301481763710
550.8811,959.5882,548.8454,909.14905,748301482498189,748301531512772
579.2619,916.13605,550.8811,916.13605,748301531683658,748301563345533
577.25037,927.60187,550.8811,916.13605,748301563710949,748301605327408
608.8856,878.43896,577.25037,916.13605,748301605502303,748301641465793
580.39716,893.3921,577.25037,916.13605,748301641645741,748301674685949
549.4805,847.25336,577.25037,893.3921,748301674778345,748301706823970
563.4623,872.3621,577.25037,893.3921,748301706991158,748301738776001
560.2672,870.7983,563.4623,872.3621,748301738960897,748301769468866
579.6296,879.97864,577.25037,879.97864,748301769642876,748301802913085
586.59454,851.6588,577.25037,872.3621,748301803017147,748301838214178
517.189,852.3986,577.25037,872.3621,748301838400533,748301871222408
525.1526,865.6848,577.25037,865.6848,748301871419230,748301903851939
559.22394,858.0038,559.22394,865.6848,748301904043553,748301943161105
502.30167,817.61304,559.22394,865.6848,748301943372564,748301977582460
508.8553,826.7707,559.22394,858.0038,748301977702512,748302009136939
541.32227,895.2837,541.32227,865.6848,748302009283762,748302044225220
536.59717,851.8205,541.32227,858.0038,748302044318553,748302077166366
530.43585,808.63824,541.32227,858.0038,748302077256678,748302109415480
558.6904,786.673,541.32227,851.8205,748302109566939,748302142191782
521.6333,824.0089,541.32227,824.0089,748302143388084,748302174766991
527.513,867.0821,541.32227,851.8205,748302174931782,748302210842355
539.0474,837.35565,539.0474,837.35565,748302210955845,748302244578293
507.86456,742.8574,539.0474,837.35565,748302244682355,748302304117407
586.3183,903.85803,539.0474,837.35565,748302304225012,748302336355637
592.0254,955.0114,539.0474,837.35565,748302336472616,748302372347616
575.93713,929.9908,575.93713,903.85803,748302372431886,748302409938084
580.9154,928.7283,575.93713,928.7283,748302410061209,748302441813918
587.85846,908.1387,575.93713,908.1387,748302441999959,748302475286105
584.2988,879.50726,580.9154,908.1387,748302475451678,748302526863449
488.57928,917.1119,575.93713,908.1387,748302526978241,748302565476574
530.15576,867.1268,575.93713,908.1387,748302566581834,748302600499282
540.5108,882.41077,540.5108,908.1387,748302600653918,748302632745636
537.30457,873.40173,540.5108,882.41077,748302632854022,748302664800949
530.3983,871.9014,540.5108,882.41077,748302664997824,748302698555272
540.3192,888.0556,540.3192,882.41077,748302699055168,748302734437668
552.362,843.5711,540.5108,882.41077,748302734612043,748302765454074
564.1257,848.0586,540.5108,882.41077,748302765554959,748302798014490
581.75446,942.183,552.362,882.41077,748302798189126,748302832752720
560.57056,882.409,560.57056,882.41077,748302832937876,748302864539074
540.39044,893.5961,552.362,882.41077,748302864719543,748302897364855
532.46045,951.7665,552.362,882.41077,748302897530115,748302934530897
540.6811,907.30963,540.6811,893.5961,748302934702355,748302970078188
551.05316,870.4121,551.05316,882.41077,748302970273918,748303015453345
552.4556,907.8215,551.05316,893.5961,748303015566834,748303047714647
527.4307,852.05414,551.05316,882.41077,748303047846678,748303078539074
555.2298,894.8454,551.05316,893.5961,748303080089595,748303114560949
569.0133,888.3796,551.05316,888.3796,748303115175011,748303149073865
552.0866,870.86163,552.0866,888.3796,748303149213136,748303181595740
560.91693,803.8577,552.0866,888.3796,748303181740688,748303215891990
564.6192,836.4092,552.0866,870.86163,748303216075480,748303247551522
598.61066,811.0741,560.91693,836.4092,748303249514647,748303284478397
579.2342,805.5408,564.6192,836.4092,748303294362824,748303326364803
568.1604,800.1699,568.1604,811.0741,748303326454751,748303361163344
576.7354,772.4163,568.1604,805.5408,748303378707824,748303419766105
566.6546,800.5196,568.1604,800.5196,748303419931313,748303450179386
493.24298,1003.8387,568.1604,805.5408,748303450634907,748303488249074
539.7998,1030.9146,566.6546,805.5408,748303488396574,748303545942980
516.7512,955.62036,539.7998,955.62036,748303546055949,748303579871417
476.7767,785.39087,539.7998,805.5408,748303579977719,748303615777459
490.22293,816.9544,516.7512,816.9544,748303615862251,748303651508553
528.3673,897.77277,528.3673,816.9544,748303651694490,748303687767980
542.9015,848.21906,528.3673,816.9544,748303687927459,748303722255219
532.668,832.7657,528.3673,832.7657,748303722365115,748303754934542
536.4069,817.8522,532.668,817.8522,748303755089646,748303787985011
513.5778,849.6012,528.3673,832.7657,748303788170948,748303819713136
535.35986,879.7686,532.668,832.7657,748303819874386,748303851995323
528.7059,845.7214,528.7059,845.7214,748303852195792,748303883571209
507.15002,767.88403,528.7059,832.7657,748303884418396,748303915117980
560.349,811.4679,528.7059,832.7657,748303916267459,748303947897875
540.92804,816.2588,528.7059,816.2588,748303949054073,748303983366417
552.35754,808.053,540.92804,816.2588,748303984459073,748304022923448
546.7135,768.50055,540.92804,816.2588,748304023096886,748304056253344
557.7172,768.1744,546.7135,808.053,748304056416365,748304089564855
549.47754,826.34125,546.7135,816.2588,748304089664594,748304121173500
572.7269,820.47614,549.47754,816.2588,748304121285375,748304154316313
571.3579,788.2507,549.47754,816.2588,748304154431417,748304188644073
571.7478,796.5833,571.3579,816.2588,748304190155167,748304240418813
565.1661,812.73254,565.1661,812.73254,748304240537615,748304270631000
566.1514,840.28687,566.1514,816.2588,748304270803709,748304307494959
535.39545,825.07526,565.1661,816.2588,748304307603761,748304369526573
523.6068,836.52527,565.1661,825.07526,748304369642302,748304402844542
525.5882,855.6082,535.39545,825.07526,748304403018969,748304433317979
531.6235,937.95013,531.6235,836.52527,748304433505323,748304467022771
565.70764,841.5305,535.39545,841.5305,748304467205219,748304501114282
516.2948,807.8414,531.6235,836.52527,748304501287823,748304533374907
518.4802,854.9422,531.6235,841.5305,748304533485323,748304566326156
518.85236,882.0008,518.85236,841.5305,748304566431469,748304598424125
546.08014,867.6318,531.6235,854.9422,748304598594229,748304629464073
529.2408,855.8092,529.2408,855.8092,748304629644229,748304661789854
520.965,940.3599,529.2408,855.8092,748304663633292,748304695384594
508.95844,838.26715,529.2408,855.8092,748304695535792,748304726552406
514.46545,805.81726,520.965,855.8092,748304726719906,748304760299698
508.30386,790.9695,514.46545,838.26715,748304760477094,748304792689750
501.0231,777.216,514.46545,805.81726,748304792788448,748304826540323
500.9319,803.06055,508.30386,803.06055,748304826712302,748304861403031
508.1284,813.973,508.1284,805.81726,748304861558917,748304894207198
518.59216,766.9345,508.30386,803.06055,748304894358448,748304926417823
521.27136,812.6517,508.30386,805.81726,748304926570219,748304958845531
524.44086,782.18256,518.59216,803.06055,748304959016625,748304999850948
525.5671,816.2648,521.27136,805.81726,748304999949542,748305031691990
532.0151,800.6354,524.44086,803.06055,748305031789854,748305062661365
505.89114,812.69293,521.27136,805.81726,748305062839854,748305095408552
498.3449,782.68774,521.27136,803.06055,748305096570271,748305129602354
515.6808,795.8373,515.6808,803.06055,748305129691000,748305163244854
502.59048,791.0548,515.6808,795.8373,748305163385115,748305198001104
493.5994,770.2619,515.6808,795.8373,748305198158396,748305230893552
525.95514,771.3514,515.6808,791.0548,748305231069177,748305264896052
514.548,786.36194,515.6808,786.36194,748305265041365,748305297939281
510.20868,861.08746,515.6808,791.0548,748305298116365,748305337084021
535.52356,874.953,515.6808,791.0548,748305337295844,748305369013396
541.64764,846.382,515.6808,846.382,748305369191573,748305399715687
523.6402,799.31415,523.6402,799.31415,748305399892562,748305432240635
550.6139,841.3377,523.6402,841.3377,748305432381729,748305467696989
547.6001,816.56976,523.6402,816.56976,748305467813969,748305505907771
547.6006,768.94324,547.6001,816.56976,748305506016260,748305539545635
536.7763,772.0857,536.7763,816.56976,748305539651104,748305574133292
536.7302,819.2839,536.7763,816.56976,748305574670896,748305606262823
508.3588,856.39746,536.7763,816.56976,748305606376260,748305641043187
536.2561,831.9324,536.7302,819.2839,748305642073812,748305677554594
510.46417,842.1328,536.2561,831.9324,748305677743239,748305711771052
528.97876,795.5987,536.2561,819.2839,748305711969698,748305743545219
502.7264,817.05255,528.97876,819.2839,748305743676104,748305776805427
519.4871,824.65765,528.97876,819.2839,748305776956416,748305809389489
535.21375,804.74036,528.97876,819.2839,748305809554125,748305842765271
528.7837,823.89703,528.97876,819.2839,748305842889541,748305881922823
533.0881,761.81067,528.97876,819.2839,748305882055531,748305914600271
524.1946,870.2903,528.97876,819.2839,748305914770896,748305945736416
531.25555,816.6727,528.97876,819.2839,748305945928031,748305978150635
545.5559,810.6532,528.97876,819.2839,748305978263552,748306015842875
533.0141,758.8156,531.25555,816.6727,748306015920583,748306048950166
503.77615,825.8204,528.97876,819.2839,748306051140323,748306085380687
514.80963,816.9114,528.97876,816.9114,748306086932354,748306119052666
498.42392,837.4506,514.80963,819.2839,748306120588708,748306153247875
520.36383,813.6543,520.36383,816.9114,748306153342666,748306186457302
527.4488,823.38617,520.36383,819.2839,748306186563708,748306222335270
515.0516,849.3792,520.36383,819.2839,748306222459593,748306256369125
524.5806,839.7869,520.36383,823.38617,748306256817198,748306290580166
535.39307,893.3956,520.36383,839.7869,748306290713031,748306322732510
500.6769,893.2505,520.36383,839.7869,748306322846208,748306362492562
503.42773,859.2782,520.36383,859.2782,748306362576781,748306396722197
498.55856,856.57477,503.42773,856.57477,748306396834697,748306439549489
528.1028,805.6882,520.36383,856.57477,748306439673291,748306476146729
494.53217,894.3558,503.42773,856.57477,748306476256364,748306509694177
508.84097,814.0389,508.84097,856.57477,748306509875322,748306540845947
500.348,894.14215,503.42773,856.57477,748306540994229,748306571539958
503.81543,919.01685,503.81543,856.57477,748306571643968,748306603756729
491.92966,849.71924,503.42773,856.57477,748306603951156,748306644558135
476.76785,840.58673,503.42773,856.57477,748306644643916,748306677317458
498.16937,794.84674,498.16937,849.71924,748306677528343,748306713566260
529.853,838.5991,503.42773,840.58673,748306713670166,748306745721208
495.33044,895.19226,498.16937,849.71924,748306745800166,748306783161885
480.83606,896.9593,498.16937,849.71924,748306783255895,748306816924229
504.7486,868.2748,498.16937,868.2748,748306818393499,748306852464801
493.96066,875.9267,498.16937,868.2748,748306852551260,748306882924489
519.3608,834.4441,498.16937,868.2748,748306884295791,748306919679229
527.2427,828.542,498.16937,868.2748,748306921350166,748306953809072
528.09845,837.2557,519.3608,837.2557,748306953911156,748306994812406
536.18976,843.9805,527.2427,843.9805,748306994920895,748307030713864
522.2322,889.671,522.2322,843.9805,748307030896208,748307062917093
543.7758,811.61206,527.2427,843.9805,748307063025687,748307095901676
555.95514,848.88367,527.2427,843.9805,748307096114749,748307128649958
562.4553,756.6532,543.7758,843.9805,748307128822666,748307164802666
552.7117,783.1178,552.7117,843.9805,748307164950374,748307197693239
592.50854,777.7965,552.7117,783.1178,748307197883812,748307234149437
576.38904,773.0195,552.7117,783.1178,748307234310062,748307272215530
586.2245,798.8845,576.38904,783.1178,748307272942093,748307303691208
556.6978,792.9664,556.6978,783.1178,748307303805426,748307335891260
560.67773,791.99365,560.67773,791.99365,748307336037353,748307367417718
577.83685,809.8735,560.67773,791.99365,748307367599645,748307416525426
556.9625,780.9339,560.67773,791.99365,748307416616832,748307449873499
554.8787,811.3515,560.67773,791.99365,748307449986832,748307484988707
587.8684,780.38324,560.67773,791.99365,748307486449801,748307518059645
573.04596,791.69055,560.67773,791.99365,748307518958812,748307555315999
571.03784,781.6035,571.03784,791.69055,748307555404385,748307592127041
560.99976,822.3029,560.99976,791.99365,748307592271468,748307627879384
543.81354,924.3102,560.99976,791.99365,748307627988343,748307663267978
579.7673,868.62524,560.99976,822.3029,748307663435687,748307698519072
570.0199,960.32275,560.99976,868.62524,748307698704905,748307731774905
541.90265,900.3521,560.99976,868.62524,748307731995322,748307768208239
504.87454,878.54047,560.99976,878.54047,748307768954384,748307799767041
510.99927,880.08936,541.90265,878.54047,748307799873551,748307830692874
541.90247,857.6965,541.90247,878.54047,748307831734749,748307863559436
523.566,819.36505,541.90247,878.54047,748307863674801,748307897595009
531.54425,847.0211,541.90247,857.6965,748307897734124,748307935985114
547.12384,804.06396,541.90247,847.0211,748307936112041,748307968406780
576.3333,811.4956,541.90247,847.0211,748307968529124,748308001066624
579.5891,808.35394,547.12384,811.4956,748308001202405,748308032520426
543.98395,862.3594,543.98395,847.0211,748308032701468,748308065215686
541.33734,857.2598,543.98395,847.0211,748308065401936,748308100384488
515.76074,802.55756,543.98395,847.0211,748308100573030,748308134048186
522.80536,847.3013,541.33734,847.0211,748308134240061,748308167730374
527.71124,776.67633,527.71124,847.0211,748308167833811,748308197976103
538.8256,843.7841,538.8256,847.0211,748308198090686,748308229998030
549.5124,890.84155,538.8256,847.0211,748308230164593,748308265854905
569.20905,879.78064,538.8256,847.0211,748308266042040,748308300080947
576.1697,863.9406,549.5124,863.9406,748308300266676,748308330815165
553.53125,842.2989,553.53125,847.0211,748308331002561,748308367419540
529.4749,869.662,549.5124,863.9406,748308367924176,748308408792926
554.53033,868.75165,553.53125,863.9406,748308408880374,748308439744957
561.41846,859.5912,553.53125,863.9406,748308439895843,748308468880426
552.4659,918.094,553.53125,863.9406,748308468978499,748308501779280
562.78815,936.6414,553.53125,863.9406,748308501889488,748308531462770
568.0789,934.6733,553.53125,918.094,748308531644228,748308564652145
577.695,899.05884,562.78815,899.05884,748308564821780,748308597506624
548.7297,949.33356,553.53125,918.094,748308597620738,748308630965686
549.1683,878.1071,553.53125,899.05884,748308631074957,748308663449436
530.71906,889.1962,549.1683,899.05884,748308663624853,748308694194228
512.3747,844.2299,549.1683,889.1962,748308694364436,748308730010686
543.03894,953.46643,543.03894,899.05884,748308730134853,748308765659801
544.41956,958.6912,544.41956,899.05884,748308765841572,748308800171311
515.00745,847.5678,543.03894,899.05884,748308800263030,748308853603915
539.368,831.81836,543.03894,899.05884,748308853758967,748308888716728
543.726,830.9854,543.03894,847.5678,748308888827509,748308923741207
556.1561,783.73065,543.03894,831.81836,748308923911832,748308956744801
545.3974,824.1676,543.726,830.9854,748308956901103,748308991731155
531.2622,877.42334,543.03894,831.81836,748308991894801,748309025899071
518.4445,860.64886,543.03894,831.81836,748309026074176,748309062593915
515.4319,867.8552,531.2622,860.64886,748309062707613,748309094525113
523.61444,896.1638,523.61444,860.64886,748309094638082,748309127747874
503.53888,922.13446,523.61444,867.8552,748309127940686,748309160760478
541.0138,939.7797,523.61444,896.1638,748309160869488,748309191739280
523.77625,1008.15796,523.61444,922.13446,748309191917405,748309223443082
559.8097,936.44446,523.77625,936.44446,748309223607196,748309258699019
544.72876,881.6973,523.77625,922.13446,748309258799592,748309293269123
512.3979,961.6878,523.77625,936.44446,748309293432092,748309341984384
546.70496,897.1261,523.77625,922.13446,748309342079540,748309421693186
570.0296,848.3565,523.77625,922.13446,748309426028811,748309468268030
555.5189,895.4194,546.70496,897.1261,748309468364175,748309501961259
555.02216,926.36615,555.02216,922.13446,748309502287717,748309533717040
525.59216,927.0546,546.70496,922.13446,748309533857040,748309563231623
537.8901,909.89307,546.70496,922.13446,748309563424853,748309609638238
579.7405,943.97784,546.70496,922.13446,748309609778707,748309642538498
587.44385,971.0579,546.70496,922.13446,748309644519592,748309679231623
581.1819,877.2068,579.7405,922.13446,748309679341936,748309711206884
577.88007,893.0381,577.88007,922.13446,748309722292352,748309756263446
555.85095,877.12646,577.88007,893.0381,748309756432717,748309792631884
542.32367,837.4532,577.88007,893.0381,748309792789175,748309831361571
557.1379,853.2604,557.1379,877.12646,748309831557404,748309864403238
572.8262,893.29865,572.8262,893.0381,748309864781884,748309900594540
550.3216,849.98615,557.1379,877.12646,748309902310738,748309935566259
551.7962,791.77704,557.1379,877.12646,748309935669696,748309967005217
571.98346,854.77264,557.1379,854.77264,748309967100842,748309999336311
534.9955,851.29877,557.1379,854.77264,748309999454592,748310034120425
552.5061,862.5108,557.1379,854.77264,748310034232040,748310078108446
580.6601,871.4445,557.1379,854.77264,748310078198186,748310111512613
587.9175,905.9599,557.1379,862.5108,748310113532404,748310146873967
588.72266,941.4799,580.6601,871.4445,748310147455113,748310187535738
588.61554,994.8918,587.9175,905.9599,748310187631259,748310218752144
575.6053,903.34186,580.6601,903.34186,748310218850529,748310255035321
570.27985,881.013,580.6601,903.34186,748310255205790,748310291387508
573.75366,947.6412,575.6053,903.34186,748310291493915,748310325433758
552.4137,936.9107,573.75366,903.34186,748310325604644,748310358784279
521.2496,989.1819,573.75366,936.9107,748310358969175,748310390930008
609.69977,924.87506,573.75366,924.87506,748310391032769,748310427419175
580.24365,839.4914,573.75366,924.87506,748310427525477,748310460027040
548.2095,788.52277,573.75366,924.87506,748310460208706,748310492107508
557.1049,759.6415,573.75366,839.4914,748310492290894,748310527826571
537.8557,870.44476,557.1049,870.44476,748310527997300,748310564562144
542.92755,867.91974,557.1049,867.91974,748310564753654,748310598304071
570.8299,820.3742,557.1049,867.91974,748310599311988,748310631254956
556.35846,812.37177,557.1049,867.91974,748310631351988,748310661970373
570.4847,874.17706,557.1049,867.91974,748310662084592,748310694993290
540.54,842.8072,557.1049,867.91974,748310695138185,748310732031883
548.3269,791.1853,557.1049,867.91974,748310732134019,748310766786258
555.359,825.32635,555.359,842.8072,748310767264383,748310802195790
549.2509,926.31,555.359,867.91974,748310802342560,748310836802196
529.1655,853.57275,555.359,853.57275,748310836976623,748310871587925
525.16156,929.11993,549.2509,867.91974,748310871752769,748310902444227
524.45807,856.3343,529.1655,856.3343,748310902566102,748310937679071
550.01404,887.29126,549.2509,867.91974,748310937785217,748310966484800
567.4848,879.9164,549.2509,867.91974,748310967758081,748311000269487
575.51764,844.13947,550.01404,867.91974,748311000386519,748311030779904
529.6465,782.88727,549.2509,867.91974,748311030900737,748311061584748
531.9507,867.9313,549.2509,867.91974,748311061690842,748311092792248
558.5754,815.1101,549.2509,867.91974,748311092944331,748311132085373
570.5716,779.7182,549.2509,867.91974,748311132187716,748311174947300
539.5206,809.88184,549.2509,815.1101,748311175130633,748311210755112
575.2489,772.611,549.2509,809.88184,748311212108914,748311244207977
574.67236,771.3243,549.2509,809.88184,748311245561206,748311278319227
574.7153,787.95953,574.67236,787.95953,748311278406623,748311311898602
583.7812,759.7072,574.67236,787.95953,748311311986414,748311361462404
559.32996,891.42883,574.67236,787.95953,748311361596883,748311398891571
592.40247,878.82324,574.67236,787.95953,748311400422039,748311431615737
584.9774,915.13885,574.67236,878.82324,748311431728966,748311462318237
586.96954,930.4296,584.9774,878.82324,748311462435477,748311492670581
572.2423,926.58484,574.67236,915.13885,748311492861623,748311531165685
535.22723,931.19226,574.67236,926.58484,748311531278914,748311562765112
566.9695,899.8672,572.2423,915.13885,748311562987664,748311593185998
559.7204,910.447,566.9695,915.13885,748311593345320,748311625611727
577.23785,875.49945,572.2423,910.447,748311625781623,748311657966727
542.0524,904.1504,566.9695,910.447,748311658121518,748311695080008
542.9184,858.3817,566.9695,904.1504,748311695262248,748311726780841
551.74536,803.818,551.74536,904.1504,748311726954123,748311759653497
520.39264,824.83093,551.74536,858.3817,748311759765060,748311802914331
554.04895,847.8462,551.74536,847.8462,748311803091883,748311836754435
551.67706,854.8616,551.74536,854.8616,748311836942820,748311876573758
548.3732,878.4863,551.74536,854.8616,748311876671883,748311910001206
529.43536,936.3685,551.67706,854.8616,748311910162456,748311945120112
545.9144,938.6196,548.3732,878.4863,748311945222768,748311980519799
585.04285,791.27216,551.67706,854.8616,748311980613289,748312011935529
575.215,809.5604,551.67706,854.8616,748312012807508,748312047240737
557.74786,897.11176,557.74786,854.8616,748312047717039,748312077843758
607.3619,781.9033,557.74786,854.8616,748312077913810,748312129297924
608.47205,868.1665,557.74786,854.8616,748312129415372,748312161703602
568.341,896.5456,568.341,854.8616,748312161818029,748312192163862
567.3931,922.7091,567.3931,868.1665,748312192322247,748312229288654
588.3812,914.75507,568.341,896.5456,748312229466831,748312263192716
553.57855,926.2089,567.3931,914.75507,748312263304487,748312295192716
579.2679,918.0142,568.341,914.75507,748312295308341,748312324963185
558.28217,949.5359,567.3931,918.0142,748312325074435,748312362196935
552.2344,881.5983,567.3931,914.75507,748312362309747,748312393955216
537.71606,889.2463,558.28217,914.75507,748312394070945,748312427468445
545.5608,912.7585,552.2344,912.7585,748312427620997,748312461649278
551.45233,884.29407,551.45233,912.7585,748312461760633,748312492851726
554.30945,948.5328,552.2344,912.7585,748312492985841,748312527235841
573.4614,909.7571,552.2344,912.7585,748312527409278,748312562222091
541.04486,890.23737,552.2344,912.7585,748312562330685,748312597278133
526.6538,970.4344,552.2344,912.7585,748312598273706,748312629637560
550.9125,937.35333,550.9125,912.7585,748312629762143,748312662784695
541.51337,911.24585,550.9125,912.7585,748312662880424,748312697776935
553.02856,940.6432,550.9125,912.7585,748312697925216,748312728980424
596.5404,918.16943,550.9125,912.7585,748312729094383,748312763281830
547.74365,917.66016,550.9125,917.66016,748312763381518,748312808734851
584.0674,957.2437,550.9125,917.66016,748312808911258,748312843350789
558.42523,947.325,550.9125,917.66016,748312843860268,748312877282976
553.4638,944.9433,553.4638,944.9433,748312877370216,748312908083549
542.8232,967.18665,550.9125,944.9433,748312909372820,748312942863341
574.4861,930.4651,553.4638,944.9433,748312943026674,748312973065060
581.63574,910.29834,553.4638,944.9433,748312974385060,748313005779539
565.67694,888.36584,565.67694,930.4651,748313007016570,748313039913601
592.498,908.8887,565.67694,910.29834,748313043300424,748313076159851
581.55914,930.9434,565.67694,930.4651,748313082320632,748313116246257
569.05963,883.6685,569.05963,910.29834,748313116415164,748313148771778
574.5883,903.3205,569.05963,910.29834,748313148920216,748313180307507
542.89874,895.27136,569.05963,903.3205,748313181255580,748313217402299
601.65546,912.68524,569.05963,910.29834,748313217553289,748313255027664
585.878,912.12054,569.05963,910.29834,748313255202924,748313288340320
573.74554,914.2713,573.74554,912.12054,748313288450372,748313323632820
596.1531,932.9238,573.74554,912.12054,748313323731205,748313356366049
586.74713,876.0849,573.74554,912.12054,748313356545372,748313388083132
569.3544,914.1486,573.74554,912.12054,748313388264330,748313426353445
559.75354,847.3551,573.74554,912.12054,748313426459018,748313459538653
539.1638,814.3086,569.3544,912.12054,748313459707507,748313494169174
581.33405,902.8892,573.74554,902.8892,748313494272507,748313526042507
570.33276,909.7118,570.33276,909.7118,748313526151257,748313557928184
570.8728,896.48486,570.8728,902.8892,748313558041778,748313589847507
564.562,889.7787,570.33276,902.8892,748313590045997,748313623204591
561.0121,887.70685,570.33276,896.48486,748313623312663,748313653165372
567.2512,931.79297,567.2512,902.8892,748313653279851,748313686026518
548.66797,850.257,567.2512,896.48486,748313686118653,748313717849643
566.5848,931.5133,567.2512,902.8892,748313718007924,748313753670476
562.188,885.7751,566.5848,896.48486,748313753781153,748313795805424
534.61725,804.1021,566.5848,896.48486,748313796594018,748313828071934
544.3191,807.9273,562.188,885.7751,748313828189122,748313859629226
545.1985,855.3092,545.1985,855.3092,748313859741726,748313896314434
550.5092,803.8197,550.5092,855.3092,748313896440840,748313925765163
575.09204,801.58997,550.5092,855.3092,748313925870528,748313956894955
573.08453,797.772,550.5092,803.8197,748313957077872,748313991551570
560.19196,807.9611,560.19196,807.9611,748313991661049,748314023795424
557.6981,759.27966,557.6981,803.8197,748314023901986,748314055802611
565.8119,775.61835,560.19196,803.8197,748314055917559,748314088169278
583.67865,903.7557,560.19196,803.8197,748314088278965,748314117963184
603.69867,862.64026,565.8119,803.8197,748314118066413,748314153589955
581.52686,887.366,581.52686,862.64026,748314153705684,748314199958965
583.4345,830.22186,581.52686,830.22186,748314200125476,748314231445111
555.42487,770.4,581.52686,830.22186,748314231621049,748314261837767
535.085,779.0681,581.52686,830.22186,748314261944694,748314293414538
572.44006,781.98083,572.44006,781.98083,748314293521934,748314325178809
529.64355,834.18634,572.44006,830.22186,748314325299903,748314357292819
556.2046,820.8106,572.44006,820.8106,748314357469486,748314389552767
567.7064,816.98334,567.7064,820.8106,748314391558809,748314423273236
556.04083,815.0158,567.7064,820.8106,748314423449226,748314454987403
562.44116,842.4144,567.7064,820.8106,748314455091726,748314488641778
565.17126,850.9374,565.17126,820.8106,748314488780788,748314522987559
571.3982,823.25104,567.7064,823.25104,748314523189434,748314557779278
567.7045,863.76044,567.7045,823.25104,748314558120476,748314589090371
565.6862,830.0403,567.7045,823.25104,748314589240944,748314620706673
567.9623,818.3846,567.7045,823.25104,748314620865996,748314671804746
592.9662,851.85364,567.7045,823.25104,748314671898080,748314708790996
590.5096,806.09796,567.9623,823.25104,748314708965267,748314742065684
586.4525,848.22394,586.4525,823.25104,748314743363601,748314773546517
574.8209,919.73505,574.8209,823.25104,748314806582142,748314838927663
582.66846,895.76514,582.66846,848.22394,748314850763496,748314887645267
579.23926,803.34326,579.23926,823.25104,748314887828184,748314919847455
589.515,866.3818,582.66846,848.22394,748314919954330,748314949748340
601.9429,857.8026,582.66846,848.22394,748314949863028,748314982026986
596.34766,901.37854,589.515,857.8026,748314982173965,748315015939017
595.8231,894.8128,595.8231,857.8026,748315016061934,748315050646934
597.426,903.30725,595.8231,894.8128,748315050753652,748315085186100
566.28204,881.20197,595.8231,881.20197,748315085364642,748315116866673
578.2234,913.9386,595.8231,894.8128,748315116980371,748315149077715
566.4428,873.43884,578.2234,881.20197,748315149242038,748315182084277
577.11273,844.7876,578.2234,881.20197,748315182160684,748315218500423
554.588,853.7741,577.11273,873.43884,748315218612246,748315252284486
564.34845,876.0129,577.11273,876.0129,748315252416152,748315287063079
604.68256,980.74384,577.11273,876.0129,748315287257767,748315321370736
570.7719,793.4094,577.11273,876.0129,748315321481048,748315356638079
558.1903,852.4006,577.11273,876.0129,748315356773340,748315391897975
564.4155,801.74744,570.7719,852.4006,748315392353132,748315429343913
557.35565,786.8066,564.4155,852.4006,748315429480423,748315461839590
563.46814,816.48065,564.4155,816.48065,748315461979850,748315496141777
556.0572,787.8672,563.46814,816.48065,748315496503131,748315525342715
584.7703,827.97485,564.4155,816.48065,748315525455788,748315557528444
563.2088,791.7064,563.46814,816.48065,748315557623131,748315589624434
541.11725,768.35596,563.46814,816.48065,748315589742715,748315620989902
573.1567,821.11646,563.46814,816.48065,748315621104850,748315653233079
584.74646,815.22845,563.46814,816.48065,748315653415944,748315690187715
600.5965,812.26587,573.1567,816.48065,748315690296986,748315721438131
570.2717,864.5851,570.2717,816.48065,748315721595006,748315753807975
540.59576,778.6212,570.2717,816.48065,748315753907038,748315786986986
555.03656,864.0906,570.2717,816.48065,748315787155319,748315822307350
528.6613,804.3696,555.03656,816.48065,748315822494798,748315852165371
579.6783,713.2703,570.2717,816.48065,748315852341308,748315885176725
578.4858,820.8254,570.2717,816.48065,748315885355527,748315929968235
554.5466,751.7066,570.2717,816.48065,748315930069225,748315970861048
546.84656,862.009,570.2717,816.48065,748315970950475,748316006555110
550.9232,899.65283,554.5466,816.48065,748316009766621,748316042090475
532.26715,799.8063,550.9232,816.48065,748316042434746,748316077686152
551.599,886.3617,551.599,816.48065,748316077789069,748316109970683
535.37036,904.49286,550.9232,816.48065,748316110140058,748316153811256
518.5758,903.26276,550.9232,886.3617,748316153897090,748316186345215
535.4394,914.0516,535.4394,903.26276,748316186465006,748316228394329
536.669,906.7147,536.669,903.26276,748316228489329,748316272772558
549.80743,877.6502,536.669,903.26276,748316272853965,748316306112402
536.7415,900.84564,536.669,903.26276,748316309705631,748316342871360
541.759,878.7639,536.7415,900.84564,748316344054173,748316376405006
522.8315,904.29974,536.669,903.26276,748316376563235,748316408961829
527.3231,842.6882,536.669,900.84564,748316409111569,748316440792975
534.48065,844.81805,534.48065,900.84564,748316440876204,748316470735267
549.8748,931.17676,536.669,900.84564,748316471451517,748316502954069
561.1703,865.1297,536.669,900.84564,748316503863079,748316535341360
543.43005,790.7895,543.43005,900.84564,748316545394694,748316581544173
549.0281,816.1377,543.43005,865.1297,748316581647819,748316613618339
546.1144,818.5197,543.43005,818.5197,748316614117975,748316646762402
550.3104,847.6725,546.1144,847.6725,748316646923704,748316682604589
534.8019,822.85284,543.43005,822.85284,748316683766881,748316718031100
534.1109,895.13184,543.43005,847.6725,748316718130110,748316752069850
521.7305,928.31824,534.8019,847.6725,748316752235839,748316784545527
549.76526,869.58,543.43005,869.58,748316784717141,748316821109121
552.57794,843.89514,543.43005,847.6725,748316821216516,748316855268131
524.2933,873.15674,543.43005,869.58,748316855379641,748316888552662
551.24445,883.64575,543.43005,869.58,748316888652506,748316919867975
542.3878,902.84503,543.43005,873.15674,748316919975683,748316951022193
532.53503,895.2981,543.43005,883.64575,748316951147402,748316982403548
538.58014,905.5408,542.3878,895.2981,748316982513808,748317014028287
526.7164,881.258,538.58014,883.64575,748317014137245,748317049197402
520.44196,864.5753,538.58014,883.64575,748317049285423,748317081442245
540.7333,865.34644,538.58014,881.258,748317081535214,748317131834016
549.6547,842.79126,538.58014,865.34644,748317131929693,748317162848652
531.5779,846.9853,538.58014,865.34644,748317162958287,748317197584016
545.97,917.98926,538.58014,865.34644,748317197681048,748317227603964
539.49554,839.4735,538.58014,865.34644,748317227808600,748317258276256
537.7888,916.8168,538.58014,865.34644,748317258448912,748317289964277
526.4441,934.217,538.58014,865.34644,748317290069641,748317323861256
574.40137,940.73303,538.58014,916.8168,748317324000214,748317356300318
552.3565,811.6539,538.58014,865.34644,748317357275995,748317390764693
564.30396,822.04456,552.3565,865.34644,748317390923339,748317448911777
555.8594,756.3622,552.3565,822.04456,748317449026308,748317486429120
555.404,808.14136,555.404,822.04456,748317486532662,748317521721464
547.05426,782.6904,552.3565,808.14136,748317521853495,748317558384954
545.883,887.3295,552.3565,822.04456,748317558482193,748317590185266
532.79114,927.37787,547.05426,822.04456,748317590324433,748317622691412
517.7226,945.3472,545.883,887.3295,748317622802349,748317667646620
513.3443,878.5066,532.79114,878.5066,748317667729485,748317706822401
531.1173,869.24817,531.1173,878.5066,748317707009433,748317748944224
539.5148,923.32556,532.79114,878.5066,748317749038079,748317786194589
535.7022,910.5236,532.79114,878.5066,748317787097037,748317819768235
527.9658,930.8544,532.79114,910.5236,748317819968079,748317854129641
527.1939,922.79517,532.79114,910.5236,748317854241568,748317885719485
526.2576,858.9676,527.9658,910.5236,748317885861151,748317917437297
535.45996,846.15643,532.79114,910.5236,748317917618703,748317950758183
536.6487,831.1437,532.79114,858.9676,748317950926360,748317985393547
532.43384,857.7892,532.79114,857.7892,748317985576933,748318019877662
528.7834,853.09607,532.79114,857.7892,748318019984693,748318054882922
526.34314,909.8383,532.43384,857.7892,748318054969016,748318090578808
543.9708,782.0447,532.79114,857.7892,748318090758912,748318136430318
537.48334,856.89044,532.79114,857.7892,748318136522349,748318168120839
548.6299,838.4137,537.48334,856.89044,748318168297766,748318199945005
544.2134,851.0306,537.48334,856.89044,748318200102193,748318231757453
524.1304,848.8692,537.48334,851.0306,748318231857245,748318262924433
561.8028,857.95984,537.48334,856.89044,748318263081255,748318293107610
551.1392,782.17426,537.48334,851.0306,748318293259849,748318325560995
537.0912,877.5685,537.48334,856.89044,748318325744745,748318357903860
572.085,772.14386,537.48334,851.0306,748318358072349,748318392852245
544.94543,859.292,537.48334,856.89044,748318393045162,748318422940735
552.3717,892.59845,544.94543,856.89044,748318423872922,748318456584953
548.46875,830.7448,544.94543,856.89044,748318456777193,748318487021568
556.7475,914.58734,548.46875,856.89044,748318487119901,748318519495526
556.73663,897.68866,548.46875,856.89044,748318519602089,748318552821620
564.01447,780.2808,556.73663,856.89044,748318552929380,748318587670162
550.4153,831.56555,550.4153,856.89044,748318588372609,748318625068912
537.60425,809.487,550.4153,831.56555,748318625175682,748318654055891
530.44336,777.14343,550.4153,831.56555,748318654171672,748318690209953
534.05963,806.9979,537.60425,809.487,748318690381255,748318721096359
544.63074,765.21375,544.63074,806.9979,748318721199328,748318761896620
555.0258,837.2351,544.63074,809.487,748318762045734,748318795885005
552.31836,852.8728,544.63074,809.487,748318796147661,748318825965891
548.38586,840.9606,548.38586,837.2351,748318826066932,748318859019849
550.2967,865.16095,548.38586,840.9606,748318859213130,748318892881776
540.72034,858.0979,548.38586,840.9606,748318893063182,748318925026411
528.60126,845.90875,548.38586,845.90875,748318925243964,748318957112661
549.1294,851.98517,548.38586,845.90875,748318957273391,748318988360734
545.9082,852.30707,548.38586,845.90875,748318988494953,748319052462141
528.1991,833.231,548.38586,845.90875,748319052621463,748319103281984
531.71106,781.3381,545.9082,845.90875,748319103372349,748319133761307
538.45154,795.43335,538.45154,833.231,748319136032922,748319171654432
545.2037,794.8133,545.2037,795.43335,748319173191724,748319208999849
539.11993,786.2321,539.11993,795.43335,748319209109120,748319240556359
544.26556,872.6057,544.26556,795.43335,748319240653078,748319270112661
524.23303,918.47156,539.11993,795.43335,748319272069536,748319302690213
508.3511,883.5166,539.11993,872.6057,748319303676411,748319335833026
511.18463,800.32385,524.23303,800.32385,748319345152609,748319387716151
521.85846,817.1189,521.85846,817.1189,748319387872557,748319421821203
505.834,852.9706,521.85846,817.1189,748319421990526,748319455778963
488.59793,829.07574,521.85846,817.1189,748319455931359,748319508338963
505.39163,892.907,505.834,829.07574,748319508439849,748319547567349
539.35016,940.786,521.85846,829.07574,748319547660995,748319580760370
538.554,827.24023,521.85846,829.07574,748319580929120,748319628246619
559.95953,873.8649,538.554,829.07574,748319628335942,748319660253130
534.43463,847.1077,534.43463,829.07574,748319660367869,748319691944015
541.3674,843.9267,538.554,843.9267,748319692194692,748319723395317
509.97888,836.3039,534.43463,836.3039,748319723576203,748319764416359
543.27655,827.69806,538.554,836.3039,748319764531724,748319803669380
558.3201,807.85223,538.554,836.3039,748319803827036,748319837293807
507.71274,814.0824,538.554,827.69806,748319837400369,748319875323182
506.56622,845.6033,538.554,836.3039,748319875417088,748319913811151
535.79346,863.273,535.79346,836.3039,748319913966255,748319946712401
567.01685,932.0053,538.554,845.6033,748319946840682,748319981124119
528.21466,835.2808,535.79346,836.3039,748319981279380,748320012372088
530.72394,834.2429,535.79346,836.3039,748320012531671,748320044476619
523.9078,828.8104,530.72394,835.2808,748320046114276,748320079247765
520.3556,879.73444,530.72394,836.3039,748320079450786,748320146477765
548.95245,896.35297,530.72394,836.3039,748320146598390,748320184432661
533.29553,873.7532,530.72394,873.7532,748320184528911,748320216084640
517.103,870.1272,530.72394,870.1272,748320216182609,748320247273911
547.3985,830.2716,530.72394,870.1272,748320247365265,748320280086359
512.1175,788.3296,530.72394,870.1272,748320280177557,748320311859692
538.27686,827.3875,530.72394,830.2716,748320311966203,748320344820734
553.09705,845.3227,530.72394,845.3227,748320344923338,748320375399744
513.63385,902.8342,530.72394,845.3227,748320375506307,748320407954900
522.83813,878.8383,530.72394,845.3227,748320408097661,748320439993703
508.6341,897.01227,522.83813,878.8383,748320440131463,748320473065994
509.30618,884.84705,522.83813,878.8383,748320473488755,748320505749588
505.8423,859.0663,509.30618,878.8383,748320505838390,748320540573546
500.68768,862.94073,509.30618,878.8383,748320540760057,748320575958807
511.9622,877.46735,509.30618,877.46735,748320576550421,748320615025265
560.09015,880.9167,509.30618,878.8383,748320615132973,748320646351775
542.388,813.70996,511.9622,877.46735,748320646445213,748320679104900
553.0524,806.9414,542.388,877.46735,748320679215265,748320713291827
544.89557,838.79865,542.388,838.79865,748320713395786,748320747582140
542.82697,888.2877,542.82697,877.46735,748320747693129,748320780042036
538.4374,819.88525,542.388,838.79865,748320780215369,748320814153182
539.9773,795.56134,542.388,838.79865,748320814292296,748320849965734
549.43195,820.92706,542.388,820.92706,748320850055265,748320888782765
538.00415,845.97736,542.388,838.79865,748320888955994,748320920886932
543.5133,960.2907,542.388,838.79865,748320921053650,748320951506515
545.2188,837.6697,542.388,838.79865,748320951633077,748320983497244
542.66034,931.01984,542.66034,838.79865,748320983599223,748321017371879
538.54144,922.38617,542.388,838.79865,748321018272609,748321051047088
551.55096,843.42737,542.66034,843.42737,748321051145109,748321087463234
549.4379,841.79065,542.66034,841.79065,748321087631619,748321122058129
539.9999,844.1137,542.66034,843.42737,748321122161827,748321156782765
508.84433,853.14215,542.66034,843.42737,748321156959796,748321188829015
534.0905,849.4453,539.9999,844.1137,748321189003233,748321222230838
612.5834,989.34454,542.66034,849.4453,748321222421775,748321254048858
557.14514,946.6156,542.66034,849.4453,748321254792244,748321284561619
544.7637,906.7187,544.7637,906.7187,748321284678286,748321317394483
531.40485,802.24567,542.66034,849.4453,748321318518963,748321351684536
532.7287,830.00183,542.66034,849.4453,748321351783181,748321382930577
504.9103,879.87146,532.7287,849.4453,748321383031358,748321416187348
500.03635,919.92017,532.7287,849.4453,748321416294952,748321449514431
518.7119,861.5649,518.7119,861.5649,748321449616463,748321484725108
490.0586,849.0126,518.7119,849.4453,748321484825733,748321532396254
541.4812,853.4012,518.7119,853.4012,748321533161619,748321574605421
535.4823,838.3503,518.7119,849.4453,748321575572244,748321607191358
545.3795,911.3883,535.4823,853.4012,748321607286046,748321642429587
552.5603,847.9741,535.4823,849.4453,748321642536931,748321673282192
522.4435,888.96515,535.4823,853.4012,748321673390837,748321706679171
519.5909,862.7921,535.4823,853.4012,748321706772660,748321739955837
521.37195,897.09454,522.4435,862.7921,748321741785577,748321773791462
575.3019,808.7929,535.4823,853.4012,748321774931254,748321806837660
532.9564,875.70526,532.9564,862.7921,748321808244171,748321840149223
515.939,853.0004,532.9564,853.4012,748321840247296,748321872154431
516.90594,887.7913,532.9564,862.7921,748321873280473,748321906921150
538.8608,825.70264,532.9564,853.4012,748321907007817,748321940769952
539.8669,887.5664,532.9564,862.7921,748321940928129,748321969957400
531.776,876.15796,532.9564,862.7921,748321971525994,748322002489639
542.26825,806.8419,532.9564,862.7921,748322004154014,748322039422244
541.83185,865.37146,532.9564,862.7921,748322041158650,748322076146046
546.25214,822.8798,541.83185,862.7921,748322076241983,748322110133389
535.741,824.35803,535.741,862.7921,748322110303754,748322145331202
550.99384,817.6378,541.83185,824.35803,748322145475577,748322186427973
518.3954,849.765,535.741,849.765,748322186992869,748322219158754
542.0873,869.51404,541.83185,849.765,748322219330473,748322252926618
539.1229,858.71094,539.1229,849.765,748322253108598,748322289458910
522.1053,902.53784,539.1229,858.71094,748322289553233,748322320322087
565.14935,879.99445,539.1229,858.71094,748322320510160,748322352680368
518.60785,871.52466,539.1229,871.52466,748322352867035,748322383095160
508.66867,905.9294,539.1229,871.52466,748322383250681,748322422541983
510.65503,883.32855,518.60785,871.52466,748322422668962,748322454066462
518.6966,878.91394,518.6966,878.91394,748322454253962,748322485760056
542.609,835.28046,518.6966,871.52466,748322485943077,748322525531514
545.0792,833.8126,518.6966,871.52466,748322526742295,748322558598545
540.1421,858.428,540.1421,858.428,748322558784014,748322595437452
548.8101,830.5704,540.1421,858.428,748322595546723,748322629277139
537.6319,824.67255,540.1421,858.428,748322629407868,748322665028858
539.36646,836.63745,540.1421,836.63745,748322665182712,748322696800160
507.18994,872.17535,539.36646,858.428,748322698610316,748322729006358
505.2277,885.9721,539.36646,858.428,748322733002868,748322763454691
508.38837,890.05896,508.38837,872.17535,748322766014118,748322798707087
517.1503,903.66144,517.1503,885.9721,748322799728858,748322832731202
527.50336,882.09106,517.1503,882.09106,748322832825264,748322865256618
543.27826,835.70953,517.1503,882.09106,748322871500525,748322905260420
545.4839,799.09314,527.50336,882.09106,748322905406358,748322936893077
545.6409,821.1862,543.27826,835.70953,748322936986045,748322971101097
513.1806,857.4516,527.50336,857.4516,748322971203649,748323004163702
523.1164,824.206,527.50336,835.70953,748323005043285,748323041720108
534.02057,834.4733,527.50336,835.70953,748323041810681,748323075675993
519.5444,878.5628,527.50336,835.70953,748323075819639,748323110728806
541.2893,819.14014,527.50336,835.70953,748323110890629,748323145961254
528.1939,892.28766,527.50336,835.70953,748323146064951,748323177954014
546.09625,774.68097,528.1939,835.70953,748323178076931,748323213574170
529.4672,767.4458,528.1939,835.70953,748323213681462,748323248238806
529.3185,853.4952,529.3185,835.70953,748323248382087,748323280921618
546.7936,800.56396,529.3185,835.70953,748323281017868,748323318705681
565.8484,743.2492,529.3185,835.70953,748323318819014,748323350724899
546.24634,836.60065,546.24634,835.70953,748323351560941,748323384282139
551.4805,823.7943,546.24634,835.70953,748323384466931,748323419618753
549.49493,859.50757,546.24634,835.70953,748323419717139,748323451778858
558.12286,858.3278,549.49493,835.70953,748323451888962,748323486760681
558.2218,850.4889,549.49493,850.4889,748323486885160,748323523403076
553.1281,884.0193,553.1281,850.4889,748323523497868,748323564317191
548.67505,845.02356,549.49493,850.4889,748323564421358,748323598773076
580.3372,902.16046,553.1281,850.4889,748323598916045,748323632446305
566.34296,874.3517,553.1281,850.4889,748323632627764,748323667980108
569.5588,826.0235,566.34296,850.4889,748323668191045,748323705557868
545.0281,845.85077,553.1281,850.4889,748323705736201,748323741650524
551.7584,821.83954,553.1281,845.85077,748323741755003,748323775065993
570.33124,769.4878,553.1281,845.85077,748323775187399,748323810040576
564.2466,758.7808,553.1281,821.83954,748323810688076,748323842884691
568.0593,857.23987,564.2466,845.85077,748323843023232,748323879819482
548.14246,837.31085,553.1281,837.31085,748323879964430,748323913380680
550.0233,863.5005,553.1281,845.85077,748323914452191,748323949421201
552.59485,766.06934,552.59485,837.31085,748323949581982,748324001927555
550.3675,843.83575,552.59485,843.83575,748324002027816,748324035501409
558.9087,843.6169,552.59485,843.6169,748324036170420,748324067076774
561.6353,865.1613,552.59485,843.83575,748324069251774,748324104411045
553.49896,798.2749,553.49896,843.6169,748324104507451,748324137383337
551.30884,780.8048,552.59485,843.6169,748324137466670,748324170293857
533.59454,783.76654,552.59485,798.2749,748324170390524,748324203997555
518.0793,916.9276,551.30884,843.6169,748324204130055,748324234155680
516.3287,903.4974,533.59454,843.6169,748324235378649,748324267812764
540.3421,896.04205,540.3421,896.04205,748324269250941,748324302851514
504.73706,886.4296,533.59454,886.4296,748324303022139,748324335154118
545.01166,831.16034,540.3421,886.4296,748324336177816,748324368389066
549.0186,814.13654,540.3421,886.4296,748324372157295,748324404945836
555.5422,772.9308,545.01166,831.16034,748324405080472,748324438046149
550.3186,879.9924,549.0186,879.9924,748324439828753,748324473377451
502.96823,861.56793,545.01166,861.56793,748324473507243,748324508073076
545.5061,910.7947,545.5061,879.9924,748324508174795,748324543641357
528.00104,893.5956,545.01166,879.9924,748324543804274,748324577609170
550.0656,929.52576,545.5061,893.5956,748324577759326,748324608927034
547.90405,932.6857,545.5061,893.5956,748324609020107,748324646700211
538.64276,882.4765,545.5061,893.5956,748324646863857,748324679639534
550.3808,919.164,545.5061,893.5956,748324679748753,748324712380368
542.9326,876.0552,545.5061,893.5956,748324712492659,748324746532555
533.95593,908.6849,545.5061,893.5956,748324746664795,748324780858388
519.40063,853.0546,542.9326,893.5956,748324781038128,748324815853649
503.88425,839.7277,533.95593,893.5956,748324816053388,748324858440940
508.01248,862.7157,519.40063,862.7157,748324858545784,748324891938388
518.2273,841.62616,518.2273,862.7157,748324892095055,748324924727190
519.7581,901.82874,519.40063,862.7157,748324924867607,748324966082399
523.40234,893.42444,519.40063,862.7157,748324966278232,748325003879951
540.4516,794.065,519.7581,862.7157,748325003974326,748325036179378
527.19305,868.5695,523.40234,862.7157,748325037064638,748325067738649
512.0354,816.84985,519.7581,862.7157,748325067932711,748325098867919
518.8086,818.36475,519.7581,862.7157,748325099053232,748325129365367
504.23483,882.98517,518.8086,862.7157,748325129510576,748325161939482
512.56036,868.62225,518.8086,862.7157,748325162929326,748325199689326
504.40723,880.7368,512.56036,868.62225,748325199847815,748325244788961
508.0281,881.8754,512.56036,868.62225,748325245199847,748325282225263
514.81146,859.3631,512.56036,868.62225,748325282407711,748325315069378
524.6011,833.4501,512.56036,868.62225,748325315204742,748325353619430
515.9827,862.5197,514.81146,862.5197,748325353775159,748325387215992
498.30002,854.3126,512.56036,862.5197,748325387326930,748325420116721
526.68054,880.985,514.81146,862.5197,748325420267763,748325456366149
533.2831,913.39465,514.81146,862.5197,748325456537034,748325501365836
504.06015,860.35944,514.81146,862.5197,748325501459846,748325546169898
491.74835,889.6188,514.81146,862.5197,748325546333701,748325590088492
506.6834,906.0257,506.6834,862.5197,748325590280315,748325624620836
478.8676,864.32556,506.6834,864.32556,748325624721773,748325655039898
508.90527,916.76105,506.6834,864.32556,748325655149117,748325687794951
508.82895,942.72723,506.6834,864.32556,748325687954898,748325722203648
479.9054,948.4109,506.6834,916.76105,748325722309326,748325756278440
520.0936,918.7337,506.6834,918.7337,748325756459846,748325788727346
513.47174,928.34503,506.6834,918.7337,748325788870836,748325838213857
506.31186,938.1423,506.6834,918.7337,748325838405888,748325871810523
550.5341,854.5742,506.6834,918.7337,748325871988075,748325911275107
510.99457,927.4653,506.6834,918.7337,748325911386669,748325942096930
506.78006,895.98,506.78006,918.7337,748325942200263,748325973750888
496.98734,919.99945,506.6834,918.7337,748325975895055,748326015133596
546.4022,933.79376,506.78006,918.7337,748326015233909,748326046646200
548.40784,902.4422,506.78006,918.7337,748326046780107,748326077469950
563.677,897.3845,546.4022,918.7337,748326078843961,748326109630575
548.09924,857.87286,548.09924,902.4422,748326110748752,748326141066565
551.30225,830.19116,548.09924,897.3845,748326142015055,748326173419950
534.97327,903.2248,548.09924,902.4422,748326174618232,748326204299117
534.4763,929.16187,548.09924,902.4422,748326205826200,748326237683023
551.26965,912.8276,548.09924,903.2248,748326240448023,748326271995679
537.15265,860.79816,548.09924,902.4422,748326276197502,748326309941200
516.78613,878.95,548.09924,902.4422,748326311092398,748326342573284
540.8906,909.5246,540.8906,902.4422,748326344433961,748326377308804
526.94714,903.12665,540.8906,902.4422,748326377440211,748326409195940
532.1587,885.4875,540.8906,902.4422,748326409636617,748326440279534
528.8879,915.9554,532.1587,902.4422,748326443841356,748326484617711
528.2416,874.89343,532.1587,902.4422,748326485081669,748326519233127
505.96506,854.7465,528.8879,902.4422,748326519379586,748326551259586
522.33014,868.2177,528.2416,874.89343,748326551348909,748326583430836
538.49475,940.6064,528.8879,902.4422,748326583522086,748326615203336
526.1131,884.125,528.2416,884.125,748326615302502,748326646439586
533.2348,921.4592,528.8879,902.4422,748326646524273,748326679645367
560.4175,931.5945,528.8879,902.4422,748326679808075,748326711882086
543.7571,920.9218,533.2348,920.9218,748326711967242,748326742489950
544.5035,875.27936,543.7571,902.4422,748326744260054,748326775150471
539.4388,878.66565,539.4388,902.4422,748326775237815,748326806420002
538.9664,898.26154,539.4388,898.26154,748326806523700,748326838623804
538.9688,951.8998,539.4388,902.4422,748326839830679,748326873611460
524.77515,864.7971,538.9688,898.26154,748326874479065,748326904162971
534.80786,890.3583,538.9688,898.26154,748326908339429,748326945338231
543.4018,918.6662,538.9688,898.26154,748326945429429,748326975129846
545.1217,976.74756,538.9688,898.26154,748326977995002,748327007315992
538.3818,925.2081,538.9688,918.6662,748327007401252,748327045592033
536.17236,937.05084,538.9688,925.2081,748327045748492,748327078446200
537.89777,867.6064,538.3818,918.6662,748327078540575,748327110053700
502.7442,917.0388,537.89777,918.6662,748327138605835,748327174847710
483.80554,978.2246,537.89777,918.6662,748327176060523,748327208166044
476.6455,1006.8374,502.7442,918.6662,748327208244898,748327238846773
510.43124,1008.12396,510.43124,978.2246,748327238949690,748327274072242
556.03455,935.50903,510.43124,935.50903,748327275468960,748327310416721
551.61096,903.56995,510.43124,935.50903,748327311894273,748327343452606
563.224,875.84344,551.61096,935.50903,748327343602085,748327375495367
596.32874,871.12695,551.61096,903.56995,748327377278439,748327418580992
594.53906,903.48285,563.224,903.48285,748327418674950,748327451066096
556.6499,857.05646,556.6499,903.48285,748327451185367,748327484509116
571.77954,858.2665,563.224,903.48285,748327484699169,748327521109429
559.03143,925.52826,559.03143,903.48285,748327521197919,748327571565679
556.2653,920.05646,559.03143,903.48285,748327571660575,748327604917502
585.4831,884.26544,559.03143,903.48285,748327605022450,748327640219064
574.2837,827.7551,559.03143,903.48285,748327640988023,748327674428075
561.7177,852.1912,561.7177,884.26544,748327674544585,748327709242346
522.48706,875.04834,559.03143,875.04834,748327710168439,748327745225314
503.46326,833.2531,559.03143,875.04834,748327745369221,748327776448804
497.6204,829.6841,522.48706,875.04834,748327776610106,748327807935991
561.1398,827.0431,559.03143,833.2531,748327808818387,748327853856877
398.02335,889.0903,522.48706,875.04834,748327853968648,748327888276981
421.67685,777.19434,522.48706,833.2531,748327888385731,748327934531043
432.6773,784.87384,432.6773,833.2531,748327934616564,748327969819325
416.25195,815.9571,432.6773,815.9571,748327969966043,748328002851512
412.1209,821.6668,432.6773,821.6668,748328002967085,748328033759116
451.31937,842.41437,432.6773,821.6668,748328033977658,748328069173023
454.33075,825.5552,432.6773,821.6668,748328069268491,748328101604533
467.19662,880.3192,451.31937,825.5552,748328101766877,748328134114793
452.05017,880.29565,452.05017,825.5552,748328135526252,748328170299845
475.76474,911.45715,452.05017,880.29565,748328173230418,748328208850627
462.79086,913.2464,452.05017,880.29565,748328209033491,748328240799741
487.13297,881.3456,462.79086,881.3456,748328241883127,748328274687293
460.1823,925.8003,460.1823,881.3456,748328276223752,748328310264585
505.86655,842.4254,462.79086,881.3456,748328310414897,748328340359377
493.63052,851.2379,462.79086,881.3456,748328346845887,748328379332137
462.47794,889.0005,462.79086,881.3456,748328379502918,748328420664689
469.23465,883.82935,462.79086,881.3456,748328420761304,748328453669324
454.36426,820.0386,462.79086,881.3456,748328454019429,748328487750835
482.10312,794.8899,462.79086,881.3456,748328487848231,748328522420522
471.5219,835.43915,462.79086,835.43915,748328522522449,748328562594897
465.78784,824.86017,465.78784,835.43915,748328562742710,748328592893491
462.70752,823.49316,462.79086,835.43915,748328593071564,748328631166095
436.5826,819.2734,462.79086,824.86017,748328631338699,748328664454845
482.98856,863.3292,462.79086,835.43915,748328664625314,748328695210887
465.7555,881.61255,462.79086,835.43915,748328695293856,748328726269585
447.70743,823.0857,462.79086,835.43915,748328726391512,748328758648179
456.1296,855.9423,462.79086,835.43915,748328759628595,748328789308647
439.01862,853.9447,456.1296,835.43915,748328789458335,748328822291928
470.9833,784.95135,462.79086,835.43915,748328824464585,748328858058283
454.14502,847.9622,456.1296,835.43915,748328858244481,748328893532918
452.9889,855.2774,456.1296,835.43915,748328893710314,748328928700418
491.1242,807.72504,456.1296,835.43915,748328928819376,748328958263699
490.76004,804.08746,456.1296,835.43915,748328958437918,748328989208178
509.3805,824.5135,490.76004,824.5135,748328989352866,748329024215522
498.56506,802.17053,490.76004,824.5135,748329024384012,748329068633751
494.9977,791.14685,494.9977,824.5135,748329068790730,748329105116408
484.3856,819.248,490.76004,819.248,748329105534741,748329139703595
492.99515,793.7,492.99515,819.248,748329143607658,748329179071408
443.3005,833.0188,490.76004,819.248,748329179176616,748329218520470
486.47693,800.51556,490.76004,819.248,748329218650053,748329250061251
505.8673,777.59406,490.76004,819.248,748329250211668,748329310093751
510.7011,797.06555,490.76004,800.51556,748329310195782,748329342508855
471.58502,776.9718,490.76004,797.06555,748329342599272,748329378178699
473.67767,783.7888,490.76004,797.06555,748329378349220,748329416800522
477.40918,810.97675,477.40918,797.06555,748329416908960,748329452396824
469.41235,865.192,477.40918,797.06555,748329452611303,748329489340366
506.11707,817.7376,477.40918,810.97675,748329489493282,748329521945366
498.1339,874.6963,477.40918,817.7376,748329522087084,748329562936043
448.68005,862.11975,477.40918,817.7376,748329563100574,748329595663282
441.86234,852.7439,477.40918,852.7439,748329595836720,748329626138074
450.6543,852.27686,450.6543,852.27686,748329626298959,748329663845209
439.31396,797.5014,450.6543,852.27686,748329663941824,748329696485939
500.1081,809.1688,450.6543,852.27686,748329696593074,748329730163491
467.77927,788.1642,450.6543,809.1688,748329730342657,748329764026824
446.02228,834.947,450.6543,834.947,748329764128543,748329797153647
484.90433,882.51227,450.6543,834.947,748329797339741,748329831306459
495.62836,790.1104,450.6543,834.947,748329831461251,748329861208907
466.1018,800.6086,466.1018,834.947,748329861394845,748329891405730
481.78937,763.72815,466.1018,800.6086,748329891529011,748329926531199
477.60425,768.21246,466.1018,800.6086,748329926637709,748329959104272
467.47028,741.19946,467.47028,768.21246,748329959258699,748329994815991
452.45016,783.40674,466.1018,783.40674,748329995028647,748330027983074
454.93884,807.4659,466.1018,783.40674,748330028185834,748330060345105
457.84644,770.0355,457.84644,783.40674,748330060535209,748330090967241
461.1649,736.73224,461.1649,783.40674,748330091121511,748330124188490
485.6226,719.73553,461.1649,770.0355,748330124342918,748330157636407
466.50378,789.50183,461.1649,783.40674,748330157780522,748330189624793
471.30157,810.0477,466.50378,783.40674,748330189809220,748330222006511
458.54358,819.2425,461.1649,789.50183,748330222178022,748330259923490
457.12473,862.27594,461.1649,810.0477,748330260205730,748330295088699
451.50604,851.3895,458.54358,819.2425,748330295262032,748330327526667
471.09332,844.27844,461.1649,844.27844,748330327653178,748330358136928
466.583,879.195,461.1649,844.27844,748330358306667,748330392430157
466.03577,867.2044,466.03577,844.27844,748330394080001,748330427192292
448.2231,869.82,461.1649,867.2044,748330427307345,748330460116407
495.80344,797.53296,466.03577,844.27844,748330460277865,748330494336407
507.94586,831.96265,466.03577,844.27844,748330494518595,748330568082397
461.0367,808.29663,466.03577,831.96265,748330568221199,748330602252032
488.70712,780.09436,466.03577,831.96265,748330602365261,748330636605105
505.5689,762.4932,466.03577,808.29663,748330636705261,748330677094949
470.60272,793.2196,470.60272,793.2196,748330677182501,748330712409272
460.91232,820.80365,466.03577,808.29663,748330712557813,748330744160157
482.71994,788.4277,470.60272,793.2196,748330745604480,748330779030001
472.96265,761.4564,470.60272,793.2196,748330779785001,748330811802501
461.99835,861.2624,470.60272,793.2196,748330813403959,748330847502084
465.29398,850.09467,470.60272,793.2196,748330848300209,748330898353126
450.73325,752.2327,465.29398,793.2196,748330898466407,748330930257813
445.69574,757.3193,465.29398,793.2196,748330930434063,748330959123959
468.67865,834.15576,465.29398,793.2196,748330959293490,748330992955626
469.4365,855.81134,465.29398,793.2196,748330993282396,748331029905261
453.7505,799.4235,465.29398,799.4235,748331030074688,748331064208855
473.11908,755.2915,465.29398,793.2196,748331064385678,748331095939792
509.4851,752.7427,465.29398,793.2196,748331096206198,748331129412813
498.35947,797.74054,473.11908,793.2196,748331129515573,748331159795521
465.99933,783.7753,465.99933,793.2196,748331159979219,748331193384480
466.78995,795.50525,466.78995,793.2196,748331193492605,748331226432865
449.7738,764.1133,465.99933,793.2196,748331226626146,748331265081459
503.3507,782.8854,466.78995,793.2196,748331265219271,748331298158646
458.3771,816.32245,465.99933,793.2196,748331298331407,748331359704219
526.09717,713.93176,466.78995,793.2196,748331359826042,748331397871094
482.31067,713.99335,466.78995,793.2196,748331398032657,748331437686407
511.03522,733.4147,482.31067,733.4147,748331437776198,748331469350990
471.55194,729.8102,471.55194,733.4147,748331469496459,748331499710834
472.31946,827.5469,472.31946,733.4147,748331499804011,748331550057084
461.3291,796.2839,471.55194,733.4147,748331550171407,748331585634792
481.33667,741.4588,472.31946,741.4588,748331585762396,748331618783855
450.7272,779.67053,471.55194,741.4588,748331618876980,748331657582136
468.05362,706.54333,471.55194,741.4588,748331657737396,748331689412396
489.75885,719.1143,471.55194,741.4588,748331689562969,748331722539532
478.7678,721.7751,471.55194,721.7751,748331722702813,748331756578542
476.99008,718.55084,476.99008,721.7751,748331756749636,748331791434427
520.381,731.8806,476.99008,721.7751,748331791618698,748331828798125
481.09296,694.5564,476.99008,721.7751,748331828975677,748331862923750
485.45163,730.43823,481.09296,721.7751,748331863061927,748331912193334
506.52975,721.31476,481.09296,721.7751,748331912300313,748331944571302
505.72424,706.1878,485.45163,721.7751,748331944672656,748331979572136
518.8081,724.15924,505.72424,721.7751,748331979686042,748332012275209
500.13275,690.4426,500.13275,721.7751,748332012363177,748332044931094
485.0718,714.5082,500.13275,721.7751,748332046062084,748332080887031
486.42993,739.6466,500.13275,721.7751,748332081489479,748332125133021
481.79144,720.14575,486.42993,721.7751,748332125228229,748332181649167
501.62057,695.31213,500.13275,721.7751,748332181756406,748332219064427
511.92816,699.8868,500.13275,720.14575,748332219235573,748332254885417
499.37836,715.4933,500.13275,715.4933,748332254990573,748332294816563
504.2287,724.6219,500.13275,720.14575,748332294995313,748332325727396
497.05707,782.1046,500.13275,720.14575,748332325916406,748332356937344
457.00565,741.492,500.13275,724.6219,748332357042813,748332392350156
481.4325,714.6052,497.05707,720.14575,748332392535313,748332423747292
498.9278,719.02435,498.9278,720.14575,748332423924792,748332463072240
472.4012,715.4445,497.05707,719.02435,748332463201354,748332492511771
483.99054,719.53735,497.05707,719.53735,748332492674896,748332523006198
475.16803,752.22485,483.99054,719.53735,748332523188698,748332557788542
475.79578,747.2925,483.99054,719.53735,748332557963594,748332589950625
511.09662,694.6095,483.99054,719.53735,748332590098646,748332623027969
505.72006,699.74426,483.99054,719.53735,748332623210625,748332677736979
511.8746,772.5494,505.72006,719.53735,748332677855104,748332713955417
490.80527,722.816,490.80527,719.53735,748332714153854,748332749412604
540.4556,777.1038,505.72006,722.816,748332749509687,748332788101094
500.83792,755.61957,500.83792,722.816,748332788237760,748332821752239
520.23834,782.7808,505.72006,755.61957,748332821889635,748332877930729
487.78174,721.407,500.83792,722.816,748332878042239,748332913676094
470.81476,739.0152,500.83792,739.0152,748332913778958,748332964151250
454.08475,737.04596,487.78174,737.04596,748332964257708,748332998858750
533.05566,760.6026,500.83792,739.0152,748332998961771,748333030464583
517.89166,779.2297,500.83792,739.0152,748333030563906,748333061177396
515.02924,817.7848,515.02924,760.6026,748333061347031,748333097849219
493.2616,745.3561,500.83792,745.3561,748333098039427,748333127905416
506.3709,741.0064,506.3709,745.3561,748333128275625,748333159027552
477.4825,722.25494,500.83792,745.3561,748333159143541,748333188664166
476.11652,691.51825,500.83792,741.0064,748333188839948,748333221182812
464.68808,690.9811,477.4825,722.25494,748333221344843,748333252956771
510.5315,667.2939,500.83792,691.51825,748333253143593,748333287173385
483.3792,700.17786,483.3792,700.17786,748333287357812,748333318982031
530.07465,684.99176,500.83792,691.51825,748333319148906,748333351961875
522.4206,677.06464,500.83792,691.51825,748333352882083,748333385674010
471.8036,700.3915,500.83792,691.51825,748333385857031,748333427891250
489.44067,678.1519,500.83792,691.51825,748333428024635,748333458658073
535.3815,678.5308,500.83792,691.51825,748333458847135,748333491612083
462.77148,695.03094,500.83792,691.51825,748333491785156,748333522939166
466.8076,687.74066,500.83792,691.51825,748333523107031,748333559275989
508.67133,670.06647,500.83792,691.51825,748333559460885,748333589738802
507.15875,704.434,500.83792,691.51825,748333589851979,748333620605208
463.35205,737.2291,500.83792,691.51825,748333620761406,748333654691822
473.11105,696.8552,500.83792,696.8552,748333654805052,748333685862916
529.86115,697.25653,500.83792,696.8552,748333685978489,748333719248333
521.25244,743.8078,500.83792,696.8552,748333719341562,748333749865104
503.21753,768.40857,503.21753,697.25653,748333749968958,748333782735937
535.41205,729.82983,503.21753,729.82983,748333782895572,748333815560885
500.73032,733.20593,503.21753,729.82983,748333815709843,748333850140312
527.08105,718.3984,503.21753,729.82983,748333850264010,748333883385677
485.7893,744.61755,503.21753,729.82983,748333883531093,748333923650729
490.54797,693.5273,503.21753,729.82983,748333923762916,748333959665729
466.6678,751.2855,490.54797,729.82983,748333959837031,748333991625260
481.98138,758.52106,490.54797,729.82983,748333991805572,748334021763333
476.26627,767.1702,481.98138,751.2855,748334021864270,748334054217083
463.2219,825.1135,481.98138,758.52106,748334054314114,748334087405312
473.16736,754.68555,476.26627,754.68555,748334087561874,748334121394114
486.8032,762.88806,481.98138,758.52106,748334121507916,748334153294947
502.4592,832.2628,481.98138,758.52106,748334153388958,748334185157187
451.85806,788.0999,481.98138,762.88806,748334185329583,748334219578176
471.0292,757.0197,481.98138,758.52106,748334219670729,748334262390728
446.58664,759.43585,471.0292,759.43585,748334262507031,748334293367031
451.72208,738.7233,471.0292,758.52106,748334293572447,748334328590676
437.5821,719.87915,451.72208,758.52106,748334331037551,748334373448385
420.24594,724.0936,451.72208,738.7233,748334373525937,748334407815885
452.1727,712.4606,451.72208,724.0936,748334407915572,748334440528906
455.95282,740.1708,451.72208,738.7233,748334440706926,748334473014374
463.55838,791.82587,452.1727,738.7233,748334473104739,748334505797968
459.11588,779.7668,455.95282,740.1708,748334509316770,748334548472499
460.2471,779.23083,459.11588,779.23083,748334548630624,748334583851249
457.19455,779.3613,457.19455,779.23083,748334583965780,748334614991510
460.23242,819.7709,459.11588,779.23083,748334615157603,748334648569010
465.50424,843.13983,459.11588,779.3613,748334648695885,748334681356249
479.1672,872.5592,460.23242,819.7709,748334681448020,748334715770103
476.9773,696.9396,465.50424,779.3613,748334717193437,748334753151405
455.82816,777.9327,460.23242,779.3613,748334753240832,748334789450572
464.906,858.7101,464.906,779.3613,748334790174582,748334820769895
458.46674,833.1484,460.23242,779.3613,748334820915103,748334852729739
487.31152,845.66864,464.906,833.1484,748334852909999,748334888206822
486.59497,816.22314,464.906,816.22314,748334888324218,748334922654218
472.90866,738.9129,472.90866,816.22314,748334922766562,748334954951093
489.37387,792.7465,472.90866,816.22314,748334955124582,748334989304322
483.72433,780.66516,472.90866,792.7465,748334989410416,748335019415832
490.42743,791.7765,483.72433,792.7465,748335020697759,748335055639374
472.8681,773.6154,472.90866,791.7765,748335055788489,748335088258020
494.8866,792.1054,483.72433,792.1054,748335088433593,748335132218801
480.02676,747.16644,480.02676,791.7765,748335132357707,748335173546457
511.01932,797.4057,483.72433,792.1054,748335173723697,748335208825468
485.8155,751.35254,483.72433,791.7765,748335208923697,748335240913541
482.7686,805.43774,483.72433,792.1054,748335241003905,748335274073645
460.9247,757.90247,483.72433,791.7765,748335274181822,748335312491301
489.0403,807.6576,483.72433,792.1054,748335312656718,748335350310311
472.71768,736.9886,483.72433,791.7765,748335350445520,748335393791509
496.0388,775.19385,483.72433,791.7765,748335394043905,748335428155259
500.60196,766.1846,483.72433,775.19385,748335428674999,748335462074843
508.35104,741.35077,496.0388,775.19385,748335462981249,748335493653645
491.8661,758.5572,491.8661,766.1846,748335493766926,748335523610676
465.28595,787.12897,491.8661,775.19385,748335523741770,748335554076093
504.5823,775.2086,491.8661,775.19385,748335554231249,748335589767447
503.65756,732.3422,491.8661,775.19385,748335589923749,748335624186197
482.21512,763.7549,491.8661,775.19385,748335624365780,748335655579843
494.4591,779.1792,491.8661,775.19385,748335655774843,748335687109322
480.34265,742.02423,491.8661,775.19385,748335687272915,748335722164843
483.7218,725.61957,491.8661,775.19385,748335722361874,748335759182238
501.27563,772.2174,491.8661,772.2174,748335759371040,748335789535155
512.3256,808.1768,491.8661,775.19385,748335789708332,748335835948645
501.7226,853.4423,501.27563,775.19385,748335836054634,748335866539582
500.06335,837.8849,500.06335,808.1768,748335873801978,748335921333697
504.88763,857.34814,501.27563,837.8849,748335921812030,748335952871040
476.60394,878.7474,500.06335,837.8849,748335953039165,748335988945259
499.2705,755.0886,500.06335,837.8849,748335989137134,748336023045676
480.54675,736.91565,499.2705,837.8849,748336023245051,748336054578592
544.3976,716.8074,500.06335,755.0886,748336054680051,748336088623853
503.41394,807.57983,500.06335,807.57983,748336088729582,748336120412759
494.73965,814.3549,500.06335,807.57983,748336120566561,748336153779686
487.63257,742.6831,500.06335,807.57983,748336153933176,748336186317342
507.06918,744.19604,500.06335,807.57983,748336186462030,748336223612238
492.5885,782.05585,500.06335,782.05585,748336223786926,748336266048071
489.74332,775.6738,500.06335,782.05585,748336266201196,748336300195467
498.76605,716.02893,498.76605,782.05585,748336300369946,748336357248124
501.772,730.317,500.06335,775.6738,748336357358749,748336389588124
488.6575,733.4284,498.76605,733.4284,748336389762603,748336424566144
492.84683,705.55005,498.76605,733.4284,748336424719894,748336458429113
493.2775,729.57587,493.2775,733.4284,748336458540467,748336493369373
499.4996,705.52576,498.76605,729.57587,748336493471561,748336538326561
494.2352,748.2571,494.2352,733.4284,748336538420155,748336572769061
488.1401,773.21906,494.2352,733.4284,748336573618123,748336615294113
505.30722,779.7594,494.2352,748.2571,748336615402082,748336648712967
507.3879,799.14996,494.2352,773.21906,748336648806092,748336681867238
518.7181,766.03577,505.30722,766.03577,748336681965519,748336715806873
505.7112,788.55634,505.7112,773.21906,748336715973280,748336750347238
506.2021,770.7947,505.7112,770.7947,748336750504373,748336784276300
517.7869,753.413,505.7112,770.7947,748336784446196,748336819288384
530.2035,778.1485,506.2021,770.7947,748336819458228,748336851204321
501.69223,784.02203,505.7112,770.7947,748336851375467,748336885635832
508.86026,729.69666,506.2021,770.7947,748336885737967,748336920541561
470.24268,723.2703,505.7112,770.7947,748336920710780,748336952782967
482.70297,685.0095,505.7112,729.69666,748336952926925,748336985014217
478.40878,665.57355,482.70297,723.2703,748336985132550,748337018084582
466.60104,697.7224,482.70297,697.7224,748337018182707,748337050444582
476.66156,678.582,478.40878,697.7224,748337050599790,748337083463957
482.31985,713.7809,482.31985,697.7224,748337083636717,748337118692082
453.16153,734.8585,478.40878,697.7224,748337118865467,748337159836821
480.58163,712.0032,480.58163,712.0032,748337159997394,748337195457394
490.4953,709.5164,480.58163,709.5164,748337195676040,748337230777654
457.74884,790.9184,480.58163,712.0032,748337230980415,748337266206404
480.47382,784.0499,480.58163,712.0032,748337266385519,748337301527186
465.8453,756.82117,480.47382,756.82117,748337301706300,748337334967238
490.3464,725.0612,480.58163,725.0612,748337335088800,748337367078175
491.53476,783.1192,480.58163,756.82117,748337367247134,748337401389061
500.93994,726.17236,490.3464,726.17236,748337401485415,748337431583123
511.97543,751.95056,491.53476,751.95056,748337431677967,748337462394269
504.96024,740.05475,500.93994,740.05475,748337462518540,748337493968956
469.37897,678.9633,491.53476,740.05475,748337494140363,748337525538488
469.96667,708.50507,491.53476,740.05475,748337526609738,748337558541821
507.0793,756.16077,491.53476,740.05475,748337558650415,748337590863019
492.07004,698.15497,491.53476,740.05475,748337590977811,748337623673175
520.893,823.01654,492.07004,740.05475,748337623780623,748337655043383
502.8937,773.0633,492.07004,740.05475,748337655146300,748337686654008
508.1756,724.7683,502.8937,740.05475,748337686745883,748337720635050
493.6168,808.89056,493.6168,740.05475,748337720750050,748337752677967
481.6912,729.8926,493.6168,740.05475,748337752800779,748337785289685
471.11713,804.2681,493.6168,740.05475,748337786186873,748337821579633
480.11447,761.974,481.6912,740.05475,748337821684060,748337856467967
480.99213,738.81,480.99213,740.05475,748337856630415,748337890914217
473.2074,851.86816,480.99213,740.05475,748337891010779,748337919649269
506.4273,829.90753,480.99213,740.05475,748337919829165,748337951530779
530.2704,731.08875,480.99213,740.05475,748337951710050,748337983809633
506.298,829.89935,506.298,740.05475,748337983985675,748338016767446
529.91925,809.3312,506.298,740.05475,748338016919633,748338050712133
492.48062,733.1356,506.298,740.05475,748338050870050,748338085519737
473.2283,819.9713,506.298,740.05475,748338085694946,748338121159060
464.66876,808.608,492.48062,740.05475,748338121273956,748338151806300
473.98178,830.5998,473.98178,808.608,748338151906873,748338184795935
474.9146,771.54254,474.9146,771.54254,748338184901977,748338216845206
465.4837,729.6626,473.98178,771.54254,748338216955727,748338249666144
478.474,860.8699,474.9146,771.54254,748338249780519,748338290817654
457.40607,758.13196,473.98178,771.54254,748338290930310,748338321199112
492.23926,724.2027,474.9146,771.54254,748338321301821,748338355023539
469.49362,864.0212,473.98178,771.54254,748338355123487,748338390453331
458.7812,827.87494,473.98178,771.54254,748338390550623,748338422670519
441.70322,811.60284,469.49362,811.60284,748338422783383,748338453631873
459.85623,814.92865,459.85623,811.60284,748338453782706,748338487521508
484.89117,796.78656,469.49362,811.60284,748338488438487,748338521351248
423.9266,942.7595,459.85623,811.60284,748338521469373,748338553475519
612.4315,784.61774,469.49362,811.60284,748338553580519,748338584938279
509.4966,991.809,469.49362,811.60284,748338585056716,748338616138331
460.0718,787.48846,469.49362,811.60284,748338616227394,748338650096508
455.3071,706.7773,469.49362,811.60284,748338650187602,748338683982133
465.7015,713.1786,465.7015,787.48846,748338684224581,748338751589060
472.5943,767.18427,469.49362,767.18427,748338751709008,748338784098539
492.02856,758.32965,469.49362,767.18427,748338784283748,748338817299112
487.23596,733.60144,472.5943,767.18427,748338817475102,748338848764893
504.84515,763.243,487.23596,763.243,748338848919581,748338880479216
473.34595,799.5446,473.34595,767.18427,748338880631716,748338915595570
463.4375,778.6246,473.34595,767.18427,748338915764008,748338961832081
469.09244,783.14923,473.34595,778.6246,748338961980779,748338993868643
470.22882,769.0128,470.22882,769.0128,748338994014841,748339036320050
478.56778,766.7898,473.34595,769.0128,748339036404268,748339069967393
469.7409,765.89197,470.22882,769.0128,748339080106508,748339114931925
460.67343,855.1007,470.22882,769.0128,748339115108591,748339145669685
476.51675,879.1089,470.22882,769.0128,748339168532133,748339212977602
479.95438,806.0102,470.22882,806.0102,748339214596247,748339251472185
511.99136,846.88684,476.51675,806.0102,748339251630622,748339290054268
475.45877,766.88367,475.45877,806.0102,748339290162654,748339330540883
501.66037,748.2905,476.51675,806.0102,748339330657029,748339365881716
493.95508,774.7167,476.51675,774.7167,748339366028331,748339399800570
525.176,765.75275,493.95508,774.7167,748339399983487,748339432138799
520.49634,753.0537,493.95508,774.7167,748339432246924,748339466053487
524.14044,760.11896,520.49634,765.75275,748339466146195,748339497726716
476.31586,743.4626,493.95508,760.11896,748339497821039,748339531595831
496.0189,806.14343,496.0189,765.75275,748339531795518,748339570617185
460.9985,778.63983,493.95508,765.75275,748339570703591,748339601336924
471.9865,784.4436,493.95508,778.63983,748339601503643,748339632142185
457.74094,785.3382,471.9865,778.63983,748339632298643,748339664247810
447.95624,802.21387,471.9865,784.4436,748339664417081,748339696213956
492.06918,816.1674,471.9865,785.3382,748339696352133,748339725659893
486.6251,787.4585,471.9865,787.4585,748339725841768,748339777183695
438.00046,815.0526,471.9865,787.4585,748339777340726,748339808571768
471.58496,792.811,471.9865,787.4585,748339809430883,748339842441247
459.30878,749.896,471.58496,787.4585,748339843697758,748339876375153
448.07144,762.1113,471.58496,787.4585,748339878418956,748339910737081
472.6976,779.99445,471.58496,779.99445,748339914053435,748339944504685
464.8157,704.7709,471.58496,779.99445,748339944589112,748339976847445
470.0575,733.48145,471.58496,779.99445,748339976931976,748340008177133
482.361,713.42395,471.58496,733.48145,748340008971091,748340039670518
494.32178,753.33185,471.58496,753.33185,748340041450153,748340074036195
471.29504,719.98773,471.58496,733.48145,748340074592966,748340110823591
505.88345,746.78284,471.58496,746.78284,748340110899789,748340140552497
461.80463,775.9988,471.58496,746.78284,748340141903330,748340171858174
524.187,803.41693,471.58496,746.78284,748340173140049,748340204725205
501.80807,757.2856,471.58496,757.2856,748340205190466,748340237461820
507.8196,780.5799,501.80807,757.2856,748340237586039,748340290708851
467.56824,779.71545,471.58496,757.2856,748340290812393,748340319918278
456.40518,827.8833,471.58496,779.71545,748340320075101,748340353540830
434.79764,785.3741,467.56824,779.71545,748340353817549,748340388628539
434.45105,786.37506,456.40518,785.3741,748340390827549,748340423149528
426.89484,828.47797,434.79764,785.3741,748340423323070,748340455198174
425.01886,832.86786,434.45105,786.37506,748340455354164,748340488458747
410.97144,778.75195,426.89484,785.3741,748340488616924,748340520062809
390.96884,712.5735,425.01886,785.3741,748340520158591,748340552159893
393.87872,790.21124,410.97144,785.3741,748340552254997,748340583221351
432.2142,778.7391,425.01886,785.3741,748340583310882,748340616609164
410.71735,796.9236,410.97144,785.3741,748340616715726,748340649976507
430.46094,669.4481,425.01886,785.3741,748340650082966,748340687416664
490.73175,697.9556,425.01886,785.3741,748340687917445,748340743888643
466.6848,722.1042,430.46094,722.1042,748340743986559,748340778087028
444.0248,723.9321,444.0248,723.9321,748340778184684,748340816155726
430.28018,804.77277,430.46094,723.9321,748340816261299,748340849434268
445.91272,696.1507,444.0248,723.9321,748340849568434,748340883390830
429.2671,796.06085,430.46094,723.9321,748340883491195,748340921900466
465.74832,799.808,444.0248,723.9321,748340922355570,748340957693070
446.72665,736.24146,444.0248,736.24146,748340957886351,748341000333226
473.39877,705.6011,446.72665,723.9321,748341001278903,748341035323695
464.59567,821.0788,446.72665,736.24146,748341035421924,748341065489736
465.68884,758.9667,464.59567,736.24146,748341065652757,748341098812861
474.2552,840.1328,464.59567,758.9667,748341098972757,748341131918747
466.25195,813.14996,465.68884,758.9667,748341132141090,748341162360934
467.5568,752.49286,466.25195,758.9667,748341162497497,748341193224528
477.7292,741.0578,466.25195,758.9667,748341193396559,748341237279163
442.58972,731.212,466.25195,752.49286,748341237507601,748341272470778
450.6378,783.2249,466.25195,758.9667,748341272599007,748341307646038
447.8916,768.119,450.6378,758.9667,748341307719684,748341341903747
439.64456,749.4554,450.6378,758.9667,748341341990934,748341374405205
446.08276,769.3897,447.8916,758.9667,748341376134476,748341409150257
456.00394,783.5741,450.6378,758.9667,748341409304215,748341445029476
459.6459,777.13574,450.6378,769.3897,748341445171142,748341479217444
462.67776,805.2914,456.00394,777.13574,748341479354684,748341513685569
446.26413,763.09735,450.6378,769.3897,748341513772809,748341552087132
479.9727,719.1112,456.00394,769.3897,748341552262549,748341614121351
459.89163,759.4977,456.00394,763.09735,748341614235465,748341650213799
454.5911,832.09045,456.00394,769.3897,748341650310413,748341685266559
453.07794,770.5125,456.00394,769.3897,748341685378226,748341719006194
470.828,749.8596,456.00394,769.3897,748341719329319,748341757460778
475.6182,742.48346,456.00394,769.3897,748341757582549,748341792949267
447.27237,775.61664,456.00394,769.3897,748341793063799,748341827348330
455.46817,825.14325,456.00394,769.3897,748341827441299,748341857879736
451.50574,765.51447,455.46817,769.3897,748341858058121,748341895245830
494.61526,790.9176,456.00394,769.3897,748341895413174,748341928836298
460.9385,756.66394,456.00394,769.3897,748341929035153,748341962986767
443.84882,725.3575,456.00394,769.3897,748341963079632,748341995744267
442.96664,735.3539,456.00394,756.66394,748341998121715,748342028668486
502.60107,772.3914,456.00394,769.3897,748342028850361,748342059539163
493.78796,737.20416,456.00394,756.66394,748342059728017,748342112691090
488.65482,823.97406,488.65482,769.3897,748342112800882,748342147313225
504.33902,736.9623,488.65482,756.66394,748342147403173,748342181565153
459.23868,771.04443,488.65482,769.3897,748342181717913,748342214676975
444.72095,779.5599,488.65482,769.3897,748342214771715,748342248851975
464.75955,754.6402,464.75955,769.3897,748342248981038,748342285311923
453.40668,767.43634,464.75955,769.3897,748342286339788,748342324343382
471.37054,798.3937,464.75955,769.3897,748342324510257,748342354009371
482.81577,769.4926,464.75955,769.3897,748342354173434,748342390445205
467.49133,755.4443,467.49133,769.3897,748342390629267,748342422923590
448.1946,786.3842,464.75955,769.3897,748342423080934,748342456235309
457.95663,783.94476,464.75955,769.3897,748342456409527,748342487853486
476.81522,803.6721,464.75955,783.94476,748342487975777,748342521960100
498.77103,756.33264,464.75955,769.3897,748342522059215,748342550935777
484.4514,779.3549,476.81522,779.3549,748342551908902,748342583452548
481.02786,754.85986,481.02786,769.3897,748342583556923,748342616231663
455.0837,729.22516,476.81522,769.3897,748342616322079,748342650856975
497.966,716.8399,481.02786,754.85986,748342651269788,748342682070413
489.89523,741.91785,481.02786,741.91785,748342682160152,748342732789579
526.63495,761.1951,489.89523,754.85986,748342732890309,748342764652027
597.0413,653.1507,489.89523,741.91785,748342764770048,748342800484736
565.89606,622.9871,526.63495,741.91785,748342800567965,748342832690100
543.64056,566.9908,543.64056,653.1507,748342835449059,748342866203225
542.91284,581.8565,542.91284,622.9871,748342878373225,748342915002704
558.5724,589.2801,543.64056,589.2801,748342915165256,748342947027496
518.3748,643.6506,542.91284,622.9871,748342947185621,748342979911402
533.80383,671.6028,542.91284,622.9871,748342980142184,748343014551819
549.91254,679.60205,542.91284,643.6506,748343016108850,748343048849006
556.108,638.18616,542.91284,638.18616,748343048947600,748343082353069
539.99646,638.9268,542.91284,638.9268,748343082457756,748343114388381
516.05743,582.5547,542.91284,638.18616,748343114576506,748343148990152
558.7775,609.1806,542.91284,638.18616,748343149202236,748343182235465
567.55457,599.0059,542.91284,609.1806,748343182332236,748343216471142
559.82385,681.4276,558.7775,638.18616,748343216582027,748343253373277
490.6942,622.7788,542.91284,622.7788,748343253478017,748343289016819
562.12585,681.72064,558.7775,638.18616,748343289146975,748343320614058
549.7712,672.39026,549.7712,638.18616,748343320798225,748343354634892
508.30212,645.531,549.7712,645.531,748343354826402,748343386750621
507.2419,778.2063,549.7712,645.531,748343386934371,748343421865725
498.79703,781.2059,508.30212,645.531,748343422034631,748343455198537
510.6848,793.69,510.6848,778.2063,748343455372704,748343490344840
486.74225,831.72034,508.30212,781.2059,748343490515829,748343522211090
509.54904,790.7583,509.54904,790.7583,748343522394215,748343562297860
495.44635,801.205,508.30212,790.7583,748343563164892,748343594642756
489.03458,757.5109,508.30212,790.7583,748343594773537,748343627633121
511.72226,812.0325,508.30212,790.7583,748343627794267,748343662259423
479.85403,841.6877,508.30212,790.7583,748343662434423,748343706019371
497.052,823.7418,508.30212,812.0325,748343706120933,748343739133277
479.44952,805.93665,497.052,805.93665,748343739234319,748343774317183
