x_raw,y_raw,x_filtered,y_filtered,gaze_timestamp,record_timestamp
815.4517,1248.4952,148.84299,625.0587,613022793663960,613022877300679
798.4764,1174.1709,148.84299,625.0587,613022877458492,613022912977762
771.4927,1129.1896,771.4927,1129.1896,613022913156304,613022950960106
737.55853,1084.8235,737.55853,1084.8235,613022951280002,613022986642919
760.40533,1166.2323,760.40533,1129.1896,613022986740783,613023022357554
721.5942,1081.6884,737.55853,1084.8235,613023023760523,613023068245523
557.53864,1387.3954,737.55853,1129.1896,613023068332189,613023105575419
610.7081,1323.3496,721.5942,1129.1896,613023105721148,613023143610054
623.6654,1438.8024,623.6654,1323.3496,613023143805419,613023176500991
627.3502,1485.7551,627.3502,1323.3496,613023176645418,613023212112346
663.3888,1481.625,627.3502,1438.8024,613023212199898,613023245081721
630.0081,1430.9971,627.3502,1430.9971,613023245275471,613023287847398
599.64777,1404.4382,627.3502,1430.9971,613023288529064,613023325208648
432.7607,1360.0983,627.3502,1430.9971,613023325354012,613023363440991
405.18707,1331.124,599.64777,1404.4382,613023363529793,613023405164741
413.96155,1321.0553,432.7607,1360.0983,613023405324585,613023446840002
386.60046,1386.5645,413.96155,1386.5645,613023447009116,613023483889898
365.7667,1440.3256,413.96155,1386.5645,613023484051668,613023513780783
375.61362,1371.9921,386.60046,1386.5645,613023513972814,613023546095991
339.72876,1421.3141,375.61362,1386.5645,613023546225991,613023579888075
293.1336,1400.7777,375.61362,1386.5645,613023580141252,613023611479689
285.66595,1402.388,339.72876,1400.7777,613023611652866,613023643129845
232.16164,1435.4182,293.1336,1400.7777,613023643277189,613023675395366
336.85565,1741.9724,336.85565,1402.388,613023675530470,613023708278491
411.427,1170.3937,336.85565,1400.7777,613023708401095,613023743203752
397.41083,1406.3021,336.85565,1402.388,613023743367033,613023792923231
424.89883,1273.0681,397.41083,1400.7777,613023793064377,613023824927085
362.1812,920.91064,362.1812,1400.7777,613023825127345,613023856926043
654.8597,1557.1925,397.41083,1400.7777,613023857098074,613023888646668
943.2273,1322.0973,397.41083,1400.7777,613023889040106,613023923221408
903.2706,1094.4877,654.8597,1400.7777,613023923405002,613023955311772
875.7598,991.93225,875.7598,1322.0973,613023955517033,613023987518960
896.90826,986.3273,875.7598,1094.4877,613023987675731,613024056766929
874.0075,1099.3302,875.7598,1099.3302,613024056935522,613024098741043
823.5245,1140.5992,875.7598,1099.3302,613024098847554,613024131825939
845.9747,1076.4791,874.0075,1099.3302,613024132144064,613024167693699
800.90063,1147.3165,845.9747,1099.3302,613024168039949,613024202143022
797.8868,1099.6237,845.9747,1099.3302,613024202235210,613024237279116
789.71216,1132.2899,800.90063,1099.6237,613024237653595,613024270810262
764.2329,1065.1648,797.8868,1099.3302,613024270972866,613024307678387
804.1757,1135.9957,800.90063,1099.6237,613024307839949,613024344391460
739.92236,1067.986,797.8868,1099.3302,613024344522553,613024377863387
799.84143,1045.4752,799.84143,1099.3302,613024378121095,613024411277866
656.2302,1050.1776,797.8868,1067.986,613024411467449,613024446023439
427.35727,962.5052,797.8868,1050.1776,613024446220106,613024480680939
384.094,1053.7072,656.2302,1053.7072,613024480875262,613024521404949
368.7275,1051.7633,427.35727,1051.7633,613024521591043,613024554526095
348.4469,1063.6542,384.094,1053.7072,613024554703647,613024589163074
370.20877,1083.3905,370.20877,1053.7072,613024589312710,613024624196303
334.5678,1096.0525,370.20877,1063.6542,613024624354689,613024655200262
293.71686,1126.8038,370.20877,1083.3905,613024655409324,613024686150835
304.32678,1076.7572,334.5678,1076.7572,613024686558647,613024722370157
303.41544,1104.2825,304.32678,1083.3905,613024722563074,613024754906876
358.91486,1087.328,334.5678,1083.3905,613024755101199,613024803840105
342.9312,1056.7112,334.5678,1083.3905,613024803987293,613024836917710
323.5164,1071.1561,334.5678,1083.3905,613024837051980,613024871199793
329.76773,1029.627,334.5678,1071.1561,613024872064116,613024905639064
343.80737,1039.2289,334.5678,1071.1561,613024905757189,613024936886355
322.8768,1012.2434,334.5678,1039.2289,613024937067397,613024968405939
260.61365,1030.3085,334.5678,1039.2289,613024968502970,613025000640678
213.65129,1109.5774,322.8768,1039.2289,613025000714324,613025031262293
243.04955,1343.2513,260.61365,1039.2289,613025033440105,613025063715939
406.04916,1112.2056,322.8768,1109.5774,613025066332762,613025095472657
348.35306,982.7906,322.8768,1039.2289,613025101204949,613025134997136
309.55328,1320.3138,322.8768,1109.5774,613025135331043,613025167992449
330.44696,1588.6742,322.8768,1109.5774,613025168336772,613025201259272
421.9903,1464.2662,322.8768,1320.3138,613025211906928,613025246411668
432.60596,1255.395,330.44696,1255.395,613025246580991,613025305939897
416.06412,885.3244,416.06412,1255.395,613025306041824,613025338720366
439.11255,910.91437,416.06412,1255.395,613025338862761,613025371887345
353.2753,1006.7025,416.06412,1006.7025,613025372462084,613025401977605
368.7244,1021.86774,416.06412,1021.86774,613025402333647,613025437276407
485.9124,1020.3079,416.06412,1020.3079,613025437726616,613025468817188
535.67664,953.5447,416.06412,1020.3079,613025469817709,613025510353647
603.46313,998.42615,485.9124,1020.3079,613025511196824,613025543319845
619.7054,1010.07666,535.67664,1010.07666,613025543440522,613025575811876
603.21967,1044.825,603.21967,1020.3079,613025576358699,613025606298751
582.9243,958.1972,582.9243,1010.07666,613025606414636,613025639141876
595.59564,989.8646,595.59564,1010.07666,613025639262032,613025671434220
578.0796,969.8902,582.9243,989.8646,613025671557240,613025703823647
563.3372,1016.69196,582.9243,1010.07666,613025703960574,613025735870782
615.8973,1039.5061,582.9243,1010.07666,613025736070157,613025768569324
737.6012,1053.6415,582.9243,1016.69196,613025768755105,613025803062761
751.22833,1046.137,615.8973,1039.5061,613025803219532,613025834693647
778.2669,992.77106,737.6012,1016.69196,613025834860157,613025865614740
734.6315,996.3134,734.6315,1016.69196,613025866606563,613025897901563
776.2053,1025.4028,737.6012,1016.69196,613025900077553,613025931202032
796.7499,1077.3015,737.6012,1016.69196,613025931362449,613025967621095
777.754,1077.4642,776.2053,1025.4028,613025967789115,613026005400886
618.59186,1091.3673,737.6012,1077.3015,613026005503022,613026037440678
272.94928,1113.809,737.6012,1077.4642,613026037611876,613026073073751
327.98138,1054.5952,618.59186,1077.3015,613026097282865,613026132558334
323.0033,1066.7017,327.98138,1077.3015,613026134836355,613026167076199
313.17703,1082.6844,327.98138,1077.3015,613026167515626,613026200239688
312.60394,1086.591,323.0033,1077.3015,613026200406042,613026232241459
319.61102,1086.5981,319.61102,1082.6844,613026232732501,613026264862501
427.69864,1094.495,323.0033,1086.591,613026265022605,613026299765209
520.6093,1122.6492,323.0033,1086.5981,613026299947292,613026329827605
540.66516,1120.6853,427.69864,1094.495,613026332378438,613026364174688
562.35406,1121.6904,520.6093,1120.6853,613026364261876,613026396110365
566.2168,1093.5118,540.66516,1094.495,613026396776563,613026427558386
575.712,1118.5753,562.35406,1118.5753,613026429367396,613026458999219
546.7964,1119.7802,546.7964,1118.5753,613026462546823,613026493567501
509.25937,1148.7029,546.7964,1118.5753,613026495753646,613026532161094
571.0105,1109.0648,546.7964,1118.5753,613026532450938,613026591241823
546.6353,1109.5667,546.7964,1118.5753,613026591356094,613026621948334
713.4322,1134.4847,546.7964,1118.5753,613026622136719,613026655701928
1048.8857,1181.8401,546.7964,1118.5753,613026655879428,613026688620417
1052.9482,1217.4464,713.4322,1134.4847,613026688816615,613026719626980
1036.6318,1246.8755,1036.6318,1181.8401,613026719817344,613026761129271
1048.217,1299.5121,1036.6318,1217.4464,613026761271615,613026794114740
1066.2172,1259.9,1036.6318,1246.8755,613026794215469,613026828800053
1086.6765,1195.9642,1048.217,1217.4464,613026828998959,613026865973230
1053.005,1188.6161,1053.005,1217.4464,613026866127761,613026898921355
1048.052,1245.668,1048.217,1217.4464,613026899035000,613026931379584
1055.842,1221.9836,1053.005,1217.4464,613026932082344,613026976659063
1035.2002,1196.0927,1048.217,1217.4464,613026976778750,613027012080573
1055.9039,1254.3099,1053.005,1217.4464,613027012246927,613027045706563
1075.2363,1316.7949,1053.005,1217.4464,613027045848438,613027079293646
946.25793,1397.9827,1053.005,1254.3099,613027079401250,613027111649948
579.42316,748.1939,1053.005,1217.4464,613027111812084,613027143071250
239.2428,721.02124,946.25793,1217.4464,613027143156719,613027174812396
125.7088,814.30566,579.42316,814.30566,613027174906823,613027207120729
96.57582,1645.1132,239.2428,1217.4464,613027207223854,613027239675782
437.6168,1650.0447,437.6168,1217.4464,613027241017084,613027274879167
570.99854,1289.3354,437.6168,1289.3354,613027274989844,613027306478229
631.44745,1134.8478,437.6168,1217.4464,613027306613542,613027336874219
540.43524,945.0663,540.43524,1217.4464,613027337045365,613027368274531
505.6838,1067.6165,505.6838,1134.8478,613027368392084,613027397740000
503.72955,1047.5688,505.6838,1067.6165,613027397883386,613027429951459
531.08624,1107.5117,505.6838,1107.5117,613027431721667,613027462436667
548.74176,1042.4623,505.6838,1067.6165,613027463295573,613027502034167
514.7328,1056.7783,514.7328,1067.6165,613027502181302,613027533546511
527.4461,1090.0846,514.7328,1067.6165,613027534294375,613027565375156
490.0836,1122.9437,514.7328,1067.6165,613027566263698,613027606678073
511.2772,1055.2799,514.7328,1067.6165,613027606817604,613027639465104
492.88336,1085.0328,511.2772,1067.6165,613027639873333,613027669619011
461.6178,1105.4055,511.2772,1067.6165,613027669739167,613027703598750
463.28174,1138.8019,492.88336,1085.0328,613027703722136,613027736786615
430.1328,1141.133,463.28174,1105.4055,613027736957917,613027769058125
433.94263,1111.7589,463.28174,1111.7589,613027769193229,613027798975781
392.46512,1140.4193,433.94263,1111.7589,613027799114219,613027832300156
417.46982,1143.009,433.94263,1111.7589,613027832847917,613027862914010
638.9508,1047.5463,433.94263,1111.7589,613027863266563,613027897054010
678.9214,958.03436,433.94263,1111.7589,613027897188854,613027928833698
724.5955,969.6292,638.9508,1047.5463,613027930003333,613027962743333
728.2212,1021.2322,678.9214,1021.2322,613027962889219,613027996865156
714.7897,1010.88715,714.7897,1021.2322,613027997015729,613028028269115
748.9237,1011.043,714.7897,1021.2322,613028029963750,613028063805677
726.0245,948.9167,714.7897,1011.043,613028063965104,613028098090469
710.4044,874.03766,714.7897,1011.043,613028098233437,613028136972865
727.07434,883.82715,714.7897,948.9167,613028137070156,613028171719219
597.5474,850.65784,714.7897,883.82715,613028172920937,613028206855781
434.1928,942.9095,714.7897,942.9095,613028206989323,613028239502969
372.4717,1025.1472,597.5474,942.9095,613028239681458,613028272250000
367.17282,987.9138,434.1928,942.9095,613028272431562,613028304442083
393.1147,1076.6217,393.1147,987.9138,613028304613646,613028338899844
338.30627,1099.8407,393.1147,987.9138,613028339062864,613028372595573
350.5719,1045.9558,393.1147,1045.9558,613028372756302,613028406645573
400.12048,1033.0192,393.1147,1033.0192,613028406765364,613028441038073
357.49054,1073.589,393.1147,1045.9558,613028441138958,613028472918906
482.99777,861.6855,393.1147,1033.0192,613028473011041,613028507156250
475.06522,1123.17,393.1147,1045.9558,613028507276198,613028539852135
620.1868,1181.6477,475.06522,1045.9558,613028540065416,613028572565156
444.48468,1004.6823,444.48468,1045.9558,613028572713802,613028605853541
391.4701,1058.7853,444.48468,1045.9558,613028606039271,613028657439948
419.0514,1364.2222,444.48468,1045.9558,613028657588229,613028690889635
470.60748,1315.7384,444.48468,1058.7853,613028691081302,613028723720000
482.85812,1151.9756,444.48468,1151.9756,613028723995156,613028756791614
506.88324,941.1462,470.60748,1058.7853,613028757017656,613028791082864
488.27206,931.06006,482.85812,1058.7853,613028791174896,613028820659010
467.1817,856.93677,470.60748,941.1462,613028820854166,613028851198750
493.9324,812.0789,482.85812,931.06006,613028851396875,613028883340104
497.56885,892.2845,482.85812,892.2845,613028883513854,613028914637760
454.2072,953.847,482.85812,931.06006,613028914830989,613028948989531
434.36746,957.8973,482.85812,931.06006,613028949175729,613028983356770
499.45145,870.2989,482.85812,931.06006,613028983542291,613029013509479
524.8274,836.88257,482.85812,931.06006,613029013734948,613029045994323
570.1387,909.6745,499.45145,909.6745,613029046159948,613029078000468
587.14276,843.78204,524.8274,909.6745,613029078202604,613029109436145
606.12195,816.97,570.1387,909.6745,613029109560260,613029144525729
633.6654,816.9009,587.14276,843.78204,613029144693333,613029177266510
708.7022,1112.8771,606.12195,909.6745,613029177420937,613029208288229
717.6174,1089.3531,633.6654,909.6745,613029208387812,613029238062031
815.5845,1046.7703,708.7022,1046.7703,613029238211250,613029271160625
771.8336,1119.3217,717.6174,1046.7703,613029271291979,613029303404583
759.54425,1185.0284,759.54425,1046.7703,613029303520677,613029335176979
783.4366,1177.9987,759.54425,1119.3217,613029335693645,613029365799010
780.0672,1177.1318,759.54425,1177.1318,613029365914531,613029397680729
791.46765,1117.1134,780.0672,1119.3217,613029398039635,613029429746197
764.80695,1164.3115,764.80695,1164.3115,613029430580833,613029462760416
775.89276,1164.1173,775.89276,1164.1173,613029463926718,613029493848593
743.9256,1217.8312,764.80695,1164.3115,613029494611249,613029529112083
772.59106,1155.68,772.59106,1164.1173,613029530996197,613029567535885
754.61896,1212.9316,764.80695,1164.3115,613029567688437,613029602691510
764.57385,1241.6498,764.80695,1164.3115,613029602801926,613029633806614
792.81,1168.6941,764.80695,1168.6941,613029633997864,613029672082031
604.572,1100.8947,764.80695,1164.3115,613029672261510,613029707486249
517.4684,1145.9664,764.80695,1164.3115,613029707577604,613029740928072
425.53687,1151.2174,604.572,1151.2174,613029741034739,613029775669478
503.47614,1130.0011,517.4684,1151.2174,613029776066718,613029808272291
514.44696,1130.2948,514.44696,1151.2174,613029808573228,613029842259531
447.95145,1152.6082,514.44696,1151.2174,613029842425520,613029874405364
529.89886,1099.2675,514.44696,1151.2174,613029874517968,613029906670416
520.65216,1119.719,514.44696,1151.2174,613029906782395,613029942377291
509.631,1087.5591,514.44696,1119.719,613029942572603,613029974679010
473.61465,1176.4896,514.44696,1151.2174,613029974952603,613030006015208
531.55237,1123.81,514.44696,1123.81,613030006127864,613030048923333
620.2663,1059.3103,514.44696,1123.81,613030049022968,613030079154635
667.4418,1070.8622,531.55237,1123.81,613030079361093,613030110445885
612.9353,1149.4974,612.9353,1123.81,613030110647499,613030142652083
644.2965,1052.1234,612.9353,1123.81,613030142842447,613030174073645
625.74225,1082.0629,612.9353,1123.81,613030174187395,613030226757968
616.0924,1101.159,616.0924,1101.159,613030226876562,613030258443801
722.11395,1100.8048,616.0924,1101.159,613030258634687,613030288916562
600.7423,1168.6605,616.0924,1101.159,613030289095364,613030318067447
618.17413,1141.969,616.0924,1101.159,613030318265728,613030353971978
651.64966,1186.016,616.0924,1141.969,613030354083020,613030383715676
597.1274,1221.2605,616.0924,1141.969,613030383906301,613030416203072
817.7878,1297.8167,616.0924,1186.016,613030416408957,613030449729791
688.1636,761.0656,616.0924,1141.969,613030449911718,613030482200937
681.2445,1028.4386,681.2445,1141.969,613030482402707,613030517954530
697.2663,1466.2931,681.2445,1141.969,613030518185312,613030556517134
814.91595,1075.927,681.2445,1141.969,613030556632551,613030586914009
600.9409,1007.3673,681.2445,1141.969,613030587005937,613030623264478
566.2079,906.5714,681.2445,1075.927,613030623374582,613030660768905
593.64954,887.5006,600.9409,1007.3673,613030660947395,613030696509114
532.0178,929.27374,593.64954,929.27374,613030696707239,613030727649791
620.6961,941.7291,600.9409,941.7291,613030727847395,613030762518957
556.3569,1030.4817,593.64954,941.7291,613030762777239,613030798308228
641.4473,1002.5379,600.9409,941.7291,613030798504999,613030829389270
631.12994,970.89996,600.9409,970.89996,613030829595520,613030862830051
661.44977,959.3313,631.12994,959.3313,613030863040780,613030897677134
582.1535,1015.8305,600.9409,970.89996,613030897870207,613030931508697
645.6085,1076.636,631.12994,970.89996,613030931731613,613030963042863
662.8531,1018.22845,631.12994,1015.8305,613030963243384,613030996171093
678.41833,990.4649,645.6085,990.4649,613030996396093,613031032843332
603.22925,988.88135,631.12994,990.4649,613031032932499,613031062563176
684.2748,983.4936,645.6085,990.4649,613031062720103,613031093380103
718.5623,937.76904,645.6085,988.88135,613031093529374,613031131139790
604.15424,1055.2637,645.6085,990.4649,613031131318801,613031165315259
589.8502,1082.2657,645.6085,990.4649,613031165463645,613031196944009
580.99603,1088.4781,604.15424,1055.2637,613031197100363,613031227849738
633.2105,1050.3741,633.2105,1050.3741,613031228083280,613031257757967
674.3183,1065.3245,633.2105,1055.2637,613031257934686,613031291889790
628.2907,1042.3484,633.2105,1050.3741,613031292118072,613031324095936
605.3247,1074.7959,633.2105,1055.2637,613031324254895,613031356528488
622.75507,1049.1732,628.2907,1050.3741,613031356722707,613031387553853
664.1326,1040.6722,633.2105,1050.3741,613031387655884,613031420853020
630.5034,1053.7927,630.5034,1050.3741,613031420972186,613031459967030
666.0221,1098.9268,633.2105,1050.3741,613031460185676,613031494992499
629.2037,1101.3147,630.5034,1053.7927,613031495189165,613031527944999
676.8034,1105.2029,633.2105,1098.9268,613031528194790,613031559883644
624.57495,1112.0214,630.5034,1101.3147,613031560699374,613031591133853
636.05676,1169.0255,633.2105,1105.2029,613031591319061,613031621995103
661.5494,1125.0333,633.2105,1112.0214,613031622340155,613031653540936
637.21594,1212.2158,636.05676,1125.0333,613031653644374,613031691642707
671.9676,1203.1877,637.21594,1125.0333,613031691747759,613031720963957
660.8689,1185.6237,637.21594,1185.6237,613031721075884,613031750889530
652.1782,1107.7517,652.1782,1125.0333,613031751244321,613031783615363
621.99365,1240.4285,637.21594,1185.6237,613031783783176,613031814930415
670.0898,1161.6188,652.1782,1161.6188,613031815124999,613031846369894
666.232,1138.6115,652.1782,1161.6188,613031846464321,613031876774686
609.73956,1093.3297,652.1782,1161.6188,613031876956040,613031913447082
573.58093,1133.2604,652.1782,1138.6115,613031913583019,613031945967498
693.2242,1044.381,652.1782,1133.2604,613031946082186,613031981519738
683.4096,1007.866,652.1782,1133.2604,613031981633644,613032013549217
680.1742,997.9069,680.1742,1044.381,613032013734946,613032044586040
692.4308,1039.8083,680.1742,1039.8083,613032045166092,613032077643801
707.7476,1047.6526,680.1742,1044.381,613032077800467,613032110934009
674.12915,1074.7401,680.1742,1044.381,613032111117863,613032144441665
672.673,1096.7296,680.1742,1047.6526,613032144605050,613032174387915
719.72266,1128.8842,680.1742,1074.7401,613032174561092,613032209397863
698.0373,1133.353,680.1742,1096.7296,613032209486405,613032243345363
678.8275,1208.5352,680.1742,1128.8842,613032243534738,613032274272342
697.1825,1205.8973,680.1742,1133.353,613032274398748,613032306375832
701.99146,1158.9725,680.1742,1158.9725,613032306558696,613032338710936
725.69305,1176.5377,697.1825,1158.9725,613032339548436,613032373646405
690.5806,1214.0524,690.5806,1158.9725,613032373776613,613032406723748
736.0908,1197.2429,697.1825,1176.5377,613032406818696,613032439123071
764.41693,1173.4803,697.1825,1173.4803,613032439920936,613032472891821
655.376,1208.3649,697.1825,1176.5377,613032473341925,613032503026613
686.54645,1256.577,697.1825,1176.5377,613032503591457,613032534199269
742.8753,1211.0725,697.1825,1208.3649,613032534821457,613032565454894
730.62103,1252.631,697.1825,1211.0725,613032572892602,613032603355050
735.2362,1201.6027,730.62103,1208.3649,613032604038332,613032637714061
745.0769,1256.9836,730.62103,1211.0725,613032638252082,613032668793279
735.2058,1260.7811,735.2058,1211.0725,613032668869113,613032700922863
726.0138,1262.4629,730.62103,1256.9836,613032702102498,613032730654998
744.19696,1267.0427,735.2058,1260.7811,613032732085779,613032765222602
723.83936,1292.1703,730.62103,1262.4629,613032767430050,613032796817446
723.48267,1256.8247,730.62103,1260.7811,613032797386977,613032837052446
792.3892,1279.9281,730.62103,1262.4629,613032837207863,613032870990206
714.9835,1334.6864,730.62103,1262.4629,613032871192186,613032906239269
798.3273,1327.0007,730.62103,1279.9281,613032906360571,613032938475206
789.36053,1369.6631,730.62103,1327.0007,613032938805415,613032974104269
729.58246,1390.2379,730.62103,1327.0007,613032974304634,613033009056196
714.53595,1385.4138,730.62103,1369.6631,613033009231144,613033043582654
718.639,1394.4221,729.58246,1385.4138,613033043737446,613033079481144
798.9266,1379.0154,730.62103,1379.0154,613033079655831,613033112337342
732.69354,1367.0984,730.62103,1379.0154,613033112525936,613033143474998
752.4764,1399.8779,732.69354,1379.0154,613033143593227,613033175032446
738.5936,1373.8512,732.69354,1379.0154,613033175123852,613033206717029
787.2719,1360.9114,738.5936,1379.0154,613033206799477,613033239262290
773.7857,1337.433,738.5936,1373.8512,613033240151456,613033270651613
792.57635,1378.0217,773.7857,1378.0217,613033271229008,613033302993123
767.28925,1380.6804,767.28925,1378.0217,613033303205727,613033336113071
786.5629,1391.9534,773.7857,1378.0217,613033336268800,613033367496977
738.69214,1483.5741,767.28925,1380.6804,613033367580310,613033400808904
745.8505,1471.4517,767.28925,1391.9534,613033402396144,613033435855415
800.83887,1461.4324,767.28925,1461.4324,613033436593071,613033470175831
714.37573,1528.5118,767.28925,1461.4324,613033470340779,613033500246144
723.6316,1574.5981,767.28925,1461.4324,613033501318123,613033534801144
835.05676,1481.8429,767.28925,1481.8429,613033534896040,613033565911717
799.9183,1507.1129,767.28925,1481.8429,613033566003644,613033596483904
786.8981,1568.395,786.8981,1481.8429,613033597248019,613033627519998
786.8639,1559.5681,786.8639,1507.1129,613033632451873,613033663934060
806.65594,1495.745,786.8981,1495.745,613033665591977,613033701110154
790.68506,1529.0332,786.8981,1507.1129,613033701213227,613033759224789
789.87274,1461.4431,789.87274,1495.745,613033759337029,613033795105987
816.1738,1524.7323,789.87274,1507.1129,613033795214581,613033832387967
864.9523,1460.1128,789.87274,1495.745,613033832481456,613033864360675
868.0448,1485.1603,816.1738,1495.745,613033865189373,613033895743852
850.1043,1551.7285,850.1043,1495.745,613033896874789,613033927880935
833.1732,1575.0471,833.1732,1495.745,613033931043331,613033960497810
845.93304,1593.121,845.93304,1551.7285,613033962868435,613033993587341
832.6248,1564.6519,833.1732,1564.6519,613034001310258,613034039633956
871.4848,1539.642,845.93304,1551.7285,613034040188696,613034069665414
868.99176,1571.8577,845.93304,1564.6519,613034070254633,613034103136716
884.7539,1588.9286,868.99176,1564.6519,613034104610206,613034137583071
883.75946,1552.2682,868.99176,1564.6519,613034137757654,613034167885675
840.40704,1607.1259,868.99176,1564.6519,613034168099789,613034197595414
862.46204,1625.5992,868.99176,1564.6519,613034197698175,613034227999633
841.51697,1590.0219,862.46204,1590.0219,613034230780831,613034261952862
839.9146,1597.8798,862.46204,1590.0219,613034262755987,613034294276821
866.3263,1623.5175,862.46204,1590.0219,613034295997081,613034329698539
823.6264,1669.578,862.46204,1597.8798,613034330207810,613034358824581
867.4537,1575.4723,862.46204,1590.0219,613034364785414,613034395084373
899.5659,1633.4996,862.46204,1597.8798,613034398903748,613034433984633
885.7595,1642.8309,867.4537,1597.8798,613034434879268,613034466570154
886.7654,1603.8955,885.7595,1603.8955,613034466679164,613034498908018
886.5575,1634.2906,885.7595,1603.8955,613034499266612,613034558026091
876.13794,1654.5717,885.7595,1603.8955,613034558136977,613034589701612
890.2278,1614.0046,885.7595,1614.0046,613034589802029,613034621617758
867.0498,1661.941,885.7595,1614.0046,613034621815102,613034657308852
860.7075,1674.0052,885.7595,1614.0046,613034657400570,613034687409841
881.3719,1705.706,881.3719,1661.941,613034687605050,613034719204008
888.7143,1642.67,885.7595,1642.67,613034719400362,613034763949997
904.02576,1574.8689,885.7595,1642.67,613034764075102,613034796556612
847.5892,1663.0654,885.7595,1642.67,613034796666456,613034828598852
907.48206,1663.2682,885.7595,1642.67,613034828770258,613034860271352
886.5668,1679.8542,885.7595,1663.0654,613034860473487,613034895872133
887.84546,1660.6836,886.5668,1660.6836,613034895976508,613034928513227
894.1083,1673.277,886.5668,1663.0654,613034928688279,613034961840935
912.1048,1649.2028,887.84546,1660.6836,613034962060518,613034993935362
906.8963,1692.7504,894.1083,1663.0654,613034994118487,613035025197289
864.692,1695.3278,887.84546,1663.0654,613035025430206,613035063005726
881.2375,1710.8575,887.84546,1692.7504,613035063157237,613035096718070
885.7015,1712.6799,885.7015,1695.3278,613035096817289,613035127608435
901.64307,1695.6334,887.84546,1695.6334,613035127715935,613035158039633
907.43176,1743.0778,887.84546,1695.6334,613035158153956,613035190462289
891.0459,1728.5531,891.0459,1695.6334,613035190589216,613035227769372
907.0279,1685.5803,891.0459,1695.6334,613035227871560,613035259802185
930.445,1677.6129,891.0459,1695.6334,613035259895778,613035290777862
904.8121,1718.4773,904.8121,1695.6334,613035290878539,613035325002758
923.2774,1676.2017,904.8121,1695.6334,613035325223174,613035360502758
915.7373,1728.1129,904.8121,1695.6334,613035360608122,613035392521351
916.3178,1682.3042,915.7373,1695.6334,613035392720258,613035426644945
906.81134,1732.5159,906.81134,1695.6334,613035426847966,613035460378018
889.6966,1745.7609,906.81134,1695.6334,613035460471716,613035492180310
918.15466,1699.4198,906.81134,1699.4198,613035492390414,613035525333226
881.85736,1819.6309,906.81134,1699.4198,613035525505362,613035559947028
893.93243,1746.1077,906.81134,1699.4198,613035560247549,613035592174841
891.22626,1787.0156,893.93243,1746.1077,613035592295466,613035623323851
891.58264,1748.0559,893.93243,1746.1077,613035623410205,613035652640257
914.3278,1772.0115,893.93243,1748.0559,613035652842289,613035682910257
894.48724,1784.9429,893.93243,1748.0559,613035683078851,613035717311039
881.8207,1811.2382,893.93243,1772.0115,613035717436872,613035746087862
910.4641,1838.7799,893.93243,1784.9429,613035746185518,613035777450205
925.08875,1823.3251,893.93243,1811.2382,613035777558070,613035814371143
925.0802,1814.8287,910.4641,1814.8287,613035814548643,613035845078695
938.406,1798.3208,925.0802,1811.2382,613035845183434,613035877835726
913.92865,1831.0234,913.92865,1814.8287,613035877942445,613035910489372
932.11365,1803.251,925.0802,1811.2382,613035910586768,613035940751872
941.8925,1795.3529,925.0802,1811.2382,613035940928487,613035973264424
915.3698,1801.3507,925.0802,1803.251,613035973458487,613036007505518
918.79865,1843.643,925.0802,1811.2382,613036007600049,613036040492132
951.7703,1883.9573,925.0802,1811.2382,613036040602497,613036073788643
921.8332,1855.5034,925.0802,1843.643,613036073907809,613036109643799
920.93,1906.6482,925.0802,1855.5034,613036109813903,613036145675778
929.5281,1868.7118,925.0802,1855.5034,613036146131091,613036177379945
934.9706,1863.9354,925.0802,1863.9354,613036177875414,613036211772341
950.54645,1816.5223,929.5281,1855.5034,613036211874632,613036261577236
963.6,1872.4325,934.9706,1863.9354,613036261685257,613036294937913
972.5728,1871.0078,950.54645,1863.9354,613036295032288,613036329736507
963.8983,1852.4614,963.6,1863.9354,613036330527288,613036361267236
968.17645,1843.6373,963.8983,1863.9354,613036361356663,613036391512757
946.4185,1845.8298,963.6,1852.4614,613036395024580,613036424557393
931.7527,1939.0879,963.6,1863.9354,613036427056247,613036455805778
990.57635,1856.0245,963.6,1856.0245,613036460572601,613036490022497
971.0585,1865.7611,963.6,1863.9354,613036497458486,613036532452549
968.94684,1876.9122,968.94684,1863.9354,613036533573590,613036566625726
979.0466,1866.7717,968.94684,1865.7611,613036566787132,613036599810257
984.17065,1882.4807,968.94684,1866.7717,613036600612653,613036657345101
984.5999,1861.1184,979.0466,1865.7611,613036657438330,613036691377132
984.5492,1889.007,984.17065,1866.7717,613036691489372,613036722504528
1001.6009,1895.2676,984.5492,1866.7717,613036722702028,613036753688695
994.67554,1889.5326,984.5492,1889.007,613036753913955,613036785088747
1016.2296,1871.7754,994.67554,1871.7754,613036785270309,613036814335309
996.58185,1881.3004,994.67554,1881.3004,613036814501611,613036844613851
982.56335,1871.6407,994.67554,1871.7754,613036844732497,613036876089892
941.72107,1933.3472,994.67554,1881.3004,613036876174111,613036909151038
942.8933,1909.8066,982.56335,1881.3004,613036909251299,613036942863538
993.1823,1830.1989,993.1823,1881.3004,613036942956351,613036978151299
942.02625,1915.8695,982.56335,1881.3004,613036978307184,613037011490257
1008.7088,1850.4491,993.1823,1881.3004,613037011596976,613037044078694
954.5965,1955.5701,982.56335,1881.3004,613037044182340,613037077382497
939.0182,1947.3853,982.56335,1881.3004,613037077474684,613037108558955
967.88416,1924.3918,967.88416,1924.3918,613037108687236,613037144566767
969.6716,1889.3604,969.6716,1889.3604,613037144721715,613037173882861
958.2113,1924.3982,967.88416,1924.3918,613037173995205,613037205669319
983.69257,1934.8525,969.6716,1924.3918,613037205783017,613037237309371
982.37634,1899.3853,969.6716,1924.3918,613037237385674,613037271307861
983.39636,1898.892,982.37634,1924.3918,613037271463174,613037302939996
970.1794,1915.2875,970.1794,1915.2875,613037303096871,613037333779892
954.405,1971.6512,970.1794,1924.3918,613037333877080,613037362689684
941.586,1969.377,970.1794,1924.3918,613037362798121,613037396225465
970.5243,1904.6914,970.1794,1924.3918,613037396556507,613037429359736
951.1692,1975.6898,970.1794,1924.3918,613037430817392,613037462183382
958.0426,1974.5852,970.1794,1924.3918,613037463383121,613037493541559
943.2577,1980.9683,958.0426,1974.5852,613037494538955,613037524862028
975.5177,1958.4717,970.1794,1958.4717,613037525963069,613037587784059
971.6297,1963.2986,970.1794,1963.2986,613037587886455,613037626484215
949.1068,1950.7415,970.1794,1958.4717,613037626600309,613037664173121
984.069,1973.6603,970.1794,1963.2986,613037664335882,613037694933903
969.8065,1973.8003,970.1794,1963.2986,613037697032184,613037726504215
978.9261,1977.0488,970.1794,1973.6603,613037727105621,613037755415048
983.1513,1983.8525,970.1794,1973.8003,613037760743538,613037793537392
981.7707,1945.765,978.9261,1973.6603,613037796574684,613037828273069
959.59204,1983.0632,970.1794,1973.8003,613037830268902,613037863866298
954.752,1963.6577,970.1794,1973.6603,613037864089632,613037894960673
983.38116,1947.5251,970.1794,1973.6603,613037895134996,613037929265205
953.183,1987.19,970.1794,1973.6603,613037931093902,613037961282913
976.7957,1931.5592,970.1794,1973.6603,613037962595517,613037993687444
978.76074,1928.2623,970.1794,1973.6603,613037993793538,613038029067288
963.37134,1987.1946,970.1794,1973.6603,613038029161038,613038071601298
980.5811,1952.2744,970.1794,1973.6603,613038071682236,613038105475673
948.255,1989.8875,970.1794,1973.6603,613038106511559,613038138161454
1006.867,1897.1057,970.1794,1973.6603,613038138250673,613038172321767
1002.7099,1928.818,970.1794,1973.6603,613038172419215,613038205712757
959.5205,1935.1917,970.1794,1935.1917,613038206050413,613038241902861
972.90173,1950.1163,970.1794,1950.1163,613038242185725,613038274087131
955.0599,1918.7162,970.1794,1935.1917,613038274184371,613038315666611
970.4486,1934.0836,970.1794,1935.1917,613038315772600,613038351281819
980.95984,1908.6309,970.1794,1934.0836,613038351425777,613038384857548
952.1423,1943.6954,970.1794,1935.1917,613038384960725,613038415780829
996.97327,1893.5338,970.1794,1934.0836,613038416146611,613038450305361
968.0221,1935.9675,970.1794,1935.1917,613038450495100,613038484706142
969.614,1947.5576,970.1794,1935.1917,613038484877861,613038518874996
963.00885,1951.1361,969.614,1935.9675,613038519048433,613038551260673
976.4098,1905.167,970.1794,1935.1917,613038551433954,613038584775673
978.2415,1904.9213,970.1794,1935.1917,613038584873694,613038614502808
985.2686,1907.2255,976.4098,1907.2255,613038614692496,613038645430100
990.2071,1913.3662,978.2415,1913.3662,613038645637340,613038678323173
988.93475,1873.1926,985.2686,1907.2255,613038678478225,613038710167392
978.23303,1891.8759,978.2415,1907.2255,613038710348902,613038742368902
985.3109,1916.0527,985.2686,1907.2255,613038742543538,613038774011975
985.5985,1866.7794,985.2686,1907.2255,613038774120673,613038806496090
997.2509,1843.4948,985.3109,1907.2255,613038806600152,613038839924163
997.0942,1839.3229,985.5985,1866.7794,613038840088485,613038874513173
993.64014,1821.6854,993.64014,1843.4948,613038874625204,613038908308381
970.9742,1869.1001,985.5985,1866.7794,613038908473173,613038942961246
1000.22253,1825.824,993.64014,1843.4948,613038943142652,613038977312444
977.76746,1819.7633,985.5985,1843.4948,613038977505985,613039011360360
976.6837,1818.945,985.5985,1825.824,613039011525985,613039045396090
997.0479,1865.2817,985.5985,1843.4948,613039045505829,613039077417183
987.4956,1820.1768,985.5985,1825.824,613039077597912,613039107837079
1007.0441,1820.955,987.4956,1825.824,613039107962496,613039143397235
987.7401,1812.8391,987.4956,1820.955,613039143542287,613039177387339
1001.6131,1863.0752,987.7401,1825.824,613039177580933,613039209780725
980.66705,1815.473,987.4956,1820.955,613039211264527,613039243238381
980.7757,1785.2552,987.4956,1820.955,613039243429058,613039274884058
960.0348,1840.1818,980.7757,1820.955,613039275068902,613039308573694
960.87915,1830.5253,980.7757,1820.955,613039308758381,613039345941089
968.55804,1790.6935,968.55804,1820.955,613039346190516,613039377059735
981.7779,1810.2715,980.7757,1820.955,613039377237860,613039410917600
941.77625,1772.9806,968.55804,1810.2715,613039411086975,613039442785204
997.60236,1736.2643,980.7757,1810.2715,613039442942652,613039478977079
976.26483,1757.9679,976.26483,1772.9806,613039479158485,613039509725777
1000.056,1763.6244,980.7757,1763.6244,613039512506714,613039544259162
999.64276,1803.1628,980.7757,1772.9806,613039544370256,613039574426662
1013.7034,1766.0173,999.64276,1766.0173,613039574606818,613039606348068
994.2677,1797.1576,994.2677,1772.9806,613039606505204,613039637242027
1012.53326,1762.1848,999.64276,1766.0173,613039637334006,613039669246662
989.3942,1806.448,994.2677,1772.9806,613039669395829,613039701698746
1007.8349,1780.5995,999.64276,1772.9806,613039701792808,613039733989006
1004.4811,1771.592,999.64276,1772.9806,613039734079162,613039767768173
1017.4577,1779.4005,1004.4811,1772.9806,613039767887860,613039797921558
1020.94495,1762.2649,1004.4811,1772.9806,613039798350673,613039832941454
1044.2803,1762.4819,1017.4577,1772.9806,613039833047704,613039867030881
999.94116,1795.7749,1004.4811,1772.9806,613039867146245,613039904829735
1013.3523,1783.36,1013.3523,1772.9806,613039904913277,613039967995412
1008.026,1745.2058,1008.026,1772.9806,613039968149475,613039999860985
1039.4509,1751.5946,1013.3523,1772.9806,613040000321037,613040038371506
1027.8281,1779.2032,1013.3523,1772.9806,613040038488016,613040069345829
1026.3671,1753.0226,1026.3671,1772.9806,613040069433902,613040104759527
1019.1127,1767.5751,1019.1127,1772.9806,613040104882964,613040136633954
1005.07404,1781.3138,1019.1127,1772.9806,613040136715256,613040167358381
1025.1255,1828.2588,1019.1127,1772.9806,613040167456141,613040199129422
998.832,1790.6808,1019.1127,1781.3138,613040199236350,613040231725464
1013.0698,1765.6503,1019.1127,1772.9806,613040231843849,613040263161297
1011.8786,1761.0315,1013.0698,1772.9806,613040263302183,613040297336349
997.2544,1800.5485,1013.0698,1772.9806,613040298270829,613040332158849
1002.7596,1761.9241,1011.8786,1772.9806,613040332271297,613040367380152
1000.79865,1750.2542,1002.7596,1772.9806,613040368619266,613040402027183
1008.9429,1771.7037,1008.9429,1771.7037,613040402119266,613040432878016
1010.34406,1731.4915,1008.9429,1771.7037,613040433004422,613040469234683
997.873,1758.4844,1008.9429,1771.7037,613040469328224,613040502582704
1002.47363,1756.8867,1008.9429,1758.4844,613040502691922,613040536234631
990.0069,1737.6775,1002.47363,1758.4844,613040536320829,613040566989526
1016.72864,1732.5242,1008.9429,1756.8867,613040567086558,613040600161037
1027.0826,1743.6891,1008.9429,1743.6891,613040600278016,613040634498172
1012.92316,1686.9946,1012.92316,1743.6891,613040634608693,613040677733901
1010.11975,1697.7482,1010.11975,1743.6891,613040677925256,613040712956193
1018.92236,1665.2885,1012.92316,1697.7482,613040713159578,613040744423693
1013.0655,1658.2181,1012.92316,1697.7482,613040744649318,613040775067235
971.19727,1686.6237,1012.92316,1686.6237,613040775236141,613040806777078
974.55164,1634.7653,1012.92316,1686.6237,613040806909058,613040840992443
996.5883,1631.6051,996.5883,1686.6237,613040841181922,613040871884474
977.0892,1611.5352,996.5883,1634.7653,613040873034058,613040920184110
966.9105,1623.6813,996.5883,1631.6051,613040920303641,613040950121349
943.6719,1604.5848,977.0892,1623.6813,613040950214526,613040982248172
987.5929,1604.1273,987.5929,1623.6813,613040982427651,613041016781089
988.52155,1635.0642,987.5929,1623.6813,613041016959474,613041046675516
986.4635,1589.7306,987.5929,1623.6813,613041046808172,613041082529735
979.9458,1632.4021,987.5929,1623.6813,613041082653589,613041118906297
1002.6797,1628.8768,987.5929,1623.6813,613041119854839,613041150801766
980.8256,1622.7659,987.5929,1623.6813,613041150903537,613041183896766
972.99835,1653.4517,987.5929,1623.6813,613041184096245,613041217102912
966.6246,1640.6287,980.8256,1623.6813,613041217213485,613041248345099
988.7638,1584.3406,987.5929,1623.6813,613041248432547,613041280485620
965.7644,1619.3777,980.8256,1623.6813,613041280664995,613041313829422
945.13794,1634.2472,980.8256,1623.6813,613041314007287,613041344829526
975.1246,1586.8978,975.1246,1623.6813,613041345004214,613041377507287
978.10187,1584.4943,978.10187,1623.6813,613041377689162,613041425666662
1000.25653,1554.9125,978.10187,1586.8978,613041425754630,613041458144422
998.7405,1602.1461,978.10187,1602.1461,613041459596245,613041492055307
958.38257,1646.693,978.10187,1602.1461,613041493447182,613041526727547
972.12195,1586.709,978.10187,1602.1461,613041526886922,613041558806818
949.11523,1623.6947,972.12195,1602.1461,613041558898901,613041591421661
980.5938,1617.4172,978.10187,1602.1461,613041591515047,613041625789318
978.3536,1606.8625,978.10187,1606.8625,613041625886974,613041659056766
985.70233,1592.3041,978.3536,1602.1461,613041659491557,613041692139005
975.8703,1541.2275,978.10187,1602.1461,613041693541818,613041726843849
1004.29083,1529.7723,978.3536,1592.3041,613041727799161,613041758580255
1002.69324,1499.1971,978.3536,1541.2275,613041758709370,613041790592338
970.63934,1521.2853,978.3536,1529.7723,613041791805672,613041824712911
956.4647,1497.0881,978.3536,1521.2853,613041826116818,613041888208016
964.8604,1451.8892,970.63934,1521.2853,613041889255203,613041924296713
954.94165,1421.5886,964.8604,1497.0881,613041924410203,613041959594734
988.48224,1425.5057,970.63934,1451.8892,613041970799526,613042013827338
976.3068,1421.3658,970.63934,1425.5057,613042013975151,613042049601088
960.1435,1419.9031,970.63934,1425.5057,613042049694995,613042082037078
974.74945,1453.757,970.63934,1425.5057,613042082142443,613042113373536
956.38055,1440.234,970.63934,1425.5057,613042113860776,613042143839526
980.39014,1406.1027,970.63934,1425.5057,613042144126609,613042176557026
978.5678,1376.3206,970.63934,1425.5057,613042176744526,613042209208276
960.54834,1368.6179,970.63934,1406.1027,613042209336870,613042240825932
937.0345,1352.7686,970.63934,1376.3206,613042241025932,613042276520828
928.5287,1389.5192,960.54834,1389.5192,613042276698588,613042308139265
933.8243,1322.0637,937.0345,1376.3206,613042308311401,613042340106245
978.89636,1298.5059,960.54834,1376.3206,613042340284109,613042373496140
924.82654,1373.0042,937.0345,1373.0042,613042373699786,613042407805567
944.7755,1358.1744,944.7755,1373.0042,613042407917963,613042438061349
931.96436,1314.2938,937.0345,1373.0042,613042438166297,613042470647286
946.62213,1329.7489,944.7755,1358.1744,613042470829942,613042503636922
931.1736,1328.1467,937.0345,1329.7489,613042503824369,613042535847911
956.0662,1283.3923,944.7755,1329.7489,613042536544005,613042570171036
946.93036,1271.0294,944.7755,1328.1467,613042570268224,613042611188901
964.99854,1227.2468,946.93036,1283.3923,613042611289265,613042645373015
927.534,1269.5054,944.7755,1271.0294,613042645489369,613042681925776
962.35736,1290.8229,946.93036,1283.3923,613042682081713,613042730836349
955.572,1289.2288,946.93036,1283.3923,613042730930463,613042766684005
943.1234,1289.7924,946.93036,1289.2288,613042766800359,613042800362182
930.21936,1316.6758,946.93036,1289.2288,613042800551036,613042834254421
915.06445,1328.5526,943.1234,1289.7924,613042834407963,613042880365567
944.7277,1272.7902,944.7277,1289.2288,613042880472390,613042909611348
961.44586,1263.7739,944.7277,1289.2288,613042909823588,613042942009994
965.5479,1246.8658,944.7277,1272.7902,613042942195203,613042974862651
957.5461,1265.7672,957.5461,1265.7672,613042975035359,613043025666244
936.75085,1273.0312,944.7277,1272.7902,613043025837859,613043065980723
963.773,1202.698,957.5461,1265.7672,613043066127598,613043100562025
946.1329,1193.9453,946.1329,1265.7672,613043101267078,613043135247078
952.072,1248.6368,952.072,1248.6368,613043135433796,613043169125203
954.4301,1235.752,952.072,1248.6368,613043169286505,613043205413796
945.7912,1248.3767,952.072,1248.6368,613043205598744,613043238088692
946.94806,1173.1901,952.072,1248.3767,613043238243067,613043272720098
905.3345,1195.2703,946.94806,1248.3767,613043272915932,613043305117650
908.79944,1210.1603,946.94806,1210.1603,613043305231505,613043334090723
921.3382,1186.7579,921.3382,1210.1603,613043334294473,613043369888171
910.8423,1108.7363,921.3382,1210.1603,613043369983900,613043402290202
904.1974,1108.6144,921.3382,1186.7579,613043402392390,613043442368067
903.4864,1042.459,910.8423,1108.7363,613043442473848,613043473305098
903.6481,1072.1399,904.1974,1108.6144,613043473495827,613043503650254
928.3452,994.6692,910.8423,1072.1399,613043503827807,613043535381036
917.1562,1044.4316,910.8423,1072.1399,613043535540671,613043570375984
919.95013,1035.7881,917.1562,1044.4316,613043570535254,613043603738119
927.4544,971.32837,917.1562,1044.4316,613043603879473,613043639953223
872.319,972.68585,917.1562,1035.7881,613043640180515,613043670993900
905.05975,904.2443,917.1562,972.68585,613043671164161,613043704394681
919.63605,1002.05255,917.1562,1002.05255,613043704555619,613043735674681
929.63245,998.19684,917.1562,998.19684,613043735844994,613043769772390
917.75287,991.6458,917.75287,998.19684,613043769937702,613043803469681
928.16296,981.9812,917.75287,998.19684,613043804346556,613043840840202
926.3304,949.7997,917.75287,991.6458,613043840954109,613043871628379
916.54584,954.8057,917.75287,981.9812,613043871835098,613043906245619
913.2948,945.20935,917.75287,954.8057,613043906376296,613043937116608
901.3573,931.80664,916.54584,954.8057,613043937302858,613043974943952
925.0876,990.07294,917.75287,954.8057,613043975104629,613044006933796
881.08344,911.9406,916.54584,954.8057,613044007136817,613044040290723
865.4835,918.11743,916.54584,954.8057,613044040485306,613044070321088
882.99493,962.80035,882.99493,954.8057,613044070502858,613044102072963
867.7184,935.9791,882.99493,954.8057,613044102217754,613044133938952
863.5548,972.0117,882.99493,954.8057,613044134066869,613044166805150
886.77905,978.5569,882.99493,954.8057,613044167063327,613044199088640
906.73486,919.1679,882.99493,954.8057,613044199938588,613044234187702
899.6918,965.3476,886.77905,954.8057,613044234286400,613044271202650
899.41376,971.72784,899.41376,954.8057,613044271345410,613044314242025
903.061,924.4241,899.41376,954.8057,613044314538015,613044348343483
866.29504,852.74805,899.41376,954.8057,613044349223640,613044381802025
865.41516,816.4525,899.41376,924.4241,613044381977285,613044414327442
874.6406,861.042,874.6406,861.042,613044414518379,613044446453275
826.813,783.84454,874.6406,861.042,613044446590150,613044477229525
846.3009,823.94366,874.6406,861.042,613044477344056,613044511168327
861.4468,746.507,861.4468,823.94366,613044511251608,613044540372390
888.75195,772.3214,874.6406,823.94366,613044540572025,613044573623067
872.3591,755.1921,872.3591,772.3214,613044573842077,613044605710619
874.31287,800.629,874.31287,800.629,613044605891192,613044638330983
846.03455,814.96094,872.3591,800.629,613044638528067,613044669446556
889.1849,821.38086,874.31287,800.629,613044669592025,613044701231348
869.65265,740.92865,872.3591,800.629,613044701391817,613044746538483
872.42786,720.48016,872.42786,800.629,613044746646452,613044779690046
865.6853,674.35114,872.3591,740.92865,613044779858379,613044815348952
812.43256,705.9281,872.3591,720.48016,613044815537962,613044848782858
806.0028,724.3163,865.6853,724.3163,613044848986139,613044881494889
820.9714,740.2346,820.9714,724.3163,613044881680462,613044918361973
818.858,706.33276,820.9714,724.3163,613044918536035,613044951744785
822.0669,717.6786,820.9714,724.3163,613044951932962,613044983489316
835.39484,671.905,820.9714,717.6786,613044983580410,613045015062181
822.75183,650.01965,822.0669,717.6786,613045015146921,613045049099160
811.77386,675.29236,820.9714,675.29236,613045049220879,613045080391400
814.0461,578.0485,820.9714,675.29236,613045080495462,613045110269577
757.46216,454.8734,814.0461,675.29236,613045110389004,613045139663900
795.55084,502.05496,814.0461,578.0485,613045139821556,613045173416035
820.633,486.3502,814.0461,502.05496,613045173613066,613045206100410
792.2742,530.70044,814.0461,530.70044,613045206242754,613045238089473
803.0729,446.89804,814.0461,502.05496,613045238204160,613045272621764
803.3408,496.7485,803.3408,502.05496,613045272804264,613045304547493
801.10596,510.90695,803.3408,502.05496,613045304665202,613045334830358
836.5548,452.605,803.3408,502.05496,613045334945931,613045369914785
796.8981,422.57654,803.3408,502.05496,613045370026973,613045401976712
757.02185,435.7028,803.3408,452.605,613045402175254,613045436245150
784.30597,434.8395,796.8981,435.7028,613045436439264,613045469834368
771.6125,427.89087,784.30597,435.7028,613045469979941,613045502481972
781.4275,399.37305,784.30597,434.8395,613045502671712,613045537442650
821.13184,457.56265,784.30597,435.7028,613045537618327,613045569823952
811.14264,436.4562,784.30597,435.7028,613045569989629,613045604042441
771.8232,435.20807,784.30597,435.7028,613045604205306,613045638191920
827.395,408.2235,784.30597,435.7028,613045638377754,613045672411816
778.5527,421.4675,784.30597,435.20807,613045672527858,613045704224681
770.9676,394.42795,784.30597,421.4675,613045704415462,613045736985097
767.3834,402.21442,778.5527,421.4675,613045737178535,613045770636920
787.2501,418.60184,784.30597,418.60184,613045770767962,613045804914264
760.68085,432.89954,778.5527,421.4675,613045805046452,613045836306972
751.0086,372.23477,778.5527,418.60184,613045836411452,613045871945827
759.5345,359.46558,760.68085,418.60184,613045872126295,613045903360879
740.3564,387.17532,759.5345,387.17532,613045903536868,613045934583743
749.03326,358.19238,759.5345,387.17532,613045934759368,613045968244889
757.2657,369.49268,757.2657,387.17532,613045968386191,613046007801347
745.7527,393.27277,757.2657,387.17532,613046007971712,613046042574212
750.11005,369.88562,757.2657,387.17532,613046042673483,613046079078274
762.3286,350.48132,757.2657,387.17532,613046079282806,613046119973847
731.17377,351.51178,757.2657,369.88562,613046120100149,613046149573535
715.4243,348.32324,757.2657,351.51178,613046152561087,613046184586399
726.909,391.37964,731.17377,369.88562,613046188526660,613046223126347
714.2808,398.50696,726.909,369.88562,613046223224212,613046258555774
680.6138,365.94955,726.909,369.88562,613046258648378,613046295560410
685.862,356.4636,714.2808,369.88562,613046295690931,613046329374733
696.85144,386.649,696.85144,369.88562,613046329460253,613046361803118
685.61017,342.16003,696.85144,369.88562,613046362295097,613046401666243
683.8876,351.13498,696.85144,369.88562,613046401859212,613046435109368
764.881,323.4606,696.85144,351.13498,613046435289212,613046471790930
699.44995,319.49216,696.85144,351.13498,613046471928587,613046504889160
659.32764,326.59174,696.85144,326.59174,613046505065201,613046537780878
681.0014,378.0429,696.85144,351.13498,613046537892962,613046576573118
714.01654,318.37897,696.85144,326.59174,613046577449368,613046617514732
690.8699,329.83807,696.85144,329.83807,613046617603847,613046647533118
675.1618,322.85425,696.85144,326.59174,613046652066035,613046684505774
686.5795,311.81772,690.8699,326.59174,613046684602128,613046716311451
657.231,296.67477,686.5795,322.85425,613046716472128,613046746605149
685.64197,305.43866,686.5795,311.81772,613046755496868,613046789556139
673.91895,310.51886,685.64197,310.51886,613046791613118,613046824391399
666.82764,290.072,685.64197,310.51886,613046824473951,613046858087232
676.8599,298.16855,676.8599,310.51886,613046858229837,613046893665566
663.1478,273.71658,676.8599,298.16855,613046894399316,613046927129368
676.46204,304.25806,676.8599,304.25806,613046927579368,613046962920305
672.242,292.51334,676.46204,298.16855,613046963076659,613047002199836
666.8958,294.21463,676.46204,298.16855,613047002321607,613047033830722
666.2453,287.69583,672.242,294.21463,613047034033534,613047065829628
669.45624,278.2492,669.45624,294.21463,613047066012701,613047111109420
675.12775,261.48004,672.242,287.69583,613047111187128,613047147633691
660.08954,258.8002,669.45624,278.2492,613047147748586,613047180963482
645.3224,256.89572,669.45624,261.48004,613047181142493,613047213664263
619.47906,226.96266,660.08954,258.8002,613047213762493,613047251158951
572.3717,281.07416,645.3224,261.48004,613047251251555,613047284528847
638.03394,247.5427,638.03394,258.8002,613047284621451,613047317843586
579.4191,283.16678,638.03394,261.48004,613047319990097,613047352633118
584.74316,266.7673,638.03394,261.48004,613047352743066,613047384943274
591.97565,253.98332,591.97565,261.48004,613047385038378,613047416608482
551.1448,254.04674,591.97565,261.48004,613047418020461,613047449388795
571.9698,227.96834,591.97565,254.04674,613047455394368,613047495962545
625.53235,249.41426,591.97565,254.04674,613047496123065,613047531391972
551.87366,247.86942,591.97565,249.41426,613047531511295,613047565254368
541.16895,244.24559,591.97565,249.41426,613047565428065,613047621156451
634.27356,278.27957,591.97565,249.41426,613047621245618,613047656734524
620.99146,258.70386,591.97565,249.41426,613047656881242,613047692761607
603.75836,259.70312,603.75836,258.70386,613047692950565,613047729167284
621.96783,260.49588,603.75836,258.70386,613047729329628,613047761536763
583.68677,258.4608,603.75836,258.70386,613047761700097,613047794973326
595.0457,269.52966,603.75836,258.70386,613047795132284,613047832271607
589.23376,252.2683,595.0457,258.70386,613047832401503,613047862711190
577.3371,274.29117,595.0457,258.70386,613047862845149,613047896641138
621.2736,250.97711,595.0457,258.70386,613047896727128,613047928683794
611.8059,249.9537,595.0457,258.70386,613047928800097,613047962461086
569.5822,234.61275,595.0457,250.97711,613047962579628,613047995839680
547.05927,281.88846,595.0457,258.70386,613047995994472,613048029957805
584.63196,252.78325,584.63196,252.78325,613048030139367,613048070094211
584.76056,262.33163,584.76056,258.70386,613048070210565,613048102379680
558.2516,280.18356,584.63196,258.70386,613048102574576,613048140491607
586.2749,251.86688,584.76056,258.70386,613048140578534,613048176328065
583.6595,266.80933,584.63196,258.70386,613048176523482,613048209464524
560.0603,254.74045,584.63196,258.70386,613048209639940,613048246230669
568.98315,253.0087,583.6595,258.70386,613048246390149,613048280614992
492.9185,293.3014,568.98315,258.70386,613048280721242,613048313441659
525.57086,313.5451,568.98315,258.70386,613048314799888,613048349501555
566.9979,268.20343,566.9979,268.20343,613048349597076,613048381195930
582.4419,253.59517,568.98315,258.70386,613048381988846,613048416512701
566.3036,252.91016,566.9979,258.70386,613048428261711,613048464450721
575.7184,264.51053,568.98315,258.70386,613048464630201,613048496570148
554.9396,253.62436,566.9979,258.70386,613048496747284,613048530074367
572.2296,267.6473,568.98315,258.70386,613048530241086,613048561760409
559.03204,256.9684,566.9979,258.70386,613048561935096,613048599965096
546.0348,264.51334,566.9979,258.70386,613048600129367,613048633456450
553.99347,260.98862,559.03204,258.70386,613048633564732,613048664997440
553.1447,238.05212,553.99347,258.70386,613048665174263,613048697791346
489.92566,229.801,553.99347,258.70386,613048697887544,613048730302023
551.4959,249.71092,553.1447,249.71092,613048730423377,613048764451450
574.2596,232.69058,553.99347,249.71092,613048764600148,613048801338065
560.92487,224.70009,553.99347,249.71092,613048801446398,613048832601086
507.95038,238.10735,553.99347,238.10735,613048833328742,613048864726555
522.4003,224.92921,553.99347,238.10735,613048864892752,613048898230773
517.5236,250.04189,522.4003,238.10735,613048898339263,613048930669107
524.6453,251.52231,524.6453,238.10735,613048930858586,613048965187544
511.36145,233.93536,522.4003,238.10735,613048965361034,613048999302284
497.28903,259.3843,522.4003,238.10735,613048999418273,613049036855513
545.27844,262.87964,522.4003,238.10735,613049036970044,613049069236034
457.83633,272.33966,522.4003,259.3843,613049069612648,613049100437127
501.0283,247.65729,522.4003,247.65729,613049100539523,613049130311086
450.88113,205.21014,501.0283,247.65729,613049130502752,613049165284679
450.56488,225.74309,501.0283,247.65729,613049165486659,613049200805617
472.4658,238.79799,472.4658,238.79799,613049200911294,613049233724419
383.78186,241.39035,472.4658,241.39035,613049233833586,613049278147856
440.2761,230.81752,472.4658,238.79799,613049278240304,613049313124679
409.07532,236.15242,440.2761,238.79799,613049313283273,613049344431867
409.1019,242.88109,440.2761,238.79799,613049344595044,613049375911086
391.40872,228.4249,409.1019,238.79799,613049376112127,613049407382908
407.79718,253.85503,409.1019,238.79799,613049407558325,613049437507648
423.5452,214.08319,409.1019,238.79799,613049437673898,613049469449315
388.98492,255.23805,409.1019,238.79799,613049485344471,613049536545981
393.37555,269.32437,409.1019,238.79799,613049536634367,613049567892283
414.5996,245.15163,409.1019,245.15163,613049568607752,613049601963221
384.52402,221.8842,409.1019,238.79799,613049603072023,613049635237804
415.39932,239.92902,409.1019,239.92902,613049635345565,613049665987596
412.94147,263.83798,409.1019,239.92902,613049666101450,613049699971606
403.201,257.51215,409.1019,239.92902,613049700131033,613049756822700
426.52786,250.30263,409.1019,250.30263,613049756925513,613049792105825
429.47125,246.2004,409.1019,246.2004,613049792197231,613049824750877
404.70187,251.27438,409.1019,250.30263,613049824921658,613049858590252
415.48987,249.45213,409.1019,249.45213,613049858778742,613049893536450
428.2877,238.30927,409.1019,249.45213,613049893623065,613049927092544
413.64972,250.47533,413.64972,249.45213,613049927212856,613049960322127
440.6187,235.06017,413.64972,249.45213,613049960445460,613049993676033
409.6167,219.37955,413.64972,249.45213,613049993787075,613050028464575
418.659,235.66338,413.64972,235.66338,613050028590356,613050071213221
433.75,239.24857,413.64972,239.24857,613050071318377,613050102902700
421.8492,240.49142,418.659,239.24857,613050103106919,613050134962544
446.88626,235.28458,421.8492,239.24857,613050135328169,613050165888273
414.20712,241.30028,418.659,239.24857,613050165982179,613050196905929
424.30405,250.92711,421.8492,239.24857,613050197003429,613050233874314
424.8173,247.83112,421.8492,241.30028,613050234045825,613050265617700
409.90115,249.0254,421.8492,247.83112,613050265728741,613050298839731
430.29007,239.04523,421.8492,241.30028,613050300402544,613050335123377
398.56195,264.68793,421.8492,247.83112,613050335253846,613050366724106
407.91507,259.05267,421.8492,247.83112,613050367731346,613050399915825
450.5375,231.6305,421.8492,247.83112,613050400090044,613050431266033
473.84958,237.20937,421.8492,247.83112,613050431378689,613050464990877
404.79492,249.65965,421.8492,247.83112,613050465083221,613050528105304
419.16193,223.19646,421.8492,247.83112,613050528226450,613050572723012
413.15732,226.89067,419.16193,247.83112,613050572881971,613050612075148
446.3025,222.35901,421.8492,226.89067,613050612180877,613050645036502
435.0722,214.96574,421.8492,226.89067,613050645132439,613050678888064
406.12616,229.69661,421.8492,226.89067,613050678995616,613050714527543
419.40048,225.93948,421.8492,226.89067,613050714672335,613050746805616
418.3138,225.08243,419.40048,226.89067,613050749381866,613050785996450
405.29794,232.08167,419.40048,226.89067,613050786193533,613050820284627
365.46912,232.23605,418.3138,226.89067,613050820427491,613050854631918
379.91443,236.66075,405.29794,232.08167,613050854788845,613050884924679
348.00253,256.0337,379.91443,232.23605,613050885188637,613050918688897
350.4715,251.85054,379.91443,236.66075,613050918898845,613050954029731
388.01257,261.75183,379.91443,251.85054,613050954100200,613050988202856
367.35983,251.49683,379.91443,251.49683,613050988287491,613051047549366
355.67624,240.79396,379.91443,251.49683,613051047649002,613051083711554
416.3677,250.07512,379.91443,251.49683,613051085429679,613051120166762
367.51904,245.56111,379.91443,250.07512,613051120327491,613051152152439
355.15247,245.14407,379.91443,250.07512,613051153692647,613051184313689
366.16736,260.5157,367.51904,250.07512,613051184494314,613051215568689
363.73532,250.95796,366.16736,250.07512,613051216303220,613051247439835
373.56238,254.09056,367.51904,250.95796,613051248296397,613051295993324
359.27368,252.99335,366.16736,250.95796,613051296127595,613051330560304
356.62415,255.99013,366.16736,252.99335,613051330665095,613051362322283
350.75528,237.23909,359.27368,250.95796,613051378527126,613051416101241
385.91135,230.46996,366.16736,250.95796,613051417140876,613051450584522
335.46692,246.08133,359.27368,246.08133,613051452150304,613051485286189
350.05017,246.1824,359.27368,246.1824,613051485477231,613051518425095
364.1847,250.14873,359.27368,246.1824,613051518575460,613051557242126
355.30148,267.19443,359.27368,246.1824,613051557348272,613051590338845
320.02335,249.68277,359.27368,249.68277,613051590487178,613051622444835
346.18668,243.97107,355.30148,246.1824,613051622568376,613051654744887
285.70322,268.45404,346.18668,249.68277,613051654841658,613051686205981
249.78667,275.1379,346.18668,249.68277,613051686301710,613051718663689
277.93985,260.3253,285.70322,260.3253,613051718775460,613051751877595
270.849,248.41064,277.93985,249.68277,613051752151189,613051785826137
270.7802,248.01266,277.93985,249.68277,613051785928689,613051819167387
266.2348,240.84172,270.849,248.41064,613051820663480,613051853940251
257.28915,273.50925,270.7802,249.68277,613051854058116,613051886724053
284.7686,257.31815,270.849,249.68277,613051886886345,613051918917230
285.628,244.55203,270.849,249.68277,613051919083272,613051951283949
285.37512,277.89722,284.7686,249.68277,613051951435408,613051985348324
311.49643,264.75446,285.37512,249.68277,613051985505355,613052047814991
283.03885,271.2691,284.7686,264.75446,613052048798064,613052080491085
292.97867,267.48068,285.37512,264.75446,613052080614678,613052112493741
273.91455,254.58498,284.7686,264.75446,613052112587230,613052152649418
268.53732,263.2718,284.7686,264.75446,613052152745668,613052183106397
281.24832,258.4388,281.24832,263.2718,613052183203376,613052214622647
269.65,280.66425,281.24832,264.75446,613052215944105,613052246982491
255.09593,267.53186,281.24832,264.75446,613052247140095,613052279676397
271.89236,264.78323,271.89236,264.78323,613052279759939,613052310659887
284.23203,283.6505,281.24832,264.78323,613052310756449,613052341963168
233.37141,313.67953,271.89236,264.78323,613052343895928,613052375938897
273.90466,279.5679,273.90466,279.5679,613052379759522,613052411980147
267.8185,277.09778,271.89236,277.09778,613052414932699,613052447570772
249.71638,271.42557,271.89236,277.09778,613052449360147,613052481005407
279.6938,274.39944,271.89236,277.09778,613052481154626,613052512164470
260.1391,278.15933,271.89236,277.09778,613052512570824,613052549054522
252.87408,289.1447,271.89236,277.09778,613052549141241,613052581085459
234.48163,288.72244,260.1391,278.15933,613052582800980,613052613003689
213.0496,286.03683,252.87408,286.03683,613052614471449,613052645048480
203.70319,293.8266,234.48163,286.03683,613052646498897,613052679374001
242.03812,301.60992,242.03812,286.03683,613052679502855,613052710722334
247.46323,307.36978,242.03812,293.8266,613052711066188,613052746375720
249.31398,299.72736,242.03812,299.72736,613052746525563,613052781284105
297.577,318.98468,247.46323,299.72736,613052781554366,613052815639157
271.37198,324.1222,249.31398,299.72736,613052815734105,613052852500563
264.7923,332.24976,264.7923,318.98468,613052852638636,613052885808063
263.34354,350.37354,263.34354,324.1222,613052885966293,613052917673897
248.88914,344.3816,263.34354,332.24976,613052917817907,613052947614365
255.02336,339.6039,263.34354,339.6039,613052949442386,613052993724105
281.59515,354.965,263.34354,339.6039,613052993844678,613053039274990
260.41025,345.0021,263.34354,339.6039,613053039357438,613053073172126
258.37366,348.7369,263.34354,345.0021,613053073349678,613053104229417
264.20242,360.2165,263.34354,345.0021,613053104422126,613053140365355
270.10144,355.11038,263.34354,348.7369,613053140551345,613053180557959
218.30975,358.4583,263.34354,355.11038,613053181498532,613053213099001
238.52275,366.40558,263.34354,355.11038,613053213247959,613053257514470
201.66568,408.72928,238.52275,358.4583,613053257613063,613053289770824
228.72377,365.22726,238.52275,365.22726,613053289881292,613053327415147
221.11966,373.05453,228.72377,365.22726,613053327506657,613053361468584
234.48056,380.00925,234.48056,365.22726,613053361655667,613053398370511
256.3735,381.3082,234.48056,373.05453,613053398517699,613053429212699
255.79285,380.31378,234.48056,380.00925,613053429351501,613053460447022
259.27875,418.2314,255.79285,380.31378,613053460545094,613053492721553
255.11327,416.92603,255.11327,380.31378,613053492845928,613053526897074
239.82701,402.26428,255.11327,402.26428,613053527011917,613053559833792
218.34093,411.38574,255.11327,402.26428,613053561062074,613053594377699
251.95847,420.36435,251.95847,402.26428,613053594568324,613053626167803
242.4815,463.20868,251.95847,411.38574,613053627136501,613053660479209
222.45328,471.6275,251.95847,420.36435,613053660648167,613053694525199
262.54376,392.3612,251.95847,411.38574,613053694714105,613053726083480
246.32748,402.11902,251.95847,411.38574,613053726198376,613053758534365
231.77017,407.38083,251.95847,407.38083,613053758628167,613053795158428
234.27518,438.93942,246.32748,411.38574,613053795335928,613053830978740
174.09589,443.94815,234.27518,411.38574,613053831182178,613053863021709
175.6034,459.81128,234.27518,438.93942,613053863201344,613053892508167
189.07672,410.89026,189.07672,411.38574,613053892931813,613053925654209
189.91194,410.69278,189.91194,411.38574,613053925763636,613053963775980
184.66061,417.56015,189.07672,411.38574,613053963870980,613053994822855
199.37195,411.95184,189.91194,411.38574,613053994936657,613054027137073
180.18939,436.66724,189.07672,411.95184,613054027353271,613054060815875
188.91656,493.7366,189.07672,411.95184,613054060998792,613054092387646
221.36642,569.31146,189.07672,436.66724,613054093439834,613054124936761
177.1479,729.73816,189.07672,493.7366,613054125056605,613054168413636
124.75552,747.8381,189.07672,569.31146,613054168604782,613054197953219
134.70108,721.7316,177.1479,721.7316,613054198098427,613054228584469
136.73476,674.52527,136.73476,674.52527,613054228775146,613054261039625
190.88342,649.21124,177.1479,674.52527,613054261244000,613054294141500
239.70268,577.1347,177.1479,674.52527,613054294333375,613054326434886
193.74384,564.40625,190.88342,649.21124,613054326576605,613054358052386
212.11108,597.01746,193.74384,597.01746,613054358365302,613054399269625
213.11017,617.8667,193.74384,617.8667,613054399376188,613054428840927
202.4924,559.43665,202.4924,597.01746,613054429044677,613054458934157
201.02422,623.9689,201.02422,617.8667,613054459126448,613054493137334
192.97603,604.0227,201.02422,604.0227,613054493317125,613054524447125
192.43822,626.30054,201.02422,617.8667,613054524565042,613054558147073
168.70613,697.6372,192.97603,617.8667,613054558279417,613054590628584
175.50142,721.1173,192.43822,626.30054,613054590730511,613054622536396
199.93976,684.367,192.97603,684.367,613054622646709,613054655773688
209.10825,711.31287,192.97603,684.367,613054655872073,613054690204417
212.7996,710.3466,199.93976,684.367,613054690299261,613054723384104
174.1319,761.42944,192.97603,710.3466,613054723487229,613054757013323
188.65918,738.6307,192.97603,710.3466,613054757107229,613054790039365
172.24417,785.25287,188.65918,738.6307,613054790128011,613054821711500
179.41891,802.8602,188.65918,738.6307,613054821830146,613054855644833
199.17682,848.50903,188.65918,785.25287,613054855765875,613054891297958
173.96074,822.3417,188.65918,802.8602,613054891457802,613054922299729
178.60913,837.2003,188.65918,822.3417,613054922417438,613054954766083
164.37787,789.3568,178.60913,802.8602,613054954862333,613054989576813
169.60188,811.8771,178.60913,811.8771,613054989768531,613055031340615
196.26772,849.96106,178.60913,811.8771,613055031489521,613055063148844
174.09077,843.27826,178.60913,811.8771,613055063258271,613055093645823
179.07484,849.6141,178.60913,843.27826,613055093845563,613055131506135
174.99315,846.40594,178.60913,843.27826,613055131612698,613055164174313
173.56424,856.46857,178.60913,846.40594,613055164371708,613055194390875
163.18863,814.4461,174.99315,843.27826,613055194584260,613055227899052
196.19972,866.31476,178.60913,846.40594,613055228117854,613055263672281
213.92809,873.257,178.60913,846.40594,613055263780927,613055293126083
206.27643,819.2234,196.19972,846.40594,613055293316917,613055351930250
190.47356,885.0812,190.47356,846.40594,613055352112750,613055386265250
174.49222,959.16516,190.47356,846.40594,613055386377594,613055421255302
162.819,937.2373,190.47356,885.0812,613055421333219,613055452614833
158.26877,1012.1583,174.49222,937.2373,613055452800979,613055485387177
145.8224,882.94244,162.819,885.0812,613055486338896,613055518163271
152.36517,904.16547,158.26877,904.16547,613055518350406,613055555055614
139.33588,916.1074,152.36517,904.16547,613055555157281,613055617504781
110.846306,1009.28094,152.36517,904.16547,613055617624885,613055653401708
99.771164,990.82526,139.33588,916.1074,613055653598479,613055689635927
122.6678,960.27625,122.6678,960.27625,613055689747594,613055728277281
152.30841,956.2354,139.33588,956.2354,613055728466552,613055760390146
163.45619,1001.34796,139.33588,960.27625,613055760596291,613055794327646
173.81119,1007.45966,152.30841,960.27625,613055794519000,613055828883323
173.49144,1041.6787,163.45619,1001.34796,613055829053739,613055861981812
177.28944,1024.4492,173.49144,1007.45966,613055862194989,613055898775094
154.57388,1070.4701,163.45619,1024.4492,613055898859052,613055930514469
148.70642,1144.4338,163.45619,1024.4492,613055930701344,613055963994312
122.9612,1124.9524,154.57388,1070.4701,613055964244625,613055992792646
128.99959,1151.4349,148.70642,1124.9524,613055992971343,613056023744677
93.000824,1126.1863,128.99959,1124.9524,613056023879416,613056056248010
102.77484,1129.4215,128.99959,1126.1863,613056056373843,613056091116656
119.49239,1136.012,119.49239,1126.1863,613056091275041,613056128214625
123.09453,1144.0594,123.09453,1129.4215,613056128377177,613056161706760
190.47934,1011.05133,123.09453,1126.1863,613056161885510,613056193360875
199.32974,1067.2074,123.09453,1126.1863,613056193539729,613056224356083
191.2716,1120.4318,190.47934,1120.4318,613056224529729,613056258477906
168.74802,1211.2454,168.74802,1126.1863,613056258670458,613056291735979
164.96387,1231.7837,168.74802,1126.1863,613056291927125,613056326068427
166.39601,1187.0562,168.74802,1187.0562,613056326399573,613056360419781
156.92815,1194.3743,166.39601,1187.0562,613056360546343,613056390871135
194.64243,1243.6713,168.74802,1187.0562,613056391034937,613056424193427
157.9866,1199.268,166.39601,1194.3743,613056424346239,613056454496968
168.91133,1244.3846,168.74802,1199.268,613056454651291,613056486281500
163.66061,1184.9027,166.39601,1194.3743,613056486375666,613056519700354
198.12915,1156.4705,168.74802,1194.3743,613056519804364,613056553116812
221.18468,1138.6367,168.74802,1184.9027,613056553215718,613056584666552
149.40637,1219.8308,168.74802,1194.3743,613056584776291,613056617680249
166.97899,1115.0204,168.74802,1184.9027,613056617792749,613056650137437
181.99602,1110.0485,168.74802,1184.9027,613056650315302,613056687347802
127.341934,1287.847,168.74802,1184.9027,613056687442958,613056719952385
149.2679,1213.823,168.74802,1184.9027,613056720163062,613056757425093
137.8836,1257.7858,149.2679,1213.823,613056757608791,613056794129416
131.33601,1287.2212,149.2679,1213.823,613056794392385,613056828326031
143.87813,1271.6438,143.87813,1257.7858,613056828427072,613056861555614
161.95456,1289.9287,149.2679,1271.6438,613056861727749,613056896864676
155.52324,1324.2313,149.2679,1271.6438,613056897038739,613056927995979
201.38078,1263.2811,155.52324,1271.6438,613056928218114,613056959913791
203.57645,1323.1395,155.52324,1271.6438,613056960179468,613056991387333
200.91266,1263.9132,200.91266,1271.6438,613056991578062,613057025125614
186.61754,1301.3774,186.61754,1271.6438,613057025324208,613057059747801
192.9192,1315.6362,192.9192,1271.6438,613057059943635,613057097208426
202.40625,1336.8628,192.9192,1301.3774,613057097301760,613057129217385
190.38402,1388.8206,192.9192,1315.6362,613057129342541,613057159810666
170.15463,1332.7747,192.9192,1332.7747,613057159922801,613057191077541
133.58374,1352.3662,190.38402,1332.7747,613057191218478,613057225743947
145.3775,1351.7317,170.15463,1332.7747,613057226564520,613057261798635
125.12266,1368.8845,145.3775,1351.7317,613057261923583,613057294952541
137.60527,1391.5625,145.3775,1351.7317,613057295116343,613057325901083
163.00464,1362.7156,145.3775,1362.7156,613057326080353,613057357627853
196.79237,1396.14,145.3775,1362.7156,613057357824260,613057389136135
193.50291,1366.193,163.00464,1362.7156,613057389265926,613057423810093
224.7385,1364.4535,193.50291,1364.4535,613057423985510,613057454409208
188.29492,1445.3707,188.29492,1364.4535,613057454597541,613057487339572
199.07504,1433.3522,193.50291,1364.4535,613057487541395,613057519395822
211.00296,1462.4061,193.50291,1433.3522,613057519543635,613057551829780
146.918,1424.4487,193.50291,1424.4487,613057552200926,613057583354728
172.97067,1498.0437,193.50291,1433.3522,613057583449468,613057617776707
182.99405,1442.0709,182.99405,1433.3522,613057617873635,613057651942905
196.65187,1503.6012,193.50291,1442.0709,613057652076968,613057686050666
141.69699,1512.523,182.99405,1442.0709,613057686198426,613057719994624
138.09456,1514.518,182.99405,1503.6012,613057720328270,613057754042384
191.27428,1536.9946,182.99405,1512.523,613057754149884,613057787329103
237.33775,1559.756,182.99405,1514.518,613057787503478,613057822897853
250.7509,1569.7214,191.27428,1536.9946,613057823084937,613057856398687
268.7458,1535.4708,237.33775,1535.4708,613057856548791,613057887091134
181.72105,1554.3165,191.27428,1536.9946,613057887240718,613057920914259
162.39865,1565.6204,191.27428,1536.9946,613057921056395,613057952801499
157.73788,1607.7133,181.72105,1554.3165,613057952943634,613057985576499
232.45016,1578.5227,191.27428,1565.6204,613057985747801,613058025528009
234.86282,1544.8102,191.27428,1554.3165,613058025661291,613058058022228
249.55637,1578.9214,232.45016,1565.6204,613058058204311,613058093512176
215.6578,1667.3705,215.6578,1565.6204,613058093696499,613058124858374
225.39726,1670.8529,225.39726,1578.9214,613058125046603,613058170082853
219.62105,1698.2408,219.62105,1667.3705,613058170350822,613058202475666
245.08032,1695.1649,225.39726,1670.8529,613058202622957,613058234158530
210.82355,1716.2098,219.62105,1695.1649,613058234266134,613058267229416
211.03532,1665.5391,219.62105,1670.8529,613058267343009,613058303277645
143.66629,1727.3712,211.03532,1695.1649,613058303469988,613058335483843
162.16148,1768.3706,211.03532,1695.1649,613058335627697,613058367266343
216.37442,1702.2406,211.03532,1702.2406,613058367378634,613058400862436
252.19254,1712.1227,211.03532,1702.2406,613058400983374,613058432936759
221.48349,1704.1975,216.37442,1702.2406,613058433864415,613058469293530
222.46988,1703.7921,221.48349,1703.7921,613058469499728,613058501747384
244.09383,1657.5796,221.48349,1702.2406,613058501942280,613058537672905
297.54105,1633.1368,222.46988,1702.2406,613058537805353,613058567945249
250.44328,1725.7708,244.09383,1702.2406,613058568603478,613058601433217
240.02234,1745.9077,240.02234,1702.2406,613058601590665,613058631792020
229.27852,1773.2372,240.02234,1725.7708,613058631899259,613058664482801
260.0327,1789.1163,240.02234,1745.9077,613058664601811,613058696990457
226.40662,1823.6688,240.02234,1773.2372,613058697103426,613058729278217
244.48558,1828.2207,240.02234,1789.1163,613058729395301,613058761101759
224.03459,1820.2479,240.02234,1820.2479,613058761196655,613058790696030
252.2267,1810.7628,240.02234,1810.7628,613058790821655,613058821568999
234.92351,1826.609,240.02234,1820.2479,613058821676499,613058857476915
274.24875,1841.4098,240.02234,1820.2479,613058857587436,613058890447540
230.44098,1895.5101,240.02234,1826.609,613058890561238,613058920373894
245.53014,1794.3115,240.02234,1820.2479,613058920547749,613058952826290
221.72626,1857.0132,240.02234,1826.609,613058952927801,613058985292332
253.15045,1872.1027,240.02234,1826.609,613058985475978,613059017214519
243.49846,1903.123,240.02234,1857.0132,613059017359207,613059051466707
240.90123,1915.4323,240.90123,1872.1027,613059051569988,613059089113269
237.14578,1912.9989,240.02234,1903.123,613059089225978,613059125995509
203.53091,1869.4194,240.02234,1872.1027,613059126101394,613059157698946
252.46043,1945.6061,240.02234,1903.123,613059157887801,613059191271186
235.78462,1957.8623,240.02234,1903.123,613059191405092,613059223678790
288.51733,1920.1858,240.02234,1920.1858,613059223803009,613059258094051
223.37668,1931.656,240.02234,1920.1858,613059258340926,613059288750926
249.2521,1886.5283,240.02234,1920.1858,613059288962540,613059320577540
346.5858,1886.5575,240.02234,1920.1858,613059320679623,613059352943946
236.71198,1975.4512,240.02234,1920.1858,613059353041238,613059384619988
292.0838,1830.7218,240.02234,1920.1858,613059385163269,613059415970092
282.46207,1961.1261,240.02234,1920.1858,613059416254571,613059448749728
226.08066,1949.025,240.02234,1920.1858,613059448931655,613059481035196
283.99927,1981.9249,240.02234,1949.025,613059481423790,613059516813113
389.66446,1945.7465,240.02234,1945.7465,613059516963373,613059550177540
350.5478,1914.127,283.99927,1945.7465,613059550336863,613059593902019
226.73373,1932.6543,240.02234,1945.7465,613059594013634,613059624996550
255.81317,1880.351,255.81317,1932.6543,613059625118165,613059655694571
281.63223,1894.9756,255.81317,1932.6543,613059655870092,613059687649311
277.9165,1949.8431,255.81317,1932.6543,613059687771290,613059716958582
298.73996,1916.6095,277.9165,1932.6543,613059717151811,613059750973530
321.99197,1935.8608,277.9165,1932.6543,613059751073686,613059783826967
394.84894,1956.4406,298.73996,1932.6543,613059783908113,613059815642540
330.81448,1926.9324,321.99197,1932.6543,613059815813634,613059849813321
321.35812,1911.6554,321.35812,1932.6543,613059849916238,613059885414207
337.78033,1913.5682,321.99197,1926.9324,613059885598009,613059930336290
334.4764,1911.0311,321.99197,1913.5682,613059930439675,613059961269779
315.4348,1954.6241,321.99197,1926.9324,613059961376707,613059991411186
325.18567,1966.3953,321.99197,1926.9324,613059991510457,613060022507123
307.08432,1969.6666,321.99197,1954.6241,613060022644311,613060057320300
295.27133,1981.495,321.99197,1966.3953,613060057440040,613060088899311
297.88696,1982.9746,307.08432,1969.6666,613060089054675,613060121764519
272.63354,1986.7501,297.88696,1981.495,613060121911238,613060153623998
304.29227,1986.311,304.29227,1982.9746,613060153734727,613060188398425
331.18033,2009.2908,304.29227,1986.311,613060188584050,613060217294050
334.21378,1994.7289,304.29227,1986.311,613060217479102,613060248632123
363.04114,1958.7568,331.18033,1986.311,613060249315352,613060281857748
359.64163,1997.9111,334.21378,1986.311,613060281952071,613060320690821
379.05927,1963.2115,359.64163,1986.311,613060320875300,613060353303321
402.66403,1993.3854,359.64163,1986.311,613060353496290,613060386789831
380.65024,1962.8856,379.05927,1986.311,613060386937123,613060425706342
390.19785,1991.224,380.65024,1986.311,613060426209206,613060457608529
393.33838,1992.815,380.65024,1986.311,613060457725925,613060492429571
467.65988,2031.9971,390.19785,1991.224,613060492541758,613060529862800
442.5031,2026.4822,393.33838,1992.815,613060529979154,613060559902071
412.18,1963.4923,412.18,1991.224,613060559988946,613060606089415
400.76935,2007.3431,400.76935,1992.815,613060606199258,613060637077383
390.65207,2044.1432,400.76935,1992.815,613060637239415,613060670179988
390.9147,2018.527,400.76935,2007.3431,613060671361185,613060704239988
407.8424,2060.768,400.76935,2018.527,613060705983060,613060739796810
371.28198,2032.8767,400.76935,2018.527,613060741922227,613060775562904
415.0678,2024.0261,400.76935,2024.0261,613060776457383,613060810973842
413.4468,2057.3862,400.76935,2024.0261,613060811079779,613060852913060
390.3096,2057.2703,400.76935,2024.0261,613060853020821,613060888150665
389.75116,2020.987,400.76935,2024.0261,613060888348842,613060919814987
431.4815,2046.2639,400.76935,2024.0261,613060919929362,613060950136862
430.1405,2025.9521,400.76935,2024.0261,613060950335977,613060995529935
451.09628,2042.4861,430.1405,2025.9521,613060995705925,613061027402592
397.25113,2088.0747,400.76935,2025.9521,613061028281394,613061066949310
407.4901,2107.8628,407.4901,2042.4861,613061067043789,613061102699727
381.43823,2088.178,400.76935,2088.0747,613061102843529,613061136280508
401.79984,2071.5012,401.79984,2071.5012,613061136377852,613061167925404
480.9418,2000.5131,401.79984,2071.5012,613061169849519,613061202952123
357.23874,2109.9956,401.79984,2071.5012,613061209831498,613061242495873
352.53214,2100.9924,401.79984,2071.5012,613061242589831,613061275601133
429.70682,2028.0737,401.79984,2071.5012,613061275759571,613061310157904
399.97058,2049.8123,401.79984,2071.5012,613061310240248,613061343111394
405.1163,2034.1909,401.79984,2049.8123,613061343215560,613061379844623
367.58188,2090.972,401.79984,2071.5012,613061380089519,613061416911602
386.93692,2076.6536,401.79984,2071.5012,613061417075664,613061448998893
399.61786,2056.192,399.61786,2071.5012,613061449176081,613061494142487
439.78146,2039.0798,401.79984,2071.5012,613061494291654,613061525290925
454.94043,2046.7518,401.79984,2056.192,613061525426810,613061559785352
482.49417,1997.3354,439.78146,2046.7518,613061559956289,613061590071237
460.17947,1952.5016,454.94043,2046.7518,613061590262331,613061620048268
474.64325,2050.4048,460.17947,2046.7518,613061620240195,613061653088008
484.5286,2051.406,460.17947,2046.7518,613061653210716,613061683677800
498.35748,1986.501,474.64325,2046.7518,613061683838893,613061716413529
513.2039,2005.6577,484.5286,2046.7518,613061716586393,613061748740612
457.99768,2014.9712,474.64325,2014.9712,613061748921185,613061781096081
448.76816,2027.023,474.64325,2027.023,613061781267227,613061813335716
472.59857,2006.944,472.59857,2014.9712,613061813521341,613061845995768
484.57382,2019.3354,474.64325,2019.3354,613061846155091,613061877795404
497.3676,1963.5808,474.64325,2014.9712,613061877947175,613061909232695
495.291,1999.0939,484.57382,2014.9712,613061910413112,613061941650300
481.69547,1958.4934,481.69547,1999.0939,613061941736029,613061974532122
488.98312,2002.4537,484.57382,2002.4537,613061977496914,613062012094831
509.8866,1931.1328,484.57382,1999.0939,613062012199154,613062051530091
526.97107,2067.5642,488.98312,2002.4537,613062051708945,613062083768477
522.07416,2072.166,509.8866,2002.4537,613062083936602,613062117600091
504.99628,2105.4067,504.99628,2067.5642,613062117792695,613062149758997
539.0961,2024.8889,509.8866,2024.8889,613062149959310,613062180837279
533.9163,2062.8867,509.8866,2062.8867,613062180974414,613062212638372
543.51086,2116.4011,533.9163,2062.8867,613062212790612,613062245301237
539.0253,2110.4136,533.9163,2062.8867,613062245453737,613062278612591
535.17395,2031.3408,535.17395,2062.8867,613062278704258,613062310212122
559.1029,2062.0889,535.17395,2062.8867,613062310373685,613062341213841
506.7999,2058.7776,535.17395,2062.0889,613062342796445,613062376929622
477.3574,2078.234,535.17395,2062.8867,613062377032904,613062409952904
508.49265,2079.2722,508.49265,2062.8867,613062410094258,613062446377331
532.66705,2104.7537,532.66705,2078.234,613062446478060,613062479329622
519.9609,2111.022,519.9609,2079.2722,613062479500091,613062524988528
528.7165,2118.4814,528.7165,2104.7537,613062525436601,613062557153112
579.56195,2047.4056,528.7165,2079.2722,613062557258737,613062586906081
532.4865,2100.2117,528.7165,2100.2117,613062587095091,613062616670612
560.809,2035.6,532.4865,2079.2722,613062616845247,613062647338008
546.225,2088.4368,532.4865,2088.4368,613062647438997,613062681228789
570.9917,2005.7214,546.225,2079.2722,613062681339935,613062712368685
550.0032,2048.5005,546.225,2079.2722,613062712491601,613062744596289
546.96747,2029.4882,546.96747,2048.5005,613062744911080,613062778561601
516.7084,2085.8984,546.225,2079.2722,613062778662018,613062813938945
567.75977,2080.3784,546.96747,2079.2722,613062814140924,613062847016237
520.0021,2059.4817,546.225,2079.2722,613062847206758,613062890272174
557.8676,2088.5837,546.96747,2079.2722,613062891223008,613062923487903
608.16595,2028.4099,546.96747,2079.2722,613062924401757,613062958946185
625.4387,2031.5714,557.8676,2079.2722,613062959390924,613062989117799
525.94977,2106.2336,546.96747,2079.2722,613062989242174,613063023194882
548.94354,2098.9873,548.94354,2079.2722,613063023715768,613063059011289
563.6526,2027.1913,548.94354,2079.2722,613063059178268,613063090296237
553.6921,2068.8093,548.94354,2079.2722,613063090397435,613063130630507
560.17755,2081.5964,553.6921,2079.2722,613063130802955,613063164432226
538.09753,2089.4248,548.94354,2079.2722,613063164538893,613063197765507
580.5864,2041.72,553.6921,2079.2722,613063197895507,613063232988789
577.5855,2020.1306,553.6921,2079.2722,613063233097487,613063265099726
592.0434,2022.1613,577.5855,2041.72,613063265202799,613063301963997
584.2499,2024.4628,577.5855,2024.4628,613063302144153,613063340928268
554.7652,2021.5988,577.5855,2024.4628,613063341114518,613063382501184
636.6917,1994.3074,577.5855,2024.4628,613063382607747,613063414921757
605.1998,2017.5631,577.5855,2021.5988,613063415035976,613063449036601
631.4954,2001.0403,605.1998,2017.5631,613063449155195,613063481756184
592.2223,1981.4832,592.2223,2017.5631,613063481885299,613063516068684
692.504,1886.0446,605.1998,2001.0403,613063516280611,613063551132382
633.1349,1966.0486,605.1998,1981.4832,613063551241184,613063583260455
613.4351,1948.7756,613.4351,1966.0486,613063583369570,613063614456913
716.5019,1904.1316,613.4351,1966.0486,613063614565872,613063647639986
639.57587,1916.977,613.4351,1948.7756,613063647799934,613063681373788
655.3238,1900.443,639.57587,1916.977,613063681548268,613063718599257
683.1845,1883.1881,639.57587,1916.977,613063718788007,613063751382747
654.10815,1901.9908,654.10815,1901.9908,613063752383476,613063787203632
646.88165,1937.0356,646.88165,1916.977,613063787305768,613063819117018
635.3258,1948.3716,646.88165,1916.977,613063819229257,613063861781861
681.0295,1920.8135,646.88165,1920.8135,613063861874518,613063894466393
654.0112,1925.9929,646.88165,1920.8135,613063894651705,613063929094257
677.5506,1938.0889,654.0112,1920.8135,613063929273997,613063959921184
714.02026,1942.129,654.0112,1925.9929,613063960108684,613063990400090
665.3752,2005.4065,665.3752,1938.0889,613063990540715,613064020882226
667.4506,2011.6833,665.3752,1942.129,613064021006340,613064054228632
665.73596,2022.5969,665.3752,2005.4065,613064054382330,613064083452851
669.34106,1961.7739,665.73596,1961.7739,613064083640559,613064120865351
711.6211,1931.9388,665.73596,1961.7739,613064121001757,613064156123476
592.9506,1967.1864,665.73596,1961.7739,613064156236757,613064187690247
612.9656,1959.2612,665.73596,1961.7739,613064188618424,613064221238163
624.263,1931.5978,624.263,1961.7739,613064221369726,613064254150872
595.2567,1908.0177,624.263,1959.2612,613064254296497,613064285016236
603.77124,1929.8235,624.263,1931.5978,613064285123319,613064326512747
637.73224,1885.4382,624.263,1929.8235,613064326659049,613064358044257
634.9223,1884.8894,624.263,1929.8235,613064358245976,613064387384153
673.60535,1823.321,634.9223,1885.4382,613064387561913,613064419712069
751.0387,1760.7322,634.9223,1884.8894,613064419811444,613064449777382
728.5694,1759.4531,673.60535,1823.321,613064449948111,613064486481549
709.794,1805.3596,709.794,1805.3596,613064486587538,613064518156601
746.93896,1787.3153,709.794,1805.3596,613064518279413,613064552784101
770.3859,1806.2714,709.794,1805.3596,613064552893424,613064585305142
691.9789,1803.5035,709.794,1805.3596,613064585428892,613064616861444
771.6525,1801.7046,709.794,1805.3596,613064616990246,613064647162955
756.1101,1810.3243,709.794,1805.3596,613064647278944,613064679419726
793.2528,1814.2605,756.1101,1805.3596,613064679524205,613064713166653
798.5796,1738.9629,756.1101,1805.3596,613064713284621,613064746021080
766.6188,1767.1106,766.6188,1805.3596,613064746132590,613064779233684
773.5021,1824.7244,766.6188,1805.3596,613064779364465,613064816812382
822.50586,1761.0382,766.6188,1805.3596,613064816913423,613064847882590
820.21014,1761.9093,773.5021,1805.3596,613064848095767,613064881372069
768.34576,1814.818,768.34576,1805.3596,613064881560403,613064914572746
810.6983,1770.3104,773.5021,1805.3596,613064914740403,613064947640663
804.481,1721.1101,773.5021,1805.3596,613064947848111,613064982796809
818.2756,1747.7909,804.481,1770.3104,613064984254778,613065014805142
828.6509,1734.3433,804.481,1747.7909,613065014913423,613065046493944
833.77014,1750.001,818.2756,1750.001,613065046610819,613065080852903
851.3874,1740.4414,828.6509,1747.7909,613065080960350,613065113433423
823.3877,1744.1895,823.3877,1747.7909,613065113547538,613065147203007
823.0311,1768.2964,823.3877,1747.7909,613065147303996,613065179735246
779.9142,1771.3716,823.3877,1747.7909,613065179902173,613065213862694
799.5933,1740.5604,823.0311,1747.7909,613065214031757,613065269214882
803.0811,1678.3984,803.0811,1747.7909,613065269324048,613065302752069
818.30286,1696.3917,818.30286,1740.5604,613065303144830,613065336291444
817.767,1677.6759,817.767,1696.3917,613065336372642,613065371198788
833.60657,1675.7043,818.30286,1696.3917,613065371362486,613065404174934
855.6092,1619.2833,818.30286,1677.6759,613065405442590,613065434988319
821.2347,1600.427,821.2347,1675.7043,613065436090038,613065469473736
854.8341,1608.4272,821.2347,1619.2833,613065469600454,613065500452746
831.0222,1670.8379,821.2347,1670.8379,613065500538632,613065533666757
808.8606,1651.1965,821.2347,1651.1965,613065533737121,613065566478319
868.0174,1650.0325,821.2347,1651.1965,613065567534881,613065599405350
871.4328,1597.9865,821.2347,1651.1965,613065599962173,613065635105142
875.81616,1615.6892,868.0174,1650.0325,613065635212121,613065667082486
850.1371,1583.7551,850.1371,1615.6892,613065667916652,613065704906079
806.32324,1611.1616,850.1371,1615.6892,613065706522642,613065741350090
829.6341,1561.041,850.1371,1611.1616,613065741465350,613065777136183
851.8421,1583.6447,850.1371,1611.1616,613065777245038,613065810503163
863.31903,1615.7605,850.1371,1611.1616,613065810683944,613065840973111
858.00745,1563.4263,851.8421,1611.1616,613065841121079,613065873893631
874.6093,1633.2466,858.00745,1611.1616,613065874065767,613065907791861
846.85187,1604.165,851.8421,1611.1616,613065907965767,613065941952329
888.8841,1547.4102,858.00745,1611.1616,613065942114569,613065975947694
882.1632,1498.4875,858.00745,1604.165,613065976195454,613066007883267
877.8604,1557.9181,877.8604,1557.9181,613066008063110,613066040115819
870.3834,1529.2579,870.3834,1557.9181,613066040230558,613066074133788
901.51697,1549.3231,877.8604,1557.9181,613066074223267,613066106809881
900.95074,1510.8042,877.8604,1549.3231,613066106964621,613066139292173
866.8922,1499.301,877.8604,1549.3231,613066139542017,613066173845506
887.95013,1466.5829,877.8604,1510.8042,613066173970298,613066219432694
876.42737,1514.2975,877.8604,1514.2975,613066219532017,613066250758996
889.26227,1479.6392,877.8604,1510.8042,613066251659881,613066289316756
891.47565,1496.5647,877.8604,1510.8042,613066289480871,613066326114204
904.56134,1487.0658,889.26227,1496.5647,613066326405402,613066360711652
929.10504,1424.2375,891.47565,1496.5647,613066360874621,613066392196965
930.0291,1429.3824,904.56134,1487.0658,613066392309881,613066423159985
946.40344,1410.5264,929.10504,1429.3824,613066423253996,613066453078371
939.07825,1437.8167,930.0291,1437.8167,613066453227433,613066488419048
918.19617,1367.6326,929.10504,1429.3824,613066488577746,613066523547902
916.4489,1390.3286,929.10504,1429.3824,613066523643631,613066557333267
914.87366,1308.7837,918.19617,1390.3286,613066557481756,613066591403527
919.1752,1295.7035,919.1752,1390.3286,613066591545506,613066624751444
919.48804,1257.7664,919.1752,1308.7837,613066624921964,613066657538631
940.0639,1275.4791,919.1752,1295.7035,613066657723839,613066690945350
898.70874,1281.701,919.1752,1281.701,613066691131496,613066729303319
910.39606,1290.5449,919.1752,1290.5449,613066729404412,613066764877694
938.14594,1287.0068,919.1752,1287.0068,613066764967016,613066805665037
920.89276,1258.2903,919.1752,1287.0068,613066805786860,613066840990610
914.7786,1244.14,919.1752,1287.0068,613066841077277,613066873971131
915.30554,1231.7086,919.1752,1258.2903,613066874082589,613066909376391
912.16187,1186.6406,915.30554,1244.14,613066909492537,613066942331912
930.2679,1194.3629,919.1752,1231.7086,613066942507641,613066976244256
948.2695,1203.1608,919.1752,1203.1608,613066976413266,613067010420871
950.124,1170.6564,930.2679,1203.1608,613067010591339,613067050288162
953.87463,1163.8694,948.2695,1203.1608,613067050462173,613067085771235
920.05884,1181.4867,930.2679,1181.4867,613067085940662,613067116667745
940.2986,1171.4124,940.2986,1181.4867,613067116815818,613067151204829
952.08105,1207.8184,940.2986,1181.4867,613067151360298,613067194209464
892.18164,1188.8499,940.2986,1181.4867,613067194293110,613067225188787
917.04596,1126.6818,940.2986,1181.4867,613067229696548,613067262257693
938.29724,1120.0339,938.29724,1181.4867,613067262393058,613067295182797
921.2922,1109.1772,938.29724,1126.6818,613067296262068,613067332257433
891.2258,1109.6412,938.29724,1120.0339,613067337529725,613067372289256
902.65247,1138.8419,921.2922,1126.6818,613067372369620,613067405098318
927.8128,1135.8628,927.8128,1126.6818,613067405288318,613067437496079
923.99164,1109.3207,923.99164,1126.6818,613067437650193,613067471151339
898.6732,1117.7533,923.99164,1126.6818,613067471299881,613067503303787
936.29767,1123.3191,923.99164,1123.3191,613067503479985,613067535600349
914.0033,1117.266,923.99164,1123.3191,613067535724985,613067566475141
906.5777,1138.5653,923.99164,1123.3191,613067567825714,613067601140766
910.37274,1126.3829,914.0033,1123.3191,613067601323787,613067635506756
897.7595,1123.9768,910.37274,1123.9768,613067638615974,613067674649204
931.10986,1092.8588,914.0033,1123.3191,613067674772849,613067710438787
1001.46045,1015.8385,914.0033,1123.3191,613067710530245,613067745563839
1021.536,1104.889,931.10986,1104.889,613067745671599,613067778791756
1021.5668,1036.6852,1001.46045,1104.889,613067778880037,613067816389360
1050.932,1005.03546,1021.536,1104.889,613067816568995,613067845244047
1043.1462,1059.101,1021.5668,1059.101,613067845351339,613067879017433
1020.21027,997.0462,1021.536,1059.101,613067879137016,613067910202954
1015.81757,1081.029,1021.536,1059.101,613067910308631,613067941265974
1044.3746,1031.134,1021.536,1059.101,613067941371912,613067974472953
1050.6102,935.00134,1021.536,1059.101,613067974586443,613068006037276
1043.1127,957.9101,1043.1127,1031.134,613068006112016,613068039422849
1040.4298,939.76227,1040.4298,957.9101,613068039506235,613068070403214
1024.6488,1008.9738,1040.4298,1008.9738,613068070521078,613068103657901
1045.504,896.8232,1040.4298,957.9101,613068103764464,613068135119881
1046.8242,938.6695,1040.4298,957.9101,613068135265662,613068169055089
1046.2288,1002.44135,1045.504,957.9101,613068169155349,613068201980505
1046.8052,1027.1406,1046.2288,957.9101,613068202079828,613068234798474
1064.1171,1014.1687,1046.2288,1002.44135,613068236701183,613068267329308
1078.4731,979.49414,1046.8052,979.49414,613068268601808,613068299832693
1059.3882,993.78406,1059.3882,993.78406,613068301558526,613068336338683
1057.6962,881.0838,1057.6962,979.49414,613068336425505,613068365757433
1012.7557,896.7081,1057.6962,979.49414,613068366697953,613068397240610
1013.79144,893.3931,1057.6962,896.7081,613068397371599,613068429142641
1007.007,944.4505,1013.79144,944.4505,613068430853995,613068460863214
1007.14874,890.1275,1013.79144,896.7081,613068461746547,613068494517901
993.32336,804.2437,1007.14874,896.7081,613068495543630,613068529218110
997.6727,861.06354,1007.14874,890.1275,613068529338110,613068569312589
1012.5705,865.6715,1007.14874,865.6715,613068569487901,613068603166443
990.2942,897.4439,1007.14874,890.1275,613068603245662,613068647281755
979.04083,859.1107,1007.14874,865.6715,613068647431651,613068682686391
1002.00195,814.1461,1002.00195,865.6715,613068682964047,613068716186182
1001.1978,796.7002,1002.00195,859.1107,613068716370766,613068745752328
990.3827,765.58936,1002.00195,814.1461,613068746720141,613068785092276
984.0084,714.72614,1001.1978,796.7002,613068785269620,613068817285193
985.79736,668.82513,990.3827,765.58936,613068817459047,613068846855714
981.5068,703.44116,985.79736,714.72614,613068847019099,613068878008682
986.3012,718.15106,986.3012,718.15106,613068879280661,613068910069568
972.77216,742.3422,985.79736,718.15106,613068910160453,613068949648630
989.1138,711.6503,986.3012,718.15106,613068949811755,613068981954359
1043.264,613.3862,986.3012,718.15106,613068982136078,613069014859307
1075.5546,576.8767,989.1138,711.6503,613069015032901,613069045636130
1074.7739,573.3215,1043.264,613.3862,613069045796651,613069078642484
1087.7878,654.32117,1074.7739,654.32117,613069078837328,613069110496547
1077.6484,605.28546,1074.7739,613.3862,613069110594828,613069146159463
1075.3016,618.0338,1075.3016,618.0338,613069146356078,613069181478943
1072.3379,629.1388,1074.7739,618.0338,613069181654203,613069213693161
1067.5156,627.9646,1074.7739,618.0338,613069213860557,613069245384932
1060.8588,621.85004,1072.3379,621.85004,613069245549984,613069277232380
1067.9358,590.90594,1067.9358,618.0338,613069277333005,613069309793734
1071.2709,564.23444,1071.2709,618.0338,613069309897068,613069345868474
1078.8319,603.7514,1071.2709,603.7514,613069346027015,613069377991963
1047.3239,531.8904,1071.2709,603.7514,613069378167380,613069415542068
1038.1288,530.2519,1071.2709,603.7514,613069415740088,613069446391599
1003.9526,497.967,1047.3239,531.8904,613069446563890,613069478339672
976.75275,494.3172,1038.1288,530.2519,613069478504203,613069513466182
993.0171,506.79285,1003.9526,506.79285,613069514344151,613069548462953
971.7237,439.85703,993.0171,506.79285,613069548725297,613069579038161
983.1765,457.2962,993.0171,506.79285,613069579231755,613069611798734
979.82324,464.68085,983.1765,464.68085,613069611963995,613069641896286
956.77386,458.8877,983.1765,464.68085,613069641998682,613069675868161
974.2119,455.48727,979.82324,464.68085,613069676325870,613069709562588
1009.3579,466.90445,983.1765,464.68085,613069709664151,613069757446390
1004.57355,444.8421,983.1765,464.68085,613069757542744,613069791114515
1036.8949,495.0833,1004.57355,464.68085,613069793063005,613069829648786
1034.8181,435.43265,1004.57355,464.68085,613069829730505,613069861753786
1031.4346,482.77563,1031.4346,464.68085,613069861905036,613069896174619
1046.406,465.83,1031.4346,464.68085,613069898200869,613069930351182
1044.9131,498.48358,1031.4346,465.83,613069930426494,613069964391911
1048.4911,413.38736,1044.9131,464.68085,613069964559619,613070004627224
1029.054,473.0379,1031.4346,465.83,613070004714724,613070038026286
1034.7275,470.7587,1034.7275,465.83,613070038169932,613070070734359
1031.7831,455.15103,1031.7831,465.83,613070070832536,613070101944203
1022.9246,532.1636,1031.7831,465.83,613070102053890,613070133691338
1027.8627,505.47992,1031.7831,465.83,613070133781078,613070167590140
1009.5556,467.3342,1027.8627,467.3342,613070167698473,613070198142171
1007.13074,458.99567,1027.8627,465.83,613070198244619,613070231881859
1023.38684,458.07672,1023.38684,465.83,613070231970036,613070265913526
1021.8017,449.48602,1023.38684,458.99567,613070266022640,613070298810765
1016.79047,426.45172,1023.38684,458.07672,613070298973109,613070329419567
1028.1143,431.18185,1023.38684,449.48602,613070330814515,613070359808890
1045.4164,433.98547,1023.38684,433.98547,613070361146078,613070394068525
1015.1365,458.4434,1023.38684,449.48602,613070395196234,613070429672484
1035.5424,435.75653,1023.38684,435.75653,613070431247588,613070463579619
1043.7833,374.47092,1023.38684,435.75653,613070463773682,613070498144098
1021.90137,369.19543,1023.38684,435.75653,613070498234307,613070527389932
1003.45825,366.66525,1023.38684,374.47092,613070529053421,613070561096859
996.6676,340.99164,1021.90137,369.19543,613070562242432,613070593729880
1003.7792,327.57184,1003.7792,366.66525,613070599937015,613070631622432
992.1077,331.8489,1003.7792,340.99164,613070631743838,613070662622223
979.42706,329.719,1003.7792,331.8489,613070662701025,613070691851077
985.5148,317.26862,992.1077,331.8489,613070694020765,613070727564515
990.7123,339.80292,990.7123,331.8489,613070727726494,613070759902796
978.9646,308.96518,990.7123,331.8489,613070761215973,613070791625348
988.88995,307.82727,990.7123,331.8489,613070791733004,613070824407171
998.71375,330.32166,990.7123,330.32166,613070824538682,613070856818369
979.7154,309.5967,990.7123,330.32166,613070858544515,613070891524307
1005.76135,321.20624,990.7123,330.32166,613070892031442,613070936480452
989.15765,326.64917,990.7123,326.64917,613070936588890,613070972236911
973.2821,334.04388,990.7123,330.32166,613070972333213,613071005350921
983.2917,352.16275,989.15765,330.32166,613071005458890,613071037253213
966.8306,319.79648,983.2917,330.32166,613071037344723,613071071089827
959.7539,313.9144,983.2917,330.32166,613071071197588,613071102169515
986.4587,315.23093,983.2917,319.79648,613071102305609,613071134971702
1014.67487,331.3562,983.2917,330.32166,613071135131702,613071168793525
992.8742,328.41418,986.4587,328.41418,613071168951702,613071229568942
1002.18726,324.1512,992.8742,328.41418,613071229667015,613071262897952
1000.4448,317.67197,992.8742,328.41418,613071263083369,613071296922952
983.4439,315.5493,992.8742,324.1512,613071297067848,613071329026650
983.23065,335.8394,992.8742,328.41418,613071329192744,613071361470661
999.3378,311.79074,992.8742,324.1512,613071361627223,613071395951806
995.78925,306.15887,992.8742,324.1512,613071396129567,613071428295192
986.6734,299.6453,992.8742,311.79074,613071428486442,613071464788525
975.4707,282.84726,992.8742,306.15887,613071464910869,613071497560452
997.78503,294.74747,992.8742,299.6453,613071497652015,613071532302431
985.36005,304.12216,992.8742,304.12216,613071532442119,613071563277848
990.66724,293.4641,992.8742,299.6453,613071563424150,613071594782119
988.7319,275.65323,990.66724,299.6453,613071594916910,613071626834515
998.96484,215.79475,992.8742,293.4641,613071627698577,613071665927275
994.8871,221.6413,992.8742,275.65323,613071666095765,613071698208890
1000.0323,226.05377,994.8871,226.05377,613071698365608,613071729343942
992.34906,247.46573,992.8742,247.46573,613071729483108,613071760746962
1001.5499,249.92554,994.8871,247.46573,613071761521806,613071794251962
1001.58923,251.21965,994.8871,247.46573,613071795076962,613071829669202
1013.35864,244.80447,1001.5499,247.46573,613071829836754,613071865816494
1000.7685,232.85136,1000.7685,247.46573,613071865924254,613071919720035
993.41705,240.49373,1000.7685,244.80447,613071919807171,613071960457744
964.2282,240.04358,1000.7685,240.49373,613071960535504,613071994614358
970.54236,233.87927,993.41705,240.49373,613071994776337,613072027652535
964.7288,251.4232,970.54236,240.49373,613072028548525,613072063654827
970.3839,242.31487,970.54236,240.49373,613072063805817,613072097527327
969.3169,217.6129,970.3839,240.49373,613072097666441,613072129192639
950.3085,231.66243,970.3839,240.49373,613072129354046,613072160471441
973.0549,245.40686,970.3839,240.49373,613072160608994,613072201671389
968.29193,246.28407,970.3839,240.49373,613072201779046,613072234474931
955.8512,259.90952,970.3839,245.40686,613072234654098,613072265373577
969.45276,254.75296,969.45276,246.28407,613072265517691,613072298101181
966.5644,265.63876,969.45276,254.75296,613072298192223,613072337335452
977.2784,251.71725,969.45276,251.71725,613072337474723,613072377919775
968.6985,233.32965,969.45276,251.71725,613072378095504,613072422446233
961.2993,236.65416,969.45276,251.71725,613072422671650,613072453009046
965.0813,241.53288,968.6985,241.53288,613072454326441,613072490827066
969.0874,233.10252,969.0874,241.53288,613072491013264,613072522760868
973.13727,234.72221,969.0874,241.53288,613072524434775,613072557901285
969.37006,224.7706,969.0874,234.72221,613072558020764,613072591938733
974.5866,211.4966,969.37006,234.72221,613072592463473,613072622588785
982.75195,210.92024,969.37006,224.7706,613072622725504,613072653431806
979.4673,215.36125,974.5866,215.36125,613072657570868,613072689365868
969.0129,235.4187,969.37006,224.7706,613072690772118,613072726509983
973.8446,224.3945,973.8446,224.3945,613072726645660,613072758834254
965.87915,245.62253,969.37006,224.7706,613072758933525,613072791272691
974.7319,220.57788,973.8446,224.3945,613072791406545,613072821466285
955.2844,211.23792,969.37006,224.3945,613072822418472,613072853491597
964.6133,220.80972,969.37006,220.80972,613072855446025,613072893161545
994.28955,211.81424,969.37006,220.80972,613072893261910,613072927660243
968.5704,226.19933,969.37006,220.80972,613072927771389,613072957520295
983.05475,225.4563,969.37006,220.80972,613072959391702,613072991095399
959.48035,224.01637,969.37006,224.01637,613072991279566,613073021040660
963.9737,233.70728,969.37006,224.01637,613073022646077,613073056934566
957.3545,204.21489,963.9737,224.01637,613073057568785,613073087717222
950.8986,211.42606,963.9737,224.01637,613073089739670,613073122216129
953.14166,205.91266,957.3545,211.42606,613073123984149,613073155959514
978.20026,215.12814,963.9737,215.12814,613073157889618,613073189429722
949.1365,203.77016,957.3545,211.42606,613073190731181,613073224997587
943.3659,200.92738,957.3545,211.42606,613073225099149,613073258650243
984.3076,214.93463,957.3545,211.42606,613073258750972,613073292330764
949.06537,206.14761,957.3545,211.42606,613073293959358,613073327899514
958.4693,204.8696,957.3545,211.42606,613073328079149,613073374863472
987.36957,216.07478,957.3545,211.42606,613073374974149,613073406242795
981.8741,221.3062,958.4693,211.42606,613073406414879,613073436391806
962.4097,221.55745,962.4097,216.07478,613073436523003,613073469357795
956.8715,241.10997,958.4693,221.3062,613073469517847,613073501382691
945.4327,227.36327,958.4693,221.55745,613073501477951,613073538169253
937.3667,212.14339,956.8715,221.3062,613073538271545,613073573931701
931.1858,194.55672,945.4327,221.3062,613073574119358,613073607256701
918.9369,194.02621,937.3667,212.14339,613073607434358,613073637205191
943.52344,238.22398,943.52344,221.3062,613073637375555,613073669803316
964.29193,223.63142,943.52344,221.3062,613073669971389,613073702209097
971.7497,225.40039,943.52344,223.63142,613073702356180,613073734133941
931.5724,193.66826,943.52344,221.3062,613073735090764,613073766582274
909.85535,200.76955,943.52344,221.3062,613073766678472,613073801207535
949.29297,208.09396,943.52344,208.09396,613073801308003,613073836260764
945.8353,223.99605,943.52344,221.3062,613073836411545,613073874994305
927.77747,189.85214,943.52344,208.09396,613073875078316,613073907089930
920.93976,185.25789,943.52344,208.09396,613073907257482,613073940131805
939.63605,198.13329,939.63605,198.13329,613073940271128,613073975346128
928.8908,205.75905,939.63605,205.75905,613073975521962,613074006724201
952.4029,187.77748,939.63605,198.13329,613074006906232,613074037619253
926.5563,208.32892,939.63605,205.75905,613074037804201,613074070381024
937.7803,215.57918,939.63605,205.75905,613074070479566,613074101274930
932.40283,216.92534,937.7803,208.32892,613074101431805,613074140399514
934.75555,218.54172,937.7803,215.57918,613074140514514,613074170943264
945.3351,207.05176,937.7803,208.32892,613074171100399,613074202541493
897.74,200.5477,937.7803,208.32892,613074202704566,613074237723680
935.0333,227.18398,937.7803,208.32892,613074237903524,613074273287691
900.6595,218.97916,935.0333,208.32892,613074273471128,613074327202274
936.05884,236.33969,936.05884,218.97916,613074327323003,613074359073420
932.5504,229.76587,935.0333,218.97916,613074359181649,613074392344461
944.1815,216.10574,936.05884,218.97916,613074392457482,613074425375295
943.4482,248.7558,936.05884,218.97916,613074425481857,613074457795816
929.9208,234.43666,936.05884,218.97916,613074457894566,613074492771753
936.7,237.63518,936.05884,234.43666,613074494097170,613074528890920
943.8503,249.61078,936.05884,234.43666,613074528980607,613074569828003
942.3102,260.01047,936.7,237.63518,613074569952013,613074609254357
942.34064,243.17606,942.3102,243.17606,613074609453732,613074639222013
955.2144,233.54253,942.3102,237.63518,613074639402743,613074669718784
948.6508,225.12474,942.34064,237.63518,613074669903055,613074701071076
964.04205,245.76675,948.6508,237.63518,613074701255347,613074735692118
946.3381,233.16174,946.3381,237.63518,613074735794253,613074765994253
929.49615,233.19429,946.3381,237.63518,613074766105607,613074798114253
941.3572,253.11926,946.3381,237.63518,613074798216076,613074833594201
971.31165,263.19852,946.3381,237.63518,613074833699097,613074875447586
946.37787,255.12883,946.3381,253.11926,613074875581649,613074907733888
942.96875,263.11588,946.3381,255.12883,613074907907847,613074938130086
943.3642,261.52502,946.3381,255.12883,613074938307586,613074969718472
956.20135,261.9641,946.3381,261.52502,613074970594774,613075007190347
958.8369,270.4696,946.3381,261.52502,613075007376388,613075042738263
954.40894,256.94434,954.40894,261.52502,613075042882742,613075078819045
938.62036,235.97415,946.3381,261.52502,613075078917170,613075110353576
957.9014,238.5473,954.40894,256.94434,613075110494097,613075141372534
947.4776,244.83534,947.4776,244.83534,613075141552899,613075175052847
928.0262,232.61092,947.4776,244.83534,613075175224982,613075205885503
933.8084,240.61119,947.4776,244.83534,613075206046753,613075242025503
905.1674,218.99887,933.8084,240.61119,613075242161805,613075290928888
934.6962,231.48201,934.6962,240.61119,613075291012638,613075321319513
916.42914,209.35352,933.8084,231.48201,613075321410086,613075353029722
849.0438,225.18819,933.8084,231.48201,613075353113628,613075385531805
873.1387,206.27983,916.42914,225.18819,613075386329096,613075418661492
863.0624,215.06268,873.1387,225.18819,613075418753576,613075452676388
877.8557,239.7029,877.8557,225.18819,613075453650919,613075484786024
882.102,259.73666,877.8557,225.18819,613075485846024,613075516512794
855.9142,247.81985,877.8557,239.7029,613075519236961,613075551789721
871.12335,251.2337,877.8557,247.81985,613075551883471,613075585530242
877.78284,246.88098,877.78284,246.88098,613075585626336,613075619717586
889.6521,242.95636,877.8557,246.88098,613075619881492,613075653988680
881.3448,242.34781,877.8557,246.88098,613075655227430,613075686800867
901.12354,247.42163,881.3448,246.88098,613075688468523,613075718760919
892.1818,253.0569,881.3448,246.88098,613075719431596,613075750140919
934.943,249.231,892.1818,247.42163,613075752323888,613075786123419
901.0928,230.53455,892.1818,246.88098,613075786312742,613075822454721
852.4115,253.63469,892.1818,247.42163,613075822527794,613075853686700
902.91547,255.74533,892.1818,247.42163,613075855271232,613075889039565
866.5024,259.9542,892.1818,253.63469,613075890677638,613075923493055
901.8598,250.17863,892.1818,250.17863,613075923664148,613075956472430
909.2889,277.60287,892.1818,253.63469,613075956645034,613075992760242
916.498,268.50278,901.8598,253.63469,613075993944096,613076028605867
900.18024,296.7602,900.18024,268.50278,613076028689878,613076060822221
908.3349,297.7245,901.8598,268.50278,613076061800086,613076097484461
870.7394,293.47385,900.18024,293.47385,613076097653211,613076129287898
892.40765,293.65314,900.18024,293.47385,613076129367013,613076163112846
891.71075,293.27234,892.40765,293.47385,613076163231961,613076197065815
892.53107,292.9497,892.53107,293.47385,613076197598315,613076233869669
904.944,301.5404,892.53107,293.47385,613076233973211,613076272023263
926.8431,313.8948,892.53107,293.47385,613076272137429,613076308671440
929.56305,318.25287,904.944,301.5404,613076308838002,613076345808211
908.3596,317.67426,908.3596,313.8948,613076345961232,613076381623940
904.69934,319.892,904.944,317.67426,613076381760242,613076419732117
889.0289,301.52087,904.944,313.8948,613076419877950,613076452428107
932.4193,312.59265,904.944,313.8948,613076452607273,613076487390919
887.8326,327.69034,904.944,313.8948,613076487541700,613076518196075
849.56354,318.6817,904.944,313.8948,613076518310034,613076549197013
851.1715,322.81583,887.8326,318.6817,613076550590659,613076584588731
820.60767,347.47635,851.1715,318.6817,613076584755606,613076618497169
833.4404,334.17856,851.1715,322.81583,613076621569929,613076651484304
885.6845,324.05692,851.1715,324.05692,613076651578992,613076684486127
875.06757,331.11954,851.1715,324.05692,613076684642481,613076729308106
848.44,283.36182,851.1715,324.05692,613076729432377,613076766132481
832.0468,266.6881,851.1715,324.05692,613076766236752,613076800890711
842.2625,296.25232,848.44,296.25232,613076800989877,613076831375398
835.67346,312.10822,842.2625,312.10822,613076831539877,613076873368679
840.167,340.8198,842.2625,312.10822,613076873548679,613076906719148
840.69806,329.29636,840.69806,312.10822,613076906808315,613076940806856
834.93713,324.02853,840.69806,324.02853,613076940940190,613076972289044
865.4765,362.84766,840.69806,324.02853,613076972470242,613077004176960
861.7926,323.36435,840.69806,324.02853,613077004341804,613077034935346
856.2538,354.02997,856.2538,324.02853,613077035116283,613077082966804
851.5011,336.19022,851.5011,324.02853,613077083402742,613077117919148
882.7434,376.81284,856.2538,336.19022,613077118080971,613077149313106
860.16174,361.50204,856.2538,336.19022,613077149479773,613077183203835
859.319,382.14468,859.319,361.50204,613077183419617,613077224437065
839.5504,386.6086,856.2538,361.50204,613077224523523,613077260117429
847.179,396.48587,856.2538,382.14468,613077260199565,613077296481648
859.70526,393.93677,856.2538,386.6086,613077296588940,613077328231960
835.8825,415.69156,856.2538,393.93677,613077328359304,613077365977533
814.818,421.51984,856.2538,393.93677,613077366058054,613077399661856
788.045,454.26993,835.8825,415.69156,613077399808106,613077430240189
774.97736,437.89783,814.818,421.51984,613077431428314,613077462731700
794.92096,440.52625,794.92096,437.89783,613077462879617,613077498427846
783.04486,454.0365,794.92096,437.89783,613077498537221,613077535587846
770.89417,409.16412,794.92096,437.89783,613077535766960,613077567685710
807.62634,442.66315,794.92096,437.89783,613077567841648,613077603382689
822.84607,443.26865,794.92096,437.89783,613077603560814,613077639227898
809.9507,482.1196,807.62634,442.66315,613077639365814,613077671719981
812.57587,500.82883,809.9507,443.26865,613077671832429,613077703666075
757.1987,517.7895,807.62634,482.1196,613077703791335,613077741879148
795.3313,494.59915,807.62634,494.59915,613077741979356,613077771983419
808.736,531.18866,807.62634,494.59915,613077772205762,613077804331908
797.8736,517.60077,807.62634,494.59915,613077804426804,613077835347012
789.8864,507.86432,807.62634,507.86432,613077835499408,613077867515710
801.85956,545.38837,801.85956,507.86432,613077867708106,613077901235085
772.69916,526.882,801.85956,507.86432,613077901408106,613077936866648
769.1968,511.82953,801.85956,511.82953,613077937057950,613077970121491
775.01624,532.0445,775.01624,511.82953,613077970216127,613078001930189
728.17303,540.00104,775.01624,511.82953,613078002114929,613078039522533
750.45886,598.3079,775.01624,532.0445,613078039681595,613078069780658
770.7913,561.6733,770.7913,540.00104,613078069927898,613078101238679
751.20886,514.16754,770.7913,532.0445,613078101349252,613078132840554
763.11163,546.5587,770.7913,540.00104,613078132980606,613078164899720
760.9291,606.4225,763.11163,540.00104,613078165065866,613078202859773
780.3371,565.41815,770.7913,546.5587,613078202954512,613078235250762
723.6191,559.504,763.11163,559.504,613078235357116,613078266941595
769.9721,591.14746,769.9721,559.504,613078267082585,613078298523835
786.3521,566.2412,769.9721,559.504,613078298669512,613078330882689
766.7343,612.24,769.9721,566.2412,613078331029512,613078368285918
779.42065,518.58435,769.9721,559.504,613078368456022,613078402765397
759.9187,594.146,769.9721,566.2412,613078402948418,613078438149460
785.6729,609.78094,769.9721,566.2412,613078438661127,613078469779929
785.72864,630.2081,769.9721,594.146,613078469928991,613078502512220
773.53534,708.4139,773.53534,609.78094,613078502622949,613078536874877
781.5783,629.52997,773.53534,629.52997,613078537013731,613078570388418
756.60974,689.8317,773.53534,629.52997,613078570498314,613078601935241
774.0408,721.10297,773.53534,629.52997,613078602113783,613078635367116
770.8503,660.37726,773.53534,660.37726,613078635539668,613078680472116
724.0419,661.004,773.53534,660.37726,613078680600814,613078714056335
743.749,648.61426,770.8503,660.37726,613078714165918,613078743230918
738.8364,800.3807,743.749,660.37726,613078743447429,613078773246283
735.03064,801.72284,743.749,660.37726,613078773358314,613078805976647
735.33344,779.4173,738.8364,779.4173,613078806073366,613078839960137
715.70074,764.1787,735.33344,764.1787,613078840124251,613078874014095
727.2175,790.0089,735.33344,779.4173,613078875010137,613078910499876
729.9485,818.1781,729.9485,779.4173,613078910677793,613078942167637
735.1083,795.88635,735.1083,790.0089,613078942352585,613078972776699
716.5462,816.9347,729.9485,795.88635,613078972887533,613079012629512
723.16187,870.0041,729.9485,795.88635,613079012764251,613079042762949
722.5337,836.11194,723.16187,816.9347,613079042946595,613079078077689
682.11816,852.8082,723.16187,836.11194,613079078253522,613079109529564
696.579,825.74725,722.5337,825.74725,613079109988522,613079145035970
687.5915,873.27576,696.579,836.11194,613079145151074,613079177158730
692.56256,853.82446,696.579,836.11194,613079177267480,613079207290189
692.40704,917.54565,692.56256,853.82446,613079207381803,613079238731126
688.74146,911.46234,692.56256,853.82446,613079238833053,613079270121751
673.5193,930.52454,692.40704,911.46234,613079270218835,613079305156855
662.0955,878.6188,688.74146,878.6188,613079305257376,613079339669460
665.91364,893.4903,673.5193,893.4903,613079340589355,613079372725189
663.3719,835.63385,665.91364,878.6188,613079372831282,613079404468105
660.9162,878.5683,665.91364,878.6188,613079404573835,613079447423574
654.27734,862.0664,663.3719,878.5683,613079447624824,613079480079147
686.338,978.79266,665.91364,878.6188,613079480176699,613079510619095
678.8045,986.2042,665.91364,878.6188,613079510722220,613079542079303
654.63776,1038.5573,665.91364,978.79266,613079542645293,613079574023522
699.6855,1017.0348,665.91364,986.2042,613079574198157,613079611012168
694.08325,940.7589,665.91364,978.79266,613079611110918,613079642380605
664.0494,985.195,665.91364,985.195,613079642480397,613079676748001
665.6076,961.20135,665.91364,978.79266,613079676949147,613079710667116
688.9528,990.3335,665.91364,985.195,613079710829199,613079742073887
644.02686,955.25415,665.91364,978.79266,613079742210553,613079777855761
646.03204,952.16516,665.91364,978.79266,613079778034303,613079806918522
646.0417,1033.5731,646.0417,978.79266,613079807087689,613079837879355
656.69684,1021.8833,656.69684,978.79266,613079837951282,613079871978366
638.1109,999.16425,646.0417,999.16425,613079872389095,613079907447376
615.0422,1012.795,646.0417,999.16425,613079907598418,613079939334459
619.7794,1014.6111,638.1109,999.16425,613079939504616,613079974402845
653.7059,1064.3549,646.0417,1012.795,613079974560084,613080006033886
610.85834,1079.0951,638.1109,1014.6111,613080006191230,613080039134199
669.70953,1005.0739,646.0417,1012.795,613080039379980,613080073034147
636.58014,1046.995,638.1109,1014.6111,613080073958053,613080104980605
663.88727,1092.093,646.0417,1014.6111,613080105094199,613080137945605
661.3622,1085.7627,646.0417,1046.995,613080138425293,613080168108834
653.78864,1134.838,653.78864,1085.7627,613080168197324,613080199683313
618.9825,1178.9583,646.0417,1085.7627,613080199778470,613080232389928
620.4432,1145.9244,646.0417,1134.838,613080232495813,613080264349303
620.02094,1166.8635,620.4432,1145.9244,613080264454251,613080298445865
636.58,1223.0159,636.58,1145.9244,613080298565293,613080333896230
644.4195,1199.6025,636.58,1166.8635,613080334000605,613080367124928
624.1834,1205.9559,636.58,1199.6025,613080367307115,613080397580605
603.3523,1202.4082,636.58,1199.6025,613080398689876,613080430860397
604.30554,1238.8352,624.1834,1202.4082,613080431022897,613080463693261
545.82556,1209.5928,604.30554,1202.4082,613080463866490,613080529264095
522.94464,1266.3213,604.30554,1209.5928,613080529358626,613080562026595
525.0981,1280.3696,545.82556,1209.5928,613080562114876,613080597009511
523.1162,1249.6107,525.0981,1249.6107,613080598341803,613080628067324
560.0768,1180.4288,545.82556,1209.5928,613080628209719,613080661740657
534.3381,1239.2019,534.3381,1239.2019,613080661828417,613080696928469
558.76904,1220.8597,545.82556,1220.8597,613080697098209,613080731298678
582.3596,1216.858,545.82556,1220.8597,613080731392584,613080763782584
586.632,1281.5409,558.76904,1220.8597,613080765374094,613080797826178
614.8987,1234.1008,582.3596,1220.8597,613080799429772,613080834559094
576.3994,1305.8522,576.3994,1234.1008,613080834663574,613080871669771
621.15796,1280.5127,582.3596,1234.1008,613080871954407,613080905084459
581.91125,1346.9525,581.91125,1280.5127,613080905225344,613080938674563
520.78534,1320.1238,581.91125,1280.5127,613080938814303,613080974874355
556.44635,1328.3618,581.91125,1320.1238,613080975009042,613081014148886
592.15027,1317.4248,581.91125,1317.4248,613081014346699,613081050855396
506.51846,1365.5233,581.91125,1320.1238,613081050945032,613081082512480
539.5307,1354.1472,581.91125,1320.1238,613081082693105,613081117214303
563.0995,1354.8385,563.0995,1354.1472,613081117305657,613081153978521
589.25165,1397.4972,581.91125,1354.1472,613081154140240,613081187513938
574.7834,1390.9075,574.7834,1354.8385,613081187694563,613081221571021
564.2669,1390.9788,574.7834,1390.9075,613081221738157,613081252923521
582.37604,1451.875,574.7834,1390.9075,613081253073782,613081292954928
543.3348,1410.486,574.7834,1390.9788,613081293931334,613081329054928
538.35065,1454.578,574.7834,1410.486,613081330892480,613081369959146
548.1869,1462.3668,548.1869,1410.486,613081370265865,613081400572167
555.0892,1487.3605,555.0892,1454.578,613081400646750,613081435367740
524.06165,1468.447,548.1869,1462.3668,613081435453521,613081467663886
485.38684,1469.8016,548.1869,1468.447,613081467749459,613081501523990
496.3796,1490.0094,524.06165,1468.447,613081501830657,613081539430709
490.157,1467.8159,496.3796,1468.447,613081539528261,613081575543730
500.75424,1470.0859,500.75424,1468.447,613081575709355,613081608269094
483.52637,1525.6538,496.3796,1468.447,613081608434511,613081641584459
491.2228,1550.817,496.3796,1470.0859,613081641692636,613081677358417
485.29245,1546.9531,491.2228,1525.6538,613081677530136,613081709845552
494.84653,1586.8839,494.84653,1546.9531,613081710024250,613081742405292
480.74835,1599.4768,491.2228,1546.9531,613081742515136,613081772230761
484.37473,1575.0785,491.2228,1575.0785,613081772368990,613081805885604
521.12036,1607.6161,491.2228,1575.0785,613081806047167,613081842494198
477.4067,1560.839,491.2228,1575.0785,613081842669823,613081874031959
477.4652,1555.1818,491.2228,1575.0785,613081874189250,613081914071802
517.8218,1610.0527,491.2228,1575.0785,613081914258573,613081946982636
480.82684,1575.4214,491.2228,1575.0785,613081947131750,613081978595292
474.51196,1566.38,491.2228,1575.0785,613081979629875,613082021525969
472.679,1646.802,480.82684,1575.0785,613082021649198,613082051438938
455.3001,1607.897,474.51196,1575.0785,613082051604563,613082086452011
427.82996,1737.8624,472.679,1607.897,613082086580969,613082119758990
407.1474,1698.237,455.3001,1607.897,613082119856542,613082150851854
451.8496,1698.7439,451.8496,1698.237,613082151225031,613082182030031
418.3348,1705.3633,451.8496,1698.237,613082182135708,613082215168313
398.06244,1762.1709,451.8496,1698.7439,613082215277115,613082245713313
411.59146,1713.6558,418.3348,1705.3633,613082245840761,613082277723469
431.64188,1757.8065,431.64188,1713.6558,613082277915448,613082308591177
392.19763,1741.9785,418.3348,1713.6558,613082308727688,613082343903417
391.9467,1739.8685,418.3348,1739.8685,613082344155188,613082375390760
377.20264,1777.3732,392.19763,1739.8685,613082375572792,613082408937375
403.30728,1783.1528,403.30728,1739.8685,613082409045135,613082440312115
411.87778,1793.4076,403.30728,1777.3732,613082440415604,613082475458469
394.2241,1765.1942,403.30728,1765.1942,613082475560917,613082512935500
390.4004,1763.7338,403.30728,1765.1942,613082513115135,613082545321906
439.6934,1682.7195,403.30728,1765.1942,613082545497010,613082577677635
385.48846,1695.7991,403.30728,1763.7338,613082577858885,613082611237792
470.7449,1735.4994,403.30728,1735.4994,613082611402219,613082642749771
461.6721,1766.0681,403.30728,1763.7338,613082642943521,613082678418885
449.54373,1792.3165,449.54373,1763.7338,613082678592115,613082710007792
420.49335,1816.1677,420.49335,1766.0681,613082710126646,613082746671177
410.48547,1866.8055,420.49335,1792.3165,613082746802740,613082780758000
393.98502,1876.7627,420.49335,1816.1677,613082780874094,613082815514510
416.98267,1835.8455,416.98267,1835.8455,613082816200760,613082869038417
406.87708,1892.8235,416.98267,1835.8455,613082869256489,613082908462010
367.53015,1922.0409,416.98267,1835.8455,613082908569927,613082941306542
366.25534,1871.301,406.87708,1871.301,613082941439979,613082976316385
373.9897,1867.1176,373.9897,1867.1176,613082976424719,613083009490344
379.35214,1900.4565,379.35214,1871.301,613083009599510,613083043245396
441.4278,1866.9519,379.35214,1867.1176,613083043412062,613083076869094
361.72702,1932.7744,379.35214,1871.301,613083077010083,613083110081958
393.68668,1904.4042,379.35214,1871.301,613083110250552,613083140244406
433.9862,1917.1902,379.35214,1904.4042,613083140412375,613083173353833
428.48553,1830.1047,393.68668,1871.301,613083173534719,613083205231750
409.1921,1922.93,409.1921,1904.4042,613083205371854,613083238686802
373.51517,1841.1581,393.68668,1871.301,613083238852010,613083270598573
369.89688,1863.3293,393.68668,1871.301,613083270698156,613083301944198
367.92007,1848.8923,373.51517,1863.3293,613083302028937,613083334234771
384.21683,1911.5354,384.21683,1871.301,613083334714875,613083369806593
407.32556,1854.2961,384.21683,1863.3293,613083369905187,613083407851906
403.89212,1931.3773,384.21683,1871.301,613083407992323,613083445182687
411.20364,1961.897,403.89212,1871.301,613083445271333,613083482007687
401.2748,1962.5568,401.2748,1931.3773,613083482171333,613083515180604
395.748,1962.0112,401.2748,1961.897,613083516213625,613083553743468
423.79544,1915.0474,401.2748,1931.3773,613083553882531,613083584957270
384.53903,1923.4731,401.2748,1931.3773,613083585137531,613083618493364
391.53384,1950.4283,401.2748,1931.3773,613083618655343,613083653575083
375.61703,1911.3354,391.53384,1931.3773,613083653743312,613083686666385
344.1873,2009.0182,391.53384,1931.3773,613083686847218,613083717141177
317.3011,2070.0427,375.61703,1931.3773,613083717271645,613083746970187
347.8651,1980.6921,347.8651,1980.6921,613083747583781,613083779032895
317.8457,1974.3802,347.8651,1974.3802,613083779125812,613083812545135
337.3794,2020.8834,347.8651,1980.6921,613083812660500,613083873160916
327.50037,1975.0538,337.3794,1975.0538,613083873274510,613083924143677
261.64862,2069.5999,337.3794,1980.6921,613083924245604,613083960346229
281.8739,2042.98,327.50037,1980.6921,613083960533312,613083992703624
296.52945,2049.037,296.52945,2042.98,613083993527010,613084022455864
310.23495,2038.0656,310.23495,2038.0656,613084023756958,613084055326593
322.6604,2096.1707,310.23495,2042.98,613084055807895,613084090490395
362.95447,2061.131,310.23495,2042.98,613084090589458,613084123931124
276.27664,2073.756,310.23495,2061.131,613084126265708,613084157676229
356.58865,1985.8491,310.23495,2042.98,613084162897843,613084197643468
256.2418,2080.4438,310.23495,2061.131,613084197744249,613084230098572
283.82028,2036.1455,310.23495,2042.98,613084230224926,613084262701749
258.18472,2117.1177,283.82028,2061.131,613084262795135,613084295117999
327.72513,2016.134,310.23495,2042.98,613084295201801,613084327161385
294.4305,2046.8704,294.4305,2046.8704,613084328790291,613084361393103
289.69296,2095.0889,294.4305,2046.8704,613084361481333,613084393111853
280.41418,2124.158,294.4305,2046.8704,613084394076437,613084429594614
280.20395,2109.8774,289.69296,2095.0889,613084429701228,613084463363416
326.99356,2083.7683,294.4305,2083.7683,613084463521541,613084494739614
282.06998,2071.5671,289.69296,2083.7683,613084495490291,613084529068833
260.25354,2080.7317,289.69296,2083.7683,613084529231801,613084561607374
230.07784,2082.093,282.06998,2082.093,613084561698208,613084596731645
265.2006,1970.172,265.2006,2082.093,613084596854978,613084655100916
272.04602,2030.1156,272.04602,2082.093,613084655207374,613084688312218
243.41931,2031.3842,265.2006,2031.3842,613084688412530,613084717619874
257.92047,1973.0498,265.2006,2031.3842,613084717785395,613084748600343
287.51498,2052.766,265.2006,2031.3842,613084748773208,613084779619405
280.10184,1965.0197,265.2006,2031.3842,613084779795395,613084810919770
319.2503,2011.5314,280.10184,2031.3842,613084811016385,613084843043989
265.6509,2009.5542,265.6509,2011.5314,613084843148937,613084884517947
229.0606,2079.4575,265.6509,2031.3842,613084884613885,613084925423676
306.14792,2020.9948,265.6509,2020.9948,613084925516332,613084957424353
285.93436,2023.7438,265.6509,2023.7438,613084957522478,613084987159718
280.64462,2105.3086,280.64462,2023.7438,613084987334405,613085019807843
309.09738,2047.2167,280.64462,2023.7438,613085019951072,613085054802999
295.7727,2059.8027,280.64462,2047.2167,613085054950864,613085086347114
300.85706,2081.0076,295.7727,2047.2167,613085086520082,613085120286853
242.42984,2174.6628,280.64462,2059.8027,613085120415812,613085150831176
239.84128,2144.8865,280.64462,2081.0076,613085151013416,613085182616749
304.22504,2040.431,280.64462,2059.8027,613085182806124,613085215112218
232.94138,2114.8047,280.64462,2081.0076,613085215296124,613085246279978
239.19226,2104.1548,280.64462,2081.0076,613085246418780,613085276981072
325.78214,2117.8352,280.64462,2104.1548,613085277462009,613085309332009
307.5169,2121.326,280.64462,2104.1548,613085309439822,613085355005864
302.9938,2107.9377,302.9938,2107.9377,613085356059822,613085396678051
306.389,2068.7678,302.9938,2104.1548,613085397503468,613085432618520
249.97076,2127.2634,302.9938,2107.9377,613085432772426,613085463739666
308.288,2107.2632,302.9938,2107.2632,613085465523051,613085497673728
321.62042,2098.8267,302.9938,2107.2632,613085497767791,613085531857374
262.8129,2022.2137,302.9938,2107.2632,613085533273155,613085566785707
271.3102,2134.8772,302.9938,2107.2632,613085566924874,613085608772582
299.96732,2082.396,299.96732,2107.2632,613085608882426,613085640905499
319.33438,2059.0305,302.9938,2107.2632,613085641022999,613085672204613
321.8491,2092.8147,302.9938,2092.8147,613085672310863,613085703104561
227.01562,2179.5286,302.9938,2107.2632,613085703268676,613085735452843
228.55788,2158.1172,302.9938,2107.2632,613085735609040,613085767543311
176.75383,2154.4133,228.55788,2154.4133,613085767655290,613085800613311
222.6147,2160.8037,228.55788,2154.4133,613085800722738,613085838939561
234.83464,2163.1182,228.55788,2154.4133,613085839047738,613085873450082
216.73961,2116.2405,228.55788,2154.4133,613085873554405,613085906923415
193.88347,2184.737,228.55788,2154.4133,613085907051540,613085935361592
211.37135,2185.5933,216.73961,2154.4133,613085935553572,613085967602947
269.24255,2125.0793,228.55788,2154.4133,613085967760759,613086000235759
239.41905,2124.467,228.55788,2154.4133,613086000398051,613086033185342
231.65497,2146.996,231.65497,2146.996,613086033360811,613086066081280
252.87762,2156.7822,231.65497,2154.4133,613086066238572,613086099038780
235.61087,2119.2715,231.65497,2146.996,613086099208051,613086138004040
204.32043,2074.6218,231.65497,2146.996,613086138162738,613086189268988
204.95584,2062.9258,231.65497,2119.2715,613086189350238,613086223253676
252.24228,2153.7844,231.65497,2146.996,613086224784249,613086257750290
240.55983,2181.7598,231.65497,2146.996,613086258686019,613086298881019
219.98383,2111.5813,231.65497,2146.996,613086298973467,613086351076019
222.28435,2131.7827,231.65497,2146.996,613086351176332,613086386278884
202.95996,2060.0203,222.28435,2131.7827,613086386380863,613086418430759
279.88217,2047.187,231.65497,2131.7827,613086428968259,613086463432426
226.60643,2003.3157,226.60643,2060.0203,613086463596957,613086498166228
247.98587,1987.5253,231.65497,2047.187,613086498349874,613086531828155
234.49638,1962.1865,231.65497,2003.3157,613086531957582,613086566725446
249.14221,1962.6184,234.49638,1987.5253,613086566870342,613086599893311
252.12929,2032.7874,234.49638,2003.3157,613086599988884,613086633202061
265.4134,2017.5563,249.14221,2003.3157,613086633305394,613086664682478
261.6813,2013.5348,252.12929,2013.5348,613086664783467,613086696913311
221.83762,2003.8256,249.14221,2003.8256,613086696999040,613086732327686
223.27583,1946.8385,249.14221,2003.8256,613086732432998,613086764371853
242.73183,2007.9896,242.73183,2003.8256,613086764547738,613086797671540
227.1636,2001.2618,242.73183,2003.8256,613086797827894,613086844361384
212.5472,2141.2993,242.73183,2003.8256,613086844460967,613086880669561
214.09848,2174.2842,227.1636,2003.8256,613086880768988,613086912401175
219.99043,2267.841,219.99043,2141.2993,613086912572061,613086943179717
200.36191,2256.228,219.99043,2174.2842,613086943351019,613086975342321
216.79189,2267.1262,219.99043,2256.228,613086975510967,613087006465186
184.75644,2191.4897,216.79189,2191.4897,613087006573155,613087043156384
216.50876,2141.665,216.79189,2191.4897,613087043337165,613087079589821
245.4523,2020.7739,216.79189,2191.4897,613087079736488,613087113077373
211.76999,1973.5093,216.79189,2141.665,613087113211384,613087145538311
212.91829,1984.1318,216.79189,2020.7739,613087145650602,613087177148207
205.8779,2005.0781,212.91829,2005.0781,613087177317790,613087206382998
213.10713,1985.8474,213.10713,2005.0781,613087206982061,613087235815342
234.67603,1941.3253,213.10713,2005.0781,613087235964925,613087270504404
200.64693,1953.9138,213.10713,1985.8474,613087270708519,613087305318884
219.63943,1913.3169,213.10713,1953.9138,613087305429769,613087342124717
218.21321,2028.1864,213.10713,1985.8474,613087342978727,613087379400186
198.40166,2029.4849,213.10713,1985.8474,613087379552425,613087412594300
163.29779,2002.5483,213.10713,2002.5483,613087412743675,613087446629613
190.00314,1969.9486,198.40166,1985.8474,613087446825081,613087477489821
242.3789,1972.6819,213.10713,1985.8474,613087477629248,613087509504456
153.78412,1971.7764,198.40166,1972.6819,613087509721227,613087540650811
204.07797,1974.4043,204.07797,1974.4043,613087540810081,613087576330342
189.33472,1959.2714,198.40166,1972.6819,613087576481748,613087609524404
211.14275,1864.8003,204.07797,1972.6819,613087609642842,613087640201852
228.96616,1992.3981,204.07797,1972.6819,613087640362269,613087670714404
219.7761,1917.6373,211.14275,1972.6819,613087670809248,613087705539508
242.31334,1977.9314,219.7761,1972.6819,613087705648623,613087738579144
201.11438,1901.189,211.14275,1972.6819,613087738667790,613087770512113
240.3558,1962.4666,219.7761,1972.6819,613087770622998,613087809770967
225.13127,1991.2692,219.7761,1972.6819,613087809857217,613087842035758
270.82144,1905.2349,225.13127,1972.6819,613087842217633,613087872768623
229.35585,1919.1814,225.13127,1972.6819,613087872871019,613087903175654
201.17906,1953.7307,225.13127,1953.7307,613087903276748,613087933933206
243.68387,1935.5889,225.13127,1953.7307,613087934078050,613087969244873
214.51692,1899.2915,225.13127,1953.7307,613087969340654,613088000467685
213.87077,1869.0894,225.13127,1935.5889,613088000625238,613088032646644
172.21645,1891.7524,214.51692,1899.2915,613088032824092,613088064840185
151.06999,1906.0168,213.87077,1906.0168,613088064994769,613088098549196
208.7692,1881.1292,208.7692,1899.2915,613088098702373,613088136931852
245.20793,1871.5038,213.87077,1899.2915,613088137095029,613088170293727
259.3287,1844.9586,213.87077,1881.1292,613088170426383,613088201813831
266.99265,1836.7147,245.20793,1871.5038,613088202003623,613088254891592
265.18777,1855.102,259.3287,1855.102,613088254982685,613088290582477
205.92007,1857.8625,245.20793,1857.8625,613088291537946,613088324335967
256.9906,1843.587,256.9906,1855.102,613088324488310,613088359948883
235.26624,1841.8018,245.20793,1855.102,613088361000967,613088391294300
213.66559,1834.0342,245.20793,1843.587,613088391376123,613088425108206
215.82114,1824.0642,235.26624,1841.8018,613088425200810,613088455386852
239.02875,1835.8906,239.02875,1835.8906,613088455502164,613088488273675
219.78616,1851.1323,235.26624,1841.8018,613088488451175,613088521345133
244.44977,1845.696,239.02875,1841.8018,613088521478154,613088552329664
223.9204,1841.243,235.26624,1841.8018,613088552429352,613088584497373
227.89343,1846.8998,235.26624,1841.8018,613088585667685,613088615884300
279.31354,1810.8562,235.26624,1841.8018,613088621521956,613088654625914
266.91272,1733.468,235.26624,1841.8018,613088654800237,613088688848206
210.69193,1738.819,235.26624,1810.8562,613088688946123,613088751936018
219.78499,1729.346,235.26624,1738.819,613088752041018,613088789220185
243.69443,1737.2238,235.26624,1738.819,613088789384508,613088823403102
242.8075,1724.8525,235.26624,1737.2238,613088824950185,613088858124716
244.41951,1688.0865,242.8075,1737.2238,613088858214404,613088890782998
242.10225,1688.5544,242.10225,1724.8525,613088890959456,613088924589404
248.94772,1728.6259,242.8075,1728.6259,613088924732581,613088958513935
234.67516,1724.3489,242.10225,1724.8525,613088958670758,613088992974456
272.7862,1685.9,242.8075,1724.8525,613088993086123,613089027775654
230.14876,1681.538,242.10225,1724.3489,613089027854091,613089060344039
245.25507,1683.2098,242.8075,1685.9,613089060488831,613089094041070
219.40173,1690.5383,242.10225,1690.5383,613089094201227,613089129273831
248.89186,1691.4269,242.8075,1690.5383,613089129368206,613089162479612
248.75114,1672.8411,242.8075,1690.5383,613089162577997,613089196795862
251.76385,1632.4388,248.75114,1690.5383,613089196964872,613089238365550
250.13068,1680.5487,248.75114,1680.5487,613089238915654,613089269388466
247.47649,1665.7859,248.75114,1680.5487,613089270390133,613089301197320
251.98535,1641.2032,248.75114,1680.5487,613089301305445,613089333087737
246.98181,1680.337,248.75114,1680.337,613089333454560,613089365601799
261.0922,1664.4679,248.75114,1680.337,613089365695966,613089398415393
268.7765,1640.2347,248.75114,1680.337,613089398533414,613089429841643
264.41708,1666.2366,261.0922,1666.2366,613089429928518,613089461513987
236.47507,1653.3824,248.75114,1666.2366,613089461620497,613089496243258
212.64647,1593.0498,248.75114,1666.2366,613089496361904,613089534348935
191.1826,1621.6185,236.47507,1653.3824,613089534465081,613089566462112
191.74966,1632.1837,212.64647,1632.1837,613089566565445,613089597132424
186.84679,1581.6436,191.74966,1632.1837,613089597305862,613089630640081
155.00436,1651.3036,191.74966,1632.1837,613089630819716,613089663259508
161.87065,1686.3018,186.84679,1632.1837,613089663410393,613089698564195
166.59108,1573.889,166.59108,1632.1837,613089698675341,613089744308987
180.74416,1559.7738,180.74416,1632.1837,613089744388466,613089784883362
205.51816,1610.2551,180.74416,1610.2551,613089785052581,613089818257789
167.18257,1520.4429,180.74416,1610.2551,613089818351695,613089858994351
140.22948,1607.462,180.74416,1610.2551,613089859157164,613089894281278
133.11246,1554.6964,167.18257,1607.462,613089894412997,613089927145862
186.32053,1576.1998,180.74416,1607.462,613089927243674,613089958002060
201.6828,1540.8582,180.74416,1576.1998,613089958089976,613089990072893
231.37703,1547.1787,186.32053,1576.1998,613089990174456,613090022143101
245.61153,1529.3257,201.6828,1547.1787,613090022346643,613090055730393
177.9867,1456.9855,186.32053,1547.1787,613090055897060,613090086950601
235.85408,1489.8328,201.6828,1529.3257,613090087632268,613090122383466
231.05933,1456.2542,201.6828,1489.8328,613090122468622,613090154220758
229.90446,1493.8693,229.90446,1493.8693,613090155671487,613090202917633
232.66463,1522.4033,229.90446,1493.8693,613090203020966,613090238703726
259.01633,1522.5557,229.90446,1493.8693,613090238899716,613090268539247
257.98315,1490.8093,232.66463,1493.8693,613090268714612,613090305102268
262.44626,1462.5035,257.98315,1493.8693,613090305204455,613090335276070
256.23483,1426.3896,256.23483,1490.8093,613090335451539,613090367369247
253.64622,1446.8378,256.23483,1462.5035,613090367483726,613090399465393
257.81,1420.7906,256.23483,1446.8378,613090399700705,613090445147580
298.58295,1405.3625,256.23483,1446.8378,613090445236070,613090479223257
302.27295,1396.2035,257.81,1420.7906,613090479381539,613090511932059
291.44598,1432.8232,291.44598,1432.8232,613090512118987,613090547784403
292.94125,1379.4711,291.44598,1420.7906,613090547904872,613090583406955
340.83798,1339.8253,291.44598,1420.7906,613090583628101,613090618021434
326.6312,1379.7507,292.94125,1379.7507,613090618165705,613090659881487
280.60068,1425.8435,291.44598,1420.7906,613090659996434,613090694148309
286.862,1377.9414,291.44598,1379.7507,613090694300705,613090729754976
294.04395,1338.6244,291.44598,1379.7507,613090729924299,613090764128570
320.81894,1266.6176,291.44598,1377.9414,613090764227424,613090818618049
334.45367,1284.9066,294.04395,1338.6244,613090818769299,613090856711278
312.81555,1245.9,312.81555,1284.9066,613090856894768,613090887455913
328.99402,1308.3136,312.81555,1308.3136,613090887554611,613090921335445
317.47876,1250.8907,312.81555,1284.9066,613090921435236,613090953726330
317.79602,1286.0775,317.47876,1286.0775,613090953891955,613090988563518
333.66766,1265.4829,317.47876,1284.9066,613090988717111,613091019605757
335.94156,1249.376,317.79602,1284.9066,613091020495966,613091055889768
331.39023,1230.9495,331.39023,1265.4829,613091056146643,613091091348570
324.9431,1231.4908,324.9431,1249.376,613091091503934,613091129031018
340.9133,1244.1503,331.39023,1244.1503,613091129584090,613091164444351
332.35156,1211.522,331.39023,1244.1503,613091164531538,613091198633726
336.61697,1128.8807,332.35156,1244.1503,613091198728778,613091229890705
345.816,1201.5897,332.35156,1211.522,613091229991747,613091285248361
336.983,1176.0182,336.61697,1201.5897,613091285339924,613091319603465
371.53058,1188.1996,336.983,1201.5897,613091319707372,613091353578049
385.86884,1162.3036,336.983,1188.1996,613091353669976,613091388521330
345.41565,1171.9525,345.41565,1188.1996,613091388612580,613091420776695
335.20166,1183.1742,336.983,1183.1742,613091420945392,613091453223153
318.2131,1186.4325,336.983,1186.4325,613091453396122,613091485125757
344.0344,1196.2284,336.983,1186.4325,613091486406174,613091520719507
363.61813,1167.1096,336.983,1186.4325,613091520866799,613091556366122
326.77,1162.321,336.983,1186.4325,613091556447267,613091589186851
347.31665,1177.1194,336.983,1177.1194,613091589326747,613091622012580
335.3652,1163.4615,336.983,1177.1194,613091622321122,613091658657840
353.48038,1164.5944,336.983,1177.1194,613091658755861,613091691590497
366.75925,1139.055,336.983,1164.5944,613091691708153,613091724287476
378.9955,1137.0223,353.48038,1164.5944,613091724459715,613091761338361
366.22452,1136.4452,366.22452,1139.055,613091762282996,613091800178726
371.34204,1185.9132,366.22452,1164.5944,613091800372007,613091830892007
357.70438,1171.0968,366.22452,1164.5944,613091831133257,613091863835288
366.59006,1146.2776,366.22452,1164.5944,613091864675288,613091895818465
360.30893,1165.2471,366.22452,1164.5944,613091895930913,613091927129767
374.89056,1093.4388,366.22452,1164.5944,613091927221382,613091962187892
330.74362,1054.1311,366.22452,1164.5944,613091962286330,613091997955705
332.86453,1100.8815,366.22452,1100.8815,613091998540653,613092030063153
366.317,1103.7668,366.22452,1103.7668,613092030522163,613092065384715
386.7729,1120.5135,366.22452,1103.7668,613092065570861,613092106667788
394.81375,1079.3745,366.317,1103.7668,613092106747580,613092135771642
378.75198,1062.9403,378.75198,1103.7668,613092135869507,613092167365601
382.34903,1087.1901,378.75198,1087.1901,613092168692736,613092199794715
382.60306,1038.9191,378.75198,1087.1901,613092202175653,613092230857944
383.51294,996.3557,382.34903,1087.1901,613092230986903,613092263619194
445.07318,966.52826,382.60306,1038.9191,613092263746330,613092296473100
382.67865,1014.9586,382.67865,1014.9586,613092296582788,613092331252996
390.7053,1000.3125,382.67865,1014.9586,613092331424559,613092366493517
382.0338,868.4702,382.67865,1014.9586,613092366634975,613092406780965
383.9544,823.0292,382.67865,1000.3125,613092406904507,613092438563517
390.4437,763.0742,382.67865,868.4702,613092438740652,613092468614246
384.81985,762.86676,383.9544,823.0292,613092468779402,613092497967267
390.27414,752.2628,384.81985,763.0742,613092498150080,613092528626590
408.84747,711.71497,384.81985,762.86676,613092528718309,613092568960809
398.32245,697.85187,390.27414,752.2628,613092569130548,613092600837111
407.63187,693.7512,398.32245,711.71497,613092600965809,613092636130600
459.11005,721.4438,398.32245,721.4438,613092636228621,613092665589871
385.59067,617.72235,398.32245,711.71497,613092665739923,613092695108829
340.04108,642.59875,398.32245,711.71497,613092695212684,613092733297788
391.47806,616.70325,391.47806,642.59875,613092733476850,613092763591069
319.6836,627.0367,391.47806,642.59875,613092763764038,613092800990965
331.68613,691.85834,391.47806,642.59875,613092801144298,613092833116329
377.6892,684.92426,377.6892,642.59875,613092833294246,613092863930652
399.6147,657.1899,391.47806,657.1899,613092864124402,613092896391486
413.64075,606.89954,391.47806,642.59875,613092896582840,613092928101954
361.4748,679.6354,391.47806,657.1899,613092929233204,613092967485444
293.26794,595.11346,391.47806,642.59875,613092967653152,613092999350288
339.34882,550.2859,361.4748,642.59875,613092999534454,613093032176902
279.3885,612.3087,339.34882,612.3087,613093032357684,613093068721590
333.2301,591.5953,339.34882,612.3087,613093068813361,613093098631590
356.69894,633.94,339.34882,612.3087,613093098814611,613093129542058
396.65198,576.16785,339.34882,612.3087,613093130245392,613093164637111
344.4782,590.8313,344.4782,612.3087,613093164801850,613093197111381
332.04156,598.941,339.34882,598.941,613093197283204,613093231953361
345.82254,523.8931,344.4782,598.941,613093232210496,613093263257371
327.74765,619.83813,339.34882,598.941,613093263397736,613093297451173
324.114,629.5885,339.34882,598.941,613093297646433,613093327568829
425.05975,522.8541,339.34882,598.941,613093328668204,613093361767319
389.1029,526.5136,339.34882,598.941,613093361926381,613093398414923
418.91605,476.01074,389.1029,526.5136,613093398611017,613093432954246
336.35083,543.71533,339.34882,543.71533,613093433127996,613093465627006
345.50293,576.2792,345.50293,543.71533,613093465759298,613093507026746
342.37482,559.6561,342.37482,543.71533,613093507116485,613093541705287
373.16376,538.9346,345.50293,543.71533,613093541795600,613093573850287
401.52505,525.9166,345.50293,543.71533,613093573945027,613093610847110
419.86978,527.3085,373.16376,538.9346,613093610957215,613093644726225
437.78775,505.60312,401.52505,527.3085,613093645772527,613093678224037
381.74222,458.4218,381.74222,527.3085,613093679169142,613093713412006
362.28156,459.94864,381.74222,505.60312,613093714952996,613093748347475
379.8161,460.80212,381.74222,460.80212,613093749999558,613093807443725
357.33707,430.39667,379.8161,460.80212,613093807542267,613093837261485
353.74457,436.17578,379.8161,460.80212,613093837427787,613093869306329
411.1241,414.52216,379.8161,436.17578,613093869484194,613093900429923
477.8047,385.33057,379.8161,436.17578,613093900610860,613093932175027
527.0124,429.91827,411.1241,429.91827,613093932306433,613093965353308
471.27878,433.31207,471.27878,433.31207,613093965534454,613094012168048
412.69608,417.21155,412.69608,429.91827,613094012257839,613094043056641
436.28244,420.25766,436.28244,429.91827,613094043596277,613094075943829
432.73663,430.448,432.73663,429.91827,613094080053829,613094114736746
477.73438,405.74548,436.28244,429.91827,613094114896277,613094150583516
478.3779,390.75314,436.28244,429.91827,613094153961225,613094190295339
479.65338,354.74106,477.73438,405.74548,613094190383308,613094224494454
471.4093,372.68942,471.4093,390.75314,613094224593256,613094269459662
476.2304,377.0544,476.2304,377.0544,613094269534037,613094300836954
499.63577,363.68723,476.2304,377.0544,613094300995443,613094332282371
471.7812,362.1203,476.2304,377.0544,613094332439089,613094364270235
512.0165,329.825,476.2304,363.68723,613094364412579,613094396770912
511.85245,322.71112,476.2304,362.1203,613094396973308,613094429648881
528.2611,302.94012,511.85245,329.825,613094429825495,613094460732683
526.00055,329.11285,511.85245,329.11285,613094460914714,613094513644766
531.70386,309.88416,526.00055,329.11285,613094514300079,613094543747214
476.77142,324.90796,511.85245,329.11285,613094545256798,613094577242423
514.2248,301.63757,514.2248,324.90796,613094577436068,613094608679245
481.0174,339.81604,511.85245,329.11285,613094608793933,613094643316954
492.47772,319.25064,511.85245,324.90796,613094655297214,613094695947995
500.52985,326.51398,500.52985,326.51398,613094696173256,613094727203777
481.81897,320.2954,500.52985,324.90796,613094727377839,613094758151016
529.43115,312.4619,500.52985,324.90796,613094758265547,613094791244922
492.60318,312.7515,500.52985,320.2954,613094791339454,613094826677995
555.93085,329.5066,500.52985,324.90796,613094826772527,613094859920964
516.4418,308.48438,500.52985,320.2954,613094860150339,613094893186745
539.7663,321.83163,516.4418,321.83163,613094893357683,613094933602162
527.00366,311.2481,516.4418,320.2954,613094933747422,613094963433360
543.6272,321.5761,527.00366,321.5761,613094963579922,613095010365183
513.1859,305.12088,516.4418,320.2954,613095010454297,613095040101068
530.4712,297.47885,527.00366,320.2954,613095043444037,613095077432474
509.64822,310.0134,516.4418,310.0134,613095077551954,613095112394506
506.07953,282.21014,516.4418,310.0134,613095112464610,613095141093308
515.1642,257.8035,515.1642,310.0134,613095143360235,613095176432266
533.3791,283.38104,516.4418,283.38104,613095176598308,613095207787214
514.0972,284.3026,515.1642,284.3026,613095209235235,613095238865079
544.4597,280.01025,516.4418,283.38104,613095242366120,613095276682214
575.0131,308.45123,516.4418,284.3026,613095276767839,613095308970131
553.2462,290.72192,544.4597,284.3026,613095310618568,613095342531016
548.732,289.14203,548.732,289.14203,613095347879662,613095379414506
532.1892,284.84882,544.4597,284.84882,613095379572214,613095410746381
513.8981,299.88745,544.4597,289.14203,613095411645391,613095447964089
541.27264,286.20285,541.27264,286.20285,613095448154766,613095482446849
545.5104,275.63416,544.4597,286.20285,613095482543880,613095519568464
539.22797,273.87433,541.27264,286.20285,613095519675599,613095552870339
574.436,266.7765,544.4597,275.63416,613095555243985,613095587733151
548.82574,247.03883,544.4597,273.87433,613095587831485,613095648069558
574.6846,233.08368,548.82574,266.7765,613095648193672,613095681105391
584.93933,251.91582,548.82574,251.91582,613095681202995,613095717524089
626.5012,278.8223,574.6846,266.7765,613095717610651,613095749644297
604.77655,274.48096,584.93933,266.7765,613095749803672,613095783114401
569.15955,257.39667,574.6846,266.7765,613095783197839,613095819297474
600.003,261.67184,584.93933,266.7765,613095819410599,613095866570443
599.8263,266.58505,584.93933,266.58505,613095866754818,613095898960026
581.20593,248.53612,584.93933,266.58505,613095899121172,613095931747005
607.59955,262.4347,584.93933,266.58505,613095931912839,613095961630599
609.9959,271.62512,584.93933,266.58505,613095961820807,613095992939818
618.1095,264.05667,607.59955,266.58505,613095993148099,613096029475912
628.5712,252.15521,609.9959,266.58505,613096029580339,613096064490443
605.24097,260.84235,607.59955,264.05667,613096064653880,613096094577266
603.6538,274.80118,607.59955,266.58505,613096094759297,613096126566901
628.05756,277.24463,607.59955,266.58505,613096126732682,613096164101172
632.25757,264.51694,607.59955,266.58505,613096164987214,613096198370547
646.61884,279.4337,628.05756,266.58505,613096198548464,613096229525755
627.08496,274.63535,627.08496,266.58505,613096229708776,613096262699609
653.63995,265.81656,628.05756,266.58505,613096262885130,613096296201536
617.6321,275.8034,627.08496,266.58505,613096296397161,613096326053984
645.3261,267.54715,628.05756,266.58505,613096326222422,613096358507422
665.6292,281.31226,628.05756,267.54715,613096358692786,613096391505599
677.30817,287.64688,645.3261,267.54715,613096391608463,613096423260130
653.03674,274.24323,653.03674,274.24323,613096423382266,613096459878516
658.4245,248.4681,653.03674,267.54715,613096459997318,613096499769870
676.2688,253.55847,653.03674,267.54715,613096499885651,613096533822734
722.1691,287.6598,658.4245,267.54715,613096533914766,613096568701536
687.15344,277.7464,676.2688,267.54715,613096568803151,613096599613359
706.83954,265.7703,687.15344,267.54715,613096599706953,613096630945286
706.2477,265.3097,687.15344,267.54715,613096631049870,613096663226276
684.8095,274.255,687.15344,267.54715,613096663331588,613096696136120
688.717,284.5475,687.15344,267.54715,613096696250130,613096728601432
658.3564,280.74847,687.15344,274.255,613096728777474,613096759557265
655.9895,262.71622,687.15344,267.54715,613096759650911,613096791707005
683.5426,280.07242,683.5426,274.255,613096791884297,613096824161536
673.6888,268.49667,683.5426,268.49667,613096824256067,613096858267213
694.6481,286.41388,683.5426,274.255,613096858372526,613096891750755
722.4353,263.2775,683.5426,268.49667,613096891926640,613096923695859
705.7003,253.00952,694.6481,268.49667,613096923873932,613096959483411
681.85144,263.09595,683.5426,263.2775,613096959577265,613096992858776
749.5562,239.95874,694.6481,263.09595,613096992994974,613097027429765
677.6624,237.36015,683.5426,263.09595,613097027600911,613097061697942
709.8578,263.8328,694.6481,263.09595,613097061852317,613097093133672
714.4081,261.35596,694.6481,263.09595,613097093307369,613097125879713
687.9938,257.7448,694.6481,263.09595,613097126060182,613097158927942
706.8081,260.86133,694.6481,261.35596,613097159085703,613097190431692
713.973,273.67377,694.6481,263.09595,613097190597057,613097222743099
712.46045,270.455,706.8081,263.09595,613097222892630,613097254468776
684.12134,265.0182,694.6481,265.0182,613097254649453,613097285615494
708.6093,277.7359,706.8081,265.0182,613097285718724,613097319880026
708.3217,268.4102,706.8081,265.0182,613097320065911,613097351068724
704.3231,259.78244,706.8081,265.0182,613097351161067,613097386308567
735.0962,263.73932,706.8081,265.0182,613097386406432,613097421000755
749.52277,260.08737,706.8081,263.73932,613097421875546,613097461378515
699.2637,254.60272,706.8081,263.73932,613097461557317,613097495710651
744.2165,255.33974,706.8081,260.08737,613097495904140,613097528443932
743.3064,248.56496,706.8081,255.33974,613097528635234,613097557502838
698.9264,256.57614,706.8081,256.57614,613097557604348,613097590345494
756.13055,257.73425,706.8081,256.57614,613097590442057,613097624948723
699.07,256.70752,706.8081,256.57614,613097625049973,613097657027317
702.611,261.86096,706.8081,256.70752,613097657128619,613097689088671
732.4501,236.1944,706.8081,256.57614,613097689182369,613097721596953
720.4623,240.0705,706.8081,256.57614,613097722646848,613097755470286
724.03986,245.12244,720.4623,245.12244,613097756354557,613097788427630
761.32385,242.14925,720.4623,245.12244,613097788618098,613097821863150
753.8098,244.0807,724.03986,245.12244,613097822040546,613097866086119
776.9167,263.51596,753.8098,245.12244,613097866184817,613097896404452
751.93134,223.18541,751.93134,245.12244,613097896516744,613097927298202
737.5767,232.8889,751.93134,245.12244,613097927477265,613097958204869
759.22284,231.30186,751.93134,232.8889,613097958319609,613097989410494
743.49274,202.31725,751.93134,232.8889,613097989512838,613098021660338
747.5724,213.0596,751.93134,231.30186,613098021749088,613098055770286
734.2825,206.71817,747.5724,213.0596,613098055864505,613098087559817
757.04565,216.51883,751.93134,216.51883,613098087763775,613098120642994
762.0002,217.47385,751.93134,216.51883,613098121311640,613098154053775
759.6561,206.99292,757.04565,216.51883,613098154617629,613098189118307
748.08344,227.57684,751.93134,216.51883,613098189274869,613098222792994
776.49915,216.5083,757.04565,216.51883,613098222979765,613098255604713
747.56726,249.56435,751.93134,216.51883,613098255775025,613098289872317
765.2565,218.11858,757.04565,216.51883,613098290059400,613098322576536
737.4043,243.65434,751.93134,218.11858,613098322771588,613098359238411
795.1724,244.14777,757.04565,218.11858,613098359330598,613098392763775
801.32495,259.09888,757.04565,243.65434,613098392939713,613098425033879
814.7335,244.82008,795.1724,244.14777,613098425144765,613098457240650
795.4138,271.41132,795.4138,244.82008,613098457342004,613098494903254
782.6767,249.22937,795.1724,244.82008,613098495046379,613098525068359
786.70526,230.07246,795.1724,244.82008,613098525236484,613098561587213
793.2127,277.81595,793.2127,244.82008,613098561732056,613098594106744
772.5705,268.68848,793.2127,244.82008,613098594279088,613098627476327
798.5615,259.14917,793.2127,259.14917,613098627678567,613098662292369
768.9945,241.27965,793.2127,244.82008,613098662466483,613098695757629
782.3187,270.50812,793.2127,259.14917,613098695938150,613098727609817
770.454,224.17218,782.3187,244.82008,613098727707213,613098761363358
815.94586,217.65144,793.2127,244.82008,613098761474088,613098796748046
827.27997,282.16684,793.2127,244.82008,613098796870546,613098833675858
778.63947,218.27083,793.2127,244.82008,613098833779817,613098867461535
807.1682,233.76038,793.2127,244.82008,613098867574452,613098907078254
783.32263,240.07454,793.2127,240.07454,613098907177890,613098939986796
810.20074,242.97795,793.2127,242.97795,613098940149140,613098971573410
842.86804,250.46223,793.2127,242.97795,613098972623879,613099006416379
811.7687,253.16643,810.20074,242.97795,613099008212994,613099039444087
844.45917,260.96573,811.7687,250.46223,613099040525702,613099073016327
837.5802,261.7356,811.7687,253.16643,613099073671015,613099104203410
843.6617,264.7357,837.5802,260.96573,613099104909192,613099134739348
865.6402,267.3848,837.5802,261.7356,613099140282890,613099173897577
850.7185,251.75267,843.6617,260.96573,613099174037056,613099205687681
800.9314,265.76086,837.5802,261.7356,613099206854087,613099261793202
826.2263,266.22824,837.5802,261.7356,613099261904244,613099291930858
845.7935,262.2098,837.5802,262.2098,613099292207004,613099331983098
809.2817,278.40656,837.5802,262.2098,613099332110494,613099363181952
824.3886,244.30379,837.5802,262.2098,613099363284973,613099393021952
845.55963,241.09099,837.5802,262.2098,613099393162473,613099424841171
863.79004,279.0084,837.5802,262.2098,613099425065962,613099456326171
835.6458,298.2725,837.5802,262.2098,613099456491900,613099489377369
835.5444,254.00427,837.5802,262.2098,613099489563254,613099524881431
832.11487,274.80988,835.6458,262.2098,613099525060806,613099559784035
786.77374,259.7349,835.5444,262.2098,613099559949244,613099590863254
814.55664,282.26047,832.11487,262.2098,613099591029921,613099621327264
831.59827,290.7006,831.59827,262.2098,613099621462733,613099654497004
821.5166,279.5857,831.59827,279.5857,613099654677681,613099687325233
826.253,326.0038,831.59827,279.5857,613099687421327,613099720428358
834.028,303.8827,831.59827,279.5857,613099720576066,613099754610858
850.78674,296.50476,831.59827,296.50476,613099756063827,613099788232629
836.8836,305.09592,834.028,296.50476,613099788338827,613099822032941
904.31036,312.5402,836.8836,296.50476,613099822204608,613099853546848
932.76416,323.8317,836.8836,305.09592,613099853723410,613099892475754
909.2775,337.4941,904.31036,312.5402,613099892623306,613099925024660
916.8432,325.56116,909.2775,323.8317,613099925213670,613099958222368
963.2563,323.86102,909.2775,323.86102,613099958335598,613099989701743
937.33527,323.5432,916.8432,323.8317,613099989807264,613100020957264
940.67615,340.09027,937.33527,323.86102,613100021062316,613100057217889
900.5255,273.25433,916.8432,323.8317,613100057330233,613100090646535
876.9982,314.89117,916.8432,323.8317,613100090836639,613100122218514
857.7707,310.42725,900.5255,314.89117,613100122398254,613100154294504
869.42944,329.07242,876.9982,323.8317,613100154476900,613100192513254
883.6231,285.41068,883.6231,314.89117,613100192677993,613100234438254
887.1349,282.9587,883.6231,314.89117,613100234564400,613100266977264
911.51685,339.01935,883.6231,314.89117,613100268632941,613100312687993
894.2088,309.4802,887.1349,314.89117,613100312834243,613100347192524
894.869,338.24637,894.2088,314.89117,613100347333983,613100398027837
906.0682,332.25235,894.2088,314.89117,613100398160493,613100430800545
920.2406,322.21042,894.869,322.21042,613100430994347,613100462675233
929.9288,328.83517,906.0682,322.21042,613100462929608,613100493349868
926.2494,332.7249,920.2406,322.21042,613100493434920,613100525079504
884.13855,353.30988,906.0682,328.83517,613100525241170,613100554940545
934.5845,354.60257,920.2406,332.7249,613100555096899,613100593090024
918.7803,336.09366,918.7803,336.09366,613100594041847,613100624549972
928.59973,362.16943,920.2406,336.09366,613100624712837,613100657323983
910.5683,392.00928,918.7803,336.09366,613100657497733,613100689949920
918.44476,350.37762,918.7803,350.37762,613100690071066,613100724384712
925.49146,342.985,918.7803,342.985,613100724587368,613100765006691
926.92737,365.434,918.7803,350.37762,613100765112993,613100801617837
933.30676,381.08508,925.49146,350.37762,613100801814608,613100836218410
949.0442,448.31122,926.92737,365.434,613100836350493,613100868197889
964.2329,441.3596,933.30676,381.08508,613100869903306,613100906649972
963.43274,379.78516,949.0442,379.78516,613100906738253,613100940801483
955.6854,422.88223,955.6854,381.08508,613100940878566,613100979168358
940.5976,403.47488,949.0442,381.08508,613100979272941,613101019934868
927.14746,381.73734,949.0442,381.73734,613101020149868,613101054189972
920.5108,388.60376,940.5976,381.73734,613101054362212,613101085239555
916.8339,410.96158,927.14746,381.73734,613101085383930,613101121182108
916.1564,387.68454,920.5108,387.68454,613101121325649,613101163343618
915.0409,405.8005,916.8339,387.68454,613101163441378,613101194971639
925.91113,456.2556,920.5108,387.68454,613101195129764,613101245349712
915.30646,460.52017,916.8339,405.8005,613101245448357,613101280924503
927.6995,480.42767,920.5108,456.2556,613101281094607,613101320855805
904.0148,488.21713,916.8339,460.52017,613101321017368,613101357655962
947.39685,498.13516,920.5108,480.42767,613101357752837,613101388181014
917.4861,492.43332,917.4861,488.21713,613101388361222,613101420359764
921.4701,521.0116,920.5108,492.43332,613101420510649,613101453023566
933.46063,512.43555,920.5108,492.43332,613101453184920,613101484221378
894.7053,539.1162,920.5108,512.43555,613101484408097,613101518895649
918.9222,490.10342,920.5108,492.43332,613101519062055,613101552589399
946.54083,531.1778,920.5108,512.43555,613101552735284,613101585134607
912.05585,549.2367,920.5108,512.43555,613101585315284,613101618265336
922.1064,529.1749,920.5108,529.1749,613101618363618,613101657561743
926.5717,547.5297,920.5108,529.1749,613101657708566,613101688253826
934.02496,574.5372,922.1064,529.1749,613101688364034,613101719817576
930.3274,532.72406,926.5717,532.72406,613101719922993,613101754471951
936.93097,622.563,930.3274,532.72406,613101754586378,613101786862159
945.4742,674.9227,930.3274,532.72406,613101787065024,613101820632211
943.2719,579.68243,936.93097,579.68243,613101820800388,613101854985805
942.33844,605.72003,942.33844,579.68243,613101855165857,613101886508305
951.9593,644.8414,942.33844,579.68243,613101886723305,613101921029399
955.75446,693.76636,942.33844,605.72003,613101921232472,613101952373253
956.2961,658.45935,951.9593,644.8414,613101952528878,613101985946378
924.36,647.3519,942.33844,647.3519,613101986094295,613102023845649
945.5616,665.42145,945.5616,647.3519,613102023961326,613102055690701
979.9204,644.5968,945.5616,647.3519,613102055806586,613102087752159
960.887,660.7591,945.5616,647.3519,613102087884243,613102117852940
940.0757,643.1409,945.5616,647.3519,613102117967993,613102151250649
966.86487,694.38654,945.5616,647.3519,613102151352211,613102192362472
931.63654,712.0906,945.5616,647.3519,613102192862315,613102227348878
944.4735,675.2411,945.5616,675.2411,613102227503357,613102257534920
936.8245,687.3323,944.4735,675.2411,613102257641690,613102286887680
957.0496,706.94214,945.5616,675.2411,613102287070753,613102318839920
956.6356,749.28674,945.5616,687.3323,613102319027524,613102351618982
958.65845,749.766,956.6356,706.94214,613102351793201,613102384556326
918.72076,722.5043,945.5616,722.5043,613102384709295,613102415861534
913.71533,750.86255,945.5616,722.5043,613102416054086,613102449215336
935.8906,737.5713,935.8906,722.5043,613102449375492,613102483176222
932.2787,784.48645,935.8906,737.5713,613102483358722,613102519772992
970.96576,778.9715,935.8906,737.5713,613102519971169,613102551449451
965.2223,855.0774,935.8906,778.9715,613102551565753,613102584331013
957.2379,817.3418,957.2379,778.9715,613102584452628,613102616658513
946.5578,793.9707,946.5578,793.9707,613102616765857,613102659200961
924.45654,805.05316,946.5578,793.9707,613102659365180,613102696438878
936.11035,858.9576,946.5578,793.9707,613102696531951,613102727233721
949.5001,842.27527,946.5578,805.05316,613102727387628,613102757153461
945.89606,860.9803,946.5578,842.27527,613102757285961,613102789498826
947.7522,880.402,946.5578,842.27527,613102789603409,613102822387784
958.61163,854.0113,946.5578,854.0113,613102822486430,613102854843253
954.73175,884.10956,947.7522,854.0113,613102855016065,613102888723721
938.3162,902.0369,946.5578,854.0113,613102888818617,613102918412055
951.8957,903.5872,947.7522,884.10956,613102918520388,613102951026638
933.1868,941.5413,946.5578,902.0369,613102951126690,613102984995336
928.97,947.21545,946.5578,903.5872,613102985106430,613103017043148
946.5783,939.18524,946.5578,939.18524,613103017166742,613103049417732
957.95294,934.6847,946.5578,934.6847,613103049538305,613103089325180
956.40497,1002.3529,946.5783,939.18524,613103089425232,613103151844138
943.2393,1015.4864,946.5578,939.18524,613103151957836,613103188475805
953.7736,1058.0352,946.5783,1002.3529,613103188594815,613103221089190
924.29565,1018.4824,946.5578,1015.4864,613103221194555,613103254941013
946.8915,1049.6598,946.5783,1018.4824,613103255037575,613103286244659
918.7421,1048.6439,946.5578,1018.4824,613103286337523,613103317828096
947.9017,1052.802,946.5783,1048.6439,613103317941430,613103348965075
947.7328,1078.8993,946.5783,1048.6439,613103349130440,613103381383721
951.59106,1106.1283,947.7328,1052.802,613103381464711,613103415778669
964.03326,1106.2355,947.7328,1078.8993,613103415867940,613103447498982
949.7149,1090.1061,949.7149,1090.1061,613103447610075,613103479489242
953.0338,1098.4897,949.7149,1090.1061,613103479586325,613103513162315
946.61646,1089.5374,949.7149,1090.1061,613103513251117,613103547135961
944.5337,1135.8452,949.7149,1090.1061,613103547247471,613103579935857
956.4714,1143.8718,949.7149,1090.1061,613103580115179,613103613485232
938.984,1166.4697,949.7149,1135.8452,613103613642211,613103659071846
941.8686,1191.8018,949.7149,1143.8718,613103659175075,613103690786273
945.6171,1160.6553,945.6171,1160.6553,613103690971586,613103723666482
948.2858,1177.6678,948.2858,1160.6553,613103723832471,613103755081638
945.5452,1180.5688,945.6171,1160.6553,613103755225284,613103787449138
956.4187,1200.6993,948.2858,1177.6678,613103787544554,613103821254919
958.2509,1152.0642,948.2858,1160.6553,613103821386325,613103853970440
953.16797,1135.096,953.16797,1160.6553,613103854075544,613103886994867
923.8022,1134.1943,948.2858,1152.0642,613103887085961,613103930368148
949.1868,1074.6215,949.1868,1135.096,613103930542627,613103967449763
923.08246,1148.6824,948.2858,1148.6824,613103967620127,613104003299033
917.4818,1158.5636,948.2858,1148.6824,613104003371742,613104039848877
910.9449,1244.5157,923.08246,1148.6824,613104039990596,613104073141638
895.1501,1209.6481,917.4818,1158.5636,613104073288565,613104104709086
918.1624,1246.7106,918.1624,1209.6481,613104104819086,613104140918044
941.3015,1227.3656,918.1624,1209.6481,613104141005231,613104174276533
961.8559,1259.2933,918.1624,1227.3656,613104174459242,613104206039971
965.464,1262.044,941.3015,1227.3656,613104206170127,613104242912575
934.1248,1262.3181,934.1248,1259.2933,613104244937835,613104280190752
934.47577,1291.0479,934.47577,1262.044,613104280346533,613104312075023
963.01337,1317.6327,934.47577,1262.3181,613104312184346,613104346829294
969.2568,1404.579,934.47577,1291.0479,613104346941846,613104380589763
935.2805,1312.9973,935.2805,1312.9973,613104380762367,613104414990700
931.3078,1305.9948,934.47577,1305.9948,613104415172523,613104449266429
953.37646,1340.7487,935.2805,1312.9973,613104449425908,613104480615335
926.43054,1366.2217,934.47577,1312.9973,613104480795856,613104514094815
920.7009,1364.6099,934.47577,1340.7487,613104514195127,613104545096846
938.03253,1379.0072,934.47577,1364.6099,613104545266481,613104576098877
950.4853,1355.4379,934.47577,1355.4379,613104576277731,613104608410231
939.8349,1336.0593,938.03253,1355.4379,613104609347940,613104643568252
949.2951,1388.9303,939.8349,1355.4379,613104643666325,613104681173981
929.9027,1428.4949,938.03253,1355.4379,613104681284398,613104713101533
942.3263,1415.894,939.8349,1388.9303,613104713204502,613104744115075
961.5276,1416.3082,939.8349,1415.894,613104744311273,613104776822262
925.7478,1405.3197,939.8349,1405.3197,613104776926377,613104809913460
951.1093,1439.91,939.8349,1415.894,613104810021585,613104842683200
943.69006,1445.0999,939.8349,1415.894,613104842855752,613104878005908
941.1325,1489.9019,941.1325,1439.91,613104878190648,613104910187314
940.81244,1476.788,940.81244,1445.0999,613104910336429,613104941440283
922.3753,1483.4366,940.81244,1476.788,613104941556325,613104975914971
940.7562,1491.4268,940.81244,1476.788,613104976152314,613105012341794
934.2745,1497.0898,940.7562,1483.4366,613105012510544,613105046898616
956.454,1518.456,940.81244,1491.4268,613105047044450,613105082019398
938.6494,1568.73,940.7562,1497.0898,613105082124919,613105119692054
938.5132,1561.6589,940.7562,1518.456,613105120483356,613105151711846
932.40967,1502.6416,938.6494,1502.6416,613105151815700,613105184644606
941.88446,1549.6525,940.7562,1518.456,613105184748148,613105217687835
921.18036,1537.7356,938.6494,1518.456,613105217785908,613105248120439
914.8007,1515.7173,938.6494,1518.456,613105248243668,613105280172471
940.15796,1569.6694,938.6494,1518.456,613105280371846,613105312833148
941.93994,1541.6389,938.6494,1518.456,613105313004033,613105346953825
911.89435,1595.684,938.6494,1541.6389,613105347134293,613105384445908
912.60065,1553.6234,938.6494,1541.6389,613105384554658,613105415432679
904.03644,1556.4949,912.60065,1553.6234,613105415535127,613105447383773
881.8389,1568.0007,912.60065,1553.6234,613105447489293,613105479801481
898.9704,1612.3295,904.03644,1556.4949,613105479982783,613105512082627
926.7048,1652.6573,912.60065,1568.0007,613105512185179,613105551908200
894.14624,1635.5679,904.03644,1612.3295,613105552865231,613105587872418
922.23395,1620.2197,912.60065,1620.2197,613105588051012,613105620491429
941.80756,1612.2032,912.60065,1612.3295,613105620670179,613105650954710
898.4597,1654.0015,912.60065,1620.2197,613105651076689,613105683655127
911.9983,1669.3392,912.60065,1620.2197,613105683753043,613105742140752
893.7995,1672.0385,911.9983,1654.0015,613105742239918,613105776363304
911.787,1729.8453,911.9983,1669.3392,613105776474658,613105810347783
914.1341,1669.5161,911.9983,1669.5161,613105810534502,613105843057210
878.2146,1736.0377,911.9983,1669.5161,613105843241585,613105881315960
901.30743,1716.7617,911.9983,1669.5161,613105881767574,613105914004241
899.7324,1741.6093,901.30743,1716.7617,613105914142210,613105952096585
897.43335,1726.1414,901.30743,1716.7617,613105952242939,613105982277783
910.86194,1691.3724,901.30743,1716.7617,613105982377106,613106035070283
887.34814,1777.8899,901.30743,1716.7617,613106035226481,613106067392106
884.3801,1739.3951,901.30743,1716.7617,613106069356012,613106101018043
881.0724,1742.5834,887.34814,1739.3951,613106101509033,613106137602835
895.7257,1769.3109,895.7257,1739.3951,613106137729189,613106170174970
881.1339,1757.8843,887.34814,1742.5834,613106170346220,613106206220126
894.01556,1763.456,894.01556,1757.8843,613106206306116,613106240600647
882.77856,1777.125,887.34814,1757.8843,613106240783772,613106273067783
866.0185,1762.3947,887.34814,1762.3947,613106273235439,613106305493356
898.19714,1806.179,887.34814,1762.3947,613106305648512,613106340263460
889.7702,1806.8479,887.34814,1762.3947,613106340439241,613106379214033
900.48694,1813.212,889.7702,1806.179,613106379294397,613106414850751
870.674,1793.1396,887.34814,1793.1396,613106415025699,613106460127991
887.02185,1798.5735,887.34814,1798.5735,613106460237939,613106496640439
879.9771,1786.3877,887.02185,1793.1396,613106496804658,613106545315283
871.32245,1814.0525,887.02185,1798.5735,613106545425439,613106582727939
885.7692,1833.9957,885.7692,1798.5735,613106582818095,613106616478616
875.93823,1825.912,885.7692,1814.0525,613106617430595,613106650758043
896.6403,1805.0188,885.7692,1805.0188,613106650917991,613106706526428
892.2748,1825.7715,885.7692,1814.0525,613106706622157,613106736067626
853.0038,1864.9968,885.7692,1814.0525,613106736217105,613106774038720
875.69934,1868.6573,885.7692,1825.7715,613106774187730,613106806660855
868.8926,1889.2377,875.69934,1864.9968,613106806804189,613106839610282
878.71075,1896.0613,878.71075,1868.6573,613106841888876,613106874911845
855.28357,1916.6543,875.69934,1889.2377,613106875018355,613106907972887
881.1588,1927.8784,878.71075,1896.0613,613106908203980,613106938998147
876.79553,1911.4281,876.79553,1911.4281,613106939151376,613106979672366
861.76654,1856.1323,876.79553,1896.0613,613106979767157,613107014797001
857.27673,1880.8617,876.79553,1896.0613,613107014899605,613107047734397
840.11383,1904.0259,861.76654,1896.0613,613107047836272,613107083987626
862.0594,1895.0442,862.0594,1896.0613,613107084562157,613107117072991
816.05646,1925.2782,861.76654,1896.0613,613107117235074,613107149103668
825.42755,1915.0778,861.76654,1896.0613,613107149226636,613107183150022
868.60706,1895.4973,861.76654,1896.0613,613107184213043,613107218924084
866.5686,1883.2953,861.76654,1896.0613,613107219051689,613107250693095
832.1294,1945.5713,861.76654,1896.0613,613107250853199,613107282549813
854.9499,1935.4375,861.76654,1896.0613,613107282686532,613107317934918
834.15845,1955.2336,854.9499,1935.4375,613107318115959,613107351206584
848.19183,1943.3711,854.9499,1935.4375,613107351373303,613107386802470
832.7684,1975.3589,848.19183,1943.3711,613107386909501,613107418131949
831.1638,1992.1604,848.19183,1943.3711,613107418306949,613107451884501
859.9943,1967.4451,848.19183,1967.4451,613107452118251,613107481676220
867.8602,1974.6953,848.19183,1967.4451,613107481799761,613107526843511
852.50323,1955.2634,852.50323,1967.4451,613107526931272,613107560519397
830.70905,1974.5826,848.19183,1967.4451,613107564895959,613107598583459
825.5625,1997.169,848.19183,1967.4451,613107598709553,613107634477834
854.1836,1976.4268,848.19183,1974.5826,613107635600490,613107666111272
840.56683,1987.6527,848.19183,1976.4268,613107666252053,613107698186793
859.4726,1964.8654,848.19183,1974.5826,613107698310126,613107730268511
824.1558,1973.8197,848.19183,1974.5826,613107730355751,613107759716584
852.1197,1997.7665,848.19183,1974.5826,613107759811584,613107794134032
836.58765,2006.2007,848.19183,1974.5826,613107795330178,613107831265542
844.756,2004.0801,848.19183,1997.7665,613107833691011,613107865187626
823.88965,2017.0991,844.756,2004.0801,613107866255074,613107897777886
844.01135,2038.1992,844.756,2004.0801,613107897901688,613107935813355
824.13745,2040.3156,844.01135,2017.0991,613107935951949,613107976163928
829.805,2021.2526,844.01135,2021.2526,613107976318563,613108009510230
859.8074,2049.1743,844.01135,2021.2526,613108009605647,613108046108407
860.9303,2026.0375,844.01135,2021.2526,613108046220542,613108084471636
843.6719,2042.6766,844.01135,2026.0375,613108084948772,613108122703042
812.1607,2113.1138,844.01135,2026.0375,613108122850074,613108154818928
823.8729,2061.901,843.6719,2042.6766,613108154963251,613108190341636
845.1832,2044.7965,844.01135,2044.7965,613108190544605,613108222396219
838.0061,2024.6119,843.6719,2042.6766,613108222581584,613108255898511
851.7101,2063.4438,844.01135,2044.7965,613108256100751,613108287830751
793.19183,2057.8945,843.6719,2044.7965,613108288095751,613108318995126
835.902,2047.9723,843.6719,2047.9723,613108319178719,613108351772105
777.07324,2121.7437,835.902,2047.9723,613108351931480,613108385086063
794.21735,2147.4407,835.902,2047.9723,613108385268407,613108416655438
741.51697,2133.6643,794.21735,2121.7437,613108416821844,613108450570751
785.5564,2101.331,794.21735,2101.331,613108450749553,613108492680386
778.9445,2076.0115,785.5564,2101.331,613108492765073,613108525566636
785.6221,2092.538,785.6221,2101.331,613108525658251,613108557942313
788.45593,2132.0247,785.6221,2101.331,613108558038719,613108589306063
767.6967,2126.9624,785.6221,2101.331,613108589481948,613108623670490
780.846,2114.7559,785.6221,2114.7559,613108623840230,613108661760386
753.7534,2135.7488,780.846,2114.7559,613108662326480,613108721740490
774.51855,2109.3594,780.846,2114.7559,613108721849657,613108750841011
762.2211,2124.444,774.51855,2114.7559,613108751021167,613108782084553
767.6746,2123.9238,774.51855,2114.7559,613108782258511,613108818041792
764.0681,2126.5325,767.6746,2123.9238,613108818178355,613108848476115
768.75464,2114.5825,768.75464,2114.7559,613108848649032,613108880629084
733.40814,2153.8906,767.6746,2123.9238,613108880820698,613108913185438
803.09143,2123.881,768.75464,2123.881,613108913383302,613108946974136
715.7207,2168.096,767.6746,2123.9238,613108947152105,613108983822834
726.1847,2171.1028,767.6746,2123.9238,613108984190646,613109016859917
812.2748,2128.3943,767.6746,2128.3943,613109016958875,613109047473927
785.7021,2140.6216,767.6746,2128.3943,613109047597782,613109078624604
731.38556,2136.544,767.6746,2128.3943,613109078760073,613109111447938
753.0822,2154.804,767.6746,2136.544,613109113313667,613109144985021
751.07355,2137.336,753.0822,2136.544,613109145119709,613109175739500
768.01166,2085.4956,767.6746,2136.544,613109175835959,613109209775282
745.1862,2151.818,753.0822,2136.544,613109209873615,613109252887313
751.34265,2161.062,753.0822,2136.544,613109253070594,613109289681688
772.3269,2097.344,753.0822,2136.544,613109289880698,613109320664188
778.00305,2095.5334,753.0822,2136.544,613109320769761,613109352537521
742.4021,2102.9211,753.0822,2102.9211,613109352623459,613109382143615
746.41516,2121.9114,753.0822,2121.9114,613109382251427,613109412541011
739.8724,2124.8867,746.41516,2121.9114,613109412677000,613109462742417
746.4693,2113.3809,746.4693,2121.9114,613109462904448,613109498727313
757.266,2118.767,746.4693,2121.9114,613109498815021,613109532064969
748.12305,2131.5967,746.4693,2121.9114,613109532204396,613109566068563
748.9509,2146.9932,748.12305,2121.9114,613109566956271,613109599438406
770.1172,2092.6985,748.12305,2121.9114,613109599532677,613109629145646
724.59076,2135.08,748.12305,2121.9114,613109630601323,613109661517104
748.39374,2118.404,748.12305,2121.9114,613109661668667,613109696148563
687.3672,2210.4617,748.12305,2121.9114,613109697727313,613109727839656
704.53796,2207.6213,748.12305,2121.9114,613109729581375,613109760585594
739.7615,2139.5059,739.7615,2139.5059,613109760738510,613109792259448
701.7204,2163.4014,739.7615,2139.5059,613109792345854,613109829719188
716.05884,2177.335,739.7615,2139.5059,613109829871479,613109862695021
712.5291,2135.8425,716.05884,2139.5059,613109862819344,613109897049031
713.0643,2151.8342,716.05884,2139.5059,613109898294708,613109928684344
754.0033,2113.478,716.05884,2139.5059,613109929601948,613109967971427
732.39014,2130.2803,716.05884,2139.5059,613109968089448,613109999447625
718.25256,2159.1924,718.25256,2139.5059,613109999596792,613110031632052
708.6112,2191.46,716.05884,2139.5059,613110031789708,613110064048615
728.6542,2153.7761,718.25256,2153.7761,613110064233823,613110095011531
696.72205,2093.1162,716.05884,2139.5059,613110096864760,613110127841739
732.93945,2050.6516,718.25256,2139.5059,613110127988667,613110157919135
667.19495,2095.528,716.05884,2095.528,613110167108198,613110203545125
704.53094,2078.4016,716.05884,2095.528,613110203705698,613110236917312
635.36847,2099.2578,704.53094,2095.528,613110257488979,613110298952104
710.4738,2035.8298,710.4738,2095.528,613110300029187,613110333901583
703.11194,2052.512,704.53094,2095.528,613110334011219,613110366603927
627.80597,2083.6616,704.53094,2083.6616,613110366755229,613110399661166
674.0584,2064.0725,703.11194,2083.6616,613110399790594,613110442408250
610.05145,2117.0505,674.0584,2083.6616,613110442541739,613110475676062
594.08417,2084.9014,674.0584,2083.6616,613110475831844,613110509302625
589.89746,2112.944,610.05145,2084.9014,613110509471166,613110545753354
604.9702,2065.0508,604.9702,2083.6616,613110545917312,613110578933562
636.06445,2080.342,610.05145,2083.6616,613110579100593,613110612926635
630.6154,2108.5544,610.05145,2083.6616,613110613134396,613110645181843
656.38965,2073.2139,630.6154,2083.6616,613110645379187,613110677381583
685.91,2124.8423,630.6154,2083.6616,613110677563406,613110709347937
643.6167,2094.907,643.6167,2083.6616,613110709507937,613110742179343
677.0909,2092.9807,643.6167,2092.9807,613110742365854,613110774427104
678.9193,2074.6013,643.6167,2083.6616,613110774599916,613110806654031
610.4149,2094.9526,643.6167,2092.9807,613110806756010,613110840457000
639.99506,2051.635,643.6167,2083.6616,613110840581479,613110874837729
657.0192,2044.2189,643.6167,2083.6616,613110874985854,613110906785593
675.6363,2089.3782,643.6167,2083.6616,613110906913979,613110943915125
620.22217,2040.8948,643.6167,2083.6616,613110944058510,613110990392937
632.30225,2054.5303,643.6167,2083.6616,613110991344343,613111024657833
599.2229,2092.038,632.30225,2083.6616,613111030234031,613111064362104
568.8729,2057.4875,632.30225,2083.6616,613111064529812,613111095392052
583.60516,2056.7534,599.2229,2083.6616,613111096185437,613111126360125
582.12726,2061.7346,583.60516,2061.7346,613111126499187,613111160746270
598.97614,2053.2622,598.97614,2061.7346,613111163722625,613111195672208
589.8697,2060.5386,589.8697,2061.7346,613111195762104,613111229570906
608.0907,2037.8647,598.97614,2060.5386,613111229651895,613111259787624
652.5152,2002.3661,598.97614,2060.5386,613111261122208,613111293958822
655.3143,2011.2997,608.0907,2037.8647,613111294091843,613111324774031
684.7572,2037.9666,652.5152,2037.9666,613111324924031,613111355109135
605.53796,2064.2056,608.0907,2037.9666,613111357592468,613111406401166
609.4002,2083.466,609.4002,2037.9666,613111407227937,613111447725281
650.36414,2087.3674,609.4002,2064.2056,613111447881739,613111479875385
577.59955,2048.6077,609.4002,2048.6077,613111480103718,613111509724656
602.1997,2086.226,609.4002,2064.2056,613111509821687,613111541095489
605.45715,2070.1016,605.45715,2064.2056,613111541238562,613111573244447
553.59216,2042.448,605.45715,2064.2056,613111573391583,613111605608406
572.14954,2066.4712,605.45715,2064.2056,613111607581531,613111638761478
612.28015,2152.3125,605.45715,2064.2056,613111638870489,613111670295437
557.78204,2253.8645,605.45715,2066.4712,613111670390489,613111701849499
559.25006,2253.9602,605.45715,2152.3125,613111701938666,613111734560176
549.19104,2237.0396,559.25006,2237.0396,613111734645124,613111766477989
518.66125,2246.0427,559.25006,2237.0396,613111766570906,613111798837676
468.9223,2249.4678,549.19104,2237.0396,613111798937416,613111831064656
511.90433,2203.9978,518.66125,2237.0396,613111831151114,613111863152103
447.982,2213.1172,511.90433,2237.0396,613111863279760,613111898062520
532.27264,2153.5312,518.66125,2213.1172,613111898156218,613111929228405
491.6899,2104.9258,511.90433,2213.1172,613111929316218,613111959612728
543.6488,2069.477,518.66125,2153.5312,613111959695853,613111989747728
542.50214,2037.631,518.66125,2104.9258,613111989859655,613112022023666
502.97025,2039.745,518.66125,2069.477,613112026683978,613112060034551
539.5326,2047.153,518.66125,2047.153,613112060117833,613112095844447
562.2956,2036.4233,518.66125,2047.153,613112095938614,613112127694082
541.35944,2009.8606,539.5326,2047.153,613112127770176,613112158311843
548.8673,1918.3009,541.35944,2036.4233,613112158461010,613112187842103
518.49384,1943.5084,539.5326,2009.8606,613112189065853,613112221812520
576.88934,1852.0254,541.35944,1943.5084,613112225232780,613112257129030
515.2823,1936.6575,539.5326,1943.5084,613112257247103,613112291071687
493.0062,1895.666,539.5326,1936.6575,613112291652937,613112327153666
490.64746,1880.8619,515.2823,1936.6575,613112327308041,613112362631947
500.92725,1971.0944,500.92725,1936.6575,613112362705801,613112393166374
506.1218,1892.7577,506.1218,1936.6575,613112394642572,613112427882624
545.0127,1927.1025,506.1218,1936.6575,613112427974499,613112457912364
555.4663,1909.7655,506.1218,1927.1025,613112458071218,613112492208562
550.3329,1882.7249,545.0127,1927.1025,613112493445020,613112524035228
545.7716,1843.5342,545.7716,1909.7655,613112524545124,613112560283561
488.10614,1816.0762,545.0127,1882.7249,613112561585020,613112593966374
468.41287,1860.9572,545.0127,1860.9572,613112595566270,613112629144551
463.82455,1820.1449,488.10614,1860.9572,613112630737051,613112661706270
481.5693,1837.5555,481.5693,1860.9572,613112661833301,613112697368561
496.2781,1881.961,488.10614,1860.9572,613112697440176,613112727343926
474.78836,1868.1676,481.5693,1860.9572,613112727438457,613112759087988
476.46658,1851.9625,481.5693,1860.9572,613112760237103,613112788916843
482.11508,1833.8402,481.5693,1860.9572,613112792713613,613112825163301
457.75653,1862.7119,481.5693,1860.9572,613112825933353,613112860673561
455.33063,1856.4242,481.5693,1860.9572,613112860749499,613112892706738
432.01843,1811.399,457.75653,1860.9572,613112892850905,613112927565853
449.28088,1844.8385,455.33063,1856.4242,613112928618249,613112956741270
447.02847,1830.468,449.28088,1844.8385,613112959072259,613112989331738
452.25015,1838.9749,452.25015,1844.8385,613112990388093,613113021510020
384.97717,1814.731,449.28088,1838.9749,613113025058874,613113057564343
439.93945,1829.7389,449.28088,1838.9749,613113059292103,613113092073145
435.69778,1902.3353,439.93945,1838.9749,613113092190697,613113125594186
413.95963,1857.6921,439.93945,1838.9749,613113125730228,613113157197468
407.1779,1851.6066,435.69778,1851.6066,613113194576217,613113229612259
433.88202,1848.902,433.88202,1848.902,613113229800488,613113260567884
439.69058,1849.0283,435.69778,1849.0283,613113260703822,613113296118822
438.93362,1829.9406,435.69778,1848.902,613113296207155,613113332816895
426.4742,1819.5547,435.69778,1848.902,613113332911686,613113365309238
422.99835,1814.2125,435.69778,1829.9406,613113365467780,613113397644603
345.1523,1842.6868,426.4742,1842.6868,613113397727572,613113428526009
331.18347,1835.1136,422.99835,1835.1136,613113429411269,613113461397728
381.72504,1843.7864,381.72504,1842.6868,613113462307884,613113498166165
358.5398,1764.4022,381.72504,1835.1136,613113498245540,613113528491426
350.85178,1840.4236,381.72504,1840.4236,613113528602832,613113560664707
337.6894,1780.6787,358.5398,1835.1136,613113560760072,613113594872207
316.17664,1774.7853,350.85178,1835.1136,613113594994447,613113627527415
336.6439,1801.9023,337.6894,1801.9023,613113627608769,613113661454238
339.31317,1780.06,339.31317,1801.9023,613113661550071,613113692694655
413.8547,1736.6992,339.31317,1801.9023,613113692791582,613113724664290
347.51675,1681.7607,339.31317,1780.06,613113724738353,613113764379186
372.32526,1696.7488,347.51675,1736.6992,613113764479863,613113802528249
388.099,1745.0736,347.51675,1745.0736,613113802709603,613113833938301
368.0856,1734.5038,368.0856,1736.6992,613113834026998,613113868910280
365.98734,1752.0073,365.98734,1745.0736,613113869091842,613113904782571
337.8327,1750.4177,365.98734,1745.0736,613113904960071,613113942624655
326.9881,1723.9312,365.98734,1745.0736,613113942807832,613113974264082
372.852,1694.6224,365.98734,1745.0736,613113974437051,613114007617207
382.37234,1719.3948,365.98734,1723.9312,613114007780696,613114045740853
385.41223,1707.043,372.852,1719.3948,613114045855384,613114079128144
376.22653,1665.4526,376.22653,1719.3948,613114079313248,613114112190488
385.61636,1680.5609,376.22653,1707.043,613114112363561,613114142959394
370.57053,1641.2163,376.22653,1680.5609,613114143155800,613114177263405
364.27576,1669.3639,376.22653,1680.5609,613114177487571,613114224738925
352.31082,1648.3337,370.57053,1669.3639,613114224821634,613114260899863
380.68558,1639.1565,376.22653,1669.3639,613114261071790,613114293412415
402.24445,1618.0771,376.22653,1648.3337,613114294519550,613114329062050
410.09814,1573.649,380.68558,1639.1565,613114329166217,613114365582155
366.58066,1552.8561,376.22653,1618.0771,613114365692675,613114399872675
357.56366,1561.5944,376.22653,1573.649,613114400334915,613114433149655
386.42245,1642.5175,376.22653,1618.0771,613114434506946,613114466586634
399.56155,1586.9985,376.22653,1586.9985,613114467304915,613114503994446
383.25882,1544.3746,383.25882,1586.9985,613114504300488,613114537832467
368.46854,1600.001,376.22653,1586.9985,613114537923040,613114572714602
392.05243,1604.5382,383.25882,1586.9985,613114572818509,613114606597207
326.70163,1593.5214,376.22653,1593.5214,613114606773248,613114639205019
289.40997,1613.2438,376.22653,1593.5214,613114639381217,613114671866894
339.38574,1608.6255,339.38574,1593.5214,613114672077832,613114705105904
287.22375,1582.5958,339.38574,1593.5214,613114705245956,613114750274759
342.2149,1581.8875,339.38574,1593.5214,613114750426946,613114781809811
279.0283,1590.833,339.38574,1590.833,613114781902988,613114815790540
259.2623,1619.7716,339.38574,1593.5214,613114816262675,613114852802415
298.19644,1549.8417,298.19644,1590.833,613114852948196,613114886636113
243.37375,1484.4816,298.19644,1590.833,613114886824654,613114918930852
253.18275,1515.8213,298.19644,1549.8417,613114919088144,613114950498352
265.37814,1487.3912,265.37814,1515.8213,613114950662467,613114982352050
293.1846,1449.4998,293.1846,1515.8213,613114982815279,613115014390071
269.12833,1492.2756,269.12833,1492.2756,613115014501477,613115050251425
294.92197,1494.9519,293.1846,1494.9519,613115050336477,613115080990592
246.88548,1471.04,269.12833,1492.2756,613115081080540,613115113467831
272.31604,1413.9304,272.31604,1492.2756,613115113562675,613115146652363
258.14203,1399.472,269.12833,1471.04,613115146753404,613115178416373
283.7506,1392.0049,272.31604,1413.9304,613115178495331,613115220923821
232.73398,1343.1259,269.12833,1399.472,613115220998300,613115254626581
258.51663,1305.3109,269.12833,1392.0049,613115254751425,613115287904446
300.6905,1308.5583,269.12833,1343.1259,613115289108925,613115318911373
241.01128,1349.343,269.12833,1349.343,613115320817206,613115352928508
214.57422,1301.8973,269.12833,1343.1259,613115354275175,613115386604967
184.6912,1362.3134,241.01128,1349.343,613115387708456,613115418696112
205.50009,1312.3644,214.57422,1343.1259,613115419952987,613115451903612
240.35155,1302.2485,240.35155,1343.1259,613115462523404,613115495980279
288.241,1263.1699,240.35155,1312.3644,613115496248352,613115527144810
286.38626,1235.419,240.35155,1302.2485,613115554199081,613115589681894
273.7128,1242.8477,273.7128,1263.1699,613115591298092,613115620670592
209.1623,1318.1464,240.35155,1302.2485,613115629822779,613115662979602
233.86087,1298.6182,240.35155,1298.6182,613115663058092,613115702753352
192.73894,1289.5232,233.86087,1298.6182,613115702850748,613115738098248
294.7807,1230.6377,240.35155,1298.6182,613115738212571,613115771134602
298.9722,1181.02,240.35155,1289.5232,613115771304081,613115804721112
239.29422,1167.1046,240.35155,1230.6377,613115804921269,613115836756008
226.23459,1129.2792,240.35155,1181.02,613115836940175,613115870809966
249.50182,1104.21,240.35155,1167.1046,613115870989289,613115903727987
217.26889,1156.1807,240.35155,1156.1807,613115903877050,613115941637831
215.59018,1157.2728,240.35155,1157.2728,613115941805383,613115973355904
222.69252,1119.7274,222.69252,1156.1807,613115973524185,613116007446946
214.92137,1070.0936,222.69252,1156.1807,613116007679758,613116037458196
207.95851,1151.5211,222.69252,1151.5211,613116037636529,613116070116112
180.50365,1153.408,214.92137,1153.408,613116070300227,613116101168977
188.18752,1134.2875,207.95851,1151.5211,613116101265175,613116134281529
207.14407,1130.8353,207.14407,1151.5211,613116134383143,613116166284289
222.64116,1126.4348,207.95851,1134.2875,613116167743768,613116207495331
155.19583,1092.1968,207.14407,1130.8353,613116207594654,613116237828925
161.08374,1050.8945,207.14407,1126.4348,613116238005070,613116270507466
205.18939,1030.5116,205.18939,1092.1968,613116270636581,613116315654862
176.87294,1067.1855,205.18939,1067.1855,613116315749862,613116348706789
217.83525,1074.6014,205.18939,1074.6014,613116348884081,613116380997987
203.70448,1016.3828,205.18939,1067.1855,613116381170956,613116413785800
183.13583,937.35364,205.18939,1067.1855,613116413987570,613116458380018
177.0463,1011.2358,203.70448,1016.3828,613116458489706,613116497444966
140.24965,1064.8802,183.13583,1064.8802,613116497524758,613116534428195
123.169,928.6015,177.0463,1016.3828,613116534559029,613116566600800
118.901245,925.31085,140.24965,1016.3828,613116566773300,613116599900643
103.79749,958.35675,123.169,958.35675,613116599983925,613116631924237
157.94624,881.2127,140.24965,958.35675,613116633850175,613116666820799
183.51195,856.90234,140.24965,958.35675,613116666905904,613116702136216
185.98245,924.23883,157.94624,924.23883,613116702237102,613116738916112
151.80684,920.2164,151.80684,924.23883,613116739066581,613116772357987
174.1913,903.2836,157.94624,924.23883,613116772549966,613116806166737
197.9901,961.96674,157.94624,924.23883,613116806357049,613116838430539
160.8632,989.34357,160.8632,924.23883,613116838543768,613116870968247
153.17358,881.4284,157.94624,924.23883,613116871167414,613116902225487
130.15965,814.0647,157.94624,924.23883,613116902396268,613116933623664
135.86423,806.98663,153.17358,881.4284,613116933727310,613116966962049
155.9602,839.8023,155.9602,839.8023,613116967114914,613117002124966
144.51198,770.2129,153.17358,839.8023,613117002312518,613117033502258
219.44693,747.50476,155.9602,839.8023,613117033656789,613117063890591
211.18134,736.4103,155.9602,770.2129,613117064599237,613117097353456
196.33675,738.74677,196.33675,747.50476,613117098699549,613117133176945
172.41241,793.749,172.41241,770.2129,613117133282101,613117173619237
137.58064,746.3503,172.41241,747.50476,613117173721581,613117207067466
133.91278,705.1034,172.41241,747.50476,613117208117310,613117238517935
185.22026,674.17993,172.41241,746.3503,613117238625851,613117269134028
191.67458,628.786,172.41241,705.1034,613117269325070,613117303403039
129.85826,697.41656,172.41241,697.41656,613117303576528,613117337558560
220.50146,602.9713,172.41241,697.41656,613117337672987,613117371673560
178.77713,679.6162,172.41241,697.41656,613117371782570,613117403032153
247.88376,603.45386,178.77713,679.6162,613117403383508,613117435482310
166.20258,720.54724,172.41241,697.41656,613117435667935,613117468255539
150.42215,669.6686,172.41241,679.6162,613117468411528,613117501146737
151.15558,619.9695,166.20258,679.6162,613117501335539,613117534457101
212.02434,567.646,172.41241,669.6686,613117534643976,613117566392466
204.19678,568.66003,172.41241,619.9695,613117566569028,613117613903664
215.29918,563.8973,204.19678,568.66003,613117614073143,613117653196789
209.36429,598.38544,204.19678,598.38544,613117653374080,613117685232466
212.31969,517.25574,209.36429,568.66003,613117685364080,613117717647101
203.39702,521.74744,204.19678,568.66003,613117718761789,613117753353820
225.63078,515.5946,209.36429,521.74744,613117754229289,613117790317257
211.67021,466.97318,209.36429,521.74744,613117790405487,613117822184653
198.10127,461.523,209.36429,515.5946,613117823052987,613117855466164
176.97205,460.56006,209.36429,466.97318,613117855982726,613117886125903
202.26299,503.26193,202.26299,503.26193,613117886206684,613117914926320
172.499,480.11777,202.26299,480.11777,613117918717309,613117951814914
193.03497,426.72604,202.26299,480.11777,613117953240955,613117984239393
184.24733,481.08936,193.03497,480.11777,613117984360434,613118018692570
197.36108,485.5161,197.36108,480.11777,613118020612466,613118052839497
181.82733,463.02533,193.03497,480.11777,613118055169028,613118101268143
216.78691,431.18353,197.36108,480.11777,613118101380434,613118133727570
183.4252,434.46564,193.03497,463.02533,613118133886736,613118166188039
196.40558,419.54004,196.40558,434.46564,613118166316736,613118197333247
180.82843,581.9238,193.03497,463.02533,613118197489288,613118231120799
170.41887,563.72144,193.03497,463.02533,613118231216476,613118261841997
177.31265,551.8701,180.82843,551.8701,613118262159080,613118295385174
154.4028,532.4922,177.31265,532.4922,613118295852830,613118328815799
186.29031,502.6469,180.82843,532.4922,613118328912101,613118361191528
205.28363,454.1058,180.82843,532.4922,613118361318716,613118392260955
168.5256,356.4098,180.82843,502.6469,613118392403768,613118425543299
170.9594,378.53464,180.82843,454.1058,613118425692882,613118459390070
175.78423,392.42728,175.78423,392.42728,613118459579809,613118492479184
179.51094,413.21094,179.51094,413.21094,613118492629965,613118528339236
138.00902,381.60385,175.78423,392.42728,613118528503038,613118578546111
145.11671,382.63266,175.78423,392.42728,613118578643143,613118613542465
182.86708,362.3471,175.78423,382.63266,613118613710851,613118649036007
131.5626,375.5267,175.78423,382.63266,613118649142882,613118679512622
159.4591,399.7043,175.78423,382.63266,613118679601007,613118713071892
155.88644,418.19214,159.4591,382.63266,613118713246736,613118742499080
145.27454,415.43777,159.4591,399.7043,613118742660122,613118772885330
154.56891,405.5767,155.88644,405.5767,613118772987517,613118805715070
160.9811,422.91318,159.4591,405.5767,613118805816372,613118837814809
155.7869,408.9909,155.88644,405.5767,613118837911111,613118870089549
150.3316,389.265,155.88644,405.5767,613118870237101,613118903615434
152.78293,433.29565,155.7869,405.5767,613118903716267,613118934238403
165.23267,399.4554,155.88644,405.5767,613118934343299,613118967694601
171.58308,416.7964,155.88644,405.5767,613118967808767,613119000963507
123.433655,417.53882,155.88644,405.5767,613119001071007,613119034127413
119.83594,443.27322,155.88644,416.7964,613119034237517,613119069572621
168.05916,471.08582,155.88644,417.53882,613119069664913,613119105603871
135.19092,477.7587,155.88644,443.27322,613119105709184,613119139627726
128.8523,451.4899,155.88644,451.4899,613119139737465,613119174693611
113.40368,454.924,135.19092,451.4899,613119174826371,613119205012882
153.63489,451.7205,153.63489,451.4899,613119205141684,613119237152778
154.76558,449.19113,153.63489,451.4899,613119237245851,613119266655330
123.23535,386.51938,153.63489,451.4899,613119266819757,613119303325903
91.07479,417.08167,153.63489,449.19113,613119303560069,613119333138403
90.94117,413.40646,123.23535,417.08167,613119333240382,613119365956736
91.83477,415.81586,91.83477,417.08167,613119366112569,613119396996944
101.427734,390.99213,101.427734,415.81586,613119397161319,613119430185642
87.36426,409.55222,91.83477,415.81586,613119430297934,613119464312986
84.93277,378.7294,91.83477,409.55222,613119464423923,613119497010069
82.70446,408.59818,87.36426,409.55222,613119497109496,613119532614548
96.77451,401.79968,91.83477,408.59818,613119532727205,613119572700434
108.8673,377.4425,91.83477,408.59818,613119572846059,613119608773038
89.40781,387.70093,91.83477,401.79968,613119608939392,613119637620278
92.95945,377.75333,91.83477,387.70093,613119637740278,613119666615434
99.97015,368.22543,91.83477,387.70093,613119666723038,613119704825486
93.58898,379.31372,92.95945,379.31372,613119705749861,613119737786944
102.47865,388.37448,93.58898,387.70093,613119737916527,613119773322569
93.74686,400.29218,93.58898,387.70093,613119774302569,613119812333507
92.75837,371.57968,93.58898,387.70093,613119812502986,613119845308975
117.76049,357.62122,93.58898,387.70093,613119845496059,613119878901111
98.75177,390.58194,93.58898,387.70093,613119879108871,613119912537465
91.59781,353.13208,93.58898,387.70093,613119912703194,613119942657777
89.53238,353.11768,93.58898,387.70093,613119942933715,613119976800225
100.38719,368.97565,93.58898,368.97565,613119976900069,613120009425538
84.76289,355.01602,93.58898,368.97565,613120011779861,613120042129809
89.78597,352.93417,93.58898,368.97565,613120043155746,613120075503142
81.298546,347.30573,89.78597,355.01602,613120075655642,613120107837413
102.74324,369.95786,93.58898,368.97565,613120108053923,613120138457048
121.03325,372.38852,93.58898,368.97565,613120138596319,613120172150173
78.195496,338.94492,93.58898,368.97565,613120173123298,613120203644392
78.95621,349.86032,93.58898,368.97565,613120203751996,613120237213402
80.10117,336.4953,80.10117,349.86032,613120237319652,613120266924392
85.34653,331.77475,85.34653,349.86032,613120267321684,613120299730850
93.345726,351.47708,85.34653,349.86032,613120299861163,613120333880642
107.50859,348.17767,85.34653,349.86032,613120333976631,613120366475069
125.87527,336.94522,93.345726,349.86032,613120366644288,613120402780694
96.05611,349.9277,96.05611,349.86032,613120402876267,613120434764965
141.1373,355.39465,96.05611,349.86032,613120434861215,613120468908194
140.07346,344.0562,96.05611,349.86032,613120469002881,613120510795433
136.17029,334.59543,136.17029,349.86032,613120510893611,613120540244913
163.72641,350.72708,136.17029,349.86032,613120540406319,613120572502673
157.98329,336.68256,136.17029,349.86032,613120572682361,613120603739548
156.76274,346.07565,156.76274,349.86032,613120604300017,613120637161215
167.2423,350.03452,156.76274,349.86032,613120637730902,613120681642621
146.9008,352.6198,156.76274,349.86032,613120681730746,613120712400017
169.8932,351.46323,156.76274,350.03452,613120712493506,613120742543454
163.7017,345.69495,156.76274,349.86032,613120742639756,613120776417308
165.32654,345.09033,163.7017,349.86032,613120776523610,613120806504600
158.36032,348.1648,158.36032,348.1648,613120806587985,613120836131267
186.50839,358.81516,163.7017,349.86032,613120836240277,613120869171892
163.01486,344.48056,163.01486,348.1648,613120869284235,613120902164183
136.00049,363.31906,163.01486,349.86032,613120902297985,613120935670277
63.411766,344.19012,163.01486,348.1648,613120935792256,613120969399079
79.51138,339.06796,136.00049,348.1648,613120969531579,613120998755902
84.09331,342.61267,84.09331,344.19012,613120998850798,613121029886631
100.695206,301.12268,100.695206,342.61267,613121029994496,613121063921110
112.29425,275.59286,100.695206,342.61267,613121064240798,613121094779652
133.86061,291.18933,100.695206,301.12268,613121094868506,613121127090225
178.74153,326.2047,112.29425,326.2047,613121127186683,613121160291996
196.17934,318.35568,133.86061,318.35568,613121160390173,613121191580850
183.94373,306.42642,178.74153,318.35568,613121191703506,613121225790277
168.77174,327.59338,168.77174,318.35568,613121225900642,613121259870902
151.18422,312.65695,168.77174,318.35568,613121260080954,613121293923194
174.1135,314.17673,168.77174,318.35568,613121294066162,613121325583871
155.72171,322.42587,168.77174,318.35568,613121325732777,613121373846475
161.22894,316.49716,168.77174,318.35568,613121373937256,613121404463871
162.03583,307.9255,162.03583,318.35568,613121404634652,613121434774079
147.02354,311.03165,162.03583,316.49716,613121434880433,613121467630485
178.8557,313.81674,162.03583,313.81674,613121467729548,613121500161527
129.66994,297.81848,162.03583,313.81674,613121500251475,613121546754964
116.59839,295.49927,162.03583,313.81674,613121546940381,613121581473818
86.695335,318.68134,129.66994,313.81674,613121581606423,613121613371579
107.12666,314.21704,116.59839,313.81674,613121613532152,613121646448298
110.77943,323.33105,110.77943,314.21704,613121646596266,613121679208766
111.675606,313.25064,111.675606,313.81674,613121680646787,613121718055225
112.90214,300.9365,111.675606,313.81674,613121718141839,613121775527985
106.41371,290.69992,111.675606,313.25064,613121775644339,613121807298610
128.15662,289.1226,111.675606,300.9365,613121807441891,613121842722100
128.0206,302.21838,111.675606,302.21838,613121842813870,613121873643662
126.28518,294.94434,126.28518,300.9365,613121873833089,613121908036266
129.95453,303.03766,126.28518,302.21838,613121908128402,613121940985016
141.45033,310.75436,126.28518,302.21838,613121941148818,613121973782152
149.28525,304.22528,129.95453,303.03766,613121973910537,613122007875589
182.88092,316.16696,141.45033,304.22528,613122008126839,613122038939339
154.89455,296.53326,149.28525,303.03766,613122039014235,613122071876006
142.13857,291.01105,142.13857,303.03766,613122072353662,613122102645745
113.180565,301.52005,142.13857,301.52005,613122102802204,613122135951474
124.141304,298.12317,142.13857,301.52005,613122136419860,613122167082047
105.14453,307.48212,124.141304,301.52005,613122168202724,613122198354547
142.26411,296.065,142.13857,301.52005,613122198466631,613122230330902
109.42449,298.06796,124.141304,301.52005,613122230506631,613122261753818
123.66993,301.10922,124.141304,301.10922,613122261862933,613122292943974
117.971146,315.13455,123.66993,301.52005,613122293052204,613122339860016
144.2706,314.851,124.141304,301.52005,613122339953245,613122370172360
146.76566,309.76904,124.141304,309.76904,613122370357204,613122399460433
143.1862,317.60837,143.1862,309.76904,613122399563245,613122430373922
136.92003,321.06607,136.92003,309.76904,613122430456995,613122461910745
130.11592,313.8782,136.92003,313.8782,613122462072464,613122495403297
157.68555,314.47977,136.92003,313.8782,613122495494183,613122526683766
183.46991,326.46527,136.92003,313.8782,613122526861579,613122557370068
157.66379,318.59277,157.66379,314.47977,613122557521370,613122589561891
155.04834,321.76318,155.04834,318.59277,613122589717099,613122622118193
185.36113,306.47748,157.66379,314.47977,613122622261162,613122656152516
205.86931,309.40298,157.66379,314.47977,613122656319391,613122691173349
187.60141,316.00998,185.36113,314.47977,613122691343610,613122723908349
155.81877,306.378,157.66379,314.47977,613122724132203,613122756384183
159.54279,323.0652,159.54279,314.47977,613122756538193,613122791297464
182.43303,317.52756,159.54279,314.47977,613122791461005,613122824838193
184.45973,320.62793,159.54279,317.52756,613122825504130,613122860513089
177.50269,311.67804,177.50269,314.47977,613122860618714,613122893406162
178.7234,323.7595,177.50269,317.52756,613122893574651,613122924810745
243.6757,350.0894,177.50269,317.52756,613122925007516,613122957278870
243.67374,346.14233,178.7234,323.7595,613122957438349,613122994047724
260.19354,332.48474,243.67374,332.48474,613122994219391,613123030190172
237.90036,331.39746,237.90036,331.39746,613123030291578,613123066268870
221.72952,335.7874,237.90036,332.48474,613123066387672,613123098228297
250.6853,317.53842,237.90036,331.39746,613123098581735,613123132595120
223.23466,322.03088,237.90036,331.39746,613123132737307,613123173786787
173.93425,318.3613,237.90036,322.03088,613123173983453,613123210275120
165.70523,357.21194,223.23466,331.39746,613123211102672,613123249760120
156.35619,361.57236,173.93425,331.39746,613123250763349,613123286613297
174.7882,317.07996,174.7882,331.39746,613123286943766,613123320898609
176.27444,324.05692,174.7882,331.39746,613123320996474,613123353827255
230.27924,308.92056,174.7882,324.05692,613123353931422,613123386462464
238.43028,298.2754,176.27444,324.05692,613123386627307,613123424206162
232.26158,271.6182,230.27924,308.92056,613123424344859,613123464793089
218.82933,292.45258,218.82933,298.2754,613123465946786,613123497923245
227.33318,308.3627,227.33318,308.3627,613123498056474,613123528244182
218.32755,316.88333,218.82933,308.3627,613123528337672,613123563406839
230.50554,294.84695,227.33318,308.3627,613123563532620,613123597599651
195.83022,330.84723,218.82933,308.3627,613123597714755,613123629295641
187.18782,319.20367,218.82933,308.3627,613123629389026,613123677848245
197.19661,325.21927,197.19661,319.20367,613123678743088,613123713456474
191.44875,313.71323,197.19661,313.71323,613123714401005,613123751855641
204.31851,326.25238,197.19661,319.20367,613123752533453,613123783878505
180.98328,328.0114,197.19661,319.20367,613123783985693,613123821529026
198.80067,338.90762,197.19661,326.25238,613123821624286,613123858659338
199.10103,345.53415,197.19661,328.0114,613123858831995,613123891135224
210.49812,351.9361,198.80067,338.90762,613123891251682,613123928279130
217.27519,351.1221,199.10103,345.53415,613123928446213,613123962063140
249.00262,358.47086,210.49812,351.1221,613123962171682,613123995139338
202.63768,341.63092,202.63768,345.53415,613123995242359,613124029115276
254.0011,340.13556,210.49812,345.53415,613124029208609,613124067211734
195.23538,342.711,202.63768,342.711,613124067377828,613124098358505
184.59999,357.11566,202.63768,345.53415,613124098541005,613124131027359
270.60968,329.6659,202.63768,342.711,613124131171786,613124167925745
244.12665,336.80927,202.63768,342.711,613124168094911,613124198701734
245.79129,342.74698,244.12665,342.711,613124198891578,613124231179651
236.50917,338.77698,236.50917,342.711,613124231314703,613124262866161
243.24464,348.87128,243.24464,342.711,613124265426630,613124300841630
247.24577,362.51483,243.24464,342.711,613124300950276,613124333901890
254.75772,362.14972,243.24464,348.87128,613124334015328,613124366283349
266.77063,399.9598,247.24577,362.14972,613124366503869,613124396373817
291.73987,352.73154,254.75772,352.73154,613124396543609,613124453912984
229.01436,354.2594,247.24577,354.2594,613124454027047,613124488140015
225.83379,389.9347,247.24577,354.2594,613124488324963,613124521160276
255.44856,373.0686,247.24577,354.2594,613124521278401,613124554187359
264.36584,354.7611,247.24577,354.7611,613124554296630,613124591556630
257.70303,408.66153,255.44856,354.7611,613124591640119,613124622476578
268.42914,390.29254,257.70303,354.7611,613124622576057,613124653704807
255.50671,352.3261,255.50671,354.7611,613124653887828,613124687078661
243.41757,351.62897,255.50671,354.7611,613124687235119,613124718814182
274.5539,377.1938,255.50671,354.7611,613124718980692,613124750356369
247.07198,383.1411,255.50671,354.7611,613124750446734,613124784342046
265.35895,418.09097,255.50671,377.1938,613124784439338,613124819810536
255.77986,419.6811,255.50671,383.1411,613124819889026,613124851911890
259.35834,398.03217,255.77986,398.03217,613124852085588,613124887316578
256.04996,401.67618,255.77986,398.03217,613124887469286,613124920197307
274.7956,392.38046,256.04996,398.03217,613124920280640,613124949890432
278.80716,435.68668,256.04996,398.03217,613124949979911,613124982493296
260.84448,381.0811,260.84448,398.03217,613124983666057,613125016152255
264.5599,419.7198,260.84448,398.03217,613125016226369,613125047805275
345.80698,404.88214,260.84448,398.03217,613125047982515,613125077244755
298.5671,436.47876,264.5599,404.88214,613125078776109,613125109990900
315.40146,434.51062,298.5671,404.88214,613125110500796,613125141882463
379.8425,459.6666,298.5671,434.51062,613125143656005,613125178355536
344.9237,511.78836,315.40146,434.51062,613125180323609,613125217231577
366.51205,452.92014,344.9237,452.92014,613125217328348,613125251355744
355.7941,421.94528,344.9237,434.51062,613125251446265,613125284568400
369.2224,416.432,355.7941,434.51062,613125284672150,613125322276525
409.05124,496.42715,355.7941,434.51062,613125324197202,613125356373817
332.5863,438.1922,355.7941,434.51062,613125357449702,613125398135171
301.876,448.7326,355.7941,438.1922,613125398306421,613125429689286
369.85947,447.25482,355.7941,438.1922,613125429863244,613125461105015
341.3945,433.00128,355.7941,438.1922,613125461293244,613125493020640
356.49615,493.38562,355.7941,438.1922,613125493558504,613125526081525
394.7423,478.2015,355.7941,438.1922,613125526181109,613125558065692
389.2513,465.21054,356.49615,465.21054,613125558163817,613125590834546
389.40576,450.98026,389.2513,450.98026,613125590925119,613125622795327
372.59094,527.6499,372.59094,465.21054,613125622893556,613125655133348
347.92676,508.30377,372.59094,465.21054,613125655221004,613125686631421
307.94598,562.1302,372.59094,508.30377,613125686746786,613125719726890
343.5483,547.9567,347.92676,508.30377,613125720841577,613125757422671
318.99942,566.99097,343.5483,547.9567,613125757514077,613125796570744
332.5208,615.63184,343.5483,547.9567,613125796764338,613125829504650
307.55273,558.96545,332.5208,558.96545,613125829673869,613125859670796
327.2863,659.2829,332.5208,558.96545,613125859804858,613125896379025
277.23053,629.18286,327.2863,558.96545,613125896558192,613125926645796
317.59976,658.5478,327.2863,629.18286,613125926853088,613125957890327
346.78262,720.7501,327.2863,629.18286,613125957996161,613125990673765
339.61847,646.1542,327.2863,646.1542,613125990770952,613126023463244
347.13934,694.61255,339.61847,646.1542,613126023572150,613126055663088
357.7901,601.39374,339.61847,646.1542,613126055759338,613126085690640
360.0849,722.3678,347.13934,646.1542,613126085788973,613126119414598
370.31168,736.00574,357.7901,646.1542,613126119500796,613126153274181
401.91882,653.6968,360.0849,653.6968,613126153384702,613126190264650
376.74017,784.6014,370.31168,653.6968,613126190370067,613126223724858
434.23462,779.4233,376.74017,653.6968,613126223821785,613126267243348
408.47684,712.46014,376.74017,712.46014,613126267872567,613126300618452
418.67258,794.3603,408.47684,712.46014,613126300794962,613126332790744
451.19058,755.46234,408.47684,712.46014,613126332961265,613126366076317
448.10675,759.0586,418.67258,755.46234,613126366264077,613126394872410
429.9497,793.2239,429.9497,755.46234,613126395051421,613126428593244
380.57877,835.2559,418.67258,759.0586,613126428751212,613126460526785
340.94873,742.4609,418.67258,755.46234,613126460711890,613126493859025
338.10037,809.37396,380.57877,759.0586,613126493994129,613126524562879
378.34357,749.4458,378.34357,755.46234,613126524848712,613126560429285
354.279,752.19226,378.34357,755.46234,613126560616525,613126595624910
427.35028,832.16614,378.34357,755.46234,613126595815535,613126629781212
417.9268,746.291,378.34357,755.46234,613126629968244,613126662821785
410.91425,815.1195,410.91425,755.46234,613126663087983,613126697237098
426.98837,787.65686,410.91425,755.46234,613126697338139,613126726993348
393.00525,823.57996,410.91425,787.65686,613126729280171,613126762298191
402.6839,883.0173,410.91425,787.65686,613126762517775,613126796120796
403.30096,878.76245,403.30096,823.57996,613126796226473,613126828989546
462.3933,819.9832,410.91425,819.9832,613126829160171,613126865448191
473.26602,890.89014,410.91425,823.57996,613126865631733,613126894669129
481.82663,819.92706,462.3933,819.9832,613126894847410,613126927235275
513.59155,880.1786,473.26602,823.57996,613126927410223,613126964393452
530.2025,814.24945,481.82663,819.9832,613126964478243,613126997383660
496.48468,861.92914,496.48468,823.57996,613126997564389,613127027384598
483.90024,861.96124,483.90024,823.57996,613127027559077,613127061559129
474.71872,914.22473,483.90024,861.92914,613127061756368,613127093961941
495.75394,853.39124,483.90024,853.39124,613127094144389,613127143120223
459.70377,912.6512,483.90024,861.92914,613127143202618,613127179356629
524.5026,961.6629,483.90024,861.92914,613127179759441,613127212071420
570.59045,1016.5258,483.90024,912.6512,613127212211629,613127244824493
599.4082,976.73584,524.5026,961.6629,613127246737983,613127279923764
595.09045,1051.2618,570.59045,976.73584,613127280105483,613127311433556
591.0545,1035.7737,591.0545,976.73584,613127312386004,613127343748868
565.13074,1028.7408,570.59045,1028.7408,613127343899441,613127377426264
578.9886,1019.1143,578.9886,1019.1143,613127377583816,613127409821681
558.40186,1004.92413,570.59045,1019.1143,613127411296056,613127444120118
549.7277,993.6589,570.59045,1019.1143,613127444260431,613127476919389
548.5982,995.9021,558.40186,1004.92413,613127478209389,613127510838920
558.4324,987.4759,558.4324,995.9021,613127512526108,613127544623139
578.0588,1030.9167,558.4324,1004.92413,613127544692254,613127575173608
560.4951,970.3474,558.4324,995.9021,613127577392202,613127609600014
565.0591,991.62195,560.4951,995.9021,613127610696316,613127647687254
556.26166,1055.3711,558.4324,995.9021,613127647777879,613127678093243
642.66235,1062.4545,560.4951,995.9021,613127679663243,613127711590847
588.8725,1065.823,560.4951,1055.3711,613127713189545,613127744646316
585.4935,1066.5015,585.4935,1062.4545,613127746341108,613127779695587
613.0698,1029.3865,585.4935,1055.3711,613127779889910,613127813634076
609.3094,1049.3145,585.4935,1055.3711,613127814884858,613127849673347
596.2454,1046.6765,596.2454,1049.3145,613127850963660,613127887537045
605.9733,1047.9906,596.2454,1049.3145,613127887621472,613127925211212
611.76154,1082.3619,596.2454,1049.3145,613127925395483,613127961726472
629.9859,1077.8708,605.9733,1049.3145,613127961924493,613127995302931
642.3042,1094.4141,611.76154,1077.8708,613127995456681,613128027788816
623.26044,1136.0145,623.26044,1077.8708,613128027960118,613128063626576
597.5852,1156.8353,611.76154,1094.4141,613128063839910,613128099052201
638.36707,1177.9973,623.26044,1136.0145,613128099148608,613128137210847
636.2076,1136.0878,623.26044,1136.0878,613128138071889,613128168261472
608.6773,1083.2076,623.26044,1136.0145,613128168347045,613128198176785
633.489,1116.713,623.26044,1136.0145,613128198290483,613128229017931
659.18616,1074.6102,623.26044,1116.713,613128229212670,613128263833191
647.60236,1101.9398,633.489,1116.713,613128263936628,613128293074597
657.6829,1142.1554,647.60236,1116.713,613128293233555,613128326350951
648.4806,1097.2241,647.60236,1116.713,613128326454441,613128358624493
659.64166,1100.6324,648.4806,1116.713,613128358725535,613128391442878
641.2381,1099.2882,647.60236,1100.6324,613128391537253,613128423765066
641.01526,1121.268,647.60236,1116.713,613128423856889,613128459146993
644.1724,1068.7046,644.1724,1100.6324,613128459241472,613128491430014
641.49615,1059.6976,644.1724,1100.6324,613128491617670,613128525168295
621.992,1115.7573,644.1724,1100.6324,613128525342982,613128564923660
651.48596,1171.7129,644.1724,1100.6324,613128565011941,613128597847357
632.159,1130.6765,644.1724,1115.7573,613128598027670,613128631309545
632.4479,1177.6941,644.1724,1130.6765,613128631418295,613128663898920
637.21826,1170.88,637.21826,1130.6765,613128664109910,613128694879701
665.2637,1120.6831,644.1724,1130.6765,613128696200430,613128727269909
634.73615,1154.2197,637.21826,1130.6765,613128727383503,613128760630326
668.8006,1171.871,644.1724,1130.6765,613128760733399,613128792210430
659.71967,1128.8578,644.1724,1130.6765,613128792309441,613128824313607
669.32935,1214.0276,659.71967,1130.6765,613128824416993,613128856247566
630.68616,1187.5215,644.1724,1130.6765,613128856330170,613128889300274
626.28076,1192.5199,644.1724,1187.5215,613128889401055,613128920775482
637.8956,1184.7787,637.8956,1184.7787,613128920939336,613128953111055
631.81335,1174.58,637.8956,1184.7787,613128953273034,613128985760847
618.22815,1176.3761,637.8956,1184.7787,613128986125118,613129021827357
639.8254,1144.5807,637.8956,1176.3761,613129021908711,613129075021420
599.962,1122.7012,637.8956,1176.3761,613129075104493,613129104706472
580.7216,1110.7523,637.8956,1144.5807,613129104890014,613129141002045
615.97003,1149.2769,615.97003,1149.2769,613129141103711,613129172668816
637.6125,1248.0422,637.6125,1149.2769,613129172830899,613129206684961
664.07874,1219.2778,637.6125,1149.2769,613129206875430,613129239133763
578.3668,1002.6845,637.6125,1149.2769,613129239304441,613129272558086
381.5893,1326.854,637.6125,1149.2769,613129272645066,613129303730378
310.86578,1294.2933,578.3668,1149.2769,613129303918451,613129334487565
314.50656,1183.1744,381.5893,1183.1744,613129334597149,613129368444909
303.6276,801.9379,314.50656,1149.2769,613129368810118,613129401675118
494.91315,935.9454,381.5893,1149.2769,613129402089805,613129432638295
480.44443,1303.0679,381.5893,1149.2769,613129432727878,613129468576055
555.98956,1096.3584,480.44443,1149.2769,613129468720170,613129510313868
588.77545,1261.7374,480.44443,1149.2769,613129510415065,613129544167618
664.5554,1202.2482,555.98956,1149.2769,613129544283815,613129576656055
312.24542,1296.915,480.44443,1202.2482,613129576770795,613129606621367
524.6032,757.64417,524.6032,1149.2769,613129606789232,613129639296680
530.94794,1071.6885,524.6032,1149.2769,613129639462201,613129671490274
543.2917,1127.1625,524.6032,1127.1625,613129671586680,613129702656732
643.1932,925.2819,530.94794,1127.1625,613129702878659,613129737597253
591.88635,707.42395,543.2917,1127.1625,613129738489649,613129772727774
527.73676,779.82214,530.94794,925.2819,613129772817253,613129818581367
