x_raw,y_raw,x_filtered,y_filtered,gaze_timestamp,record_timestamp
454.74048,1336.719,951.6713,607.7973,600401315652890,600401402798567
150.97119,1058.5817,951.6713,607.7973,600401402967473,600401450474400
135.38751,1063.271,454.74048,1058.5817,600401450573983,600401496688671
177.35352,1050.6886,177.35352,1050.6886,600401496817577,600401535092942
176.9402,1055.0527,177.35352,1055.0527,600401535200025,600401568704400
199.01039,1130.8827,177.35352,1055.0527,600401568824244,600401614271639
199.90956,1128.0824,177.35352,1055.0527,600401614367473,600401651236275
679.75867,1345.5487,199.01039,1128.0824,600401651350025,600401694996379
748.19214,1296.8491,199.90956,1128.0824,600401695126639,600401729475233
740.5849,1202.4535,679.75867,1202.4535,600401729606431,600401777139400
756.6751,1271.3889,740.5849,1202.4535,600401777269921,600401818207837
771.3181,1227.331,740.5849,1202.4535,600401818307785,600401860848150
799.3389,1189.3837,756.6751,1202.4535,600401866875285,600401908284504
790.4007,1204.3086,771.3181,1202.4535,600401908445181,600401945637056
769.9322,1127.2234,769.9322,1202.4535,600401945794816,600401985693462
832.61884,1212.5392,771.3181,1202.4535,600401985796223,600402017778410
786.5315,1096.5634,771.3181,1202.4535,600402017978462,600402051824348
449.01483,1088.1967,771.3181,1202.4535,600402051962316,600402082733879
99.385445,1178.378,771.3181,1178.378,600402082869400,600402115520389
99.3766,1182.5004,449.01483,1182.5004,600402115644035,600402147830025
111.26358,1150.5453,111.26358,1178.378,600402147965181,600402177471952
89.06315,1115.3761,111.26358,1178.378,600402177654191,600402208568931
111.649605,1102.9072,111.26358,1150.5453,600402208662473,600402241293098
96.49423,1147.5403,111.26358,1147.5403,600402241418150,600402275075702
105.83924,1138.1038,111.26358,1147.5403,600402275545598,600402310880441
103.68612,1088.4137,105.83924,1147.5403,600402311016431,600402343021327
124.436485,1098.2974,111.26358,1138.1038,600402343111431,600402382557733
210.72614,1096.8309,111.26358,1098.2974,600402382711795,600402412055858
406.35928,1146.59,124.436485,1138.1038,600402412226014,600402442038670
430.2707,1058.2941,210.72614,1098.2974,600402442198045,600402482226587
417.3838,1111.5288,406.35928,1111.5288,600402482406900,600402513134816
402.74963,1210.983,402.74963,1111.5288,600402513274764,600402543685181
422.61633,1091.1024,406.35928,1111.5288,600402543860233,600402583404764
381.96735,1077.3754,402.74963,1111.5288,600402583501795,600402614523618
331.13275,1143.2642,402.74963,1111.5288,600402614678514,600402645221483
409.64362,974.86633,402.74963,1111.5288,600402645387004,600402676732785
402.48468,1035.2839,402.74963,1111.5288,600402676880337,600402706408827
361.7352,1094.5847,402.74963,1094.5847,600402706506274,600402739827629
378.29892,1059.7948,402.48468,1094.5847,600402740491066,600402770937577
357.52475,1056.8696,378.29892,1094.5847,600402771050962,600402803401899
341.37582,1017.02374,378.29892,1059.7948,600402803497316,600402835375545
330.18716,1079.0643,357.52475,1079.0643,600402835467785,600402866825077
333.91354,1100.1199,341.37582,1079.0643,600402868085754,600402900159087
357.59225,1117.6471,357.52475,1079.0643,600402900289764,600402931257733
327.99216,1118.4353,341.37582,1100.1199,600402931392629,600402965037472
274.56763,1092.1455,341.37582,1092.1455,600402965177472,600402995579660
319.12015,1050.2604,327.99216,1092.1455,600402995712368,600403025759295
318.2073,1072.3778,319.12015,1092.1455,600403025873774,600403059607368
339.3954,1079.4062,327.99216,1079.4062,600403059744920,600403091849712
324.32623,1094.5669,324.32623,1092.1455,600403091992941,600403123097681
435.0753,1778.7086,327.99216,1092.1455,600403123439764,600403157265441
556.9892,2435.06,327.99216,1094.5669,600403157411639,600403186220337
634.8275,2457.674,435.0753,1778.7086,600403186337681,600403217252316
604.6983,2454.993,556.9892,2435.06,600403222206378,600403251392003
575.6212,2461.1543,575.6212,2454.993,600403251502785,600403283948358
591.9653,2462.979,575.6212,2454.993,600403286668462,600403319055753
566.8996,2461.17,575.6212,2461.1543,600403321791326,600403351734243
602.1537,2453.7378,575.6212,2454.993,600403353532108,600403384352316
582.48694,2455.293,575.6212,2455.293,600403384502889,600403416329035
603.9859,2455.2954,582.48694,2455.293,600403422310180,600403456901483
682.14105,1279.5328,582.48694,2455.293,600403486461378,600403524847003
572.9964,1178.0702,582.48694,2455.293,600403526325753,600403558120753
603.1872,1285.1384,582.48694,1285.1384,600403564426639,600403600178982
631.6234,1059.4579,582.48694,1285.1384,600403600331066,600403632388305
602.05457,943.6381,602.05457,1285.1384,600403632558253,600403666555962
591.5149,1069.0658,591.5149,1069.0658,600403666695076,600403697080337
398.32803,1193.9998,591.5149,1193.9998,600403697232107,600403729907420
341.41312,1251.348,591.5149,1193.9998,600403730038253,600403761342368
342.8124,1221.9076,398.32803,1193.9998,600403761459920,600403795298514
361.94217,1274.8518,361.94217,1221.9076,600403795418774,600403827700909
352.6647,1247.6488,361.94217,1221.9076,600403828177420,600403859490805
325.80167,1299.8333,361.94217,1247.6488,600403859597159,600403890763826
371.963,1163.4906,361.94217,1221.9076,600403890867159,600403923272003
373.75412,1196.2368,361.94217,1221.9076,600403924175337,600403953233774
343.85596,1163.9695,361.94217,1196.2368,600403954603982,600403984924191
390.60837,1032.5464,361.94217,1196.2368,600403985734191,600404015127889
381.25867,1104.6992,361.94217,1163.9695,600404018068045,600404047090545
399.6443,1059.158,381.25867,1104.6992,600404050832941,600404081190284
474.42584,1193.7798,381.25867,1163.9695,600404084261274,600404115898097
497.89035,1137.1652,399.6443,1137.1652,600404118017055,600404149261118
436.73807,1243.4076,436.73807,1163.9695,600404152559503,600404181615545
462.50784,1260.2766,436.73807,1163.9695,600404185413670,600404214808357
464.7148,1281.0576,436.73807,1243.4076,600404229149972,600404287557784
409.0479,1151.3691,436.73807,1163.9695,600404287637941,600404325939191
430.87686,1152.2283,436.73807,1163.9695,600404326041899,600404358038826
381.49512,1164.2318,430.87686,1163.9695,600404358209555,600404393263461
378.30704,1199.8752,430.87686,1163.9695,600404394371899,600404426148618
402.51608,1166.3778,402.51608,1164.2318,600404426272159,600404457429034
353.5105,1279.8312,402.51608,1166.3778,600404457606743,600404491711795
372.81445,1240.9529,402.51608,1166.3778,600404491848774,600404526654451
435.40054,1164.3276,402.51608,1166.3778,600404526809763,600404558825180
379.5893,1266.8119,402.51608,1166.3778,600404558954086,600404590264555
363.65216,1228.4994,402.51608,1166.3778,600404590391586,600404626389972
389.167,1221.7065,389.167,1221.7065,600404626506222,600404660194295
381.3276,1308.3796,389.167,1221.7065,600404660347420,600404695614242
469.31393,2042.1038,389.167,1221.7065,600404695726222,600404725669867
315.27655,2086.685,389.167,1308.3796,600404726777420,600404761736638
456.71906,1528.1575,389.167,1528.1575,600404761881170,600404790466586
462.2478,1858.8011,389.167,1528.1575,600404790598253,600404825585232
482.87234,1619.5342,456.71906,1528.1575,600404826469607,600404858357628
486.74216,1507.9867,462.2478,1528.1575,600404858512003,600404889887211
478.99042,1386.1743,478.99042,1528.1575,600404890007055,600404924573669
481.06378,1361.1388,478.99042,1507.9867,600404924708461,600404955208357
468.44028,1294.1771,478.99042,1386.1743,600404955760857,600404998711482
453.8222,1269.3975,478.99042,1361.1388,600404998861847,600405030896222
463.39722,1241.0074,468.44028,1294.1771,600405031072888,600405063203149
478.64746,1205.4261,478.64746,1269.3975,600405063344607,600405095853461
636.67664,1222.9731,478.64746,1241.0074,600405096047888,600405127082940
693.0431,1263.2485,478.64746,1263.2485,600405127234971,600405171374607
734.2608,1273.5802,636.67664,1263.2485,600405171474555,600405205187524
723.801,1249.0621,693.0431,1263.2485,600405205563669,600405236779919
748.6618,1228.4996,723.801,1263.2485,600405236867107,600405269105284
757.99976,1292.1313,723.801,1263.2485,600405269280284,600405303173461
730.3252,1332.8829,730.3252,1263.2485,600405303283982,600405337158044
758.03516,1295.5691,730.3252,1292.1313,600405337312576,600405374254086
748.7592,1280.2971,730.3252,1280.2971,600405374390544,600405404907576
727.2627,1354.2996,730.3252,1292.1313,600405405011951,600405437871326
758.03174,1245.6935,730.3252,1280.2971,600405437982680,600405499028826
760.6005,1279.6161,730.3252,1280.2971,600405499151586,600405531413461
740.3722,1232.7213,740.3722,1279.6161,600405531772523,600405562417159
753.6768,1437.6456,740.3722,1280.2971,600405562611586,600405592982992
781.3612,1361.791,740.3722,1280.2971,600405593104867,600405626135648
749.3555,1443.3201,749.3555,1361.791,600405626308148,600405658237732
535.6639,2068.904,740.3722,1361.791,600405658380232,600405690422211
271.76514,1807.2051,740.3722,1443.3201,600405690561378,600405725289763
347.89413,1691.0734,535.6639,1691.0734,600405726142471,600405762059190
263.54062,1708.9757,347.89413,1691.0734,600405762231273,600405794156898
164.89372,1707.1305,347.89413,1691.0734,600405794291169,600405827382419
133.87474,1516.1434,263.54062,1691.0734,600405827521482,600405858735075
266.5118,1344.0405,266.5118,1691.0734,600405858861638,600405889266013
337.27155,1399.2982,266.5118,1516.1434,600405889376586,600405923294659
315.54425,1385.7289,266.5118,1399.2982,600405923401794,600405954546013
295.98233,1358.0283,295.98233,1399.2982,600405954613304,600405992315752
330.50766,1280.0026,295.98233,1385.7289,600405992433252,600406023006273
343.32962,1268.656,295.98233,1358.0283,600406023726950,600406058031325
310.32852,1225.9077,310.32852,1280.0026,600406058196794,600406095849242
335.71317,1204.9668,310.32852,1268.656,600406096443304,600406126380336
322.5798,1068.3119,310.32852,1225.9077,600406126522992,600406158055857
335.53635,1199.0165,322.5798,1204.9668,600406158207732,600406204879763
317.18216,1088.8623,317.18216,1199.0165,600406205006846,600406243342992
317.94037,1130.6648,317.94037,1199.0165,600406243500804,600406273162679
315.37665,1155.6915,317.18216,1155.6915,600406273344659,600406302776586
379.31555,1140.1185,317.94037,1155.6915,600406302882731,600406335132211
366.02304,1022.6065,317.94037,1155.6915,600406335293773,600406368690179
302.57547,1060.6359,317.94037,1140.1185,600406368815961,600406401352523
322.67734,1171.0509,317.94037,1155.6915,600406401528773,600406433380336
334.96518,1125.6183,317.94037,1140.1185,600406433552315,600406465849502
324.6411,1131.7106,322.67734,1140.1185,600406465994190,600406499184294
457.19077,1088.6619,324.6411,1131.7106,600406499316846,600406531055179
443.80978,1066.9751,324.6411,1131.7106,600406531473252,600406562018252
497.24594,1116.344,443.80978,1116.344,600406562130752,600406595750231
531.51416,1034.2601,443.80978,1116.344,600406595904502,600406629089815
562.5646,975.8742,497.24594,1116.344,600406629219710,600406660407835
525.77325,1020.53467,525.77325,1034.2601,600406661610804,600406692247731
533.24805,954.46155,525.77325,1020.53467,600406692379190,600406723670023
545.7781,996.0018,525.77325,1020.53467,600406723793044,600406752574554
558.80475,974.8152,533.24805,996.0018,600406753466273,600406786359710
683.89233,1537.2147,545.7781,1020.53467,600406786441065,600406841747627
392.57776,2003.3209,533.24805,1020.53467,600406841883304,600406870103825
255.50035,2177.7886,533.24805,1537.2147,600406870200908,600406902160023
259.30594,2174.6895,392.57776,2003.3209,600406902324294,600406936452523
350.93518,1585.2307,350.93518,1585.2307,600406936550752,600406964133096
187.95755,1591.7906,350.93518,1591.7906,600406964306065,600406994836117
180.77481,1676.1102,350.93518,1591.7906,600406994961377,600407024106117
140.26082,1408.9088,187.95755,1591.7906,600407025026221,600407056355596
160.67549,1268.3586,180.77481,1591.7906,600407056479762,600407087143460
133.11577,1158.5819,160.67549,1408.9088,600407087701273,600407135681117
153.38156,1121.2095,160.67549,1268.3586,600407136087627,600407166560335
134.18068,1034.7483,153.38156,1158.5819,600407166746273,600407199325804
169.35643,1048.569,160.67549,1121.2095,600407199531794,600407235455387
189.22131,1026.6622,160.67549,1048.569,600407235613877,600407268803304
177.69395,1053.0476,169.35643,1053.0476,600407269259033,600407303169398
185.08307,1050.9348,177.69395,1050.9348,600407303294294,600407337028356
198.68388,1065.9249,177.69395,1053.0476,600407337427991,600407369768669
183.10333,1062.0973,183.10333,1053.0476,600407369874346,600407410946794
206.68423,1065.2826,183.10333,1062.0973,600407411129658,600407442513460
214.3529,1093.3136,183.10333,1062.0973,600407442621846,600407473476273
202.88605,1042.5762,202.88605,1062.0973,600407473624762,600407502058668
406.79572,1162.7484,202.88605,1062.0973,600407502167523,600407547542106
509.76602,1162.8612,202.88605,1062.0973,600407547637366,600407577996168
504.8437,1133.6957,406.79572,1133.6957,600407578148460,600407606822262
547.8593,1149.7173,504.8437,1133.6957,600407606991689,600407638657939
510.0433,1096.4728,504.8437,1133.6957,600407638829971,600407669886377
535.37463,1168.5856,510.0433,1133.6957,600407670440960,600407704667523
570.085,1138.866,510.0433,1133.6957,600407704834033,600407736838668
578.83813,1157.503,535.37463,1138.866,600407737137002,600407769928877
549.60175,1161.3676,549.60175,1138.866,600407770473564,600407804378356
521.7863,1159.3176,535.37463,1157.503,600407804504606,600407837223200
536.98676,1148.6907,536.98676,1148.6907,600407837389398,600407868533564
568.1353,1190.9155,536.98676,1157.503,600407868677731,600407903591429
640.55,1150.3724,536.98676,1150.3724,600407903758877,600407934504970
607.64166,1181.2202,568.1353,1157.503,600407934654606,600407963999658
652.84796,1191.6001,607.64166,1157.503,600407964199606,600407994955908
632.4983,1179.3424,607.64166,1179.3424,600407995106793,600408026676585
640.15533,1232.5847,632.4983,1179.3424,600408026851585,600408073362002
530.8697,1139.6171,607.64166,1179.3424,600408073504241,600408103898877
285.44305,1039.5043,607.64166,1179.3424,600408104446689,600408136896637
237.83815,1092.3423,530.8697,1139.6171,600408137020647,600408169730491
205.34149,1096.121,285.44305,1096.121,600408170200752,600408207916272
210.83324,1136.7103,237.83815,1136.7103,600408208141689,600408238199918
257.17624,1123.7715,257.17624,1123.7715,600408238376429,600408272241897
208.15543,1131.9344,237.83815,1131.9344,600408272344345,600408303607731
176.8805,1128.5306,237.83815,1128.5306,600408303708512,600408362465126
307.07022,1082.3324,237.83815,1128.5306,600408362562314,600408396359606
356.77557,1137.9669,237.83815,1128.5306,600408396470751,600408426998304
394.2372,1128.5426,307.07022,1128.5306,600408427148720,600408458801064
415.70032,1131.3245,356.77557,1128.5426,600408458948251,600408491778564
389.0593,1136.3368,389.0593,1128.5426,600408491909293,600408524985439
407.67905,1138.6853,389.0593,1131.3245,600408525093772,600408556200283
396.4864,1103.182,389.0593,1128.5426,600408556329762,600408593062887
502.67233,1077.0754,396.4864,1128.5426,600408593240960,600408624448147
599.5693,1010.47076,396.4864,1103.182,600408624596689,600408658315126
642.29175,1053.152,502.67233,1077.0754,600408658431533,600408688903772
581.82086,1174.8705,581.82086,1103.182,600408689035074,600408722897470
672.5147,1135.6123,581.82086,1103.182,600408723023408,600408753626585
705.2277,1066.7684,581.82086,1103.182,600408753712731,600408788351481
799.65454,1126.317,672.5147,1103.182,600408788474085,600408820114814
833.4974,1209.1099,705.2277,1103.182,600408820255595,600408851177574
836.1719,1132.0862,799.65454,1126.317,600408851269814,600408882399501
879.38837,1150.0513,833.4974,1132.0862,600408883064501,600408914268824
877.4728,1089.314,836.1719,1126.317,600408915608355,600408947529501
870.77765,1107.1058,870.77765,1126.317,600408948220647,600408977834970
863.63745,1162.1598,863.63745,1126.317,600408980763095,600409010234085
886.9185,1157.9136,870.77765,1126.317,600409012313355,600409041993303
855.2731,1159.5679,863.63745,1157.9136,600409046391012,600409076517470
878.8827,1213.1411,870.77765,1157.9136,600409082132991,600409113535595
890.14636,1164.4817,870.77765,1159.5679,600409115680595,600409147755387
882.3814,1185.0585,878.8827,1164.4817,600409149123355,600409178342157
871.31433,1199.2181,871.31433,1164.4817,600409186657105,600409224727939
480.24448,1252.4956,871.31433,1185.0585,600409224845335,600409257318720
223.02165,1197.2505,871.31433,1197.2505,600409257449501,600409293560751
204.54097,1175.8738,480.24448,1185.0585,600409293742001,600409326467157
184.65205,1176.9963,223.02165,1185.0585,600409326601845,600409358190855
144.15306,1216.4098,204.54097,1185.0585,600409358340230,600409394097418
156.01181,1220.9471,184.65205,1185.0585,600409394184866,600409428480699
174.38588,1294.7074,174.38588,1216.4098,600409428600230,600409459044709
173.7005,1325.5347,174.38588,1220.9471,600409459154553,600409497692730
175.61526,1306.6992,174.38588,1294.7074,600409497796897,600409527350907
271.6722,1242.6295,174.38588,1242.6295,600409527472366,600409557656793
419.91788,1243.6033,175.61526,1243.6033,600409557733511,600409594866220
484.5461,1202.0414,271.6722,1242.6295,600409595037939,600409627994709
474.0276,1280.0106,419.91788,1243.6033,600409628197418,600409658605074
576.052,2074.0732,474.0276,1243.6033,600409658743459,600409690054241
307.45212,1948.4495,419.91788,1280.0106,600409690211168,600409723035855
370.1628,1752.0531,419.91788,1752.0531,600409723194970,600409758447834
308.11935,1943.494,370.1628,1752.0531,600409758552782,600409790110230
373.11908,1811.9863,373.11908,1752.0531,600409790861793,600409819373251
292.6425,1546.5753,370.1628,1752.0531,600409820411897,600409848907418
287.2624,1388.7758,370.1628,1752.0531,600409849879084,600409878711584
332.25916,1284.6688,332.25916,1546.5753,600409879649293,600409909183980
309.8499,1220.9025,332.25916,1388.7758,600409919280386,600409978525126
366.56552,1285.8807,332.25916,1285.8807,600409978619293,600410008357834
315.2427,1227.7992,332.25916,1285.8807,600410008492782,600410039610543
316.78564,1239.4565,332.25916,1285.8807,600410039743355,600410081221428
285.08264,1087.6002,316.78564,1239.4565,600410081323824,600410114002209
279.26495,1015.1307,316.78564,1239.4565,600410117768667,600410148148667
274.4728,1004.3383,285.08264,1087.6002,600410148229605,600410179899761
272.0726,1073.1941,279.26495,1073.1941,600410179996897,600410208236272
253.5924,1008.7345,274.4728,1073.1941,600410213961220,600410250143928
252.1904,941.6666,272.0726,1073.1941,600410250234865,600410286678199
245.21613,998.56226,253.5924,1008.7345,600410287112053,600410319535438
383.01025,1022.66943,272.0726,1022.66943,600410319658303,600410355384813
425.81808,1013.8772,272.0726,1013.8772,600410355501324,600410387857105
448.33765,1000.6215,383.01025,1013.8772,600410387958199,600410420630178
471.1837,973.96326,425.81808,1013.8772,600410420752209,600410453952834
501.14755,1057.0962,448.33765,1013.8772,600410455897522,600410487307626
491.97662,1103.973,471.1837,1013.8772,600410487430647,600410519472834
573.0372,1041.5396,491.97662,1041.5396,600410519587469,600410554149396
680.41693,1013.2414,491.97662,1013.8772,600410556350126,600410587177469
739.51135,1056.4283,573.0372,1041.5396,600410587311376,600410620731740
744.7396,1048.8468,680.41693,1041.5396,600410620898303,600410660830751
769.0015,1073.4039,739.51135,1048.8468,600410660926428,600410693803876
745.5578,1166.4951,744.7396,1048.8468,600410693920907,600410723299344
778.41364,1143.3398,745.5578,1073.4039,600410728604136,600410758887469
800.3996,1141.3866,745.5578,1141.3866,600410758999813,600410790022834
824.6306,1198.7208,778.41364,1141.3866,600410790134553,600410819401584
816.1577,1140.9752,800.3996,1141.3866,600410820480594,600410852265282
804.44354,1157.568,804.44354,1141.3866,600410852422886,600410884319865
787.9087,1223.1561,800.3996,1141.3866,600410884468876,600410939499136
72.03336,1257.4769,800.3996,1157.568,600410939616688,600410967606480
106.93236,1149.0605,787.9087,1149.0605,600410967726167,600410997103980
60.365746,1191.5455,106.93236,1157.568,600410997267938,600411030540594
74.485245,1170.0986,106.93236,1157.568,600411030797313,600411064249240
82.26244,1180.3602,82.26244,1170.0986,600411064380542,600411096725803
73.069595,1207.013,82.26244,1170.0986,600411096907990,600411127137625
94.97043,1089.0627,82.26244,1170.0986,600411127295386,600411159301428
73.19023,1269.748,82.26244,1170.0986,600411159447313,600411189481219
113.49683,1178.2554,82.26244,1170.0986,600411189652625,600411220649344
201.90387,1201.9408,82.26244,1178.2554,600411220761271,600411253464969
280.1701,1184.7549,113.49683,1178.2554,600411253603823,600411285800802
356.8358,1221.1094,201.90387,1184.7549,600411285961948,600411322172782
345.15854,1127.1567,280.1701,1178.2554,600411322253407,600411352282625
342.4411,1122.6154,342.4411,1178.2554,600411352393771,600411384659188
346.7031,1223.5007,342.4411,1178.2554,600411384864657,600411448430802
352.6843,1151.8651,342.4411,1178.2554,600411448530750,600411480734292
359.3475,1200.0781,346.7031,1178.2554,600411480899292,600411510807573
398.18756,1207.0286,352.6843,1178.2554,600411513457573,600411541970490
435.234,1203.9127,359.3475,1200.0781,600411542877313,600411576045282
440.2918,1250.994,398.18756,1203.9127,600411576319604,600411605515854
453.52014,1170.9706,435.234,1200.0781,600411609900907,600411643207625
477.2673,1207.4124,440.2918,1203.9127,600411643808146,600411675422625
554.5398,1229.3334,453.52014,1203.9127,600411675554448,600411707025334
580.8001,1161.1393,477.2673,1203.9127,600411709262886,600411738149031
558.9703,1201.9038,554.5398,1203.9127,600411742840229,600411779043771
543.4241,1124.2361,543.4241,1201.9038,600411779204084,600411812214031
540.6702,1122.2228,543.4241,1201.9038,600411812350542,600411843360802
509.62466,1265.0984,543.4241,1201.9038,600411843452834,600411880655333
504.10916,1266.9846,540.6702,1201.9038,600411880754761,600411913518458
487.6424,1316.424,509.62466,1265.0984,600411913620073,600411947645802
508.45694,1329.666,508.45694,1266.9846,600411949685281,600411991467573
540.2273,1106.512,509.62466,1265.0984,600411991595958,600412021848354
554.20306,1166.9291,509.62466,1265.0984,600412021978563,600412053252000
581.57556,1168.7605,540.2273,1168.7605,600412053381688,600412085187104
576.10956,1315.0623,554.20306,1265.0984,600412085352573,600412117039656
569.4499,2089.6914,569.4499,1265.0984,600412117132260,600412149123458
420.20566,1974.9227,554.20306,1315.0623,600412149202938,600412179843354
585.4299,1476.1003,569.4499,1476.1003,600412179922990,600412210806531
702.1382,1907.7351,569.4499,1476.1003,600412215434865,600412246855906
759.6531,1598.0074,585.4299,1476.1003,600412247523094,600412282870385
815.4775,1516.6973,702.1382,1516.6973,600412282952104,600412313467365
793.41235,1295.286,759.6531,1476.1003,600412315505021,600412345502885
756.3652,1285.5258,756.3652,1476.1003,600412346201115,600412375198667
772.8499,1254.3854,759.6531,1295.286,600412376193562,600412405622260
760.06793,1256.146,759.6531,1285.5258,600412406735750,600412436708979
782.8691,1238.953,760.06793,1256.146,600412442522000,600412472055646
780.46075,1138.3074,760.06793,1256.146,600412474835490,600412503999031
770.3818,1189.611,770.3818,1238.953,600412514150385,600412548241479
804.7211,1283.4563,770.3818,1256.146,600412548343354,600412581951375
873.843,1609.3444,770.3818,1256.146,600412582028927,600412614238250
429.42456,1964.9839,770.3818,1283.4563,600412615375385,600412652877521
299.5063,1980.1162,770.3818,1609.3444,600412653062156,600412685817573
475.70465,1706.56,475.70465,1706.56,600412686163719,600412722989760
552.08936,2018.9302,552.08936,1706.56,600412723084135,600412753301323
438.4381,1628.3809,475.70465,1706.56,600412753417469,600412785041479
409.62195,1551.5966,475.70465,1706.56,600412785172677,600412820345437
459.66635,1339.9819,459.66635,1628.3809,600412820457364,600412850617416
450.38132,1356.8589,459.66635,1551.5966,600412850727208,600412882718510
440.84863,1420.3191,459.66635,1420.3191,600412882800541,600412914347208
469.50568,1385.0874,459.66635,1420.3191,600412914450333,600412946390177
506.3074,1330.6318,459.66635,1420.3191,600412947152833,600412979998406
510.9486,1304.0829,469.50568,1385.0874,600412980183614,600413009904239
478.7421,1330.2552,478.7421,1330.6318,600413010021843,600413039502989
593.9135,1391.9928,478.7421,1385.0874,600413042043146,600413076760958
632.3814,1348.5349,478.7421,1348.5349,600413077522625,600413106441739
661.2949,1406.1511,593.9135,1385.0874,600413108376062,600413137866791
642.25934,1377.9752,632.3814,1377.9752,600413142005177,600413170673093
687.6727,1379.8956,642.25934,1379.8956,600413174621895,600413202405229
656.6504,1350.292,642.25934,1377.9752,600413209136739,600413239123875
657.6463,1369.6837,656.6504,1377.9752,600413246116583,600413274903666
750.3092,1268.1183,656.6504,1369.6837,600413275023510,600413305518302
714.87085,1350.4082,657.6463,1369.6837,600413306916010,600413337243979
735.5342,1404.3965,714.87085,1369.6837,600413339353979,600413368815073
763.33325,1368.7684,714.87085,1369.6837,600413373485750,600413404082364
779.01495,1374.0476,735.5342,1369.6837,600413409247208,600413440812468
753.60913,1402.4988,753.60913,1369.6837,600413440973406,600413473224031
765.5472,1340.3062,753.60913,1369.6837,600413473938458,600413504362468
770.79846,1413.7644,753.60913,1369.6837,600413509888614,600413541590958
800.0604,1361.6134,765.5472,1369.6837,600413541951583,600413571376427
743.52026,1404.0853,753.60913,1369.6837,600413573385854,600413601988510
728.736,1378.7806,753.60913,1369.6837,600413606627937,600413635904812
771.3632,1342.168,753.60913,1369.6837,600413638868822,600413667269239
225.40909,1396.2542,753.60913,1369.6837,600413675309604,600413704742052
178.56361,1357.3154,753.60913,1369.6837,600413708793145,600413740817208
149.60211,1371.3925,225.40909,1369.6837,600413743298666,600413773597312
119.250565,1347.2617,178.56361,1369.6837,600413773759447,600413804810281
148.45602,1342.223,149.60211,1369.6837,600413805812052,600413834256635
159.81114,1267.871,159.81114,1347.2617,600413839463301,600413867173614
174.89882,1375.9976,159.81114,1369.6837,600413875672572,600413906415020
285.41348,1316.5413,159.81114,1347.2617,600413911749395,600413948238874
360.67484,1332.447,174.89882,1347.2617,600413948335020,600413982772051
342.57266,1382.2131,285.41348,1347.2617,600413982877937,600414018453093
329.5016,1374.1346,329.5016,1347.2617,600414018594187,600414050006270
334.2381,1355.6732,329.5016,1355.6732,600414050136739,600414081453718
355.19608,1376.2787,329.5016,1355.6732,600414081542624,600414113975072
602.75757,1293.5245,334.2381,1355.6732,600414114090593,600414145577416
635.3392,1337.3407,355.19608,1355.6732,600414147010333,600414203380072
644.34375,1332.1896,602.75757,1337.3407,600414203495906,600414232330281
676.84766,1342.5339,635.3392,1342.5339,600414232728145,600414264252468
703.9797,1311.0461,644.34375,1337.3407,600414264412260,600414294156999
695.4236,1375.8815,676.84766,1342.5339,600414294389864,600414328056687
676.6211,1299.212,676.6211,1337.3407,600414328237208,600414365751530
678.4057,1261.0089,676.84766,1337.3407,600414366108510,600414396764760
727.7323,1311.6453,676.84766,1311.6453,600414396903405,600414432344812
698.16595,1366.7941,678.4057,1337.3407,600414432757103,600414493767937
647.44855,1379.3966,676.84766,1337.3407,600414493864082,600414527307676
479.7588,1998.1257,676.84766,1366.7941,600414527418301,600414559462416
353.68616,1946.2141,647.44855,1379.3966,600414559699395,600414590908197
295.34457,2090.9604,479.7588,1946.2141,600414591062260,600414626245176
452.27634,1721.2853,452.27634,1721.2853,600414626423510,600414660470593
327.01413,2046.191,452.27634,1946.2141,600414660597312,600414698865957
446.65048,1750.305,452.27634,1750.305,600414698955489,600414728200697
426.0534,1512.0308,446.65048,1750.305,600414728355176,600414758106739
387.28192,1311.6526,446.65048,1750.305,600414758261166,600414789164187
404.67285,1328.5837,426.0534,1512.0308,600414789316270,600414821112364
418.00244,1391.0924,418.00244,1391.0924,600414821236270,600414853657572
482.5984,1369.3048,426.0534,1391.0924,600414853781530,600414885416009
467.8314,1280.0544,426.0534,1391.0924,600414885548457,600414918524916
656.3196,1472.5353,467.8314,1391.0924,600414918626114,600414949546947
710.0271,1481.0509,467.8314,1391.0924,600414949631791,600414983467155
752.7178,1561.5623,656.3196,1472.5353,600414983619395,600415018182884
715.5764,1591.6163,710.0271,1481.0509,600415018315384,600415050701061
759.9565,1547.4648,715.5764,1547.4648,600415050836530,600415082705176
728.2543,1512.2314,715.5764,1512.2314,600415082821218,600415117339343
683.7585,1571.0176,715.5764,1547.4648,600415117491270,600415157763353
698.6257,1455.1802,715.5764,1512.2314,600415157915384,600415189475228
718.8867,1491.0544,715.5764,1512.2314,600415189986166,600415220148718
519.35693,805.34955,715.5764,1491.0544,600415220269968,600415250510697
491.95203,754.19904,715.5764,1491.0544,600415250637832,600415284185176
486.28018,811.35004,519.35693,811.35004,600415284313666,600415315264082
514.46326,876.225,514.46326,876.225,600415315368041,600415347205332
495.9304,838.83026,514.46326,838.83026,600415347311270,600415381324238
513.8637,834.133,514.46326,838.83026,600415381419395,600415413925280
510.1518,856.275,513.8637,838.83026,600415414024551,600415445178718
547.49,809.5135,514.46326,838.83026,600415445311530,600415474916530
555.82336,866.07324,514.46326,838.83026,600415479612103,600415512175176
566.795,890.74817,547.49,838.83026,600415512494343,600415543462363
526.18274,910.0435,526.18274,866.07324,600415543628561,600415573208092
534.3557,845.7877,534.3557,845.7877,600415574199290,600415605129290
538.8889,891.61975,534.3557,866.07324,600415606515280,600415639081842
528.75146,876.1592,534.3557,866.07324,600415639967155,600415669714082
548.9627,819.5757,534.3557,866.07324,600415669959811,600415702439759
553.1458,800.33954,534.3557,866.07324,600415706683249,600415734170592
688.13934,998.2184,548.9627,866.07324,600415738200384,600415770942624
741.21674,1017.2072,553.1458,866.07324,600415772169342,600415802131999
796.65,990.544,688.13934,990.544,600415805430801,600415844360540
800.4892,1042.8077,741.21674,990.544,600415844522728,600415875070019
792.062,1108.3556,792.062,990.544,600415875526790,600415906940801
791.09155,1050.8601,791.09155,1042.8077,600415907981738,600415937757467
848.7121,1392.8374,792.062,1050.8601,600415938402311,600415972238822
500.6375,1901.6079,791.09155,1050.8601,600415975313822,600416007577519
375.67505,2022.0083,791.09155,1392.8374,600416008456999,600416038141790
486.47855,1859.8812,500.6375,1859.8812,600416039703457,600416081682311
540.40735,2133.144,540.40735,1859.8812,600416081821582,600416116732467
656.00134,1774.8236,540.40735,1859.8812,600416116907884,600416149686321
539.3737,1484.315,540.40735,1859.8812,600416149838821,600416189785019
456.23544,1407.8563,540.40735,1774.8236,600416189962311,600416221178978
531.4651,1429.9413,539.3737,1484.315,600416221368665,600416254545488
563.4204,1402.2662,540.40735,1429.9413,600416254701738,600416288210696
633.6574,1398.3469,540.40735,1429.9413,600416288373509,600416325672051
538.74615,1395.1917,540.40735,1402.2662,600416325850592,600416358246790
578.68713,1344.529,540.40735,1398.3469,600416358434915,600416390559498
606.17896,1962.1807,540.40735,1402.2662,600416390730436,600416425749915
298.34445,1868.8179,540.40735,1402.2662,600416425904186,600416458018978
330.1284,1961.2743,540.40735,1868.8179,600416458208873,600416490662259
451.7901,1370.9636,451.7901,1402.2662,600416490851217,600416524743561
502.04367,1797.5652,502.04367,1797.5652,600416524935280,600416559046582
577.24866,1535.073,502.04367,1535.073,600416559156478,600416592678665
571.19525,1366.8262,502.04367,1535.073,600416592823092,600416629349863
656.31006,1325.4109,571.19525,1535.073,600416629481894,600416659304134
641.4421,1303.5475,571.19525,1366.8262,600416659397207,600416692169967
599.40857,1282.9294,599.40857,1325.4109,600416692310384,600416723181373
650.85895,1377.6058,599.40857,1366.8262,600416723336061,600416752935384
646.6673,1496.5063,599.40857,1366.8262,600416753054602,600416785432832
634.748,1471.0742,634.748,1377.6058,600416785587675,600416817655123
647.5654,1442.5427,634.748,1442.5427,600416817775071,600416850635592
638.04486,1460.0066,634.748,1442.5427,600416850790227,600416881940592
619.4984,1462.8264,634.748,1442.5427,600416882100123,600416914427102
649.0221,1359.6227,634.748,1442.5427,600416914551842,600416948115800
644.3238,1394.528,634.748,1442.5427,600416948273352,600416979466113
619.0773,1495.5519,634.748,1442.5427,600416979561009,600417022676165
645.2887,1512.3179,634.748,1442.5427,600417023575904,600417054190800
629.492,1444.708,634.748,1444.708,600417054298925,600417085420748
557.26807,1405.759,634.748,1442.5427,600417085580436,600417117857936
650.098,1300.9423,634.748,1442.5427,600417118044186,600417150156165
773.9925,1323.9589,634.748,1405.759,600417150327206,600417185843040
812.1461,1394.6837,650.098,1394.6837,600417185989811,600417218146529
798.74005,1383.7139,773.9925,1394.6837,600417218251529,600417250862259
814.93933,1365.7673,798.74005,1394.6837,600417250997779,600417282869550
842.0492,1361.628,798.74005,1383.7139,600417283019863,600417315465852
587.9715,1326.1807,798.74005,1365.7673,600417315596842,600417346953404
121.47915,1355.3009,798.74005,1361.628,600417347034863,600417378832988
111.94642,1417.8099,587.9715,1365.7673,600417378915540,600417415889758
92.40908,1416.7533,121.47915,1365.7673,600417416067467,600417449004602
75.702515,1425.6604,111.94642,1416.7533,600417449089029,600417482092415
67.90785,1438.8511,92.40908,1416.7533,600417482268040,600417515323300
61.141285,1427.0483,75.702515,1425.6604,600417515453248,600417546822727
60.59683,1415.4766,67.90785,1416.7533,600417547244810,600417583957727
80.866516,1398.4565,75.702515,1416.7533,600417584079810,600417619039029
68.627686,1414.605,68.627686,1415.4766,600417619190488,600417650837415
257.248,1495.3129,75.702515,1416.7533,600417651000540,600417684154915
274.23813,1499.6084,75.702515,1416.7533,600417684279185,600417716396790
338.53778,1366.8464,257.248,1416.7533,600417716500644,600417749841060
335.9252,1452.3531,274.23813,1416.7533,600417749980071,600417783762779
344.7229,1415.0461,335.9252,1416.7533,600417783922831,600417815753665
378.733,1533.122,335.9252,1416.7533,600417815877206,600417848496217
411.29147,1432.5939,344.7229,1416.7533,600417848641790,600417881442258
373.2092,1520.6727,373.2092,1432.5939,600417881624133,600417914048508
400.58862,1436.0312,373.2092,1432.5939,600417914132362,600417966855644
432.2299,1402.7806,373.2092,1432.5939,600417966979654,600417999288039
530.72784,1443.6912,400.58862,1432.5939,600417999384914,600418034575904
593.7106,1430.4135,432.2299,1432.5939,600418034760904,600418067052883
591.88904,1495.2196,530.72784,1432.5939,600418068849706,600418100233352
576.3909,1424.7412,576.3909,1432.5939,600418101911633,600418131970644
572.9256,1520.973,572.9256,1432.5939,600418137062623,600418168632050
615.13104,1421.1501,576.3909,1432.5939,600418171426217,600418206259498
642.7177,1324.4558,576.3909,1432.5939,600418206336737,600418234774654
721.71686,1377.7897,615.13104,1421.1501,600418237198560,600418270753352
690.8312,1299.8474,642.7177,1377.7897,600418270846998,600418301016321
675.17944,1228.4221,675.17944,1377.7897,600418303380019,600418335712935
731.8899,1132.1849,675.17944,1299.8474,600418338990175,600418371790748
613.996,1346.7489,675.17944,1346.7489,600418371894394,600418404887623
707.87744,1374.6266,675.17944,1346.7489,600418405521529,600418436821529
686.80865,1317.6366,675.17944,1346.7489,600418439760591,600418470053039
719.32025,1167.7487,686.80865,1346.7489,600418471197883,600418501917362
695.99194,1243.482,686.80865,1317.6366,600418511521373,600418547622935
778.91327,1161.1047,695.99194,1243.482,600418547696112,600418578371164
734.23865,1219.3212,695.99194,1243.482,600418578469289,600418610681425
700.7251,1169.8688,700.7251,1219.3212,600418612905487,600418646468820
637.12335,1202.6434,695.99194,1219.3212,600418646574185,600418681459498
441.12698,1165.8157,695.99194,1202.6434,600418682419393,600418715095383
367.76443,1148.4355,637.12335,1202.6434,600418715242518,600418748543560
356.75436,1176.9064,441.12698,1176.9064,600418748672414,600418784743508
433.40723,1182.8059,433.40723,1182.8059,600418784922362,600418817476008
313.44278,1181.6805,433.40723,1181.6805,600418817638300,600418852334497
381.17932,1150.1616,433.40723,1181.6805,600418852436164,600418886120435
394.35324,1172.5482,394.35324,1181.6805,600418886234393,600418921814706
397.81522,1144.6351,397.81522,1172.5482,600418921928247,600418953495070
390.56348,1155.6777,394.35324,1172.5482,600418953668300,600418989683820
354.1112,1212.2458,394.35324,1172.5482,600418989803456,600419026053091
378.19754,1247.4688,390.56348,1172.5482,600419026607987,600419064094497
349.67758,1184.3423,378.19754,1184.3423,600419064280747,600419096628247
447.55313,1101.9143,390.56348,1172.5482,600419096724237,600419134401372
513.2851,1063.7008,390.56348,1172.5482,600419134503091,600419171379654
593.0478,1094.0408,447.55313,1101.9143,600419171474758,600419208929237
674.1833,1119.4811,513.2851,1119.4811,600419209039237,600419244415122
729.4025,1098.3174,593.0478,1101.9143,600419244519133,600419279627258
793.4181,1118.4835,674.1833,1118.4835,600419279784393,600419314681529
803.97784,1123.0896,729.4025,1118.4835,600419314821633,600419345485643
818.14716,1090.0945,793.4181,1118.4835,600419345593247,600419378386685
822.7944,1148.9622,803.97784,1118.4835,600419378482779,600419411423456
740.57794,1211.4187,793.4181,1118.4835,600419411997466,600419444195279
608.9298,1199.7233,793.4181,1148.9622,600419444300279,600419475501112
545.61127,1197.6545,740.57794,1197.6545,600419475595383,600419511325226
532.6603,1167.6454,608.9298,1167.6454,600419511424445,600419542772258
451.73724,1158.1592,545.61127,1167.6454,600419543068195,600419576647778
441.04446,1198.3573,532.6603,1167.6454,600419576788716,600419611420851
459.0464,1204.0625,459.0464,1167.6454,600419611522153,600419644640018
352.0168,1142.919,459.0464,1167.6454,600419644721737,600419680411581
241.85037,1216.2399,459.0464,1167.6454,600419680577153,600419714049914
240.10925,1144.6952,352.0168,1167.6454,600419714182153,600419746077153
218.29868,1217.4502,241.85037,1167.6454,600419746217362,600419778830174
210.54262,1137.7656,240.10925,1167.6454,600419778973664,600419810454810
166.72333,1229.8733,218.29868,1167.6454,600419812062205,600419842676216
180.1816,1180.7598,210.54262,1167.6454,600419842760851,600419873833247
245.68167,1280.9655,218.29868,1180.7598,600419873992935,600419905180799
356.7616,1300.6161,218.29868,1180.7598,600419905786320,600419938453716
391.60428,1251.4661,245.68167,1251.4661,600419938605643,600419973736007
438.33945,1195.0836,356.7616,1195.0836,600419973815799,600420005213091
363.38934,1354.7723,363.38934,1251.4661,600420005777935,600420036926007
329.29318,1322.6366,356.7616,1251.4661,600420037117310,600420068379445
388.80927,1320.7799,363.38934,1320.7799,600420068475174,600420138317778
798.23175,1226.0698,363.38934,1251.4661,600420138431320,600420183024289
854.9228,1247.5015,388.80927,1251.4661,600420183133403,600420216406893
832.1953,1221.7924,798.23175,1247.5015,600420216582726,600420248231476
793.86664,1214.8373,793.86664,1247.5015,600420248375643,600420279649705
842.4049,1270.0045,798.23175,1247.5015,600420279795330,600420310309080
850.153,1202.1595,798.23175,1247.5015,600420310411268,600420367233455
817.8787,1217.6953,817.8787,1247.5015,600420367335591,600420407435434
707.76904,2002.9866,798.23175,1247.5015,600420407546111,600420441946789
361.40173,1999.4407,798.23175,1247.5015,600420442057778,600420474793611
365.49426,1808.2435,707.76904,1808.2435,600420474898872,600420507779601
463.58817,1911.4979,463.58817,1808.2435,600420507940122,600420543738716
437.21002,1662.4054,463.58817,1808.2435,600420543853924,600420576960539
557.82776,1412.3882,463.58817,1808.2435,600420577249028,600420612393924
542.78455,1342.4595,463.58817,1662.4054,600420612567986,600420646674809
564.3333,1264.276,542.78455,1412.3882,600420646848455,600420679027257
554.3997,1177.7709,542.78455,1342.4595,600420679109809,600420713678038
583.4574,1056.796,554.3997,1264.276,600420713779393,600420746111841
583.79755,1046.068,554.3997,1177.7709,600420746287153,600420779170174
566.79004,1109.6254,566.79004,1109.6254,600420779303403,600420811001893
504.466,1067.139,554.3997,1109.6254,600420812047205,600420843829288
497.312,1141.9843,554.3997,1109.6254,600420843913195,600420906422674
552.71454,1111.4347,552.71454,1109.6254,600420906527361,600420941821424
532.5229,1051.7362,552.71454,1109.6254,600420942010382,600420977652830
582.4521,1073.9464,552.71454,1109.6254,600420978485538,600421013646372
505.46957,999.5752,552.71454,1073.9464,600421013800486,600421047326320
502.67307,1075.336,552.71454,1075.336,600421047491632,600421080740017
630.4001,600.7738,552.71454,1073.9464,600421080895330,600421112161580
617.6183,495.72116,552.71454,1073.9464,600421112274028,600421149357361
607.65234,462.25116,607.65234,600.7738,600421149520590,600421181002205
684.8099,479.99268,607.65234,495.72116,600421181158090,600421215741997
696.91364,555.3003,607.65234,555.3003,600421215892361,600421250473455
697.9102,490.18088,684.8099,495.72116,600421250640642,600421282934965
700.0339,355.5865,696.91364,495.72116,600421283503924,600421316681163
724.5646,316.0482,697.9102,490.18088,600421316806736,600421349811997
798.8554,412.5974,700.0339,412.5974,600421349959861,600421385125330
728.5589,391.58414,724.5646,412.5974,600421385342257,600421417614757
751.114,365.18912,728.5589,412.5974,600421417798507,600421447839184
688.8633,321.02487,724.5646,391.58414,600421447995486,600421481279861
777.0656,387.0361,728.5589,387.0361,600421481434913,600421511727049
756.191,378.8597,728.5589,387.0361,600421511869392,600421544761580
735.17755,355.6406,735.17755,387.0361,600421545192153,600421577428663
737.681,343.79144,735.17755,378.8597,600421577682778,600421611897361
726.6774,381.84235,735.17755,381.84235,600421612057153,600421650246319
501.03305,1115.4797,735.17755,381.84235,600421650408038,600421682186267
608.34247,1463.7626,726.6774,381.84235,600421683205121,600421713292257
587.36835,1447.2123,608.34247,1115.4797,600421713445851,600421745091007
626.1017,1503.1533,626.1017,1447.2123,600421745191996,600421776837621
582.292,1459.3551,608.34247,1447.2123,600421776925590,600421811465538
594.59485,1451.5653,608.34247,1451.5653,600421811605017,600421842502205
627.68774,1450.6681,608.34247,1450.6681,600421842592621,600421873198923
613.6297,1417.6992,608.34247,1450.6681,600421873324965,600421906549600
589.4399,1584.2759,608.34247,1450.6681,600421906644913,600421940544184
593.0274,1638.2341,608.34247,1450.6681,600421940648455,600421972621892
614.4619,1702.8247,608.34247,1584.2759,600421973474288,600422005211319
614.3737,1730.0942,608.34247,1638.2341,600422005312621,600422034991736
583.23224,1747.7618,608.34247,1702.8247,600422036403194,600422070503715
614.2749,1701.1458,608.34247,1701.1458,600422070607048,600422104182986
551.07574,1684.8153,608.34247,1701.1458,600422104931215,600422136305486
543.4256,1664.7654,608.34247,1701.1458,600422136445590,600422165326892
557.59314,1596.2781,557.59314,1684.8153,600422170405069,600422199667986
560.79395,1609.7968,560.79395,1664.7654,600422200273402,600422230335434
570.09454,1534.5881,560.79395,1609.7968,600422233603559,600422265650277
561.37463,1582.5814,560.79395,1609.7968,600422265790382,600422307831007
550.39606,1613.7152,560.79395,1609.7968,600422307940955,600422340283246
563.64557,1593.7014,560.79395,1609.7968,600422340388142,600422369907361
617.8381,1586.7832,560.79395,1609.7968,600422370001423,600422401951059
568.4002,1586.4255,563.64557,1593.7014,600422402069600,600422436799548
609.9836,1575.5685,568.4002,1586.7832,600422437792986,600422469493298
607.5775,1561.0353,568.4002,1586.4255,600422469563246,600422501013975
593.3137,1637.2119,593.3137,1586.7832,600422501174913,600422532413454
579.16815,1600.0853,579.16815,1586.7832,600422533346059,600422563459444
583.76166,1533.4175,583.76166,1586.7832,600422566033767,600422597296631
614.00665,1658.4667,583.76166,1586.7832,600422597446631,600422629365434
781.56775,479.43283,583.76166,1586.7832,600422631518038,600422660919809
726.3151,473.93253,614.00665,1586.7832,600422661755850,600422693681475
733.0503,465.199,726.3151,479.43283,600422695027361,600422727020173
749.071,365.45633,726.3151,473.93253,600422729321371,600422761946215
720.0714,407.92563,726.3151,465.199,600422765334652,600422798036006
772.45374,385.00522,726.3151,407.92563,600422800098506,600422830677361
744.94507,447.59653,726.3151,447.59653,600422833994600,600422863000381
770.0518,356.71152,744.94507,407.92563,600422866138923,600422896307308
776.22705,379.37213,744.94507,407.92563,600422906343975,600422938145121
739.8957,399.3124,744.94507,399.3124,600422938281736,600422971369861
761.5575,388.27142,744.94507,399.3124,600422972497569,600423015374600
762.36633,335.63895,744.94507,399.3124,600423015497204,600423046323975
759.62524,322.9559,759.62524,388.27142,600423046471788,600423081842673
776.86755,347.40588,759.62524,347.40588,600423081985329,600423113515225
785.78015,371.05533,759.62524,371.05533,600423113669548,600423145754235
770.21735,352.06592,770.21735,352.06592,600423145915746,600423178631996
733.3817,345.00583,759.62524,352.06592,600423178806735,600423210189913
691.98083,429.2226,759.62524,352.06592,600423210336683,600423270800433
742.3276,373.01984,742.3276,352.06592,600423270902985,600423304538819
725.2394,360.6832,742.3276,360.6832,600423305292725,600423337321840
712.7051,353.07715,742.3276,353.07715,600423337478975,600423369819704
476.7554,899.1208,725.2394,360.6832,600423369964287,600423403661683
572.8088,1412.4575,712.7051,360.6832,600423403813558,600423436405173
581.3115,1516.7424,581.3115,899.1208,600423436952256,600423465688871
575.68805,1448.2467,581.3115,1412.4575,600423467225121,600423502047360
595.13586,1405.0751,581.3115,1405.0751,600423502185746,600423532241319
606.6533,1432.783,581.3115,1412.4575,600423533728767,600423562062464
620.84705,1495.303,595.13586,1412.4575,600423573382048,600423610696735
629.24274,1496.0426,606.6533,1432.783,600423610844287,600423642254964
618.8635,1711.8751,618.8635,1495.303,600423642364287,600423676146162
586.40186,1671.5077,606.6533,1496.0426,600423676493610,600423707025277
530.8528,1659.6001,606.6533,1659.6001,600423707793558,600423748528506
560.83685,1605.7491,586.40186,1605.7491,600423748709131,600423778650485
551.5354,1692.5905,560.83685,1659.6001,600423780217256,600423810512204
533.7774,1641.5911,560.83685,1641.5911,600423810667621,600423842469079
531.6967,1704.715,551.5354,1659.6001,600423842539912,600423873780746
562.3738,1708.9071,560.83685,1659.6001,600423873873246,600423906068975
534.5098,1280.843,551.5354,1659.6001,600423906226735,600423937269027
535.81647,1032.8953,551.5354,1659.6001,600423937383141,600423970673610
520.8357,1082.999,535.81647,1280.843,600423970788246,600424003304131
495.8272,1067.4979,535.81647,1082.999,600424004096162,600424034143558
500.5034,1035.7195,520.8357,1082.999,600424034288454,600424064768923
489.20288,1098.4343,500.5034,1082.999,600424066937933,600424097291318
530.40814,1117.5266,520.8357,1082.999,600424099258245,600424129722256
512.86334,1073.4335,512.86334,1082.999,600424134040225,600424166956787
530.74426,1050.1245,520.8357,1082.999,600424167043245,600424205566579
490.63803,1096.0787,512.86334,1082.999,600424205665433,600424237265902
550.1256,1071.146,520.8357,1082.999,600424237395433,600424270224183
503.05975,1089.3341,512.86334,1082.999,600424270367308,600424302072725
514.2606,1140.9878,514.2606,1082.999,600424302218089,600424336295277
533.8005,1112.5636,514.2606,1089.3341,600424336810485,600424365864131
533.58356,1048.4015,514.2606,1082.999,600424366006839,600424394949912
544.08276,1069.8861,533.58356,1082.999,600424399435225,600424427663350
519.23096,1124.8959,519.23096,1082.999,600424432514235,600424461086787
501.55164,1188.3579,519.23096,1082.999,600424462564964,600424491942985
511.82516,1173.2585,519.23096,1124.8959,600424500201683,600424528159599
556.58765,1144.5239,519.23096,1144.5239,600424529566422,600424559794339
614.0636,1009.0693,519.23096,1124.8959,600424574381683,600424608767829
610.86743,755.40875,556.58765,1124.8959,600424608922099,600424641449287
653.64014,774.02924,610.86743,1009.0693,600424641550537,600424674901839
682.9718,716.64856,610.86743,774.02924,600424674982152,600424707792204
679.18494,672.073,653.64014,774.02924,600424707891214,600424739100745
683.2926,678.969,679.18494,716.64856,600424739192724,600424770983870
687.33264,622.3097,679.18494,678.969,600424771079808,600424805049183
665.09143,620.1341,679.18494,678.969,600424805147985,600424837938610
659.60724,669.4279,679.18494,669.4279,600424838028766,600424873397672
616.8082,707.6539,665.09143,678.969,600424873557724,600424904853506
619.6337,684.8108,659.60724,678.969,600424905024547,600424941948401
605.4336,707.7036,619.6337,684.8108,600424942035954,600424975897464
625.65497,694.12274,625.65497,684.8108,600424976030172,600425010373089
627.96014,732.27405,625.65497,694.12274,600425010528974,600425041790224
617.9841,605.41943,625.65497,684.8108,600425041893245,600425075529183
599.85504,553.0422,625.65497,684.8108,600425076950537,600425106357672
638.146,555.7769,625.65497,605.41943,600425106452360,600425138132047
660.9783,487.58984,625.65497,555.7769,600425138224183,600425172727568
663.5619,471.37466,638.146,555.7769,600425172846943,600425203819808
622.75714,429.99283,625.65497,487.58984,600425203926370,600425233817985
634.1271,477.90033,634.1271,477.90033,600425233894808,600425265987828
661.41376,431.17908,634.1271,477.90033,600425267734860,600425299704964
631.7013,442.0641,634.1271,477.90033,600425299783349,600425329280589
584.714,503.58426,634.1271,477.90033,600425332317047,600425361828349
502.89938,1436.85,631.7013,477.90033,600425361944703,600425394728193
492.37012,1556.2295,584.714,503.58426,600425396216266,600425427337672
495.73984,1603.1903,502.89938,1436.85,600425429663557,600425459346578
491.68707,1610.3372,495.73984,1556.2295,600425460331318,600425492225224
528.7993,1660.4008,502.89938,1603.1903,600425501337099,600425533773297
501.23154,1632.2097,501.23154,1610.3372,600425533881266,600425563810328
529.7851,1676.0829,502.89938,1632.2097,600425565052932,600425595926162
518.0574,1657.97,502.89938,1632.2097,600425596103453,600425628051578
513.9722,1623.8298,513.9722,1632.2097,600425631662047,600425663877516
525.4313,1651.8082,513.9722,1632.2097,600425663971214,600425699692568
527.81976,1656.3994,513.9722,1632.2097,600425699836943,600425732557932
449.52634,1629.7329,513.9722,1632.2097,600425732647151,600425765832464
458.04752,1636.2953,513.9722,1632.2097,600425765921787,600425801103193
423.54858,1608.3655,458.04752,1632.2097,600425801713870,600425833618453
406.82846,1600.4235,458.04752,1632.2097,600425833777568,600425868450901
416.99225,1650.0752,423.54858,1632.2097,600425868528714,600425897800953
452.38498,1629.5981,452.38498,1632.2097,600425904767672,600425937466214
395.703,1623.0269,423.54858,1632.2097,600425937604339,600425972397880
372.84006,1603.3357,423.54858,1629.5981,600425972494182,600426006764911
414.91574,1547.507,414.91574,1623.0269,600426006864339,600426036460432
453.41806,1580.517,423.54858,1603.3357,600426036595172,600426068205328
426.81702,1650.718,423.54858,1623.0269,600426068307151,600426102049286
370.2175,1583.4132,423.54858,1603.3357,600426102153088,600426134307203
521.5587,1575.797,423.54858,1603.3357,600426134427568,600426167018870
693.93677,751.72943,423.54858,1583.4132,600426167162099,600426197849859
682.4083,667.254,521.5587,1575.797,600426199808557,600426233240172
659.6919,658.30804,659.6919,751.72943,600426233361057,600426263627255
677.5244,592.68054,659.6919,667.254,600426265048766,600426298768818
690.2203,583.4974,659.6919,658.30804,600426300717984,600426331562672
689.87756,616.7841,677.5244,616.7841,600426332667099,600426364086943
675.31335,599.67163,675.31335,616.7841,600426366094755,600426400828922
646.2542,519.5303,675.31335,616.7841,600426400996005,600426432570849
630.71313,542.9881,675.31335,599.67163,600426432716734,600426466858140
588.93036,486.95728,646.2542,542.9881,600426467011318,600426500256317
593.35583,482.93832,630.71313,542.9881,600426500755484,600426532185536
612.99176,454.71732,612.99176,486.95728,600426532535328,600426566814703
593.3869,470.6222,612.99176,482.93832,600426566911057,600426597408922
599.1015,535.8398,612.99176,486.95728,600426598339859,600426632791213
543.6976,500.1209,599.1015,486.95728,600426635025692,600426668487411
460.45724,485.49734,599.1015,486.95728,600426668622724,600426698762724
481.17398,464.14777,543.6976,486.95728,600426698921734,600426730270015
451.68048,468.07208,481.17398,485.49734,600426730793088,600426760441057
465.26437,488.71826,481.17398,486.95728,600426760562672,600426797952672
440.76236,490.73178,465.26437,486.95728,600426798106213,600426832699703
452.19556,506.49832,465.26437,488.71826,600426832882932,600426863360901
387.88568,533.4928,452.19556,490.73178,600426865364859,600426897066474
404.85773,560.73376,452.19556,506.49832,600426898817047,600426928830067
550.9931,560.48883,452.19556,533.4928,600426930724286,600426964981369
548.12683,479.11243,452.19556,506.49832,600426965073817,600426996196265
572.20105,570.68085,548.12683,533.4928,600426997955692,600427031744755
561.1202,575.52435,548.12683,533.4928,600427031881109,600427063470380
602.5994,542.19995,561.1202,542.19995,600427063603869,600427096366265
576.32574,566.643,561.1202,542.19995,600427096503244,600427131402463
571.5428,557.3677,571.5428,542.19995,600427131586630,600427162866838
609.68146,469.61237,571.5428,542.19995,600427166288869,600427196174703
636.8364,486.53137,571.5428,542.19995,600427197882880,600427227137203
605.1158,478.40198,605.1158,486.53137,600427229082203,600427258569026
633.47504,466.86243,605.1158,486.53137,600427260135953,600427293674078
567.62054,485.8674,605.1158,485.8674,600427297755067,600427327555276
640.492,510.49136,605.1158,486.53137,600427364124650,600427398082671
652.1251,549.8087,605.1158,486.53137,600427398592671,600427430246890
640.8961,522.16144,640.492,510.49136,600427430940328,600427464028713
530.6531,705.299,605.1158,522.16144,600427464138036,600427495532203
469.15472,737.48,605.1158,522.16144,600427496338661,600427529414546
471.8398,752.30164,530.6531,705.299,600427530253765,600427559998036
457.61807,791.6399,471.8398,737.48,600427561165067,600427591711786
454.12686,775.49677,471.8398,752.30164,600427592724755,600427625950015
434.92758,789.96454,457.61807,775.49677,600427626046265,600427659671161
452.5817,738.271,454.12686,752.30164,600427662004025,600427692441630
469.09766,825.5296,457.61807,775.49677,600427695006630,600427726962671
489.95087,1002.62683,457.61807,775.49677,600427727098817,600427758655171
464.1782,1082.6965,464.1782,825.5296,600427765722046,600427797272098
523.642,1145.4005,464.1782,1002.62683,600427797415119,600427831991317
495.6884,1172.472,464.1782,1082.6965,600427832134807,600427862731004
531.2313,1208.8186,495.6884,1145.4005,600427864668921,600427894732671
516.8612,1124.4281,495.6884,1124.4281,600427895936265,600427927133504
525.32837,1154.2867,516.8612,1145.4005,600427929356890,600427967836161
487.76627,1208.9045,495.6884,1145.4005,600427970906786,600428003330952
529.8129,1193.0061,516.8612,1154.2867,600428003414025,600428036810379
514.2214,1181.9429,514.2214,1181.9429,600428036910379,600428069442254
500.24716,1127.442,514.2214,1154.2867,600428069547150,600428104807619
547.9546,1076.249,514.2214,1154.2867,600428104914129,600428138108556
547.104,1147.265,514.2214,1147.265,600428138280015,600428186120327
473.0083,1279.0077,514.2214,1154.2867,600428186229494,600428219099077
561.20905,1005.3953,514.2214,1147.265,600428219275223,600428250552202
564.43475,843.2883,514.2214,1147.265,600428250658400,600428281921161
547.67365,830.84784,547.67365,1005.3953,600428282073192,600428312219494
560.75916,777.0878,547.67365,843.2883,600428313255223,600428344060536
561.25885,769.40686,547.67365,830.84784,600428344200379,600428375717098
573.9274,861.5019,560.75916,843.2883,600428375858452,600428412356629
566.22235,724.5806,561.25885,830.84784,600428412516838,600428449191473
549.36456,880.56256,560.75916,843.2883,600428449356317,600428482307983
578.80536,821.83405,561.25885,830.84784,600428482437515,600428512274025
533.511,916.88025,560.75916,843.2883,600428512449754,600428543445327
527.19916,813.52057,560.75916,830.84784,600428543571994,600428580609442
512.4727,959.34534,533.511,843.2883,600428580741160,600428612858140
533.4447,1060.2717,533.4447,843.2883,600428613673296,600428646024546
517.75635,1014.4885,533.4447,959.34534,600428646166577,600428677086317
518.4382,1009.0831,533.4447,1009.0831,600428677252202,600428709136733
520.7294,1016.3512,520.7294,1009.0831,600428709271265,600428741933973
494.37106,979.3954,520.7294,1009.0831,600428742762046,600428775513660
525.5533,982.9909,520.7294,1009.0831,600428775663660,600428816752515
543.0146,970.8322,520.7294,982.9909,600428816853192,600428849197931
532.2656,909.36725,525.5533,982.9909,600428849353504,600428880702150
473.08505,627.65643,520.7294,970.8322,600428880900327,600428913931525
493.0358,520.2397,520.7294,909.36725,600428914319025,600428944509285
523.8359,447.02505,520.7294,627.65643,600428944649337,600428977458712
541.9505,450.89362,520.7294,520.2397,600428977600900,600429009555067
537.7849,453.56927,523.8359,453.56927,600429009703921,600429043413035
462.80267,449.62808,520.7294,453.56927,600429043551421,600429076733712
536.5274,489.89902,523.8359,453.56927,600429076908400,600429113343556
497.40518,473.3437,520.7294,453.56927,600429113469337,600429146108400
496.32703,492.38348,520.7294,473.3437,600429146329702,600429177089858
494.7814,511.1273,497.40518,473.3437,600429177239650,600429208785119
496.47928,490.45685,496.47928,490.45685,600429209010639,600429244659702
661.8955,513.2232,497.40518,490.45685,600429244810691,600429276796316
716.38947,601.6944,497.40518,490.45685,600429276948087,600429308581525
675.5499,603.5306,661.8955,513.2232,600429308743348,600429342792931
664.8274,528.85876,664.8274,528.85876,600429342946108,600429374585327
710.62177,591.90955,664.8274,528.85876,600429374746941,600429408514962
712.58905,537.3573,664.8274,528.85876,600429408654129,600429441311837
676.60205,510.00098,676.60205,528.85876,600429441414598,600429474988556
686.84845,582.4398,676.60205,528.85876,600429475120952,600429507455848
718.7485,585.2501,676.60205,528.85876,600429507607618,600429541704493
682.64606,567.4749,682.64606,567.4749,600429541882514,600429575306525
729.25665,592.2353,682.64606,567.4749,600429575410014,600429611038348
682.33545,518.63727,682.64606,567.4749,600429611178400,600429641776316
686.62585,515.3207,682.64606,567.4749,600429641894233,600429688631004
668.3092,625.7848,682.64606,567.4749,600429688772827,600429719838139
676.50323,686.29114,682.64606,567.4749,600429720054337,600429752076629
441.23227,1482.429,676.50323,625.7848,600429752273973,600429792333139
593.9877,1938.0775,676.50323,686.29114,600429792419806,600429830650743
602.8143,1887.2428,602.8143,1482.429,600429830761472,600429865028816
568.31964,1881.7974,602.8143,1881.7974,600429865137827,600429900692566
626.93164,1879.0249,602.8143,1879.0249,600429901710587,600429936872358
589.41876,1864.7477,602.8143,1879.0249,600429936950275,600429969037983
491.3442,1721.5399,602.8143,1879.0249,600429969203660,600430005767306
429.53314,1673.1254,589.41876,1864.7477,600430005867097,600430040494702
404.6736,1665.7413,491.3442,1721.5399,600430040593139,600430072842097
396.50504,1634.5051,429.53314,1673.1254,600430073830483,600430106767566
331.21655,1638.4565,404.6736,1665.7413,600430106878712,600430141692827
247.87036,1599.6324,396.50504,1638.4565,600430141845691,600430181297722
228.51361,1580.155,331.21655,1638.4565,600430181395795,600430211206837
233.28397,1659.7028,247.87036,1638.4565,600430211384597,600430242809024
246.69511,1631.7797,246.69511,1638.4565,600430242967670,600430276220066
284.1956,1592.8585,247.87036,1638.4565,600430276407983,600430306453399
283.36978,1589.5919,247.87036,1631.7797,600430306592410,600430337681004
240.27826,1600.6437,247.87036,1600.6437,600430339265274,600430371862879
259.80563,1569.001,247.87036,1600.6437,600430371963608,600430405904597
565.90704,1681.9613,247.87036,1600.6437,600430406305483,600430444264649
772.6148,1682.1967,259.80563,1600.6437,600430445707618,600430476676576
800.1826,1728.8013,565.90704,1681.9613,600430476804181,600430507148608
820.1737,1717.9086,772.6148,1682.1967,600430507276524,600430540636264
810.3462,1711.078,800.1826,1711.078,600430540734233,600430574618503
839.44995,1725.1992,810.3462,1711.078,600430574724024,600430604916941
811.2694,1718.1364,810.3462,1711.078,600430605000170,600430637667566
799.7017,1704.7717,810.3462,1711.078,600430637780899,600430677853764
768.4349,1735.9478,810.3462,1711.078,600430678187930,600430713811003
744.825,1757.1763,799.7017,1711.078,600430713953920,600430742996160
737.14874,1696.0334,768.4349,1711.078,600430743174493,600430775766420
745.7876,1692.7002,745.7876,1711.078,600430775919233,600430821680326
779.88165,1676.2607,768.4349,1696.0334,600430821766680,600430857063399
789.3178,1648.2355,768.4349,1692.7002,600430857148295,600430889280951
532.7126,1269.1554,768.4349,1676.2607,600430889546107,600430922139232
470.29453,1164.8093,768.4349,1648.2355,600430922233712,600430953117774
425.64355,1164.7607,532.7126,1269.1554,600430955043399,600430987683035
436.71512,1101.2408,470.29453,1164.8093,600430991110274,600431023468712
430.21182,1113.627,436.71512,1164.7607,600431023886680,600431082168712
488.75177,1130.3236,470.29453,1130.3236,600431082281159,600431113079232
515.3756,1119.4061,470.29453,1130.3236,600431113247462,600431146732045
487.27768,1063.9137,487.27768,1130.3236,600431147128191,600431177392982
501.43405,1060.197,487.27768,1119.4061,600431177504753,600431207626368
523.8362,1117.0431,487.27768,1117.0431,600431207819649,600431239342982
518.97235,1120.9163,501.43405,1119.4061,600431240206732,600431274507670
512.9598,1089.736,512.9598,1117.0431,600431274650847,600431316506211
518.8655,1050.2311,512.9598,1117.0431,600431316733139,600431352187514
522.2571,989.94055,512.9598,1089.736,600431352305014,600431387171993
527.2724,1029.2727,518.8655,1050.2311,600431387279753,600431419683764
536.8296,1094.6936,522.2571,1089.736,600431419880639,600431453443711
501.51575,1054.0214,518.8655,1054.0214,600431453665639,600431486780795
518.9611,1076.1846,518.9611,1076.1846,600431486898139,600431519785586
462.69037,1802.0977,518.8655,1076.1846,600431519893555,600431551419284
277.5101,2071.4646,518.8655,1076.1846,600431551615170,600431584863295
383.3681,1300.6315,462.69037,1300.6315,600431584966576,600431617607774
407.73264,1418.0297,407.73264,1300.6315,600431617792305,600431650551211
412.3933,931.523,412.3933,1300.6315,600431650656263,600431682793555
430.65668,680.6226,412.3933,1300.6315,600431682897201,600431713681472
434.51328,499.77548,412.3933,931.523,600431713835066,600431746663972
455.97098,485.06168,430.65668,680.6226,600431746914753,600431778648347
440.4362,527.2998,434.51328,527.2998,600431778792565,600431811296628
449.98203,508.06024,440.4362,527.2998,600431811639232,600431840613347
438.17563,607.85986,438.17563,527.2998,600431840714232,600431875237409
520.20984,640.3872,440.4362,527.2998,600431877640795,600431909695899
538.5327,580.8615,440.4362,580.8615,600431909873086,600431944734440
546.21277,618.8601,520.20984,580.8615,600431944893607,600431974641159
550.3279,637.80725,538.5327,580.8615,600431974827930,600432009733555
570.3849,688.9677,546.21277,618.8601,600432009887357,600432042123503
555.1683,620.7462,550.3279,620.7462,600432042265742,600432073913607
583.4228,670.0557,555.1683,620.7462,600432074073711,600432105088138
552.596,639.5366,552.596,620.7462,600432105185326,600432137936940
565.2497,673.8995,555.1683,639.5366,600432138037617,600432180448294
571.29846,580.08307,555.1683,620.7462,600432180537357,600432212389336
577.224,586.5464,565.2497,620.7462,600432212483815,600432242741524
590.1611,620.0803,571.29846,620.0803,600432242907669,600432277599180
596.778,648.31024,577.224,620.7462,600432277737826,600432308787461
605.97174,715.6848,590.1611,620.7462,600432308905534,600432339394649
575.43994,696.61475,577.224,648.31024,600432340287409,600432370507982
563.0478,700.20447,577.224,696.61475,600432370606211,600432403174024
600.1424,607.7411,577.224,648.31024,600432403286263,600432435365221
594.1129,583.98773,577.224,648.31024,600432435461836,600432467686576
554.6418,667.1532,577.224,648.31024,600432467777565,600432503302982
559.37286,650.1724,577.224,648.31024,600432503411524,600432536281263
563.0962,642.86725,563.0962,648.31024,600432536457357,600432577516107
551.9657,608.0074,563.0962,648.31024,600432577700221,600432607950273
545.451,589.6184,563.0962,642.86725,600432608271211,600432644272878
523.17474,604.0298,551.9657,608.0074,600432644425742,600432679096940
577.0141,577.62714,563.0962,604.0298,600432679207826,600432725271836
588.342,629.067,563.0962,608.0074,600432725418398,600432758074440
532.65784,605.58057,563.0962,605.58057,600432758221523,600432792284388
371.50595,1199.2239,563.0962,608.0074,600432793214180,600432826169961
390.88016,1384.0747,532.65784,608.0074,600432826319596,600432856721211
395.92383,1567.5125,395.92383,1199.2239,600432857912773,600432891240690
392.88422,1501.0356,395.92383,1384.0747,600432894224909,600432924808711
456.23053,1486.2706,395.92383,1486.2706,600432926586263,600432959250378
424.06992,1358.6786,395.92383,1384.0747,600432959415742,600432990742930
422.24454,1357.6005,422.24454,1384.0747,600432990863294,600433025813555
434.49197,1338.7599,422.24454,1358.6786,600433025969805,600433058649544
445.85345,1366.2097,422.24454,1366.2097,600433059172461,600433090451784
438.83932,1362.6334,434.49197,1362.6334,600433090580325,600433124414752
434.7789,1333.646,434.7789,1362.6334,600433124590742,600433154842513
512.5412,1368.671,434.7789,1362.6334,600433155103502,600433192849336
469.82672,1371.5881,434.7789,1362.6334,600433193975325,600433226830950
505.21198,1296.9885,469.82672,1362.6334,600433227006055,600433257079075
509.95062,1360.3026,469.82672,1362.6334,600433259109336,600433291204336
502.40308,1308.8654,502.40308,1360.3026,600433291812096,600433321962252
497.7157,1358.0594,497.7157,1360.3026,600433323381315,600433359431940
482.51657,1432.604,497.7157,1360.3026,600433361042929,600433392881992
462.8223,1437.4325,497.7157,1360.3026,600433393010690,600433427955638
443.81378,1400.3018,482.51657,1400.3018,600433428089700,600433459676836
405.4467,1381.3494,462.8223,1381.3494,600433459815377,600433490105065
469.62003,1357.4941,469.62003,1381.3494,600433490458294,600433523022148
501.61322,1397.3052,469.62003,1381.3494,600433523211159,600433555412825
471.5657,1355.602,469.62003,1381.3494,600433555522096,600433586333398
443.15234,1390.6145,469.62003,1381.3494,600433586434752,600433617186523
458.7029,1361.4641,469.62003,1381.3494,600433628725898,600433663757044
441.32065,1388.8672,458.7029,1381.3494,600433663864648,600433699973502
464.6334,1343.8146,464.6334,1381.3494,600433720408398,600433758448867
447.86432,1353.6075,458.7029,1381.3494,600433758608398,600433789692408
456.81274,1360.7258,458.7029,1360.7258,600433795877721,600433828184179
471.3311,1293.5446,458.7029,1360.7258,600433828834179,600433861399440
436.4878,1249.9479,458.7029,1360.7258,600433861499804,600433893173294
442.2583,1385.2509,458.7029,1360.7258,600433893291940,600433927428033
435.31952,1373.3003,442.2583,1360.7258,600433928375377,600433960184388
403.5423,1382.9512,442.2583,1373.3003,600433960300533,600433997220950
627.11176,902.41144,442.2583,1360.7258,600433997379544,600434031181783
595.49036,613.81555,442.2583,1360.7258,600434031329440,600434064582669
691.4375,618.11725,595.49036,902.41144,600434064744544,600434100519023
648.5683,576.01276,595.49036,618.11725,600434100611523,600434134017200
653.0844,595.16876,648.5683,618.11725,600434134125846,600434175459075
625.051,513.1794,625.051,595.16876,600434176432460,600434208208762
707.27936,547.50824,648.5683,595.16876,600434208391679,600434240256835
636.9147,542.5077,636.9147,547.50824,600434240411315,600434269967460
683.6895,544.2949,648.5683,547.50824,600434270084752,600434303136210
681.63873,540.0203,648.5683,544.2949,600434303241627,600434339532356
622.0839,573.15704,648.5683,547.50824,600434339743710,600434369264231
632.6379,612.16113,648.5683,547.50824,600434369362408,600434400546939
684.5679,576.2082,648.5683,573.15704,600434400724700,600434434151054
664.02264,605.73596,648.5683,576.2082,600434434237669,600434469159960
651.69965,544.023,651.69965,573.15704,600434469256887,600434505557096
645.437,586.9568,648.5683,576.2082,600434505746106,600434536083919
623.66504,558.9434,648.5683,573.15704,600434536185429,600434567965221
670.0755,525.19977,648.5683,573.15704,600434568105117,600434615892252
629.3385,689.383,648.5683,573.15704,600434616104283,600434658106002
492.56308,801.32825,648.5683,573.15704,600434658275637,600434690729960
479.16528,945.5713,629.3385,689.383,600434690891783,600434723055116
506.5764,992.233,506.5764,801.32825,600434723196627,600434754862408
500.8467,938.99774,506.5764,938.99774,600434755041575,600434787005169
507.82425,910.787,506.5764,910.787,600434788858033,600434819941002
503.91913,962.02454,506.5764,938.99774,600434820089127,600434853957408
512.7418,965.69653,506.5764,938.99774,600434854842304,600434889835273
482.60904,943.43207,506.5764,943.43207,600434889963398,600434922430012
502.69354,924.26874,506.5764,938.99774,600434922561314,600434959431835
521.7986,904.3746,506.5764,938.99774,600434961271783,600434994084752
529.0036,848.1935,506.5764,924.26874,600434994168241,600435027686210
503.12317,656.759,506.5764,904.3746,600435027772304,600435058344439
553.5064,601.52295,506.5764,848.1935,600435058485741,600435091114075
576.01074,697.27045,506.5764,697.27045,600435093091783,600435124717304
576.56793,659.3121,553.5064,697.27045,600435126139127,600435159718345
608.1741,617.31354,576.01074,697.27045,600435159871314,600435193481627
579.6678,661.40784,576.56793,661.40784,600435193625273,600435224052460
550.8531,613.1141,576.01074,661.40784,600435225171470,600435256997200
555.6023,568.6568,576.01074,661.40784,600435258086002,600435290105012
545.55444,536.73346,555.6023,613.1141,600435290247668,600435321553866
557.0425,420.18643,557.0425,568.6568,600435323012304,600435358509387
603.50037,449.26624,557.0425,536.73346,600435358617200,600435390282304
575.714,378.89072,557.0425,449.26624,600435390457720,600435422891106
530.4056,356.59302,557.0425,449.26624,600435423745637,600435457047668
560.3645,320.89648,557.0425,378.89072,600435457196418,600435489050637
572.1388,369.83707,557.0425,369.83707,600435489196418,600435523501783
550.433,363.54932,557.0425,369.83707,600435523651158,600435556635741
548.48535,402.8002,557.0425,369.83707,600435556765845,600435589161470
562.05524,341.84244,557.0425,369.83707,600435589312252,600435622449491
566.1595,353.38925,557.0425,369.83707,600435622607877,600435655460429
545.86285,361.17374,557.0425,361.17374,600435656775741,600435687808189
521.6505,363.27707,557.0425,363.27707,600435688840949,600435726631158
496.10922,316.41116,545.86285,361.17374,600435726795689,600435759323397
528.18896,367.54257,528.18896,363.27707,600435761151991,600435792789283
496.81647,374.86118,528.18896,363.27707,600435792913137,600435827089439
523.23126,363.70865,528.18896,363.70865,600435828604491,600435861548554
523.9428,412.9534,523.9428,363.70865,600435861658710,600435897478658
509.06363,362.23755,523.9428,363.70865,600435897684543,600435930002043
511.5021,340.1905,523.9428,363.70865,600435930142512,600435961872876
530.89795,421.78268,523.9428,363.70865,600435962017512,600435994904803
528.7155,402.82,523.9428,363.70865,600435995076314,600436039000897
509.84122,1159.4232,523.9428,402.82,600436039191210,600436070524647
484.3478,1306.2878,523.9428,402.82,600436070625897,600436103684439
521.2733,1257.5737,521.2733,1159.4232,600436104088866,600436149385272
504.5661,1363.6449,521.2733,1257.5737,600436149489751,600436185877043
502.14877,1221.2147,521.2733,1221.2147,600436185969439,600436222129543
521.08844,1339.8357,521.08844,1257.5737,600436223273970,600436253843918
529.9803,1271.7496,521.2733,1257.5737,600436255803449,600436288178553
541.8678,1293.5278,521.2733,1271.7496,600436288309491,600436348444439
489.14728,1180.8335,521.2733,1257.5737,600436348553762,600436382169178
512.0776,1269.338,521.2733,1269.338,600436382347303,600436424637355
498.92303,1309.3777,512.0776,1269.338,600436424821991,600436459841314
518.73615,1435.836,518.73615,1269.338,600436460062668,600436492398293
539.2697,1488.6431,518.73615,1309.3777,600436492558657,600436524894335
559.993,1539.1301,518.73615,1435.836,600436525037095,600436557362303
556.9367,1614.5374,539.2697,1488.6431,600436557524126,600436589810584
543.1538,1670.2699,543.1538,1539.1301,600436589966626,600436621977251
558.71185,1610.4448,543.1538,1610.4448,600436622106262,600436655775949
496.1148,1557.335,543.1538,1557.335,600436657531366,600436688278241
476.35922,1546.6925,543.1538,1557.335,600436688423241,600436724354491
532.9219,1596.607,532.9219,1557.335,600436725313657,600436755878709
511.5736,1632.3403,532.9219,1557.335,600436756061157,600436790215636
497.15372,1666.1216,532.9219,1596.607,600436790910220,600436826373345
520.91785,1623.009,520.91785,1623.009,600436826493345,600436858138657
513.07904,1579.1257,520.91785,1596.607,600436858278189,600436894270793
543.78815,1611.5952,520.91785,1611.5952,600436894420272,600436929840220
534.2692,1589.445,520.91785,1596.607,600436929996886,600436961673553
558.7006,1586.1472,534.2692,1596.607,600436961757511,600436996552980
620.21045,1358.5588,534.2692,1589.445,600436996657563,600437026749282
515.079,874.3465,534.2692,1586.1472,600437026833188,600437059148397
518.48236,942.14386,534.2692,1358.5588,600437059661782,600437094204699
509.0999,1004.26825,518.48236,1004.26825,600437094329751,600437128637199
561.6966,901.5993,534.2692,1004.26825,600437128724959,600437161084751
549.74066,921.08435,534.2692,1004.26825,600437161246209,600437193071157
553.46747,904.6176,549.74066,921.08435,600437193232511,600437224326365
570.06,936.0634,549.74066,936.0634,600437224493761,600437255850272
579.8112,929.842,553.46747,929.842,600437255969074,600437296489855
495.76978,979.2697,549.74066,936.0634,600437296668918,600437329223761
550.38354,967.292,550.38354,936.0634,600437329331261,600437359652459
564.37897,903.665,550.38354,936.0634,600437359812303,600437394629751
544.376,863.3356,550.38354,936.0634,600437394799907,600437426857303
553.03046,865.64136,550.38354,903.665,600437426940167,600437459283553
486.34625,844.0776,550.38354,865.64136,600437459416470,600437491279074
476.11917,870.3163,550.38354,870.3163,600437491418345,600437526164542
467.12686,805.6059,486.34625,865.64136,600437526296626,600437558457459
416.78824,817.15955,476.11917,865.64136,600437558583813,600437592230740
407.82626,832.15967,467.12686,832.15967,600437592385949,600437624797042
453.21603,842.3826,453.21603,842.3826,600437624959022,600437658454803
394.86142,921.6522,453.21603,842.3826,600437658571313,600437690438605
443.63547,814.9558,453.21603,842.3826,600437690593865,600437723017772
440.06992,842.96185,443.63547,842.3826,600437723162615,600437759347459
528.5956,831.7045,453.21603,842.3826,600437759438084,600437789071001
581.101,872.0775,453.21603,842.3826,600437789229438,600437822610272
592.2079,884.1133,528.5956,842.3826,600437822739907,600437854792980
578.8561,892.23846,578.8561,872.0775,600437855066521,600437890887824
577.66284,865.8429,577.66284,865.8429,600437891026209,600437925558813
599.40576,848.4191,578.8561,865.8429,600437925696313,600437958377563
495.26886,847.0223,577.66284,865.8429,600437958495792,600437991692928
457.55273,759.7382,577.66284,848.4191,600437991853396,600438024911782
463.95264,824.9316,495.26886,847.0223,600438025020271,600438060238032
461.27686,806.7581,463.95264,824.9316,600438060362094,600438090720792
403.2437,796.3789,463.95264,824.9316,600438090867667,600438122811521
421.96338,855.89526,461.27686,824.9316,600438122960844,600438154697511
257.60913,1029.4979,421.96338,824.9316,600438154819438,600438185979542
234.913,1022.5564,421.96338,855.89526,600438186157094,600438219301521
247.59827,1084.8391,257.60913,1022.5564,600438221873136,600438257563084
215.33218,1004.84454,247.59827,1004.84454,600438257711365,600438288825063
180.15631,1091.5056,247.59827,1022.5564,600438288983500,600438323416313
193.65996,1074.4302,215.33218,1022.5564,600438323543240,600438359784230
276.06976,1047.8842,247.59827,1047.8842,600438360392042,600438389952303
323.7309,1053.2444,247.59827,1047.8842,600438390049282,600438421000584
425.5177,1041.529,276.06976,1047.8842,600438422456417,600438451857823
418.36545,1103.9832,323.7309,1047.8842,600438451931886,600438483844073
433.35376,1042.4604,418.36545,1047.8842,600438485172250,600438514767615
442.63528,1078.5511,418.36545,1047.8842,600438516519959,600438546661677
384.80505,1084.4492,418.36545,1047.8842,600438550380271,600438583011365
278.8428,1145.454,418.36545,1078.5511,600438583114855,600438612980636
294.33282,1078.2347,384.80505,1078.2347,600438614740896,600438644800532
246.90923,1151.7281,294.33282,1078.5511,600438649875219,600438679717302
261.38596,1129.5117,294.33282,1078.5511,600438680221677,600438713083292
309.18564,1322.2323,294.33282,1129.5117,600438714085844,600438748891104
295.31802,1977.1805,294.33282,1129.5117,600438749795011,600438785357771
269.52332,2069.9802,294.33282,1322.2323,600438785454021,600438818316782
235.71806,1705.6243,294.33282,1705.6243,600438818425948,600438849025636
163.18776,1869.3175,269.52332,1705.6243,600438850298865,600438882800167
191.43709,1562.347,235.71806,1705.6243,600438884169438,600438915511677
110.2658,1414.0874,191.43709,1705.6243,600438915900948,600438948208865
149.72783,1211.021,191.43709,1562.347,600438948289594,600438981066000
167.15495,1155.8524,167.15495,1414.0874,600438981154281,600439012699229
157.42966,1175.8289,167.15495,1211.021,600439012800636,600439044852771
287.82996,1146.5657,167.15495,1175.8289,600439048734542,600439080940323
667.2001,1096.9249,167.15495,1175.8289,600439086004594,600439121513136
698.9047,1087.4562,287.82996,1146.5657,600439121617823,600439166222250
671.62244,1112.3955,667.2001,1112.3955,600439166333188,600439198965896
655.237,1055.4697,655.237,1112.3955,600439199150583,600439236263552
707.99725,1080.5002,667.2001,1112.3955,600439237301156,600439267429646
655.21484,1047.1364,655.237,1080.5002,600439267531990,600439307543552
736.7151,1134.31,667.2001,1112.3955,600439307656573,600439337028969
788.5754,1050.9197,667.2001,1080.5002,600439337184125,600439369181000
801.52875,1066.369,736.7151,1080.5002,600439369425688,600439412801938
800.37695,1115.8763,788.5754,1080.5002,600439412926208,600439445757198
810.5647,1159.8433,800.37695,1080.5002,600439445888552,600439474914021
600.5855,1002.56177,788.5754,1080.5002,600439475030375,600439507316365
206.0528,975.228,788.5754,1080.5002,600439507456417,600439539578188
313.4058,1001.2635,600.5855,1002.56177,600439539740583,600439569314229
287.66772,955.6657,313.4058,1001.2635,600439569448448,600439600652146
281.90646,951.6123,313.4058,1001.2635,600439600922354,600439631386937
321.90457,1025.0336,313.4058,1001.2635,600439631489646,600439663666052
312.55078,1021.9975,313.4058,1001.2635,600439663829437,600439696073656
256.7506,1137.7344,313.4058,1021.9975,600439696266937,600439730162146
272.4076,1071.2292,312.55078,1021.9975,600439730312875,600439764942667
322.31668,1049.9822,313.4058,1049.9822,600439765375844,600439797097094
323.26218,1054.124,313.4058,1049.9822,600439797198708,600439828482458
311.00894,1104.7714,313.4058,1049.9822,600439828613292,600439862918552
298.319,1067.1002,313.4058,1054.124,600439863030687,600439901088239
248.61246,1005.2824,311.00894,1049.9822,600439901199802,600439940660062
227.66898,1089.271,298.319,1054.124,600439940787562,600439972766833
291.47202,975.71014,291.47202,1049.9822,600439972916364,600440018467979
441.26987,1153.9996,298.319,1054.124,600440018591885,600440050721833
659.5193,1412.847,298.319,1054.124,600440050826260,600440089168552
650.69543,1383.9391,441.26987,1153.9996,600440089271885,600440122656729
677.1782,1304.5133,650.69543,1304.5133,600440122838760,600440156129125
647.5028,1388.2899,647.5028,1304.5133,600440156240427,600440188181573
656.8205,1371.0317,650.69543,1304.5133,600440188367041,600440222082875
614.3555,1321.2958,647.5028,1321.2958,600440222183291,600440254873083
589.83856,1225.5162,647.5028,1304.5133,600440255026468,600440286908448
572.5934,1164.644,614.3555,1304.5133,600440287068343,600440319398291
572.7014,1184.9174,589.83856,1225.5162,600440319499489,600440351675427
608.28094,1099.9042,608.28094,1184.9174,600440351785791,600440387595843
606.98663,1160.2316,606.98663,1184.9174,600440387752979,600440419704021
618.1618,1117.0231,608.28094,1160.2316,600440419858135,600440452830427
621.3064,1152.4473,608.28094,1160.2316,600440453367354,600440484375010
598.43225,1162.5911,608.28094,1160.2316,600440484488187,600440517829645
601.8813,1120.1093,608.28094,1160.2316,600440518160479,600440552320323
585.73114,956.20984,601.8813,1160.2316,600440552598239,600440592191208
451.39157,897.57745,601.8813,1120.1093,600440592286833,600440626994593
468.3243,915.7681,585.73114,956.20984,600440627183031,600440659478135
533.53595,831.8802,533.53595,915.7681,600440659579541,600440690436364
506.1121,841.85284,533.53595,915.7681,600440691822041,600440723212093
477.1311,936.15686,533.53595,915.7681,600440724444645,600440755631677
493.06522,882.481,506.1121,915.7681,600440756385739,600440790866885
494.00122,884.5193,494.00122,915.7681,600440791017770,600440823119802
516.96014,736.63153,506.1121,884.5193,600440823315427,600440857773968
464.1276,433.40445,494.00122,884.5193,600440857932770,600440889127354
447.11127,370.27075,494.00122,736.63153,600440889252770,600440920115999
549.25635,392.37244,494.00122,433.40445,600440920256468,600440955355999
500.46304,414.2232,494.00122,414.2232,600440955523968,600440984556520
500.80597,409.82782,500.46304,414.2232,600440986175947,600441018711520
501.64365,414.50385,500.46304,414.2232,600441020099020,600441055085999
473.65738,430.8228,500.46304,414.2232,600441055237406,600441090886364
530.43,403.46555,500.46304,414.2232,600441091085583,600441121398552
501.87228,349.09317,500.46304,414.2232,600441121570322,600441152664854
498.59265,383.76535,500.46304,403.46555,600441153667666,600441195853864
470.61533,425.70148,500.46304,414.2232,600441195960791,600441226375999
465.83762,423.0406,498.59265,414.2232,600441226539489,600441257725010
485.26236,415.80197,485.26236,415.80197,600441257895531,600441293136989
510.92035,363.25204,498.59265,414.2232,600441293289489,600441323935739
477.1889,341.90082,485.26236,414.2232,600441324146416,600441354905374
471.3052,376.19452,485.26236,376.19452,600441355072510,600441386560531
483.46738,386.0161,483.46738,386.0161,600441386686312,600441420216103
460.2284,410.15656,483.46738,386.0161,600441420382249,600441452580270
485.78287,383.30402,483.46738,386.0161,600441452730739,600441483466937
471.92166,365.65082,483.46738,386.0161,600441484529176,600441521314333
456.16815,398.1231,483.46738,386.0161,600441521434385,600441551762093
463.8926,392.55563,471.92166,386.0161,600441551848239,600441610781208
486.96072,397.55447,483.46738,392.55563,600441610879593,600441644885166
454.50424,399.91656,471.92166,392.55563,600441649266155,600441683889541
472.68042,387.82117,472.68042,392.55563,600441684496833,600441715305478
470.69778,383.56683,471.92166,392.55563,600441715401989,600441751573968
512.4099,395.59842,472.68042,392.55563,600441751735739,600441783249801
478.1397,376.21735,472.68042,392.55563,600441784054541,600441823299020
506.8345,329.84525,478.1397,392.55563,600441823393707,600441857151520
488.485,309.75385,478.1397,376.21735,600441857267145,600441889620322
481.97195,312.298,481.97195,329.84525,600441889775426,600441922909332
512.89465,240.61174,481.97195,312.298,600441923005843,600441954552093
522.60034,294.0302,481.97195,312.298,600441954698603,600441985874697
521.5058,278.6322,512.89465,294.0302,600441986012562,600442019093968
497.3087,282.39508,497.3087,294.0302,600442019222145,600442053086416
504.93207,268.34668,504.93207,282.39508,600442053972822,600442083743968
513.40186,295.15253,504.93207,294.0302,600442084090895,600442113501520
521.7257,366.81433,504.93207,294.0302,600442113592562,600442143170270
462.822,346.50726,504.93207,295.15253,600442144169853,600442175455009
513.0802,313.3945,504.93207,313.3945,600442176588082,600442211376728
569.682,409.07727,504.93207,313.3945,600442212749645,600442242670114
538.2943,476.6165,513.0802,313.3945,600442245030739,600442274619853
575.8331,429.94467,538.2943,409.07727,600442276458082,600442308406207
605.9455,498.30606,538.2943,429.94467,600442308496676,600442338942822
598.8611,456.62424,575.8331,429.94467,600442341388551,600442369982614
647.7525,458.10092,598.8611,456.62424,600442375927561,600442404504905
615.91156,439.7681,598.8611,439.7681,600442407745478,600442436792509
631.3644,415.25494,615.91156,439.7681,600442445626103,600442481572249
619.82684,405.21295,615.91156,439.7681,600442482935947,600442514344020
671.3889,382.08707,619.82684,415.25494,600442514509593,600442547452822
657.332,339.49802,619.82684,405.21295,600442549501936,600442579262197
646.19995,337.74197,646.19995,382.08707,600442579825426,600442612291103
698.0479,322.91205,646.19995,339.49802,600442612376728,600442647392613
635.6397,322.81955,646.19995,337.74197,600442647505843,600442679134957
654.32745,329.95895,646.19995,329.95895,600442679279436,600442710373395
653.58124,325.204,646.19995,329.95895,600442711942613,600442744081988
627.805,344.81027,646.19995,329.95895,600442744188082,600442776393030
676.00415,372.6611,646.19995,329.95895,600442776498655,600442810238811
632.7843,366.20187,646.19995,344.81027,600442810378395,600442838731936
666.3402,304.34036,646.19995,329.95895,600442842735165,600442870720322
668.0896,364.7327,646.19995,344.81027,600442879419801,600442912799228
638.62213,352.16534,646.19995,344.81027,600442912905634,600442945738186
657.55286,328.37994,646.19995,344.81027,600442946467353,600442976372665
657.22107,349.42773,646.19995,344.81027,600442976536884,600443006688290
636.4013,366.0054,646.19995,344.81027,600443010328186,600443039623447
680.9603,375.31744,646.19995,349.42773,600443042182926,600443071939697
701.65784,432.58197,646.19995,366.0054,600443078852301,600443112111259
739.48566,495.12253,680.9603,375.31744,600443112205999,600443143089853
807.63727,503.95947,701.65784,432.58197,600443143213342,600443173038447
818.0371,453.36987,739.48566,453.36987,600443175363186,600443206632717
807.2053,480.75842,807.2053,453.36987,600443208449749,600443238661415
798.5679,455.10193,798.5679,453.36987,600443242773603,600443273808030
786.0055,430.8746,798.5679,453.36987,600443277779332,600443310087978
799.14105,426.96817,798.5679,453.36987,600443310223394,600443343239176
774.63806,502.78714,798.5679,453.36987,600443343406624,600443374694332
795.93665,470.70593,798.5679,453.36987,600443374808030,600443409867249
786.88965,428.8269,795.93665,453.36987,600443410031676,600443441206676
773.54596,469.60446,795.93665,453.36987,600443442545269,600443474066936
777.8168,459.63083,786.88965,453.36987,600443474483967,600443504044853
769.61145,443.49246,777.8168,453.36987,600443509355165,600443540069540
758.5363,430.90244,777.8168,453.36987,600443542995426,600443572855998
741.93195,513.5749,769.61145,453.36987,600443573686415,600443604217717
492.47913,793.31683,758.5363,453.36987,600443614755738,600443652585894
383.17392,1591.493,741.93195,513.5749,600443652745634,600443685376207
419.6961,1504.219,492.47913,793.31683,600443686258759,600443715686728
374.5562,1512.2859,419.6961,1504.219,600443715787873,600443746113915
347.11038,1590.0848,419.6961,1504.219,600443747681988,600443780243707
386.29623,1534.1267,386.29623,1512.2859,600443781190790,600443811402665
320.72733,1627.3359,386.29623,1534.1267,600443811497613,600443841610946
379.455,1710.603,386.29623,1534.1267,600443841701780,600443872551467
344.36905,1662.079,379.455,1627.3359,600443875212405,600443907949019
328.92148,1549.503,379.455,1549.503,600443908149019,600443938755894
368.659,1550.3644,368.659,1550.3644,600443944090946,600443974141102
495.8611,1351.798,379.455,1549.503,600443976864957,600444014334540
522.8626,1256.2155,379.455,1549.503,600444014443811,600444046760530
517.6118,1203.1503,495.8611,1351.798,600444050105842,600444081238186
498.9296,1248.5701,498.9296,1256.2155,600444081317717,600444111005165
526.4297,1230.2877,498.9296,1248.5701,600444113911363,600444147229332
488.21512,1228.3895,498.9296,1248.5701,600444147371936,600444181287873
477.43958,1203.8035,498.9296,1230.2877,600444181396519,600444212944540
501.54825,1232.658,498.9296,1232.658,600444213069800,600444244839592
512.46375,1191.7899,498.9296,1230.2877,600444244951988,600444274523238
493.83276,1095.6946,498.9296,1230.2877,600444277082509,600444309705686
527.26556,1086.1566,498.9296,1191.7899,600444309796571,600444338704488
470.07654,1104.4528,498.9296,1104.4528,600444341581675,600444370708342
485.01535,1101.8921,498.9296,1104.4528,600444372260946,600444402146727
527.0516,1080.2565,498.9296,1104.4528,600444409174175,600444438821206
519.428,1066.6615,498.9296,1101.8921,600444446899071,600444478429748
581.42944,370.16983,519.428,1080.2565,600444480989071,600444515212248
641.08136,341.97104,519.428,1066.6615,600444515285634,600444547095946
615.47345,329.44962,581.42944,370.16983,600444547209592,600444577390477
610.8723,351.02222,610.8723,351.02222,600444579534852,600444610821727
600.53973,366.517,600.53973,366.517,600444612441519,600444643646831
616.3787,362.9358,610.8723,362.9358,600444643748186,600444676346936
644.1625,323.76205,610.8723,362.9358,600444676508602,600444706598550
589.2855,323.68784,610.8723,362.9358,600444707126311,600444738140165
630.57886,340.64435,610.8723,340.64435,600444741996154,600444771046258
634.8752,345.80606,610.8723,345.80606,600444775209436,600444804432873
588.17285,345.6623,610.8723,345.6623,600444806025842,600444834338602
564.57544,330.79047,610.8723,345.6623,600444839387508,600444880990633
622.8396,353.7488,610.8723,345.6623,600444881092300,600444918028029
630.47345,383.0034,610.8723,345.6623,600444918196050,600444953758446
609.0121,339.76474,610.8723,345.6623,600444953950685,600444985895685
568.69293,382.5334,610.8723,345.6623,600444986059488,600445021647925
590.95294,433.71533,609.0121,345.6623,600445021800581,600445054173550
546.0157,1447.8931,590.95294,382.5334,600445054324435,600445087874800
370.38446,1874.4669,590.95294,433.71533,600445088096362,600445125051310
410.58133,1902.8003,546.0157,1447.8931,600445125161310,600445154958915
386.77597,1872.2241,410.58133,1872.2241,600445155060685,600445186330269
398.32874,1851.7434,410.58133,1851.7434,600445186456415,600445218006362
365.43198,1868.8503,398.32874,1868.8503,600445218149175,600445251287977
457.1503,1791.0815,410.58133,1851.7434,600445251445790,600445283328237
424.53244,1732.7369,410.58133,1851.7434,600445283474175,600445316415789
433.66608,1810.2797,424.53244,1810.2797,600445316587612,600445348302248
475.9685,1789.3682,424.53244,1810.2797,600445348438133,600445379240529
494.52612,1732.711,433.66608,1810.2797,600445379327925,600445409249019
427.34088,1782.1335,427.34088,1789.3682,600445415930269,600445450358914
460.29004,1720.905,433.66608,1782.1335,600445450521935,600445483900789
461.0727,1732.0443,433.66608,1782.1335,600445484117925,600445515718289
451.87036,1755.9425,451.87036,1755.9425,600445516433602,600445556874071
370.51074,1764.6144,433.66608,1764.6144,600445557034279,600445590775425
385.09448,1748.9926,433.66608,1755.9425,600445590878862,600445621106466
394.80746,1730.7198,394.80746,1755.9425,600445621291466,600445653294696
431.29974,1686.9298,431.29974,1748.9926,600445653488498,600445686185581
488.43668,1575.2188,431.29974,1730.7198,600445686304123,600445718191727
583.02136,1493.6085,431.29974,1686.9298,600445718333185,600445755876935
577.36426,1360.6173,488.43668,1575.2188,600445756124643,600445796707300
568.6569,1398.4382,568.6569,1493.6085,600445796855112,600445840435685
539.3217,1454.7819,539.3217,1454.7819,600445841072716,600445871099696
610.3047,1429.6627,568.6569,1454.7819,600445875920373,600445904414591
637.7355,1432.1102,568.6569,1454.7819,600445906581206,600445937349331
628.987,1341.4156,610.3047,1432.1102,600445949065425,600445987778810
647.84094,1369.0743,628.987,1432.1102,600445987930998,600446020893862
611.6212,1322.3173,611.6212,1369.0743,600446021027143,600446053645893
532.0764,1341.0575,611.6212,1369.0743,600446053774331,600446088307560
517.14484,1362.0187,611.6212,1362.0187,600446088467039,600446122750633
474.90912,1333.8127,532.0764,1362.0187,600446122881206,600446154441675
435.37164,1300.0398,517.14484,1362.0187,600446154634695,600446184640997
453.36444,1253.6708,474.90912,1333.8127,600446184770789,600446218552247
425.18964,1241.4078,453.36444,1300.0398,600446218687195,600446254810633
399.19293,1319.7671,453.36444,1319.7671,600446254967820,600446287255060
421.65604,1266.521,425.18964,1300.0398,600446287406935,600446322168029
417.69266,1250.7446,421.65604,1300.0398,600446322275477,600446353625633
438.05023,1966.5536,425.18964,1300.0398,600446353763445,600446385515529
328.6888,1944.3475,421.65604,1300.0398,600446385650841,600446420278966
295.8127,2079.2136,421.65604,1944.3475,600446420620112,600446451913654
405.68518,1828.8169,405.68518,1828.8169,600446452138081,600446487612039
526.50977,1955.9961,421.65604,1944.3475,600446487726622,600446522147977
505.26022,1625.4996,421.65604,1828.8169,600446522319643,600446553653289
607.97754,1536.019,505.26022,1828.8169,600446553822404,600446584787299
591.4888,1414.5403,505.26022,1625.4996,600446584934799,600446617551049
535.9625,1394.8346,535.9625,1536.019,600446617720685,600446651771049
563.2546,1413.6094,535.9625,1414.5403,600446651945164,600446684589487
571.76056,1274.2683,535.9625,1413.6094,600446684740945,600446717621726
578.9887,1289.3856,563.2546,1413.6094,600446717758654,600446751108654
594.1343,1280.7052,571.76056,1289.3856,600446751243185,600446783486726
581.09924,1221.8207,578.9887,1289.3856,600446783659122,600446821492612
582.2954,1280.4243,581.09924,1280.7052,600446821593393,600446854891935
578.5773,1267.9989,578.9887,1280.4243,600446855279122,600446886374799
570.51434,1286.0677,578.9887,1280.7052,600446886535008,600446919469799
544.20166,1348.3842,578.5773,1280.7052,600446919620997,600446953795372
510.38968,1335.0477,570.51434,1286.0677,600446953944331,600446988380164
514.1954,1349.1521,544.20166,1335.0477,600446988572039,600447024783549
474.24686,1347.185,514.1954,1335.0477,600447024921049,600447057820008
496.02048,1272.9956,514.1954,1335.0477,600447057945320,600447089148705
487.2078,1276.4806,496.02048,1335.0477,600447089255112,600447122703549
439.44485,1259.3441,496.02048,1276.4806,600447122820372,600447157681049
387.58234,1247.581,487.2078,1276.4806,600447157885372,600447187778185
383.13202,1336.8552,439.44485,1276.4806,600447187929955,600447219181049
427.39877,1371.4885,427.39877,1276.4806,600447219311101,600447251564278
476.72864,1306.4124,439.44485,1306.4124,600447254173497,600447284846257
508.63287,1187.6794,439.44485,1276.4806,600447285007299,600447315831882
549.6549,1114.3647,476.72864,1276.4806,600447315941830,600447349226205
576.1249,1058.3121,508.63287,1187.6794,600447349389643,600447381323185
541.85394,985.33527,541.85394,1114.3647,600447381432507,600447417698549
558.3494,988.00134,541.85394,1058.3121,600447417858862,600447447745893
549.99646,1081.1879,541.85394,1081.1879,600447448736205,600447481517507
585.0541,1057.0898,549.99646,1058.3121,600447481977976,600447515737195
527.51215,1091.8777,541.85394,1081.1879,600447515806049,600447549018862
561.21436,1076.6472,549.99646,1076.6472,600447549164278,600447582592091
559.8794,1070.5905,549.99646,1076.6472,600447582902091,600447613914695
510.3758,1214.313,549.99646,1076.6472,600447614003237,600447648358028
513.9309,1232.5128,549.99646,1076.6472,600447650133809,600447685633289
485.9078,1088.6256,513.9309,1088.6256,600447685809174,600447736626257
458.10135,1117.0775,513.9309,1088.6256,600447737571622,600447772689434
495.91003,1181.5577,495.91003,1088.6256,600447772827039,600447806736049
502.15778,1073.2593,502.15778,1088.6256,600447806827195,600447836691726
476.6365,645.3017,495.91003,1088.6256,600447839588601,600447869515684
459.3474,575.40674,495.91003,1073.2593,600447872629903,600447901397611
518.8919,413.29605,495.91003,645.3017,600447904564070,600447943746882
482.99783,487.64136,495.91003,575.40674,600447943933809,600447981574643
482.94775,448.04712,495.91003,487.64136,600447981954122,600448022581309
533.60376,460.95197,495.91003,487.64136,600448022759382,600448052459382
536.5102,423.12527,495.91003,460.95197,600448052644747,600448087686205
527.3475,447.41006,527.3475,460.95197,600448087858288,600448122716465
489.56833,459.23862,495.91003,459.23862,600448122873705,600448153177611
520.099,456.8555,520.099,459.23862,600448153333913,600448188295788
534.0087,403.0169,520.099,459.23862,600448188469382,600448219683913
527.58215,438.16684,520.099,456.8555,600448219861465,600448261336622
564.8842,439.2783,527.58215,439.2783,600448261427195,600448290374174
532.13354,446.81906,527.58215,446.81906,600448290475320,600448321406205
589.2757,524.3002,532.13354,446.81906,600448321551674,600448354923757
639.9133,413.70053,532.13354,446.81906,600448355025111,600448390332872
618.27045,459.53043,589.2757,446.81906,600448390438288,600448420886153
654.1364,486.34167,618.27045,446.81906,600448421028705,600448453504278
625.29224,407.24417,618.27045,446.81906,600448453645215,600448486735320
630.48663,445.6642,625.29224,446.81906,600448486914330,600448519028392
638.7368,468.09573,625.29224,446.81906,600448519217247,600448550210424
615.82184,430.25317,625.29224,446.81906,600448550380424,600448585623236
670.6653,461.60217,625.29224,446.81906,600448585770632,600448618888028
616.228,389.0018,625.29224,446.81906,600448619034174,600448656066361
629.7999,390.78613,625.29224,446.81906,600448656248965,600448690868809
630.456,402.04068,625.29224,402.04068,600448691087715,600448727793184
625.9497,468.0649,625.9497,446.81906,600448727905840,600448757703549
642.36566,458.29117,625.9497,446.81906,600448757856674,600448789997611
646.3101,503.83585,625.9497,458.29117,600448790145788,600448823150788
668.1429,829.4293,642.36566,458.29117,600448823326049,600448852814851
574.77185,1422.2599,625.9497,503.83585,600448852945528,600448884613549
618.84644,1391.8651,625.9497,829.4293,600448884773236,600448917311621
593.6674,1364.3228,618.84644,1364.3228,600448917423653,600448952436569
621.2471,1420.7886,621.2471,1364.3228,600448952597871,600448987082351
604.8862,1371.1644,618.84644,1364.3228,600448987218288,600449020800736
658.27106,1495.9028,621.2471,1371.1644,600449020988548,600449051224486
613.1515,1476.8436,618.84644,1371.1644,600449051388548,600449083425632
604.4061,1444.7566,618.84644,1444.7566,600449083530632,600449115954173
574.86975,1510.5609,613.1515,1444.7566,600449116071621,600449150347559
573.5776,1557.746,604.4061,1444.7566,600449150529903,600449188370892
542.9772,1521.1881,574.86975,1510.5609,600449188535944,600449219226673
578.63934,1554.3492,578.63934,1521.1881,600449219364694,600449251822455
545.83813,1576.4863,574.86975,1521.1881,600449251958653,600449285248080
616.9207,1536.0233,578.63934,1536.0233,600449285410632,600449316448028
533.9948,1522.1973,574.86975,1522.1973,600449316601413,600449350228392
533.3298,1607.1206,574.86975,1536.0233,600449350403496,600449384792663
534.42096,1497.8662,534.42096,1522.1973,600449384973236,600449417583600
550.3643,1427.6233,550.3643,1522.1973,600449417716778,600449453888652
553.87885,1576.9598,550.3643,1522.1973,600449454047715,600449491629173
529.39966,1597.5336,550.3643,1522.1973,600449491791777,600449523302038
526.76495,1561.0969,550.3643,1561.0969,600449523468288,600449553611673
525.74365,1554.8575,529.39966,1554.8575,600449553768080,600449585361205
523.80975,1565.3273,526.76495,1561.0969,600449585512819,600449617624694
559.4733,1545.6248,529.39966,1554.8575,600449617743288,600449653264277
521.9797,1549.0883,526.76495,1554.8575,600449654165632,600449686485371
522.06415,1447.1914,526.76495,1549.0883,600449686636257,600449718472507
492.4766,1567.5577,522.06415,1554.8575,600449718650267,600449752075579
495.82233,1547.2184,522.06415,1549.0883,600449752229225,600449789164954
512.67346,1575.2408,512.67346,1554.8575,600449789327246,600449821112923
497.01218,1580.0287,512.67346,1554.8575,600449821298913,600449852238809
577.62695,1524.0907,512.67346,1554.8575,600449852425632,600449884444902
638.9298,1479.6484,512.67346,1554.8575,600449884615371,600449917908756
662.4134,1533.0449,577.62695,1533.0449,600449918061100,600449950728809
636.4646,1478.549,636.4646,1533.0449,600449950895996,600449982486204
647.71466,1395.5962,636.4646,1533.0449,600449982645736,600450018646204
632.41125,1479.9514,636.4646,1479.9514,600450018823496,600450049846204
628.67725,1506.0425,636.4646,1506.0425,600450049973652,600450082754277
636.0251,1482.3883,636.0251,1482.3883,600450082927819,600450117003444
596.3431,1502.3503,636.0251,1502.3503,600450117162611,600450150927767
592.01324,1393.4468,636.0251,1482.3883,600450151085944,600450187145319
573.7457,1501.6495,596.3431,1501.6495,600450187314121,600450216807558
579.55475,1505.5594,592.01324,1501.6495,600450216983444,600450250411621
625.48914,1433.6444,596.3431,1501.6495,600450250568548,600450282751725
574.35815,1414.8938,592.01324,1501.6495,600450282895579,600450315887298
574.4164,1228.8496,592.01324,1433.6444,600450316102246,600450349891725
479.9798,946.8131,574.4164,1414.8938,600450350063079,600450389311152
457.11115,900.7727,574.4164,1228.8496,600450389445735,600450420156256
473.5357,905.7473,479.9798,946.8131,600450420296673,600450452253131
496.69046,858.33655,496.69046,905.7473,600450452466621,600450483791360
455.1175,851.91595,479.9798,905.7473,600450483961621,600450522372454
463.17438,940.4399,479.9798,905.7473,600450523326152,600450560615787
489.113,858.4158,479.9798,905.7473,600450560722767,600450590299746
501.71558,990.5261,479.9798,905.7473,600450590421204,600450622987037
503.96976,968.5839,489.113,905.7473,600450623135475,600450654966152
491.083,991.6793,491.083,968.5839,600450655127923,600450687484694
535.45544,908.23016,491.083,908.23016,600450687659746,600450721174485
522.88824,1035.9231,491.083,968.5839,600450721350267,600450753286985
518.53674,1019.64874,518.53674,968.5839,600450753456152,600450785985839
535.3924,1166.2874,518.53674,1019.64874,600450786121777,600450818241881
572.02466,1622.9475,518.53674,1019.64874,600450818407714,600450850410996
309.6486,1979.6115,518.53674,1166.2874,600450850773756,600450882255787
331.33762,2149.62,518.53674,1622.9475,600450882962194,600450913475944
390.71478,1734.1953,390.71478,1734.1953,600450913570371,600450944870631
510.00766,2080.781,510.00766,1734.1953,600450946551621,600450979024850
485.50797,1506.3455,485.50797,1734.1953,600450979127298,600451017604746
475.60806,1284.3988,485.50797,1734.1953,600451017909485,600451048271256
503.26895,1152.249,485.50797,1506.3455,600451048442454,600451082972558
531.04596,1190.894,485.50797,1284.3988,600451083256100,600451116945527
506.8818,1182.3333,503.26895,1190.894,600451117105839,600451153689121
560.417,1133.614,506.8818,1190.894,600451153853756,600451185208756
534.1046,1117.9525,506.8818,1182.3333,600451185395006,600451217136100
558.9405,1107.4095,534.1046,1133.614,600451217306516,600451250272402
552.2252,1102.8063,534.1046,1117.9525,600451250423443,600451284457714
529.0419,1253.0251,534.1046,1133.614,600451285398548,600451317002141
515.9324,1088.8689,534.1046,1117.9525,600451317199121,600451349989068
515.98596,1068.9347,529.0419,1117.9525,600451350167766,600451382651100
432.0844,615.4794,515.98596,1088.8689,600451382787298,600451419183808
411.1538,487.12726,515.98596,1068.9347,600451419335891,600451449581829
414.85886,451.05923,432.0844,615.4794,600451449758600,600451493941100
381.3957,451.0983,414.85886,487.12726,600451494048079,600451525637298
409.29834,444.3446,414.85886,451.0983,600451525820266,600451561052766
361.04163,387.74557,409.29834,451.0983,600451561931881,600451597734277
366.13977,417.54987,409.29834,444.3446,600451597869693,600451629190475
352.19604,484.80515,366.13977,451.0983,600451631445787,600451671490839
478.73206,513.26483,409.29834,451.0983,600451671689485,600451705605266
593.05005,468.9509,409.29834,468.9509,600451705769120,600451738563443
614.02203,453.86182,478.73206,453.86182,600451738705110,600451770911985
663.1555,433.1161,593.05005,453.86182,600451770995943,600451803376464
659.7794,458.21674,614.02203,453.86182,600451803500422,600451836881204
682.9443,451.88522,659.7794,453.86182,600451837008027,600451870478027
702.2559,518.9477,659.7794,453.86182,600451870628547,600451901629433
676.05304,515.1364,676.05304,453.86182,600451904137662,600451946297297
629.8228,529.9805,659.7794,515.1364,600451946425735,600451979436985
640.87854,471.9641,659.7794,471.9641,600451979549902,600452013740214
635.4295,444.88022,640.87854,471.9641,600452013904693,600452051180058
618.0478,535.25433,640.87854,471.9641,600452051337870,600452082571672
603.4616,564.5858,635.4295,471.9641,600452082783183,600452114636776
650.5115,448.58713,640.87854,471.9641,600452114783495,600452148232454
638.8809,458.17242,638.8809,471.9641,600452148344589,600452180390370
637.86664,429.73798,638.8809,458.17242,600452180552089,600452213907974
576.92926,579.1222,638.8809,471.9641,600452214067193,600452247528339
618.5268,505.05112,637.86664,471.9641,600452247621724,600452282179693
606.2368,478.9774,618.5268,478.9774,600452282314693,600452314370995
622.10645,473.4467,622.10645,473.4467,600452314510891,600452355752714
611.00934,517.08527,618.5268,478.9774,600452355930631,600452387073703
606.8423,528.19183,618.5268,478.9774,600452387194641,600452418880214
626.9544,599.7095,618.5268,517.08527,600452419012714,600452460956203
656.8315,565.8178,618.5268,528.19183,600452461546568,600452495508026
609.59875,669.379,618.5268,565.8178,600452496451464,600452529266724
428.81793,1648.5161,618.5268,565.8178,600452529361880,600452562799589
441.05856,1623.8989,609.59875,669.379,600452562912245,600452593610839
448.9751,1647.7001,448.9751,1623.8989,600452593735526,600452628197297
435.02716,1624.8738,448.9751,1623.8989,600452628302922,600452658519589
427.7648,1630.0887,448.9751,1624.8738,600452658609953,600452689857974
460.0461,1578.3374,448.9751,1623.8989,600452690002401,600452720117714
480.79282,1667.4296,448.9751,1624.8738,600452720302766,600452753990578
473.99533,1490.4554,460.0461,1623.8989,600452754164172,600452786489172
515.8429,1467.6265,473.99533,1623.8989,600452788076985,600452817970578
472.73392,1464.7009,472.73392,1490.4554,600452818157610,600452852848182
457.4165,1435.4081,472.73392,1467.6265,600452853007037,600452884392401
446.3806,1467.7618,472.73392,1467.7618,600452884566203,600452916811047
490.49625,1427.065,472.73392,1467.6265,600452916987714,600452950438807
444.688,1413.6106,472.73392,1467.6265,600452950754745,600452982520266
434.71756,1442.6296,472.73392,1442.6296,600452982617609,600453014343078
480.90518,1491.672,472.73392,1467.6265,600453014521620,600453049875318
448.6212,1487.6365,472.73392,1467.6265,600453049984276,600453081528495
456.07617,1504.522,472.73392,1487.6365,600453081711464,600453113179224
461.66138,1439.2062,461.66138,1467.6265,600453113318443,600453147280682
465.57028,1505.6942,465.57028,1487.6365,600453147398651,600453181811516
460.11093,1519.1151,461.66138,1487.6365,600453181991307,600453215645266
450.77463,1503.8203,461.66138,1503.8203,600453215837297,600453252922922
448.88812,1441.999,460.11093,1487.6365,600453253114641,600453285980630
410.64178,1464.0319,450.77463,1487.6365,600453286135318,600453317721151
436.32538,1478.442,448.88812,1478.442,600453317860318,600453348159849
398.85184,1453.8546,436.32538,1478.442,600453348308703,600453383192922
469.40485,1486.9854,448.88812,1478.442,600453384173286,600453416396203
422.38016,1460.2975,436.32538,1478.442,600453416574588,600453450629797
457.04422,1485.5669,448.88812,1478.442,600453450791828,600453481645318
485.60532,1456.7246,448.88812,1478.442,600453481754797,600453513568963
431.0636,1406.9824,448.88812,1478.442,600453513721099,600453550190891
436.19485,1461.52,448.88812,1461.52,600453550381672,600453583345578
446.35684,1455.7155,446.35684,1461.52,600453583483338,600453617235630
420.26422,1397.3723,446.35684,1461.52,600453617358234,600453649729276
414.7889,1490.8208,446.35684,1461.52,600453649859120,600453685312765
468.18887,1514.2482,446.35684,1461.52,600453685504068,600453719476515
498.58807,1456.9214,446.35684,1461.52,600453720449068,600453750373130
419.35254,1459.7214,446.35684,1461.52,600453750531932,600453781154015
480.13763,1420.273,446.35684,1459.7214,600453781322609,600453815308286
557.3224,892.041,446.35684,1459.7214,600453815466620,600453852655942
575.391,894.512,480.13763,1420.273,600453852817557,600453883049015
549.3652,788.95984,549.3652,894.512,600453883232557,600453914858859
565.9292,872.9676,549.3652,894.512,600453915044953,600453950812088
545.3972,866.83984,549.3652,872.9676,600453950984588,600453982944484
549.2069,852.4683,549.3652,872.9676,600453983097088,600454017703755
592.0256,868.49445,549.3652,868.49445,600454017790161,600454047636359
579.1157,909.53864,549.3652,872.9676,600454047781776,600454078917661
576.5395,856.17804,576.5395,868.49445,600454079091567,600454113586984
521.6717,822.07184,549.3652,868.49445,600454113732974,600454144158390
533.66486,801.80457,549.3652,856.17804,600454144249119,600454203001515
549.6303,848.3841,549.3652,848.3841,600454203111307,600454234627817
522.4832,818.2809,549.3652,848.3841,600454234804380,600454268307453
565.15247,771.1879,549.3652,848.3841,600454268476724,600454299429380
580.7894,760.2706,549.3652,818.2809,600454299557244,600454341960005
555.7372,861.3014,555.7372,848.3841,600454342054744,600454373172401
529.1308,939.2488,549.3652,848.3841,600454373327557,600454406772349
510.50934,1007.2436,549.3652,861.3014,600454406866046,600454440998807
588.97614,982.61115,549.3652,939.2488,600454441211984,600454473482817
534.0039,1069.1873,549.3652,982.61115,600454473618598,600454505470161
527.43085,1046.5841,549.3652,982.61115,600454505580994,600454537759380
556.5877,1030.8076,549.3652,1030.8076,600454537889848,600454571134640
566.47217,1043.6196,549.3652,1030.8076,600454571275942,600454603099640
490.54538,1134.2755,549.3652,1030.8076,600454603215057,600454634681515
515.1278,1135.2515,549.3652,1043.6196,600454634827609,600454668751828
524.3091,1060.3329,524.3091,1060.3329,600454668856046,600454700857296
513.8463,1093.2864,524.3091,1060.3329,600454701030213,600454735833442
540.793,1086.292,524.3091,1060.3329,600454736076046,600454767204275
524.37494,1033.8689,524.3091,1060.3329,600454769641880,600454804702869
548.6369,1066.6534,524.37494,1060.3329,600454804800734,600454836442817
573.68866,1115.1324,524.37494,1060.3329,600454836535682,600454868858755
571.69,1224.5652,548.6369,1066.6534,600454868947088,600454902872661
535.06573,1376.4865,535.06573,1115.1324,600454902967765,600454934662765
603.3132,1453.8048,548.6369,1224.5652,600454934806046,600454966912609
563.21625,1427.811,548.6369,1376.4865,600454969839380,600455003828025
525.3922,1452.3091,548.6369,1427.811,600455004998338,600455034521307
548.57623,1455.2115,548.6369,1427.811,600455035346932,600455067482348
534.50354,1522.4559,548.57623,1452.3091,600455067643755,600455097635109
607.9456,1615.6731,548.6369,1455.2115,600455099203390,600455130344536
568.99585,1580.5295,548.6369,1522.4559,600455130472973,600455167059067
603.746,1562.1472,568.99585,1562.1472,600455167233286,600455198565682
519.44434,1544.4303,548.6369,1544.4303,600455200751359,600455232560213
805.0324,708.99725,568.99585,1544.4303,600455234888129,600455266411098
695.8659,313.24335,568.99585,1544.4303,600455266501515,600455298876567
684.1482,338.21646,684.1482,708.99725,600455301034900,600455332692973
669.5561,330.9007,669.5561,338.21646,600455333386671,600455366884119
709.9593,299.19888,684.1482,338.21646,600455367022765,600455398223963
671.81104,350.2945,671.81104,338.21646,600455400842765,600455434010369
665.6228,312.0367,671.81104,338.21646,600455435678754,600455465851515
682.44885,310.27106,671.81104,338.21646,600455467260109,600455496453650
702.41254,338.63608,671.81104,338.21646,600455498296775,600455529960369
712.92255,345.5394,682.44885,338.21646,600455531622348,600455565225317
697.4994,326.11398,697.4994,338.21646,600455567852036,600455600370629
704.23376,317.13074,697.4994,338.21646,600455600471411,600455631944431
706.5829,349.4775,697.4994,338.21646,600455632128338,600455662718077
728.79565,455.06448,704.23376,338.21646,600455664488181,600455696296463
757.0407,423.3258,706.5829,349.4775,600455697570265,600455735949275
765.95844,494.10648,728.79565,423.3258,600455736086463,600455767735942
732.58167,476.5849,732.58167,423.3258,600455767905421,600455800345369
726.3469,445.7118,728.79565,445.7118,600455800471879,600455832599067
751.9887,499.94382,732.58167,445.7118,600455832721983,600455864269483
764.9694,501.8022,732.58167,445.7118,600455865855681,600455897496046
760.699,483.14624,751.9887,483.14624,600455898499431,600455928782296
777.13586,474.76648,760.699,474.76648,600455931678858,600455963723390
783.5773,497.01978,760.699,483.14624,600455966048025,600455998516150
757.6036,479.13815,760.699,479.13815,600455998656515,600456033026254
819.33496,535.7211,760.699,483.14624,600456033179431,600456068953962
806.1405,566.6546,760.699,483.14624,600456069140056,600456099964744
811.0714,528.09845,806.1405,528.09845,600456100127765,600456131904848
835.54956,678.8917,806.1405,528.09845,600456132179535,600456164060837
806.93555,872.83905,806.93555,528.09845,600456164187660,600456195193858
807.2797,866.3465,806.93555,678.8917,600456195335942,600456228672921
783.95844,674.079,806.93555,674.079,600456230014327,600456260281514
784.7924,626.1986,806.93555,674.079,600456261989848,600456294968181
790.39465,618.29144,790.39465,674.079,600456296739431,600456329367452
799.614,703.39026,799.614,674.079,600456329450264,600456361434223
816.69855,606.71704,799.614,674.079,600456362916983,600456396732244
797.7581,668.73883,799.614,674.079,600456396839639,600456432386983
831.5936,746.2752,799.614,674.079,600456432472035,600456465245525
811.39264,610.60736,799.614,674.079,600456465362400,600456499804275
807.1986,759.25134,807.1986,674.079,600456499914171,600456537129639
811.32623,725.20795,807.1986,674.079,600456537246202,600456575394900
800.4108,689.6796,807.1986,689.6796,600456575558598,600456621228025
806.2598,694.7114,807.1986,689.6796,600456621321410,600456651562087
813.8568,667.26636,807.1986,689.6796,600456651703441,600456698862660
811.89294,681.62897,807.1986,689.6796,600456698955473,600456730390785
796.84174,598.6048,807.1986,681.62897,600456730515837,600456764875993
823.2261,642.5834,807.1986,681.62897,600456765011358,600456800643754
798.74866,570.9091,807.1986,642.5834,600456800775004,600456831897868
764.21,512.549,807.1986,642.5834,600456834104014,600456864188598
766.85065,580.7606,798.74866,580.7606,600456864739014,600456896385993
837.9563,617.29456,807.1986,617.29456,600456898218650,600456931706723
806.1672,666.8539,806.1672,617.29456,600456932634952,600456964494223
818.32324,607.3107,807.1986,617.29456,600456964670212,600457000282139
791.41895,582.2834,806.1672,617.29456,600457002567764,600457034317035
858.5408,634.672,807.1986,617.29456,600457034451879,600457066748702
838.1128,584.59,807.1986,617.29456,600457066898962,600457101352972
799.89056,557.3766,807.1986,617.29456,600457101488962,600457131640993
833.6091,550.6133,807.1986,584.59,600457131775160,600457164393493
821.6772,592.627,807.1986,592.627,600457165835264,600457201144222
806.0822,625.429,807.1986,592.627,600457201233337,600457234157712
812.875,590.2898,807.1986,592.627,600457234324379,600457269150525
805.2953,709.1101,807.1986,592.627,600457269246566,600457299571097
789.38904,727.4703,807.1986,592.627,600457300938910,600457330869847
846.0781,738.90643,807.1986,709.1101,600457334955681,600457367914118
820.19025,583.6545,807.1986,592.627,600457368039795,600457404822035
820.1747,597.4576,820.1747,597.4576,600457404922399,600457441267816
792.8591,627.9578,807.1986,597.4576,600457441377399,600457474715577
808.9839,645.1898,808.9839,597.4576,600457474822243,600457508310472
808.59705,595.7631,808.59705,597.4576,600457508404222,600457539597608
794.75635,690.22144,808.59705,597.4576,600457539722035,600457570818545
820.78937,664.15985,808.59705,597.4576,600457570922868,600457603672191
789.38086,600.64154,808.59705,600.64154,600457603791514,600457635668181
783.00385,579.1028,808.59705,597.4576,600457635775004,600457666346566
787.2559,637.9713,789.38086,600.64154,600457666482035,600457695783285
766.0343,581.998,787.2559,597.4576,600457697391566,600457728072712
809.5288,577.8564,789.38086,597.4576,600457728159795,600457761597972
796.548,577.0978,789.38086,581.998,600457764953753,600457796476983
803.39,558.28845,796.548,577.8564,600457796587920,600457829446774
717.50916,599.931,789.38086,581.998,600457830975368,600457860421722
696.20166,607.95776,789.38086,581.998,600457862781045,600457892177764
709.95703,594.5503,717.50916,594.5503,600457893090889,600457924184378
705.7516,606.10095,709.95703,594.5503,600457925060785,600457956286983
697.45123,648.21295,709.95703,594.5503,600457959048337,600457988797660
693.3177,607.30865,705.7516,606.10095,600457990029066,600458020833858
580.9438,824.0961,697.45123,607.30865,600458026528024,600458063424587
524.63324,967.4653,693.3177,607.30865,600458063578024,600458108808701
479.05283,1080.88,580.9438,824.0961,600458108905420,600458149734326
476.6729,1177.6576,524.63324,967.4653,600458149849274,600458181635889
492.71957,1188.7689,492.71957,1080.88,600458182300055,600458212244170
489.78857,1130.9384,492.71957,1130.9384,600458212395420,600458245511618
430.47083,1124.5884,492.71957,1124.5884,600458245646097,600458278882191
421.80258,1111.3453,489.78857,1124.5884,600458279028857,600458315421097
407.28732,1100.999,430.47083,1124.5884,600458316095003,600458345150055
450.09665,933.17267,450.09665,1111.3453,600458345291670,600458379310160
409.5496,397.4686,430.47083,1100.999,600458379476305,600458410374587
394.47098,394.00427,430.47083,933.17267,600458410631357,600458444398232
364.89798,452.26166,409.5496,452.26166,600458444578441,600458485011566
359.23184,432.88364,394.47098,452.26166,600458485097087,600458516252816
420.01917,455.15503,409.5496,452.26166,600458516405420,600458547178597
431.02072,444.65784,409.5496,452.26166,600458547301097,600458579788649
410.0289,476.65228,410.0289,452.26166,600458579975576,600458612782034
406.30896,446.3328,409.5496,452.26166,600458612961201,600458644599274
400.20276,468.064,409.5496,452.26166,600458644743701,600458677811045
349.9431,523.75684,406.30896,452.26166,600458678766514,600458713814847
403.23428,425.2717,403.23428,452.26166,600458713975316,600458746645732
388.21237,418.9026,403.23428,452.26166,600458746823805,600458776431357
411.75134,440.85376,403.23428,440.85376,600458776579066,600458810596149
419.05032,434.88235,403.23428,440.85376,600458810751878,600458842026566
370.5178,563.4548,403.23428,440.85376,600458842974691,600458878790211
399.63745,441.38016,403.23428,440.85376,600458878897138,600458912916461
402.34604,447.4895,402.34604,441.38016,600458913047607,600458945143909
402.02243,443.1959,402.34604,441.38016,600458945313232,600458977828024
410.02274,460.2054,402.34604,443.1959,600458977959638,600459009143024
418.58044,513.5867,402.34604,443.1959,600459010141774,600459041706201
397.75357,465.3703,402.34604,460.2054,600459041873024,600459074271722
402.96222,430.2064,402.34604,443.1959,600459074375993,600459106077347
412.93268,450.1252,402.34604,450.1252,600459106265993,600459140261670
400.08273,391.13156,402.34604,443.1959,600459140377086,600459170785107
444.36157,411.93512,402.34604,443.1959,600459170892451,600459202531722
427.82782,407.1238,402.34604,411.93512,600459202676045,600459234932451
402.34094,450.85782,402.34604,443.1959,600459235033909,600459267490732
439.7527,411.73587,402.34604,411.93512,600459267605159,600459297878649
562.37134,1028.2134,402.34604,443.1959,600459297965524,600459330640784
486.38095,2032.613,439.7527,443.1959,600459332692763,600459365386774
506.51505,2022.705,486.38095,1028.2134,600459365504430,600459398352242
485.52277,1980.6617,485.52277,1980.6617,600459399346305,600459431918701
515.4634,1959.2749,486.38095,1959.2749,600459432113909,600459465467711
531.8884,1949.3524,486.38095,1959.2749,600459465621149,600459496247347
527.98627,1911.3203,515.4634,1959.2749,600459496389274,600459534059742
517.391,1833.1881,517.391,1949.3524,600459534296513,600459567086201
506.98267,1816.6757,515.4634,1911.3203,600459567250263,600459601175315
520.77563,1894.1265,517.391,1894.1265,600459601319742,600459635401930
506.02325,1911.9535,515.4634,1911.3203,600459635495159,600459669140003
530.337,1915.9404,517.391,1911.3203,600459669249847,600459704896409
549.78046,1855.2012,517.391,1911.3203,600459705012138,600459737731669
570.85675,1881.8958,530.337,1911.3203,600459737912086,600459774095263
577.056,1880.3181,549.78046,1881.8958,600459774204690,600459834480315
587.40546,1951.509,570.85675,1911.3203,600459834584117,600459868617555
606.67395,1912.4515,577.056,1911.3203,600459868719065,600459907719534
601.7237,1894.0399,587.40546,1911.3203,600459909754117,600459942670003
564.28796,1792.6305,577.056,1911.3203,600459942872815,600459977863648
573.37915,1829.8118,577.056,1894.0399,600459978033596,600460017417138
638.97534,1895.564,577.056,1895.564,600460017620576,600460049692919
626.88275,1867.5757,577.056,1894.0399,600460049869482,600460083066253
569.9095,1877.0732,577.056,1894.0399,600460083178596,600460114990680
598.5654,1832.0917,577.056,1877.0732,600460115150888,600460145702294
562.2407,1861.2709,577.056,1877.0732,600460146651461,600460177459325
550.1629,1856.338,577.056,1861.2709,600460177608232,600460208621930
582.453,1845.0215,577.056,1861.2709,600460208797503,600460239212086
576.58844,1918.3092,577.056,1861.2709,600460239390628,600460274026773
581.9013,1984.4279,577.056,1861.2709,600460274119430,600460306035680
575.18414,1894.9409,577.056,1894.9409,600460306147034,600460338912919
595.989,1850.3682,577.056,1861.2709,600460339015628,600460370822034
615.27124,1804.5607,577.056,1861.2709,600460370937242,600460401507190
774.5906,965.38855,595.989,1850.3682,600460401590367,600460435554794
701.7582,510.2035,615.27124,1804.5607,600460435634690,600460469647242
673.4177,505.38422,673.4177,965.38855,600460469758492,600460502226305
639.29266,477.249,639.29266,510.2035,600460502321148,600460534526148
674.046,463.5786,673.4177,505.38422,600460534681565,600460567347294
644.52625,414.19223,644.52625,477.249,600460567499534,600460600668284
637.6317,471.12436,644.52625,471.12436,600460600835627,600460634154065
659.129,505.7806,644.52625,477.249,600460634305732,600460667426721
679.6339,527.27423,644.52625,477.249,600460667587502,600460699486513
679.4126,518.65216,659.129,505.7806,600460699618388,600460732709846
665.192,522.2193,665.192,518.65216,600460732859325,600460765952450
639.878,498.6059,659.129,505.7806,600460766055419,600460799094898
658.36237,513.3987,659.129,513.3987,600460799225992,600460833976148
663.8115,521.17303,659.129,513.3987,600460834148127,600460865879065
620.849,414.4324,659.129,513.3987,600460865968700,600460898031617
742.5178,468.21863,659.129,513.3987,600460898130471,600460931093336
718.1216,420.91086,659.129,468.21863,600460931188492,600460962008023
770.38635,461.39273,718.1216,468.21863,600460962095575,600460997461148
791.3306,551.08685,718.1216,468.21863,600460997557294,600461029122867
809.6066,472.34372,770.38635,468.21863,600461032804638,600461067118231
791.8332,481.65033,791.3306,472.34372,600461067210940,600461098605419
804.2376,469.0329,791.8332,469.0329,600461098757450,600461134452711
766.56506,575.2664,791.3306,472.34372,600461134619950,600461177964742
798.9076,504.47974,791.8332,472.34372,600461178062763,600461209501200
761.4548,529.4943,791.3306,504.47974,600461209670836,600461240703752
789.53265,500.8087,791.3306,500.8087,600461240876981,600461276281773
775.14075,528.84827,789.53265,504.47974,600461276389221,600461314301617
657.2259,503.75873,789.53265,503.75873,600461314383075,600461345720054
654.8403,490.09497,775.14075,503.75873,600461345878700,600461377398960
598.8923,393.05203,657.2259,503.75873,600461377609533,600461435548544
562.6638,418.41003,654.8403,490.09497,600461435661513,600461469463856
589.619,530.35394,598.8923,503.75873,600461469553492,600461499999898
560.98236,508.747,589.619,503.75873,600461501097450,600461532195523
536.68854,500.35016,589.619,503.75873,600461532357242,600461568459533
540.51715,514.3193,560.98236,503.75873,600461568655835,600461603083960
556.348,567.5015,556.348,503.75873,600461603174690,600461637724585
609.3669,584.45605,560.98236,514.3193,600461637822502,600461672478960
562.7504,548.02936,560.98236,548.02936,600461672585002,600461709176096
582.3957,551.96295,562.7504,548.02936,600461709299637,600461742196200
605.09314,567.47723,562.7504,548.02936,600461742342450,600461772138492
576.701,558.9899,576.701,551.96295,600461772278023,600461804563804
536.20544,572.63727,562.7504,558.9899,600461804659637,600461847393752
581.69324,554.88025,576.701,554.88025,600461847578856,600461893254273
564.2318,513.6591,564.2318,554.88025,600461894178908,600461924930366
592.30505,518.11285,576.701,554.88025,600461925086721,600461956689481
570.3793,505.39023,570.3793,518.11285,600461959130783,600461990841252
587.4136,462.9688,576.701,518.11285,600461990975783,600462024762814
590.7364,528.82935,576.701,518.11285,600462025807971,600462057232346
597.7358,509.0603,587.4136,518.11285,600462058168231,600462090768960
622.7054,573.28534,590.7364,518.11285,600462093390210,600462127024429
629.6207,586.76483,597.7358,518.11285,600462128143387,600462158156408
608.31476,573.16547,608.31476,573.16547,600462159736460,600462194454533
628.0554,585.51196,608.31476,573.16547,600462194618179,600462225631252
598.4758,588.9083,608.31476,573.16547,600462226860627,600462260229585
578.86566,549.7609,608.31476,573.16547,600462260323335,600462291819846
576.30005,524.298,598.4758,573.16547,600462291950991,600462321267398
591.6973,503.02924,591.6973,549.7609,600462321617085,600462354258179
555.5627,474.2946,591.6973,524.298,600462357728439,600462392830991
576.2557,1103.2462,591.6973,549.7609,600462393822293,600462424881929
523.8041,1658.0278,576.2557,549.7609,600462425603804,600462456676773
501.8645,1654.2942,576.2557,1103.2462,600462458136981,600462489563960
476.09244,1621.9938,523.8041,1621.9938,600462491834429,600462522867814
490.2632,1615.1016,501.8645,1615.1016,600462522999377,600462554594950
507.67603,1690.442,507.67603,1621.9938,600462554705783,600462588214897
539.35425,1690.221,507.67603,1621.9938,600462588389429,600462624387606
490.05234,1646.1884,507.67603,1646.1884,600462624512241,600462657975887
477.37436,1702.7611,507.67603,1646.1884,600462659571564,600462689620262
509.81476,1609.8219,507.67603,1646.1884,600462691846981,600462723839116
548.09247,1733.2699,507.67603,1646.1884,600462724258543,600462756217502
501.6248,1725.5632,507.67603,1646.1884,600462756340574,600462789004168
549.42114,1736.7772,507.67603,1725.5632,600462789159324,600462819982918
546.1748,1757.8248,507.67603,1725.5632,600462820179949,600462849829741
543.47235,1676.6406,543.47235,1725.5632,600462855817085,600462887179689
609.7072,1798.9003,543.47235,1725.5632,600462887284481,600462920410731
638.13495,1778.942,543.47235,1725.5632,600462922367137,600462953957606
653.31335,1771.9135,609.7072,1771.9135,600462954882033,600462986233491
661.93933,1722.8285,638.13495,1725.5632,600462990033387,600463020417658
660.2032,1823.267,653.31335,1771.9135,600463020606356,600463052727137
651.4178,1738.4314,651.4178,1738.4314,600463053830731,600463085979845
666.8112,1751.1973,653.31335,1751.1973,600463087058231,600463120773022
695.1292,1823.7585,653.31335,1751.1973,600463120906564,600463165289376
699.3632,1785.0388,666.8112,1751.1973,600463165412137,600463200541824
701.2541,1688.1835,695.1292,1751.1973,600463200705210,600463235410991
683.8154,1719.7787,683.8154,1751.1973,600463235525731,600463267669533
759.3139,1676.8762,695.1292,1719.7787,600463267762085,600463302036772
765.8347,1599.7965,695.1292,1719.7787,600463304415418,600463338347085
829.3786,1533.6289,759.3139,1676.8762,600463338530366,600463369891303
844.5929,1569.7572,765.8347,1599.7965,600463370078126,600463403882293
795.6212,1633.278,795.6212,1633.278,600463404103387,600463435228178
840.17163,1612.5643,795.6212,1612.5643,600463435489428,600463468641928
835.92175,1642.7156,795.6212,1633.278,600463468737814,600463505057085
853.01733,1580.9596,835.92175,1612.5643,600463505223022,600463538439168
858.782,1618.8864,835.92175,1618.8864,600463538618595,600463570224376
825.6311,1564.3121,835.92175,1612.5643,600463570367814,600463606971512
824.05316,1562.5785,835.92175,1612.5643,600463607124272,600463640416616
866.33704,1614.7,835.92175,1612.5643,600463640580001,600463671821303
831.7868,1642.545,835.92175,1612.5643,600463671983855,600463703497137
804.82446,1666.006,835.92175,1614.7,600463703687449,600463737972762
794.81104,1636.0839,831.7868,1636.0839,600463738151460,600463788637918
791.6645,1557.759,804.82446,1614.7,600463788724845,600463820800314
790.20215,1534.6737,794.81104,1614.7,600463822968803,600463855806459
815.3382,1608.4403,804.82446,1608.4403,600463857105991,600463890745834
831.62427,1584.6611,804.82446,1608.4403,600463890909480,600463925882970
823.25934,1581.0925,815.3382,1608.4403,600463925952189,600463955273855
813.5478,1545.4646,813.5478,1584.6611,600463957893126,600463991596668
546.08527,1463.6465,813.5478,1581.0925,600463991674428,600464023833751
550.93,1353.5051,813.5478,1545.4646,600464025263699,600464055147032
527.74,1408.5707,550.93,1463.6465,600464055971355,600464088369532
514.9013,1411.0835,550.93,1411.0835,600464088606564,600464119884168
518.9981,1312.118,527.74,1411.0835,600464121441043,600464153922136
520.8344,1307.0884,520.8344,1411.0835,600464155275366,600464184905886
534.3731,1321.2196,527.74,1321.2196,600464185225574,600464222977449
554.98035,1295.5219,527.74,1321.2196,600464223112970,600464252605157
485.32883,1342.5255,527.74,1321.2196,600464256652866,600464287646563
501.09872,1299.9083,527.74,1321.2196,600464289394480,600464321039949
474.54086,1351.1647,501.09872,1321.2196,600464321171616,600464353298595
470.84097,1383.0063,501.09872,1321.2196,600464355022345,600464387714168
460.41217,1362.961,474.54086,1351.1647,600464387843022,600464420461616
483.41122,1324.3113,483.41122,1324.3113,600464420584011,600464452285938
478.95776,1355.9462,478.95776,1351.1647,600464452432501,600464483999272
441.73676,1313.1626,478.95776,1324.3113,600464484187449,600464513911355
453.27682,1370.2078,478.95776,1351.1647,600464520045365,600464552376980
445.15097,1310.9025,453.27682,1324.3113,600464552552188,600464585664845
508.01617,1480.254,478.95776,1351.1647,600464587049845,600464617706980
268.78314,1950.8611,453.27682,1351.1647,600464619415886,600464656905470
358.86047,2189.0613,453.27682,1480.254,600464657727084,600464692158126
515.2587,1795.3723,453.27682,1795.3723,600464692312449,600464723980157
574.72595,2140.4204,453.27682,1795.3723,600464724146095,600464757670678
535.7369,1764.2595,515.2587,1795.3723,600464757790730,600464795104220
518.53125,1515.4088,518.53125,1795.3723,600464795247449,600464827215209
533.411,1364.1776,518.53125,1764.2595,600464827316615,600464860895417
561.7616,1358.2827,518.53125,1515.4088,600464861034636,600464894190574
614.05774,1352.7642,533.411,1364.1776,600464894349480,600464932724324
670.3211,1309.6272,561.7616,1358.2827,600464932953022,600464965878022
610.2218,1151.5111,610.2218,1352.7642,600464966055209,600465003649324
569.8458,1175.9515,569.8458,1309.6272,600465003805782,600465037433126
573.84064,1139.5542,573.84064,1175.9515,600465037556407,600465070563074
546.5516,1044.8241,569.8458,1175.9515,600465070741563,600465106396407
530.2723,1063.9283,569.8458,1139.5542,600465106573178,600465135937240
511.3735,1019.46985,546.5516,1063.9283,600465136080417,600465169810053
570.1295,1061.4524,569.8458,1063.9283,600465169953126,600465202032865
554.3574,1097.0759,554.3574,1063.9283,600465202154115,600465242578490
547.74567,1108.9648,554.3574,1063.9283,600465242679688,600465274082657
503.18015,1065.5779,554.3574,1065.5779,600465274232969,600465303933438
481.79523,1077.4028,547.74567,1065.5779,600465304138074,600465336362188
518.02057,663.2034,518.02057,1065.5779,600465336489063,600465369792605
547.14825,515.72424,547.14825,1065.5779,600465369980157,600465400991823
456.2102,455.32928,518.02057,663.2034,600465401169636,600465435235157
471.90048,451.185,518.02057,515.72424,600465435390573,600465467954740
438.682,433.12964,471.90048,455.32928,600465468172501,600465505562188
453.99335,470.97946,471.90048,470.97946,600465505731563,600465534997657
453.39404,393.01956,453.99335,455.32928,600465535113073,600465569558073
572.94727,370.0341,471.90048,455.32928,600465569688855,600465603594375
659.86053,372.82272,471.90048,393.01956,600465603761615,600465634744219
686.9825,387.5152,572.94727,387.5152,600465634927605,600465666735313
710.2103,351.45782,659.86053,387.5152,600465666884584,600465700885886
718.8051,343.96603,686.9825,387.5152,600465701072500,600465732187032
671.7937,308.73126,671.7937,351.45782,600465732329792,600465764925000
664.5907,329.03687,671.7937,343.96603,600465765043334,600465797934740
683.0858,350.93597,671.7937,350.93597,600465798046198,600465830335365
677.32623,362.81006,671.7937,350.93597,600465830440938,600465869539427
672.6492,353.7402,672.6492,350.93597,600465869701667,600465909672032
680.7481,352.3967,672.6492,352.3967,600465909821302,600465941447657
670.7386,365.49826,672.6492,352.3967,600465941632032,600465974421563
685.9187,380.81595,672.6492,352.3967,600465974530521,600466004060573
681.1625,396.99326,672.6492,365.49826,600466004236980,600466038267188
700.88916,361.0079,681.1625,361.0079,600466038414323,600466069145625
693.145,362.9968,681.1625,362.9968,600466069307657,600466100475000
667.21606,346.00064,681.1625,361.0079,600466100640104,600466135673854
689.6303,700.72986,681.1625,362.9968,600466135796146,600466169870052
624.15765,1674.5846,681.1625,362.9968,600466170057657,600466202182709
633.40173,1665.5729,681.1625,700.72986,600466202307969,600466234136250
615.8239,1671.3154,633.40173,1665.5729,600466234318542,600466267873438
621.44476,1642.5536,633.40173,1642.5536,600466268094427,600466303665521
688.11914,1708.7535,633.40173,1665.5729,600466303833177,600466333817344
644.4818,1641.9507,633.40173,1642.5536,600466333978021,600466374755000
628.3532,1569.273,633.40173,1642.5536,600466374900469,600466405603750
598.40826,1510.7063,633.40173,1641.9507,600466405807813,600466439227552
555.88763,1455.0187,628.3532,1569.273,600466439417656,600466468997240
587.61383,1510.7886,598.40826,1510.7886,600466469121458,600466499453594
632.6725,1536.5988,628.3532,1536.5988,600466499590781,600466534254063
597.2486,1443.7843,598.40826,1510.7886,600466534392708,600466567204115
535.3209,1435.5906,598.40826,1510.7886,600466567383854,600466613916511
559.7772,1477.9968,597.2486,1477.9968,600466614346042,600466651457813
568.673,1772.7448,568.673,1510.7886,600466652385000,600466688670469
594.59326,1695.0024,594.59326,1510.7886,600466688772344,600466722181615
571.45026,1795.6984,571.45026,1695.0024,600466723548177,600466757280156
525.5942,1737.1655,571.45026,1695.0024,600466757457969,600466795097969
568.56683,1801.5818,571.45026,1737.1655,600466795212552,600466831915938
566.5625,1800.912,568.56683,1737.1655,600466832041250,600466865880729
587.7679,1792.3773,571.45026,1792.3773,600466866045885,600466899890990
557.66516,1785.8743,568.56683,1785.8743,600466900165260,600466932980521
532.9665,1775.2263,568.56683,1785.8743,600466933178021,600466968840573
516.5292,1818.4523,557.66516,1785.8743,600466971084219,600467001933646
508.05252,1801.815,532.9665,1785.8743,600467002089375,600467033340937
542.6126,1771.167,542.6126,1785.8743,600467033526250,600467067038021
575.84467,1768.1228,542.6126,1785.8743,600467067192812,600467114326771
539.9854,1808.5359,542.6126,1785.8743,600467114491042,600467146879323
562.9057,1795.6699,542.6126,1785.8743,600467147800052,600467179339948
579.9537,1779.8369,542.6126,1785.8743,600467182994271,600467221256458
567.57526,1771.3287,562.9057,1785.8743,600467221394948,600467253275312
549.594,1773.7949,549.594,1779.8369,600467253380885,600467283799323
546.7129,1879.5066,549.594,1785.8743,600467284557552,600467315929583
571.23816,1894.9746,549.594,1785.8743,600467316094792,600467348044739
517.58466,1829.4122,549.594,1829.4122,600467349438281,600467379805260
556.0058,1753.1149,549.594,1785.8743,600467380868854,600467412587760
567.80457,1898.2937,549.594,1829.4122,600467415704427,600467453012135
612.5283,1863.7932,556.0058,1829.4122,600467453132239,600467483767083
598.7116,1904.662,567.80457,1863.7932,600467485534739,600467520763489
589.54364,1859.3369,589.54364,1859.3369,600467521996875,600467554314739
630.5358,1859.8097,589.54364,1859.8097,600467554472656,600467585417291
630.0384,1883.9083,589.54364,1859.8097,600467589876510,600467623003854
606.9046,1911.3425,606.9046,1859.8097,600467623123437,600467667238073
616.0855,1873.5116,606.9046,1873.5116,600467667419687,600467699105260
633.8763,1780.5347,606.9046,1859.8097,600467700085260,600467732712552
666.3181,1776.2711,616.0855,1859.8097,600467732861927,600467765508489
624.9558,1850.9825,624.9558,1850.9825,600467765642604,600467797215312
593.9993,1852.3011,616.0855,1852.3011,600467797372448,600467830678385
534.69763,1736.3429,616.0855,1850.9825,600467830817708,600467865486406
525.65753,1808.9539,593.9993,1850.9825,600467865662656,600467898929531
521.5627,1775.5714,534.69763,1808.9539,600467899083385,600467931449791
507.95486,1783.7794,525.65753,1808.9539,600467931603750,600467965563281
518.67194,1775.8076,521.5627,1783.7794,600467965739166,600467997259531
551.9281,1735.3586,525.65753,1783.7794,600467997418385,600468032708958
500.45123,1776.9254,521.5627,1776.9254,600468032864791,600468063555468
540.24756,1818.8485,525.65753,1783.7794,600468064464895,600468096700416
526.87823,1727.5468,525.65753,1776.9254,600468096841562,600468131921666
520.5794,1727.2484,525.65753,1776.9254,600468132106041,600468163595781
531.33795,1749.5569,525.65753,1749.5569,600468163720729,600468198594687
484.80148,1701.6946,525.65753,1749.5569,600468198727812,600468230230468
55.028008,1711.0361,525.65753,1749.5569,600468230391562,600468265663385
59.282295,1691.1981,484.80148,1711.0361,600468265831666,600468298706770
73.36349,1706.0785,73.36349,1711.0361,600468298867135,600468328984687
386.45627,1664.7079,386.45627,1706.0785,600468329146822,600468362180729
392.43393,1645.1904,386.45627,1706.0785,600468362325781,600468394281041
426.68533,1618.6378,386.45627,1664.7079,600468394428437,600468442804218
436.30185,1624.8997,392.43393,1645.1904,600468443662708,600468484437551
431.578,1652.3434,426.68533,1652.3434,600468485378906,600468518162916
422.77982,1551.3077,422.77982,1645.1904,600468518949270,600468550373749
553.48065,1030.8674,426.68533,1645.1904,600468552635156,600468583508229
587.31757,1040.4954,426.68533,1551.3077,600468584254166,600468613891249
549.1643,1013.7504,549.1643,1040.4954,600468614942187,600468647127864
585.6182,1015.5651,549.1643,1040.4954,600468647275051,600468680754322
562.3507,960.237,549.1643,1015.5651,600468681602447,600468711126093
563.7996,968.4851,562.3507,1015.5651,600468712328437,600468742997864
567.7322,906.2555,562.3507,968.4851,600468746959895,600468780794843
564.766,915.1979,563.7996,968.4851,600468783908958,600468815358281
592.09515,968.0052,564.766,968.0052,600468815466978,600468846759947
403.17978,1491.8798,563.7996,968.4851,600468846908228,600468877579374
359.0935,1532.4275,563.7996,968.4851,600468879089999,600468909849739
374.25504,1570.4127,403.17978,1491.8798,600468911188385,600468942535937
381.04288,1581.9138,381.04288,1532.4275,600468948488853,600468980426353
393.50418,1602.6777,393.50418,1570.4127,600468982455937,600469013185676
384.1651,1581.5834,384.1651,1581.5834,600469014268749,600469045609478
386.22775,1673.189,386.22775,1581.5834,600469045724739,600469081304270
402.4128,1594.7308,386.22775,1581.5834,600469083517551,600469112560468
440.3388,1610.4668,386.22775,1594.7308,600469113818905,600469149334947
434.32355,1533.6451,402.4128,1581.5834,600469149507707,600469184918176
412.36716,1635.993,412.36716,1594.7308,600469185049843,600469218732343
409.2261,1628.9517,409.2261,1594.7308,600469220522968,600469253803853
489.13547,1691.6661,412.36716,1628.9517,600469253952187,600469286307395
582.33875,1716.076,412.36716,1628.9517,600469293110416,600469328180780
632.81964,1753.3555,489.13547,1691.6661,600469328263801,600469364609843
650.5463,1741.4138,582.33875,1716.076,600469364768384,600469395388124
646.0629,1755.9463,632.81964,1741.4138,600469395568541,600469427792864
723.5713,1759.9839,646.0629,1741.4138,600469428107864,600469460831562
709.61835,1791.8613,646.0629,1755.9463,600469460959478,600469495892759
663.0721,1774.991,663.0721,1759.9839,600469496090259,600469527534530
679.30884,1681.7787,663.0721,1755.9463,600469527671301,600469560230259
701.4893,1733.508,663.0721,1755.9463,600469560398332,600469594714114
643.4037,1666.8618,663.0721,1733.508,600469594865155,600469627189374
700.3571,1671.971,663.0721,1733.508,600469627345207,600469661319582
640.0429,1661.6484,663.0721,1671.971,600469661491926,600469692210520
708.70544,1684.5807,663.0721,1684.5807,600469692355311,600469731447291
643.0218,1677.8705,663.0721,1677.8705,600469731614791,600469766359061
647.9344,1734.4227,663.0721,1684.5807,600469766454582,600469796727447
622.3598,826.23773,647.9344,1677.8705,600469796899478,600469829303905
525.79,362.12897,647.9344,1677.8705,600469829425103,600469861037447
579.51764,337.62936,622.3598,826.23773,600469861227603,600469894240884
611.39716,358.99338,611.39716,362.12897,600469894384947,600469927254009
598.2584,365.33313,611.39716,365.33313,600469927440728,600469960606874
593.8366,342.5748,611.39716,362.12897,600469960783072,600469996638488
580.87177,338.55917,598.2584,362.12897,600469996825468,600470029057968
589.83057,357.6089,593.8366,357.6089,600470029250259,600470063709009
609.13257,320.96762,598.2584,357.6089,600470063826822,600470099395468
590.65076,306.15372,593.8366,357.6089,600470099524061,600470130360832
611.7399,297.8327,598.2584,320.96762,600470130449270,600470161363697
622.27856,312.1987,598.2584,312.1987,600470161486093,600470193044270
569.7422,315.765,598.2584,315.765,600470193213801,600470226072915
583.7945,312.51663,598.2584,312.51663,600470226175363,600470260528645
558.16034,357.4095,583.7945,315.765,600470260666926,600470293796040
554.86646,299.85883,583.7945,312.51663,600470293960363,600470328077603
579.7474,308.15903,579.7474,312.51663,600470328220988,600470361323228
802.836,263.68533,583.7945,308.15903,600470361491613,600470405346249
846.1547,300.58167,583.7945,308.15903,600470405461665,600470435187551
807.9239,296.55228,802.836,300.58167,600470435313332,600470465696717
821.19086,310.16504,807.9239,308.15903,600470465848019,600470497321613
807.63,287.93628,807.63,300.58167,600470497500363,600470529605572
835.7704,331.60196,807.9239,308.15903,600470529736457,600470561856613
815.9979,296.3077,807.9239,300.58167,600470562044269,600470593224790
833.67395,302.42612,815.9979,302.42612,600470593395676,600470626133957
839.9983,315.64548,815.9979,302.42612,600470626292967,600470661023280
840.9525,325.7307,833.67395,302.42612,600470661196301,600470692386301
851.6817,339.14542,839.9983,315.64548,600470692522655,600470727065103
830.27527,317.06485,833.67395,317.06485,600470727178488,600470761201978
827.3335,319.58575,833.67395,317.06485,600470761314113,600470793325884
844.2192,328.84872,833.67395,317.06485,600470793470415,600470831515311
824.5144,310.87683,833.67395,317.06485,600470831695207,600470865782394
702.771,593.13434,833.67395,317.06485,600470865941301,600470899064426
640.7836,1775.7142,824.5144,317.06485,600470899231978,600470930610936
622.4617,1831.1359,702.771,593.13434,600470930704634,600470964233696
614.30237,1851.2386,640.7836,1775.7142,600470964346978,600470994500936
612.00385,1803.2627,622.4617,1803.2627,600470994645155,600471025446405
631.0759,1763.2609,631.0759,1775.7142,600471025591405,600471057820050
542.7768,1656.9569,622.4617,1775.7142,600471057988228,600471090749946
538.7335,1608.737,622.4617,1763.2609,600471090884738,600471123858488
505.29742,1536.1886,542.7768,1656.9569,600471124103592,600471159151769
478.66687,1680.3118,538.7335,1680.3118,600471159282030,600471192621405
463.5937,1597.3812,505.29742,1656.9569,600471192792550,600471225395103
429.44525,1564.1537,478.66687,1656.9569,600471225542498,600471260861978
404.88132,1645.7001,463.5937,1645.7001,600471261008019,600471306628436
424.62766,1633.2249,429.44525,1645.7001,600471306811509,600471337552863
410.57306,1558.2272,424.62766,1645.7001,600471337639894,600471371245050
468.07407,1602.3414,429.44525,1633.2249,600471372265155,600471406491509
414.65094,1586.1254,424.62766,1602.3414,600471406573905,600471439338019
644.995,1688.3263,429.44525,1633.2249,600471439511196,600471477575623
713.7502,1742.884,429.44525,1633.2249,600471477686717,600471508879894
672.9892,1762.9335,644.995,1688.3263,600471509809009,600471539275675
675.91376,1797.2026,672.9892,1742.884,600471539467707,600471569138071
747.6973,1745.9991,672.9892,1745.9991,600471569245259,600471602475467
749.15314,1701.3173,675.91376,1742.884,600471602646925,600471634744738
728.9301,1626.5303,728.9301,1742.884,600471634842134,600471665442342
793.0874,611.2472,728.9301,1701.3173,600471665616613,600471701489582
730.64624,292.0698,728.9301,1626.5303,600471701600623,600471740468800
725.50824,317.62512,728.9301,611.2472,600471740551404,600471776565259
754.7871,321.3168,728.9301,321.3168,600471776739998,600471809477290
712.3476,311.4698,728.9301,321.3168,600471809658019,600471842609790
684.49225,302.03613,728.9301,321.3168,600471842811456,600471878369009
727.9039,303.47498,727.9039,311.4698,600471878885988,600471910428436
711.4861,312.1229,727.9039,312.1229,600471910519165,600471938817290
679.75775,307.03052,727.9039,311.4698,600471938970467,600471969224425
633.45844,412.25458,711.4861,312.1229,600471969308436,600472007466300
596.4708,449.09366,679.75775,312.1229,600472007641769,600472040849113
609.34814,528.88324,633.45844,412.25458,600472040997186,600472072982342
607.5317,524.655,609.34814,449.09366,600472073144529,600472104209633
619.88086,540.999,619.88086,524.655,600472105228644,600472145254113
658.634,502.16537,619.88086,502.16537,600472145406821,600472180662967
644.28613,501.38232,619.88086,502.16537,600472180840779,600472214034060
629.7156,493.81744,629.7156,502.16537,600472214128852,600472259021352
609.06177,503.54138,619.88086,502.16537,600472259120415,600472292270779
467.44507,454.17807,619.88086,502.16537,600472293454165,600472325983488
364.52344,362.37473,609.06177,502.16537,600472326813956,600472364145571
335.8291,374.64438,467.44507,454.17807,600472364242758,600472397696352
300.2685,367.7683,364.52344,374.64438,600472397854425,600472429970883
358.23715,332.64957,358.23715,374.64438,600472430123435,600472459846560
362.167,322.87805,362.167,367.7683,600472460060987,600472497046560
315.50586,345.7344,358.23715,345.7344,600472497270467,600472529949790
745.47687,437.11804,362.167,367.7683,600472530120415,600472565141456
750.90045,400.94812,362.167,367.7683,600472565320935,600472597666508
799.0595,392.13275,745.47687,392.13275,600472597782758,600472628268331
764.7585,368.98132,750.90045,368.98132,600472628404321,600472659942498
770.45374,393.47757,764.7585,392.13275,600472660128644,600472694931769
814.46643,372.24417,764.7585,372.24417,600472695066560,600472736382862
806.3259,358.57874,770.45374,372.24417,600472736538279,600472773577654
795.3563,404.76242,795.3563,372.24417,600472773746300,600472810241560
849.03784,495.0378,795.3563,372.24417,600472810368175,600472840613800
872.61707,472.46274,795.3563,404.76242,600472840770154,600472874993227
878.071,464.56815,849.03784,464.56815,600472875171977,600472904584529
901.0346,454.43683,872.61707,454.43683,600472904755831,600472935835571
883.01465,426.14276,878.071,454.43683,600472935984894,600472969777706
879.321,445.17355,879.321,454.43683,600472969862446,600473002208331
900.1421,441.9958,879.321,445.17355,600473002308591,600473035156039
879.39453,436.7501,879.321,445.17355,600473036198643,600473067530935
879.55676,475.89923,879.39453,445.17355,600473067644268,600473107626612
898.1036,481.9658,879.39453,445.17355,600473107783383,600473139851508
865.20496,504.78156,879.39453,475.89923,600473140546143,600473172258696
888.15393,490.41513,879.39453,481.9658,600473172405571,600473205496768
548.3461,375.24124,879.39453,475.89923,600473205716352,600473237983748
443.9694,376.5007,879.39453,475.89923,600473238167029,600473268565831
407.40863,365.22275,548.3461,376.5007,600473268719008,600473299752081
414.93286,329.6752,443.9694,376.5007,600473299852029,600473328738018
421.6336,360.86105,421.6336,365.22275,600473328925466,600473362050102
403.7295,352.32327,421.6336,360.86105,600473362158018,600473391744008
398.7736,362.82166,421.6336,362.82166,600473391925050,600473425004529
391.36053,329.1064,403.7295,360.86105,600473425174164,600473455843904
429.83447,357.86917,421.6336,360.86105,600473456058331,600473489497289
524.02856,1344.8643,421.6336,360.86105,600473489648539,600473523628279
605.1164,1372.445,429.83447,360.86105,600473523792133,600473555188331
590.8164,1300.3771,524.02856,1300.3771,600473555342602,600473589157706
585.09534,1329.7188,585.09534,1300.3771,600473589414268,600473621283070
585.10815,1303.8782,585.09534,1300.3771,600473621423279,600473654754581
707.41815,1369.1619,585.09534,1303.8782,600473654902445,600473687165206
751.3521,1418.4916,585.10815,1303.8782,600473687334477,600473726070935
751.5117,1474.0771,707.41815,1369.1619,600473726252966,600473758518487
776.9744,1450.3607,751.3521,1418.4916,600473758680779,600473792953695
753.18866,1518.5302,751.5117,1450.3607,600473793089529,600473823741768
773.14264,1562.0994,753.18866,1450.3607,600473823890674,600473857155154
788.5558,1543.6199,753.18866,1518.5302,600473857346612,600473889672914
770.0801,1448.8593,770.0801,1450.3607,600473889767445,600473921804060
805.9416,1487.6726,770.0801,1487.6726,600473921947862,600473954365414
803.8165,1452.6554,770.0801,1452.6554,600473954524997,600473986060466
840.016,1581.6129,803.8165,1487.6726,600473986206716,600474028947706
838.4513,1574.5416,803.8165,1487.6726,600474029065206,600474060480883
858.89636,1463.3999,838.4513,1487.6726,600474060624164,600474094905101
856.6682,1523.864,838.4513,1487.6726,600474095050987,600474128367028
856.4664,1541.4062,856.4664,1487.6726,600474128550101,600474161333070
835.0348,1431.5126,838.4513,1487.6726,600474161452028,600474192318539
778.0042,1495.8219,838.4513,1487.6726,600474192499164,600474225627914
737.8419,1474.4359,835.0348,1487.6726,600474225793591,600474258396039
713.27496,1503.5889,778.0042,1487.6726,600474258503956,600474291061716
721.97064,1489.5337,737.8419,1487.6726,600474291166039,600474321872914
749.0671,1498.9576,749.0671,1489.5337,600474322022081,600474353880726
749.6862,1488.5062,749.0671,1488.5062,600474354038903,600474387542080
765.5189,1479.2747,749.0671,1488.5062,600474387685935,600474420266351
773.98566,1443.8647,749.6862,1488.5062,600474421216455,600474452204685
744.8074,1372.1339,749.0671,1479.2747,600474452354008,600474483734320
785.4859,1362.5057,749.6862,1443.8647,600474483872445,600474518144060
307.45142,459.34515,749.0671,1372.1339,600474518291976,600474553519112
440.64932,323.07016,749.0671,1362.5057,600474553654476,600474586368435
465.63852,316.16226,465.63852,459.34515,600474586516612,600474618573174
470.97876,333.94653,470.97876,333.94653,600474618728487,600474664467393
497.4174,295.88474,470.97876,333.94653,600474664561768,600474699776195
465.64798,300.51392,470.97876,333.94653,600474699909789,600474732527185
535.7509,285.3885,470.97876,300.51392,600474733637185,600474764579580
513.3211,289.28116,470.97876,300.51392,600474764686820,600474797795153
484.6857,336.0069,484.6857,300.51392,600474797897809,600474831653851
466.0882,308.393,470.97876,300.51392,600474832233487,600474891075518
804.437,438.8716,484.6857,308.393,600474891187445,600474929027445
792.0019,353.68277,484.6857,308.393,600474929162497,600474960715674
790.89575,370.39102,790.89575,353.68277,600474960852497,600474993462132
791.1128,379.59756,790.89575,353.68277,600474993584216,600475023552132
808.35376,468.83734,790.89575,370.39102,600475024422601,600475055364997
815.6506,482.62845,791.1128,379.59756,600475055552809,600475088050934
781.1725,432.8027,790.89575,432.8027,600475088244580,600475122264528
396.72205,400.53867,790.89575,400.53867,600475122417966,600475153458695
388.513,365.26215,781.1725,400.53867,600475153555830,600475189494424
433.04175,335.5656,433.04175,400.53867,600475189636924,600475221807549
403.89227,334.73965,433.04175,365.26215,600475221976351,600475254399945
415.51303,371.80978,433.04175,371.80978,600475254561924,600475285751976
403.60974,362.66132,415.51303,365.26215,600475285894945,600475320713278
389.48965,322.1971,415.51303,365.26215,600475321979893,600475354779632
470.31985,352.98254,415.51303,362.66132,600475354881768,600475387159997
490.35608,372.10202,415.51303,365.26215,600475387331924,600475420717913
517.39923,431.2947,470.31985,365.26215,600475420834424,600475451956351
528.4706,437.74222,490.35608,372.10202,600475452156924,600475485863070
535.3442,438.52094,517.39923,431.2947,600475485994528,600475524310934
567.85266,451.4167,528.4706,437.74222,600475524491820,600475558413226
562.34894,448.07068,535.3442,438.52094,600475558517757,600475592477288
595.4367,467.0232,562.34894,448.07068,600475592606195,600475624957497
578.54333,478.95245,562.34894,448.07068,600475625147757,600475656114215
567.02826,463.83966,567.02826,463.83966,600475656246038,600475686794684
543.14923,428.70142,562.34894,448.07068,600475686967132,600475721537809
575.529,478.98773,567.02826,463.83966,600475721694528,600475756700570
565.4355,463.0163,565.4355,463.0163,600475756893330,600475791409267
614.7939,501.6216,567.02826,463.83966,600475791580986,600475829514580
618.9522,497.76218,567.02826,463.83966,600475830591195,600475860369319
555.8028,484.9355,567.02826,484.9355,600475860484424,600475893700986
518.1489,468.7658,567.02826,468.7658,600475893824788,600475929434997
500.99228,446.61588,555.8028,468.7658,600475929885517,600475962536767
457.73004,481.94556,518.1489,468.7658,600475963022705,600475992543747
449.44974,357.27954,500.99228,468.7658,600475992719319,600476024514163
473.42007,522.71686,473.42007,468.7658,600476024702913,600476089938069
490.99347,421.34103,490.99347,468.7658,600476090036611,600476123164684
492.1519,411.6179,490.99347,468.7658,600476123365986,600476162949476
470.20724,349.89832,490.99347,421.34103,600476163228851,600476197654111
473.03833,346.59027,490.99347,411.6179,600476197768538,600476230316871
465.88736,352.15192,473.03833,352.15192,600476230419424,600476263336142
453.63184,337.9018,473.03833,352.15192,600476263433278,600476301264996
474.12616,345.88293,473.03833,352.15192,600476302195257,600476331316663
457.63956,401.6253,473.03833,352.15192,600476331473486,600476366150726
466.6432,413.06705,473.03833,352.15192,600476366271246,600476399602444
485.9834,405.6065,473.03833,401.6253,600476399723278,600476436898382
466.4921,417.77185,473.03833,405.6065,600476437004267,600476470178590
454.0366,431.96988,473.03833,405.6065,600476473765726,600476510204007
573.3836,818.97534,473.03833,417.77185,600476510353746,600476545720569
550.4477,1654.1945,473.03833,431.96988,600476545828746,600476605990986
559.978,1680.6904,550.4477,818.97534,600476606095309,600476641551507
552.1151,1642.1847,550.4477,1642.1847,600476642373278,600476675679528
547.52905,1600.935,550.4477,1600.935,600476676207965,600476708844580
600.93713,1650.8629,550.4477,1642.1847,600476708941507,600476739785777
605.2998,1673.5228,550.4477,1642.1847,600476739871819,600476774040205
602.7255,1621.3356,600.93713,1642.1847,600476775993642,600476811778538
600.58636,1599.8809,600.58636,1642.1847,600476813491767,600476849095725
582.5075,1709.4287,600.58636,1642.1847,600476849240777,600476882336819
543.8181,1637.0491,600.58636,1642.1847,600476882492392,600476916593798
595.98126,1651.3413,595.98126,1642.1847,600476917537757,600476950260882
598.5038,1695.1487,598.5038,1642.1847,600476950402080,600476984322236
593.28436,1674.1464,595.98126,1651.3413,600476984495361,600477016914371
559.4607,1741.4895,595.98126,1674.1464,600477017027288,600477055084684
554.7393,1710.3645,593.28436,1674.1464,600477055189163,600477086667027
396.20963,1788.3906,559.4607,1710.3645,600477086813902,600477118108277
344.1549,1858.579,554.7393,1710.3645,600477118263486,600477153211038
340.7719,1855.4932,396.20963,1788.3906,600477153384163,600477187242444
324.8129,1828.418,344.1549,1828.418,600477187422131,600477219649371
326.507,1812.8987,340.7719,1812.8987,600477219746559,600477251237756
331.36963,1819.6506,331.36963,1819.6506,600477252371038,600477284953538
297.30908,1821.5385,331.36963,1819.6506,600477285044423,600477317378694
318.20065,1782.6428,331.36963,1819.6506,600477317473850,600477351039111
266.02023,1818.5513,318.20065,1819.6506,600477351161506,600477382295881
270.2894,1811.6842,318.20065,1818.5513,600477382455413,600477415410413
292.70206,1851.6361,292.70206,1819.6506,600477415563173,600477450806298
329.48535,1831.7721,318.20065,1819.6506,600477450940881,600477490306454
757.1582,969.5647,318.20065,1819.6506,600477490436402,600477546957600
778.2905,474.03247,329.48535,1819.6506,600477547087288,600477583444215
779.2369,459.15793,757.1582,969.5647,600477583539840,600477614441142
798.7473,427.78848,778.2905,474.03247,600477614601090,600477646108746
790.58844,446.4587,779.2369,459.15793,600477648426298,600477679972340
808.45074,452.87198,790.58844,452.87198,600477680181871,600477711165308
798.8631,474.75232,790.58844,459.15793,600477713355985,600477748327704
795.0724,421.6118,795.0724,452.87198,600477749311767,600477783661819
780.10443,469.98154,790.58844,459.15793,600477784067600,600477817584579
787.31287,437.9574,790.58844,452.87198,600477817753069,600477850222652
823.82605,442.4043,790.58844,452.87198,600477850390569,600477886974058
838.9235,422.58466,790.58844,442.4043,600477887157808,600477917274527
838.80914,407.16467,823.82605,442.4043,600477917434996,600477951786662
858.3385,421.4572,838.80914,422.58466,600477951921142,600477983719475
846.4131,385.3324,838.80914,421.4572,600477983859058,600478018299267
846.7868,393.2985,846.4131,421.4572,600478018439371,600478055591558
528.8445,360.2587,838.80914,393.2985,600478055706298,600478085387860
497.7654,435.98505,838.80914,421.4572,600478085465464,600478120401142
442.70636,380.83334,528.8445,393.2985,600478120559944,600478152801662
452.62164,359.11313,497.7654,393.2985,600478152899267,600478184748642
431.0236,400.25754,452.62164,393.2985,600478184930673,600478218594110
454.45312,441.53677,454.45312,393.2985,600478218751350,600478254750360
428.84293,452.05243,452.62164,400.25754,600478254891610,600478289063381
416.2789,418.68747,452.62164,418.68747,600478289260516,600478324504891
403.00595,397.31076,428.84293,400.25754,600478325111766,600478356716454
467.8846,398.70572,452.62164,400.25754,600478356825881,600478391506089
453.56552,423.0182,452.62164,400.25754,600478391611089,600478426449839
483.97107,473.2905,453.56552,400.25754,600478427138485,600478457781141
422.22864,421.3282,452.62164,421.3282,600478457879735,600478497139423
468.40912,365.7129,453.56552,400.25754,600478497272287,600478532473485
492.86374,391.58545,453.56552,400.25754,600478532591402,600478562209943
473.25748,411.51196,468.40912,400.25754,600478564658589,600478593945777
460.102,450.88535,460.102,400.25754,600478594074943,600478624493381
476.88733,449.55667,468.40912,411.51196,600478625555568,600478656546714
517.18353,492.27988,468.40912,449.55667,600478656654579,600478687541558
463.99976,437.4906,468.40912,437.4906,600478687642443,600478717808068
402.0343,402.85413,468.40912,437.4906,600478717943693,600478751474839
490.6729,430.70905,468.40912,437.4906,600478751570308,600478781916350
448.8203,387.67117,468.40912,430.70905,600478782045152,600478812770829
497.06387,412.1939,468.40912,430.70905,600478812864318,600478849473225
454.5577,359.59552,468.40912,412.1939,600478849645568,600478883454631
423.25336,384.09943,468.40912,412.1939,600478883569318,600478914482235
441.01367,405.12952,454.5577,405.12952,600478914594423,600478965540204
398.48575,1199.1621,441.01367,412.1939,600478965645672,600479003526245
331.40878,1939.8851,441.01367,412.1939,600479003622600,600479036263225
421.94498,1589.7544,421.94498,1199.1621,600479041092339,600479079164475
434.77466,1367.6587,434.77466,1367.6587,600479079234891,600479110485100
425.36404,743.8619,425.36404,1199.1621,600479110645100,600479144830256
397.21695,575.33844,425.36404,1199.1621,600479146568485,600479176766402
453.7897,470.4452,425.36404,743.8619,600479176861922,600479210327235
438.49387,453.94812,425.36404,575.33844,600479210431766,600479244182652
422.17902,492.31125,425.36404,492.31125,600479249933641,600479282417027
430.48837,443.19882,425.36404,492.31125,600479282500881,600479313243433
533.10114,414.45828,425.36404,492.31125,600479314523277,600479346485412
557.3792,411.05338,430.48837,443.19882,600479346627912,600479378587756
599.1835,378.90787,533.10114,414.45828,600479378716974,600479413172704
579.96576,457.7369,557.3792,443.19882,600479414110881,600479448561558
546.35864,364.16855,546.35864,414.45828,600479448672651,600479482163537
603.0915,376.81766,557.3792,414.45828,600479482333589,600479518625985
648.8997,427.3822,557.3792,414.45828,600479518735099,600479552802026
693.6417,358.6687,603.0915,414.45828,600479552980099,600479588257964
646.7247,392.83926,646.7247,414.45828,600479588479943,600479619130360
666.5942,434.15198,646.7247,414.45828,600479619234110,600479650189943
695.5217,411.85962,646.7247,414.45828,600479650328797,600479684329526
616.8183,365.79126,646.7247,414.45828,600479684438328,600479717955464
710.99646,387.62726,646.7247,411.85962,600479718058849,600479751665933
715.1437,389.25485,646.7247,389.25485,600479751850933,600479783897912
315.03076,1205.8718,646.7247,411.85962,600479784115828,600479816978172
404.38443,1553.1865,646.7247,411.85962,600479817162703,600479850345360
429.4976,1489.3917,429.4976,1205.8718,600479850482912,600479882386922
420.65445,1518.3887,429.4976,1489.3917,600479882564891,600479923685516
407.8196,1600.0331,429.4976,1489.3917,600479923807026,600479955020099
413.5809,1556.4438,420.65445,1518.3887,600479955119839,600479985244683
442.541,1595.997,429.4976,1556.4438,600479985347183,600480017593328
415.5759,1644.0603,420.65445,1556.4438,600480017702130,600480050292807
430.42484,1642.9858,429.4976,1595.997,600480051302599,600480089868068
475.8243,1652.4293,429.4976,1642.9858,600480090311141,600480136348745
547.3768,1765.6594,430.42484,1642.9858,600480136510985,600480171730724
547.7592,1751.1876,475.8243,1652.4293,600480172730464,600480211194839
546.7476,1698.8126,546.7476,1698.8126,600480211303797,600480244199943
556.22375,1651.4159,546.7476,1652.4293,600480244330724,600480278438693
569.5197,1652.1025,546.7476,1652.4293,600480279630932,600480310767495
576.4549,1721.3151,556.22375,1652.4293,600480310908537,600480344591401
521.4468,1694.9238,546.7476,1652.4293,600480344763745,600480377762182
224.2562,1553.0995,546.7476,1652.4293,600480377897495,600480410893537
207.1693,1554.0183,521.4468,1652.4293,600480411077807,600480449224734
190.17883,1525.4097,224.2562,1554.0183,600480449405880,600480482259734
168.84927,1544.1901,207.1693,1554.0183,600480482353797,600480518615828
148.63011,1538.0028,190.17883,1544.1901,600480518729839,600480553435724
158.30714,1630.6007,168.84927,1554.0183,600480554397130,600480600717443
152.6236,1631.272,158.30714,1554.0183,600480600845568,600480634457495
170.53766,1590.9011,168.84927,1590.9011,600480640098797,600480671599005
192.62073,1616.1832,168.84927,1590.9011,600480673012755,600480731876245
174.65065,1630.9888,170.53766,1590.9011,600480731977703,600480764778797
158.03587,1628.0525,168.84927,1616.1832,600480764882130,600480795452286
206.04306,1554.2108,170.53766,1590.9011,600480795601818,600480833248693
217.66077,1558.0923,170.53766,1590.9011,600480833456557,600480861872547
217.56602,1582.0361,206.04306,1582.0361,600480862045099,600480892247390
196.70335,1557.1155,196.70335,1582.0361,600480892389943,600480939258797
506.32773,1678.3159,206.04306,1582.0361,600480939359943,600480971105359
557.57983,1614.6022,206.04306,1582.0361,600480971217599,600481006103588
564.06055,1713.9607,506.32773,1614.6022,600481006963172,600481039665099
585.84296,1644.0392,557.57983,1614.6022,600481039820776,600481074098797
595.67706,1652.507,564.06055,1644.0392,600481074216870,600481107065828
629.3888,1705.4586,585.84296,1644.0392,600481107154942,600481141206401
636.9432,1662.201,595.67706,1652.507,600481141386505,600481176222234
626.872,1637.9144,626.872,1644.0392,600481177169161,600481209850567
622.48236,1665.9126,622.48236,1652.507,600481210018015,600481244976974
598.6223,1650.5435,622.48236,1650.5435,600481245125515,600481278749161
553.8456,1610.0315,622.48236,1650.5435,600481278877859,600481313247442
589.8413,1637.337,598.6223,1650.5435,600481313390776,600481347715828
604.6966,1716.8038,604.6966,1650.5435,600481347805047,600481381288172
571.242,1806.1718,598.6223,1650.5435,600481381404682,600481426149578
522.4658,1754.8578,598.6223,1716.8038,600481426238067,600481461251192
517.038,1845.1823,571.242,1754.8578,600481461415672,600481492599838
501.36978,1857.386,522.4658,1754.8578,600481492915047,600481524526765
527.4806,1837.8029,527.4806,1837.8029,600481524767338,600481552529630
500.22824,1906.2146,522.4658,1837.8029,600481552633796,600481587930776
498.85605,1833.6926,522.4658,1837.8029,600481588108744,600481619406140
522.5335,1825.7843,522.4658,1837.8029,600481620463588,600481653251140
529.37494,1822.6512,522.4658,1833.6926,600481653362130,600481683693484
549.0425,1828.0764,522.5335,1828.0764,600481683885828,600481713905046
497.96332,1854.2072,522.4658,1833.6926,600481714017390,600481745358015
527.4841,1848.8579,522.5335,1833.6926,600481745433432,600481777667546
513.94604,1917.2195,522.4658,1848.8579,600481777749890,600481810197494
456.9233,1884.5988,522.4658,1848.8579,600481810347442,600481843542859
487.602,1866.3657,513.94604,1866.3657,600481844156401,600481875698119
485.28,1888.1036,487.602,1866.3657,600481876482703,600481908382859
506.02298,1936.5723,506.02298,1866.3657,600481908514682,600481943268692
464.63043,1942.857,487.602,1888.1036,600481943358067,600481976957234
403.51175,1956.8114,487.602,1936.5723,600481977045359,600482015623223
402.8788,1892.235,464.63043,1892.235,600482015729786,600482055106973
379.07047,1885.4873,403.51175,1892.235,600482055270671,600482086205775
368.86862,1893.2557,402.8788,1892.235,600482086309630,600482122115255
352.37296,1897.9602,379.07047,1892.235,600482122286817,600482163483015
356.20883,1924.6464,368.86862,1893.2557,600482163664265,600482199982963
370.48053,1900.1036,370.48053,1897.9602,600482200171817,600482234358952
396.30762,1493.3131,370.48053,1893.2557,600482234452494,600482273571348
360.5665,1543.5455,370.48053,1893.2557,600482273658223,600482306822286
383.77472,1504.8657,370.48053,1543.5455,600482306955567,600482338618952
389.87332,1622.3021,370.48053,1622.3021,600482346318692,600482380309317
364.02554,1614.0983,370.48053,1614.0983,600482380423848,600482412750723
439.83942,1408.3383,370.48053,1614.0983,600482413800984,600482447448588
498.23322,1258.4644,370.48053,1614.0983,600482447607807,600482485906713
474.76648,1074.8352,439.83942,1408.3383,600482486084838,600482521020671
454.53207,1062.964,454.53207,1258.4644,600482521222442,600482552277859
498.6741,962.74713,454.53207,1074.8352,600482552923484,600482595789682
494.09933,984.0221,454.53207,1062.964,600482596835567,600482629031973
612.4691,402.3544,494.09933,984.0221,600482629227390,600482660576869
613.4489,328.61505,494.09933,984.0221,600482660660567,600482690129161
612.4586,303.16364,612.4586,402.3544,600482690724109,600482722358015
587.8996,328.67905,587.8996,328.67905,600482722511661,600482755085463
639.7778,330.79572,612.4586,330.79572,600482755200567,600482785360359
595.0809,326.786,595.0809,328.67905,600482785503275,600482818232650
653.4292,344.0702,612.4586,330.79572,600482818394109,600482850450411
618.29584,354.5056,612.4586,330.79572,600482851169629,600482883208900
471.07574,382.30225,612.4586,344.0702,600482883321348,600482915834681
397.5291,397.53482,612.4586,354.5056,600482915946400,600482947958171
355.2793,374.8286,471.07574,374.8286,600482948145983,600482979570411
347.95493,423.83194,397.5291,374.8286,600482979677598,600483012480046
372.10028,397.89682,372.10028,374.8286,600483012589421,600483044431661
388.74286,425.95456,388.74286,397.89682,600483044526036,600483075291244
435.6384,401.46353,388.74286,397.89682,600483075395098,600483108250150
375.23868,423.07947,388.74286,401.46353,600483108346504,600483140786452
360.64673,410.26562,388.74286,401.46353,600483140927963,600483174023327
343.7129,423.9725,375.23868,410.26562,600483174112910,600483213657077
322.2896,405.42023,360.64673,405.42023,600483213745723,600483246586921
546.5804,757.2503,375.23868,410.26562,600483246769265,600483295041400
534.9401,1155.7025,375.23868,410.26562,600483295134056,600483329805879
547.8353,1219.8383,534.9401,757.2503,600483329955515,600483366560150
546.3005,1236.7781,534.9401,1155.7025,600483367707702,600483402092025
538.3635,1187.4291,538.3635,1187.4291,600483402227494,600483435686765
539.8908,1226.97,538.3635,1187.4291,600483435817129,600483466495567
567.7143,1221.0872,538.3635,1187.4291,600483467724421,600483505273587
576.67444,1202.3406,539.8908,1202.3406,600483505560150,600483540416192
518.0678,1207.3839,538.3635,1202.3406,600483540506764,600483570669004
543.5165,1233.386,539.8908,1202.3406,600483603718535,600483641777442
480.7746,1343.4755,538.3635,1207.3839,600483641919212,600483673319264
394.36066,1587.283,538.3635,1233.386,600483673432858,600483705820046
393.90173,1742.6991,480.7746,1343.4755,600483705958379,600483741106921
410.84503,1735.8514,410.84503,1587.283,600483741240775,600483780158639
463.307,1723.1866,463.307,1723.1866,600483780249421,600483814818952
420.65167,1674.2589,420.65167,1674.2589,600483814922025,600483846629212
432.17795,1720.6138,432.17795,1720.6138,600483846787702,600483892737806
428.41293,1724.7286,428.41293,1720.6138,600483892946973,600483926555879
416.47504,1740.1655,428.41293,1720.6138,600483926657181,600483959528900
403.14374,1766.1256,428.41293,1724.7286,600483959674889,600483992667441
406.96902,1797.1909,416.47504,1740.1655,600483992788275,600484030929160
681.4323,484.75644,428.41293,1724.7286,600484031062962,600484065125879
606.6703,340.29037,428.41293,1724.7286,600484067457858,600484099009525
633.2094,310.3402,606.6703,484.75644,600484100259473,600484137620150
570.5636,378.98166,570.5636,378.98166,600484137813743,600484170768223
593.99713,321.68457,593.99713,378.98166,600484170913952,600484200235098
548.64166,333.8173,570.5636,378.98166,600484202749525,600484235753952
548.8327,330.26505,570.5636,333.8173,600484235905254,600484273622962
624.34314,315.70096,570.5636,333.8173,600484273771035,600484307280983
585.05493,339.77612,570.5636,333.8173,600484307426035,600484343762233
587.65234,376.0215,585.05493,333.8173,600484343833848,600484376080514
513.6985,317.8635,570.5636,333.8173,600484376276868,600484409288275
468.99155,269.17133,570.5636,333.8173,600484409397337,600484442155618
465.07568,262.4228,513.6985,317.8635,600484442282337,600484474628952
419.0089,275.6656,468.99155,275.6656,600484474777597,600484507427754
434.29504,275.35565,465.07568,275.6656,600484507571712,600484541791243
447.3845,283.7385,447.3845,275.6656,600484541967389,600484576688222
446.85098,293.85022,447.3845,275.6656,600484576837702,600484610777702
448.16113,293.66577,447.3845,283.7385,600484610967910,600484643501712
421.51837,278.53415,447.3845,278.53415,600484643602129,600484677844108
455.2975,273.64005,447.3845,278.53415,600484677951504,600484710222285
459.51468,285.27655,447.3845,278.53415,600484710371712,600484747056816
386.19073,370.88354,447.3845,278.53415,600484748080566,600484779666035
433.01868,344.88345,447.3845,285.27655,600484779767806,600484829683639
397.5559,396.29324,433.01868,344.88345,600484829796347,600484865979837
344.10837,413.2764,433.01868,344.88345,600484866321972,600484902559681
406.14145,411.20062,406.14145,396.29324,600484903136035,600484938890149
365.30646,427.36923,406.14145,411.20062,600484939038326,600484975842129
868.66437,478.53842,406.14145,411.20062,600484975941399,600485012753326
854.46796,485.97818,406.14145,427.36923,600485012921451,600485045637597
879.0325,525.7267,854.46796,478.53842,600485045736347,600485090108639
851.0048,528.70056,851.0048,485.97818,600485090275462,600485122422493
861.0385,522.9384,854.46796,522.9384,600485122507076,600485155271556
875.45197,527.419,854.46796,522.9384,600485155451660,600485186529889
878.58234,468.4596,861.0385,522.9384,600485186714316,600485217321295
869.1906,357.77435,869.1906,522.9384,600485217512962,600485249736399
891.8676,385.30972,869.1906,468.4596,600485249919368,600485282362545
865.6457,364.12512,869.1906,385.30972,600485282501503,600485313907753
855.5747,402.5294,869.1906,402.5294,600485314079837,600485348467128
724.93286,810.6711,865.6457,402.5294,600485348603170,600485378799785
343.58725,1637.4387,855.5747,402.5294,600485378908691,600485410595201
348.03287,1917.4323,724.93286,810.6711,600485410759420,600485443473483
428.79453,1830.0554,428.79453,1637.4387,600485443583587,600485475171035
511.68042,1707.6522,511.68042,1707.6522,600485475272285,600485507294368
551.3995,1738.75,511.68042,1707.6522,600485507405305,600485541097857
606.3467,1666.9252,511.68042,1707.6522,600485541202910,600485571226764
589.66315,1628.9437,551.3995,1707.6522,600485571347441,600485600509264
571.74146,1607.7467,571.74146,1666.9252,600485600667857,600485633531035
565.72894,1628.4119,565.72894,1628.9437,600485633659524,600485667783326
566.93085,1629.6362,566.93085,1629.6362,600485668764576,600485699406607
554.55225,1603.0312,565.72894,1628.9437,600485699499212,600485732956712
552.515,1566.3303,565.72894,1628.9437,600485733399784,600485766630930
556.04236,1563.3668,556.04236,1603.0312,600485766729159,600485797549159
567.56366,1494.338,565.72894,1566.3303,600485798727962,600485831591816
582.808,1535.8988,565.72894,1563.3668,600485832233639,600485862650357
608.13464,1516.9327,567.56366,1535.8988,600485863002649,600485894732024
600.6532,1434.4309,582.808,1535.8988,600485895398587,600485927855461
553.57,723.131,567.56366,1516.9327,600485928702493,600485967411243
540.85785,730.68207,567.56366,1434.4309,600485967572180,600485999200461
566.4833,670.58167,566.4833,730.68207,600486001039889,600486034660357
572.2882,683.1101,567.56366,730.68207,600486034807753,600486067759264
539.10895,688.43207,566.4833,688.43207,600486067934836,600486097679628
599.84735,749.353,567.56366,730.68207,600486097780566,600486131261191
595.6451,715.9502,567.56366,715.9502,600486131409524,600486163996503
565.66583,696.31836,567.56366,715.9502,600486165163743,600486198644680
559.6586,625.4883,567.56366,715.9502,600486198760722,600486231754211
545.0,682.9215,565.66583,696.31836,600486237820774,600486271848482
526.17865,475.66962,559.6586,682.9215,600486272082180,600486305445201
490.78558,301.85092,545.0,682.9215,600486305576347,600486338985305
526.15735,319.38812,526.17865,475.66962,600486339083482,600486369952701
509.49704,269.33575,526.15735,319.38812,600486370050253,600486402455670
452.54468,274.779,526.15735,319.38812,600486402594159,600486433710618
505.5608,288.3267,509.49704,288.3267,600486433826607,600486466795982
508.49484,271.83228,508.49484,288.3267,600486466904524,600486500342493
502.88095,291.9667,508.49484,288.3267,600486501065722,600486532200409
492.23038,301.2542,508.49484,288.3267,600486532383951,600486564969524
457.26868,281.44098,502.88095,288.3267,600486565147545,600486598389472
489.5954,272.74506,492.23038,288.3267,600486598486711,600486632887388
537.97217,294.62088,502.88095,288.3267,600486634347232,600486667341190
554.90424,286.94476,502.88095,288.3267,600486667496607,600486699535357
588.83496,273.95966,537.97217,288.3267,600486699688482,600486732185722
643.00397,314.3566,554.90424,288.3267,600486732369784,600486764212857
589.4223,324.2584,588.83496,288.3267,600486764365565,600486798335044
651.531,393.65723,589.4223,314.3566,600486798472440,600486831440565
626.9259,333.65555,589.4223,324.2584,600486831610982,600486865565513
738.84186,452.88712,626.9259,333.65555,600486865711451,600486899473222
780.53424,488.04822,626.9259,333.65555,600486899595149,600486933673222
774.9149,510.91742,738.84186,452.88712,600486933797805,600486965325461
825.5083,546.36597,774.9149,488.04822,600486965465149,600486998149628
803.3388,513.1923,774.9149,510.91742,600486998273117,600487030732440
813.5959,643.399,803.3388,513.1923,600487031982336,600487064481815
812.3592,530.20856,803.3388,513.1923,600487065386242,600487100844992
761.9429,617.1854,803.3388,530.20856,600487100935201,600487131551346
417.47964,1606.7788,803.3388,530.20856,600487131695930,600487181355565
474.8789,1630.3975,761.9429,617.1854,600487181519940,600487213499680
462.776,1647.326,474.8789,1606.7788,600487213669836,600487251074628
475.64636,1673.3295,475.64636,1630.3975,600487251189471,600487281788586
462.4284,1677.4072,474.8789,1647.326,600487283195826,600487313403794
538.6349,1733.7375,475.64636,1673.3295,600487313548117,600487343535357
511.71848,1721.4803,475.64636,1677.4072,600487343644211,600487379699003
535.7769,1711.791,511.71848,1711.791,600487380224419,600487414102701
511.86154,1744.5115,511.71848,1711.791,600487414311607,600487446420825
525.2459,1632.5298,511.86154,1711.791,600487446589940,600487480768169
530.54236,1664.299,511.86154,1711.791,600487480975044,600487513692909
565.02136,1717.1039,525.2459,1711.791,600487513921503,600487546083586
519.67865,1699.7223,519.67865,1711.791,600487546272805,600487578615878
815.8882,1516.7026,525.2459,1711.791,600487578788169,600487610257440
824.166,1480.3289,525.2459,1699.7223,600487610410253,600487642680878
855.6791,1487.7334,815.8882,1516.7026,600487643071815,600487705992232
850.1523,1440.2947,824.166,1487.7334,600487706107075,600487739955096
880.93494,1496.5299,850.1523,1496.5299,600487740153534,600487786849159
838.55444,1453.1157,838.55444,1487.7334,600487787751763,600487823638377
273.34686,1672.0897,838.55444,1496.5299,600487823726502,600487854264784
290.69165,1743.1029,838.55444,1496.5299,600487857839680,600487888271867
300.3571,2227.518,300.3571,1672.0897,600487892222388,600487924675096
401.5365,2140.5903,401.5365,1743.1029,600487925781190,600487958201346
325.8604,2046.9625,325.8604,2046.9625,600487958299575,600487994007648
513.48724,2101.911,401.5365,2046.9625,600487994192075,600488027187232
490.43887,2157.7454,401.5365,2046.9625,600488027325721,600488066597648
484.96042,1898.499,484.96042,2046.9625,600488066688586,600488098713273
467.61765,1784.61,467.61765,2046.9625,600488098838638,600488130469992
512.9556,1754.2452,484.96042,1898.499,600488131511034,600488164395096
464.39758,1719.3981,467.61765,1784.61,600488164499419,600488197503846
484.18826,1730.6454,484.18826,1754.2452,600488198415148,600488230622909
469.80768,1619.181,469.80768,1730.6454,600488230757544,600488269157127
452.4169,1600.6223,469.80768,1730.6454,600488269318846,600488303659940
471.88693,1632.3439,469.80768,1632.3439,600488303809367,600488338092648
503.49588,1671.9723,469.80768,1671.9723,600488338218429,600488372408117
494.5943,1571.3918,471.88693,1632.3439,600488372522388,600488405834731
477.176,1643.9935,477.176,1643.9935,600488405936711,600488442486711
472.9997,1654.3677,472.9997,1643.9935,600488442592492,600488477749471
529.5801,1651.0331,477.176,1643.9935,600488477914940,600488517175096
479.05725,1701.9186,477.176,1651.0331,600488517332752,600488548718950
462.40427,1558.53,477.176,1643.9935,600488548876763,600488580746815
469.60208,1667.2487,477.176,1651.0331,600488580925356,600488613546398
482.72546,1581.8777,477.176,1643.9935,600488613909002,600488654790773
483.5864,1664.8367,477.176,1651.0331,600488654894835,600488684915200
508.8036,1679.9401,482.72546,1651.0331,600488685031554,600488716035356
529.3837,2228.2014,483.5864,1664.8367,600488716172179,600488747986398
485.1758,1921.1583,485.1758,1679.9401,600488748187387,600488778806815
617.438,700.63885,485.1758,1664.8367,600488778959783,600488811167179
633.3624,1151.6659,485.1758,1664.8367,600488811293481,600488844281294
508.3461,646.2363,508.3461,1151.6659,600488844442700,600488875411294
554.7186,427.69342,508.3461,1151.6659,600488875582544,600488909738273
545.4314,289.83722,508.3461,646.2363,600488909854679,600488942312596
567.401,303.29117,545.4314,427.69342,600488942443690,600488983570304
543.9713,323.22214,543.9713,323.22214,600488983708221,600489019006346
564.7334,260.3946,545.4314,323.22214,600489019101189,600489050786502
555.1898,298.03506,545.4314,323.22214,600489050975356,600489087167856
526.08636,272.5997,545.4314,298.03506,600489087253377,600489121095721
550.9068,267.6385,545.4314,298.03506,600489121192127,600489153675252
564.7478,276.32376,545.4314,276.32376,600489153788273,600489185991398
569.4738,286.07947,550.9068,286.07947,600489186178377,600489216972648
548.6365,333.3982,548.6365,286.07947,600489217144575,600489250836450
531.06635,320.51453,548.6365,286.07947,600489251023169,600489284414939
567.3009,299.28583,548.6365,299.28583,600489284623689,600489316440148
547.223,293.79782,548.6365,293.79782,600489316601762,600489346840044
496.35962,322.17365,548.6365,299.28583,600489346947127,600489379433377
437.38495,325.63913,547.223,299.28583,600489379648429,600489408835877
454.8768,315.50107,496.35962,315.50107,600489409026293,600489443312231
417.82858,299.70645,454.8768,299.70645,600489443442023,600489474200460
436.8347,316.79285,454.8768,315.50107,600489474322023,600489506171085
439.00946,312.42056,439.00946,312.42056,600489506266137,600489538858741
457.3819,355.04047,454.8768,315.50107,600489538944054,600489582444158
460.3987,303.68372,454.8768,312.42056,600489582553481,600489612267179
420.5868,344.28073,454.8768,315.50107,600489612438168,600489642622700
484.15384,359.72113,454.8768,315.50107,600489642807752,600489674333325
478.07492,351.4905,454.8768,344.28073,600489674503845,600489706162335
518.5311,343.4094,478.07492,343.4094,600489706317075,600489748808585
527.15045,380.47238,478.07492,344.28073,600489749019262,600489782125460
508.61105,367.8839,508.61105,344.28073,600489782227595,600489811206137
546.0209,353.29187,508.61105,353.29187,600489811363481,600489841888012
552.28424,337.99332,508.61105,344.28073,600489842039054,600489875374835
531.95844,398.43665,531.95844,353.29187,600489875557908,600489908654158
544.25146,399.31854,531.95844,353.29187,600489908828064,600489939742335
575.696,354.16202,531.95844,354.16202,600489939906293,600489970906866
564.5307,363.24503,544.25146,354.16202,600489973066970,600490006051189
540.0906,372.7081,540.0906,354.16202,600490006190408,600490045131033
539.69257,335.5012,540.0906,354.16202,600490045309835,600490075368689
539.21875,335.16855,540.0906,354.16202,600490075552595,600490106320929
555.60693,334.25403,540.0906,335.5012,600490106492491,600490138292908
518.97375,346.423,540.0906,346.423,600490138581449,600490170816345
561.68,355.92047,540.0906,346.423,600490170930408,600490207889731
526.2604,369.3276,540.0906,346.423,600490208191502,600490241904262
542.4058,318.386,540.0906,346.423,600490242094522,600490276749262
559.10406,373.36026,540.0906,346.423,600490276859679,600490305917074
572.8723,383.79205,542.4058,346.423,600490306035824,600490337943012
565.34467,402.0613,559.10406,373.36026,600490338062179,600490370927283
548.07526,363.75073,548.07526,363.75073,600490371360772,600490405388116
576.51227,365.99997,559.10406,365.99997,600490406091033,600490438533845
631.8438,510.055,559.10406,365.99997,600490438711814,600490472289626
721.5209,1554.0818,576.51227,365.99997,600490472389210,600490527102908
580.98065,1506.6188,580.98065,510.055,600490528049991,600490558274366
693.1237,1606.0665,580.98065,1506.6188,600490559488533,600490594218376
697.977,1554.7144,580.98065,1506.6188,600490594295147,600490624932126
674.43164,1454.625,674.43164,1506.6188,600490625620512,600490657154053
667.6424,1413.9706,667.6424,1506.6188,600490659762595,600490691896606
612.34894,1477.1296,667.6424,1477.1296,600490692083845,600490724186397
588.8548,1492.4852,667.6424,1492.4852,600490724283585,600490756265303
556.3338,1615.864,612.34894,1492.4852,600490756410095,600490787811345
519.8077,1527.3094,588.8548,1492.4852,600490789172230,600490819797230
542.7512,1530.9984,556.3338,1527.3094,600490823949470,600490855207960
581.30255,1585.7683,581.30255,1527.3094,600490855339574,600490888851293
565.5437,1575.9716,565.5437,1530.9984,600490889896762,600490920766710
560.66534,1545.3279,565.5437,1545.3279,600490924189730,600490955667282
577.70624,1503.3333,565.5437,1530.9984,600490956305772,600490986838064
569.10455,1515.6569,565.5437,1530.9984,600490987802699,600491050555772
577.8794,1508.1522,569.10455,1515.6569,600491050664210,600491081383428
567.0701,1589.0371,567.0701,1530.9984,600491081595355,600491114457543
563.43024,1649.9425,567.0701,1530.9984,600491114647022,600491147816397
518.7181,1688.2113,567.0701,1589.0371,600491147898428,600491185137491
536.0388,1703.7919,563.43024,1649.9425,600491185289105,600491219957543
568.59216,1618.3867,567.0701,1618.3867,600491220879157,600491250305772
537.8146,1610.1145,563.43024,1618.3867,600491250421345,600491283655043
554.76697,1645.2513,563.43024,1618.3867,600491283793845,600491315850251
572.9548,1679.5874,563.43024,1618.3867,600491315967022,600491346286709
574.2987,1509.6189,563.43024,1618.3867,600491346377022,600491377993532
570.19073,1533.3197,570.19073,1618.3867,600491378101709,600491407482907
564.3857,1632.2437,564.3857,1618.3867,600491407666761,600491440309470
563.57434,1656.8179,564.3857,1618.3867,600491440483428,600491477182959
602.3261,1612.1493,564.3857,1618.3867,600491477323689,600491512295095
588.44196,1661.0609,564.3857,1618.3867,600491512397126,600491541902959
576.0308,1602.1628,576.0308,1618.3867,600491542077178,600491572182386
587.4196,1636.2455,576.0308,1618.3867,600491572352334,600491603702126
541.69354,1648.0023,576.0308,1618.3867,600491603878897,600491635292907
561.8163,1608.8378,576.0308,1618.3867,600491636338845,600491667970407
582.1382,1574.3964,576.0308,1618.3867,600491668160928,600491701878324
596.2258,1656.8801,576.0308,1618.3867,600491702227178,600491738988428
360.64618,2059.1152,576.0308,1618.3867,600491739090720,600491770770303
390.79916,2083.4277,576.0308,1656.8801,600491770956866,600491807357386
559.66156,1180.5225,559.66156,1618.3867,600491807552803,600491838542386
649.41943,1281.6378,576.0308,1618.3867,600491838699678,600491876133584
572.34454,829.86523,572.34454,1281.6378,600491876303324,600491908602595
608.1582,639.86536,576.0308,1281.6378,600491908705459,600491940603636
506.10776,410.27054,572.34454,829.86523,600491942189209,600491972379209
609.0785,499.37216,576.0308,639.86536,600491973289105,600492004845303
590.28436,375.80923,576.0308,499.37216,600492004964678,600492036635615
610.10297,493.66553,590.28436,499.37216,600492036822699,600492072170928
555.5035,398.5533,576.0308,493.66553,600492072300928,600492105768376
537.78296,384.7993,576.0308,493.66553,600492105962542,600492139337282
540.9171,370.9273,555.5035,398.5533,600492139487438,600492171550667
557.7914,380.19754,557.7914,384.7993,600492171728480,600492202824365
516.455,381.88443,555.5035,381.88443,600492202991657,600492236953636
498.47845,394.9161,555.5035,384.7993,600492237137386,600492271664053
543.4183,372.56995,543.4183,381.88443,600492271861917,600492307957178
541.53595,432.5991,543.4183,384.7993,600492308379574,600492337946813
549.9728,315.85437,543.4183,381.88443,600492338132803,600492368211761
513.3862,345.46863,543.4183,381.88443,600492368329522,600492401141813
513.57324,319.84366,543.4183,345.46863,600492401781032,600492435797282
569.9177,400.7993,543.4183,381.88443,600492435949522,600492467049261
503.19382,386.67566,543.4183,381.88443,600492467144834,600492499149417
551.9352,372.224,543.4183,381.88443,600492499238271,600492532769001
558.886,384.22797,543.4183,381.88443,600492532849938,600492565675146
536.1974,389.2962,543.4183,381.88443,600492565786969,600492600525355
576.16864,373.6784,543.4183,381.88443,600492600684053,600492634072594
550.6739,331.65955,543.4183,381.88443,600492634170251,600492665849730
596.30505,330.54355,550.6739,373.6784,600492665950980,600492702368167
550.1903,329.59924,550.1903,331.65955,600492702542646,600492736567334
617.9925,393.67947,550.6739,373.6784,600492736723636,600492774499573
633.3921,406.83218,550.6739,373.6784,600492774675980,600492807907282
633.7207,397.89764,617.9925,393.67947,600492808117959,600492844295303
568.24457,321.8666,568.24457,373.6784,600492844408792,600492890880615
474.04117,397.58078,568.24457,393.67947,600492890982021,600492920806605
444.82312,433.84338,568.24457,393.67947,600492920957021,600492953866240
421.06396,431.06787,474.04117,397.58078,600492956249573,600492986656917
410.69403,425.99854,444.82312,425.99854,600492986815511,600493016486917
425.09787,526.36554,425.09787,425.99854,600493018743948,600493051523428
411.81714,457.0218,425.09787,425.99854,600493051828792,600493083050459
432.4794,446.9575,425.09787,446.9575,600493085661500,600493121204000
473.86835,467.11057,425.09787,446.9575,600493123713480,600493157145355
502.0043,406.67395,432.4794,446.9575,600493157229938,600493188429573
493.55557,437.07285,473.86835,446.9575,600493188552177,600493218185146
502.7057,425.97992,493.55557,437.07285,600493218734573,600493251039157
498.32193,423.54132,493.55557,437.07285,600493253560198,600493284790511
498.93497,439.52344,498.32193,437.07285,600493289060771,600493321085719
509.42075,395.98508,498.32193,437.07285,600493321760563,600493353176604
499.1953,378.9366,498.93497,437.07285,600493355174521,600493386877542
497.44,412.79938,498.32193,412.79938,600493388715250,600493418615302
482.4584,432.40582,498.32193,432.40582,600493420931136,600493452220979
546.56537,433.29218,498.32193,432.40582,600493455938740,600493489383688
609.6711,420.06827,498.32193,432.40582,600493490768219,600493523125146
580.2408,406.26053,546.56537,432.40582,600493523249521,600493554978115
637.9524,398.6885,580.2408,420.06827,600493555914052,600493587177646
585.3167,463.66635,580.2408,432.40582,600493587281448,600493617424052
601.0192,377.51898,585.3167,420.06827,600493617589781,600493648572906
566.01624,392.04404,580.2408,420.06827,600493652546761,600493682920459
567.7183,447.99258,580.2408,420.06827,600493684632334,600493716154938
626.519,505.56683,580.2408,420.06827,600493716478323,600493751136761
618.1624,348.05035,580.2408,420.06827,600493753765719,600493792262177
706.87177,455.3698,618.1624,420.06827,600493792357125,600493849916813
692.9547,1388.5293,618.1624,420.06827,600493850015094,600493886987542
722.3535,1363.1638,692.9547,455.3698,600493887064781,600493922406500
741.6658,1405.4299,692.9547,1363.1638,600493922561708,600493955895615
681.6759,1429.1486,692.9547,1363.1638,600493955976240,600493989779833
704.846,1455.1829,692.9547,1405.4299,600493989914781,600494020622906
719.7348,1384.6444,692.9547,1384.6444,600494023759938,600494054894885
682.95667,1347.14,692.9547,1384.6444,600494055688844,600494088858948
694.88446,1546.3467,692.9547,1384.6444,600494090183740,600494119953740
663.7386,1583.5933,692.9547,1384.6444,600494123291865,600494155884260
728.3537,1579.1881,692.9547,1546.3467,600494157675198,600494187378167
696.0681,1571.7931,692.9547,1571.7931,600494189990823,600494219543219
678.3148,1654.0677,692.9547,1571.7931,600494222255250,600494251932385
723.0461,1598.1332,692.9547,1571.7931,600494252626500,600494287064885
711.8383,1642.5092,692.9547,1598.1332,600494287242021,600494321021552
735.2282,1758.8866,711.8383,1598.1332,600494321173010,600494361692229
708.89636,1753.5553,708.89636,1642.5092,600494361802802,600494392346656
668.8685,1820.8916,708.89636,1753.5553,600494392496708,600494424130198
649.7778,1799.221,708.89636,1753.5553,600494424265927,600494457724052
689.62354,1827.3363,689.62354,1799.221,600494457862437,600494491529364
693.23944,1844.4469,693.23944,1799.221,600494491678375,600494522579677
708.1822,1820.86,693.23944,1820.86,600494522713896,600494554758687
686.562,1794.1737,693.23944,1799.221,600494554889521,600494590106500
735.2377,1751.4833,693.23944,1799.221,600494590261864,600494621789052
745.1843,1797.8562,693.23944,1797.8562,600494621945458,600494657192646
691.6955,1848.5988,693.23944,1799.221,600494657357125,600494691897021
763.7714,1779.0808,693.23944,1797.8562,600494692414416,600494725445354
733.8357,1824.7374,693.23944,1799.221,600494725608271,600494758938271
702.3091,1820.9102,702.3091,1799.221,600494759034833,600494794873010
713.28015,1754.457,702.3091,1799.221,600494795234885,600494832683844
720.67194,1821.897,702.3091,1799.221,600494832822906,600494868795718
722.0332,1832.6943,713.28015,1799.221,600494868979885,600494902368948
674.16406,1827.9545,702.3091,1821.897,600494902516656,600494935163010
720.44763,1838.2278,713.28015,1827.9545,600494935341500,600494968139052
696.53253,1850.226,702.3091,1827.9545,600494968334573,600495001502437
684.52704,1888.1287,702.3091,1838.2278,600495001686135,600495032651656
667.34674,1868.1952,696.53253,1850.226,600495032757125,600495067946812
627.0267,1665.0782,684.52704,1838.2278,600495068199729,600495101472593
581.7007,1502.2712,667.34674,1838.2278,600495101631864,600495134044364
546.0428,1511.5247,627.0267,1665.0782,600495134180458,600495171079104
548.3576,1485.6155,581.7007,1511.5247,600495171289208,600495202682645
640.61957,1442.909,627.0267,1511.5247,600495203255718,600495238509885
597.9701,1363.2831,597.9701,1485.6155,600495239509052,600495276780718
610.2236,1317.2699,610.2236,1442.909,600495277501395,600495308449833
589.0401,1484.3762,597.9701,1484.3762,600495308643062,600495340049989
601.436,1385.8193,601.436,1442.909,600495340233166,600495369827489
592.32764,1363.8075,597.9701,1442.909,600495369976031,600495401126708
605.58997,1435.2675,601.436,1435.2675,600495401281187,600495432908791
569.0521,1467.9406,597.9701,1442.909,600495433058375,600495465703427
646.0271,1451.4971,601.436,1442.909,600495465878843,600495498607958
592.97675,1413.7407,597.9701,1442.909,600495498748635,600495531341604
585.5968,1452.6699,597.9701,1442.909,600495531457645,600495563579885
392.8989,1488.4003,592.97675,1442.909,600495563711239,600495596686552
362.26337,1481.7389,585.5968,1452.6699,600495596757958,600495630049572
349.6754,1468.5348,392.8989,1468.5348,600495631062958,600495664284624
311.40384,1439.6777,362.26337,1452.6699,600495664410093,600495698028010
309.46448,1440.9991,349.6754,1452.6699,600495698213999,600495729171083
304.90192,1527.6289,311.40384,1452.6699,600495730782072,600495762242854
284.61935,1523.8994,309.46448,1452.6699,600495762328270,600495793347906
278.9227,1557.3141,304.90192,1523.8994,600495793432801,600495829797437
267.72382,1544.9158,284.61935,1523.8994,600495829966551,600495866752593
291.43256,1585.2782,291.43256,1544.9158,600495866863322,600495898890301
351.9423,1562.1613,291.43256,1544.9158,600495899043739,600495930764104
339.4353,1412.2222,291.43256,1544.9158,600495930927854,600495962132020
300.86972,1409.4779,300.86972,1544.9158,600495962295458,600495994784781
451.49127,1419.5548,300.86972,1419.5548,600495994862176,600496025333635
583.5779,1047.4807,300.86972,1419.5548,600496026034624,600496056990718
542.65295,724.30035,451.49127,1419.5548,600496057084156,600496089917437
495.16635,293.83905,495.16635,1047.4807,600496089986239,600496122479833
466.41708,315.21747,466.41708,724.30035,600496122624781,600496154911083
458.8378,331.8602,466.41708,331.8602,600496155093218,600496186436499
463.31808,337.93494,466.41708,337.93494,600496186626447,600496219341499
456.57278,332.82526,463.31808,332.82526,600496219517020,600496249618062
457.59854,335.86255,463.31808,335.86255,600496249742958,600496282906655
513.711,297.91968,463.31808,332.82526,600496284339885,600496317930926
549.5175,320.66406,463.31808,332.82526,600496318062905,600496348730614
514.9472,310.73447,513.711,320.66406,600496348820093,600496380722385
469.3344,375.15958,469.3344,332.82526,600496382772280,600496417666135
466.68207,318.63177,469.3344,320.66406,600496417814989,600496449644468
584.5081,360.74203,469.3344,332.82526,600496454195510,600496485338791
589.88477,341.74808,469.3344,332.82526,600496485413895,600496515016812
601.55804,297.1194,584.5081,332.82526,600496517632749,600496548791187
596.78937,290.77808,589.88477,332.82526,600496552287905,600496581549364
578.42865,334.8661,584.5081,332.82526,600496585494937,600496616191968
575.87714,348.4775,584.5081,332.82526,600496618413166,600496659113374
563.1254,364.67572,578.42865,334.8661,600496660575249,600496694922957
559.44965,366.12265,575.87714,348.4775,600496695103687,600496738475718
589.91534,375.77878,578.42865,364.67572,600496738616082,600496771295874
589.73334,374.45505,578.42865,366.12265,600496771461134,600496803519364
594.60474,339.54456,589.73334,364.67572,600496803659259,600496835640197
587.5163,357.6197,587.5163,364.67572,600496835754520,600496866251395
585.7497,367.60803,587.5163,364.67572,600496866691343,600496897903478
541.8038,381.06482,587.5163,364.67572,600496898031759,600496930356655
572.6261,363.79672,585.7497,364.67572,600496930541186,600496963743895
598.033,376.95004,587.5163,364.67572,600496963893061,600496996462541
602.62537,395.75546,587.5163,364.67572,600496996610718,600497028184676
602.93475,414.39886,598.033,376.95004,600497028298426,600497059455561
621.9175,385.35754,602.62537,385.35754,600497061042384,600497094742853
595.41583,360.7052,598.033,376.95004,600497094868322,600497142661343
587.95135,376.11288,598.033,376.95004,600497143572957,600497180360666
539.19574,357.9111,595.41583,376.11288,600497180561863,600497213360926
572.79346,385.27658,587.95135,376.95004,600497213532488,600497243013166
585.39386,363.40445,585.39386,376.11288,600497243355145,600497274905926
649.8926,397.5773,587.95135,376.95004,600497274998530,600497308763426
621.87256,408.4689,587.95135,376.95004,600497308870197,600497343294468
602.4375,438.2406,602.4375,397.5773,600497343484051,600497378458582
671.5533,391.8959,602.4375,391.8959,600497378625197,600497409172593
716.1388,383.73526,602.4375,391.8959,600497409276603,600497468609103
687.18286,410.14688,671.5533,391.8959,600497468745405,600497503626238
695.13245,382.27005,687.18286,391.8959,600497503738165,600497535479103
672.237,404.79077,672.237,391.8959,600497535661134,600497568560665
666.1358,432.11542,672.237,391.8959,600497568718738,600497603690978
681.41656,398.7871,672.237,398.7871,600497603991238,600497633041447
672.5315,462.1296,672.237,398.7871,600497633145353,600497666644832
741.7179,360.26526,672.5315,398.7871,600497669508686,600497699266499
829.777,306.41385,672.5315,398.7871,600497699445509,600497737095197
806.8868,277.1509,741.7179,360.26526,600497737229728,600497768219415
830.2376,250.08934,806.8868,306.41385,600497768352436,600497802082280
812.2679,259.44525,806.8868,277.1509,600497802230144,600497836820353
833.93335,320.2381,812.2679,306.41385,600497837006447,600497871266447
817.1278,270.92404,812.2679,277.1509,600497871400197,600497902934467
865.5439,298.6331,817.1278,298.6331,600497903119207,600497933896082
861.5447,330.61203,817.1278,298.6331,600497934051811,600497968285249
864.7855,316.29126,861.5447,298.6331,600497968471030,600498002735926
581.31006,581.5631,817.1278,316.29126,600498002925509,600498036477384
423.25113,1787.5121,817.1278,316.29126,600498036592853,600498067648269
575.1482,2026.3752,581.31006,581.5631,600498067748217,600498097614103
592.72314,1840.159,592.72314,1787.5121,600498098503478,600498130478426
645.00977,1825.1351,592.72314,1825.1351,600498130571915,600498162722071
661.01404,1812.9773,592.72314,1812.9773,600498162859311,600498197558217
661.94495,1774.1238,645.00977,1812.9773,600498197676030,600498229646238
666.03864,1795.4169,661.01404,1812.9773,600498229812592,600498261987436
670.309,1772.9956,661.94495,1795.4169,600498262155978,600498297105873
686.49475,1805.1185,666.03864,1805.1185,600498297227019,600498328179259
691.94916,1790.9446,670.309,1795.4169,600498328288061,600498361717592
670.2116,1790.617,670.2116,1795.4169,600498361884103,600498396514363
706.8316,1812.1088,670.309,1795.4169,600498396719363,600498429425144
678.26074,1801.2848,670.309,1795.4169,600498429520613,600498462595092
719.14764,1727.3413,678.26074,1795.4169,600498462747228,600498495307228
676.90015,1708.6974,676.90015,1795.4169,600498495478425,600498530068217
242.42107,1863.9186,676.90015,1795.4169,600498530251759,600498562710873
216.15541,1798.4565,676.90015,1795.4169,600498563203686,600498597758425
209.95474,1766.7109,242.42107,1795.4169,600498598723998,600498631004311
247.44911,1794.0507,247.44911,1795.4169,600498631169519,600498663702800
228.8473,1835.1061,242.42107,1795.4169,600498663865509,600498696514988
254.7487,1862.7338,247.44911,1795.4169,600498696649623,600498733046342
210.18115,1873.2344,242.42107,1835.1061,600498733221238,600498766637332
202.74709,1899.5417,242.42107,1862.7338,600498766809936,600498799522696
191.61049,1871.1057,210.18115,1871.1057,600498799682488,600498832230717
216.44908,1825.7708,216.44908,1862.7338,600498832427957,600498867634675
190.61006,1795.2505,210.18115,1862.7338,600498867731863,600498897467436
421.97214,1474.3486,216.44908,1825.7708,600498897564675,600498927538790
747.4252,477.35168,216.44908,1795.2505,600498927704779,600498960151550
733.541,317.46588,421.97214,1474.3486,600498960307904,600498993584050
707.01215,292.59164,707.01215,477.35168,600498993728321,600499026267488
712.26215,308.74557,707.01215,317.46588,600499026404779,600499062588009
696.70154,333.4424,707.01215,333.4424,600499062711342,600499093928998
763.08026,339.94287,707.01215,333.4424,600499094062956,600499129348529
714.9963,300.78845,707.01215,333.4424,600499129498529,600499166138998
703.7546,283.31955,707.01215,333.4424,600499166272696,600499203307175
701.4244,302.22437,707.01215,302.22437,600499203512384,600499236847175
729.2521,291.4573,707.01215,302.22437,600499237050769,600499270071915
736.33453,301.36197,707.01215,302.22437,600499270196863,600499299087175
722.85754,302.2702,722.85754,302.22437,600499299268217,600499330367644
740.3284,327.26053,722.85754,302.22437,600499330482436,600499363975248
726.458,309.14023,722.85754,302.2702,600499364160613,600499394117488
711.1377,299.19955,722.85754,302.22437,600499394266602,600499425965925
806.56903,324.17493,722.85754,302.2702,600499426103894,600499459260821
759.48517,333.7307,722.85754,302.2702,600499459438790,600499490377383
748.23364,311.27994,748.23364,311.27994,600499490540873,600499526801290
779.7912,336.8182,748.23364,311.27994,600499526915821,600499559484831
752.2957,328.8694,748.23364,311.27994,600499559613060,600499592444571
345.17932,535.2191,748.23364,328.8694,600499592587175,600499625701446
334.32718,523.17487,748.23364,328.8694,600499625841706,600499657427071
334.0437,546.4907,345.17932,523.17487,600499657598998,600499695130092
326.1369,512.75824,334.32718,512.75824,600499695273737,600499728163321
312.66284,526.81464,334.0437,523.17487,600499728347956,600499761804935
285.90674,501.948,326.1369,512.75824,600499761953425,600499793617331
349.16934,514.72205,334.0437,514.72205,600499793704050,600499826499467
359.9002,511.3445,334.0437,512.75824,600499826591342,600499858029415
315.66666,532.84625,334.0437,514.72205,600499858219571,600499889189571
331.7893,571.6625,334.0437,514.72205,600499889306185,600499922877956
384.73218,706.8033,334.0437,532.84625,600499923055196,600499966253269
460.55338,711.9877,334.0437,571.6625,600499966387383,600500001065196
497.69702,776.2304,384.73218,706.8033,600500001175925,600500039125612
499.80988,804.1424,460.55338,711.9877,600500039236914,600500082458477
475.15884,810.4331,475.15884,776.2304,600500082558477,600500116251185
527.23987,784.5441,475.15884,784.5441,600500116409883,600500150300508
486.82306,803.3648,475.15884,784.5441,600500150409258,600500183629987
531.3739,777.446,486.82306,784.5441,600500183840091,600500218709466
532.8722,746.1849,486.82306,784.5441,600500218865664,600500264733269
540.421,838.71735,531.3739,784.5441,600500264934831,600500297083789
556.7533,721.64856,532.8722,784.5441,600500297257123,600500331720664
708.5487,334.9284,540.421,784.5441,600500331868685,600500364657487
711.3146,297.73303,556.7533,721.64856,600500364862331,600500398643737
720.1926,336.6606,708.5487,336.6606,600500398834935,600500432124466
726.26117,297.01862,711.3146,336.6606,600500432255873,600500475552852
731.94165,277.50092,720.1926,336.6606,600500475697696,600500508993112
730.10925,294.84647,726.26117,297.01862,600500509152435,600500540995196
707.4921,300.51736,720.1926,300.51736,600500541148789,600500578512070
716.857,299.94952,720.1926,299.94952,600500578619310,600500610481602
741.1942,279.41507,720.1926,299.94952,600500610657591,600500641672070
750.4013,266.8644,720.1926,299.94952,600500641807227,600500675259623
740.39307,255.66255,740.39307,279.41507,600500676509310,600500706794414
760.5078,256.3448,740.39307,266.8644,600500706928998,600500739290664
765.59,269.9736,740.39307,269.9736,600500739485508,600500770719935
773.32367,273.274,760.5078,269.9736,600500770850716,600500803963633
741.7347,274.51715,741.7347,269.9736,600500804240925,600500835791289
744.19507,263.59137,744.19507,269.9736,600500835872070,600500866557643
714.4655,279.34573,741.7347,269.9736,600500866702852,600500899800195
568.40137,505.6495,741.7347,269.9736,600500899931237,600500930692331
582.7735,477.61963,714.4655,279.34573,600500930816550,600500962697539
527.9914,576.4774,582.7735,477.61963,600500962810091,600500995842904
329.89023,1798.9739,582.7735,477.61963,600500995935247,600501027573424
309.20087,2130.6785,527.9914,576.4774,600501027674779,600501059221341
359.39755,1957.9052,359.39755,1798.9739,600501059364779,600501091846914
469.84802,2102.0,469.84802,1957.9052,600501091948841,600501124240299
483.34174,2218.6392,469.84802,1957.9052,600501124369362,600501158029622
510.8838,2074.873,469.84802,2074.873,600501158177435,600501190208268
476.14655,1934.9371,476.14655,1957.9052,600501190392695,600501224425612
526.1707,1849.603,476.14655,1957.9052,600501224606393,600501255851133
478.42776,1870.2052,476.14655,1934.9371,600501255969049,600501289271966
464.23346,1772.7805,476.14655,1870.2052,600501289418789,600501321351601
499.7031,1766.2677,476.14655,1870.2052,600501321632070,600501355721654
460.51453,1882.5938,476.14655,1870.2052,600501355888268,600501408529206
482.44952,1891.7611,476.14655,1870.2052,600501408619674,600501443830820
466.85147,1869.7075,476.14655,1870.2052,600501443916133,600501474008997
471.27017,1905.739,476.14655,1870.2052,600501477815924,600501507248476
440.6505,1895.197,471.27017,1870.2052,600501514087643,600501548021341
473.20056,1858.7189,473.20056,1870.2052,600501548103216,600501580601341
532.4433,1702.0814,473.20056,1870.2052,600501580758372,600501615430403
541.3012,1705.036,473.20056,1858.7189,600501616871549,600501651169830
514.17914,1719.8727,514.17914,1719.8727,600501651247695,600501684861497
546.3072,1749.0765,514.17914,1749.0765,600501684976133,600501720169205
577.40533,1698.7773,514.17914,1719.8727,600501720352330,600501755507487
569.1594,1698.371,546.3072,1719.8727,600501755673424,600501790637903
561.63416,1732.8075,561.63416,1719.8727,600501790806914,600501825318997
564.6701,1735.5927,561.63416,1719.8727,600501825465976,600501856847122
553.8388,1728.2063,561.63416,1728.2063,600501857009778,600501890413164
572.57654,1663.5444,561.63416,1719.8727,600501890978997,600501926582851
568.41547,1692.7765,561.63416,1719.8727,600501926709205,600501957657799
566.7184,1697.0997,566.7184,1697.0997,600501957783424,600501988723528
522.2711,1698.5862,561.63416,1698.5862,600501988881237,600502022391289
558.0697,1645.113,561.63416,1697.0997,600502022515768,600502055955039
537.99457,1648.3889,558.0697,1697.0997,600502056155716,600502090028580
553.02936,1672.1726,558.0697,1672.1726,600502090193789,600502121765039
607.1665,1608.1522,558.0697,1672.1726,600502121922018,600502153523164
557.1259,1557.0809,558.0697,1672.1726,600502153656028,600502186770247
574.087,1597.3618,558.0697,1608.1522,600502186901289,600502219507591
561.2893,1620.2904,558.0697,1620.2904,600502219667591,600502252531966
733.48425,538.96344,561.2893,1608.1522,600502252670872,600502289550507
673.5799,346.0892,561.2893,1608.1522,600502289686497,600502322373684
695.76855,326.22314,673.5799,538.96344,600502322513893,600502353551393
706.9102,358.44656,673.5799,358.44656,600502353958216,600502390252278
715.78296,335.21222,695.76855,358.44656,600502392386914,600502424608164
734.9635,321.92194,706.9102,358.44656,600502424760351,600502455861445
712.1351,303.35855,712.1351,335.21222,600502455997955,600502487139309
714.6922,312.73978,712.1351,321.92194,600502487288372,600502522207226
720.4144,305.75574,712.1351,312.73978,600502522354101,600502553731028
633.08636,1261.7783,712.1351,321.92194,600502553897643,600502587271601
610.26514,1533.4193,712.1351,321.92194,600502587404257,600502619745924
608.144,1619.4923,633.08636,1261.7783,600502619896028,600502654504101
574.156,1655.4192,610.26514,1533.4193,600502654629257,600502687857278
594.22375,1686.036,608.144,1619.4923,600502687985559,600502720837070
574.32263,1710.3866,594.22375,1655.4192,600502720994882,600502755502486
589.83704,1686.2535,594.22375,1686.036,600502755665195,600502787372226
610.64453,1666.2008,594.22375,1666.2008,600502787537070,600502820662018
580.02313,1722.1251,594.22375,1686.036,600502820809882,600502854833163
579.89594,1756.9763,594.22375,1686.036,600502855012226,600502889378945
556.6705,1682.5172,580.02313,1686.036,600502889526184,600502921514205
560.71985,1653.9634,579.89594,1686.036,600502921675247,600502955390038
533.96826,1700.2136,560.71985,1686.036,600502955511132,600502987278997
491.0276,1724.191,560.71985,1686.036,600502987419309,600503020906340
491.5213,1737.8748,533.96826,1700.2136,600503031099309,600503063245611
467.01465,1798.6298,491.5213,1724.191,600503063339257,600503093016809
482.71414,1831.8005,491.5213,1737.8748,600503093205715,600503125475455
484.80676,1770.3773,484.80676,1770.3773,600503125642330,600503155747382
503.83994,1789.7875,491.5213,1770.3773,600503155880663,600503186739361
488.20605,1817.8784,488.20605,1770.3773,600503186900403,600503218909153
481.17374,1790.2379,488.20605,1789.7875,600503220724726,600503253647069
489.69714,1807.5027,488.20605,1790.2379,600503253744882,600503292240038
462.19162,1808.623,488.20605,1790.2379,600503292373632,600503323373111
502.71045,1794.685,488.20605,1794.685,600503323477382,600503355842747
458.44635,1792.2751,488.20605,1792.2751,600503355944622,600503386347851
498.04343,1739.7076,488.20605,1792.2751,600503386437799,600503419956444
505.05063,1771.9933,488.20605,1792.2751,600503420144309,600503451819309
502.4604,1770.0242,498.04343,1771.9933,600503452044361,600503483182121
502.95645,1726.222,502.4604,1771.9933,600503483315976,600503517517903
530.2824,1650.3782,502.4604,1770.0242,600503517601132,600503554717121
475.69754,584.9978,502.4604,1726.222,600503554889101,600503590262903
515.22565,577.57587,502.4604,1650.3782,600503590349101,600503622349986
556.66394,585.8689,502.4604,585.8689,600503622448632,600503653311705
498.3083,615.28174,502.4604,615.28174,600503654382955,600503687529309
428.3118,1545.8508,502.4604,615.28174,600503687659569,600503721284153
480.853,1371.529,498.3083,615.28174,600503721452278,600503764602278
425.5936,1635.6234,480.853,1371.529,600503764699778,600503794936080
522.7986,1040.1627,498.3083,1040.1627,600503795049569,600503825796913
553.6462,638.4954,498.3083,1040.1627,600503825914205,600503857056340
525.4553,477.9801,522.7986,1040.1627,600503857153684,600503889541861
590.0814,407.82083,525.4553,638.4954,600503889636705,600503921848788
599.14166,411.29852,525.4553,477.9801,600503923157903,600503956216653
585.29474,410.11627,585.29474,411.29852,600503956312017,600503987398892
592.1175,349.44595,585.29474,411.29852,600503988133163,600504019359517
603.32544,314.22794,585.29474,410.11627,600504019481705,600504052848059
561.73395,226.90117,585.29474,349.44595,600504053452538,600504086684777
605.89044,232.55003,585.29474,314.22794,600504086843319,600504123241184
575.20404,241.01862,585.29474,241.01862,600504123379257,600504159133215
587.9692,203.02179,585.29474,241.01862,600504160471705,600504192727694
615.6144,228.0288,585.29474,241.01862,600504192849830,600504226059569
572.67633,231.38301,585.29474,231.38301,600504226213371,600504262412382
537.2128,279.88272,585.29474,241.01862,600504262539413,600504293857746
528.5221,261.7967,572.67633,241.01862,600504294044829,600504330956757
497.81516,294.77832,537.2128,261.7967,600504331855975,600504364899777
508.33127,299.49957,528.5221,261.7967,600504365036548,600504410974777
543.97754,298.3472,537.2128,294.77832,600504411083111,600504444450559
557.79956,323.64566,537.2128,298.3472,600504444606340,600504481689465
513.96497,296.22195,537.2128,296.22195,600504481804256,600504542758527
343.2323,1630.342,537.2128,298.3472,600504542840715,600504577058059
342.2877,1609.9385,513.96497,298.3472,600504577157642,600504612647590
336.9535,1586.8201,343.2323,1586.8201,600504612743788,600504648635038
334.05496,1617.3827,342.2877,1586.8201,600504648798371,600504681074934
319.79877,1647.2559,336.9535,1586.8201,600504681164569,600504715239361
321.7426,1633.6349,334.05496,1617.3827,600504716999725,600504751484621
583.61896,1526.9374,336.9535,1586.8201,600504751617902,600504783413892
507.1014,1522.6537,336.9535,1586.8201,600504783563840,600504819455298
522.83746,1469.4825,507.1014,1526.9374,600504819821965,600504851739673
514.42706,1505.4762,507.1014,1522.6537,600504851886548,600504886327121
534.21625,1456.4565,514.42706,1505.4762,600504886592902,600504921861704
581.2469,1525.4556,514.42706,1522.6537,600504921971079,600504952783944
527.22614,1460.3057,527.22614,1505.4762,600504952944517,600504985549725
595.5852,1456.698,527.22614,1505.4762,600504985716340,600505018647173
539.4725,1390.8098,527.22614,1460.3057,600505018813840,600505049676496
535.5708,1443.937,535.5708,1456.698,600505049845506,600505080385767
542.3268,1470.9597,535.5708,1460.3057,600505081175298,600505114203579
552.78796,1440.0568,535.5708,1456.698,600505115018527,600505156732017
541.79645,1465.2867,541.79645,1460.3057,600505156914100,600505190482121
597.98865,1550.6068,541.79645,1460.3057,600505190596183,600505232918319
578.5911,1518.1066,541.79645,1465.2867,600505233099100,600505265472590
583.9962,1594.1079,578.5911,1518.1066,600505265630194,600505297736912
669.7118,1795.4135,578.5911,1518.1066,600505297867746,600505331327902
623.8402,1909.1398,583.9962,1594.1079,600505331515767,600505361865767
596.68256,1894.6147,596.68256,1795.4135,600505361973631,600505393383579
673.3613,1893.3115,596.68256,1893.3115,600505393493423,600505425579933
626.94366,1974.0314,596.68256,1893.3115,600505425747954,600505460816027
681.9281,1983.7817,626.94366,1893.3115,600505460907277,600505495466704
649.7854,1981.2373,626.94366,1974.0314,600505496596235,600505539949256
736.2117,1955.3751,649.7854,1955.3751,600505540108162,600505572300766
698.295,1948.8746,649.7854,1955.3751,600505572404100,600505602959933
714.6443,1964.9856,698.295,1955.3751,600505603832381,600505634257121
652.55334,1959.0413,652.55334,1955.3751,600505634454516,600505667011860
655.6986,2023.0757,655.6986,1959.0413,600505667152798,600505697240246
635.5624,1865.5806,652.55334,1955.3751,600505697397329,600505728028579
625.9129,1812.6246,652.55334,1955.3751,600505728132694,600505764720714
601.1574,1713.0725,635.5624,1865.5806,600505764878006,600505798610454
576.7132,1636.2562,625.9129,1812.6246,600505798796964,600505833147693
604.037,1728.657,604.037,1728.657,600505833332121,600505863467954
576.7923,1689.0654,604.037,1728.657,600505863591131,600505904553579
618.03076,1641.2727,604.037,1728.657,600505904657225,600505935759308
565.16223,1654.4808,604.037,1689.0654,600505935959725,600505967464100
592.18396,1659.5883,604.037,1659.5883,600505967612954,600506000090506
628.7885,1649.0585,604.037,1659.5883,600506000248787,600506031431183
587.6747,1664.5704,604.037,1659.5883,600506031614620,600506063856652
590.5374,1674.4235,604.037,1659.5883,600506063988943,600506094195402
785.36304,1337.4763,604.037,1659.5883,600506094315818,600506131437068
652.9376,450.11288,604.037,1659.5883,600506131540089,600506163073423
638.45624,400.94858,638.45624,1337.4763,600506163261600,600506196210818
693.44226,406.0265,638.45624,450.11288,600506196362173,600506242964464
759.5607,355.31323,638.45624,406.0265,600506243068527,600506275520089
749.4596,342.24063,693.44226,406.0265,600506275621079,600506308720922
701.40125,319.6385,701.40125,355.31323,600506308824256,600506341239620
681.93036,340.79733,693.44226,342.24063,600506341337068,600506375049204
653.38556,389.78195,693.44226,355.31323,600506375145714,600506407425193
640.88104,329.89624,681.93036,342.24063,600506408722537,600506439142797
579.66077,339.46793,653.38556,342.24063,600506442668058,600506484330610
537.01636,310.03793,640.88104,339.46793,600506486001339,600506518060402
542.52094,294.8132,579.66077,339.46793,600506518159360,600506552698214
521.8407,293.43204,542.52094,310.03793,600506552859933,600506583284620
516.50836,305.63812,542.52094,305.63812,600506583443995,600506616975974
527.8502,303.48288,527.8502,305.63812,600506617124308,600506659449777
550.6279,333.90036,542.52094,305.63812,600506659559308,600506691606287
542.14484,298.738,542.14484,305.63812,600506691728995,600506723289881
578.5498,305.7269,542.52094,305.63812,600506723412745,600506753957693
528.1461,297.4394,542.14484,305.63812,600506754103631,600506785574672
522.86755,303.4666,542.14484,305.63812,600506785735089,600506818349047
508.66043,357.6986,528.1461,305.63812,600506818446704,600506849816912
535.7246,549.0811,535.7246,305.63812,600506849980297,600506882002641
527.75433,1117.21,528.1461,357.6986,600506882146495,600506913674464
532.3154,1069.7098,532.3154,549.0811,600506913759568,600506945270922
527.9271,1128.5101,528.1461,1069.7098,600506945416964,600506975986131
502.98654,1093.7395,528.1461,1069.7098,600506976923839,600507012427797
501.93646,1144.1771,527.9271,1093.7395,600507012508683,600507048936287
480.9826,1018.9851,502.98654,1069.7098,600507049031131,600507080441131
502.78946,1013.6043,502.78946,1069.7098,600507082878214,600507115294933
480.07245,1097.5474,502.78946,1069.7098,600507115441703,600507146515818
512.2205,1188.5093,502.78946,1069.7098,600507148246078,600507182322537
468.09543,1045.0614,502.78946,1069.7098,600507182497068,600507221065401
493.07724,1125.4857,502.78946,1069.7098,600507221178162,600507258970141
544.01917,1024.6967,502.78946,1069.7098,600507259079516,600507291468787
525.15643,957.10785,502.78946,1069.7098,600507291564880,600507325652120
546.6918,959.0233,525.15643,1024.6967,600507326997172,600507359360297
532.30756,954.4987,525.15643,959.0233,600507359758474,600507391994568
566.4598,993.5716,532.30756,993.5716,600507392160037,600507452894099
569.1869,1062.274,532.30756,993.5716,600507453000714,600507488165193
554.9291,1068.2095,554.9291,993.5716,600507488267380,600507527116495
555.9808,1125.8348,554.9291,1062.274,600507527225714,600507563662484
598.88525,1003.3437,554.9291,1003.3437,600507563910766,600507594552589
560.5961,1065.2147,555.9808,1062.274,600507594682797,600507633171703
589.7596,972.8937,560.5961,1003.3437,600507634478891,600507668051547
495.93198,1216.9784,555.9808,1062.274,600507668138370,600507698759984
425.4176,1478.1423,555.9808,1062.274,600507698937224,600507730697537
402.105,1580.2122,495.93198,1216.9784,600507730851807,600507763521286
423.5762,1563.6188,425.4176,1478.1423,600507764135974,600507794388839
422.60886,1602.5381,423.5762,1563.6188,600507794569828,600507825049776
416.63593,1611.3092,423.5762,1563.6188,600507826114151,600507860174203
436.79987,1612.2426,423.5762,1602.5381,600507860297120,600507891676026
447.4152,1565.6906,423.5762,1565.6906,600507891785766,600507925128682
493.39706,1640.3677,436.79987,1602.5381,600507925281234,600507955602484
499.71338,1632.6793,447.4152,1602.5381,600507955725245,600507987115401
495.41455,1596.648,493.39706,1602.5381,600507987210401,600508019823682
508.23068,1674.2566,495.41455,1602.5381,600508019942484,600508051846547
611.7755,591.07556,495.41455,1602.5381,600508052047172,600508090307432
616.10345,303.47284,508.23068,1602.5381,600508090450141,600508118615505
620.50775,306.97714,611.7755,591.07556,600508118805297,600508150502901
609.4357,263.274,609.4357,306.97714,600508150661338,600508183361026
611.57654,330.67023,611.57654,330.67023,600508183545088,600508214618370
610.05334,302.49792,610.05334,306.97714,600508214793005,600508246206026
590.7043,300.81534,610.05334,306.97714,600508246340974,600508279207484
622.6016,264.19354,610.05334,302.49792,600508279316286,600508313062849
615.8348,284.01663,610.05334,300.81534,600508313190974,600508345699515
595.318,316.51132,610.05334,302.49792,600508345871963,600508379978422
637.0064,283.02582,610.05334,300.81534,600508380206495,600508411004255
598.74426,323.84204,610.05334,302.49792,600508411128474,600508443485349
654.39264,362.59106,610.05334,302.49792,600508443633161,600508474660036
678.05853,393.87445,610.05334,323.84204,600508475716338,600508512376807
665.51715,352.17236,654.39264,352.17236,600508512568317,600508547025713
692.26215,345.58792,665.51715,345.58792,600508548327901,600508581438317
698.86,348.41254,665.51715,348.41254,600508581544724,600508613236651
638.195,346.5387,665.51715,346.5387,600508613344359,600508646873369
652.9136,447.059,665.51715,348.41254,600508647522328,600508678597276
663.7085,362.90933,663.7085,348.41254,600508678718890,600508713555036
711.1506,350.86905,665.51715,350.86905,600508713703838,600508745363526
667.9791,339.0632,665.51715,348.41254,600508745490557,600508777750453
579.3261,390.9566,665.51715,350.86905,600508777903422,600508809529776
618.714,473.4777,665.51715,350.86905,600508810072536,600508844622328
579.27814,446.6322,618.714,390.9566,600508844804099,600508880724151
593.1753,472.27374,618.714,446.6322,600508880898578,600508914938942
585.5589,441.2595,593.1753,441.2595,600508915017744,600508948951807
604.87915,455.9642,604.87915,446.6322,600508949055036,600508982061859
593.7373,411.19452,593.7373,441.2595,600508982175192,600509016281546
309.19626,1126.1749,593.7373,446.6322,600509016385453,600509065453994
441.96442,1799.7969,593.7373,446.6322,600509066467536,600509099002796
507.66208,1757.1268,507.66208,1126.1749,600509099176911,600509131383838
495.02948,1777.123,507.66208,1757.1268,600509131556286,600509162970140
512.5658,1754.7819,507.66208,1754.7819,600509163158317,600509193879828
501.9373,1749.0083,507.66208,1754.7819,600509194083578,600509226029359
472.28876,1754.1932,507.66208,1754.7819,600509226225973,600509266083890
527.143,1784.2158,507.66208,1754.7819,600509266243213,600509297121338
564.08887,1723.1105,507.66208,1754.7819,600509297247953,600509326704046
504.40128,1609.0913,507.66208,1754.7819,600509326869723,600509360096078
498.23163,1644.5863,507.66208,1723.1105,600509360298525,600509397774463
473.34317,1622.9127,504.40128,1644.5863,600509398704150,600509430113057
475.07166,1630.5302,498.23163,1644.5863,600509430807848,600509460921338
501.17886,1617.2994,501.17886,1630.5302,600509461076963,600509492094307
475.44,1673.4402,498.23163,1644.5863,600509492292692,600509525093473
418.96594,1647.2013,498.23163,1644.5863,600509525277536,600509555197327
448.2273,1651.8395,475.44,1647.2013,600509555650244,600509586119619
493.5804,1736.4836,493.5804,1647.2013,600509586237848,600509617315661
499.07025,1667.9176,493.5804,1651.8395,600509617430609,600509653152640
555.7533,1651.0701,493.5804,1651.0701,600509653276755,600509684731598
489.18866,1701.8337,493.5804,1651.8395,600509684832067,600509717664567
535.07465,1615.8073,493.5804,1651.0701,600509717771286,600509748787327
561.3764,1635.9875,493.5804,1651.0701,600509748948629,600509781953369
596.16284,1577.409,535.07465,1635.9875,600509782787952,600509818410504
600.6067,1590.0643,561.3764,1635.9875,600509818595088,600509850669775
591.38043,1561.5819,591.38043,1590.0643,600509850846077,600509883368369
602.62946,1603.0078,591.38043,1603.0078,600509883561390,600509917044202
633.2731,1659.256,591.38043,1603.0078,600509917146234,600509965695400
637.0417,1671.6993,602.62946,1603.0078,600509965782796,600510000653838
631.03723,1681.1562,631.03723,1659.256,600510000831234,600510034757900
612.0151,1655.3192,612.0151,1655.3192,600510038189463,600510073751911
639.1549,1737.555,631.03723,1659.256,600510073921129,600510105303681
477.28754,1712.4664,612.0151,1659.256,600510105853161,600510141969723
488.05414,1781.5098,612.0151,1712.4664,600510142106338,600510179500973
510.27164,1792.784,510.27164,1712.4664,600510179648629,600510214833786
504.3962,1752.7377,510.27164,1752.7377,600510215417952,600510266911754
519.7499,1630.6285,510.27164,1712.4664,600510267012692,600510295827588
508.86496,1644.295,510.27164,1712.4664,600510307134411,600510341101077
520.5465,1633.7393,510.27164,1644.295,600510341244827,600510370418161
515.5561,1614.6769,510.27164,1644.295,600510372384306,600510402865608
636.5474,680.0362,515.5561,1633.7393,600510402960556,600510435423421
594.91187,445.40897,515.5561,1614.6769,600510435523473,600510465980452
545.35474,475.94138,545.35474,680.0362,600510466986598,600510498456494
585.1532,490.33234,545.35474,490.33234,600510502383108,600510534956754
571.5329,436.4164,545.35474,490.33234,600510535745035,600510567282588
655.40924,616.3385,571.5329,490.33234,600510568198473,600510607099515
435.04688,1538.9896,545.35474,490.33234,600510607267952,600510641615140
370.34763,1981.4642,545.35474,616.3385,600510647917275,600510679884827
411.46967,1018.0885,435.04688,1018.0885,600510680095140,600510713548942
530.6914,1380.45,530.6914,1018.0885,600510713693733,600510747730660
588.0178,1045.048,530.6914,1018.0885,600510747904515,600510796349254
568.8947,730.5645,530.6914,1018.0885,600510796461598,600510827351910
592.0974,653.37885,568.8947,1018.0885,600510827523681,600510857727067
550.826,618.17535,550.826,730.5645,600510857903421,600510889835973
521.6743,537.265,550.826,653.37885,600510890005244,600510919640973
541.1894,538.05145,550.826,618.17535,600510919963108,600510955127275
544.5179,528.4378,544.5179,538.05145,600510955307796,600510985858629
515.08044,448.85663,544.5179,538.05145,600510985972275,600511030056702
503.96454,284.35754,544.5179,528.4378,600511030213525,600511061687431
508.52478,255.6786,515.08044,448.85663,600511061843837,600511095323889
531.33923,286.25592,531.33923,286.25592,600511095524462,600511132077952
560.00287,265.45227,531.33923,286.25592,600511132279202,600511163706962
561.80115,275.87912,531.33923,286.25592,600511163919775,600511197687327
539.0402,283.1987,539.0402,283.1987,600511197869671,600511231267483
505.34656,261.6691,531.33923,283.1987,600511231415087,600511296661233
546.3226,309.3779,539.0402,283.1987,600511296764462,600511329224150
520.8983,305.08652,531.33923,283.1987,600511329414202,600511360367275
522.1532,289.10913,531.33923,289.10913,600511360570660,600511395994618
534.2191,269.68958,531.33923,283.1987,600511396172327,600511427133733
549.2415,278.09335,531.33923,283.1987,600511427306285,600511460046702
546.2946,302.07074,534.2191,283.1987,600511460149514,600511492649879
564.6564,283.23538,546.2946,283.1987,600511494525348,600511528730608
574.33624,290.82922,546.2946,283.23538,600511529068420,600511559686962
562.5229,280.6998,562.5229,283.1987,600511559802223,600511591764827
543.64325,271.64783,546.2946,283.1987,600511591887587,600511622072900
575.707,295.34476,562.5229,283.1987,600511622234566,600511657330348
549.2538,285.23636,549.2538,283.1987,600511657515295,600511688055191
584.2416,312.12234,562.5229,285.23636,600511688208577,600511718307483
547.16766,312.17377,549.2538,285.23636,600511718421702,600511751641337
568.0584,385.93216,562.5229,312.12234,600511751762275,600511787193108
563.33685,407.34656,562.5229,312.17377,600511787370452,600511826155347
499.60953,412.08813,562.5229,385.93216,600511826256129,600511857121025
515.04913,415.68552,562.5229,407.34656,600511857266806,600511890328629
501.41183,434.65475,515.04913,412.08813,600511890413108,600511922053056
493.22073,442.32678,515.04913,415.68552,600511922194983,600511955937431
513.1955,448.6516,513.1955,434.65475,600511956140868,600511987805608
536.5631,512.182,515.04913,442.32678,600511987999410,600512018004202
483.89383,527.9772,513.1955,448.6516,600512018139045,600512051470608
525.7317,496.33438,515.04913,496.33438,600512051666181,600512085705764
513.1639,460.73907,513.1955,460.73907,600512085887743,600512119868681
430.31204,573.86993,513.1955,496.33438,600512119963524,600512152064045
433.58875,1770.9921,513.1639,496.33438,600512152187847,600512189735972
466.46954,1756.2825,466.46954,573.86993,600512189943368,600512220579879
475.96533,1748.4244,475.96533,1748.4244,600512220764097,600512254157691
490.232,1708.4553,475.96533,1708.4553,600512254332326,600512284865712
566.9467,1764.9825,475.96533,1748.4244,600512284995087,600512316592847
554.13446,1697.1792,490.232,1708.4553,600512316690347,600512367478889
606.17896,1680.2068,554.13446,1708.4553,600512367579826,600512398753524
637.14233,1645.3881,554.13446,1697.1792,600512399904722,600512438325712
645.9875,1634.8408,606.17896,1680.2068,600512438946962,600512477637951
621.06445,1684.1538,621.06445,1684.1538,600512477810451,600512515080868
630.52997,1688.9886,621.06445,1684.1538,600512515181910,600512548239514
627.3151,1711.5636,621.06445,1684.1538,600512548332795,600512581115087
640.71014,1639.219,627.3151,1684.1538,600512581236024,600512616048628
703.8803,1541.3619,627.3151,1684.1538,600512616153003,600512649975660
654.97614,1578.62,640.71014,1639.219,600512650084878,600512688730920
619.72516,1651.1948,627.3151,1651.1948,600512688897014,600512721839774
667.9849,1614.2013,640.71014,1639.219,600512722777483,600512753356128
662.2913,1614.2952,640.71014,1639.219,600512753492691,600512782759045
662.30316,1639.7886,662.2913,1639.219,600512782867639,600512816643576
567.32227,1705.8,640.71014,1639.219,600512816760191,600512862947587
518.6415,1670.1643,640.71014,1639.7886,600512863064982,600512897391389
396.62515,1736.4412,567.32227,1670.1643,600512897478472,600512928372430
409.70953,1648.3766,518.6415,1648.3766,600512931131597,600512990166805
380.2052,1680.4078,409.70953,1670.1643,600512990276597,600513026054566
368.72223,1677.0437,409.70953,1670.1643,600513026130920,600513057511857
570.3275,931.5884,409.70953,1670.1643,600513057703576,600513090191909
597.8732,289.941,409.70953,1670.1643,600513090371441,600513121063680
597.78485,290.42233,570.3275,931.5884,600513121189253,600513154022847
569.2761,278.30365,569.2761,290.42233,600513154168784,600513185928680
572.3163,269.49786,570.3275,290.42233,600513186108941,600513218745659
605.9847,276.79337,570.3275,278.30365,600513218937586,600513249068628
582.1593,282.1074,572.3163,282.1074,600513249216336,600513280906284
588.69934,299.71335,582.1593,282.1074,600513280999253,600513313864930
583.7182,302.1685,582.1593,282.1074,600513313965086,600513345955139
605.7497,285.10696,583.7182,285.10696,600513346067534,600513377303889
567.48694,317.3964,582.1593,285.10696,600513377479878,600513410702222
580.4712,339.33463,582.1593,285.10696,600513410800555,600513442660451
543.8247,328.02115,580.4712,317.3964,600513442760972,600513474158003
539.7149,312.19366,580.4712,312.19366,600513474243211,600513503819409
589.6554,274.77637,580.4712,312.19366,600513503962118,600513537814461
549.51166,279.85995,580.4712,312.19366,600513538006805,600513570571024
574.4918,298.45218,580.4712,298.45218,600513570708472,600513605527378
482.93976,343.6891,574.4918,312.19366,600513606431128,600513640084253
464.96866,333.24072,574.4918,312.19366,600513640265659,600513671728993
516.5704,304.70068,516.5704,312.19366,600513671902899,600513704907534
506.9989,324.43845,516.5704,312.19366,600513705769253,600513736973472
488.1655,343.77032,516.5704,312.19366,600513737121857,600513768736180
489.0776,354.28763,506.9989,324.43845,600513768873055,600513798135607
499.6189,341.87106,499.6189,341.87106,600513799749826,600513833927170
497.6404,345.76746,499.6189,341.87106,600513835551545,600513868789826
512.7609,359.912,499.6189,341.87106,600513868950607,600513918865659
470.4054,355.8224,499.6189,345.76746,600513918977013,600513951570867
469.43994,351.09113,499.6189,351.09113,600513952782534,600513985453472
485.91064,352.05157,485.91064,351.09113,600513985604149,600514017056961
532.0461,481.17166,499.6189,351.09113,600514017249409,600514049769774
560.3455,551.352,499.6189,352.05157,600514049876128,600514081421961
644.5628,557.07916,532.0461,481.17166,600514081523784,600514112323159
622.5474,562.9929,560.3455,551.352,600514112419149,600514148099044
620.3197,530.27045,620.3197,530.27045,600514148235190,600514184103003
645.62537,548.28156,620.3197,548.28156,600514184250294,600514216548472
631.4224,564.95197,620.3197,548.28156,600514216705399,600514254062013
673.5955,436.6438,631.4224,548.28156,600514254231388,600514300766544
617.52466,391.0209,620.3197,548.28156,600514300900242,600514333464826
634.25165,371.1325,631.4224,436.6438,600514333589930,600514365160555
624.141,358.7301,624.141,391.0209,600514367102846,600514398478940
600.37555,383.07877,624.141,383.07877,600514400702326,600514434266076
565.8078,355.12372,624.141,383.07877,600514434374461,600514466070607
625.4227,354.53046,624.141,383.07877,600514468112430,600514497858680
638.8983,300.65527,624.141,355.12372,600514505227846,600514536583784
614.0578,320.36484,624.141,354.53046,600514536712430,600514569030659
620.5631,299.16937,624.141,320.36484,600514570655034,600514602641336
633.16125,305.68546,624.141,320.36484,600514602808055,600514635945503
611.4428,296.32193,624.141,305.68546,600514636096180,600514665242169
698.30994,753.91547,624.141,320.36484,600514666650138,600514706163419
637.12463,1534.2063,624.141,320.36484,600514706316492,600514740089096
618.5796,1526.9814,624.141,753.91547,600514740215867,600514774755867
599.4654,1588.2029,624.141,1526.9814,600514774868784,600514811041075
606.18225,1563.3566,618.5796,1526.9814,600514811134930,600514845385294
583.28986,1611.0963,606.18225,1563.3566,600514845487586,600514880455034
616.96027,1589.7871,616.96027,1563.3566,600514881418836,600514916419409
592.74084,1664.605,606.18225,1589.7871,600514916600867,600514946646180
585.5715,1705.2195,606.18225,1589.7871,600514946789096,600514978459252
605.8988,1658.7225,605.8988,1658.7225,600514978560711,600515011833992
597.48553,1645.2378,605.8988,1645.2378,600515011935555,600515047135398
601.4589,1687.0093,605.8988,1658.7225,600515047316127,600515079673627
620.67896,1591.3854,605.8988,1645.2378,600515079801805,600515127058523
601.0773,1727.4791,605.8988,1658.7225,600515127189825,600515158009565
552.57086,1696.6964,605.8988,1658.7225,600515158174357,600515189832794
529.01514,1689.6069,601.0773,1689.6069,600515190008054,600515222679669
532.60297,1739.6746,552.57086,1689.6069,600515222867534,600515256165711
527.5679,1635.8705,532.60297,1689.6069,600515256273054,600515289828627
538.4781,1696.7605,538.4781,1689.6069,600515290007742,600515322393732
476.15646,1710.095,532.60297,1689.6069,600515322532429,600515368852950
578.54675,1748.9745,538.4781,1696.7605,600515369026804,600515401103731
612.7587,1797.6304,538.4781,1710.095,600515401252221,600515439297481
590.5527,1861.2009,578.54675,1748.9745,600515439380034,600515475372638
580.937,1845.6249,580.937,1797.6304,600515475470034,600515507369252
583.64044,1828.6417,580.937,1828.6417,600515507467013,600515539368106
621.46796,1822.9473,580.937,1822.9473,600515539507586,600515576434877
776.6146,883.823,583.64044,1822.9473,600515576545294,600515610533836
765.289,649.91925,621.46796,1822.9473,600515611098367,600515645396492
797.25684,614.0735,765.289,883.823,600515645561283,600515684462950
779.9945,603.2093,765.289,649.91925,600515684655554,600515715527169
779.13666,569.3112,779.13666,614.0735,600515715682325,600515747551231
787.2332,563.2945,779.13666,603.2093,600515747702221,600515780573731
772.89575,535.07355,779.13666,569.3112,600515780752690,600515813044200
773.9716,515.4474,779.13666,563.2945,600515813229929,600515844186127
681.10956,452.35486,773.9716,535.07355,600515844288210,600515876324148
610.1427,457.6272,773.9716,515.4474,600515877646804,600515910269981
596.14276,501.73923,681.10956,501.73923,600515910375450,600515954788940
615.31274,466.1907,615.31274,501.73923,600515955004565,600515987226335
646.3392,447.8259,646.3392,501.73923,600515987385242,600516019303940
631.4218,394.6642,631.4218,466.1907,600516019461596,600516050884565
625.6132,416.78125,631.4218,447.8259,600516051015554,600516085525867
651.36597,417.91675,631.4218,417.91675,600516085673106,600516118962794
666.85406,466.64996,631.4218,447.8259,600516119499825,600516148893575
595.1236,455.43964,631.4218,447.8259,600516149043002,600516180464096
664.3021,448.95587,631.4218,448.95587,600516180609044,600516211759929
549.3751,476.63205,631.4218,448.95587,600516211909565,600516243866960
678.8636,438.84128,631.4218,448.95587,600516243984565,600516277618106
657.2692,458.31323,631.4218,448.95587,600516277793887,600516313957117
575.9765,485.49503,631.4218,448.95587,600516314152846,600516345107794
588.5305,491.77786,631.4218,458.31323,600516345209773,600516398384773
606.30566,472.37897,606.30566,472.37897,600516398552481,600516437125346
627.4986,462.27374,627.4986,462.27374,600516437307221,600516481989408
631.2828,404.20187,627.4986,462.27374,600516482095867,600516512822950
654.9829,430.45578,627.4986,462.27374,600516512981960,600516547726491
633.1115,400.60153,631.2828,430.45578,600516547876752,600516580307846
646.27185,393.68253,633.1115,430.45578,600516580492846,600516610436960
625.49945,423.42233,631.2828,423.42233,600516610627169,600516642631075
620.0021,445.7429,631.2828,430.45578,600516642962169,600516674539721
621.5058,453.42392,625.49945,430.45578,600516674641596,600516707723523
612.2732,435.95035,621.5058,435.95035,600516707823210,600516741020450
609.9077,349.0922,621.5058,430.45578,600516741132273,600516773167793
615.6391,331.6176,615.6391,430.45578,600516773283366,600516809146596
590.8826,329.6834,615.6391,349.0922,600516809454929,600516843571543
600.9847,310.80127,615.6391,331.6176,600516843700085,600516882034773
601.084,282.6399,601.084,329.6834,600516882199096,600516912765137
599.91223,285.28793,601.084,310.80127,600516912933627,600516948524148
217.56126,964.4916,601.084,329.6834,600516948706231,600516979765189
387.07263,1362.2662,599.91223,329.6834,600516979960814,600517014008731
427.9688,1355.1812,427.9688,964.4916,600517014959668,600517045151908
443.28024,1449.0198,443.28024,1355.1812,600517045324200,600517076404043
482.29086,1309.6145,443.28024,1309.6145,600517076502793,600517109325398
436.79874,1404.4187,443.28024,1355.1812,600517109457012,600517142251491
470.6655,1422.2427,443.28024,1355.1812,600517142360189,600517174106127
460.88266,1406.9452,443.28024,1404.4187,600517174216283,600517204285970
459.24448,1409.2993,459.24448,1406.9452,600517205272741,600517244989720
501.18564,1329.7981,459.24448,1404.4187,600517245147637,600517286552272
464.59448,1424.5367,459.24448,1406.9452,600517286733887,600517318107481
456.08954,1446.6774,459.24448,1406.9452,600517318273835,600517350552741
485.92593,1388.2549,459.24448,1406.9452,600517350699304,600517380684929
454.68692,1146.8469,459.24448,1406.9452,600517380816074,600517410568522
523.71747,1060.9603,459.24448,1388.2549,600517410699981,600517441781856
533.6068,995.2812,459.24448,1146.8469,600517441890866,600517474376543
517.4978,944.5386,517.4978,1060.9603,600517474511595,600517506175970
527.7347,951.0247,517.4978,995.2812,600517506270085,600517538542845
544.022,992.4171,517.4978,992.4171,600517538652897,600517571613054
542.39294,937.4582,527.7347,992.4171,600517571724460,600517604245293
548.79095,894.48254,542.39294,992.4171,600517604359876,600517638918366
535.5287,1043.8539,535.5287,992.4171,600517639029772,600517672753106
604.75903,859.79,542.39294,992.4171,600517672934304,600517707940293
576.1142,887.24493,542.39294,992.4171,600517708948001,600517747575293
580.5628,867.0385,576.1142,887.24493,600517747753887,600517779053887
576.4564,896.95557,576.1142,896.95557,600517779198314,600517812737949
602.324,852.4278,576.4564,887.24493,600517812883106,600517846006335
627.7947,721.44,576.4564,887.24493,600517846152741,600517880100501
580.582,398.59073,580.582,852.4278,600517880261595,600517912398053
600.208,390.38287,580.582,721.44,600517912605553,600517943959356
577.5494,308.92303,580.582,398.59073,600517944176543,600517976933678
583.5522,331.375,580.582,390.38287,600517977128053,600518012174043
585.5221,313.03903,580.582,331.375,600518012344981,600518043439043
614.5891,343.99826,583.5522,343.99826,600518043607064,600518077613262
613.32904,309.1719,585.5221,331.375,600518077805449,600518111084616
633.8287,326.79202,613.32904,331.375,600518111269095,600518142913991
643.9498,364.49173,613.32904,331.375,600518143107637,600518178571491
649.9864,394.83627,633.8287,331.375,600518178740710,600518210104668
603.3158,574.9155,613.32904,364.49173,600518210293939,600518242384512
689.21844,449.50186,633.8287,394.83627,600518242558522,600518274138105
719.8018,479.47452,633.8287,449.50186,600518274239616,600518307178053
671.182,421.60684,671.182,421.60684,600518307314928,600518339418574
690.7986,524.4611,671.182,449.50186,600518339940189,600518374160137
670.16437,414.86264,671.182,421.60684,600518374309980,600518409753157
661.3525,423.6173,671.182,423.6173,600518409860032,600518444492637
604.73175,491.22314,670.16437,423.6173,600518444674824,600518478009980
598.2404,445.39886,661.3525,423.6173,600518478207480,600518509763782
613.9433,442.08325,613.9433,442.08325,600518509953574,600518541207272
628.46674,945.26416,628.46674,442.08325,600518541360918,600518573957637
647.4204,1368.8424,628.46674,442.08325,600518574095762,600518609795137
613.6874,1459.89,628.46674,945.26416,600518609897064,600518640815970
671.7344,1469.9231,628.46674,1368.8424,600518640996387,600518676369407
672.4141,1604.2021,628.46674,1459.89,600518676549355,600518713813001
680.5851,1511.5515,671.7344,1469.9231,600518716137584,600518749127636
662.7644,1495.6967,662.7644,1495.6967,600518749268678,600518780620032
647.2007,1511.3083,662.7644,1495.6967,600518780808209,600518812182376
637.536,1464.2793,662.7644,1495.6967,600518812346959,600518842881855
699.9653,1565.3776,662.7644,1495.6967,600518843043574,600518875478834
703.3466,1532.896,662.7644,1495.6967,600518876696334,600518906977845
673.36005,1552.3701,673.36005,1532.896,600518907105553,600518941710553
729.03345,1520.3468,673.36005,1520.3468,600518942263991,600518978215605
752.39404,1468.7216,673.36005,1520.3468,600518978382324,600519009037636
814.39545,1449.0571,729.03345,1520.3468,600519009220918,600519042105761
769.1452,1410.1056,752.39404,1468.7216,600519042223053,600519075348105
742.48254,1348.7335,742.48254,1449.0571,600519075527324,600519107941178
723.8882,1399.5363,742.48254,1410.1056,600519108307376,600519141986490
767.1792,1446.4906,742.48254,1446.4906,600519142129511,600519173795136
786.9972,1370.1932,742.48254,1410.1056,600519173892428,600519209780605
760.6953,1436.0023,760.6953,1436.0023,600519209904928,600519242532376
792.6038,1454.51,760.6953,1436.0023,600519242691334,600519276277949
764.6595,1419.4048,760.6953,1436.0023,600519276406282,600519312161074
748.6137,1371.5035,760.6953,1436.0023,600519312335657,600519343711022
767.1209,1407.2174,760.6953,1419.4048,600519343870188,600519375223470
732.0455,1361.4677,760.6953,1407.2174,600519375374251,600519412321282
749.1443,1392.941,760.6953,1407.2174,600519412495813,600519443674876
776.75775,1348.1948,760.6953,1392.941,600519443844251,600519475536022
795.9486,1414.6644,760.6953,1407.2174,600519475708782,600519508791699
811.44617,1419.7357,776.75775,1407.2174,600519508985501,600519540499667
747.6317,1433.2168,760.6953,1414.6644,600519540642376,600519574055865
764.80444,1428.1857,764.80444,1419.7357,600519574198678,600519607124772
468.41974,1479.1649,760.6953,1428.1857,600519607315865,600519648841647
461.89783,1437.6666,760.6953,1428.1857,600519648935136,600519678483938
471.98126,1446.2466,471.98126,1437.6666,600519678646438,600519709507897
452.4384,1410.699,471.98126,1428.1857,600519709669251,600519742085084
410.80255,1400.0846,471.98126,1428.1857,600519742242844,600519774419146
470.52344,1400.1218,470.52344,1410.699,600519774578105,600519807971542
401.69708,1362.9971,470.52344,1400.1218,600519808285188,600519842040813
476.01175,1396.6971,470.52344,1400.1218,600519842167480,600519875116386
417.97437,1463.6948,470.52344,1400.1218,600519875307480,600519906042532
462.81284,1382.071,470.52344,1400.1218,600519906196230,600519937992636
421.05334,1401.0276,462.81284,1400.1218,600519938119042,600519972922896
460.89377,1457.7747,462.81284,1400.1218,600519973073261,600520004540657
523.05634,1361.3397,462.81284,1400.1218,600520004684667,600520037222219
467.7231,1437.7875,462.81284,1400.1218,600520037360813,600520083216751
480.0155,1435.6396,467.7231,1400.1218,600520083331698,600520115138886
497.4595,1374.3098,467.7231,1400.1218,600520115239042,600520147207011
505.66403,1405.1957,480.0155,1400.1218,600520147322063,600520177773469
391.11313,2203.9546,467.7231,1400.1218,600520177949355,600520209803938
371.29245,2184.8079,467.7231,1405.1957,600520209979198,600520244057219
417.0824,1871.2947,417.0824,1871.2947,600520244231021,600520277824615
531.69006,1985.1394,467.7231,1871.2947,600520278575084,600520310544771
698.09546,2142.2378,467.7231,1871.2947,600520310747428,600520346035136
650.09216,1932.4261,531.69006,1932.4261,600520346189875,600520374580240
666.19543,1754.1155,650.09216,1871.2947,600520374727532,600520406634667
656.58624,1686.283,650.09216,1871.2947,600520406821125,600520440987271
626.1009,1563.6812,650.09216,1754.1155,600520441161698,600520473528990
669.32776,1629.9845,650.09216,1686.283,600520473711646,600520505576542
686.42786,1558.8876,650.09216,1629.9845,600520505668886,600520549034198
646.32605,1494.6825,650.09216,1629.9845,600520549128625,600520580368417
465.7771,1244.9248,650.09216,1558.8876,600520580471802,600520609369980
521.21,826.9397,646.32605,1494.6825,600520609480240,600520641270813
661.0671,304.7214,650.09216,1244.9248,600520641433938,600520673205865
680.00037,298.318,650.09216,826.9397,600520673360344,600520704364823
634.4319,295.15118,650.09216,304.7214,600520704532219,600520737411542
645.5631,329.24033,650.09216,329.24033,600520737569042,600520769148677
637.4624,392.68018,645.5631,329.24033,600520769239875,600520800988573
629.4709,370.3536,645.5631,329.24033,600520801093313,600520833819719
618.63324,333.99414,637.4624,333.99414,600520833920084,600520865194667
613.2481,330.89905,629.4709,330.89905,600520865286698,600520897298156
632.4608,331.3681,632.4608,331.3681,600520897388313,600520931476125
648.9566,336.93903,632.4608,331.3681,600520931582688,600520965478677
628.43164,328.31042,632.4608,331.3681,600520965589927,600521001131594
541.4272,395.17334,632.4608,331.3681,600521005817479,600521040535709
498.85428,518.6856,628.43164,331.3681,600521040718469,600521074726073
513.3465,558.1625,541.4272,395.17334,600521074881281,600521107828104
570.1424,547.709,570.1424,518.6856,600521107933729,600521142072323
512.9222,571.6071,541.4272,547.709,600521142311073,600521176689875
521.74054,590.8677,541.4272,547.709,600521176842740,600521207972323
527.5304,588.278,527.5304,571.6071,600521208197375,600521241321125
538.5298,594.92365,538.5298,588.278,600521241507115,600521274211333
509.2147,592.2193,527.5304,588.278,600521274391958,600521307958260
498.90887,627.5553,527.5304,592.2193,600521308243990,600521338200135
628.2854,524.65295,527.5304,588.278,600521338311854,600521370836333
643.0205,387.03064,527.5304,588.278,600521370982479,600521405676698
596.1007,323.77396,596.1007,524.65295,600521405860865,600521438925813
594.97614,323.10092,594.97614,387.03064,600521439106542,600521472749771
586.02466,340.46817,594.97614,340.46817,600521472972688,600521509525813
579.2894,347.53073,594.97614,347.53073,600521509631958,600521542104354
589.9542,326.19977,589.9542,340.46817,600521543001906,600521576084927
588.68964,327.82953,589.9542,340.46817,600521576265031,600521607033729
635.0855,335.9302,589.9542,335.9302,600521607214562,600521637292062
599.12195,305.96924,589.9542,335.9302,600521637473104,600521669730292
589.4556,315.67294,589.9542,335.9302,600521669868729,600521705539510
592.5547,319.3971,589.9542,319.3971,600521706465865,600521739971646
618.779,292.14755,589.9542,319.3971,600521740199771,600521771989042
614.13806,284.11337,592.5547,319.3971,600521772198260,600521807468364
558.6721,298.53302,589.9542,298.53302,600521807641437,600521843378989
591.3482,285.65247,591.3482,298.53302,600521843514562,600521873924302
497.4376,297.68213,589.9542,298.53302,600521874209979,600521905752219
468.40735,269.8347,589.9542,297.68213,600521905913677,600521940112635
477.84598,287.5321,497.4376,297.68213,600521941001854,600521971240448
447.65875,260.21857,477.84598,287.5321,600521971392739,600522004252375
500.5034,273.03714,497.4376,287.5321,600522004411489,600522038258469
455.84448,301.42044,477.84598,287.5321,600522038399354,600522070385396
568.48346,971.0666,497.4376,287.5321,600522070556594,600522103222427
477.8799,1891.1587,477.8799,301.42044,600522103405500,600522137167583
504.83847,1886.0007,497.4376,971.0666,600522137356021,600522190350343
520.4945,1820.3572,497.4376,1820.3572,600522190473416,600522225124614
554.8033,1754.355,504.83847,1754.355,600522226560968,600522260601489
548.751,1777.8236,520.4945,1777.8236,600522262281385,600522295726541
520.8773,1739.7875,520.8773,1754.355,600522295843989,600522326433468
501.52002,1856.6272,520.4945,1777.8236,600522326591802,600522357232010
516.7771,1729.356,520.4945,1754.355,600522359286177,600522389292739
524.0889,1746.0281,520.4945,1754.355,600522390773937,600522424478104
515.7831,1657.5385,520.4945,1746.0281,600522429112323,600522459886020
565.4505,1547.4133,520.4945,1746.0281,600522460081073,600522492391906
590.39655,1599.2588,520.4945,1657.5385,600522492487062,600522522384718
516.6285,1548.2258,520.4945,1599.2588,600522524559145,600522555207479
477.12408,1603.1208,520.4945,1603.1208,600522557151385,600522591680500
503.29013,1499.5087,516.6285,1599.2588,600522591844093,600522626124770
495.1876,1510.0585,503.29013,1599.2588,600522626290239,600522660483885
480.7652,1538.7155,503.29013,1538.7155,600522660576437,600522691837479
507.54065,1491.7258,503.29013,1538.7155,600522691943416,600522723361541
516.0477,1518.9501,503.29013,1538.7155,600522725654562,600522758269197
514.89014,1509.359,507.54065,1518.9501,600522758368260,600522790633052
487.631,1354.2549,503.29013,1518.9501,600522791951697,600522823750239
430.04208,299.95227,503.29013,1509.359,600522823874927,600522854602791
518.0853,252.08823,503.29013,1354.2549,600522856087322,600522887371802
489.69406,265.51138,503.29013,299.95227,600522887510864,600522930269874
588.42084,333.42966,503.29013,333.42966,600522930380187,600522965053781
576.50854,306.01587,503.29013,306.01587,600522965142635,600522997831802
639.29535,324.68912,576.50854,324.68912,600522997940604,600523033786489
625.92426,340.36667,576.50854,324.68912,600523034274979,600523066197322
613.0418,333.1676,613.0418,324.68912,600523066329614,600523103877635
616.8274,340.63367,613.0418,333.1676,600523104135968,600523141627739
594.3328,322.28235,613.0418,324.68912,600523141835968,600523174195968
687.12665,727.2232,613.0418,333.1676,600523174298729,600523206429301
607.5128,1682.8988,613.0418,333.1676,600523206618312,600523236119458
589.1428,1723.5315,613.0418,727.2232,600523236279093,600523269493676
586.03217,1676.1434,607.5128,1676.1434,600523269615135,600523302944406
594.5041,1718.5668,594.5041,1676.1434,600523303063728,600523335694666
587.9976,1692.6608,594.5041,1676.1434,600523335841072,600523368994562
623.6095,1676.6149,594.5041,1676.6149,600523369173520,600523406271906
629.187,1676.0778,594.5041,1676.1434,600523406465708,600523437088260
558.79126,1729.0948,594.5041,1676.6149,600523437270760,600523471808260
578.24884,1681.65,594.5041,1676.6149,600523471999770,600523503296280
563.38,1692.3131,578.24884,1681.65,600523503478468,600523535633103
587.5146,1714.4458,587.5146,1681.65,600523535797374,600523568344301
595.0551,1642.1512,587.5146,1681.65,600523568515083,600523601649353
550.0219,1636.8354,587.5146,1681.65,600523601848208,600523636552322
539.3296,1635.466,587.5146,1642.1512,600523636676333,600523669538468
624.8266,1554.839,587.5146,1636.8354,600523669708155,600523701586541
583.14276,1631.4828,587.5146,1635.466,600523701706228,600523735954614
494.48975,1572.7593,587.5146,1631.4828,600523736103624,600523767368468
402.2808,1489.4279,583.14276,1631.4828,600523767549614,600523801602739
386.36563,1388.6208,494.48975,1572.7593,600523801786176,600523833978780
386.73413,1353.3468,402.2808,1489.4279,600523834135395,600523882141853
371.88522,1317.5758,386.73413,1388.6208,600523882328989,600523911063155
377.78793,1355.5397,386.73413,1355.5397,600523911250447,600523942301957
442.99902,1425.0125,386.73413,1388.6208,600523942469770,600523975256489
470.27127,1548.4142,386.73413,1388.6208,600523975405759,600524006145082
555.3247,1563.4279,442.99902,1425.0125,600524006281176,600524039495030
582.6225,1618.7861,470.27127,1548.4142,600524039629614,600524071200759
565.83704,1562.2905,555.3247,1562.2905,600524071349405,600524100924093
544.4033,1617.4446,544.4033,1562.2905,600524101053468,600524142556020
574.18866,1626.1223,555.3247,1562.2905,600524142744093,600524175677791
603.8223,1644.5195,555.3247,1617.4446,600524175859770,600524208870811
607.8481,1663.9968,574.18866,1626.1223,600524209055134,600524239239197
638.7464,1616.6537,603.8223,1617.4446,600524239391176,600524269934457
646.07355,1594.3433,607.8481,1617.4446,600524270080343,600524303511593
622.65027,1618.5409,622.65027,1617.4446,600524303692582,600524352242947
593.42914,1657.2325,607.8481,1617.4446,600524352352114,600524383724249
603.8995,1640.4825,607.8481,1618.5409,600524385837322,600524417193676
660.70483,1671.5709,607.8481,1640.4825,600524418511749,600524451896541
619.5235,1614.7664,607.8481,1618.5409,600524452087791,600524487746124
614.50134,1608.3065,614.50134,1618.5409,600524495122478,600524531625343
627.02576,1629.3882,614.50134,1618.5409,600524531793832,600524563442686
624.2695,1566.7513,614.50134,1618.5409,600524563583311,600524593946540
621.52216,1341.5315,621.52216,1618.5409,600524594043051,600524627956332
584.58307,902.7243,614.50134,1566.7513,600524628107478,600524660226593
554.7486,886.6635,614.50134,1341.5315,600524660323780,600524694545238
581.9686,794.64136,584.58307,902.7243,600524694653103,600524725816749
592.68646,784.5132,592.68646,886.6635,600524725905759,600524758656280
591.81836,751.4776,591.81836,794.64136,600524758808572,600524791108676
565.50806,702.4144,591.81836,784.5132,600524791267947,600524825344457
542.6108,276.88132,591.81836,751.4776,600524825462686,600524858381749
538.32947,314.6495,565.50806,702.4144,600524858552895,600524897408259
510.08618,305.00485,542.6108,314.6495,600524897505290,600524930252322
541.98517,281.2668,541.98517,314.6495,600524930415967,600524961913467
531.95294,277.46732,541.98517,305.00485,600524962198311,600524995278728
506.07944,278.77362,541.98517,281.2668,600524996371592,600525028318415
505.73245,275.65054,531.95294,278.77362,600525028771384,600525062616488
528.25275,276.60135,528.25275,278.77362,600525062761644,600525096477426
528.8107,288.94055,528.8107,278.77362,600525097253051,600525130653519
523.89124,298.04413,528.25275,278.77362,600525130815603,600525166293832
564.42847,305.68427,528.8107,288.94055,600525166458572,600525200882113
576.7096,316.2175,528.8107,298.04413,600525201068259,600525233214561
513.919,285.82758,528.8107,288.94055,600525233374769,600525264886124
558.65137,288.03696,528.8107,288.94055,600525265041696,600525298608728
513.74615,275.24866,528.8107,288.03696,600525298788467,600525332535551
556.53406,282.01675,528.8107,288.03696,600525332679874,600525365097478
575.6025,278.9653,528.8107,282.01675,600525365244665,600525398967478
582.35004,260.20215,556.53406,282.01675,600525399123311,600525432799874
607.7384,273.7987,575.6025,278.9653,600525432948519,600525466228623
575.7307,267.51678,575.7307,273.7987,600525466372738,600525498556592
517.8244,249.8243,575.6025,273.7987,600525498744613,600525531606332
603.21716,267.7833,575.7307,267.7833,600525531780967,600525564344301
547.8604,1330.145,575.6025,273.7987,600525564448051,600525597110134
518.7947,1404.8419,575.6025,273.7987,600525597239613,600525630848832
545.35846,1458.1752,547.8604,1330.145,600525631015030,600525662979665
535.46454,1454.2943,545.35846,1404.8419,600525663129457,600525697683363
538.23755,1565.3252,545.35846,1454.2943,600525697835082,600525731407634
526.4482,1570.233,538.23755,1454.2943,600525731557686,600525763163780
524.5451,1536.1417,538.23755,1536.1417,600525763300186,600525797235811
487.1011,1491.9508,526.4482,1491.9508,600525797404248,600525830971957
419.43985,1406.2852,524.5451,1491.9508,600525831127946,600525865329821
408.65176,1375.312,487.1011,1491.9508,600525865506019,600525898300863
404.98932,1430.8921,419.43985,1430.8921,600525898459717,600525930292373
425.08926,1424.7355,425.08926,1430.8921,600525930436644,600525964947373
418.147,1402.0072,419.43985,1430.8921,600525965134925,600525997868467
407.05908,1459.6646,419.43985,1430.8921,600525998034561,600526034683884
424.43167,1498.7579,419.43985,1430.8921,600526034813259,600526067117373
422.59235,1468.4762,419.43985,1459.6646,600526067276696,600526099889665
426.80185,1472.5635,422.59235,1468.4762,600526099977217,600526131167894
454.97284,1515.8104,422.59235,1468.4762,600526131323675,600526165468259
742.0367,1514.8563,426.80185,1472.5635,600526165816540,600526198218988
739.2965,1431.7816,454.97284,1468.4762,600526198364873,600526230833415
768.1673,1483.5272,739.2965,1472.5635,600526230968623,600526273562686
793.15625,1323.228,739.2965,1468.4762,600526273753988,600526306711227
772.3987,1513.6334,768.1673,1472.5635,600526306902894,600526339096227
784.02606,1514.7223,772.3987,1472.5635,600526339205290,600526369375290
821.08264,1473.2717,772.3987,1473.2717,600526369493884,600526401086279
773.33203,1575.0049,773.33203,1473.2717,600526401271279,600526431792790
783.59393,1529.747,773.33203,1473.2717,600526431960134,600526464103102
794.9143,1533.6664,773.33203,1529.747,600526464276071,600526498364977
782.7145,1503.5024,782.7145,1503.5024,600526498778415,600526529437165
780.4373,1508.9404,780.4373,1508.9404,600526529590706,600526561397008
763.35126,1516.716,780.4373,1508.9404,600526561511019,600526596586019
762.1561,1518.2603,780.4373,1508.9404,600526597474300,600526630703050
815.1792,1541.1731,780.4373,1516.716,600526630889977,600526663738102
814.4616,1644.2466,780.4373,1518.2603,600526663926019,600526715297790
791.63995,1720.9121,791.63995,1541.1731,600526715396436,600526743826852
803.35815,1727.1427,791.63995,1644.2466,600526751232113,600526781863415
803.1649,1719.2527,791.63995,1719.2527,600526784508935,600526815442685
813.11774,1720.9008,803.1649,1719.2527,600526815569456,600526848962633
841.7098,1520.9761,803.1649,1719.2527,600526851207529,600526884657894
874.5297,1422.2327,813.11774,1719.2527,600526886399769,600526918535185
856.2533,1503.4519,841.7098,1520.9761,600526919751279,600526952698988
850.14575,1485.1517,850.14575,1503.4519,600526952799769,600526985607842
843.1545,1532.4146,843.1545,1520.9761,600526985786071,600527019490081
893.1415,1517.8383,850.14575,1517.8383,600527022120602,600527055223623
894.36707,1506.1268,850.14575,1517.8383,600527056234092,600527091361956
881.352,1503.0272,881.352,1517.8383,600527091467425,600527126391696
885.85284,1530.3499,881.352,1517.8383,600527126574977,600527164475915
875.03326,1504.0654,881.352,1517.8383,600527164645185,600527210950342
879.1422,1519.7002,881.352,1517.8383,600527211125914,600527243706383
862.69293,1556.9984,879.1422,1517.8383,600527243840394,600527276736956
857.73456,1548.6951,879.1422,1519.7002,600527276919508,600527310441800
872.3101,1539.6991,872.3101,1539.6991,600527310614092,600527342427373
870.4805,1571.5807,872.3101,1539.6991,600527342635654,600527381501644
912.5886,1537.1613,872.3101,1539.6991,600527381641852,600527412787789
913.96277,1564.9349,872.3101,1539.6991,600527413637633,600527443479508
888.73773,1513.2057,888.73773,1539.6991,600527447898102,600527484593571
883.8494,1440.1733,883.8494,1539.6991,600527484687216,600527517693571
894.7576,1506.2037,888.73773,1513.2057,600527526810602,600527562235133
920.07916,1524.8064,888.73773,1524.8064,600527562395966,600527594300758
864.022,1553.2056,888.73773,1524.8064,600527594437946,600527628597737
900.441,1575.0364,888.73773,1524.8064,600527628738935,600527661536331
852.08386,1596.5057,888.73773,1553.2056,600527661646175,600527692662633
857.02985,1606.0978,888.73773,1575.0364,600527692805914,600527724817164
861.15607,1584.5168,861.15607,1584.5168,600527724961591,600527760358675
845.6201,1581.4398,861.15607,1581.4398,600527760506123,600527792521852
842.1359,1657.0532,861.15607,1584.5168,600527792644925,600527826247268
854.7453,1653.4965,854.7453,1584.5168,600527826407112,600527856588518
866.4261,1610.1014,861.15607,1610.1014,600527856681435,600527890460862
752.60767,1465.8165,854.7453,1584.5168,600527890610550,600527921748883
726.1264,1462.2064,854.7453,1584.5168,600527921839300,600527957541227
726.07294,1344.9681,752.60767,1465.8165,600527959265862,600527996601383
700.54443,1348.6681,726.1264,1462.2064,600527996723987,600528030958883
692.1865,1359.5232,726.07294,1359.5232,600528031134195,600528065290654
633.40173,1233.1763,700.54443,1359.5232,600528065444664,600528100167997
609.1759,1141.1499,692.1865,1359.5232,600528100357945,600528130895029
595.01495,1048.2078,633.40173,1233.1763,600528130995445,600528165226383
566.7993,975.3397,609.1759,1141.1499,600528165408518,600528199417164
559.2264,988.32166,595.01495,1048.2078,600528199537164,600528232924716
592.6436,1003.74414,592.6436,1003.74414,600528233104039,600528264979143
557.7821,903.94666,592.6436,1003.74414,600528265099300,600528301231174
543.4931,402.49646,592.6436,1003.74414,600528301400341,600528331930341
606.45825,381.07724,592.6436,903.94666,600528332119716,600528363967581
565.3647,348.35715,592.6436,402.49646,600528364169091,600528399561174
552.7167,329.38,592.6436,381.07724,600528399720289,600528430781487
559.42664,328.69202,565.3647,348.35715,600528430957685,600528467249456
559.54034,333.92322,559.54034,333.92322,600528467371279,600528502028518
536.56464,337.11295,559.54034,337.11295,600528502242633,600528533320445
579.7224,334.81964,559.54034,334.81964,600528533435601,600528563113570
605.1551,319.4717,559.54034,334.81964,600528563279456,600528597216799
656.5707,280.42465,579.7224,334.81964,600528597322060,600528629072112
692.1596,322.38434,605.1551,322.38434,600528629174872,600528662420497
647.50757,287.47217,647.50757,322.38434,600528662522529,600528693443414
676.64813,292.4127,647.50757,322.38434,600528693607529,600528728396591
653.9095,298.19553,647.50757,298.19553,600528728487997,600528759892893
640.9309,347.84558,647.50757,322.38434,600528760061643,600528792621122
618.1632,345.34186,647.50757,322.38434,600528792786331,600528825821278
594.3524,355.87018,640.9309,345.34186,600528825970862,600528857983153
649.421,337.9166,647.50757,337.9166,600528858135810,600528890150758
610.4625,345.91367,640.9309,345.34186,600528890322737,600528922566070
581.23425,327.05246,640.9309,337.9166,600528922704351,600528955416591
610.4188,418.8564,610.4625,345.34186,600528955574351,600528986430341
432.46457,1300.3827,610.4188,345.34186,600528986513153,600529021227008
475.27396,1414.1376,610.4188,418.8564,600529021406435,600529056554143
525.86334,1413.8435,525.86334,1300.3827,600529056718987,600529090660549
508.5424,1413.828,525.86334,1413.828,600529090836330,600529128504299
508.96436,1366.4958,525.86334,1366.4958,600529128600966,600529159030133
552.1925,1408.8833,525.86334,1408.8833,600529159164351,600529191778101
495.94025,1456.6478,525.86334,1408.8833,600529191968935,600529227439507
482.89963,1439.6031,525.86334,1408.8833,600529227625966,600529259674768
513.81775,1404.2462,513.81775,1408.8833,600529259848570,600529290426174
508.92627,1445.4987,513.81775,1408.8833,600529290523987,600529323637528
530.69507,1435.4889,513.81775,1408.8833,600529323733414,600529355438049
536.7583,1543.9491,513.81775,1435.4889,600529355587268,600529389426695
544.8795,1598.673,530.69507,1435.4889,600529389573466,600529422213101
593.98615,1664.9366,536.7583,1543.9491,600529422324455,600529457368362
582.4934,1689.0186,544.8795,1598.673,600529457491018,600529488936122
565.32336,1710.0717,565.32336,1664.9366,600529489071018,600529521068830
546.47076,1675.7314,546.47076,1675.7314,600529521162893,600529555461955
523.4197,1729.4487,546.47076,1675.7314,600529556590080,600529589760862
547.7365,1675.6069,546.47076,1675.7314,600529589921278,600529622637007
544.09937,1748.787,546.47076,1675.7314,600529622753414,600529653329924
565.2725,1757.509,546.47076,1675.7314,600529653424976,600529683675028
512.87256,1795.0583,546.47076,1748.787,600529684550757,600529722918309
555.90967,1792.0693,546.47076,1757.509,600529723115289,600529757872684
581.5599,1772.3812,546.47076,1772.3812,600529758171799,600529791241799
534.8424,1748.1232,546.47076,1757.509,600529791393622,600529823385132
539.33325,1719.5958,546.47076,1757.509,600529823533570,600529856573986
531.6308,1712.2273,539.33325,1748.1232,600529856717007,600529891275653
545.6611,1784.3622,545.6611,1757.509,600529891477632,600529925868361
572.6406,1739.244,545.6611,1748.1232,600529925967841,600529961552059
548.0429,1769.894,545.6611,1757.509,600529961692997,600529992868830
596.6278,1784.0596,548.0429,1757.509,600529993014559,600530033301643
593.3778,1738.5,548.0429,1757.509,600530033488778,600530066181070
525.0181,1779.3969,548.0429,1757.509,600530066388882,600530096148882
376.963,1772.4135,548.0429,1757.509,600530096330913,600530129979195
311.94934,1816.2771,525.0181,1772.4135,600530130095445,600530161607945
282.62372,1765.3547,376.963,1765.3547,600530161776799,600530193325861
245.17052,1774.3109,311.94934,1772.4135,600530193499038,600530227371643
235.03008,1743.4419,282.62372,1765.3547,600530227463153,600530258909559
236.67133,1771.777,245.17052,1771.777,600530259006851,600530291624507
282.34863,1762.931,282.34863,1765.3547,600530291721434,600530322073570
220.2718,1799.4772,245.17052,1771.777,600530322248517,600530354917059
267.93823,1836.0317,267.93823,1771.777,600530355022215,600530388206851
214.35997,1877.8203,245.17052,1799.4772,600530388359663,600530421434767
146.90482,1886.7625,245.17052,1836.0317,600530421583517,600530455303465
152.80458,1850.503,214.35997,1850.503,600530455450809,600530495653934
157.56581,1931.8281,157.56581,1850.503,600530495761382,600530533970340
154.9205,1901.5574,157.56581,1850.503,600530534835236,600530570181069
162.79979,1880.9069,157.56581,1880.9069,600530570316486,600530600154611
186.16046,1943.5695,157.56581,1880.9069,600530600266330,600530634696747
162.29956,1854.9275,162.29956,1880.9069,600530634828674,600530666129194
164.40456,1924.4645,162.29956,1880.9069,600530666225444,600530711062319
149.19781,1893.579,162.29956,1880.9069,600530711861851,600530746857892
144.90918,1943.6934,162.29956,1893.579,600530747025861,600530778062736
360.62573,1926.8394,162.29956,1893.579,600530783972007,600530820245601
751.9757,1945.9961,162.29956,1926.8394,600530821354767,600530854954507
837.2578,1992.362,360.62573,1926.8394,600530855385496,600530889195653
797.5599,1964.1758,751.9757,1945.9961,600530889367736,600530923770288
794.89087,2015.124,794.89087,1964.1758,600530923942944,600530958435392
794.044,1970.2617,794.044,1964.1758,600530958592632,600531007312163
786.7769,1910.0431,794.044,1964.1758,600531007423153,600531040772163
715.68506,2278.2537,794.044,1964.1758,600531040869351,600531072787528
393.9307,2128.7712,786.7769,1964.1758,600531072938517,600531106654090
350.01657,2181.8936,715.68506,2128.7712,600531106806538,600531140673882
427.701,1904.6992,427.701,1964.1758,600531140825965,600531170345496
442.0676,2160.2976,442.0676,2128.7712,600531171076850,600531203626694
511.22385,2099.3577,442.0676,2099.3577,600531203744819,600531236470809
557.07825,1966.6149,442.0676,2099.3577,600531236613153,600531268617111
493.53226,1772.2545,493.53226,2099.3577,600531268771173,600531300535861
511.1956,1852.4253,493.53226,1966.6149,600531300699298,600531333118205
517.18695,1669.0432,493.53226,1852.4253,600531333331746,600531362758569
496.04852,1725.435,496.04852,1852.4253,600531362879350,600531393975236
522.89484,1723.9327,496.04852,1725.435,600531394087736,600531427122736
525.7189,1773.5046,496.04852,1773.5046,600531427229298,600531464872371
532.88904,1674.9335,522.89484,1725.435,600531465696173,600531493578830
502.4306,1691.9722,502.4306,1725.435,600531493752580,600531525981850
505.01096,1686.7365,505.01096,1691.9722,600531527427423,600531560401434
541.2949,1676.2538,505.01096,1691.9722,600531560576746,600531594288413
564.6784,1577.6708,505.01096,1686.7365,600531594471329,600531630610861
579.14545,840.75586,541.2949,1676.2538,600531630720392,600531664905704
563.80316,837.1199,563.80316,1577.6708,600531665463413,600531698041017
561.1195,863.37634,561.1195,863.37634,600531698209402,600531731373725
589.45593,811.6993,563.80316,863.37634,600531731746486,600531764982059
625.9801,837.42084,563.80316,863.37634,600531765190965,600531796061850
546.79944,953.7619,563.80316,863.37634,600531796177527,600531828926642
526.2623,772.5743,563.80316,863.37634,600531829075027,600531858806642
547.8031,758.6599,547.8031,863.37634,600531858904194,600531891573777
609.502,691.1578,563.80316,772.5743,600531891687996,600531925009611
547.829,597.4568,547.829,758.6599,600531925115861,600531959703569
501.59375,481.87396,547.829,691.1578,600531959817059,600531994476017
501.88113,454.994,547.829,597.4568,600531994584350,600532025084663
463.92554,485.48926,501.88113,485.48926,600532025270288,600532059421486
501.19058,494.8086,501.88113,494.8086,600532059601173,600532092736277
494.84702,489.1133,501.19058,489.1133,600532092911902,600532125727163
463.80554,468.0577,501.19058,489.1133,600532125822527,600532161034298
457.73172,535.59607,494.84702,489.1133,600532161229871,600532197619663
476.09677,502.95273,476.09677,489.1133,600532198823465,600532240446433
473.55838,510.9426,476.09677,502.95273,600532240645183,600532277628204
515.22253,453.58853,476.09677,489.1133,600532277786277,600532318352579
674.14044,416.39877,476.09677,489.1133,600532318463621,600532347777683
631.1305,396.19653,515.22253,453.58853,600532349765027,600532387477423
695.30817,465.75858,631.1305,465.75858,600532387609402,600532421769506
655.91614,409.32858,631.1305,453.58853,600532421880444,600532462967215
661.3107,387.31854,655.91614,453.58853,600532463445912,600532495845079
657.7029,402.73074,655.91614,409.32858,600532495961017,600532555557319
699.825,363.68683,657.7029,402.73074,600532555660965,600532590599871
711.03467,425.75705,657.7029,409.32858,600532590713725,600532623073933
691.01355,443.8258,691.01355,409.32858,600532623241537,600532659593985
465.1644,627.9624,657.7029,425.75705,600532659779923,600532691596746
447.01196,1610.0272,657.7029,443.8258,600532691756589,600532727772996
432.12296,1634.7605,465.1644,627.9624,600532728779819,600532764787058
392.3559,1659.0065,447.01196,1610.0272,600532765013152,600532796067162
432.04645,1641.2394,432.12296,1634.7605,600532796181381,600532839988256
418.22333,1631.6329,432.04645,1631.6329,600532840248204,600532871190392
407.2183,1685.7468,432.04645,1634.7605,600532871422110,600532903930860
439.87192,1630.8223,432.04645,1631.6329,600532904951954,600532948623829
469.50748,1663.0912,432.04645,1634.7605,600532948782527,600532982944506
505.16022,1636.7448,439.87192,1634.7605,600532983111798,600533017877527
704.0014,1221.657,469.50748,1634.7605,600533020894454,600533052391225
746.4011,352.06363,505.16022,1634.7605,600533052510287,600533084817787
733.3233,336.0149,704.0014,1221.657,600533084950496,600533116279141
743.511,317.70935,733.3233,352.06363,600533116418933,600533147664454
732.46173,334.76187,732.46173,336.0149,600533149987266,600533183242110
730.44135,363.1201,732.46173,352.06363,600533184527006,600533218745496
733.66656,364.9896,732.46173,352.06363,600533218847839,600533251283985
687.36365,309.81302,732.46173,352.06363,600533251437371,600533283360079
725.1662,342.18256,732.46173,352.06363,600533283505287,600533315690808
716.22174,337.9385,725.1662,342.18256,600533315869506,600533348997318
723.86224,343.5998,725.1662,343.5998,600533349110079,600533379618777
741.0864,303.1778,725.1662,342.18256,600533379786537,600533413942423
666.472,321.04053,725.1662,342.18256,600533415304975,600533452712995
676.86584,324.74203,725.1662,324.74203,600533452824245,600533483688204
653.67566,336.69684,676.86584,336.69684,600533483841589,600533515898829
647.0928,357.09265,676.86584,336.69684,600533516131329,600533549168568
668.9215,361.58386,668.9215,336.69684,600533549328620,600533580537995
695.17444,371.11508,676.86584,357.09265,600533582320964,600533615770183
688.64343,378.68225,676.86584,361.58386,600533615924037,600533646450547
652.91156,345.45264,676.86584,357.09265,600533648655391,600533680661016
665.9783,361.7334,676.86584,361.58386,600533680780860,600533715281433
645.5952,440.9533,665.9783,361.58386,600533715415964,600533747804297
561.66815,1290.5087,665.9783,361.7334,600533747940183,600533778017735
533.4563,1805.7771,645.5952,440.9533,600533778152110,600533811965599
521.70703,1772.9211,561.66815,1290.5087,600533812239506,600533845344662
550.4231,1754.962,550.4231,1754.962,600533845543829,600533879121693
530.3232,1791.7323,550.4231,1754.962,600533879316954,600533910496224
547.7083,1795.5986,550.4231,1754.962,600533911652943,600533943374193
552.50464,1751.146,550.4231,1754.962,600533944068360,600533978420547
567.6908,1770.3796,550.4231,1754.962,600533978588985,600534013222995
531.472,1740.8882,550.4231,1754.962,600534013372370,600534044073776
545.9268,1616.0664,550.4231,1754.962,600534045592214,600534080299141
591.72595,1606.7273,550.4231,1740.8882,600534081980808,600534114461693
577.3868,1608.3217,550.4231,1616.0664,600534117682214,600534150736745
538.52026,1655.9844,550.4231,1655.9844,600534150882683,600534185326537
554.6934,1541.2397,550.4231,1616.0664,600534185491329,600534218457631
557.3895,1669.8386,550.4231,1655.9844,600534218606120,600534250217683
542.7412,1538.2974,550.4231,1616.0664,600534250365287,600534283287474
510.50037,1509.686,550.4231,1616.0664,600534283458672,600534316496537
521.606,1555.9133,542.7412,1555.9133,600534316639141,600534356993203
516.0711,1583.936,521.606,1583.936,600534357200183,600534395490964
574.50604,1587.0614,542.7412,1583.936,600534395660026,600534427222735
518.8804,1618.484,521.606,1583.936,600534427357370,600534459018308
535.7661,1622.6046,535.7661,1587.0614,600534459140026,600534490907005
532.1298,1647.9248,532.1298,1618.484,600534491010651,600534523839870
493.35318,1672.5692,532.1298,1622.6046,600534523986589,600534560812943
506.64706,1680.7698,532.1298,1647.9248,600534560960651,600534590268203
543.1858,1706.2219,532.1298,1672.5692,600534590360339,600534664955912
346.60626,1654.3094,532.1298,1654.3094,600534665070339,600534695747422
347.40042,1591.6418,532.1298,1654.3094,600534695969610,600534726715807
309.55005,1617.4015,347.40042,1654.3094,600534726910755,600534758956589
330.67838,1595.0831,347.40042,1617.4015,600534759071953,600534803997682
331.09323,1607.3104,331.09323,1617.4015,600534804298203,600534834004610
334.55402,1579.797,334.55402,1607.3104,600534834121224,600534865122839
367.8113,1599.6978,334.55402,1607.3104,600534865305807,600534896475807
398.77606,1584.4941,334.55402,1599.6978,600534897422682,600534929954870
606.8105,1127.3256,367.8113,1599.6978,600534930133828,600534961879401
591.7674,883.0616,398.77606,1584.4941,600534962049037,600534993240391
592.12146,922.5224,591.7674,1127.3256,600534993414505,600535025438620
599.8561,808.8581,591.7674,922.5224,600535025594870,600535060859714
598.56604,762.15784,592.12146,922.5224,600535061058880,600535096286380
622.1756,765.4211,598.56604,808.8581,600535096361589,600535126482109
632.7453,744.1051,598.56604,765.4211,600535126881745,600535165388880
594.47,762.93396,598.56604,765.4211,600535165487370,600535195774714
595.86316,640.8899,598.56604,762.93396,600535195930339,600535226765703
580.228,558.2745,595.86316,762.93396,600535226944141,600535259940339
593.32025,472.70615,595.86316,640.8899,600535260164349,600535290718255
588.2165,475.01318,593.32025,558.2745,600535290829453,600535330036745
506.75925,549.982,593.32025,549.982,600535330220599,600535363109088
584.74,431.47324,588.2165,549.982,600535364588359,600535394864297
581.404,463.658,584.74,549.982,600535395058047,600535430347474
604.99286,461.02603,588.2165,463.658,600535430502943,600535463666536
596.8702,384.8273,588.2165,463.658,600535464832370,600535493637891
579.32306,382.38263,588.2165,461.02603,600535493789401,600535526052005
570.2708,471.90903,588.2165,463.658,600535526191588,600535571457578
578.10443,474.32367,579.32306,463.658,600535571529609,600535602395286
627.237,492.1722,588.2165,471.90903,600535604423307,600535635138099
684.2333,499.20963,588.2165,474.32367,600535636936536,600535667977682
690.9747,507.18314,627.237,492.1722,600535671744557,600535702227786
687.6692,521.79175,684.2333,499.20963,600535707412422,600535741313411
683.59235,512.89136,683.59235,507.18314,600535742325390,600535775383984
669.62787,511.59506,683.59235,511.59506,600535775527786,600535834630286
707.9821,505.76657,683.59235,507.18314,600535834735703,600535868188984
700.0168,529.1166,683.59235,511.59506,600535868385495,600535899915599
659.8076,1607.9265,683.59235,511.59506,600535900468932,600535930196276
696.0099,1604.1594,683.59235,529.1166,600535930393099,600535962789244
659.55475,1693.4805,683.59235,1604.1594,600535962970859,600535996811797
661.38165,1672.888,683.59235,1604.1594,600535996983776,600536027096640
630.92737,1623.2855,661.38165,1623.2855,600536027245286,600536058178880
606.6731,1689.5537,661.38165,1623.2855,600536058364713,600536090638828
601.0219,1727.8704,630.92737,1623.2855,600536090832005,600536129885703
589.63074,1689.3324,606.6731,1689.3324,600536130079453,600536161379036
606.5033,1724.1459,606.5033,1689.3324,600536161555911,600536194684140
603.8326,1555.9728,606.5033,1689.3324,600536194856588,600536226258359
578.9503,1582.3156,606.5033,1689.3324,600536226484661,600536257991744
598.62415,1469.3358,603.8326,1582.3156,600536258149765,600536290457526
586.76636,1490.2659,598.62415,1582.3156,600536290557734,600536321930026
581.22473,1482.214,598.62415,1490.2659,600536322382369,600536355365078
602.6408,1465.7217,598.62415,1490.2659,600536356584505,600536389271953
576.33795,1446.4177,598.62415,1482.214,600536390267213,600536422321796
565.95746,1464.3689,598.62415,1465.7217,600536422720182,600536460808046
569.5252,1439.0656,576.33795,1464.3689,600536460999505,600536492761171
566.9227,1372.0198,569.5252,1464.3689,600536492897317,600536524176432
632.0363,1467.1388,576.33795,1464.3689,600536524301119,600536555334973
637.4572,1495.8314,576.33795,1464.3689,600536555836796,600536587842161
588.5799,1551.9594,588.5799,1467.1388,600536587947369,600536628182317
531.57635,1646.5896,576.33795,1495.8314,600536628400025,600536662307473
567.8186,1746.0388,576.33795,1551.9594,600536662409869,600536695015182
587.1697,1704.8447,576.33795,1646.5896,600536695185390,600536725370494
529.3923,1718.0105,576.33795,1704.8447,600536725521744,600536760219505
476.0317,1798.932,576.33795,1704.8447,600536760404869,600536793685963
533.18835,1749.6658,533.18835,1718.0105,600536793871692,600536827602421
549.9384,1777.166,549.9384,1749.6658,600536827788723,600536860140911
524.96136,1881.7479,533.18835,1749.6658,600536860288932,600536891315494
519.259,1843.6395,533.18835,1777.166,600536891491171,600536922346380
599.98645,1837.037,533.18835,1837.037,600536922529244,600536955515911
660.947,1858.5525,533.18835,1837.037,600536955680650,600536987610702
644.41156,1940.5918,599.98645,1837.037,600536987814765,600537032159765
657.7914,1877.5978,644.41156,1858.5525,600537032356223,600537065214661
670.01776,1891.3156,644.41156,1877.5978,600537065320390,600537101719088
639.6681,1871.2284,644.41156,1871.2284,600537101824973,600537137002421
628.6424,1910.284,644.41156,1877.5978,600537137160963,600537172440338
685.5484,1903.8212,644.41156,1877.5978,600537172545234,600537208461640
627.6875,1612.6564,644.41156,1877.5978,600537209381484,600537243450859
631.41406,1580.3176,644.41156,1877.5978,600537243596692,600537275642942
613.5902,1522.5942,631.41406,1612.6564,600537275779296,600537308244036
625.6068,1496.7266,631.41406,1580.3176,600537308364088,600537341266692
632.8717,1435.5464,631.41406,1522.5942,600537341402577,600537374831692
645.07776,1461.7871,631.41406,1496.7266,600537374957629,600537406732942
668.2332,1496.2836,632.8717,1496.2836,600537407902890,600537443753359
616.78845,1479.3792,631.41406,1496.2836,600537443899556,600537477384140
597.45807,1403.205,631.41406,1496.2836,600537477486952,600537510750181
622.7991,1274.6016,622.7991,1479.3792,600537510828827,600537542116744
749.1491,489.79593,631.41406,1403.205,600537543830963,600537591453775
705.50574,436.02527,631.41406,1274.6016,600537591558150,600537624872004
738.1109,433.5746,705.50574,489.79593,600537625042838,600537658146640
756.8457,376.0838,705.50574,436.02527,600537658352108,600537691003671
728.1639,420.50128,728.1639,433.5746,600537691177213,600537722381588
708.6717,422.61655,708.6717,422.61655,600537722564504,600537755221640
697.5018,460.28125,708.6717,433.5746,600537755333202,600537786907473
728.1715,435.1775,708.6717,433.5746,600537787085285,600537818488671
711.0184,435.4856,708.6717,435.1775,600537818603098,600537853447890
715.22784,447.5779,711.0184,435.1775,600537853605910,600537885330181
732.70245,414.48206,711.0184,435.1775,600537885435129,600537918510285
664.0173,434.35803,711.0184,435.1775,600537918954608,600537954620858
709.16156,426.58264,711.0184,434.35803,600537954800546,600537988886015
689.8649,458.10837,709.16156,435.1775,600537988994973,600538023047577
712.40454,422.63818,711.0184,434.35803,600538023148775,600538052708931
705.19006,443.6989,709.16156,435.1775,600538052864087,600538083315962
706.55774,486.31097,709.16156,435.1775,600538102750337,600538141029087
684.6493,483.086,706.55774,443.6989,600538141187577,600538173207473
684.3894,530.92065,706.55774,483.086,600538174987785,600538208180389
709.76306,507.59692,706.55774,483.086,600538210196848,600538240539921
692.1262,574.3851,706.55774,507.59692,600538241500077,600538274638410
700.1425,495.61826,706.55774,495.61826,600538274776275,600538304306379
686.1365,521.29486,700.1425,507.59692,600538305854400,600538335931275
644.0148,445.59543,700.1425,495.61826,600538337359556,600538369658775
522.80054,512.9622,686.1365,507.59692,600538373033514,600538406797837
464.8105,440.9825,644.0148,495.61826,600538406868879,600538438910129
498.62997,987.5819,522.80054,507.59692,600538440646848,600538473245806
468.11563,1405.0792,498.62997,507.59692,600538474140806,600538506473150
404.9537,2042.8303,498.62997,987.5819,600538508773983,600538548872421
431.9467,1634.0936,468.11563,1405.0792,600538549036483,600538582334556
493.49023,1677.1534,493.49023,1634.0936,600538582450129,600538614819973
464.2858,1037.2191,468.11563,1405.0792,600538615011275,600538651582056
588.6287,671.5483,493.49023,1405.0792,600538651707681,600538686627941
572.9469,665.27496,493.49023,1037.2191,600538686830962,600538722915858
551.8461,621.24524,551.8461,671.5483,600538723060181,600538754305858
564.315,616.71045,551.8461,665.27496,600538754455025,600538786032681
616.74884,649.5951,551.8461,649.5951,600538787912993,600538822244295
627.8641,405.48428,564.315,649.5951,600538823154243,600538859926535
660.7793,380.26492,616.74884,649.5951,600538860205650,600538892402785
671.6812,336.05905,627.8641,405.48428,600538892590181,600538925935337
634.61755,368.20557,634.61755,380.26492,600538926031066,600538954849608
654.0023,346.0272,634.61755,368.20557,600538955015077,600538989536327
608.7822,357.24527,634.61755,368.20557,600538989707941,600539020445129
587.06104,347.86102,634.61755,357.24527,600539020653097,600539053993202
633.5426,414.4629,633.5426,368.20557,600539054118670,600539088847108
613.42487,373.40695,633.5426,368.20557,600539088996275,600539121322160
666.47986,336.5327,633.5426,368.20557,600539121493306,600539155240806
415.18597,684.6476,633.5426,368.20557,600539155392212,600539185138097
410.607,1565.8215,633.5426,368.20557,600539185283045,600539217286327
396.691,1626.1835,415.18597,684.6476,600539217456535,600539250462368
403.5473,1520.115,410.607,1520.115,600539250616483,600539281649972
431.97607,1483.5897,415.18597,1483.5897,600539281742420,600539313835285
460.99118,1411.852,415.18597,1483.5897,600539313928827,600539346283358
411.40472,1521.5923,415.18597,1483.5897,600539346368462,600539379282420
392.5192,1599.7739,415.18597,1483.5897,600539379388618,600539412901899
359.8308,1502.3816,411.40472,1502.3816,600539413017733,600539446256795
393.1436,1515.5991,393.1436,1502.3816,600539446371066,600539489830024
370.3927,1596.0925,393.1436,1502.3816,600539490017941,600539519812837
387.5197,1601.0509,393.1436,1515.5991,600539520118774,600539556592316
400.3226,1519.237,393.1436,1519.237,600539556773618,600539586230076
431.82153,1631.1616,393.1436,1519.237,600539586382629,600539616343045
422.69534,1650.7548,400.3226,1519.237,600539616509451,600539649578566
417.59946,1660.3636,417.59946,1631.1616,600539649762681,600539680974868
447.29562,1664.6421,417.59946,1650.7548,600539681081170,600539715491274
484.25574,1624.5898,417.59946,1631.1616,600539715767576,600539746119035
465.78595,1641.5112,447.29562,1641.5112,600539746230128,600539780791014
462.2362,1695.4458,462.2362,1641.5112,600539780905024,600539814367889
464.85403,1688.318,462.2362,1641.5112,600539814474868,600539848984347
470.48883,1584.2042,462.2362,1641.5112,600539849178306,600539887947003
454.61795,1635.0667,462.2362,1641.5112,600539888080076,600539918599764
422.95865,1682.1844,462.2362,1641.5112,600539918767524,600539953341743
479.83246,1682.3997,462.2362,1641.5112,600539953519608,600539985807941
492.03238,1676.5554,462.2362,1676.5554,600539987753983,600540019807628
531.06903,1648.4325,479.83246,1648.4325,600540019942628,600540053782785
704.95544,1667.9342,492.03238,1667.9342,600540053955805,600540085566430
747.69543,1697.5455,531.06903,1667.9342,600540085731899,600540120860076
730.4024,1610.1497,704.95544,1667.9342,600540120987785,600540152246170
794.0108,1737.2534,730.4024,1667.9342,600540152421118,600540183602785
775.22375,1607.5698,730.4024,1667.9342,600540183786795,600540215627993
813.19415,1667.3032,775.22375,1667.9342,600540215797524,600540248989920
775.4323,1713.2144,775.22375,1667.9342,600540249152889,600540281689399
821.3829,1683.7943,775.4323,1667.9342,600540281801222,600540314470857
802.6982,1645.6091,775.4323,1667.9342,600540314725232,600540347710232
765.81256,1759.455,775.4323,1667.9342,600540347810701,600540382488253
807.53894,1760.875,775.4323,1667.9342,600540382687732,600540418522368
845.43353,1688.0304,775.4323,1688.0304,600540418691118,600540450682420
850.208,1784.5994,807.53894,1688.0304,600540450875597,600540482496118
861.49713,1731.9489,845.43353,1688.0304,600540482638618,600540514472316
838.264,1782.4353,838.264,1731.9489,600540514628462,600540548283826
832.6399,1692.5568,838.264,1692.5568,600540548455232,600540581641430
822.9281,1697.9335,838.264,1697.9335,600540581761586,600540615734555
860.339,1756.5479,838.264,1697.9335,600540616740961,600540653182576
847.3579,1820.9075,838.264,1697.9335,600540653329764,600540683580649
843.3691,1793.8503,843.3691,1756.5479,600540683767420,600540715973774
842.52545,1753.3102,842.52545,1753.3102,600540716182003,600540747890336
830.93744,1758.6211,842.52545,1756.5479,600540748063878,600540780725076
805.4634,1685.5563,842.52545,1753.3102,600540780821222,600540815070128
841.8199,1775.6658,841.8199,1756.5479,600540815237472,600540847716222
820.34344,1713.642,841.8199,1753.3102,600540847880701,600540883067107
815.36316,1791.36,841.8199,1756.5479,600540883248357,600540915985545
827.65326,1850.193,827.65326,1756.5479,600540916311743,600540948803826
836.39044,1801.1003,836.39044,1791.36,600540948949034,600540980597315
833.44653,1794.0149,833.44653,1794.0149,600540980729347,600541015828513
846.7424,1770.5017,836.39044,1791.36,600541015977472,600541047762315
824.3925,1783.5275,833.44653,1791.36,600541047863409,600541080717993
773.7275,1696.5765,833.44653,1783.5275,600541080869555,600541123178253
301.73953,1701.3214,824.3925,1783.5275,600541123346118,600541153783305
325.9654,1616.5941,773.7275,1701.3214,600541153886482,600541184436586
355.36023,1576.5448,355.36023,1701.3214,600541184625388,600541216749867
338.23553,1621.4553,355.36023,1621.4553,600541216887576,600541251203670
340.1117,1585.6118,355.36023,1621.4553,600541251400753,600541282643149
357.051,1544.9381,355.36023,1621.4553,600541282770649,600541317351170
427.63693,1424.1603,355.36023,1585.6118,600541317517992,600541352226899
632.24176,560.45105,357.051,1544.9381,600541353051690,600541385608253
655.9384,573.3205,427.63693,1424.1603,600541385787576,600541417847419
665.5467,524.84735,632.24176,573.3205,600541417976013,600541449901638
718.8625,578.7642,655.9384,578.7642,600541450090597,600541481448930
641.4506,530.6972,641.4506,573.3205,600541481613097,600541520667680
653.01056,510.18082,653.01056,573.3205,600541520758982,600541554062576
623.4589,569.4908,641.4506,569.4908,600541554236274,600541588305597
649.15765,553.96814,649.15765,569.4908,600541588403669,600541632748617
631.1402,483.03775,641.4506,569.4908,600541632912680,600541662573513
646.9082,555.9632,646.9082,555.9632,600541662734034,600541695462263
665.29755,538.0969,646.9082,555.9632,600541695548461,600541727261794
635.84845,505.77423,646.9082,555.9632,600541727364034,600541755607003
609.0257,553.18066,646.9082,553.18066,600541755748930,600541787445961
613.65985,543.4902,635.84845,553.18066,600541787609451,600541822966638
649.92035,521.8656,646.9082,553.18066,600541823144711,600541853043461
663.11914,509.1244,646.9082,543.4902,600541853259034,600541885223148
509.24985,562.5779,646.9082,553.18066,600541885392628,600541919456169
526.63605,555.80585,646.9082,553.18066,600541919624451,600541948922055
547.86163,508.6868,547.86163,553.18066,600541949058826,600541980901221
520.7491,523.11145,547.86163,553.18066,600541981084398,600542014448878
515.07324,577.35297,547.86163,553.18066,600542014641273,600542048683461
469.40555,636.4089,520.7491,553.18066,600542048856378,600542082343773
532.1014,567.50385,532.1014,567.50385,600542082507003,600542115326794
546.85077,504.6129,532.1014,553.18066,600542115482211,600542149696742
556.37775,548.3482,532.1014,553.18066,600542149877784,600542183111065
524.4937,704.84906,532.1014,553.18066,600542183305596,600542220044086
541.84375,719.0268,532.1014,553.18066,600542220231742,600542250048461
549.32074,775.46136,532.1014,704.84906,600542250168669,600542296253096
561.4151,672.0035,541.84375,672.0035,600542296409711,600542336573513
560.60004,690.91754,549.32074,690.91754,600542336753982,600542369278252
573.2031,573.51733,560.60004,672.0035,600542369474294,600542402495700
539.9326,426.51877,549.32074,672.0035,600542402639867,600542435887940
540.2834,414.8699,549.32074,573.51733,600542435972575,600542471211482
514.4407,399.38678,540.2834,426.51877,600542471308825,600542501980700
528.2123,374.0716,540.2834,414.8699,600542503210544,600542535174242
578.97705,394.23254,540.2834,399.38678,600542536519815,600542568235440
534.73914,393.01236,540.2834,394.23254,600542569038929,600542599134867
538.91907,355.81808,540.2834,394.23254,600542600587888,600542630420492
486.00244,371.0465,538.91907,393.01236,600542633048877,600542666822002
513.7833,376.49664,538.91907,376.49664,600542666980440,600542699665492
496.85986,377.57327,513.7833,377.57327,600542699800857,600542743329763
497.2525,377.39963,513.7833,377.39963,600542743431221,600542789338565
480.96002,405.8787,497.2525,377.57327,600542789523356,600542826231117
518.1692,483.12335,513.7833,377.57327,600542827140127,600542867051950
657.0504,1449.2351,513.7833,405.8787,600542867143096,600542896847575
660.3336,1407.9929,518.1692,483.12335,600542898184711,600542931391950
653.0814,1395.2623,653.0814,1395.2623,600542931512315,600542961737940
654.84186,1409.5282,653.0814,1395.2623,600542966375336,600542999604919
597.566,1421.9811,653.0814,1395.2623,600542999712679,600543031349658
610.7584,1422.8396,653.0814,1409.5282,600543035953408,600543068185023
621.43823,1483.004,621.43823,1421.9811,600543068296065,600543109648565
623.6373,1466.1571,623.6373,1422.8396,600543109762888,600543146117315
563.71704,1532.2859,621.43823,1466.1571,600543146214085,600543182906742
605.8453,1532.0156,621.43823,1466.1571,600543183090752,600543214941377
606.6522,1560.3745,606.6522,1532.0156,600543215095335,600543248217679
641.78326,1572.0089,621.43823,1532.0156,600543248421950,600543281385440
632.37506,1606.4886,621.43823,1560.3745,600543281552575,600543316701898
656.2452,1525.4155,632.37506,1532.0156,600543316814242,600543347673617
699.7877,1508.1929,632.37506,1532.0156,600543347818304,600543378952575
638.4062,1475.767,638.4062,1525.4155,600543379139450,600543412259450
717.1296,1550.4712,638.4062,1532.0156,600543412422419,600543446287262
729.7101,1534.8119,638.4062,1532.0156,600543446446481,600543478519658
723.6482,1525.3367,717.1296,1532.0156,600543478689971,600543511745544
720.6248,1481.9746,720.6248,1532.0156,600543511857992,600543547877210
684.6475,1514.1011,717.1296,1525.3367,600543548106012,600543578393721
700.9492,1485.406,717.1296,1514.1011,600543578607835,600543613771481
742.22766,1453.3652,717.1296,1514.1011,600543613950960,600543649004919
707.3438,1491.7035,717.1296,1491.7035,600543649185023,600543681911325
737.53424,1539.4729,717.1296,1514.1011,600543682090648,600543713351429
733.55865,1428.87,717.1296,1491.7035,600543713477106,600543748578929
709.3286,1434.8597,717.1296,1491.7035,600543748670856,600543785361533
692.8344,1490.0387,717.1296,1490.0387,600543785499450,600543817841116
718.2739,1518.807,717.1296,1491.7035,600543818016637,600543848244085
729.83966,1464.2279,717.1296,1490.0387,600543848437366,600543880804606
740.21265,1702.6085,718.2739,1491.7035,600543880961169,600543912412523
803.146,2165.6658,729.83966,1491.7035,600543912566429,600543945718616
710.9039,2197.1592,718.2739,1702.6085,600543945889866,600543977337210
676.45215,2201.4155,718.2739,2165.6658,600543977489294,600544010491325
679.0292,2048.2756,710.9039,2048.2756,600544010661950,600544041533043
677.28687,2052.611,679.0292,2052.611,600544041673252,600544076290439
700.9677,1986.9662,700.9677,2048.2756,600544076459241,600544113117523
693.06067,1972.1582,693.06067,2048.2756,600544113300700,600544143781793
660.0772,1959.8201,693.06067,1986.9662,600544143933616,600544180297002
691.55493,2013.2184,693.06067,2013.2184,600544180463877,600544213373252
682.68555,2033.8956,691.55493,2013.2184,600544213468929,600544246723668
689.28375,2000.7875,691.55493,2013.2184,600544246864554,600544286240439
651.9589,2024.1857,689.28375,2013.2184,600544286436950,600544316864658
711.09906,2011.3113,691.55493,2013.2184,600544317043512,600544349439606
692.3258,2041.2158,691.55493,2013.2184,600544349609137,600544381116845
715.0346,2061.4417,692.3258,2013.2184,600544381310960,600544413711585
678.4674,2029.1123,691.55493,2029.1123,600544413894241,600544449226168
653.8127,2035.3441,691.55493,2029.1123,600544449397366,600544482980700
698.8648,2015.9039,691.55493,2029.1123,600544483076220,600544513614918
649.9789,766.1888,691.55493,2029.1123,600544513718668,600544544167522
537.35443,405.64774,691.55493,2015.9039,600544544297418,600544578193356
494.75208,380.15155,649.9789,766.1888,600544578380752,600544612060647
517.0531,358.17667,537.35443,405.64774,600544612358252,600544643640960
591.63025,413.16394,591.63025,413.16394,600544644590647,600544676502054
556.55347,347.94614,556.55347,405.64774,600544676634918,600544713277522
525.4129,354.9044,556.55347,405.64774,600544713382314,600544743444241
509.21176,364.06247,556.55347,364.06247,600544743615752,600544777648512
537.21814,354.7808,537.21814,364.06247,600544777828408,600544809136064
490.26144,385.36362,537.21814,364.06247,600544809295699,600544841381064
522.3512,371.73233,537.21814,364.06247,600544841518668,600544874113095
519.45703,369.73648,522.3512,369.73648,600544874260179,600544907458876
538.03125,408.6668,537.21814,369.73648,600544908518720,600544941241689
533.1554,352.09256,533.1554,369.73648,600544941412991,600544972932991
519.133,383.3404,533.1554,369.73648,600544973113772,600545011161585
578.6129,393.9981,533.1554,369.73648,600545011244449,600545044609918
505.3617,380.0375,533.1554,380.0375,600545044713460,600545074960647
547.09033,435.0275,533.1554,380.0375,600545075054866,600545109543408
581.33746,409.30902,533.1554,380.0375,600545109636012,600545146195439
525.91907,389.0433,533.1554,389.0433,600545146317418,600545182138408
509.18182,398.5146,533.1554,389.0433,600545182336324,600545215466949
493.49814,327.89954,525.91907,389.0433,600545215575543,600545245045283
509.7368,369.24185,509.7368,389.0433,600545245218408,600545279069814
458.70627,371.59277,509.7368,371.59277,600545279185387,600545309138043
552.51013,352.35165,509.7368,371.59277,600545309315751,600545340988199
545.6421,372.1719,509.7368,371.59277,600545341139345,600545372699605
563.32227,429.93048,545.6421,371.59277,600545372869605,600545404432158
555.7235,359.0543,545.6421,371.59277,600545405487783,600545439552105
581.8252,394.05038,555.7235,371.59277,600545439785230,600545472192314
514.0713,334.50607,545.6421,371.59277,600545472932053,600545504590491
549.5657,382.34213,549.5657,371.59277,600545504675699,600545538910022
574.35114,395.46872,549.5657,371.59277,600545539056793,600545574718303
533.1489,414.88293,549.5657,382.34213,600545574885439,600545614734501
496.83276,371.5298,549.5657,371.59277,600545614920595,600545651994970
543.50085,384.01114,543.50085,382.34213,600545652218980,600545683567418
580.55096,381.42935,549.5657,381.42935,600545683784085,600545715036845
560.1161,366.0772,549.5657,381.42935,600545715154137,600545746955751
477.0919,385.30234,549.5657,381.42935,600545747070751,600545780203459
522.0069,359.74805,549.5657,381.42935,600545780378251,600545813726637
551.8156,356.7841,549.5657,381.42935,600545813851689,600545845705595
569.62,388.06958,549.5657,381.42935,600545846707001,600545876393772
532.0035,421.15735,549.5657,381.42935,600545876567314,600545910474345
472.92468,333.17822,549.5657,381.42935,600545910615074,600545942325282
499.99905,351.69003,532.0035,381.42935,600545942502522,600545975320022
734.0308,373.65253,549.5657,373.65253,600545975490699,600546007398564
781.445,386.49356,549.5657,381.42935,600546007523720,600546043409866
780.5674,345.64178,734.0308,373.65253,600546043512782,600546088127834
798.5665,373.3376,780.5674,373.65253,600546088257209,600546119913876
788.8506,382.0555,780.5674,373.65253,600546120300334,600546164068511
781.9507,338.67532,781.9507,373.65253,600546164160543,600546195380803
795.4589,367.3405,781.9507,373.65253,600546196668564,600546229655907
784.4097,359.36807,781.9507,367.3405,600546229842938,600546259482886
659.9325,982.0242,781.9507,373.65253,600546261695595,600546293203043
575.6304,1473.0292,781.9507,373.65253,600546297679709,600546335717730
584.6812,1520.7126,659.9325,982.0242,600546336065022,600546369232938
614.8555,1511.3867,614.8555,1473.0292,600546369321428,600546429848199
568.1986,1524.6536,614.8555,1511.3867,600546429938251,600546459626897
637.62823,1534.6276,614.8555,1511.3867,600546459804397,600546493224449
566.8196,1503.2819,614.8555,1511.3867,600546493381584,600546528586272
617.04254,1452.6746,614.8555,1511.3867,600546528688824,600546559757209
569.7796,1517.226,614.8555,1511.3867,600546561198824,600546592797418
629.23804,1561.6198,614.8555,1511.3867,600546593693043,600546635749761
583.54083,1517.3472,614.8555,1517.226,600546635866220,600546673321792
574.52094,1440.0972,614.8555,1511.3867,600546673489501,600546707410542
601.3685,1469.4723,601.3685,1511.3867,600546707569917,600546738510230
535.4878,1482.4893,601.3685,1482.4893,600546738647313,600546769591324
568.11224,1566.3778,601.3685,1511.3867,600546769726272,600546803457261
563.7405,1651.9421,568.11224,1511.3867,600546803583459,600546838162105
531.4995,1724.8818,568.11224,1566.3778,600546838311167,600546873233876
559.0902,1736.9539,563.7405,1651.9421,600546873389553,600546906102938
554.1747,1789.0018,559.0902,1724.8818,600546906280386,600546941128042
559.3948,1710.7716,559.3948,1710.7716,600546941294449,600546972391688
559.1267,1854.7272,559.1267,1724.8818,600546972544969,600547004925542
583.2338,1761.3904,559.3948,1724.8818,600547005071219,600547037278719
580.4495,1786.2856,559.3948,1761.3904,600547037412678,600547069838251
581.39545,1775.6909,580.4495,1761.3904,600547069975074,600547101759449
544.7993,1764.6123,559.3948,1764.6123,600547101835490,600547140233355
610.5758,1800.4064,580.4495,1764.6123,600547140374605,600547174059032
649.1054,1803.8851,580.4495,1764.6123,600547174165803,600547205223719
580.70435,1766.7671,580.70435,1766.7671,600547205399501,600547238894084
570.23846,1652.4729,580.4495,1764.6123,600547239014032,600547270292313
584.5349,1665.7461,580.70435,1764.6123,600547270430074,600547306123615
542.24664,1665.5038,580.4495,1665.7461,600547306292990,600547340480178
557.88873,1645.6058,580.4495,1665.7461,600547340665646,600547372030751
552.9787,1566.0747,557.88873,1665.5038,600547372204813,600547404882938
551.3177,1529.7823,557.88873,1645.6058,600547405055646,600547439450907
539.30536,1604.4412,552.9787,1604.4412,600547439594553,600547498596011
550.9231,1649.8455,551.3177,1645.6058,600547498715386,600547535788146
732.2817,757.5831,552.9787,1604.4412,600547535983198,600547569758511
587.518,481.80255,552.9787,1604.4412,600547569947782,600547602738094
547.69476,469.26324,552.9787,757.5831,600547602876428,600547632855542
528.4658,404.6057,552.9787,481.80255,600547633790334,600547665077365
563.4792,440.44565,552.9787,469.26324,600547666756740,600547702409240
589.0796,983.5688,552.9787,481.80255,600547702539761,600547738879188
588.89923,1869.7129,563.4792,481.80255,600547739023667,600547772958667
588.9337,1801.5264,588.89923,983.5688,600547773111323,600547809929396
590.3066,1878.3229,588.89923,1801.5264,600547810095698,600547842743355
565.804,1831.2206,588.89923,1801.5264,600547842923667,600547876234084
506.35098,1835.006,588.89923,1831.2206,600547876353198,600547906588615
556.4306,1858.1162,565.804,1831.2206,600547906678459,600547943272573
601.1119,1803.4974,588.89923,1831.2206,600547943397886,600547973200490
597.9334,1864.1313,588.89923,1831.2206,600547973361271,600548009749188
543.27,1884.7633,588.89923,1831.2206,600548009865229,600548043633302
496.45334,1939.0916,588.89923,1864.1313,600548044993354,600548076828979
431.63074,1958.8971,543.27,1884.7633,600548077002417,600548109123615
438.1041,1973.3501,496.45334,1939.0916,600548109275907,600548140649969
482.02203,1978.6066,482.02203,1958.8971,600548140788563,600548173224604
463.066,1958.4138,482.02203,1958.4138,600548173382729,600548208966219
379.731,1962.7137,482.02203,1958.8971,600548209110594,600548243594813
427.9341,1963.3417,463.066,1958.8971,600548243767156,600548286836531
526.25696,1907.8215,482.02203,1958.8971,600548286939084,600548320632781
877.749,1836.0459,482.02203,1958.8971,600548320760229,600548351437104
812.3082,1822.9723,526.25696,1907.8215,600548351612469,600548381638459
830.008,1849.308,812.3082,1849.308,600548383206167,600548422747417
871.071,1801.4764,812.3082,1849.308,600548422846583,600548456363250
885.07513,1771.4448,830.008,1849.308,600548456489448,600548485787521
903.7997,1746.4314,871.071,1801.4764,600548489543615,600548528496011
913.2751,1768.4891,885.07513,1771.4448,600548530100438,600548565021792
864.1264,1730.4874,871.071,1768.4891,600548565103511,600548596309813
863.7645,1796.2799,871.071,1771.4448,600548596416219,600548628059344
887.7037,1735.1556,871.071,1768.4891,600548628160125,600548660159760
858.6432,1807.8463,871.071,1771.4448,600548661171375,600548693047104
848.7067,1772.2305,871.071,1771.4448,600548694262104,600548726454188
843.73724,1815.1403,858.6432,1772.2305,600548726539292,600548757848823
841.3104,1793.2012,848.7067,1772.2305,600548759046271,600548790713250
837.52655,1799.5544,843.73724,1793.2012,600548798243354,600548830233250
751.012,1690.3835,841.3104,1772.2305,600548830328458,600548866623510
719.4107,1677.0823,837.52655,1772.2305,600548866697625,600548925702156
719.2951,1658.5214,751.012,1690.3835,600548925817052,600548957600854
719.37494,1646.4907,719.4107,1677.0823,600548958078146,600548994300958
695.793,1623.0833,719.37494,1658.5214,600548994461219,600549024799917
504.3171,977.8258,719.37494,1646.4907,600549028212260,600549062849917
510.40625,936.9976,695.793,1623.0833,600549063737052,600549097151427
511.31534,796.69824,511.31534,977.8258,600549097355646,600549127656427
545.3505,870.03357,545.3505,936.9976,600549130082469,600549166339292
548.22284,852.7106,545.3505,870.03357,600549166488823,600549199022052
465.93332,782.0444,545.3505,870.03357,600549199192729,600549234066219
524.3855,798.21387,545.3505,852.7106,600549234225698,600549268109969
552.656,871.73413,545.3505,870.03357,600549268292833,600549297481635
458.38474,471.29706,545.3505,852.7106,600549297598823,600549326429291
448.88983,457.68808,545.3505,852.7106,600549328996479,600549362665750
456.79883,483.35898,458.38474,483.35898,600549363584916,600549398485541
451.52823,460.15607,456.79883,483.35898,600549398669135,600549432144916
436.9699,428.67313,456.79883,483.35898,600549433704239,600549466475854
457.99408,437.98602,456.79883,460.15607,600549466637156,600549498735698
448.26266,427.40894,456.79883,437.98602,600549499981218,600549539441479
441.82956,444.51746,456.79883,444.51746,600549540255385,600549573122677
454.77753,410.27972,454.77753,437.98602,600549573224812,600549607007989
437.3204,404.65176,454.77753,437.98602,600549607398354,600549642884291
467.27036,525.3485,454.77753,437.98602,600549643072208,600549704171843
457.95236,447.97845,454.77753,437.98602,600549704278770,600549738597208
460.0743,380.0021,457.95236,437.98602,600549738763145,600549774928562
419.92255,308.32425,454.77753,437.98602,600549775054500,600549805538406
426.39133,254.00197,454.77753,380.0021,600549805729604,600549839252312
438.32904,241.14592,438.32904,308.32425,600549839370906,600549871576739
413.90656,254.528,438.32904,254.528,600549871680958,600549905818562
408.62643,282.37842,438.32904,282.37842,600549905958145,600549940352781
446.88635,273.69998,438.32904,273.69998,600549940461895,600549973108562
433.3627,286.20538,438.32904,282.37842,600549973307208,600550005551791
464.93362,285.9607,438.32904,282.37842,600550005656895,600550038923666
444.59,263.17545,438.32904,282.37842,600550039114500,600550073242260
446.8005,265.52844,444.59,282.37842,600550073389083,600550106471166
706.1995,672.8212,444.59,282.37842,600550106656791,600550139342468
737.7622,1515.6611,446.8005,282.37842,600550139477729,600550172166010
699.59576,1501.9553,699.59576,672.8212,600550172323302,600550204629968
696.73755,1472.1362,696.73755,1472.1362,600550204737729,600550236300072
628.9162,1441.7113,696.73755,1441.7113,600550236451583,600550268412052
688.33777,1551.4883,696.73755,1472.1362,600550268588249,600550301860177
653.83057,1544.4868,688.33777,1472.1362,600550302037624,600550333845437
713.88214,1611.299,696.73755,1544.4868,600550333988302,600550368844708
737.42413,1559.3085,696.73755,1544.4868,600550368987885,600550401866010
696.53766,1506.9443,696.73755,1544.4868,600550401991218,600550434364968
655.566,1638.3444,696.73755,1544.4868,600550434489916,600550468211583
605.1746,1540.1765,696.53766,1544.4868,600550469178197,600550506860645
607.8482,1534.1813,655.566,1544.4868,600550506971479,600550538246218
627.094,1526.0854,627.094,1540.1765,600550538443770,600550575186010
542.4955,1506.0505,627.094,1534.1813,600550575360853,600550606350437
534.68414,1557.1179,627.094,1540.1765,600550606538353,600550638663926
569.0524,1537.8564,569.0524,1537.8564,600550638856791,600550674370385
434.6513,1624.7432,569.0524,1540.1765,600550674571687,600550708676478
432.22238,1757.9261,569.0524,1540.1765,600550708863510,600550741492156
371.50333,1773.9402,434.6513,1624.7432,600550741602989,600550771801947
378.04666,1770.9609,432.22238,1757.9261,600550771953770,600550805570072
345.68857,1780.1497,378.04666,1770.9609,600550805681635,600550839382051
416.5899,1810.2235,416.5899,1770.9609,600550839542780,600550870966374
370.2649,1821.2944,378.04666,1780.1497,600550871128666,600550903438405
341.45166,1708.3057,378.04666,1770.9609,600550903597624,600550957526739
343.60843,1490.454,370.2649,1770.9609,600550957611895,600550992564083
294.8618,1523.5125,343.60843,1708.3057,600550992729655,600551030219239
312.5298,1409.2701,343.60843,1523.5125,600551030360176,600551063720228
285.90375,1499.5355,312.5298,1523.5125,600551063846322,600551098012312
280.2696,1477.64,312.5298,1499.5355,600551098180385,600551131767780
271.83228,1491.7534,285.90375,1499.5355,600551131923770,600551165799343
328.45468,1713.8885,312.5298,1499.5355,600551165962520,600551198398510
392.69424,1918.9958,312.5298,1499.5355,600551198494603,600551234689082
427.04025,1938.0454,328.45468,1713.8885,600551234833978,600551267222468
389.84134,1916.8235,389.84134,1916.8235,600551267342364,600551299624082
459.7368,1947.6924,389.84134,1916.8235,600551299717468,600551331504812
461.188,1909.1036,389.84134,1916.8235,600551331656218,600551364142207
458.85583,1863.6721,458.85583,1916.8235,600551365103301,600551395201843
462.14615,1898.0552,458.85583,1909.1036,600551396326582,600551428961634
444.22873,1909.5385,458.85583,1909.5385,600551429095957,600551462960593
425.597,1895.3998,458.85583,1909.1036,600551463090905,600551499295541
430.02527,1888.7692,444.22873,1909.1036,600551500274082,600551531389082
462.26312,1843.8727,458.85583,1895.3998,600551531554343,600551563115020
489.066,1870.4268,458.85583,1888.7692,600551563327780,600551594021009
401.20822,1882.4142,458.85583,1882.4142,600551594141270,600551626724499
478.8013,1901.4507,458.85583,1888.7692,600551626879239,600551662523666
446.6452,1859.4017,458.85583,1882.4142,600551662690853,600551696808457
438.27118,1869.859,458.85583,1882.4142,600551696940436,600551730926270
435.63098,1807.6361,446.6452,1869.859,600551731088666,600551763418457
435.0712,1864.5848,438.27118,1869.859,600551763574655,600551793207832
428.2814,1855.8303,435.63098,1864.5848,600551795369082,600551829453041
439.87033,1839.7798,438.27118,1864.5848,600551830127416,600551862212572
413.666,1869.5251,435.63098,1864.5848,600551862363301,600551896851426
360.32645,1905.1737,435.63098,1864.5848,600551897029603,600551928025176
361.31833,1915.9109,413.666,1869.5251,600551928476843,600551961811999
427.54114,1909.2887,427.54114,1905.1737,600551961932259,600551993180020
410.09946,1841.4178,413.666,1869.5251,600551993286843,600552025678145
423.39578,1892.6143,423.39578,1892.6143,600552038044915,600552072695436
413.35138,1886.3835,413.666,1886.3835,600552072800332,600552105779186
431.5745,1878.6039,423.39578,1886.3835,600552105892311,600552138305072
443.24817,1897.9071,423.39578,1886.3835,600552138411530,600552170691478
430.93304,1849.8485,430.93304,1886.3835,600552170845697,600552222608822
437.6426,1789.63,430.93304,1886.3835,600552222704499,600552257536270
432.5114,1777.1842,430.93304,1849.8485,600552259475280,600552289592884
423.3492,1800.0669,430.93304,1800.0669,600552290936165,600552323567363
409.13092,1818.9194,430.93304,1818.9194,600552325624759,600552357071686
422.94485,1825.832,423.3492,1818.9194,600552363444238,600552393486582
402.59045,1798.2184,422.94485,1818.9194,600552393662103,600552425474811
435.41043,1759.2003,423.3492,1818.9194,600552425633353,600552456640124
433.03345,1767.252,423.3492,1798.2184,600552457857780,600552503546582
366.21103,1967.0958,423.3492,1818.9194,600552503638769,600552539773874
473.69366,2169.1443,423.3492,1818.9194,600552539883144,600552569845488
512.85504,2108.3232,423.3492,1967.0958,600552570034863,600552613096842
568.7269,1880.6272,473.69366,1880.6272,600552613210071,600552644431634
452.9642,2217.021,452.9642,1967.0958,600552644587728,600552678192363
477.7651,1922.4,473.69366,1922.4,600552678362467,600552711170957
398.7722,1734.2401,452.9642,1922.4,600552711332415,600552743690853
399.7861,1551.8439,452.9642,1922.4,600552743823717,600552776234186
419.3507,1537.0116,419.3507,1734.2401,600552776391009,600552808480228
442.05145,1467.076,442.05145,1551.8439,600552808642676,600552845285436
459.3704,1466.5585,442.05145,1537.0116,600552845453561,600552892246530
375.3047,1577.8881,442.05145,1551.8439,600552892356478,600552926599603
420.9736,1645.5399,442.05145,1551.8439,600552926728561,600552962726009
429.8737,1650.7465,429.8737,1577.8881,600552962846478,600552997907311
442.74393,1645.4817,442.05145,1645.4817,600552998003925,600553031580853
463.68597,1656.3634,442.05145,1645.4817,600553031743717,600553064856061
437.41364,1598.7675,442.05145,1645.4817,600553065026321,600553097415280
398.8716,1662.9601,442.05145,1645.4817,600553097603821,600553135306686
341.75818,1663.4755,437.41364,1645.4817,600553135398613,600553170150800
514.59766,1674.3688,442.05145,1662.9601,600553170341582,600553202512311
500.0198,1768.4232,442.05145,1663.4755,600553202729186,600553235002623
575.76025,1739.6646,500.0198,1674.3688,600553235107415,600553266003561
559.8364,1838.9174,500.0198,1739.6646,600553266122571,600553301630852
582.51154,1868.1691,559.8364,1739.6646,600553301739602,600553334959967
595.46326,1846.3168,559.8364,1838.9174,600553335139498,600553389358613
607.6766,1800.5167,582.51154,1800.5167,600553389491634,600553421747623
628.3643,1770.4359,595.46326,1800.5167,600553423910488,600553461348457
598.01715,1815.3206,598.01715,1800.5167,600553461503300,600553495229446
603.11176,1785.011,598.01715,1800.5167,600553495326113,600553529373300
800.18854,1217.9359,598.01715,1800.5167,600553529522259,600553562009498
677.1375,654.5201,603.11176,1785.011,600553562167102,600553598894967
741.9603,595.3024,677.1375,1217.9359,600553599056842,600553632879811
740.6346,511.6123,677.1375,654.5201,600553632998300,600553665386165
735.83215,526.03577,735.83215,595.3024,600553665486581,600553697554081
755.85425,550.21564,735.83215,550.21564,600553697724654,600553731698873
729.3048,650.9237,735.83215,595.3024,600553731804967,600553762984550
727.0449,560.5313,735.83215,560.5313,600553763843456,600553795601790
729.48615,521.33673,729.48615,560.5313,600553795689602,600553826867311
718.58716,606.8688,729.48615,560.5313,600553826987206,600553860754863
668.8065,483.95435,729.48615,560.5313,600553860866633,600553895001008
696.6285,364.18875,718.58716,560.5313,600553895103248,600553928073144
647.4396,350.2589,696.6285,483.95435,600553928201269,600553960760904
678.992,387.8507,696.6285,387.8507,600553960901061,600553994574863
615.78326,393.4631,678.992,393.4631,600553994709654,600554028550800
641.87286,373.72507,678.992,387.8507,600554028719394,600554065964810
646.81445,362.95114,646.81445,387.8507,600554066143717,600554098491790
625.1209,354.4876,646.81445,373.72507,600554099363717,600554131316842
612.60706,365.0665,646.81445,365.0665,600554131434446,600554163582467
617.9678,374.9552,625.1209,373.72507,600554163706113,600554195637571
599.1933,327.90475,617.9678,365.0665,600554195739863,600554228992935
625.22125,356.6364,625.1209,365.0665,600554229069290,600554262740071
588.72266,339.5003,617.9678,356.6364,600554262844758,600554294774498
576.4596,328.85672,617.9678,356.6364,600554294906112,600554327096269
624.3962,303.32877,617.9678,339.5003,600554327240592,600554365186790
601.69086,298.17725,617.9678,328.85672,600554365285904,600554398396373
624.1957,308.9882,617.9678,308.9882,600554398557258,600554434085852
621.3353,356.91705,617.9678,328.85672,600554434277519,600554469281112
605.30725,324.9678,617.9678,324.9678,600554469386633,600554501296842
637.2512,395.15793,617.9678,328.85672,600554501405071,600554536347935
690.80963,408.18515,617.9678,328.85672,600554536534706,600554578309029
617.3115,344.8756,617.9678,344.8756,600554578462519,600554610269289
678.5583,388.23096,617.9678,344.8756,600554610472050,600554644182414
677.1636,414.74957,617.9678,344.8756,600554644346633,600554680060123
808.8356,651.07935,677.1636,388.23096,600554680154498,600554712333612
696.18353,1258.7556,677.1636,414.74957,600554712461946,600554746607883
740.2506,1314.7343,696.18353,651.07935,600554746750591,600554783406008
732.74255,1277.7058,696.18353,1258.7556,600554783567206,600554819272519
732.04767,1245.7513,732.04767,1245.7513,600554819803091,600554852900852
701.09454,1272.4545,701.09454,1258.7556,600554852999758,600554886982675
569.99304,1896.3518,701.09454,1258.7556,600554888911841,600554921609810
577.4724,1785.257,701.09454,1272.4545,600554923737883,600554955468456
601.6592,1815.6302,601.6592,1785.257,600554956708196,600554987825956
567.3153,1803.6962,601.6592,1785.257,600554987958091,600555020255435
595.3558,1766.9991,601.6592,1785.257,600555025555904,600555060615904
557.9531,1762.8939,595.3558,1785.257,600555060772206,600555093010175
537.13824,1601.8726,595.3558,1766.9991,600555093098352,600555123300539
504.2185,1529.493,557.9531,1762.8939,600555124973456,600555156672102
510.78323,1489.7153,537.13824,1601.8726,600555157275748,600555191442466
502.34323,1456.6722,510.78323,1529.493,600555191526164,600555221487414
586.3574,1193.2704,537.13824,1489.7153,600555222955070,600555258616008
562.1871,711.0302,537.13824,1456.6722,600555258725123,600555294828456
586.44934,570.47314,562.1871,1193.2704,600555294988560,600555330559550
569.7516,676.02203,562.1871,711.0302,600555330738925,600555363650800
602.75757,622.1679,569.7516,676.02203,600555363764498,600555399472935
608.8559,687.3218,569.7516,687.3218,600555399591789,600555431435747
559.65344,626.0306,569.7516,676.02203,600555431606737,600555466241164
574.5891,732.98206,569.7516,687.3218,600555467384237,600555500638716
526.8771,714.4901,569.7516,687.3218,600555500744758,600555535309914
582.1768,672.46387,569.7516,687.3218,600555535433300,600555578296893
555.38776,755.32196,569.7516,687.3218,600555578384133,600555609118508
557.79205,796.7554,569.7516,687.3218,600555609308872,600555643086633
527.92755,781.48645,557.79205,755.32196,600555643259185,600555672878143
597.00604,694.7269,569.7516,694.7269,600555673051997,600555706670122
600.05493,799.95764,569.7516,755.32196,600555706813404,600555736522154
602.0251,762.723,597.00604,755.32196,600555736675227,600555773482049
577.21796,801.1561,577.21796,762.723,600555773651112,600555803847935
595.82733,755.34705,595.82733,755.34705,600555804063612,600555835540226
602.16534,870.7379,595.82733,762.723,600555835709445,600555867310226
565.6114,817.11206,595.82733,762.723,600555868140435,600555899153456
571.90753,810.8215,595.82733,810.8215,600555899259185,600555942100435
547.0525,733.678,571.90753,762.723,600555942275018,600555974284341
542.4986,807.71,571.90753,807.71,600555974435018,600556005876008
550.85034,855.6247,550.85034,807.71,600556006791789,600556039039810
565.44617,706.9378,565.44617,807.71,600556039198143,600556077292258
565.3559,695.2331,565.3559,807.71,600556077474758,600556114423976
572.8969,728.8242,565.44617,728.8242,600556114604758,600556149295122
563.10895,767.01495,565.3559,767.01495,600556149389081,600556179852414
549.2223,763.18085,565.3559,763.18085,600556179956685,600556209875174
541.5332,765.5887,563.10895,765.5887,600556210021581,600556251327466
538.7132,834.3894,549.2223,765.5887,600556251470070,600556282475122
581.2094,753.19257,563.10895,765.5887,600556282544653,600556317636476
577.5787,669.1801,563.10895,765.5887,600556319256008,600556353558247
608.8928,803.28436,577.5787,765.5887,600556353687570,600556384984289
559.10504,746.01843,563.10895,765.5887,600556387135226,600556417983455
576.1532,735.80646,576.1532,765.5887,600556449163924,600556485589393
627.21204,890.1305,576.1532,765.5887,600556487570122,600556523272778
526.2627,798.38794,576.1532,765.5887,600556523417778,600556556950018
516.0734,739.62885,576.1532,765.5887,600556557027205,600556585728195
542.5315,804.40564,542.5315,765.5887,600556587347049,600556618107570
654.8019,1564.94,576.1532,765.5887,600556619876164,600556649629132
644.057,1718.1827,576.1532,804.40564,600556651696216,600556682689810
631.193,1550.8914,631.193,1550.8914,600556683681737,600556717922101
594.53894,1573.4645,594.53894,1550.8914,600556720297101,600556756797153
566.8684,1543.267,594.53894,1550.8914,600556758919080,600556792750799
613.54645,1576.5531,594.53894,1550.8914,600556792857622,600556825127414
607.70325,1556.7158,594.53894,1550.8914,600556825296476,600556859567466
586.6879,1600.1816,594.53894,1556.7158,600556859712987,600556892196997
574.1121,1705.0453,594.53894,1556.7158,600556892353507,600556926668664
561.0103,1603.3625,586.6879,1600.1816,600556926791632,600556962331059
544.6108,1635.1465,574.1121,1603.3625,600556962494289,600556999234341
559.827,1721.9174,561.0103,1603.3625,600556999404966,600557032941164
537.3417,1727.9247,559.827,1635.1465,600557033880330,600557066749809
574.8368,1720.8677,561.0103,1720.8677,600557066912309,600557100803559
532.21857,1667.9619,559.827,1667.9619,600557100930539,600557131046320
563.5989,1676.1631,561.0103,1676.1631,600557131544236,600557164235591
530.5386,1595.2028,559.827,1667.9619,600557164336372,600557199201997
472.54602,1671.8893,559.827,1671.8893,600557199319132,600557237321997
523.5118,1745.2572,530.5386,1671.8893,600557237474809,600557273723924
522.4133,1689.1992,523.5118,1671.8893,600557273902049,600557305987518
496.53076,1678.421,523.5118,1678.421,600557306114913,600557335754080
488.84845,1593.2627,522.4133,1671.8893,600557335920330,600557367862518
510.80698,1590.1255,510.80698,1671.8893,600557368041580,600557397917830
520.0748,1536.7231,520.0748,1593.2627,600557398024549,600557431174080
545.5348,1605.0074,520.0748,1605.0074,600557431338976,600557465062830
515.84656,1716.0304,520.0748,1605.0074,600557465242101,600557506914028
552.3699,1692.4653,520.0748,1605.0074,600557507070486,600557538788143
531.23676,1703.945,520.0748,1692.4653,600557538888559,600557569278559
543.4357,1732.5773,531.23676,1692.4653,600557569417570,600557599618299
539.63855,1738.7561,531.23676,1703.945,600557599776372,600557632191476
554.94604,1714.0104,539.63855,1714.0104,600557632356528,600557667151892
523.0857,1676.9893,531.23676,1703.945,600557667339497,600557700345330
546.0916,1591.3308,539.63855,1703.945,600557700487309,600557731150226
578.5721,1625.6211,539.63855,1676.9893,600557731330226,600557763707361
517.7659,1649.8016,539.63855,1649.8016,600557763836945,600557795684236
533.7478,1654.168,539.63855,1654.168,600557795788299,600557829195747
529.3533,1633.6007,533.7478,1649.8016,600557829300434,600557863771319
529.1504,1602.5681,533.7478,1649.8016,600557863910330,600557894917257
548.97546,1590.0455,533.7478,1633.6007,600557895010069,600557929923142
515.4238,1667.3655,533.7478,1649.8016,600557931006580,600557974011059
517.0253,1637.6915,533.7478,1637.6915,600557974211788,600558005365486
498.9123,1705.3315,517.0253,1649.8016,600558005542830,600558036685069
512.40454,1607.433,517.0253,1637.6915,600558037446111,600558069896267
562.68994,1567.4257,517.0253,1637.6915,600558070292726,600558101896111
565.5769,1548.513,517.0253,1607.433,600558102051319,600558132131111
524.70264,1648.1953,524.70264,1637.6915,600558132261528,600558169751371
522.6034,1724.1378,522.6034,1637.6915,600558169955590,600558202786580
474.09665,1628.0801,522.6034,1637.6915,600558202959809,600558232975590
410.72653,2193.956,522.6034,1637.6915,600558233129080,600558267409184
356.89908,2125.0112,474.09665,1637.6915,600558267594705,600558304665226
512.9387,1953.1277,512.9387,1953.1277,600558304834496,600558338534601
578.47845,2094.0125,512.9387,1953.1277,600558338711580,600558372946371
566.23956,2148.3513,512.9387,1953.1277,600558373054132,600558403911319
620.3345,2004.446,566.23956,2004.446,600558404595903,600558435527361
680.88135,1832.8934,566.23956,1953.1277,600558435616215,600558465370173
621.15796,1781.4851,620.3345,1953.1277,600558465516475,600558497311319
645.53125,1713.2979,621.15796,1832.8934,600558497453507,600558531365017
665.3507,1681.9536,621.15796,1781.4851,600558531518507,600558563564861
647.0721,1767.7046,645.53125,1767.7046,600558563688038,600558595641840
627.9492,1777.042,627.9492,1777.042,600558595795486,600558631175173
638.87573,1745.4813,638.87573,1767.7046,600558631387153,600558665028298
609.42487,1607.543,627.9492,1767.7046,600558665202257,600558700316944
636.8247,1678.213,636.8247,1745.4813,600558700481892,600558731309705
612.8865,1666.7336,627.9492,1678.213,600558731432882,600558770008611
575.92114,822.11664,627.9492,1678.213,600558770196111,600558801237777
525.995,559.7428,612.8865,1666.7336,600558801393246,600558831698819
531.95825,521.1519,575.92114,822.11664,600558831884444,600558864366371
540.84985,545.3881,540.84985,559.7428,600558864551215,600558897071319
549.7799,510.92203,549.7799,545.3881,600558897230121,600558928919913
527.5215,570.45276,540.84985,559.7428,600558929019496,600558961555069
569.58167,542.2455,549.7799,545.3881,600558961660486,600558994904496
534.1758,461.51392,540.84985,545.3881,600558995017673,600559027489600
537.0724,512.2537,540.84985,542.2455,600559029657309,600559060844079
513.8332,516.68353,537.0724,516.68353,600559061959757,600559098819861
526.5604,644.0825,537.0724,542.2455,600559098985590,600559130749756
520.38025,702.07806,526.5604,542.2455,600559130867881,600559163423767
489.9878,689.45984,526.5604,644.0825,600559163615329,600559195699444
570.3597,717.9888,526.5604,689.45984,600559195875850,600559230231944
559.6941,740.8582,526.5604,689.45984,600559230359756,600559261843819
563.61554,713.3114,559.6941,713.3114,600559261996423,600559293309756
554.98517,697.9223,554.98517,697.9223,600559293406267,600559324769965
537.8033,661.7004,554.98517,697.9223,600559324874496,600559366417048
550.7994,698.8733,554.98517,697.9223,600559366580850,600559397063975
557.7392,649.1454,554.98517,697.9223,600559397200694,600559429030850
547.2479,692.33966,554.98517,697.9223,600559430086683,600559460966736
559.8826,714.8275,554.98517,697.9223,600559461129965,600559493269704
531.9499,689.1167,554.98517,697.9223,600559493379913,600559529056579
547.2495,746.242,554.98517,697.9223,600559529253558,600559582386996
539.86444,603.65796,547.2495,697.9223,600559582496058,600559617164496
556.53,623.4693,554.98517,697.9223,600559617315485,600559648235381
563.76337,636.5512,554.98517,636.5512,600559648629183,600559682948246
513.02325,633.1408,554.98517,636.5512,600559683115694,600559715536371
554.4283,726.017,554.98517,636.5512,600559715689808,600559747575017
554.0994,597.372,554.4283,636.5512,600559747707621,600559778477517
489.8404,621.2833,554.4283,636.5512,600559778614496,600559811703194
547.6459,697.3598,554.0994,636.5512,600559811821892,600559843896319
548.5267,704.88385,548.5267,636.5512,600559844068662,600559876537517
469.286,721.91833,548.5267,697.3598,600559885402829,600559917174392
515.87787,629.8734,548.5267,636.5512,600559919275954,600559949617777
457.57672,606.8721,515.87787,636.5512,600559949725694,600559979874131
524.7415,579.05133,524.7415,629.8734,600559981757933,600560012611214
547.3971,438.97864,524.7415,606.8721,600560013680850,600560045374912
599.63983,384.28217,524.7415,579.05133,600560047778975,600560085209860
609.0007,410.9783,547.3971,438.97864,600560085388871,600560118115850
624.8569,401.171,599.63983,410.9783,600560118217829,600560149211683
609.1773,382.43112,609.0007,410.9783,600560150731319,600560182208871
593.27185,380.20032,599.63983,401.171,600560182760850,600560213921423
583.2252,381.7605,599.63983,382.43112,600560214514756,600560247018141
565.49005,377.13257,593.27185,381.7605,600560248734860,600560280278194
574.80945,372.93137,583.2252,381.7605,600560282303037,600560316917985
546.2463,347.4503,574.80945,377.13257,600560317070537,600560348306266
267.45776,1041.2401,574.80945,381.7605,600560349539600,600560381199860
359.61407,1718.38,546.2463,381.7605,600560381358714,600560414275016
390.06784,1783.5061,390.06784,1041.2401,600560414438766,600560446536943
392.83948,1791.6389,392.83948,1718.38,600560448355433,600560478482881
415.71042,1845.553,392.83948,1783.5061,600560480609912,600560539828975
413.24203,1831.7241,392.83948,1791.6389,600560539939235,600560581228975
528.0419,1665.6919,413.24203,1783.5061,600560582202881,600560612147360
547.9416,1529.3433,413.24203,1783.5061,600560612323871,600560643813923
571.41565,1591.478,528.0419,1665.6919,600560643982100,600560674247881
600.65765,1579.4349,547.9416,1591.478,600560681596162,600560715379235
591.48035,1597.5632,571.41565,1597.5632,600560717693245,600560753442725
608.92163,1576.7767,591.48035,1591.478,600560753580016,600560786036214
621.1365,1531.5741,591.48035,1591.478,600560786201839,600560822766579
627.00494,1478.9628,608.92163,1576.7767,600560822848245,600560869498922
612.9039,1498.1902,612.9039,1531.5741,600560869700016,600560902719235
531.2693,1457.0018,608.92163,1498.1902,600560902828454,600560933478402
541.97864,1517.9955,608.92163,1517.9955,600560933593297,600560964154495
492.3032,1476.1177,541.97864,1498.1902,600560964304547,600560994789131
496.26938,1588.4337,541.97864,1517.9955,600560994962829,600561032904079
547.3552,1560.6116,541.97864,1517.9955,600561033005068,600561067597047
540.7464,1526.8406,541.97864,1526.8406,600561067789287,600561099616318
558.3277,1801.1759,541.97864,1526.8406,600561099797881,600561131373297
562.724,1886.9174,541.97864,1526.8406,600561131562204,600561165110641
545.5789,1881.6804,545.5789,1801.1759,600561165278297,600561198590172
568.71985,1879.226,545.5789,1879.226,600561198763037,600561230231527
586.34576,1776.1193,545.5789,1801.1759,600561230423402,600561261228193
576.1779,1894.5813,568.71985,1879.226,600561261412933,600561293344339
574.24524,1876.8674,574.24524,1876.8674,600561293536266,600561327404599
578.88855,1881.859,574.24524,1879.226,600561327577776,600561359483037
504.464,1778.2578,574.24524,1876.8674,600561359644287,600561392914183
489.9551,1734.2465,574.24524,1876.8674,600561393092724,600561426854391
503.7371,1711.2028,504.464,1778.2578,600561427036683,600561458872256
534.7892,1663.6664,534.7892,1734.2465,600561459005849,600561492523870
475.16068,1742.3273,504.464,1742.3273,600561492668974,600561525693297
464.0258,1729.0892,504.464,1734.2465,600561525864599,600561559233089
497.01236,1660.8572,497.01236,1734.2465,600561559412620,600561594059651
446.69748,1646.2251,497.01236,1729.0892,600561594225797,600561626351474
455.2905,1675.2465,497.01236,1675.2465,600561626515589,600561658754912
525.56335,1692.0533,497.01236,1692.0533,600561658925641,600561691065068
557.6169,1751.0502,497.01236,1692.0533,600561691227828,600561723816839
517.61804,1802.1771,517.61804,1692.0533,600561724054651,600561760246058
567.2317,1756.5366,517.61804,1751.0502,600561760434495,600561790739703
552.45056,1642.1165,517.61804,1692.0533,600561790921891,600561825573558
518.6712,1800.2019,518.6712,1751.0502,600561825745849,600561861767308
567.7455,1798.2899,518.6712,1751.0502,600561861905745,600561894086110
578.6081,1789.6842,518.6712,1789.6842,600561894276162,600561926102933
549.2626,1775.8838,549.2626,1775.8838,600561926267203,600561958674391
520.3959,1735.689,520.3959,1775.8838,600561958826839,600561996512776
535.8321,1773.722,535.8321,1775.8838,600561996701474,600562027219026
519.9277,1819.1553,520.3959,1775.8838,600562027388401,600562060882464
565.497,1744.7526,535.8321,1775.8838,600562061062412,600562094776162
565.8569,1735.0063,535.8321,1775.8838,600562094946891,600562125192620
539.87445,1771.2,539.87445,1771.2,600562125385068,600562161024443
518.49054,1718.2041,535.8321,1771.2,600562161190172,600562194277203
608.77563,1680.6771,539.87445,1771.2,600562194363609,600562224522516
612.2054,1717.8152,539.87445,1718.2041,600562224699234,600562257052516
562.32275,1702.2715,562.32275,1717.8152,600562257189443,600562288882255
585.32544,1677.4607,562.32275,1717.8152,600562289029703,600562323594078
553.08246,1720.2662,562.32275,1717.8152,600562323768609,600562354027880
572.4052,1719.8069,562.32275,1717.8152,600562354450484,600562386873818
557.801,1743.0162,562.32275,1719.8069,600562386961214,600562428127099
603.901,1694.6228,562.32275,1717.8152,600562428261057,600562458631891
599.1317,1713.6652,562.32275,1717.8152,600562458797047,600562490132776
525.28284,445.0099,562.32275,1713.6652,600562490297620,600562523448453
506.86588,248.76596,562.32275,1713.6652,600562523601057,600562563632255
547.99677,280.06287,547.99677,445.0099,600562563778922,600562596341057
530.9486,297.75443,547.99677,297.75443,600562596544286,600562625799547
535.464,296.0076,547.99677,297.75443,600562625908766,600562657854391
545.66,273.5943,545.66,297.75443,600562658022203,600562690707724
557.98987,274.2318,547.99677,296.0076,600562691004547,600562722812880
548.0341,325.4868,547.99677,297.75443,600562722957828,600562754142724
520.4069,276.7789,547.99677,296.0076,600562754301838,600562785612932
540.94165,281.16113,547.99677,296.0076,600562785726213,600562818910849
523.9516,302.5164,540.94165,296.0076,600562819015797,600562850167515
461.29828,365.9302,540.94165,296.0076,600562850283297,600562885014286
424.20377,588.10913,523.9516,302.5164,600562885099911,600562920923505
490.40402,635.3652,490.40402,365.9302,600562921067151,600562953541005
522.32385,650.41626,522.32385,588.10913,600562953657932,600562987057307
510.43875,761.5326,510.43875,635.3652,600562987162568,600563023448192
514.08563,718.1487,514.08563,650.41626,600563023610276,600563056488661
508.70352,799.77686,510.43875,718.1487,600563056681474,600563090538505
517.5531,721.61316,514.08563,718.1487,600563090711213,600563123283713
456.61835,755.14087,510.43875,721.61316,600563123460432,600563153505328
504.7961,780.7715,510.43875,721.61316,600563153624026,600563187161005
437.7555,700.81714,504.7961,721.61316,600563187229442,600563219850849
559.9832,865.5364,510.43875,721.61316,600563220125849,600563252624807
556.1787,789.0168,510.43875,721.61316,600563252744286,600563284315692
508.46698,806.108,510.43875,789.0168,600563284436109,600563314659182
518.926,803.14264,510.43875,789.0168,600563316325432,600563348716422
492.56522,818.6216,510.43875,803.14264,600563348819599,600563384887255
482.43665,767.10406,510.43875,789.0168,600563384975172,600563418832828
546.60095,732.64465,510.43875,789.0168,600563418921838,600563452442099
488.37445,705.7949,510.43875,767.10406,600563452538244,600563485424442
466.48523,858.58484,510.43875,789.0168,600563485530849,600563519837515
468.2775,1573.9431,488.37445,789.0168,600563519988713,600563556720224
437.62558,1605.588,468.2775,858.58484,600563557564442,600563589112671
412.86978,1628.5677,468.2775,1573.9431,600563589297099,600563621446109
424.35944,1652.1204,437.62558,1605.588,600563621623921,600563654251317
437.35803,1671.006,437.35803,1628.5677,600563654387307,600563689842046
473.89566,1658.2352,437.62558,1652.1204,600563689987776,600563722716578
459.28836,1672.1853,437.62558,1658.2352,600563722891057,600563757747932
441.46768,1657.3041,441.46768,1657.3041,600563757942046,600563793296578
431.6303,1636.8364,437.62558,1657.3041,600563793476265,600563828099963
440.64307,1708.1378,440.64307,1657.3041,600563828266317,600563869158140
438.18457,1683.0109,438.18457,1657.3041,600563869355276,600563901710484
373.20572,1664.5675,438.18457,1664.5675,600563902954859,600563940279130
385.36142,1673.179,438.18457,1664.5675,600563940419494,600563972285223
395.3733,1678.9952,395.3733,1664.5675,600563972416838,600564005727046
364.21356,1699.9131,395.3733,1673.179,600564005820796,600564038804494
650.5825,771.92804,395.3733,1664.5675,600564045872046,600564076919546
639.6367,583.0525,395.3733,1664.5675,600564077055223,600564109692932
645.1833,558.68365,639.6367,771.92804,600564109855588,600564141155796
643.91223,457.5411,639.6367,583.0525,600564143393661,600564176912515
629.16345,479.2992,639.6367,558.68365,600564184583765,600564219697880
667.5595,442.42157,639.6367,479.2992,600564219785484,600564252789025
644.6081,463.00098,639.6367,479.2992,600564252899963,600564287058348
639.33466,408.46793,639.6367,463.00098,600564287233400,600564321503921
654.83453,457.3119,639.6367,463.00098,600564321700380,600564353903452
680.79486,461.15228,639.6367,461.15228,600564354041109,600564389261473
663.7826,476.07764,654.83453,463.00098,600564389382671,600564421706473
640.95557,470.3882,640.95557,463.00098,600564421886109,600564456896525
634.2106,408.65402,640.95557,463.00098,600564457075848,600564488057567
654.0673,440.9565,640.95557,463.00098,600564488195119,600564521343244
634.70026,492.94708,640.95557,463.00098,600564521489754,600564552387515
624.77875,426.7709,640.95557,463.00098,600564552502984,600564586437984
622.395,435.5353,634.70026,463.00098,600564586589286,600564619746369
631.922,447.50952,631.922,447.50952,600564619929546,600564651950484
615.93695,437.227,631.922,447.50952,600564652152671,600564685108973
626.49054,414.05237,631.922,447.50952,600564685239442,600564719022098
629.5769,436.997,629.5769,437.227,600564719121525,600564751858713
599.89264,436.0605,629.5769,436.997,600564752066369,600564812575483
596.85345,427.78217,629.5769,436.997,600564812689233,600564848810067
562.2555,640.07697,599.89264,436.997,600564848907046,600564881513556
328.59225,1794.5724,596.85345,436.997,600564881616369,600564915187306
470.91592,2105.7812,562.2555,640.07697,600564915292411,600564950125900
481.42606,2023.6086,481.42606,1794.5724,600564950257411,600564986331994
449.94086,2008.282,481.42606,2008.282,600564986413296,600565019282983
433.35443,1953.3066,481.42606,1953.3066,600565019401473,600565052879233
410.39368,1979.9213,449.94086,1979.9213,600565053034598,600565085661004
445.6502,1936.0886,445.6502,1953.3066,600565085803765,600565123149390
434.54633,1749.1477,445.6502,1953.3066,600565123303713,600565156807671
469.01865,1719.2587,445.6502,1936.0886,600565156985015,600565193376108
402.3609,1720.367,445.6502,1749.1477,600565193524285,600565224205744
410.79993,1647.7208,445.6502,1720.367,600565224386733,600565260246890
377.9277,1751.1625,410.79993,1749.1477,600565260422306,600565312208452
421.1954,1698.1287,421.1954,1720.367,600565312303608,600565346563921
365.52493,1722.4934,410.79993,1722.4934,600565348813504,600565380750952
356.80594,1696.4615,410.79993,1720.367,600565380847931,600565411671994
354.2002,1605.9714,365.52493,1720.367,600565413274181,600565449402098
373.00107,1557.4335,373.00107,1696.4615,600565449563660,600565482468087
331.5332,1648.6007,365.52493,1648.6007,600565482551369,600565523222514
608.6284,1100.5392,373.00107,1648.6007,600565523433139,600565556336369
616.5382,493.35992,373.00107,1648.6007,600565556430952,600565588431317
595.12866,462.46915,595.12866,1100.5392,600565588619285,600565620732827
614.92865,479.6977,595.12866,493.35992,600565620828973,600565653531994
600.8602,469.60593,595.12866,479.6977,600565653972879,600565685711629
608.1807,579.09174,600.8602,493.35992,600565685841264,600565718277306
616.7525,537.0242,600.8602,493.35992,600565718439650,600565758299962
599.3379,585.1982,600.8602,537.0242,600565758402098,600565807747254
551.3159,517.74524,600.8602,517.74524,600565807867671,600565839698296
560.4466,478.79245,599.3379,517.74524,600565844425691,600565878842254
558.6473,531.3966,560.4466,517.74524,600565878993868,600565909529962
546.1441,500.4989,560.4466,517.74524,600565909634285,600565938384962
553.4498,473.8696,558.6473,517.74524,600565940107723,600565971921577
563.0886,513.36,560.4466,513.36,600565975518973,600566004968556
560.41534,519.32635,560.41534,517.74524,600566013813243,600566047017723
538.7879,506.47934,560.41534,513.36,600566047195796,600566085439598
606.3705,552.7373,560.41534,517.74524,600566085581108,600566118340327
625.2915,472.10953,560.41534,513.36,600566118443087,600566154336681
598.33673,486.25027,598.33673,513.36,600566154515691,600566189004650
645.0475,469.35147,598.33673,486.25027,600566189202045,600566230615223
618.40375,585.9172,598.33673,513.36,600566230793087,600566267128035
618.99744,600.0673,618.40375,513.36,600566267326577,600566310583608
514.6111,553.65155,598.33673,553.65155,600566310702410,600566346485535
450.16095,592.5075,598.33673,553.65155,600566346632254,600566378808400
415.92053,584.23206,514.6111,553.65155,600566378905118,600566418900275
410.8578,596.0737,450.16095,584.23206,600566418981472,600566452678087
439.00662,608.6572,439.00662,584.23206,600566452793191,600566486259858
402.37823,559.82245,439.00662,584.23206,600566486377306,600566524107618
441.0729,569.9148,439.00662,584.23206,600566524311577,600566556792722
451.2565,506.9131,439.00662,569.9148,600566556990899,600566594588139
404.95914,543.1291,439.00662,569.9148,600566594750639,600566626948452
528.7585,591.7008,439.00662,569.9148,600566627127514,600566659665379
505.44516,606.58276,439.00662,569.9148,600566660809597,600566690758972
575.5664,548.9226,505.44516,569.9148,600566690867879,600566721974597
579.48706,595.26917,505.44516,569.9148,600566724311160,600566759326576
525.98486,633.75903,525.98486,569.9148,600566759442149,600566792044649
516.5502,655.5596,516.5502,595.26917,600566792239337,600566855090951
539.2717,642.3605,525.98486,633.75903,600566855190847,600566889761681
513.1176,624.1295,516.5502,624.1295,600566889993347,600566934370222
548.9843,654.60657,525.98486,633.75903,600566934826889,600566969128764
540.47144,612.4921,525.98486,624.1295,600566969330431,600567008560170
569.43884,647.5788,540.47144,633.75903,600567008708347,600567043869441
514.4945,617.89276,525.98486,624.1295,600567046033191,600567078295222
547.5495,587.43823,540.47144,624.1295,600567079224285,600567110722201
537.2691,627.39124,537.2691,624.1295,600567112108087,600567146045014
501.068,658.101,537.2691,624.1295,600567147966264,600567179653503
530.7447,624.79517,537.2691,624.79517,600567180675899,600567223600483
554.5724,508.81787,537.2691,624.1295,600567223785326,600567256091212
572.2644,443.42065,537.2691,624.1295,600567256258660,600567288276680
549.4999,417.9475,549.4999,508.81787,600567288473660,600567334600847
527.86487,380.60004,537.2691,443.42065,600567334805118,600567365705222
528.6165,368.5038,537.2691,417.9475,600567365855274,600567397992097
555.57904,345.45053,537.2691,380.60004,600567398143816,600567433373295
555.0138,376.22195,537.2691,376.22195,600567433563243,600567464861212
562.8062,387.06683,555.0138,380.60004,600567465046837,600567496832045
568.93146,380.1337,555.0138,380.1337,600567497018920,600567528539128
574.4064,419.91733,562.8062,380.60004,600567528666264,600567560056785
584.7877,393.99542,568.93146,380.60004,600567560164649,600567598226264
540.8964,382.66415,562.8062,382.66415,600567598356160,600567632139337
595.0813,401.00763,568.93146,382.66415,600567632306003,600567665153347
552.72595,373.8829,562.8062,382.66415,600567665343034,600567698671837
603.9034,398.49542,568.93146,382.66415,600567698857097,600567729822670
636.59644,438.99,568.93146,382.66415,600567729998920,600567761817878
652.39075,442.13675,603.9034,398.49542,600567761953555,600567793711107
665.43066,439.07593,636.59644,438.99,600567794150222,600567827854128
654.557,452.54147,652.39075,439.07593,600567829678139,600567861898347
675.3729,501.9558,654.557,439.07593,600567862072514,600567894060899
687.5027,506.65552,654.557,452.54147,600567894227566,600567932737514
683.0181,498.85205,675.3729,498.85205,600567932889857,600567965204024
704.7431,533.2149,683.0181,498.85205,600567965365378,600568001709389
686.2122,551.81683,683.0181,498.85205,600568001847930,600568035061159
693.4644,520.6097,686.2122,520.6097,600568035198191,600568067578191
713.5133,487.0194,686.2122,498.85205,600568067768920,600568098877878
694.37836,554.1589,693.4644,520.6097,600568098976784,600568129429284
737.5679,516.8625,694.37836,516.8625,600568129585534,600568161771680
606.2976,618.9812,693.4644,520.6097,600568162294545,600568194061576
524.4067,749.7619,693.4644,520.6097,600568194231524,600568251795170
483.12628,804.09357,606.2976,618.9812,600568251893034,600568286744024
481.1132,838.424,524.4067,749.7619,600568286954232,600568320721003
464.45068,805.7631,483.12628,804.09357,600568320910847,600568353405013
508.64154,776.8947,508.64154,776.8947,600568353617097,600568386628607
397.34415,748.56445,483.12628,776.8947,600568386746784,600568417201993
379.39383,708.6396,483.12628,776.8947,600568417305274,600568450765378
389.50412,672.4457,397.34415,748.56445,600568450890378,600568482066888
387.52856,719.2172,389.50412,719.2172,600568482165795,600568515394857
402.1325,701.402,397.34415,719.2172,600568515563399,600568546849649
579.68713,1263.6587,397.34415,719.2172,600568546997357,600568579628972
499.09348,1311.0757,402.1325,719.2172,600568579781055,600568611620951
521.4313,1457.7432,499.09348,1263.6587,600568611755951,600568642552513
525.9802,1471.2886,499.09348,1311.0757,600568642687513,600568677511055
559.3655,1484.4209,521.4313,1457.7432,600568677680117,600568711557513
541.6264,1416.146,525.9802,1416.146,600568711731055,600568751623763
536.33136,1500.4341,536.33136,1457.7432,600568751819024,600568786907930
545.67004,1554.3835,536.33136,1457.7432,600568787096940,600568818820690
468.24515,1758.0228,536.33136,1500.4341,600568818985690,600568859597617
485.3758,1732.9706,536.33136,1554.3835,600568859810065,600568897431576
483.4714,1770.7269,485.3758,1732.9706,600568897606107,600568929887461
484.21268,1729.95,485.3758,1729.95,600568930015899,600568960845794
453.237,1842.829,484.21268,1732.9706,600568961007305,600568995128190
475.43784,1776.2798,484.21268,1732.9706,600568995226940,600569027635326
469.73138,1891.5563,475.43784,1776.2798,600569027784857,600569057503711
475.1345,1893.0741,475.43784,1776.2798,600569057627409,600569090371003
465.94873,1884.8228,475.1345,1884.8228,600569090485378,600569122063919
431.8315,1862.9113,475.1345,1862.9113,600569122199232,600569156187565
434.92572,1883.868,465.94873,1883.868,600569156361263,600569192290638
408.4817,1809.8018,434.92572,1862.9113,600569192382982,600569236661419
434.92532,1843.8206,434.92572,1862.9113,600569236764857,600569267567565
469.44028,1835.3378,434.92572,1843.8206,600569267662669,600569300234857
378.6745,1831.0884,434.92572,1843.8206,600569300337253,600569330850690
380.43347,1854.0449,434.92572,1843.8206,600569331058398,600569363601680
359.25116,1856.4396,380.43347,1843.8206,600569363740325,600569394682565
310.95462,1892.5071,380.43347,1854.0449,600569394829857,600569425062982
315.24597,1896.6178,359.25116,1856.4396,600569425268971,600569456959336
323.36197,1899.9144,323.36197,1892.5071,600569457126680,600569489100690
303.59537,1905.2673,323.36197,1896.6178,600569489205221,600569524068398
333.68906,1842.9854,323.36197,1892.5071,600569524178138,600569553764909
317.19052,1919.6826,323.36197,1896.6178,600569553882409,600569587114857
333.22348,1916.6785,323.36197,1896.6178,600569587274075,600569618852930
388.97446,1801.829,323.36197,1896.6178,600569619014440,600569648967409
394.9042,1746.0498,333.22348,1896.6178,600569649130586,600569685759648
396.8726,1766.7667,388.97446,1801.829,600569685908971,600569716692565
445.63153,1751.6985,394.9042,1766.7667,600569716855794,600569749181471
396.70633,1857.0382,396.70633,1801.829,600569749296367,600569785799075
421.622,1862.901,396.70633,1801.829,600569785983294,600569815785742
405.8937,1808.3767,396.70633,1808.3767,600569815966159,600569850839804
388.4629,1808.6208,396.70633,1808.3767,600569851006732,600569888802565
384.5125,1805.2544,396.70633,1808.3767,600569888906523,600569920740273
375.27408,1827.9423,388.4629,1808.3767,600569920843450,600569977988607
399.2914,1815.7852,396.70633,1808.3767,600569978082148,600570010169336
379.75696,1825.2363,388.4629,1815.7852,600570010583346,600570047034752
400.3958,2055.6565,396.70633,1815.7852,600570047128502,600570082058502
420.40103,2090.482,396.70633,1825.2363,600570082227044,600570118675221
399.01263,2137.1672,399.01263,2055.6565,600570118794440,600570151947565
455.40186,1966.1039,399.01263,1966.1039,600570152201159,600570189011263
549.75,2092.8457,399.01263,2055.6565,600570189224336,600570223754596
562.2242,1705.6558,455.40186,1966.1039,600570223949804,600570260161523
445.35327,1567.8678,445.35327,1966.1039,600570260286315,600570292382356
449.42734,1494.7305,449.42734,1705.6558,600570292503763,600570324833606
461.98395,1563.964,449.42734,1567.8678,600570325013138,600570356436731
482.81577,1491.3759,449.42734,1563.964,600570356614908,600570389763450
463.10446,1519.3497,461.98395,1563.964,600570389911367,600570422691523
447.53766,1548.6544,449.42734,1548.6544,600570422784544,600570465226315
416.3002,1528.2513,449.42734,1548.6544,600570465394648,600570499620273
418.07745,1571.3416,447.53766,1548.6544,600570499752148,600570531480950
436.27335,1577.6671,436.27335,1548.6544,600570531819804,600570565593346
396.9954,1511.2909,436.27335,1548.6544,600570571057721,600570606149440
404.42242,1474.8258,436.27335,1548.6544,600570606271731,600570642632044
651.9839,1068.2526,436.27335,1511.2909,600570643810169,600570675801835
623.78015,361.01953,436.27335,1474.8258,600570676096992,600570709125169
588.5495,384.43228,588.5495,1068.2526,600570709586419,600570743775690
591.3706,340.53885,588.5495,384.43228,600570743935950,600570775973815
580.2773,366.9687,588.5495,384.43228,600570776146471,600570810816835
572.55505,386.7211,588.5495,384.43228,600570810943137,600570843115221
586.2332,378.03757,586.2332,384.43228,600570843269179,600570874883033
582.1023,382.64362,586.2332,384.43228,600570875040533,600570908097669
403.79422,384.58588,586.2332,384.43228,600570908260585,600570947901731
405.2919,458.1109,582.1023,384.43228,600570948473085,600570981700533
388.76144,399.759,405.2919,384.58588,600570981812252,600571017332044
373.75272,393.84436,405.2919,393.84436,600571017498085,600571053283242
368.84256,379.27087,388.76144,384.58588,600571053387825,600571085232044
364.1308,703.95715,373.75272,393.84436,600571085414439,600571120878971
474.1766,1511.9957,388.76144,393.84436,600571120995064,600571155791627
443.19998,1542.5327,388.76144,703.95715,600571155904335,600571188670169
408.64624,1540.19,408.64624,1511.9957,600571188879075,600571220950221
469.24054,1507.347,408.64624,1507.347,600571221099856,600571253632512
453.74622,1537.102,408.64624,1511.9957,600571253738033,600571285883294
470.1849,1516.5306,453.74622,1511.9957,600571285989856,600571319397408
440.5177,1539.8208,440.5177,1516.5306,600571319568606,600571361130064
529.7989,1510.1729,453.74622,1511.9957,600571361267564,600571393274543
582.75183,1493.7731,453.74622,1511.9957,600571393434648,600571429598450
562.7384,1484.6859,529.7989,1510.1729,600571429796366,600571461410168
596.3531,1414.2748,562.7384,1493.7731,600571461490898,600571492817200
539.5268,1486.0459,539.5268,1486.0459,600571492960793,600571523146939
523.97046,1492.4307,539.5268,1492.4307,600571523314543,600571554779960
540.07654,1543.985,539.5268,1492.4307,600571554946366,600571586983450
769.3985,926.72534,539.5268,1492.4307,600571587092408,600571617629179
788.6472,406.83444,540.07654,1492.4307,600571617747460,600571653839075
740.8431,390.92337,740.8431,926.72534,600571654201627,600571686461262
715.9979,428.52213,715.9979,428.52213,600571686576470,600571728737616
712.61224,361.61166,715.9979,428.52213,600571728899075,600571764418658
712.3269,352.881,715.9979,428.52213,600571764573710,600571794617720
730.51556,440.9157,715.9979,428.52213,600571794792512,600571824487252
746.623,416.07898,715.9979,428.52213,600571824602668,600571859516731
724.9807,380.80814,724.9807,428.52213,600571859662408,600571891673033
670.89026,407.0534,715.9979,416.07898,600571892607877,600571923604804
668.19025,433.4466,715.9979,428.52213,600571923794127,600571953796470
627.19196,443.90768,670.89026,428.52213,600571953987720,600571987499127
457.84735,493.3294,668.19025,433.4466,600571988605741,600572018250949
377.7199,455.35028,627.19196,443.90768,600572018354752,600572049721574
363.97763,473.1019,457.84735,455.35028,600572049838658,600572082658814
312.80905,631.02515,377.7199,455.35028,600572082754335,600572114873189
343.22876,1419.8843,363.97763,473.1019,600572114985116,600572146017147
505.65826,2107.5457,377.7199,631.02515,600572146123918,600572175948137
450.59805,2109.2131,377.7199,1419.8843,600572176155585,600572209780585
496.21106,1931.8102,450.59805,1931.8102,600572209859387,600572242415116
411.23257,1723.7949,411.23257,1723.7949,600572242595741,600572276420949
411.71057,1626.8103,411.71057,1723.7949,600572276595637,600572308189022
415.96906,1586.3967,411.71057,1723.7949,600572308268866,600572339253501
400.36923,1544.0311,411.71057,1626.8103,600572339372304,600572371665012
380.84155,1567.3737,411.71057,1586.3967,600572371877824,600572404474647
368.6876,1519.4574,400.36923,1567.3737,600572404641314,600572436746835
376.25284,1523.8843,380.84155,1567.3737,600572436924803,600572467646731
340.0866,1509.9604,376.25284,1523.8843,600572467758710,600572499755793
373.5596,1555.2957,376.25284,1555.2957,600572500164543,600572530734595
388.40012,1536.3226,376.25284,1536.3226,600572535168606,600572569835845
363.5874,1466.7574,376.25284,1536.3226,600572570013033,600572602898345
333.92276,1498.412,376.25284,1536.3226,600572603907043,600572641767199
366.54355,1553.9658,366.54355,1536.3226,600572643870324,600572678157355
356.17645,1550.0643,366.54355,1536.3226,600572678282095,600572711698293
328.90012,1395.0316,366.54355,1536.3226,600572711841887,600572745739491
267.925,1131.6875,356.17645,1536.3226,600572745842512,600572776439595
290.21066,1041.5784,328.90012,1395.0316,600572776598918,600572809937043
283.04147,961.69543,290.21066,1131.6875,600572810107772,600572840919387
289.67862,964.07806,290.21066,1041.5784,600572841078189,600572875012772
289.54276,939.87854,289.67862,964.07806,600572875182407,600572907720949
289.6001,961.40247,289.67862,964.07806,600572907896991,600572938337616
277.527,973.3732,289.6001,964.07806,600572938494543,600572971756262
631.5428,1040.1755,289.67862,964.07806,600572971910012,600573015594074
693.745,1072.7275,289.67862,973.3732,600573015711991,600573048588189
750.5603,1060.9897,631.5428,1040.1755,600573048727876,600573083560793
742.8767,1017.45654,693.745,1017.45654,600573084643814,600573114590480
771.1137,1035.4061,742.8767,1035.4061,600573114696834,600573147524959
780.8175,1041.5625,742.8767,1035.4061,600573147628189,600573178860584
706.296,1066.2555,742.8767,1035.4061,600573179036887,600573212077616
742.6579,1000.9976,742.8767,1035.4061,600573212275064,600573245840220
752.4006,1038.1008,742.8767,1035.4061,600573245998657,600573278369907
772.4441,1052.7867,742.8767,1035.4061,600573278553605,600573311657980
635.55414,1096.764,742.8767,1038.1008,600573311864751,600573343884595
381.07022,1849.911,742.8767,1052.7867,600573344086157,600573378146730
351.7016,2013.324,635.55414,1096.764,600573378306626,600573412197407
401.03308,1325.8505,401.03308,1325.8505,600573412387459,600573446116261
439.40378,1700.8447,439.40378,1325.8505,600573446231886,600573489665011
494.03226,1103.4601,439.40378,1325.8505,600573489858866,600573522292720
451.17355,944.88776,439.40378,1325.8505,600573522423241,600573554255428
486.95618,865.36615,451.17355,1103.4601,600573554414907,600573586644595
448.92453,848.6139,448.92453,944.88776,600573586795011,600573617613241
477.65033,852.4581,451.17355,865.36615,600573617758866,600573649351105
490.94336,823.5643,451.17355,852.4581,600573651296105,600573681900897
471.19092,747.41327,471.19092,852.4581,600573682007772,600573715304595
485.817,712.4378,471.19092,823.5643,600573715427355,600573748926574
469.01678,698.35876,471.19092,747.41327,600573749443865,600573782883813
481.0705,709.13873,471.19092,712.4378,600573783043761,600573816506001
490.17148,686.97046,471.19092,709.13873,600573816621209,600573848870428
486.7576,658.7426,481.0705,709.13873,600573849329595,600573883982772
555.03955,632.2229,486.7576,686.97046,600573884177720,600573922429386
567.11774,343.81564,486.7576,658.7426,600573922533501,600573954526417
586.5197,387.63437,555.03955,632.2229,600573954696522,600573985562407
634.02783,409.73685,567.11774,409.73685,600573985706209,600574019662511
628.8684,386.8376,586.5197,409.73685,600574019841990,600574050646001
631.2107,377.42343,628.8684,409.73685,600574050783917,600574082008397
613.3699,391.93143,613.3699,391.93143,600574082101105,600574113327095
616.60736,384.89417,616.60736,391.93143,600574113443188,600574144404803
577.6751,352.5022,613.3699,391.93143,600574144587511,600574178547824
575.3423,343.2932,613.3699,384.89417,600574178656157,600574212369230
607.49713,349.6749,607.49713,352.5022,600574212478292,600574247096782
594.2266,363.5661,607.49713,363.5661,600574247205272,600574281410219
627.92633,367.49728,607.49713,363.5661,600574281511886,600574334604542
686.28015,464.73288,607.49713,363.5661,600574334784647,600574367030167
661.1901,436.80176,627.92633,367.49728,600574368132876,600574399961782
668.86804,411.8997,661.1901,411.8997,600574400091313,600574460310428
683.20294,438.3261,661.1901,411.8997,600574460421209,600574496402511
728.9175,438.9251,668.86804,411.8997,600574496542667,600574530920428
685.09094,418.9368,683.20294,418.9368,600574533185949,600574563857459
672.4315,421.75668,672.4315,418.9368,600574564796626,600574596520636
661.5955,433.2507,672.4315,418.9368,600574596592980,600574630961938
688.1085,443.14752,672.4315,421.75668,600574631175219,600574663803188
695.80096,416.76193,672.4315,418.9368,600574665512407,600574697532459
680.6675,444.62277,680.6675,421.75668,600574699287771,600574732209334
707.2279,423.62137,680.6675,421.75668,600574732345219,600574771548344
716.8816,473.7462,680.6675,423.62137,600574771647980,600574804528553
713.68585,452.21735,707.2279,423.62137,600574804624646,600574834338605
703.69934,485.0203,703.69934,452.21735,600574834519125,600574867367250
682.89655,421.7188,703.69934,423.62137,600574874427094,600574909822615
653.76056,442.2198,703.69934,442.2198,600574909921261,600574954107980
636.34186,470.37845,682.89655,442.2198,600574955357667,600574987564178
634.81976,468.1117,653.76056,442.2198,600574987757875,600575017278605
688.2659,468.44464,682.89655,468.1117,600575017455688,600575049089855
652.2718,383.79788,653.76056,442.2198,600575049255167,600575091000271
636.26794,329.6349,653.76056,442.2198,600575091184282,600575124217927
606.08514,344.06738,652.2718,383.79788,600575124328188,600575154414021
588.7441,370.25223,636.26794,370.25223,600575154526105,600575185096365
601.42957,349.34067,606.08514,370.25223,600575185276000,600575218426990
608.24365,335.1475,608.24365,370.25223,600575218560323,600575248369646
643.0629,292.14252,608.24365,349.34067,600575248525948,600575281798813
603.388,336.51608,608.24365,336.51608,600575281964386,600575313003813
612.9438,354.06778,608.24365,349.34067,600575313089698,600575345896261
576.8572,315.21936,608.24365,336.51608,600575347518136,600575377805532
602.68933,335.8498,608.24365,336.51608,600575377906261,600575410266000
618.4879,364.72748,608.24365,336.51608,600575410375688,600575442168032
841.185,1391.099,608.24365,336.51608,600575442983344,600575475390271
713.3854,1944.6597,618.4879,364.72748,600575475542146,600575507182771
701.4666,1896.9579,701.4666,1391.099,600575507296000,600575538834750
619.14154,1870.5438,619.14154,1870.5438,600575540527042,600575573331365
625.16364,1861.0411,625.16364,1861.0411,600575573426313,600575607883240
646.7644,1835.0157,625.16364,1861.0411,600575608142198,600575645478604
617.48944,1841.5541,625.16364,1861.0411,600575645612875,600575678369281
625.2739,1807.7314,625.16364,1841.5541,600575678472979,600575711317979
677.86456,1821.2804,625.16364,1841.5541,600575711422615,600575757785479
588.1988,1683.0254,625.16364,1821.2804,600575757908083,600575792722146
579.0965,1624.7797,625.16364,1821.2804,600575792839125,600575826260011
580.7935,1579.8701,588.1988,1683.0254,600575832616886,600575864168761
543.81647,1520.4949,580.7935,1624.7797,600575864296052,600575898811261
578.8178,1548.2806,580.7935,1579.8701,600575901540271,600575935155479
531.7252,1504.0596,578.8178,1548.2806,600575935314229,600575966157615
548.1777,1563.9453,578.8178,1563.9453,600575966294542,600576002504802
505.0337,1589.4154,548.1777,1563.9453,600576002590896,600576038816417
427.9031,1553.4255,548.1777,1563.9453,600576038937615,600576070761469
379.19394,1442.8564,505.0337,1563.9453,600576070909854,600576103361677
394.7474,1420.5204,427.9031,1553.4255,600576103532667,600576138514906
382.18796,1489.1863,394.7474,1489.1863,600576138672667,600576174849854
392.402,1465.5273,394.7474,1489.1863,600576175019698,600576207186052
358.8912,1459.3635,392.402,1489.1863,600576207366312,600576241455375
408.39444,1421.968,394.7474,1465.5273,600576241546573,600576273858969
403.64252,1562.4545,394.7474,1489.1863,600576273960219,600576306761365
505.20914,1691.7339,403.64252,1489.1863,600576306869698,600576341724542
551.3438,1773.9568,403.64252,1562.4545,600576341830427,600576379453708
577.06793,1808.9545,505.20914,1691.7339,600576379682771,600576411323031
590.38916,1853.7025,551.3438,1773.9568,600576411434281,600576443557719
560.7705,1855.3077,560.7705,1808.9545,600576444088656,600576476970479
549.0634,1876.235,551.3438,1853.7025,600576477428969,600576510461677
577.73694,1865.6681,560.7705,1855.3077,600576510558500,600576545527719
588.38617,1825.3328,560.7705,1853.7025,600576545710739,600576577158969
584.8261,1839.3647,577.73694,1853.7025,600576578805323,600576609022302
633.05365,1884.1976,584.8261,1853.7025,600576609126364,600576642919698
716.3759,1411.7904,584.8261,1853.7025,600576643024281,600576677134073
712.9599,1247.4061,633.05365,1853.7025,600576677270896,600576708676833
721.6658,1244.427,712.9599,1411.7904,600576708790583,600576741180114
739.9508,1282.6912,712.9599,1282.6912,600576741289229,600576772827406
742.7342,1254.515,721.6658,1282.6912,600576772972146,600576807106573
760.3611,1220.65,739.9508,1282.6912,600576807192823,600576862278448
699.9414,1230.2043,721.6658,1254.515,600576862419698,600576894048083
505.1436,581.80646,721.6658,1230.2043,600576894154333,600576934402354
458.86813,462.38107,699.9414,1230.2043,600576934507198,600576964477823
494.68335,415.15753,505.1436,581.80646,600576966338500,600576999587406
441.75616,426.43338,494.68335,462.38107,600577001241208,600577037374906
447.11765,427.91864,494.68335,427.91864,600577037513083,600577070397145
484.29428,397.68158,484.29428,427.91864,600577070537510,600577103526729
446.83243,489.19415,484.29428,427.91864,600577103686937,600577137363552
590.04663,502.77936,484.29428,427.91864,600577137461729,600577170668291
591.20807,637.5337,484.29428,489.19415,600577170767562,600577204174593
604.4578,613.0018,590.04663,502.77936,600577204974437,600577238826781
613.12866,544.66144,591.20807,544.66144,600577238940062,600577274275218
625.7448,640.83923,604.4578,544.66144,600577274381000,600577321498239
655.9188,586.1675,613.12866,544.66144,600577321629541,600577364355635
583.10156,537.9263,604.4578,544.66144,600577364530791,600577397915010
438.8258,397.4893,604.4578,544.66144,600577398035062,600577430833604
464.85663,387.68063,583.10156,537.9263,600577430994906,600577462799229
382.86557,385.03397,464.85663,397.4893,600577464905895,600577496617458
387.6988,497.7421,464.85663,497.7421,600577498259697,600577529148812
352.112,465.3224,387.6988,465.3224,600577531220635,600577564567406
357.27832,442.3379,387.6988,465.3224,600577565206416,600577594869124
419.07788,431.8653,387.6988,465.3224,600577596790062,600577628757718
396.7598,405.7904,387.6988,442.3379,600577630554229,600577660626468
398.4624,418.11966,396.7598,431.8653,600577663246104,600577698321260
398.7497,459.98486,396.7598,442.3379,600577701970270,600577734730218
378.47537,480.16354,396.7598,442.3379,600577734860791,600577763778708
580.49786,471.8371,396.7598,459.98486,600577765535010,600577795898916
597.5201,444.2592,396.7598,444.2592,600577796090947,600577828427197
589.8029,438.1661,580.49786,444.2592,600577828556676,600577860646989
597.2872,436.26968,589.8029,444.2592,600577861515583,600577896973187
622.3779,403.77014,589.8029,438.1661,600577897078135,600577929012770
606.01245,385.0364,597.2872,436.26968,600577929295270,600577960579697
606.432,393.76715,606.01245,403.77014,600577961359228,600577994747093
621.72925,408.01074,606.01245,408.01074,600577996437145,600578026306885
633.9963,348.03268,606.432,403.77014,600578033565478,600578066830635
592.8916,359.89017,606.01245,403.77014,600578067373187,600578102371208
600.7797,424.99072,606.01245,403.77014,600578102483447,600578134570166
611.5966,428.03125,606.01245,403.77014,600578134745530,600578167989593
594.1494,497.98007,606.01245,424.99072,600578168142614,600578201224853
495.3299,954.8667,606.01245,428.03125,600578201381572,600578241669749
458.70712,1033.7712,594.1494,497.98007,600578241784697,600578274207301
463.3767,996.5628,495.3299,954.8667,600578274370322,600578310218760
473.1766,966.3959,473.1766,966.3959,600578310393864,600578350768864
465.50583,1021.39343,473.1766,966.3959,600578350959020,600578385887353
437.5729,1450.9587,473.1766,966.3959,600578386018187,600578418542978
437.40686,1552.1599,465.50583,1021.39343,600578418644957,600578451485062
482.74023,1596.9725,473.1766,1450.9587,600578451692041,600578485043603
425.09448,1619.6265,465.50583,1552.1599,600578485203343,600578517883343
451.44064,1669.4255,465.50583,1596.9725,600578517994332,600578550524072
445.50958,1568.829,451.44064,1568.829,600578550724332,600578582213655
449.882,1620.6926,451.44064,1596.9725,600578582409645,600578612409176
475.89728,1644.3965,451.44064,1596.9725,600578612638603,600578645869801
473.77725,1654.5066,451.44064,1620.6926,600578646050322,600578677586780
463.97873,1671.1826,463.97873,1644.3965,600578677899853,600578710567041
404.43,1650.1077,451.44064,1650.1077,600578710698082,600578744985843
308.74167,1664.1373,451.44064,1650.1077,600578745123603,600578802158811
255.02844,1622.2672,404.43,1650.1077,600578802273864,600578838450426
283.2855,1620.775,308.74167,1650.1077,600578838571311,600578874328655
254.40237,1540.4543,283.2855,1622.2672,600578874822145,600578906193811
271.96695,1498.1322,283.2855,1620.775,600578906368499,600578938626884
461.48447,1548.2166,283.2855,1548.2166,600578938728239,600578971297613
480.03555,1509.8849,283.2855,1548.2166,600578971388499,600579004577561
499.88425,1540.9518,461.48447,1548.2166,600579004675843,600579064622249
549.2892,1497.6256,480.03555,1540.9518,600579064723447,600579094015686
538.84973,1556.4718,499.88425,1548.2166,600579094135634,600579129369020
566.6362,1511.6764,538.84973,1540.9518,600579129520947,600579165006832
493.70016,1545.8597,499.88425,1545.8597,600579165092249,600579197853186
519.39795,1545.747,519.39795,1545.747,600579197943186,600579227907040
353.02936,611.1725,499.88425,1545.747,600579228191259,600579259690218
367.9157,516.1911,499.88425,1545.747,600579260756311,600579322825738
415.4463,408.76505,415.4463,611.1725,600579322970843,600579362006780
320.85782,516.5659,415.4463,516.5659,600579362179020,600579393834645
405.8683,440.2376,415.4463,516.5659,600579395042353,600579427274072
441.3957,445.23856,415.4463,516.5659,600579427394436,600579459821624
396.0832,443.99435,415.4463,445.23856,600579459950478,600579491897040
368.97772,465.59207,415.4463,465.59207,600579492922092,600579524097665
372.3255,463.03293,396.0832,463.03293,600579525985270,600579563119645
377.66486,463.8325,377.66486,463.8325,600579563350113,600579597395374
377.85687,395.5858,377.85687,463.03293,600579597486988,600579632602040
414.32605,330.67938,377.85687,463.03293,600579632711311,600579667210738
373.35883,375.32916,377.85687,395.5858,600579667296884,600579699895322
383.60022,343.80325,377.85687,375.32916,600579700024384,600579730623342
376.91733,300.45605,377.85687,375.32916,600579730709280,600579762223030
366.93268,300.07672,377.85687,343.80325,600579764291207,600579797681051
410.63382,279.28326,377.85687,300.45605,600579797760738,600579829944801
394.75342,258.38684,377.85687,300.07672,600579830046728,600579862316988
531.5474,348.97394,394.75342,300.45605,600579862438446,600579893196259
584.34814,338.66733,394.75342,300.45605,600579894582665,600579924975426
694.32605,330.09204,531.5474,330.09204,600579926281728,600579958001207
664.1198,371.53436,584.34814,330.09204,600579958793811,600579992483342
679.82007,361.42014,664.1198,330.09204,600579993784384,600580031452353
639.6408,351.7552,639.6408,351.7552,600580031529749,600580065315634
673.9316,360.7662,664.1198,351.7552,600580065485165,600580099577978
699.13165,377.79752,664.1198,351.7552,600580099750269,600580131924592
698.65643,378.7497,673.9316,360.7662,600580132072457,600580168238446
708.56165,429.00858,698.65643,377.79752,600580168339540,600580200204540
680.9638,441.64972,680.9638,378.7497,600580200305842,600580233546884
716.46625,488.71918,698.65643,429.00858,600580233633759,600580297277092
585.5814,497.31595,680.9638,441.64972,600580297395217,600580331566936
495.63675,549.3097,680.9638,488.71918,600580331684123,600580370104228
480.33188,511.77875,585.5814,497.31595,600580370248134,600580402368446
481.92758,534.5101,495.63675,511.77875,600580402833915,600580439323446
465.15173,544.46405,481.92758,511.77875,600580439483134,600580479932873
470.38464,533.3476,481.92758,533.3476,600580480071103,600580509243759
452.0996,594.6715,470.38464,533.3476,600580509444332,600580541962092
428.83252,563.05414,470.38464,533.3476,600580542149436,600580571209019
463.3137,570.76996,463.3137,563.05414,600580571385269,600580606991832
408.92816,599.7056,463.3137,563.05414,600580607147092,600580642441207
445.80103,573.4031,463.3137,570.76996,600580642619748,600580675682196
429.54358,621.15814,445.80103,573.4031,600580675777561,600580705850113
415.8943,622.7631,445.80103,573.4031,600580706031623,600580738580373
494.83777,1109.9763,445.80103,621.15814,600580738776571,600580771142196
315.92572,1723.008,445.80103,622.7631,600580771300842,600580803510321
443.24936,1145.2184,445.80103,1109.9763,600580803691467,600580837090842
524.67035,1069.7966,445.80103,1069.7966,600580837270113,600580869544384
563.3216,769.3185,445.80103,1069.7966,600580869698550,600580902842248
563.018,478.24625,524.67035,1069.7966,600580902937300,600580942390581
605.8033,409.18643,563.018,769.3185,600580942501363,600580974409436
570.77594,364.55893,563.018,478.24625,600580974588394,600581008651050
588.0302,352.7131,570.77594,409.18643,600581008837144,600581042842352
606.8525,318.92606,570.77594,364.55893,600581043044800,600581072974748
563.654,382.47333,570.77594,382.47333,600581073110738,600581108559852
542.26,369.911,570.77594,369.911,600581108663811,600581141267665
546.5037,361.62317,563.654,369.911,600581142472248,600581171835165
553.82623,306.34445,553.82623,369.911,600581171976779,600581206088967
554.62915,288.11618,554.62915,361.62317,600581206242040,600581237377040
539.6163,289.99042,553.82623,306.34445,600581237549436,600581272397665
576.355,350.08798,554.62915,350.08798,600581272576363,600581307492300
627.1488,1696.5342,554.62915,350.08798,600581307690894,600581339099644
633.3935,1812.6979,576.355,350.08798,600581339271519,600581376653654
579.6809,1812.4813,579.6809,1696.5342,600581376868290,600581406196831
543.03265,1868.838,576.355,1812.4813,600581406338185,600581438396831
559.3895,1940.0498,576.355,1812.4813,600581438581988,600581474775373
581.2687,1798.5514,576.355,1812.4813,600581474929800,600581505915685
553.9644,1871.207,576.355,1812.4813,600581506445269,600581539160008
559.5857,1832.8278,576.355,1812.4813,600581539351363,600581571968915
541.4144,1639.4788,559.5857,1812.4813,600581572680529,600581604425321
552.37494,1711.1047,559.5857,1812.4813,600581604603446,600581637705425
498.1181,1606.1337,552.37494,1711.1047,600581637824019,600581670663185
537.73883,1549.2787,552.37494,1711.1047,600581670840165,600581715974227
537.3833,1618.1366,537.73883,1618.1366,600581716078915,600581746901154
535.4677,1563.63,537.73883,1618.1366,600581747009175,600581776665165
538.76764,1564.3192,537.73883,1618.1366,600581776813185,600581808753081
564.67053,1442.1217,537.73883,1564.3192,600581808914487,600581841183185
506.28476,1519.6931,537.73883,1564.3192,600581841316206,600581875020946
533.51544,1455.8702,537.73883,1519.6931,600581875210789,600581907526831
491.03607,1575.4489,533.51544,1564.3192,600581907629539,600581937666519
466.21402,1595.6871,533.51544,1564.3192,600581937807717,600581969942925
448.4446,1586.859,491.03607,1575.4489,600581970070842,600582001886883
447.79053,1606.018,466.21402,1586.859,600582002069956,600582034535008
430.31473,1584.731,448.4446,1584.731,600582034698185,600582066065841
409.0536,1600.7854,447.79053,1586.859,600582066294175,600582099882404
439.83096,1615.6681,439.83096,1586.859,600582100051362,600582134169279
367.16928,1591.7903,439.83096,1591.7903,600582134301414,600582168545008
324.92413,1554.9634,439.83096,1586.859,600582168720321,600582203214591
286.64554,1566.9044,367.16928,1586.859,600582203388914,600582236825685
239.78157,1548.2946,324.92413,1566.9044,600582237036571,600582271154539
218.86674,1514.9166,286.64554,1566.9044,600582271306779,600582301545946
267.72858,1600.1355,267.72858,1566.9044,600582301718654,600582333441779
187.21472,1571.4542,267.72858,1566.9044,600582333598133,600582366115060
235.92722,1538.9028,267.72858,1566.9044,600582366210164,600582403174748
277.6482,1476.9913,267.72858,1566.9044,600582403290112,600582438906883
207.86362,1559.7831,267.72858,1559.7831,600582439801987,600582469206154
227.27075,1481.4574,267.72858,1559.7831,600582469394591,600582502229070
209.53368,1523.5583,227.27075,1559.7831,600582502388654,600582535084070
270.8499,1528.3645,267.72858,1528.3645,600582535216727,600582568678706
291.21625,1583.8019,267.72858,1559.7831,600582568854591,600582601849956
241.78032,1512.4844,267.72858,1528.3645,600582601975477,600582647122612
258.89325,1472.7345,267.72858,1528.3645,600582647241883,600582678314175
697.34436,1771.7468,267.72858,1528.3645,600582678498498,600582710867456
704.2396,1681.782,267.72858,1528.3645,600582711071935,600582744094435
705.98785,1705.1906,697.34436,1681.782,600582744252664,600582773185268
742.2005,1749.3989,704.2396,1681.782,600582773311362,600582803337716
745.38226,1743.622,705.98785,1705.1906,600582803479643,600582835024018
739.1641,1723.237,739.1641,1723.237,600582835212404,600582870234383
733.23334,1676.9272,733.23334,1705.1906,600582870350112,600582909874695
702.79987,1727.5497,733.23334,1723.237,600582910039591,600582943883081
698.50726,1704.7006,733.23334,1705.1906,600582944169695,600582976460789
813.0117,1604.7141,733.23334,1705.1906,600582976563602,600583011753289
839.6924,1552.4086,733.23334,1704.7006,600583011977977,600583044163289
820.3871,1534.0619,813.0117,1604.7141,600583044260424,600583074804539
817.72797,1531.7915,817.72797,1552.4086,600583074907143,600583105806414
884.4914,1463.3337,817.72797,1534.0619,600583105978810,600583137245529
897.00024,1493.7019,817.72797,1531.7915,600583137398081,600583170097404
851.05096,1216.512,851.05096,1493.7019,600583170200476,600583203888289
585.27594,425.00275,817.72797,1493.7019,600583204918549,600583235285112
614.70605,391.54593,817.72797,1216.512,600583235429383,600583271298497
573.73444,412.18628,614.70605,425.00275,600583271404487,600583303436831
617.0999,362.97458,617.0999,412.18628,600583303616987,600583335792404
589.5039,371.30493,614.70605,412.18628,600583335963445,600583374239799
619.2967,350.42334,617.0999,371.30493,600583374441206,600583404259799
589.43585,358.85214,614.70605,371.30493,600583404384122,600583437653758
584.4208,373.90982,614.70605,371.30493,600583437787195,600583469145268
577.45416,376.29083,589.43585,371.30493,600583469275320,600583502105372
585.6444,328.8984,585.6444,371.30493,600583502237924,600583535339018
616.064,365.71658,589.43585,371.30493,600583535491310,600583567627195
590.3109,373.2139,589.43585,371.30493,600583567771987,600583603696830
617.87836,354.46725,590.3109,371.30493,600583603830424,600583634782247
607.9753,624.6287,590.3109,371.30493,600583634921830,600583669250008
573.702,774.9022,590.3109,371.30493,600583669395268,600583703238810
584.9995,851.0379,590.3109,624.6287,600583703427039,600583734494278
608.32446,1045.7405,590.3109,774.9022,600583734655945,600583770910320
588.53546,886.6232,590.3109,851.0379,600583771053393,600583802677403
604.24695,1034.1139,590.3109,886.6232,600583802848862,600583834718810
635.22876,1021.0091,590.3109,886.6232,600583834892091,600583873906362
631.2538,1000.36383,604.24695,1000.36383,600583874076882,600583905840164
619.4737,963.1617,619.4737,963.1617,600583906016987,600583937247195
603.4134,1038.313,604.24695,1000.36383,600583937399278,600583969746310
615.66266,953.55945,615.66266,963.1617,600583969864070,600584008383289
599.4899,846.7935,604.24695,963.1617,600584008587664,600584041749955
455.64163,619.6347,604.24695,953.55945,600584041919851,600584073997507
495.13574,459.56113,599.4899,846.7935,600584074188809,600584104614070
457.185,443.38635,495.13574,619.6347,600584104782768,600584136774070
502.8999,434.2535,502.8999,459.56113,600584136936518,600584170877247
440.75113,477.36423,495.13574,477.36423,600584171065268,600584202647716
437.6747,439.30386,495.13574,459.56113,600584202834747,600584234776726
466.23532,432.81232,466.23532,459.56113,600584234940059,600584277937976
451.8486,408.16183,466.23532,439.30386,600584278036101,600584311715111
461.9525,393.11493,466.23532,432.81232,600584311992351,600584349655580
467.28555,424.37177,466.23532,424.37177,600584349843080,600584382246570
503.60233,403.06198,466.23532,424.37177,600584382441570,600584415327976
611.82886,524.8234,467.28555,424.37177,600584415481986,600584447827038
689.4659,543.61035,503.60233,424.37177,600584447954018,600584478427143
708.5541,572.9391,611.82886,524.8234,600584478515476,600584508835424
687.7633,607.0499,687.7633,543.61035,600584509023809,600584548389070
691.29156,551.8432,687.7633,551.8432,600584548569591,600584578782976
707.7815,512.5639,687.7633,543.61035,600584578915788,600584610246205
690.9085,501.5562,690.9085,543.61035,600584610417403,600584642218028
350.0954,1355.7323,687.7633,543.61035,600584642430268,600584673824382
365.2202,1512.9485,687.7633,543.61035,600584673952559,600584706021622
402.8935,1543.5132,402.8935,1355.7323,600584706193861,600584737514382
414.75812,1563.9629,414.75812,1512.9485,600584737681049,600584771405268
414.7899,1607.9747,414.75812,1543.5132,600584771519070,600584801309747
418.46198,1606.5094,414.75812,1563.9629,600584802804434,600584834010476
419.91562,1590.7297,414.7899,1590.7297,600584834132507,600584868316309
409.45853,1606.7454,414.75812,1590.7297,600584868510892,600584901830840
428.11746,1644.9556,414.7899,1590.7297,600584901929538,600584934186778
461.9577,1621.4644,414.7899,1606.7454,600584934362767,600584970070267
422.2571,1656.4563,422.2571,1621.4644,600584970251986,600585003440997
452.60434,1688.3671,422.2571,1621.4644,600585003601153,600585036804642
546.3096,1777.3478,422.2571,1656.4563,600585036997559,600585068217820
587.5236,1832.3948,452.60434,1688.3671,600585068338132,600585101745059
576.63635,1793.3671,546.3096,1777.3478,600585101896257,600585131932559
608.14795,1822.7957,576.63635,1793.3671,600585132113392,600585163915997
610.84564,1861.2297,576.63635,1793.3671,600585164146101,600585197902299
647.9486,1793.7174,608.14795,1793.7174,600585198081153,600585230637403
629.6685,1806.1777,610.84564,1793.7174,600585230823757,600585265185788
644.84296,1816.2621,629.6685,1793.7174,600585265309174,600585298724174
616.8334,1834.0042,616.8334,1806.1777,600585300309278,600585332515163
623.43243,1821.8939,623.43243,1816.2621,600585333564330,600585369423913
640.6513,1825.1863,623.43243,1821.8939,600585369565319,600585403619642
592.553,1625.2555,623.43243,1816.2621,600585404791621,600585437033809
556.52637,1327.9617,623.43243,1816.2621,600585437226621,600585467820788
544.9642,1264.6771,592.553,1625.2555,600585467986309,600585504718601
557.7966,1249.4872,557.7966,1327.9617,600585504940007,600585539005840
516.17725,1226.6176,557.7966,1264.6771,600585539197819,600585574985996
567.13306,1330.7109,557.7966,1327.9617,600585575065423,600585609069642
507.70288,1358.1748,557.7966,1327.9617,600585609693080,600585640977976
485.36032,1386.2455,557.7966,1330.7109,600585641164278,600585688641673
470.72897,1410.7606,507.70288,1358.1748,600585688812559,600585731631153
481.72128,1423.2565,485.36032,1386.2455,600585731820996,600585763029173
485.07028,1346.2311,485.07028,1358.1748,600585763199850,600585796453392
564.2822,1685.9615,485.36032,1386.2455,600585796605371,600585829215007
601.46545,1779.4838,485.36032,1386.2455,600585829316725,600585862176621
601.63727,1833.39,564.2822,1685.9615,600585862344798,600585896925267
580.3141,1777.9708,580.3141,1777.9708,600585897098236,600585934611413
652.1782,1817.5016,580.3141,1777.9708,600585934803132,600585970638652
655.1861,1780.8275,580.3141,1777.9708,600585970795215,600586010169538
638.1014,1798.5227,638.1014,1780.8275,600586010343236,600586042410423
615.59033,1804.9988,615.59033,1780.8275,600586042502767,600586078847090
679.9759,1782.6064,638.1014,1782.6064,600586079039173,600586112591152
738.90283,454.66226,638.1014,1780.8275,600586112751621,600586146979798
722.3555,369.09003,679.9759,1780.8275,600586147162767,600586181322559
686.30994,405.28766,686.30994,454.66226,600586182254798,600586213959902
677.9783,408.45544,679.9759,408.45544,600586214106048,600586250839850
702.12054,391.4831,686.30994,408.45544,600586251025632,600586282771309
718.0059,497.69952,686.30994,408.45544,600586284206621,600586317857402
723.8978,540.3438,702.12054,408.45544,600586328562402,600586363438757
748.36755,516.5585,718.0059,497.69952,600586363609642,600586403887819
781.5098,553.67633,723.8978,516.5585,600586403988809,600586435518444
747.50934,516.3457,747.50934,516.3457,600586435653965,600586464397975
783.78546,516.1179,747.50934,516.3457,600586464588236,600586497632663
762.06396,517.61127,747.50934,516.3457,600586497730423,600586529535684
749.0514,461.69174,749.0514,516.3457,600586530444798,600586563587142
738.8462,554.0897,747.50934,516.3457,600586563661152,600586597218965
707.35297,511.86984,747.50934,516.3457,600586598247559,600586629386933
738.14685,436.7057,738.8462,516.3457,600586629722090,600586661709850
653.6221,526.03455,738.14685,516.3457,600586661849538,600586697060163
597.985,464.39072,738.14685,516.3457,600586697335058,600586730256413
589.33154,441.4783,653.6221,516.3457,600586730434694,600586763292090
574.03986,402.40002,597.985,464.39072,600586763467246,600586796825840
577.6547,423.8823,589.33154,441.4783,600586796963496,600586830791256
603.2653,480.32007,597.985,464.39072,600586830943183,600586873676413
574.88885,511.34167,589.33154,464.39072,600586873783808,600586906046413
603.7235,504.0626,597.985,480.32007,600586906152246,600586940731360
556.94116,472.23984,589.33154,472.23984,600586941475735,600586974090527
565.79333,495.1323,589.33154,480.32007,600586974203860,600587014977558
627.1306,483.14703,589.33154,480.32007,600587015132975,600587058344433
588.7914,422.8448,589.33154,480.32007,600587058905423,600587091171621
575.16364,477.31448,589.33154,480.32007,600587091340215,600587125487246
570.37115,493.99094,588.7914,480.32007,600587126662506,600587159038287
583.7121,529.1993,583.7121,480.32007,600587160128756,600587193706569
624.8696,941.0477,588.7914,493.99094,600587193863079,600587227245579
700.5278,1098.4722,588.7914,529.1993,600587227383340,600587261264433
592.21436,1100.2313,592.21436,941.0477,600587261414798,600587293047037
466.3904,1225.8827,588.7914,1098.4722,600587293215319,600587326027350
419.34036,1161.2504,588.7914,1100.2313,600587326179850,600587357911100
489.33716,709.4242,489.33716,1098.4722,600587358015006,600587391736829
507.7353,653.42316,507.7353,1098.4722,600587391908235,600587430399798
525.5994,468.9066,507.7353,709.4242,600587430529537,600587465870110
492.7934,496.75928,507.7353,653.42316,600587466071673,600587497812662
471.19757,507.914,507.7353,507.914,600587497984225,600587530956464
468.2705,492.75946,492.7934,507.914,600587531107766,600587564221933
522.93097,469.39713,507.7353,507.914,600587564378496,600587596545631
481.13162,464.04083,492.7934,492.75946,600587596731516,600587628306204
494.5785,449.74106,494.5785,469.39713,600587628460162,600587661480110
488.56216,452.79672,492.7934,464.04083,600587661638235,600587694145110
466.33084,486.7696,492.7934,469.39713,600587694320110,600587724970943
462.17407,467.44833,488.56216,467.44833,600587725091673,600587758217714
474.6827,508.12994,474.6827,469.39713,600587758351256,600587792166464
475.89175,540.256,475.89175,469.39713,600587792337766,600587826146881
460.79327,494.04086,474.6827,494.04086,600587826344746,600587861724798
475.95255,463.84683,475.89175,469.39713,600587861821621,600587893178287
490.0014,468.84103,475.89175,469.39713,600587893321516,600587925860996
475.84235,507.8102,475.89175,469.39713,600587925977037,600587973877714
466.50748,502.91745,475.89175,469.39713,600587974022610,600588011465943
469.7861,499.15503,475.84235,499.15503,600588011660162,600588040401829
489.53864,508.3403,475.89175,499.15503,600588040567818,600588078367870
462.83023,521.8172,475.84235,499.15503,600588078533079,600588111255527
639.80896,519.84503,475.89175,508.3403,600588111447975,600588143409954
702.6518,497.97757,475.89175,499.15503,600588143611464,600588174958860
689.81836,421.56763,639.80896,499.15503,600588175117714,600588205594433
704.3953,426.7148,689.81836,497.97757,600588205709954,600588238944537
731.6056,441.3768,689.81836,441.3768,600588239053027,600588271921516
711.68317,457.22528,704.3953,457.22528,600588272119537,600588330271412
716.09283,390.8141,711.68317,441.3768,600588330377558,600588372535683
725.49164,407.72144,711.68317,441.3768,600588372803391,600588404642506
781.06616,455.59802,716.09283,441.3768,600588404814068,600588441324068
783.85535,565.0885,725.49164,441.3768,600588441453027,600588471265631
815.72235,564.13556,781.06616,455.59802,600588471413495,600588504110943
832.88727,637.6694,783.85535,564.13556,600588504232610,600588538621204
823.49835,620.93475,815.72235,564.13556,600588538797193,600588576211047
859.59015,554.8973,823.49835,564.13556,600588576393860,600588610040891
855.12177,499.4155,823.49835,564.13556,600588611059433,600588643651776
823.6462,541.9519,823.6462,554.8973,600588643777922,600588675456776
819.3099,654.5393,823.49835,564.13556,600588675616516,600588711207922
809.72577,652.3872,823.49835,564.13556,600588711310318,600588743371516
423.7621,1288.9362,819.3099,652.3872,600588743466464,600588777373235
547.29816,1820.9204,809.72577,652.3872,600588777523547,600588813273078
541.11304,1770.1322,547.29816,1288.9362,600588813377453,600588852624589
529.9648,1803.9376,547.29816,1770.1322,600588853617714,600588886895006
539.5675,1782.5392,541.11304,1770.1322,600588887004589,600588922060787
582.16205,1824.8783,547.29816,1782.5392,600588922569537,600588955102870
566.1626,1679.1888,547.29816,1770.1322,600588956258808,600588989265683
583.2897,1650.9746,566.1626,1770.1322,600588989453078,600589023839276
557.9862,1644.3137,557.9862,1679.1888,600589023978755,600589059520162
602.4508,1605.9004,566.1626,1650.9746,600589059599693,600589090564485
594.67566,1620.5308,566.1626,1644.3137,600589090705526,600589123989380
593.5824,1573.8512,593.5824,1620.5308,600589124134433,600589156303026
555.4023,1612.1228,566.1626,1620.5308,600589156402297,600589190734172
573.7704,1524.7498,573.7704,1612.1228,600589190864068,600589225320005
531.87933,1538.8055,566.1626,1612.1228,600589225484745,600589257070370
530.96075,1494.1594,566.1626,1538.8055,600589257222870,600589309024745
553.5032,1450.9784,553.5032,1538.8055,600589309105891,600589338096307
539.12244,1488.797,553.5032,1494.1594,600589338274589,600589371467297
513.731,1443.4576,553.5032,1488.797,600589371648860,600589416100422
499.51855,1475.2053,539.12244,1488.797,600589416199380,600589450285995
548.1854,1422.8992,548.1854,1475.2053,600589452674276,600589486167922
586.2392,1464.165,548.1854,1475.2053,600589486796672,600589524063964
549.68585,1482.122,548.1854,1475.2053,600589524245891,600589556533391
646.3672,1182.737,549.68585,1475.2053,600589556813391,600589591466099
555.836,407.72336,549.68585,1475.2053,600589592266932,600589625481516
615.3618,357.6743,555.836,1182.737,600589625654432,600589666915057
603.26013,427.76196,555.836,427.76196,600589667080995,600589698196099
644.52594,389.23502,603.26013,427.76196,600589698397036,600589728115943
647.86804,384.25027,603.26013,427.76196,600589728306724,600589761863339
645.12354,351.1947,644.52594,389.23502,600589762019276,600589794702609
640.34607,392.9313,640.34607,392.9313,600589794809589,600589825969328
643.75244,346.2077,643.75244,389.23502,600589826076203,600589857693547
640.5248,385.62515,640.5248,389.23502,600589858239328,600589889703651
671.0005,375.7271,643.75244,385.62515,600589889896568,600589924908755
643.5915,358.5292,643.5915,385.62515,600589925056932,600589959984276
628.0926,387.48627,643.5915,385.62515,600589960135995,600589991338911
625.5267,403.64178,643.5915,385.62515,600589991488286,600590024509901
637.26776,403.34683,637.26776,387.48627,600590024693078,600590056422453
630.99194,371.1949,637.26776,385.62515,600590056569901,600590090598703
619.6454,356.3642,637.26776,385.62515,600590090749484,600590122849797
311.50085,1447.0498,630.99194,385.62515,600590122987609,600590155320578
472.6601,1805.0211,619.6454,385.62515,600590155444172,600590187741880
485.61536,1814.3038,485.61536,1447.0498,600590187866880,600590221619328
486.56448,1836.3672,486.56448,1805.0211,600590221772765,600590254640630
514.0407,1825.7538,486.56448,1814.3038,600590254779849,600590287371359
533.0869,1746.6926,486.56448,1805.0211,600590287550474,600590317005838
503.34164,1826.2434,503.34164,1814.3038,600590318829068,600590350506776
517.47015,1647.515,503.34164,1805.0211,600590351854224,600590387629849
581.9979,1557.3448,503.34164,1805.0211,600590387783547,600590421556047
613.94196,1525.3918,517.47015,1647.515,600590422029640,600590455441411
587.70624,1483.1571,581.9979,1557.3448,600590455556411,600590490367140
578.17645,1487.1735,578.17645,1525.3918,600590490518338,600590526205942
524.79034,1445.5891,578.17645,1487.1735,600590526363599,600590559515786
557.2977,1450.5695,578.17645,1487.1735,600590559639432,600590594919432
552.52246,1448.7417,557.2977,1450.5695,600590595094432,600590627040578
566.0777,346.2201,566.0777,1450.5695,600590627165578,600590658950317
491.97815,264.39426,557.2977,1448.7417,600590659071984,600590691736672
424.34766,264.342,557.2977,346.2201,600590691959692,600590732383599
448.4032,325.32846,491.97815,325.32846,600590732500265,600590771660682
503.56546,271.98743,503.56546,325.32846,600590771837505,600590803755369
465.3249,275.47598,491.97815,325.32846,600590803939640,600590834541932
460.13843,292.5149,491.97815,292.5149,600590834682244,600590864290682
457.79587,314.35703,465.3249,314.35703,600590864402192,600590897004328
450.93158,276.089,460.13843,292.5149,600590897919849,600590928058599
456.66888,275.95337,457.79587,292.5149,600590928170994,600590963387765
487.8085,365.587,460.13843,292.5149,600590963571411,600590994535109
517.05475,492.18533,460.13843,292.5149,600590994634640,600591026595526
497.51617,501.9082,487.8085,365.587,600591026709015,600591059110213
493.1286,548.39197,493.1286,492.18533,600591060182296,600591093089119
511.83347,571.7963,493.1286,501.9082,600591093629276,600591129695265
493.03555,530.2512,493.1286,530.2512,600591129802817,600591162495786
502.52777,551.8336,493.1286,530.2512,600591162697401,600591225744119
495.28796,561.9988,493.1286,530.2512,600591225861463,600591261192869
488.9069,557.1944,493.1286,551.8336,600591261375005,600591295156671
504.07706,573.82996,493.1286,557.1944,600591295351411,600591325639223
516.35156,486.35568,493.1286,551.8336,600591325834536,600591361009588
497.82947,543.4446,497.82947,551.8336,600591361213390,600591396750317
484.02042,593.7123,493.1286,551.8336,600591396849171,600591430422400
509.70355,543.27655,497.82947,551.8336,600591430820525,600591460442452
519.5638,528.478,497.82947,551.8336,600591460614223,600591492651723
507.54794,622.5039,507.54794,551.8336,600591492753650,600591523837765
496.63177,568.7231,497.82947,551.8336,600591523948859,600591556906984
508.24115,543.0795,507.54794,551.8336,600591557007661,600591587842400
483.6449,587.63745,497.82947,551.8336,600591587990942,600591623373338
525.92834,538.03973,507.54794,551.8336,600591623483494,600591653950109
508.27713,553.0734,507.54794,551.8336,600591654072609,600591688913338
696.99927,1197.5785,508.27713,551.8336,600591690193025,600591726157661
624.67053,1419.8054,508.27713,553.0734,600591726259171,600591758148390
646.8364,1538.655,624.67053,1197.5785,600591758313598,600591794924223
595.07324,1535.6884,595.07324,1419.8054,600591795108442,600591829680317
612.2883,1480.5667,612.2883,1480.5667,600591829784796,600591872755786
563.1989,1548.2683,595.07324,1480.5667,600591872859067,600591905480265
580.96893,1611.9866,595.07324,1480.5667,600591905655004,600591939542556
582.2496,1587.4639,582.2496,1548.2683,600591939714171,600591970132348
570.92474,1543.0427,582.2496,1543.0427,600591970345213,600592002220890
593.8679,1595.9509,582.2496,1548.2683,600592002412869,600592033175942
567.3043,1528.0507,582.2496,1543.0427,600592033322140,600592065421150
549.34625,1561.682,582.2496,1548.2683,600592065519640,600592098239223
543.90076,1574.6499,567.3043,1548.2683,600592098395213,600592156809067
585.65936,1540.1873,582.2496,1548.2683,600592156920890,600592211015421
582.13544,1550.438,582.13544,1548.2683,600592211116254,600592242130681
578.53345,1534.409,582.13544,1548.2683,600592242241306,600592277786202
588.89966,1477.2391,582.13544,1548.2683,600592277931306,600592315286046
555.1413,1488.9387,582.13544,1534.409,600592315483546,600592348532244
564.47253,1561.6666,582.13544,1548.2683,600592349113025,600592380753077
598.6729,1536.0083,582.13544,1536.0083,600592380921515,600592425773806
669.88245,490.25702,582.13544,1536.0083,600592425865577,600592461293338
665.0262,433.20346,598.6729,1536.0083,600592461399744,600592495835785
669.3171,430.85333,665.0262,490.25702,600592496322504,600592532594379
645.6618,454.05078,645.6618,454.05078,600592532778442,600592563857452
638.8013,454.97095,645.6618,454.97095,600592564086931,600592595366983
665.7117,430.417,645.6618,454.05078,600592595482608,600592625772556
655.08215,415.9994,645.6618,454.05078,600592625879223,600592658131931
663.61304,453.0459,655.08215,453.0459,600592658239900,600592691860942
652.4934,481.2964,652.4934,454.05078,600592692164379,600592726069431
618.6245,379.78116,652.4934,453.0459,600592726185890,600592759592348
602.20105,344.50604,652.4934,453.0459,600592759760733,600592808251827
675.11163,365.30838,652.4934,379.78116,600592808427608,600592842917973
616.0487,333.41266,652.4934,365.30838,600592843114014,600592880797712
649.01483,330.68414,652.4934,365.30838,600592880981619,600592914524744
554.3188,398.6252,649.01483,365.30838,600592914655733,600592947640889
472.01938,461.25912,649.01483,365.30838,600592947766410,600592979460473
456.736,466.54562,554.3188,398.6252,600592979598441,600593010333702
496.47324,456.728,496.47324,456.728,600593010707452,600593043112869
435.74503,393.556,496.47324,398.6252,600593043194014,600593073673077
485.9862,434.20276,496.47324,434.20276,600593075130837,600593106863598
500.5819,436.7955,496.47324,434.20276,600593109369744,600593141397139
802.8157,539.0816,496.47324,434.20276,600593143693285,600593176710733
790.48413,520.18097,500.5819,436.7955,600593179870108,600593215546827
831.1762,445.3276,790.48413,445.3276,600593215724848,600593249935785
798.0751,443.8676,790.48413,443.8676,600593250077764,600593283315577
797.7523,483.23447,797.7523,445.3276,600593284259691,600593316537296
843.33276,516.7188,797.7523,445.3276,600593317071879,600593349014431
867.1331,524.1786,797.7523,483.23447,600593349174066,600593381817035
885.7502,598.64905,843.33276,516.7188,600593381965837,600593412465577
873.58514,506.05408,867.1331,506.05408,600593415783389,600593448279639
876.10645,499.63806,873.58514,506.05408,600593448412816,600593479941462
907.76263,591.31464,873.58514,506.05408,600593480984170,600593512509483
906.7553,634.28894,876.10645,506.05408,600593514099848,600593555079379
904.00653,582.7618,904.00653,582.7618,600593555263858,600593587667973
933.8646,571.4552,904.00653,571.4552,600593587773858,600593623234743
885.43195,497.57043,904.00653,571.4552,600593623347816,600593653963962
930.4707,580.03467,904.00653,571.4552,600593654127764,600593689925316
926.1949,587.489,904.00653,571.4552,600593690017191,600593722486358
917.94196,599.3498,917.94196,580.03467,600593722659327,600593761902816
907.3446,558.5251,907.3446,571.4552,600593762981983,600593795105160
890.80963,583.30206,907.3446,580.03467,600593795250368,600593825363024
866.6836,633.1112,907.3446,580.03467,600593825457764,600593859876410
883.4233,634.80566,890.80963,583.30206,600593860790212,600593891679587
893.2897,543.9804,893.2897,580.03467,600593892887608,600593923271722
873.8544,558.15955,890.80963,580.03467,600593923382920,600593959139795
889.3796,572.1676,890.80963,572.1676,600593959261566,600593992148389
907.91864,558.63965,890.80963,572.1676,600593992250004,600594024852556
881.4039,539.3511,890.80963,572.1676,600594024942295,600594066164014
899.5223,513.3827,890.80963,558.63965,600594066251774,600594096503649
859.5318,481.25766,890.80963,539.3511,600594096658754,600594126687504
872.93427,471.10904,890.80963,513.3827,600594126832660,600594159439795
925.21674,523.55725,890.80963,523.55725,600594159543389,600594195852451
914.50464,522.3768,890.80963,522.3768,600594196096410,600594225633285
912.58545,477.92334,912.58545,522.3768,600594225737972,600594257025837
911.86035,463.68164,911.86035,522.3768,600594257234639,600594291221722
920.4269,531.69916,912.58545,522.3768,600594291348181,600594322739691
929.58746,536.606,912.58545,522.3768,600594322838337,600594353970212
784.564,499.6539,912.58545,522.3768,600594354068910,600594391074066
607.1469,428.26663,912.58545,522.3768,600594391169326,600594429260785
631.66583,418.83325,784.564,499.6539,600594429399222,600594459400993
618.28015,428.69034,631.66583,428.69034,600594459545733,600594495606826
597.43054,413.2841,631.66583,428.69034,600594495728701,600594526896149
648.70374,448.08664,631.66583,428.69034,600594526996045,600594561517608
653.39667,428.53378,631.66583,428.69034,600594561701722,600594619350941
666.2447,460.79645,648.70374,428.69034,600594619450837,600594651998337
642.0465,460.5575,642.0465,428.69034,600594652245680,600594684802816
633.4152,420.4454,642.0465,428.69034,600594684886878,600594717543545
616.0,431.87683,642.0465,428.69034,600594717652087,600594750764639
608.3959,446.10312,633.4152,428.69034,600594750931045,600594784918076
605.1818,452.9188,616.0,431.87683,600594785087607,600594818995732
493.7912,462.33224,608.3959,446.10312,600594819091253,600594850545212
436.09653,499.13254,605.1818,452.9188,600594850646201,600594882429535
423.20172,530.42926,493.7912,462.33224,600594882535212,600594915460524
359.4529,509.71442,436.09653,499.13254,600594915626982,600594949093024
392.36853,565.16925,423.20172,509.71442,600594949198909,600594984201149
392.4827,572.98553,392.4827,509.71442,600594984361097,600595016851514
409.80878,603.16956,409.80878,565.16925,600595016959170,600595055426045
401.75314,564.2635,401.75314,564.2635,600595055529118,600595091883024
440.6029,447.9387,409.80878,564.2635,600595092068909,600595123092972
447.11218,472.67346,409.80878,564.2635,600595123211514,600595155536722
363.3299,478.98343,409.80878,478.98343,600595155637295,600595189950732
336.94077,537.1535,409.80878,537.1535,600595190121722,600595224633076
439.25388,481.7803,409.80878,481.7803,600595225043128,600595258092086
387.07336,569.57794,409.80878,537.1535,600595258229378,600595289815889
434.11975,455.87698,409.80878,481.7803,600595289918545,600595339463389
401.0381,422.92117,409.80878,481.7803,600595339555732,600595376612243
352.24005,510.3111,409.80878,481.7803,600595378091670,600595412504222
385.63345,504.3747,401.0381,481.7803,600595413355316,600595444746566
327.51907,488.644,385.63345,488.644,600595448514430,600595482723284
364.3605,517.20654,385.63345,488.644,600595482854222,600595519079430
392.46158,555.432,385.63345,488.644,600595519185055,600595550781513
365.17432,1586.1023,385.63345,517.20654,600595550949586,600595586982347
354.38184,1636.898,385.63345,555.432,600595587185263,600595620598128
436.4627,1649.5256,385.63345,1586.1023,600595620710993,600595650409013
342.70685,1548.6857,385.63345,1548.6857,600595650520993,600595681060836
417.3129,1666.3926,385.63345,1586.1023,600595681215784,600595713172868
360.61447,1579.1254,385.63345,1579.1254,600595713308232,600595746233753
389.23795,1707.4436,385.63345,1586.1023,600595746411618,600595779687086
405.7394,1636.6923,385.63345,1586.1023,600595780212347,600595814193857
438.79404,1622.5007,389.23795,1622.5007,600595814288076,600595845419690
553.8976,1579.9779,405.7394,1586.1023,600595847739534,600595880512347
594.77606,1642.5824,438.79404,1622.5007,600595880668388,600595915168284
649.97974,1637.2849,553.8976,1622.5007,600595915250784,600595944822867
635.67633,1648.6083,594.77606,1637.2849,600595945785992,600595978326513
614.12396,1783.0868,614.12396,1637.2849,600595978464795,600596009387919
680.33295,1644.5964,614.12396,1644.5964,600596012377138,600596044072607
606.85333,1760.7195,614.12396,1644.5964,600596044213753,600596077209013
609.9556,1743.1777,614.12396,1644.5964,600596077365836,600596109473024
666.6381,1670.9692,614.12396,1670.9692,600596110092503,600596145591878
579.46606,1606.2078,614.12396,1644.5964,600596147361253,600596178492711
519.06335,1600.706,614.12396,1644.5964,600596178619690,600596211423753
506.07898,1629.3326,579.46606,1629.3326,600596211522399,600596243633805
537.7184,1594.1313,537.7184,1629.3326,600596243791669,600596276942815
522.3605,1623.0244,537.7184,1629.3326,600596277083024,600596310892451
507.94342,1716.3975,537.7184,1629.3326,600596311022242,600596344106044
464.33707,1814.7374,522.3605,1629.3326,600596346430211,600596378104169
386.32233,2125.261,507.94342,1716.3975,600596378249117,600596409453961
353.05002,2136.6018,464.33707,1814.7374,600596410811201,600596441994117
384.24426,1948.866,386.32233,1948.866,600596442141721,600596473348128
458.33044,2077.4402,458.33044,1948.866,600596473431513,600596508613753
348.43124,1359.203,386.32233,1948.866,600596510295055,600596540519690
391.11557,874.6608,391.11557,1948.866,600596542762555,600596573882607
461.82224,686.9644,391.11557,1359.203,600596575587451,600596613169586
449.15903,538.99194,391.11557,874.6608,600596613261305,600596645842607
452.9297,487.9937,449.15903,686.9644,600596645951617,600596677497398
452.8239,488.67648,449.15903,538.99194,600596677632190,600596709559273
466.61136,521.66833,452.8239,521.66833,600596709693753,600596743380367
438.2962,477.8157,449.15903,521.66833,600596743529169,600596776738492
476.77032,503.28043,452.8239,521.66833,600596777470732,600596808461096
551.39886,382.75476,452.8239,503.28043,600596810837503,600596842423284
592.395,346.86957,476.77032,503.28043,600596844673336,600596876763805
590.25195,362.25302,551.39886,382.75476,600596876863596,600596912891825
571.7487,329.40884,571.7487,362.25302,600596913048180,600596944344273
629.9126,396.0466,571.7487,382.75476,600596944803805,600596977394794
537.36615,355.0511,571.7487,362.25302,600596978527763,600597012286565
586.726,420.70093,571.7487,382.75476,600597012382502,600597044175107
558.45886,378.05466,571.7487,378.05466,600597044266721,600597075657242
530.3493,388.11462,571.7487,382.75476,600597075810211,600597109999742
586.8996,337.5246,571.7487,378.05466,600597110813440,600597143170784
666.9026,320.07755,571.7487,378.05466,600597144163804,600597175342034
761.97906,323.47122,586.8996,337.5246,600597178505159,600597209431877
698.1524,283.03012,666.9026,323.47122,600597209595263,600597241561773
717.90717,295.52112,698.1524,323.47122,600597242989482,600597273885784
764.2335,337.56482,698.1524,323.47122,600597274709429,600597305963075
766.56366,333.01434,717.90717,323.47122,600597306605732,600597339367971
757.52954,340.78027,757.52954,333.01434,600597340728388,600597370931252
752.74805,336.1406,752.74805,333.01434,600597373488492,600597413494638
670.3171,312.29016,752.74805,333.01434,600597414795002,600597447233388
570.6732,303.21866,752.74805,333.01434,600597447331096,600597476687138
645.6452,293.74915,670.3171,312.29016,600597476831721,600597509009586
591.9816,291.6024,645.6452,303.21866,600597510096565,600597539376044
581.11456,318.98013,645.6452,312.29016,600597541411617,600597571971981
584.8693,315.41824,591.9816,312.29016,600597572110158,600597604254638
608.8937,310.65848,608.8937,312.29016,600597605270367,600597635584586
609.89624,273.53702,608.8937,312.29016,600597637533700,600597666699169
639.3305,277.3204,608.8937,310.65848,600597672494533,600597702830888
628.1896,259.0917,609.89624,277.3204,600597703147294,600597735073700
571.4745,277.5046,608.8937,277.5046,600597736067033,600597771670419
584.45026,279.4145,608.8937,277.5046,600597773554221,600597804134585
568.5518,314.66544,584.45026,277.5046,600597804591408,600597841992867
586.9592,301.9732,586.9592,279.4145,600597843552867,600597875007294
578.207,268.12897,584.45026,277.5046,600597875104377,600597908945575
539.96576,257.0603,584.45026,277.5046,600597909102867,600597942939638
495.8521,269.8688,578.207,269.8688,600597943059013,600597972743752
536.435,326.9713,539.96576,277.5046,600597974199794,600598006677033
471.18613,468.94354,536.435,277.5046,600598007481304,600598041066304
474.40887,528.1396,536.435,326.9713,600598042743856,600598073575471
504.22656,621.9321,504.22656,468.94354,600598075528596,600598106938960
474.98746,596.49054,504.22656,528.1396,600598109157971,600598139800315
467.86633,539.10516,504.22656,539.10516,600598141962502,600598172373440
487.21805,518.32654,487.21805,528.1396,600598174898023,600598206026252
480.19824,489.16306,487.21805,528.1396,600598206920783,600598243597762
428.204,523.1057,487.21805,523.1057,600598243675679,600598277079429
494.5309,521.4669,487.21805,523.1057,600598277914273,600598308668283
469.0942,498.1986,487.21805,523.1057,600598308765367,600598346409429
452.81705,509.20633,487.21805,521.4669,600598346521200,600598378640887
446.21155,539.7031,469.0942,523.1057,600598379626877,600598411919116
492.71088,534.36224,487.21805,523.1057,600598412121512,600598445224273
520.4851,596.2077,487.21805,534.36224,600598445369273,600598477663127
458.04602,546.42664,487.21805,534.36224,600598477814950,600598511910887
563.667,530.20026,487.21805,534.36224,600598513543023,600598547548960
554.6072,497.8871,487.21805,534.36224,600598547646356,600598580485627
564.9972,503.9609,554.6072,530.20026,600598580597241,600598619472502
612.5994,429.1009,554.6072,503.9609,600598619653023,600598661731356
629.6508,407.32446,564.9972,503.9609,600598661896512,600598694567710
648.8643,403.18445,612.5994,429.1009,600598694773960,600598725788075
653.9781,377.50223,629.6508,407.32446,600598725966408,600598761953023
614.4411,394.04565,614.4411,403.18445,600598762121304,600598791627814
620.2973,440.0562,620.2973,407.32446,600598791789221,600598839906616
636.8854,435.0111,620.2973,407.32446,600598840125887,600598873364637
638.09485,419.95706,620.2973,419.95706,600598874193491,600598903404793
607.9541,436.64264,620.2973,419.95706,600598905916825,600598940542658
649.18835,404.03305,620.2973,419.95706,600598942415887,600598974403595
625.9667,462.24475,620.2973,419.95706,600598975360470,600599006816981
398.98193,1618.5713,620.2973,419.95706,600599006962814,600599038642918
515.8106,1798.9572,620.2973,462.24475,600599041317241,600599071399845
522.6641,1801.2794,522.6641,1618.5713,600599071987814,600599102882866
502.46988,1720.4015,522.6641,1720.4015,600599105325522,600599140058491
556.80365,1703.0883,522.6641,1703.0883,600599140169168,600599171804220
582.37164,1745.4602,522.6641,1720.4015,600599171981929,600599203814897
554.4657,1675.6686,554.4657,1703.0883,600599203951147,600599238813960
552.11755,1682.5231,552.11755,1703.0883,600599238956564,600599269346095
549.4228,1808.0507,552.11755,1703.0883,600599271247241,600599307148595
582.1315,1734.8737,552.11755,1703.0883,600599307284845,600599338526564
600.7609,1746.079,552.11755,1734.8737,600599340276095,600599369721304
552.2733,1759.6277,552.2733,1734.8737,600599371607970,600599401139220
525.83856,1759.5117,552.11755,1746.079,600599404242033,600599436301929
538.9647,1710.4304,552.11755,1734.8737,600599438135158,600599470112502
532.4801,1701.8507,538.9647,1734.8737,600599472739012,600599503688699
629.64825,1760.6207,552.11755,1734.8737,600599506516460,600599537659637
658.87897,1767.8794,552.11755,1734.8737,600599537755210,600599571264012
648.6025,1773.6661,629.64825,1760.6207,600599571449637,600599606459481
660.07434,1637.8331,648.6025,1734.8737,600599608812814,600599643417710
681.7257,1685.7789,648.6025,1734.8737,600599643584897,600599676811199
679.71173,1698.0358,660.07434,1698.0358,600599676943022,600599708975314
684.6825,1681.9086,679.71173,1698.0358,600599709099585,600599742259012
697.0874,1671.9644,679.71173,1698.0358,600599742418439,600599795509793
714.2428,1665.6886,684.6825,1681.9086,600599795611095,600599829285522
686.69684,1681.8994,686.69684,1681.8994,600599829424585,600599861777658
704.3713,1682.4457,686.69684,1681.9086,600599861876095,600599892522710
709.6254,1632.646,686.69684,1681.8994,600599892655470,600599924449012
673.09247,1606.2423,686.69684,1681.8994,600599924546251,600599953381928
640.95416,1544.1831,686.69684,1632.646,600599953521720,600599986543126
686.67944,1670.9921,686.67944,1670.9921,600599986719376,600600019440001
642.95306,1592.7852,686.67944,1632.646,600600019938491,600600051363074
711.76654,1620.8677,686.67944,1632.646,600600051547033,600600086347814
665.5326,1576.9038,686.67944,1620.8677,600600086495366,600600118537605
637.0561,1655.8967,686.67944,1632.646,600600118714064,600600152948855
641.65,1656.7499,665.5326,1632.646,600600153142710,600600186015366
569.2113,1544.0404,641.65,1632.646,600600186201251,600600217708230
534.7493,1405.9034,641.65,1632.646,600600217879324,600600249551460
533.1192,1416.1877,569.2113,1544.0404,600600249721512,600600289445678
507.61792,1471.8833,534.7493,1471.8833,600600289549428,600600322474637
510.20096,1670.4054,533.1192,1544.0404,600600322625730,600600352606668
468.86545,1684.7839,510.20096,1544.0404,600600352790418,600600386549480
497.0413,1667.9884,510.20096,1667.9884,600600386674428,600600417625678
482.6018,1682.5868,497.0413,1667.9884,600600417766616,600600448818751
524.07605,1723.93,510.20096,1667.9884,600600449745262,600600483529012
473.7033,1676.2163,497.0413,1676.2163,600600483710834,600600515440209
500.79944,1722.8566,500.79944,1676.2163,600600515595157,600600547886668
491.69254,1731.751,497.0413,1676.2163,600600548141564,600600581590366
476.89185,1775.0713,497.0413,1722.8566,600600581731512,600600615679689
498.7634,1726.9172,497.0413,1726.9172,600600616415001,600600653985105
600.84064,1547.8258,497.0413,1722.8566,600600654155678,600600684623439
665.88776,1447.5508,498.7634,1722.8566,600600684788907,600600739813334
741.4556,1363.9816,600.84064,1547.8258,600600739919689,600600772284689
732.0152,1285.6171,665.88776,1447.5508,600600773564480,600600804650834
727.71783,1343.6887,727.71783,1363.9816,600600804750522,600600838476459
745.6653,1307.3688,727.71783,1343.6887,600600838664428,600600869649480
750.7902,1337.675,727.71783,1343.6887,600600870031303,600600901882918
709.24677,1398.6891,727.71783,1343.6887,600600902069897,600600934955053
686.1408,1501.1105,727.71783,1343.6887,600600936539584,600600971486147
666.8309,1434.2528,709.24677,1398.6891,600600971678178,600601004103334
736.84375,1346.3513,727.71783,1346.3513,600601004275991,600601038265730
568.8373,549.1494,709.24677,1346.3513,600601038392761,600601069857813
574.1843,422.71295,709.24677,1346.3513,600601073965730,600601106048959
565.50684,470.91122,574.1843,549.1494,600601107671407,600601142119220
564.4275,431.00327,574.1843,470.91122,600601142202397,600601177266199
606.7201,396.1326,574.1843,470.91122,600601177444584,600601215390522
564.3956,345.42587,574.1843,431.00327,600601215722709,600601252902917
618.15094,403.95923,574.1843,403.95923,600601253081303,600601284519272
560.551,355.4981,574.1843,403.95923,600601284624220,600601317862136
551.8601,360.8155,574.1843,403.95923,600601318032188,600601351501303
525.6335,397.38107,560.551,397.38107,600601351681251,600601381987292
569.8861,351.12448,569.8861,397.38107,600601382103490,600601417232449
592.7908,368.2118,569.8861,397.38107,600601417395313,600601448368178
579.70264,442.4655,569.8861,397.38107,600601448497657,600601481156199
608.79236,381.26654,579.70264,397.38107,600601481342292,600601514651199
607.2981,458.5502,579.70264,397.38107,600601514835834,600601549237605
564.4974,362.19403,579.70264,397.38107,600601549424324,600601580859636
593.47546,347.01575,579.70264,397.38107,600601581009949,600601612601251
563.35706,341.18445,579.70264,362.19403,600601612819792,600601659144376
543.47577,305.9093,579.70264,347.01575,600601659246459,600601704399115
512.1823,324.19604,563.35706,341.18445,600601704568699,600601734694792
487.84598,329.11008,543.47577,329.11008,600601736742917,600601767302344
486.59924,345.47827,512.1823,341.18445,600601769496146,600601804557761
496.07745,320.99225,496.07745,329.11008,600601804647344,600601837975834
495.53943,348.39978,496.07745,341.18445,600601838157813,600601869808490
431.90207,320.90924,496.07745,329.11008,600601869969376,600601902222813
409.13696,333.0467,495.53943,333.0467,600601902367136,600601933522448
424.15594,340.80118,431.90207,333.0467,600601934752813,600601964425417
418.5893,336.40256,424.15594,333.0467,600601965806667,600601996689844
426.7758,352.21783,426.7758,336.40256,600602006313698,600602045222344
411.5934,326.12256,424.15594,333.0467,600602045333073,600602078602813
381.97922,323.02402,424.15594,333.0467,600602078691823,600602111124636
423.30347,316.5696,423.30347,326.12256,600602111619480,600602145860678
460.1474,320.1247,424.15594,323.02402,600602146011094,600602179325105
441.86234,304.10254,424.15594,320.1247,600602179449063,600602214256875
388.94424,299.00543,424.15594,320.1247,600602216878855,600602249805834
461.95755,348.06494,424.15594,320.1247,600602249981146,600602283102188
484.1525,338.46646,424.15594,320.1247,600602283253959,600602321595469
463.5404,363.39346,461.95755,338.46646,600602321710261,600602352140521
505.25803,342.33078,463.5404,338.46646,600602352309688,600602388667188
530.9189,309.80753,463.5404,338.46646,600602389524636,600602421027188
557.6534,309.30173,505.25803,338.46646,600602421177396,600602449816355
488.4165,327.93744,488.4165,327.93744,600602449917084,600602483216615
420.36288,321.59024,488.4165,327.93744,600602483325886,600602515042657
387.7233,327.1277,488.4165,327.93744,600602515180417,600602547800573
372.56262,313.11707,420.36288,327.1277,600602547924427,600602579162292
367.3835,299.46692,387.7233,327.1277,600602579313750,600602613178125
350.93576,323.4605,372.56262,323.4605,600602613308959,600602645887292
364.31754,307.9755,367.3835,323.4605,600602646018646,600602679282344
321.76736,344.0861,364.31754,323.4605,600602679442500,600602713617240
346.51703,357.82788,364.31754,323.4605,600602713767552,600602745328490
317.17108,334.4794,346.51703,334.4794,600602745458334,600602782803229
321.89258,352.5551,346.51703,334.4794,600602782948073,600602816758542
303.6914,831.56085,321.89258,334.4794,600602816919896,600602850462709
427.33713,1436.5547,346.51703,352.5551,600602850608386,600602882906302
400.17062,1578.5731,346.51703,831.56085,600602883069740,600602914385938
403.25323,1628.7965,400.17062,1436.5547,600602915074011,600602945869167
450.17825,1718.851,400.17062,1578.5731,600602946014427,600602979508125
451.82385,1660.7769,403.25323,1628.7965,600602979672969,600603013660417
446.051,1686.4772,446.051,1660.7769,600603013795625,600603049332448
432.7656,1667.1697,432.7656,1660.7769,600603049536979,600603084960469
440.95636,1619.4971,440.95636,1660.7769,600603085058281,600603125576979
438.76962,1673.1984,438.76962,1660.7769,600603125685990,600603155415469
439.65494,1691.3427,439.65494,1660.7769,600603155530000,600603185847344
425.67804,1676.9247,438.76962,1673.1984,600603185947761,600603214991979
447.17096,1675.3895,439.65494,1675.3895,600603215180573,600603247258698
448.06067,1664.8314,439.65494,1673.1984,600603247429323,600603280626927
471.25845,1533.5443,447.17096,1673.1984,600603280774583,600603311876771
494.7145,1491.6938,448.06067,1664.8314,600603312079323,600603346119740
487.48837,1392.1741,471.25845,1533.5443,600603346258177,600603380419792
489.48413,1356.0044,487.48837,1491.6938,600603380552865,600603412828906
509.23956,1404.2192,487.48837,1404.2192,600603412965781,600603444412187
495.29474,1363.2631,489.48413,1404.2192,600603444537917,600603476670729
505.83203,1337.9772,495.29474,1404.2192,600603476805104,600603509721042
519.9666,1312.6572,495.29474,1363.2631,600603509890469,600603548347396
537.1272,1397.9901,505.83203,1397.9901,600603548445312,600603602265625
452.81027,1408.6343,495.29474,1397.9901,600603602449740,600603635257552
460.72412,1497.1471,495.29474,1397.9901,600603635357969,600603666897760
426.68497,1512.848,460.72412,1408.6343,600603666992604,600603700582344
431.54453,1515.6698,460.72412,1497.1471,600603700669010,600603733148021
454.0762,1486.2277,454.0762,1486.2277,600603733247760,600603762864219
430.6174,1507.391,454.0762,1497.1471,600603764671354,600603796035781
423.82895,1420.189,454.0762,1486.2277,600603796220104,600603827866562
405.4369,1432.6152,430.6174,1486.2277,600603828756667,600603861543542
402.8598,1584.5789,423.82895,1486.2277,600603864223281,600603900058854
398.78412,1570.3724,405.4369,1486.2277,600603900791562,600603933197708
345.15207,1673.1434,402.8598,1570.3724,600603934086719,600603966308489
270.14417,1839.8844,398.78412,1570.3724,600603966440677,600603999104271
252.08463,1871.1024,345.15207,1673.1434,600604002175052,600604033779114
261.61835,1946.1084,270.14417,1839.8844,600604033856927,600604075285677
237.66074,1885.4016,261.61835,1871.1024,600604075486771,600604109170260
216.27501,1904.3765,261.61835,1885.4016,600604109342343,600604148611510
236.65395,1886.001,237.66074,1885.4016,600604148745677,600604180522083
258.4486,1948.6063,258.4486,1886.001,600604180891771,600604210879010
184.86476,1948.4719,237.66074,1886.001,600604211056979,600604243991510
124.75051,1959.7574,237.66074,1948.4719,600604244235052,600604276882083
128.75897,1952.8538,184.86476,1948.4719,600604277014114,600604309907500
112.23404,1897.0625,128.75897,1948.4719,600604310053593,600604345864843
83.3113,1988.6718,128.75897,1948.4719,600604346043958,600604378394791
87.39603,1989.2142,112.23404,1948.4719,600604378578802,600604410862239
90.25586,1987.951,90.25586,1987.951,600604411027239,600604443607291
90.923805,1988.149,90.923805,1987.951,600604443771666,600604474533698
100.72569,1964.215,90.923805,1987.951,600604474664427,600604507188906
85.64731,1970.4105,90.923805,1987.951,600604507282552,600604553347343
95.42281,2000.9497,90.923805,1987.951,600604553484895,600604584912031
89.899826,1964.7948,90.923805,1987.951,600604585081979,600604616813072
99.723,1971.2732,90.923805,1987.951,600604617011406,600604649565260
104.22511,1976.0277,90.923805,1976.0277,600604649749843,600604682505937
125.00411,1907.9341,99.723,1976.0277,600604682669166,600604713211406
111.44302,1945.6378,104.22511,1976.0277,600604713353125,600604749425677
101.459404,1922.4,101.459404,1945.6378,600604749602239,600604781860520
98.185326,1906.9744,101.459404,1945.6378,600604782020520,600604812335416
105.81814,1903.059,101.459404,1922.4,600604812505156,600604846189739
106.35607,1878.2256,101.459404,1906.9744,600604846389687,600604878316562
103.95652,1929.3206,103.95652,1922.4,600604878495208,600604911353697
85.19969,1895.7091,101.459404,1906.9744,600604911549739,600604942188958
273.85956,1791.0975,103.95652,1906.9744,600604942354166,600604971650833
313.2768,1711.9304,103.95652,1895.7091,600604971754218,600605013786510
378.65585,1703.4065,273.85956,1791.0975,600605013985520,600605047615572
363.717,1640.5958,313.2768,1711.9304,600605047807604,600605081433072
369.7252,1612.924,363.717,1703.4065,600605081620676,600605114310572
373.6573,1636.5558,363.717,1640.5958,600605114496458,600605148511041
418.5291,1661.1653,369.7252,1661.1653,600605148677864,600605179591093
475.0642,1404.556,373.6573,1640.5958,600605179765937,600605217435989
545.78955,511.31567,418.5291,1640.5958,600605217640312,600605255079010
549.09076,513.00574,475.0642,1404.556,600605255169062,600605290666041
546.9577,538.2532,545.78955,538.2532,600605290853645,600605324708801
490.6955,543.5599,490.6955,543.5599,600605325814166,600605356315312
523.71594,525.9152,523.71594,538.2532,600605356430624,600605388747916
519.73096,465.4454,519.73096,538.2532,600605388872603,600605423678228
497.26428,457.20782,519.73096,525.9152,600605423832395,600605458066197
351.7404,554.10095,519.73096,538.2532,600605458240051,600605490987187
356.79132,436.00833,497.26428,525.9152,600605491120364,600605523216874
358.0294,470.8499,358.0294,525.9152,600605523383176,600605555037708
277.30963,523.25574,358.0294,523.25574,600605556772239,600605588247812
248.64836,476.39746,358.0294,523.25574,600605588379947,600605617421978
277.9554,502.0568,277.9554,523.25574,600605617532760,600605647703853
312.9191,485.8589,312.9191,502.0568,600605647864166,600605681096562
321.74692,494.68808,312.9191,502.0568,600605681276822,600605713038749
314.59042,457.03284,312.9191,494.68808,600605713202603,600605746299270
334.00085,518.37213,314.59042,502.0568,600605746412291,600605778583853
483.21317,488.80725,314.59042,494.68808,600605779403228,600605810193905
486.84164,667.1269,334.00085,502.0568,600605810345885,600605842934166
544.2225,497.68063,483.21317,497.68063,600605843184634,600605874407707
502.6718,536.1647,486.84164,502.0568,600605874560780,600605907397291
504.04178,590.2841,502.6718,502.0568,600605907558437,600605938466666
506.87152,540.44275,502.6718,536.1647,600605938652134,600605972452864
510.54642,572.93536,504.04178,540.44275,600605972635624,600606004717134
499.66077,589.71594,502.6718,540.44275,600606004802343,600606033690155
578.1202,909.8768,504.04178,572.93536,600606033778853,600606065651561
305.7666,1823.2572,502.6718,589.71594,600606065818436,600606098057343
270.7035,2076.2456,502.6718,909.8768,600606098181249,600606128202916
428.4367,2001.808,428.4367,1823.2572,600606129532343,600606158797082
453.5204,2258.3862,453.5204,2001.808,600606161532655,600606193960936
347.15115,2085.9707,428.4367,2001.808,600606195375572,600606250860155
397.96057,1917.2896,428.4367,2001.808,600606250967499,600606283815363
425.82837,1825.8916,425.82837,2001.808,600606283919218,600606313052551
390.78665,1765.1294,425.82837,1917.2896,600606313224738,600606345293072
416.29764,1745.1545,425.82837,1825.8916,600606345449061,600606376109947
411.4001,1810.9739,416.29764,1810.9739,600606376265520,600606418380832
391.61746,1792.8406,416.29764,1810.9739,600606418557030,600606450930988
392.28683,1794.5723,411.4001,1810.9739,600606451043645,600606482705572
555.0187,1789.7125,416.29764,1794.5723,600606482814895,600606512186197
565.8578,1769.3239,416.29764,1794.5723,600606512360207,600606542777447
580.13007,1844.7667,555.0187,1794.5723,600606542948280,600606577834322
573.87775,1801.6072,565.8578,1794.5723,600606578028488,600606612964895
639.62494,1755.873,573.87775,1794.5723,600606613128124,600606647368645
613.865,1811.1056,573.87775,1794.5723,600606647488228,600606679786822
610.36237,1905.0156,610.36237,1794.5723,600606679909582,600606718538228
613.29346,1977.2792,610.36237,1811.1056,600606718647551,600606779447915
681.3991,1982.1733,610.36237,1905.0156,600606779570311,600606809045363
669.1045,1974.5559,613.29346,1974.5559,600606809211145,600606841124582
649.91223,1972.4894,649.91223,1972.4894,600606841218801,600606876453592
617.2684,1973.6959,617.2684,1973.6959,600606876552967,600606910251874
681.99805,1940.2722,649.91223,1972.4894,600606910475311,600606945837290
692.0329,1956.4886,649.91223,1972.4894,600606946037394,600606979752915
682.6539,1998.803,681.99805,1972.4894,600606979871457,600607013570051
680.77454,1942.8619,680.77454,1972.4894,600607014511144,600607046049113
658.75116,1964.6844,680.77454,1972.4894,600607046231509,600607076711717
664.51587,1959.6763,680.77454,1964.6844,600607076902499,600607110077394
668.5521,1920.8938,668.5521,1964.6844,600607110452186,600607140146509
657.32324,1944.9421,668.5521,1959.6763,600607140311769,600607175606561
641.7539,1962.6996,668.5521,1962.6996,600607175753019,600607210792186
695.57874,1982.6707,668.5521,1962.6996,600607210949894,600607243478905
660.7723,1971.3481,668.5521,1962.6996,600607243655467,600607279441978
668.0017,1953.6777,668.5521,1962.6996,600607279621769,600607312175259
687.327,1911.1133,668.5521,1962.6996,600607312354217,600607346870988
681.9085,1909.1061,668.5521,1953.6777,600607347073749,600607383814373
698.3686,1794.1476,681.9085,1911.1133,600607383911405,600607417522655
674.1296,1570.3759,674.1296,1909.1061,600607417872394,600607448205728
675.58295,1514.7383,675.58295,1794.1476,600607448404113,600607479446873
681.7257,1463.6802,675.58295,1570.3759,600607479622811,600607511620728
739.062,1438.4358,675.58295,1514.7383,600607511763488,600607547574582
737.8764,1446.8112,681.7257,1463.6802,600607547673071,600607584839582
731.55457,1438.7107,731.55457,1446.8112,600607584959842,600607618437759
701.6365,1398.0018,701.6365,1446.8112,600607618540571,600607650800884
697.4559,1416.3685,701.6365,1438.7107,600607651079373,600607682168853
698.695,1371.2485,701.6365,1416.3685,600607682282915,600607713297915
695.5316,1368.6167,698.695,1416.3685,600607713483123,600607746149790
670.0991,1419.2897,698.695,1416.3685,600607746376925,600607779972342
682.4385,1394.0907,695.5316,1416.3685,600607780146925,600607810780259
702.5933,1397.3984,698.695,1416.3685,600607810899269,600607844054998
711.8846,1380.3944,698.695,1397.3984,600607844222967,600607881931717
884.0914,1327.4554,702.5933,1397.3984,600607882045675,600607911190936
898.82074,1332.3704,711.8846,1380.3944,600607911374946,600607948220415
931.31915,1218.4493,884.0914,1332.3704,600607949087134,600607998733748
902.83984,1314.7897,898.82074,1332.3704,600607998857030,600608031562498
901.55566,1348.4598,901.55566,1332.3704,600608031646925,600608068508696
919.98376,1297.8497,901.55566,1332.3704,600608068643488,600608100465519
913.3466,1233.4973,901.55566,1332.3704,600608100622029,600608136207759
872.2793,1235.9219,901.55566,1297.8497,600608136389425,600608170565154
849.68164,1198.7874,901.55566,1235.9219,600608170698957,600608207164373
801.46796,1196.7041,872.2793,1235.9219,600608207287186,600608242520519
795.2803,1223.5248,849.68164,1223.5248,600608242694373,600608273666561
777.6131,1294.7987,801.46796,1235.9219,600608273863488,600608308752863
453.32718,1125.4014,795.2803,1223.5248,600608308876144,600608349874738
498.12363,1048.7205,777.6131,1223.5248,600608350420936,600608380142811
545.3696,1060.6415,545.3696,1125.4014,600608380241821,600608411019998
483.08582,1076.8896,545.3696,1076.8896,600608411205519,600608443546925
510.17947,1162.0955,545.3696,1125.4014,600608443649634,600608475845154
522.02435,1045.7179,522.02435,1076.8896,600608476067133,600608511227915
541.45123,998.15454,541.45123,1076.8896,600608511423383,600608542497498
550.4422,1009.94086,541.45123,1045.7179,600608542650936,600608577978071
528.4743,1013.8391,541.45123,1013.8391,600608578138956,600608615044790
479.24435,1154.1294,541.45123,1045.7179,600608615978227,600608648704946
558.29254,902.066,541.45123,1013.8391,600608648813019,600608678148800
575.8296,923.7788,541.45123,1013.8391,600608678325258,600608710689998
561.6871,858.6593,558.29254,923.7788,600608710875779,600608741693904
538.95386,920.931,541.45123,923.7788,600608741877550,600608775023175
499.8008,606.61456,541.45123,920.931,600608775210571,600608829647290
400.08627,325.25195,538.95386,920.931,600608829759269,600608870696769
443.2932,285.82642,499.8008,606.61456,600608870858019,600608903817654
462.92984,277.86392,462.92984,325.25195,600608903965258,600608936381612
457.8845,311.46805,462.92984,311.46805,600608936530883,600608973550154
426.33575,324.738,462.92984,324.738,600608973723435,600609005796665
407.7432,335.8184,457.8845,324.738,600609005967862,600609038350571
534.3197,319.7379,462.92984,324.738,600609038469269,600609074790727
594.8832,261.38904,462.92984,324.738,600609074980675,600609107091873
595.9899,317.6589,534.3197,319.7379,600609107171352,600609138973487
576.9579,306.75867,576.9579,317.6589,600609139083071,600609171438383
605.87256,307.9253,576.9579,317.6589,600609171726821,600609202574321
607.7976,295.4082,576.9579,307.9253,600609204091717,600609237370935
618.9866,304.7711,605.87256,307.9253,600609237482862,600609270632446
585.39014,319.79553,585.39014,307.9253,600609271506664,600609306058227
550.3261,298.19183,585.39014,307.9253,600609306158331,600609342118227
598.4531,336.2006,585.39014,307.9253,600609342298852,600609374642862
540.3956,352.3612,585.39014,307.9253,600609374831456,600609407571196
480.6128,1119.7764,585.39014,336.2006,600609407772602,600609442415414
415.82364,1286.7198,540.3956,352.3612,600609442534216,600609474314894
437.27945,968.93964,480.6128,968.93964,600609474412081,600609507444841
483.86646,869.68976,483.86646,869.68976,600609507640102,600609540376196
577.4273,390.92245,483.86646,869.68976,600609540480831,600609572946091
514.77435,258.24973,483.86646,869.68976,600609573055050,600609603771352
545.0622,285.56583,514.77435,390.92245,600609603923383,600609636281091
528.1049,284.40533,514.77435,285.56583,600609636380675,600609669249164
454.81552,257.69458,514.77435,285.56583,600609669332966,600609699391039
465.0197,248.31564,514.77435,284.40533,600609699548800,600609733010258
481.9666,286.0947,481.9666,285.56583,600609733153123,600609769356456
496.53012,297.1296,496.53012,285.56583,600609770289841,600609804769425
504.27036,281.65723,496.53012,285.56583,600609804942237,600609837874893
492.72174,285.4336,496.53012,285.56583,600609838069164,600609872668591
525.8262,334.2194,496.53012,285.56583,600609872794581,600609903861560
610.38696,282.07895,496.53012,285.56583,600609904036716,600609936219060
532.603,296.4101,525.8262,285.56583,600609936358123,600609968908435
537.5293,268.38986,532.603,285.56583,600609969073383,600610002315727
582.73395,305.78772,532.603,285.56583,600610003565883,600610035533852
545.5805,279.21442,537.5293,285.56583,600610036614581,600610067764372
548.40826,281.89838,545.5805,285.56583,600610067894477,600610099385727
521.56616,272.38055,537.5293,281.89838,600610099522445,600610132887810
599.4883,284.78668,545.5805,284.78668,600610133033904,600610166527289
582.25244,287.94113,545.5805,284.78668,600610166686820,600610201502654
554.2235,293.3914,554.2235,284.78668,600610201671716,600610250711195
580.8794,307.0845,554.2235,287.94113,600610251160258,600610281401977
586.9284,285.80142,554.2235,285.80142,600610281550362,600610312209737
600.15845,275.9049,580.8794,285.80142,600610313175831,600610348166195
513.59955,267.5584,554.2235,285.80142,600610348353070,600610379250258
453.77512,301.65518,554.2235,285.80142,600610379398695,600610424624372
359.66815,282.87225,513.59955,285.80142,600610424705154,600610457187549
369.59152,298.0259,453.77512,285.80142,600610457303904,600610492595154
425.87244,283.3367,425.87244,285.80142,600610492708435,600610525501872
395.47464,253.5336,425.87244,285.80142,600610526065726,600610560602497
414.21332,272.57874,425.87244,283.3367,600610562503070,600610593965779
393.7838,265.29373,414.21332,272.57874,600610594055414,600610628441299
350.804,270.24582,414.21332,272.57874,600610628616143,600610660398174
344.5873,273.97018,393.7838,272.57874,600610660493435,600610694739685
332.9853,288.51245,350.804,272.57874,600610695186351,600610729705831
380.9667,278.29733,380.9667,273.97018,600610729842497,600610761104320
340.5618,290.25027,350.804,278.29733,600610763010778,600610794637966
336.69757,286.30475,350.804,278.29733,600610795004789,600610828628018
356.50125,288.1028,350.804,286.30475,600610830172706,600610872427653
385.183,275.32065,350.804,278.29733,600610872529476,600610905952393
465.24088,281.51962,356.50125,281.51962,600610906117549,600610939590935
544.66895,266.9454,385.183,278.29733,600610939776716,600610972796820
560.4973,266.67908,465.24088,278.29733,600610972998643,600611008304633
547.0482,282.49023,544.66895,278.29733,600611008501768,600611041881820
601.7362,276.39447,547.0482,278.29733,600611042050883,600611074851768
362.45193,1118.7069,544.66895,278.29733,600611074965310,600611105714268
554.1286,1900.6229,547.0482,278.29733,600611105897185,600611138211924
530.3597,1914.4497,544.66895,1118.7069,600611138318174,600611169721872
542.3118,1918.6172,544.66895,1900.6229,600611170697757,600611206178487
526.2431,1867.7919,542.3118,1867.7919,600611206291455,600611237763382
531.9385,1823.5876,542.3118,1867.7919,600611237926976,600611271616455
540.8793,1859.926,540.8793,1867.7919,600611271705987,600611305185882
601.19763,1730.0557,542.3118,1859.926,600611305336612,600611345404893
595.4555,1556.8514,542.3118,1859.926,600611345510987,600611378662497
551.19183,1574.6079,551.19183,1730.0557,600611378839997,600611408589684
624.94434,1535.4121,551.19183,1574.6079,600611408767028,600611442938747
616.31396,1526.6478,551.19183,1574.6079,600611443070934,600611475873278
612.9284,1524.268,612.9284,1535.4121,600611476063122,600611512299789
625.97955,1525.8905,612.9284,1526.6478,600611512404372,600611542395570
580.79706,1527.2074,612.9284,1527.2074,600611542509424,600611575712601
566.89966,1445.8281,612.9284,1526.6478,600611575804736,600611604458747
587.9905,1431.9576,587.9905,1526.6478,600611604597289,600611636763799
558.4291,1495.8383,587.9905,1495.8383,600611636868695,600611677250153
549.89703,1512.6101,587.9905,1512.6101,600611677414841,600611709359476
587.9572,1464.8147,587.9572,1495.8383,600611709747080,600611756640934
563.3913,1389.8052,587.9572,1495.8383,600611756728278,600611786946611
556.9527,1511.1766,587.9572,1495.8383,600611802209372,600611843436455
559.2441,1463.9198,563.3913,1495.8383,600611843657184,600611874487341
586.11096,1447.2622,586.11096,1495.8383,600611874604007,600611905614893
561.7776,1365.4285,563.3913,1463.9198,600611905803643,600611938084476
591.24133,1320.7461,586.11096,1447.2622,600611938196403,600611969766247
585.5213,1428.0353,585.5213,1428.0353,600611969888643,600612001263330
577.5133,1351.9495,585.5213,1428.0353,600612001419320,600612034764372
601.9134,1401.127,585.5213,1428.0353,600612034923226,600612088382236
477.29828,850.7224,585.5213,1401.127,600612088504059,600612124799059
517.314,776.96234,585.5213,1401.127,600612134392913,600612167823903
454.3805,729.3803,517.314,850.7224,600612167955934,600612218638851
526.3186,690.52856,526.3186,776.96234,600612218761820,600612249305361
495.58115,731.0165,517.314,731.0165,600612249506351,600612285003695
492.7923,808.1432,517.314,776.96234,600612285194476,600612316029580
505.43137,817.37744,505.43137,776.96234,600612316162601,600612347693226
485.09192,818.7057,505.43137,808.1432,600612347850257,600612379956820
328.49976,1519.7162,505.43137,817.37744,600612380191611,600612414816090
376.64053,1620.5703,485.09192,818.7057,600612415039267,600612447530361
403.92715,1589.4182,403.92715,1519.7162,600612447701090,600612480844528
433.4215,1619.1958,433.4215,1589.4182,600612481039997,600612511655986
424.30167,1642.0901,424.30167,1589.4182,600612511798382,600612543074059
419.44153,1654.0289,424.30167,1619.1958,600612543259424,600612574506872
450.82632,1582.5782,424.30167,1589.4182,600612576244372,600612625388590
395.69208,1638.8378,424.30167,1619.1958,600612625579267,600612659647340
417.4099,1532.1719,424.30167,1589.4182,600612661048746,600612691916715
729.2106,1504.1779,424.30167,1589.4182,600612693199996,600612727092132
771.03656,1516.9906,424.30167,1532.1719,600612727260309,600612759301090
772.0264,1478.1506,729.2106,1516.9906,600612760961403,600612794263903
762.54675,1509.0963,762.54675,1516.9906,600612795025465,600612826466351
774.8812,1417.2994,762.54675,1509.0963,600612826676819,600612858174267
751.95,860.79095,762.54675,1509.0963,600612858359059,600612895434840
733.12195,720.02484,762.54675,1417.2994,600612895573903,600612929982601
740.68506,624.91473,751.95,860.79095,600612930138226,600612965065934
695.935,606.7657,740.68506,720.02484,600612965169476,600612995469371
688.9346,676.881,740.68506,676.881,600612995618903,600613025406403
681.1881,683.65015,695.935,683.65015,600613032165413,600613063271507
681.1077,639.4875,688.9346,676.881,600613064883903,600613099690517
699.16406,615.46625,695.935,676.881,600613099863746,600613133242340
759.086,559.9862,695.935,639.4875,600613133409892,600613167883017
735.94995,551.8396,699.16406,615.46625,600613168130048,600613202972028
665.67395,649.61804,695.935,639.4875,600613203070309,600613234902861
692.59674,602.945,695.935,615.46625,600613235008278,600613266759267
683.95044,647.66724,692.59674,639.4875,600613266869059,600613297824423
726.14935,605.6689,695.935,615.46625,600613297945569,600613329466402
746.7669,616.6614,695.935,616.6614,600613330055830,600613362075517
805.0556,571.0977,726.14935,615.46625,600613362245048,600613394683330
806.30304,583.669,746.7669,615.46625,600613395093277,600613428541455
799.7656,618.89746,799.7656,615.46625,600613429412392,600613462527809
788.9349,583.477,788.9349,615.46625,600613462643746,600613495131507
781.4607,585.8111,788.9349,615.46625,600613495306402,600613530686663
318.17523,547.4134,788.9349,585.8111,600613530843642,600613563060048
282.44705,516.4348,781.4607,585.8111,600613563219475,600613595529840
265.37015,470.3466,318.17523,547.4134,600613595659944,600613633765204
230.70708,509.6017,282.44705,516.4348,600613633915048,600613667718902
245.40535,505.1327,265.37015,509.6017,600613667832913,600613700347809
211.5606,509.4657,245.40535,509.6017,600613700461611,600613731820673
223.24545,481.1534,245.40535,509.4657,600613731914579,600613763764111
223.66718,465.9836,223.66718,509.4657,600613763861194,600613796322340
235.40807,474.62936,235.40807,481.1534,600613797773538,600613829384579
213.01534,478.12033,223.66718,478.12033,600613829483850,600613864415934
217.3301,516.7398,223.66718,481.1534,600613864563069,600613896409788
237.64276,484.0175,223.66718,481.1534,600613896549423,600613930054996
242.66353,481.66153,223.66718,481.66153,600613930243329,600613966576767
255.88474,493.824,237.64276,481.66153,600613966759579,600613997655621
311.99823,518.94727,242.66353,481.66153,600613997808694,600614033502392
336.05783,506.7207,255.88474,493.824,600614033649319,600614066723538
317.64285,460.05542,311.99823,481.66153,600614066832652,600614098874215
328.06992,462.24173,317.64285,481.66153,600614098979163,600614131616350
325.00223,521.90674,317.64285,481.66153,600614131725204,600614162834215
516.06854,485.53442,325.00223,481.66153,600614162936819,600614192945100
725.00726,590.8234,325.00223,485.53442,600614195141923,600614226481923
726.4548,544.6314,516.06854,485.53442,600614226605933,600614259660256
764.77905,587.6292,725.00726,544.6314,600614259792548,600614295594110
756.78656,644.56635,726.4548,544.6314,600614296245985,600614328872079
786.7515,614.06323,756.78656,587.6292,600614329014475,600614360520204
768.3922,601.2471,756.78656,601.2471,600614360632235,600614391353590
785.60394,520.7779,768.3922,587.6292,600614392444423,600614423508537
738.7448,615.0662,756.78656,601.2471,600614425593694,600614459749944
753.842,548.6993,756.78656,587.6292,600614459920829,600614490912912
738.97424,543.24493,753.842,587.6292,600614491060985,600614528654058
728.7737,544.2969,753.842,548.6993,600614528774475,600614561472912
785.6479,578.05316,753.842,578.05316,600614561580517,600614594805621
775.99225,572.50116,753.842,572.50116,600614594920048,600614628690464
767.8383,577.2406,767.8383,577.2406,600614628796714,600614660854058
792.5085,554.97314,767.8383,572.50116,600614661000204,600614692698798
784.89734,596.0678,767.8383,577.2406,600614693096350,600614723775464
794.3148,600.9711,784.89734,577.2406,600614723924475,600614755819162
778.19324,675.0684,778.19324,596.0678,600614755987860,600614789869735
753.22925,612.3201,778.19324,600.9711,600614790040881,600614824792600
763.7339,602.95874,778.19324,602.95874,600614826099579,600614856982131
731.56104,569.9251,763.7339,600.9711,600614858248694,600614889664631
661.586,609.08496,763.7339,602.95874,600614889776923,600614921669162
668.1455,578.4856,731.56104,600.9711,600614921813381,600614954043069
666.49426,609.5178,668.1455,602.95874,600614954996350,600614986345256
680.5652,633.0557,680.5652,602.95874,600614987889996,600615021897131
687.626,685.1939,680.5652,609.5178,600615025790777,600615056968693
701.6452,628.99194,680.5652,628.99194,600615058254318,600615090337079
701.3956,594.7683,687.626,609.5178,600615091857860,600615126564162
698.74304,584.21533,698.74304,609.5178,600615126729110,600615161214943
713.68604,559.4861,698.74304,594.7683,600615161378485,600615196646089
743.8616,636.003,698.74304,609.5178,600615196727704,600615231769423
710.2146,514.8289,710.2146,594.7683,600615231938433,600615269724214
721.927,600.5366,710.2146,600.5366,600615269864943,600615305227912
593.2066,556.37695,710.2146,594.7683,600615305431298,600615335352912
594.3697,621.1131,710.2146,600.5366,600615335462235,600615383466766
551.1888,528.53613,594.3697,594.7683,600615383571506,600615416112183
568.63214,580.7984,594.3697,594.7683,600615416257548,600615449408850
554.6447,629.11304,568.63214,594.7683,600615450175464,600615481289006
544.5567,579.44226,568.63214,594.7683,600615489617808,600615524168589
530.55585,554.12823,554.6447,594.7683,600615526636558,600615565781922
524.22595,523.39606,544.5567,579.44226,600615565882131,600615598402391
538.31854,514.9174,538.31854,554.12823,600615598563902,600615631274735
533.78235,580.7124,538.31854,579.44226,600615631442808,600615666899370
555.90295,615.17126,538.31854,579.44226,600615666993954,600615698029787
526.99146,490.1285,538.31854,579.44226,600615698129891,600615730974162
501.72964,468.44766,538.31854,579.44226,600615731083329,600615767129058
526.3084,434.8743,526.99146,490.1285,600615767226610,600615799439214
528.9158,485.4335,528.9158,485.4335,600615799628224,600615841120204
523.15326,471.8015,526.99146,485.4335,600615841249058,600615870946297
500.9596,535.37067,526.99146,485.4335,600615871099891,600615906205776
494.04544,523.1664,523.15326,485.4335,600615906385672,600615937999474
517.21326,570.85583,517.21326,523.1664,600615938160829,600615970063797
510.1576,560.7846,517.21326,523.1664,600615970191766,600616002177756
497.30066,470.64648,517.21326,523.1664,600616002302026,600616034792599
462.47208,510.17163,510.1576,523.1664,600616035292026,600616065715568
505.89062,473.60605,505.89062,510.17163,600616065818120,600616097071349
488.63058,498.39554,505.89062,510.17163,600616097241349,600616130220047
512.45447,478.70615,505.89062,498.39554,600616130331610,600616163969422
511.87317,422.2143,505.89062,498.39554,600616164140881,600616197735151
496.63266,436.84555,505.89062,478.70615,600616197839058,600616230569318
506.54645,459.64096,505.89062,459.64096,600616230731193,600616272952131
505.48438,404.63345,505.89062,459.64096,600616273129891,600616309854787
486.97644,377.51535,505.89062,459.64096,600616309969891,600616343229683
522.0163,458.8107,505.89062,458.8107,600616344169578,600616372128693
533.9202,437.3739,505.89062,458.8107,600616372275255,600616404622599
513.72546,402.24182,513.72546,458.8107,600616404812235,600616437243641
494.68542,403.32333,505.89062,437.3739,600616437380672,600616468776141
505.09164,395.6219,505.89062,403.32333,600616468991766,600616505008589
525.6929,447.17303,505.89062,437.3739,600616505174058,600616535877443
529.302,406.8081,505.89062,406.8081,600616536114630,600616567065412
516.9021,506.16974,516.9021,437.3739,600616568037443,600616602081870
517.69354,563.68713,516.9021,437.3739,600616602245360,600616633801297
565.06647,1684.1923,516.9021,506.16974,600616634800255,600616677530360
546.9186,1689.943,517.69354,563.68713,600616677741818,600616709078016
554.5641,1727.4463,546.9186,1684.1923,600616709167599,600616740226037
561.2227,1701.613,546.9186,1689.943,600616740891610,600616770192443
499.42267,1657.3239,546.9186,1684.1923,600616770400568,600616800926870
518.8564,1624.8391,546.9186,1684.1923,600616801101922,600616833302339
510.7335,1596.0903,518.8564,1657.3239,600616833795307,600616866142495
552.45764,1589.7701,546.9186,1624.8391,600616866246193,600616901859318
547.315,1647.7305,546.9186,1647.7305,600616902043901,600616948940464
552.059,1684.6873,547.315,1647.7305,600616949041297,600616981257755
522.87,1692.2083,546.9186,1647.7305,600616981367286,600617011762234
537.48846,1661.2354,546.9186,1661.2354,600617011867651,600617042504266
530.0526,1501.9713,537.48846,1647.7305,600617042606870,600617072441349
603.8981,1289.6115,546.9186,1647.7305,600617072585203,600617109165359
587.48773,1299.6555,546.9186,1501.9713,600617109269526,600617137891245
629.825,1307.8043,587.48773,1307.8043,600617138068797,600617170692078
553.6304,1287.6437,553.6304,1307.8043,600617170825880,600617202135203
599.3004,1326.2183,587.48773,1307.8043,600617202287703,600617233567234
606.96423,1309.8785,587.48773,1307.8043,600617234618068,600617263558849
606.8042,1335.0507,599.3004,1309.8785,600617263741974,600617300931818
637.6434,1392.0048,606.8042,1309.8785,600617301037963,600617332497651
614.86017,1395.0088,606.8042,1335.0507,600617332762859,600617362961713
622.98987,1363.626,614.86017,1363.626,600617363073641,600617394754734
701.44,588.08264,614.86017,1335.0507,600617394879005,600617427489161
654.21313,530.78357,622.98987,1335.0507,600617427605932,600617462930620
688.0014,523.3226,654.21313,588.08264,600617463037703,600617499254995
686.40985,552.49756,654.21313,552.49756,600617499348068,600617537531193
672.9867,563.31287,672.9867,563.31287,600617537709265,600617568854995
681.52386,511.09534,672.9867,552.49756,600617569015620,600617602600099
667.67816,495.70193,672.9867,552.49756,600617602717859,600617633528901
656.20215,513.63,672.9867,513.63,600617633708328,600617672635880
637.73944,471.72986,667.67816,513.63,600617672798328,600617702957390
678.1242,500.14523,672.9867,513.63,600617703132026,600617734566245
673.14685,502.195,672.9867,502.195,600617734693224,600617766792338
673.4948,504.27646,673.14685,504.27646,600617767827390,600617808952390
641.3755,603.0697,672.9867,504.27646,600617809165359,600617841587651
554.902,825.1441,672.9867,504.27646,600617841786453,600617871316505
538.27325,942.47595,641.3755,603.0697,600617871478849,600617903792547
572.7122,1112.1602,572.7122,825.1441,600617905795047,600617938653119
630.0003,1396.9336,630.0003,942.47595,600617938835359,600617971198692
605.7088,1497.8751,605.7088,1112.1602,600617971334057,600618002372651
611.09094,1512.5913,611.09094,1396.9336,600618002565359,600618034514109
591.4805,1571.1493,605.7088,1497.8751,600618034722390,600618067212338
572.22266,1568.173,605.7088,1512.5913,600618067362859,600618097752703
585.7026,1600.4552,591.4805,1568.173,600618097869109,600618131006921
536.14606,1545.3301,585.7026,1545.3301,600618131219838,600618163931505
574.6435,1591.5265,585.7026,1568.173,600618165114474,600618197431557
586.80707,1496.5894,585.7026,1545.3301,600618197896453,600618235107494
610.19745,1554.4061,585.7026,1554.4061,600618236230619,600618266617390
586.7492,1537.4427,586.7492,1545.3301,600618266806140,600618297964005
606.85956,1603.0707,586.7492,1554.4061,600618298087286,600618342880046
635.5347,1593.2087,586.7492,1554.4061,600618343068067,600618388487963
682.7898,1737.0712,606.85956,1593.2087,600618388596973,600618420201036
688.25085,1698.3639,635.5347,1593.2087,600618420297286,600618453713328
680.6742,1796.2054,680.6742,1698.3639,600618454199005,600618489277234
688.5511,1781.2137,680.6742,1698.3639,600618490301348,600618523073953
686.92676,1755.3884,680.6742,1755.3884,600618523160203,600618557423119
670.9672,1671.4124,680.6742,1698.3639,600618557546192,600618589174942
698.73785,1686.9535,680.6742,1698.3639,600618589308119,600618623121505
692.21454,1739.93,680.6742,1698.3639,600618623259525,600618658094682
627.3263,1645.1941,680.6742,1698.3639,600618658230359,600618692479942
562.1827,1557.8258,680.6742,1698.3639,600618692667911,600618725925098
564.4411,1431.6185,627.3263,1645.1941,600618726028953,600618759944369
562.707,1455.853,564.4411,1557.8258,600618760157859,600618791102911
564.5381,1333.8798,564.5381,1455.853,600618791205463,600618824172702
584.0671,1322.3212,564.5381,1455.853,600618824323640,600618875213952
579.62054,1324.238,564.5381,1333.8798,600618875314942,600618906254838
565.75775,1372.0825,565.75775,1372.0825,600618906445307,600618935671088
535.3639,1252.2133,564.5381,1333.8798,600618935822494,600618966257077
545.9436,1083.9634,564.5381,1333.8798,600618966407182,600619001741765
506.5623,1098.3894,545.9436,1252.2133,600619001904421,600619032866869
491.61166,1043.7316,545.9436,1098.3894,600619033070775,600619065081452
472.61792,1010.4437,506.5623,1098.3894,600619065261452,600619098194004
493.51947,999.4657,493.51947,1043.7316,600619098383379,600619128287077
508.28085,1019.4214,506.5623,1019.4214,600619128397390,600619162006504
519.0311,883.421,506.5623,1019.4214,600619162422338,600619197139942
475.489,770.7822,506.5623,1019.4214,600619197326817,600619230065619
492.70203,766.5312,506.5623,883.421,600619230247025,600619268646296
527.00024,786.6992,506.5623,786.6992,600619268789056,600619298937390
512.9511,741.42993,506.5623,786.6992,600619299088327,600619334748900
555.62335,708.2607,512.9511,786.6992,600619335123171,600619371867754
646.6005,585.7769,512.9511,741.42993,600619372127754,600619405126921
702.86975,369.73788,555.62335,708.2607,600619405284004,600619438299994
727.6409,326.69302,646.6005,585.7769,600619438470202,600619471947546
739.1083,342.34073,702.86975,369.73788,600619472171452,600619503613431
765.45526,403.66562,727.6409,403.66562,600619503783796,600619535083483
773.97656,397.28076,739.1083,397.28076,600619535254056,600619566638692
774.3716,354.12747,765.45526,397.28076,600619566785567,600619597893900
752.7194,328.9319,752.7194,397.28076,600619598060879,600619634862181
731.7889,288.71506,752.7194,354.12747,600619635074942,600619666328171
750.261,313.72577,752.7194,328.9319,600619666527285,600619699853379
783.107,310.71097,752.7194,313.72577,600619700739838,600619729288171
757.6509,341.18008,752.7194,328.9319,600619729444577,600619760966296
759.8444,321.10977,757.6509,321.10977,600619761371244,600619799541921
785.6296,304.77423,757.6509,321.10977,600619802110202,600619833128692
787.6406,309.64218,759.8444,321.10977,600619833279212,600619865907650
768.19586,297.1653,768.19586,309.64218,600619866068223,600619897237806
472.0556,496.524,759.8444,321.10977,600619897407962,600619929020515
324.7111,1396.9945,759.8444,321.10977,600619929189890,600619961504369
377.31006,1291.6758,472.0556,496.524,600619961664785,600619994987025
386.98032,1428.7222,386.98032,1291.6758,600619995126712,600620027953171
399.6192,1425.9939,399.6192,1291.6758,600620028151869,600620060953692
419.58377,1379.1403,399.6192,1379.1403,600620061073327,600620104341452
389.5781,1466.9269,399.6192,1379.1403,600620104524264,600620135759004
430.28427,1330.1144,399.6192,1379.1403,600620135930775,600620165872025
370.9931,1500.0537,399.6192,1379.1403,600620166067806,600620201930619
504.00253,1475.1283,399.6192,1379.1403,600620202086504,600620231821712
541.66986,1570.8666,399.6192,1475.1283,600620231979942,600620276173900
542.0334,1672.4575,504.00253,1475.1283,600620276261504,600620305636973
537.719,1692.8556,537.719,1570.8666,600620305755098,600620337431608
569.9139,1596.4694,537.719,1596.4694,600620337607546,600620368949108
549.47754,1627.02,537.719,1596.4694,600620369133431,600620401237650
575.38605,1621.0928,549.47754,1596.4694,600620401409889,600620432918535
525.6331,1529.5991,537.719,1596.4694,600620433040879,600620464551244
570.3455,1623.7633,549.47754,1596.4694,600620464685775,600620496886243
533.24,1473.2389,537.719,1596.4694,600620497033952,600620529279941
555.1879,1615.3184,549.47754,1596.4694,600620529460775,600620561744941
578.3864,1592.2056,549.47754,1596.4694,600620561918483,600620594275410
518.72174,1631.3279,549.47754,1596.4694,600620594379264,600620626346764
528.355,1631.1079,549.47754,1596.4694,600620626481452,600620659891608
550.173,1576.0442,549.47754,1596.4694,600620660040410,600620693755931
529.5332,1603.4105,549.47754,1596.4694,600620693878118,600620728296191
498.6737,1611.7476,549.47754,1596.4694,600620728451764,600620761513223
555.34375,1588.9061,549.47754,1596.4694,600620761706243,600620800442285
549.1198,1552.4949,549.47754,1596.4694,600620800616452,600620830101035
570.3748,1563.8966,549.47754,1588.9061,600620830274368,600620863873170
576.80853,1628.4929,549.47754,1596.4694,600620864092545,600620895017493
574.2842,1570.994,570.3748,1588.9061,600620895194785,600620928310566
581.51416,1544.9187,574.2842,1588.9061,600620928482858,600620961536712
548.64923,1584.1729,570.3748,1584.1729,600620961689993,600620993368900
571.0956,1572.0542,571.0956,1584.1729,600620993485827,600621026816712
555.0645,1560.6414,570.3748,1584.1729,600621026943327,600621057767545
561.3576,1590.4738,570.3748,1584.1729,600621057870670,600621093080722
391.96658,2252.8284,561.3576,1584.1729,600621093216087,600621126519420
341.95374,2180.7925,561.3576,1590.4738,600621126671920,600621163038066
333.7922,2067.6377,391.96658,2067.6377,600621163208952,600621196282754
566.4358,2106.2542,561.3576,2067.6377,600621196452702,600621235286452
521.0258,2145.1875,521.0258,2067.6377,600621235473535,600621269918952
582.65375,1882.7933,561.3576,2067.6377,600621270022702,600621300673795
551.24207,1668.5941,551.24207,2067.6377,600621300791608,600621331229785
549.3387,1686.936,551.24207,1882.7933,600621331354316,600621363005097
540.2373,1675.6346,551.24207,1686.936,600621363200358,600621394732701
568.77,1641.3818,551.24207,1686.936,600621394859785,600621426554576
587.76544,1632.6284,551.24207,1675.6346,600621426698066,600621461132910
579.20917,1576.6096,568.77,1641.3818,600621461283639,600621493323639
550.9426,1577.1306,551.24207,1632.6284,600621493495045,600621529821868
548.4519,1554.6626,551.24207,1577.1306,600621530046191,600621560887285
539.75037,1596.8912,550.9426,1596.8912,600621561082129,600621594560253
523.4141,1637.0431,548.4519,1596.8912,600621594728431,600621630158951
545.20404,1655.9186,545.20404,1596.8912,600621630275306,600621662175566
526.8875,1551.8495,545.20404,1596.8912,600621662380670,600621692982441
511.93863,1686.8243,545.20404,1596.8912,600621693121087,600621731382806
541.62805,1692.9042,541.62805,1596.8912,600621731572493,600621762015774
549.3577,1568.212,545.20404,1596.8912,600621762181556,600621795350930
722.8732,1069.9866,545.20404,1596.8912,600621796592337,600621828811764
746.34863,414.41867,549.3577,1568.212,600621828976503,600621866367285
726.047,351.51895,722.8732,1069.9866,600621866572441,600621896158378
718.9645,319.8149,718.9645,414.41867,600621896335358,600621925608587
697.2931,317.03726,718.9645,351.51895,600621925727128,600621961055774
697.8187,307.31638,718.9645,319.8149,600621961234680,600621993010826
747.29297,346.45975,718.9645,346.45975,600621993150722,600622026902805
755.198,316.55045,718.9645,319.8149,600622027083899,600622061679316
775.49567,317.43417,747.29297,319.8149,600622061830149,600622093519055
766.7873,296.01178,755.198,317.43417,600622093690045,600622126170826
794.4147,333.9262,766.7873,319.8149,600622126326555,600622157733066
764.1097,310.0597,764.1097,317.43417,600622157901139,600622194620305
762.6333,316.79047,764.1097,317.43417,600622194805149,600622225512337
735.7567,333.79544,764.1097,317.43417,600622225692857,600622256619784
725.3863,333.2725,762.6333,317.43417,600622257063795,600622289721868
749.01874,358.1542,749.01874,333.2725,600622291676920,600622322611451
751.37665,348.49524,751.37665,333.2725,600622322735305,600622355407857
767.947,385.22064,751.37665,348.49524,600622355508014,600622384869472
752.1662,389.76144,751.37665,348.49524,600622384964055,600622417909680
741.5031,447.01453,751.37665,385.22064,600622419454941,600622451423691
716.97876,483.6525,751.37665,389.76144,600622451533430,600622482061295
664.8661,498.30038,741.5031,447.01453,600622482210930,600622514732076
632.47003,494.7247,716.97876,483.6525,600622516225253,600622546795097
628.17804,520.56226,664.8661,494.7247,600622546880618,600622578113482
679.2461,496.66962,679.2461,494.7247,600622578247961,600622610689680
683.6822,411.03693,679.2461,494.7247,600622611813899,600622643099211
660.1882,452.43738,679.2461,494.7247,600622643217961,600622675486191
692.7717,495.88623,679.2461,494.7247,600622677534472,600622707950357
705.67816,478.73,679.2461,494.7247,600622710638066,600622740715774
665.244,475.51578,679.2461,494.7247,600622744666399,600622776161191
687.3017,444.47214,679.2461,478.73,600622778736607,600622811483847
704.1835,545.99695,679.2461,494.7247,600622811626138,600622843234263
665.143,525.04926,679.2461,494.7247,600622844340357,600622875421972
667.7569,480.7597,679.2461,494.7247,600622877013326,600622906220253
579.8346,1314.7251,667.7569,494.7247,600622907043586,600622941467024
715.1881,1778.2217,679.2461,494.7247,600622942414784,600622974525045
730.6386,1782.9429,679.2461,1314.7251,600622974689784,600623006290461
724.24786,1764.0756,715.1881,1764.0756,600623010091243,600623039781295
718.6065,1784.189,718.6065,1764.0756,600623041893118,600623072833690
715.87305,1794.755,715.87305,1764.0756,600623082003534,600623118430878
708.0896,1705.979,715.87305,1764.0756,600623118579107,600623152102180
682.72253,1685.1154,715.87305,1764.0756,600623152267753,600623185048795
661.93774,1713.9224,708.0896,1713.9224,600623185213274,600623218330097
629.3393,1705.8141,682.72253,1713.9224,600623218442076,600623251518378
690.519,1730.2336,690.519,1713.9224,600623251659211,600623285643690
701.63837,1711.6488,690.519,1713.9224,600623285734211,600623323849315
681.39215,1771.242,690.519,1713.9224,600623323932076,600623359205982
693.4161,1647.3948,690.519,1713.9224,600623359397909,600623393797701
639.54834,1631.156,690.519,1713.9224,600623393926190,600623425694211
650.74646,433.6969,690.519,1647.3948,600623425842440,600623458203482
658.42596,382.53217,658.42596,1631.156,600623458368847,600623493598065
653.1066,349.82806,658.42596,433.6969,600623493925513,600623527841555
646.5858,309.99777,658.42596,382.53217,600623527991138,600623557454628
648.5939,324.78717,653.1066,349.82806,600623557642336,600623612821242
671.9173,366.35214,658.42596,366.35214,600623612933221,600623642091919
652.31085,343.48676,653.1066,349.82806,600623642243794,600623677212024
602.6363,388.30032,653.1066,366.35214,600623677367492,600623708337857
636.94135,425.13293,652.31085,366.35214,600623710262544,600623741500721
615.894,363.34314,636.94135,366.35214,600623741647336,600623775445930
627.8306,394.4117,636.94135,366.35214,600623777920409,600623808448430
613.5225,416.64957,627.8306,366.35214,600623814896919,600623848316763
583.34827,406.21606,627.8306,394.4117,600623848951190,600623882597857
320.97473,348.4116,613.5225,366.35214,600623882755721,600623916235982
274.9444,381.79602,583.34827,381.79602,600623916382232,600623980908482
241.95952,408.066,320.97473,381.79602,600623981020044,600624017676138
236.79137,398.3045,274.9444,381.79602,600624017952857,600624049957232
228.64078,362.84595,241.95952,381.79602,600624050144523,600624083838690
239.60712,384.9879,239.60712,381.79602,600624083945930,600624117981138
225.7689,403.2675,239.60712,381.79602,600624119430721,600624153896346
219.25896,417.92023,239.60712,384.9879,600624154054888,600624188340669
234.72487,413.75708,234.72487,403.2675,600624189084680,600624230063846
240.73633,432.00354,239.60712,413.75708,600624230239836,600624262021711
245.16815,432.30203,239.60712,413.75708,600624262157075,600624291757127
677.7307,579.74457,240.73633,432.00354,600624291921398,600624325116763
690.9814,591.7001,245.16815,432.30203,600624325230200,600624355371919
720.4958,591.8963,677.7307,579.74457,600624355533065,600624386159211
726.7295,554.563,690.9814,554.563,600624386481919,600624418221867
691.5534,564.08777,691.5534,564.08777,600624418402336,600624450900096
685.5393,572.8519,690.9814,564.08777,600624451018534,600624484189263
718.3951,991.3099,691.5534,564.08777,600624485771711,600624521187440
780.7661,1778.4019,691.5534,572.8519,600624521346971,600624553733898
708.08765,2198.2678,708.08765,991.3099,600624553838221,600624586477440
655.68146,2191.1138,691.5534,1778.4019,600624586576815,600624622313482
595.9317,1924.2196,691.5534,1924.2196,600624622469054,600624655007856
618.44543,1903.067,655.68146,1903.067,600624655157544,600624714028586
656.8306,1893.9,656.8306,1903.067,600624714132909,600624747432440
687.99335,1885.1157,656.8306,1903.067,600624748640200,600624786735981
693.3582,1766.9296,656.8306,1893.9,600624786851815,600624817814523
640.4032,1684.6124,656.8306,1885.1157,600624817920825,600624854143013
637.49115,1668.1658,656.8306,1766.9296,600624854305044,600624889335408
690.8052,1674.616,656.8306,1684.6124,600624889501138,600624925168638
697.3647,1713.433,656.8306,1713.433,600624925356450,600624959381138
716.2642,1682.551,690.8052,1684.6124,600624959576971,600624992413742
717.0864,1666.1627,697.3647,1684.6124,600624992585721,600625024596867
709.6399,1672.0284,709.6399,1682.551,600625024768950,600625059275148
704.78467,1658.6001,704.78467,1672.0284,600625059367440,600625090550408
640.7747,1316.5051,704.78467,1672.0284,600625090703585,600625125068794
652.2912,473.67935,704.78467,1658.6001,600625125218846,600625157607596
643.81866,490.3275,652.2912,1316.5051,600625157785617,600625189364627
644.65356,465.7433,652.2912,490.3275,600625189481658,600625222773585
650.36646,468.89917,650.36646,490.3275,600625222935096,600625255326658
648.8987,474.71814,650.36646,474.71814,600625255483065,600625290726346
647.2631,465.87137,650.36646,474.71814,600625290901346,600625325847023
660.60504,424.35986,650.36646,474.71814,600625325954262,600625359214158
659.14636,420.66965,650.36646,465.87137,600625359380304,600625393858325
647.2201,464.14645,650.36646,464.14645,600625393995148,600625425339367
653.3021,405.38757,650.36646,464.14645,600625425517804,600625456792752
624.41,413.37387,650.36646,464.14645,600625456950200,600625493888377
529.67114,399.53976,650.36646,413.37387,600625494012127,600625523332908
365.2237,466.08792,624.41,464.14645,600625523434939,600625554312700
294.75195,453.88065,529.67114,453.88065,600625555890200,600625587113898
268.32462,426.78967,365.2237,453.88065,600625587211137,600625617195304
255.31525,430.7816,294.75195,453.88065,600625617312544,600625648645825
246.72119,513.2623,268.32462,453.88065,600625648741814,600625683887648
264.53012,499.9021,264.53012,453.88065,600625684160044,600625715299939
272.36493,485.5635,268.32462,485.5635,600625716985252,600625750520669
305.33493,394.24118,268.32462,453.88065,600625750725981,600625786686814
266.51514,496.9694,268.32462,485.5635,600625787121658,600625817967752
281.00708,521.01807,268.32462,485.5635,600625818659210,600625851640564
427.03513,720.60986,268.32462,496.9694,600625851791294,600625883136398
464.2003,701.7158,281.00708,521.01807,600625883596502,600625914935460
489.91037,730.62946,427.03513,701.7158,600625915033169,600625956077127
498.3691,749.203,464.2003,701.7158,600625956236033,600625987529523
568.7998,807.5521,489.91037,730.62946,600625987670825,600626026267960
521.0248,741.06915,498.3691,741.06915,600626026416554,600626056434054
526.8788,799.5442,521.0248,741.06915,600626056559210,600626087970252
541.92865,758.4031,521.0248,741.06915,600626088127387,600626123025512
544.0673,647.35706,526.8788,741.06915,600626123194783,600626156407023
559.01794,643.43634,541.92865,741.06915,600626156584835,600626195708637
579.5321,684.1257,544.0673,684.1257,600626195858585,600626227192127
553.5148,757.9489,553.5148,741.06915,600626227352648,600626260190460
636.74805,620.61017,553.5148,684.1257,600626260319158,600626291422075
533.96155,494.46768,553.5148,684.1257,600626292369731,600626322703898
545.74207,433.98438,553.5148,620.61017,600626322803793,600626354514835
525.2969,422.04532,545.74207,494.46768,600626354679418,600626388823689
545.14105,393.7289,545.74207,433.98438,600626388923793,600626422759366
443.50537,393.93533,545.14105,422.04532,600626422891293,600626455375825
411.28345,416.0484,545.14105,416.0484,600626455541918,600626494743637
364.52853,500.1294,443.50537,422.04532,600626494971085,600626527822075
426.78012,466.37128,426.78012,422.04532,600626528083897,600626558638897
415.7938,506.2549,426.78012,466.37128,600626558813064,600626593937387
449.4961,485.67856,426.78012,466.37128,600626594103168,600626625350616
455.46063,458.19418,426.78012,466.37128,600626625546449,600626657714002
416.41718,527.44965,426.78012,466.37128,600626657819054,600626687176710
455.4103,455.5247,426.78012,466.37128,600626687322908,600626720746397
498.1853,418.69608,426.78012,466.37128,600626720918481,600626753082491
435.40308,400.10413,435.40308,455.5247,600626753276449,600626786374106
459.77237,431.98114,435.40308,431.98114,600626786886137,600626820915512
405.40076,416.81458,435.40308,431.98114,600626821040981,600626853441241
425.19153,399.82523,435.40308,431.98114,600626853586293,600626885464106
442.53705,508.32315,435.40308,431.98114,600626885582335,600626918647126
406.43585,1354.7606,435.40308,431.98114,600626918796762,600626955918012
455.9821,1378.796,435.40308,508.32315,600626956117231,600626996476345
444.54385,1437.3733,435.40308,1354.7606,600626996643481,600627028616137
475.66956,1432.6709,444.54385,1378.796,600627028734574,600627059236553
486.9606,1436.731,444.54385,1432.6709,600627059374418,600627089579731
483.70886,1474.884,475.66956,1432.6709,600627089677335,600627122860876
436.21255,1446.9943,444.54385,1436.731,600627122959366,600627154822178
473.61765,1535.1715,473.61765,1446.9943,600627155023585,600627186137022
503.19077,1505.9268,473.61765,1446.9943,600627186280981,600627218810251
510.8961,1538.623,473.61765,1505.9268,600627218945251,600627251779887
557.1955,1584.6215,503.19077,1505.9268,600627251927699,600627286348324
548.68524,1598.8335,510.8961,1538.623,600627286495251,600627318573689
600.4857,1571.5227,548.68524,1571.5227,600627318735980,600627352975668
599.27325,1584.925,548.68524,1571.5227,600627353147751,600627385483064
580.19916,1578.5432,580.19916,1571.5227,600627385631241,600627419639783
600.3732,1613.9164,580.19916,1578.5432,600627419748272,600627452081449
599.4014,1649.2308,580.19916,1578.5432,600627452252647,600627485817387
564.4887,1551.7202,580.19916,1578.5432,600627485989470,600627520752178
561.7596,1588.7474,580.19916,1578.5432,600627520926762,600627553619835
615.28485,1600.116,580.19916,1578.5432,600627553764418,600627585363532
551.7213,1629.8809,580.19916,1588.7474,600627586328532,600627620744522
599.784,1537.79,580.19916,1578.5432,600627621241970,600627652254210
584.3712,1537.1554,580.19916,1578.5432,600627652411189,600627682404418
569.4878,1487.8188,580.19916,1537.79,600627682571710,600627714645876
598.33636,1531.1466,580.19916,1537.1554,600627714750720,600627747733480
574.2362,1659.3733,580.19916,1537.79,600627747854262,600627782611189
558.7069,1592.1349,580.19916,1537.79,600627782768584,600627818299053
529.37646,1483.4159,574.2362,1537.79,600627818425772,600627851109105
597.98145,1587.8107,580.19916,1537.79,600627851251084,600627883649782
634.5538,1561.6959,580.19916,1537.79,600627883816970,600627916720668
570.11847,1561.1085,580.19916,1561.1085,600627916936449,600627950602439
555.2844,1596.699,580.19916,1561.1085,600627950755355,600627988134366
554.26514,1596.67,570.11847,1561.1085,600627988325355,600628021733168
554.1336,1568.344,555.2844,1568.344,600628021829209,600628053960616
584.8505,1567.1223,570.11847,1567.1223,600628054117699,600628086943428
583.95856,1593.887,570.11847,1568.344,600628087118064,600628118916449
599.55914,1341.6973,583.95856,1567.1223,600628119067699,600628149964053
554.15704,586.3736,570.11847,1567.1223,600628150102022,600628186032126
555.0782,537.6086,570.11847,1341.6973,600628186181918,600628217775772
509.03284,517.9804,555.0782,586.3736,600628217915303,600628249937803
469.82495,446.91245,555.0782,537.6086,600628250059470,600628282419991
492.68564,432.71216,509.03284,517.9804,600628282553272,600628315291918
505.44125,455.7357,505.44125,455.7357,600628315421241,600628376686345
427.66345,532.5914,505.44125,517.9804,600628376792282,600628413506032
485.38113,517.03503,505.44125,517.03503,600628413632751,600628451370668
483.47586,479.33408,485.38113,517.03503,600628451523324,600628484662751
463.81302,474.0985,485.38113,517.03503,600628485567959,600628517246605
415.2269,538.03394,483.47586,517.03503,600628517390459,600628549015303
440.28836,551.4214,463.81302,517.03503,600628549171605,600628584845772
433.48865,500.17383,440.28836,517.03503,600628584967490,600628617023584
408.42737,511.04984,440.28836,517.03503,600628617192178,600628650417126
443.5805,480.78354,440.28836,511.04984,600628650605511,600628686801292
452.77585,438.0609,440.28836,511.04984,600628687007126,600628717463532
427.20154,507.18698,440.28836,507.18698,600628717634834,600628752066449
417.1875,488.70264,440.28836,507.18698,600628752162803,600628785088272
448.09906,411.69257,440.28836,507.18698,600628785254678,600628817165928
431.11664,451.7175,440.28836,488.70264,600628817357022,600628850167594
462.5473,434.41196,440.28836,451.7175,600628850329261,600628883755407
430.86096,420.1024,440.28836,451.7175,600628883849001,600628913409938
397.24515,343.897,440.28836,434.41196,600628913552855,600628945508636
435.1291,331.47562,435.1291,420.1024,600628945606969,600628981868636
411.78012,345.66275,435.1291,345.66275,600628981942386,600629015585511
404.77237,335.184,435.1291,345.66275,600629016604782,600629049370615
413.8029,345.2151,413.8029,345.66275,600629049468532,600629082819105
401.83463,331.95233,413.8029,345.2151,600629082987021,600629113591501
427.87668,314.46375,413.8029,345.2151,600629113719157,600629146733896
492.75284,297.41614,413.8029,331.95233,600629146894886,600629177166292
548.77966,293.96918,427.87668,314.46375,600629177971709,600629208824209
599.21124,303.52466,492.75284,303.52466,600629208911657,600629239935146
634.1692,290.6953,548.77966,303.52466,600629240099157,600629276480771
600.6933,294.1726,599.21124,303.52466,600629276570303,600629310117803
653.6796,316.63754,600.6933,303.52466,600629311210511,600629347199157
644.0048,306.7385,600.6933,303.52466,600629347357334,600629379978896
693.75806,320.16696,644.0048,306.7385,600629380726188,600629413639469
650.27094,334.94772,644.0048,306.7385,600629416365719,600629450305823
669.3241,307.33795,650.27094,307.33795,600629450474209,600629482999157
514.5658,325.36832,644.0048,307.33795,600629483154938,600629515960928
485.90506,323.57104,644.0048,307.33795,600629516239000,600629546783896
515.5162,369.96252,515.5162,323.57104,600629546927073,600629581454469
497.56613,361.8487,515.5162,323.57104,600629581614313,600629614305355
493.4412,408.52716,515.5162,361.8487,600629614480563,600629651975146
493.47046,410.1885,497.56613,361.8487,600629652274886,600629684480875
459.8199,370.74796,493.47046,370.74796,600629684581188,600629714054886
457.82495,398.6307,493.47046,370.74796,600629714170459,600629748346813
474.06473,402.8363,474.06473,370.74796,600629749282021,600629785214782
465.70636,386.10825,474.06473,386.10825,600629786163532,600629819930146
470.04224,395.9281,474.06473,386.10825,600629820167646,600629851426657
431.83432,372.66956,470.04224,386.10825,600629851593167,600629882486084
421.99963,363.5815,470.04224,386.10825,600629882661084,600629914546761
454.6869,352.94766,454.6869,372.66956,600629914708219,600629946494834
433.60333,361.86655,454.6869,363.5815,600629946626552,600629982961552
444.57162,326.34167,454.6869,361.86655,600629983147282,600630013600407
421.53238,344.15973,444.57162,361.86655,600630013739521,600630045815615
444.91534,357.00974,444.91534,357.00974,600630045973896,600630078445198
475.54388,329.1127,444.91534,357.00974,600630078569938,600630115239729
531.11304,314.53528,444.91534,357.00974,600630115517750,600630147275563
495.10513,317.3176,475.54388,329.1127,600630148203740,600630183136396
464.85095,349.2142,464.85095,349.2142,600630183242125,600630215556292
506.63226,343.0665,475.54388,343.0665,600630215723479,600630259707854
489.4625,316.73953,475.54388,343.0665,600630259796604,600630290403688
512.0889,331.84174,489.4625,343.0665,600630290505979,600630322397490
447.84476,375.83817,475.54388,343.0665,600630322585979,600630356538531
511.30487,299.88437,489.4625,343.0665,600630356731136,600630385953167
519.1946,305.84583,489.4625,343.0665,600630386113896,600630421563688
497.73163,325.99927,497.73163,325.99927,600630421668479,600630460591813
480.3737,354.6955,489.4625,343.0665,600630460768740,600630491482229
485.61716,329.33768,489.4625,329.33768,600630492352073,600630530082646
506.13202,322.16284,489.4625,329.33768,600630530272073,600630562531760
531.73773,308.69867,489.4625,329.33768,600630562716865,600630593432125
500.32907,307.08777,500.32907,322.16284,600630593560406,600630628507073
518.3148,317.10294,500.32907,317.10294,600630628617073,600630659442125
484.8045,345.03467,500.32907,322.16284,600630660399104,600630689863688
652.135,496.8564,500.32907,322.16284,600630690010979,600630720556135
669.97424,518.9568,500.32907,345.03467,600630720728688,600630756561969
608.5758,598.60254,608.5758,496.8564,600630760386396,600630793107490
645.64404,610.8565,608.5758,518.9568,600630793287177,600630826592646
685.9179,583.6112,608.5758,583.6112,600630826767073,600630856842802
646.1873,704.191,645.64404,583.6112,600630856931187,600630890424469
526.30786,1715.0299,608.5758,583.6112,600630891421760,600630932364625
551.5873,1662.0334,608.5758,704.191,600630932510250,600630963393635
548.6199,1642.0875,551.5873,1642.0875,600630968496083,600631000969937
519.4856,1661.3341,551.5873,1642.0875,600631001955250,600631035101917
540.71594,1691.743,548.6199,1642.0875,600631036918323,600631071867906
521.0086,1665.9634,540.71594,1661.3341,600631072066656,600631134237542
531.12103,1664.0709,540.71594,1664.0709,600631134328219,600631165405302
718.13245,1672.9866,540.71594,1664.0709,600631167274937,600631202335614
805.27014,1657.9594,540.71594,1664.0709,600631208512802,600631245343531
833.9666,1706.0898,718.13245,1664.0709,600631245483479,600631277752281
850.7234,1691.3668,805.27014,1664.0709,600631277876552,600631309678896
827.3934,1694.0822,827.3934,1691.3668,600631309823479,600631343222854
793.4139,1643.6031,805.27014,1664.0709,600631343356812,600631384187333
789.48676,1738.3151,805.27014,1691.3668,600631384303271,600631412954416
800.3216,1664.5658,800.3216,1664.5658,600631413087646,600631448634521
834.39056,1673.2876,805.27014,1673.2876,600631448732229,600631482159208
794.64746,1707.6763,800.3216,1673.2876,600631482309000,600631514301031
816.19934,1782.7062,805.27014,1673.2876,600631514479364,600631547309989
799.93536,1720.2487,800.3216,1707.6763,600631547501031,600631581030718
821.0588,1692.265,805.27014,1692.265,600631581184104,600631613924260
790.7482,1693.079,800.3216,1693.079,600631614031396,600631649843114
181.11961,1569.6866,800.3216,1692.265,600631649983687,600631681062489
199.20212,1566.8971,790.7482,1692.265,600631681223583,600631715152593
198.7556,1550.3579,199.20212,1569.6866,600631715263427,600631748898166
236.5738,1603.606,236.5738,1603.606,600631749007750,600631780807177
213.58528,1534.3909,213.58528,1569.6866,600631780906916,600631813280041
201.6882,1591.5048,213.58528,1591.5048,600631813435354,600631843773270
175.14597,1533.5619,213.58528,1569.6866,600631843900562,600631877423843
178.18364,1585.0132,201.6882,1585.0132,600631880122541,600631910852385
208.38498,1569.1769,208.38498,1569.6866,600631910991083,600631943038739
184.77951,1606.0992,201.6882,1585.0132,600631943207281,600631979749729
215.67645,1600.893,208.38498,1585.0132,600631979923687,600632011963791
215.7167,1538.249,208.38498,1585.0132,600632012191812,600632047055406
213.32085,1542.5568,213.32085,1585.0132,600632047236604,600632081089052
205.26176,1601.8612,208.38498,1585.0132,600632081273270,600632116433635
236.03227,1597.1299,213.32085,1585.0132,600632116625145,600632148803270
245.74455,1573.3484,213.32085,1585.0132,600632148912749,600632181207541
546.04315,1619.776,236.03227,1585.0132,600632182682541,600632222129989
679.61237,1675.034,245.74455,1585.0132,600632223417489,600632254207593
738.8367,1676.5575,546.04315,1619.776,600632254323843,600632287617333
715.18494,1635.418,679.61237,1635.418,600632287736187,600632346727593
761.2781,1681.05,715.18494,1635.418,600632346845822,600632382763062
774.9104,1620.4667,715.18494,1635.418,600632382869729,600632422338218
816.4792,1639.9902,761.2781,1635.418,600632422440301,600632463773218
806.63245,1631.7405,774.9104,1635.418,600632464721343,600632494554260
774.52423,1686.817,774.52423,1635.418,600632494690770,600632530397958
764.4263,1546.705,774.52423,1635.418,600632530501864,600632561693114
615.59125,550.6886,774.52423,1635.418,600632561870301,600632599343583
585.84717,423.07462,764.4263,1546.705,600632599465666,600632629631499
601.60504,456.59723,615.59125,550.6886,600632631027124,600632665476083
612.4356,383.2985,612.4356,456.59723,600632666885770,600632703646187
577.20087,440.06006,612.4356,456.59723,600632704718062,600632738967905
576.24097,396.8213,612.4356,440.06006,600632739119728,600632771954676
599.67395,415.54263,599.67395,440.06006,600632773388999,600632807793426
608.56323,445.03683,608.56323,440.06006,600632807884624,600632839694468
616.88806,363.75232,608.56323,440.06006,600632839803687,600632874327853
591.215,392.4612,608.56323,440.06006,600632874491030,600632904697697
584.07666,383.0858,608.56323,392.4612,600632905160353,600632939548478
593.0405,385.40515,593.0405,392.4612,600632940506551,600632975390978
622.61957,427.59708,608.56323,392.4612,600632977797332,600633009688114
586.4341,426.741,593.0405,392.4612,600633009816864,600633041573166
559.7319,532.02216,593.0405,426.741,600633041719832,600633072704572
581.28436,522.7975,586.4341,426.741,600633074231135,600633106724937
519.14215,558.9504,581.28436,522.7975,600633107151812,600633140111499
496.57047,624.7879,581.28436,522.7975,600633140299207,600633174616655
554.68146,584.7161,554.68146,558.9504,600633174772801,600633211812228
550.9917,537.35754,554.68146,537.35754,600633211926759,600633241692176
531.3753,599.60004,554.68146,558.9504,600633241870093,600633275885666
504.98816,581.95386,550.9917,558.9504,600633276118687,600633308641447
501.89594,631.3199,531.3753,581.95386,600633308813062,600633340627541
501.17188,611.3658,504.98816,581.95386,600633340786447,600633377144728
516.1963,590.9093,516.1963,590.9093,600633377316499,600633412640874
665.8887,543.82043,516.1963,581.95386,600633412815666,600633446528999
725.46564,509.021,516.1963,581.95386,600633446675353,600633479865666
733.0834,482.88416,665.8887,543.82043,600633480136134,600633512748114
759.44305,467.87527,725.46564,509.021,600633512907228,600633545865926
767.61597,485.49268,733.0834,485.49268,600633546041291,600633578010822
604.4363,1186.0782,725.46564,509.021,600633578164936,600633610803947
658.22906,1570.7678,725.46564,509.021,600633611001968,600633642690249
694.3449,1616.9888,694.3449,1186.0782,600633642865666,600633687416551
713.34344,1601.0378,713.34344,1570.7678,600633687587697,600633718199780
683.861,1599.8793,694.3449,1599.8793,600633718305197,600633763442801
651.09515,1630.974,694.3449,1599.8793,600633763550509,600633797416238
645.7213,1701.8391,683.861,1599.8793,600633798387384,600633830652124
665.2864,1656.7827,665.2864,1630.974,600633830763686,600633872759676
605.39453,1387.6151,665.2864,1599.8793,600633872911447,600633906546030
613.9039,1380.5374,665.2864,1599.8793,600633906671551,600633939774780
684.493,1505.9183,665.2864,1505.9183,600633939951551,600633974326395
645.0631,1466.8251,665.2864,1505.9183,600633974523009,600634006411759
651.43494,1477.8926,665.2864,1505.9183,600634006538947,600634040190092
631.85315,1481.2445,651.43494,1481.2445,600634040385665,600634072918738
648.2394,1438.3671,651.43494,1481.2445,600634073093426,600634106553322
679.5433,1531.1266,651.43494,1481.2445,600634106699832,600634153411134
634.4423,1524.9773,651.43494,1481.2445,600634153563999,600634184362697
676.15375,1442.4629,651.43494,1481.2445,600634184458790,600634218816759
661.561,1502.85,651.43494,1481.2445,600634219336238,600634264304572
615.79596,1434.0078,651.43494,1481.2445,600634264400874,600634297202228
674.1322,1480.773,651.43494,1481.2445,600634297386082,600634331240353
685.34576,1577.1958,651.43494,1481.2445,600634331340561,600634366484780
710.7214,1536.1311,674.1322,1481.2445,600634366557384,600634399395509
710.43805,1474.5692,685.34576,1481.2445,600634399493374,600634430936811
712.2956,1633.3011,710.43805,1481.2445,600634431035665,600634463996030
697.18915,1660.4635,697.18915,1481.2445,600634464133321,600634499395665
699.9379,1626.5842,699.9379,1626.5842,600634499551759,600634532252019
706.3428,1607.0714,699.9379,1607.0714,600634532354728,600634568703426
710.887,1653.8865,699.9379,1626.5842,600634568856811,600634600493790
693.52106,1634.7832,699.9379,1626.5842,600634602045874,600634635550301
519.0347,1627.1785,699.9379,1627.1785,600634635747332,600634671966394
516.9772,1807.7261,693.52106,1627.1785,600634674006551,600634705664311
428.0204,1808.1649,519.0347,1627.1785,600634705800457,600634738081134
441.8374,1780.7643,516.9772,1780.7643,600634738264311,600634771780926
421.34915,1748.2521,441.8374,1748.2521,600634771933894,600634804396030
435.40256,1801.2671,441.8374,1780.7643,600634804564884,600634837253998
606.0807,1542.4563,441.8374,1748.2521,600634837390353,600634870005144
676.4207,540.32684,441.8374,1748.2521,600634870161811,600634905870509
686.76184,541.5512,606.0807,1542.4563,600634906257436,600634941368582
673.8604,555.66766,673.8604,555.66766,600634942178998,600634973631603
671.09283,550.6747,671.09283,555.66766,600634973787957,600635005108009
657.10284,728.8044,671.09283,555.66766,600635005236030,600635038318478
651.08887,1562.3186,671.09283,555.66766,600635038430353,600635071880561
436.59958,1821.7579,657.10284,728.8044,600635072042019,600635118079832
526.32416,1155.9518,651.08887,1155.9518,600635119052852,600635157610717
677.6416,1355.8861,657.10284,1155.9518,600635157801498,600635189870248
606.0434,993.33344,651.08887,1155.9518,600635190021394,600635219803217
680.4942,614.2887,657.10284,1155.9518,600635219941394,600635250829988
625.3952,483.31714,651.08887,993.33344,600635250957696,600635284314102
640.64056,484.5163,651.08887,614.2887,600635284429415,600635313535040
620.9255,411.44916,640.64056,484.5163,600635313646655,600635345989467
626.27246,470.11514,640.64056,484.5163,600635346094571,600635375991811
646.03357,370.97537,640.64056,470.11514,600635376212904,600635412095873
640.36707,385.00052,640.64056,470.11514,600635412289519,600635448956654
664.2275,394.647,640.64056,394.647,600635449795977,600635481391602
595.42224,464.8009,640.64056,464.8009,600635481487592,600635512444415
610.687,433.5109,640.64056,433.5109,600635512616446,600635564796967
651.2861,436.20706,640.64056,436.20706,600635564910509,600635607900977
670.3287,385.23825,640.64056,433.5109,600635609219831,600635639530561
627.3972,413.40048,640.64056,433.5109,600635639695561,600635671933634
352.11893,534.2788,640.64056,433.5109,600635672147384,600635705036238
306.50848,442.88235,627.3972,433.5109,600635705207175,600635736931029
240.34393,477.15262,352.11893,442.88235,600635737073425,600635769935977
236.34735,455.72006,306.50848,442.88235,600635770107696,600635804944311
260.9976,594.13617,260.9976,455.72006,600635805097019,600635837038894
290.5304,586.2775,290.5304,455.72006,600635837203686,600635870051915
253.71335,587.9096,260.9976,586.2775,600635870207696,600635905767227
249.4044,591.5098,260.9976,586.2775,600635905910717,600635938411290
255.19434,545.2565,255.19434,586.2775,600635938530352,600635974446081
271.4709,528.4918,260.9976,586.2775,600635974581133,600636010506863
287.76004,486.09695,260.9976,545.2565,600636010610665,600636043170613
312.7549,528.8549,271.4709,528.8549,600636043343477,600636086551915
318.25296,470.5761,287.76004,528.8549,600636086647852,600636114388060
320.71558,593.2836,312.7549,528.8549,600636115559310,600636145880665
345.01578,543.062,318.25296,528.8549,600636145992071,600636178797748
409.6723,648.8056,320.71558,543.062,600636178905821,600636211974727
380.59344,650.55743,345.01578,543.062,600636212139467,600636244723060
363.93845,551.2215,363.93845,551.2215,600636244829779,600636275213685
384.9196,675.72284,363.93845,551.2215,600636275313060,600636307284987
326.14914,629.5571,363.93845,551.2215,600636307425665,600636337192748
370.0502,546.187,363.93845,551.2215,600636337285925,600636371229467
453.17215,648.0914,363.93845,551.2215,600636371365769,600636401471446
504.34024,619.3547,370.0502,551.2215,600636401596185,600636433872071
523.83185,661.59076,453.17215,619.3547,600636435635560,600636466868008
493.9372,633.9738,493.9372,619.3547,600636468282956,600636499326550
537.677,608.95874,493.9372,619.3547,600636499478321,600636532181029
574.01843,678.82556,493.9372,619.3547,600636532602748,600636565806394
535.55695,606.54456,535.55695,619.3547,600636565987956,600636597536706
528.58624,583.4779,528.58624,619.3547,600636599090925,600636631339987
554.1184,554.8327,535.55695,606.54456,600636633014467,600636669359102
500.05225,583.4221,528.58624,583.4779,600636670653633,600636700290404
608.7897,549.1995,535.55695,583.4221,600636700425300,600636731510508
554.84607,542.9271,535.55695,583.4221,600636733299779,600636768780612
563.97296,551.52625,554.84607,551.52625,600636768999571,600636801664675
535.68787,568.50555,535.68787,568.50555,600636801798373,600636837150144
519.9249,582.21796,535.68787,568.50555,600636837271081,600636869008998
560.39514,495.53458,535.68787,568.50555,600636869144727,600636900377018
526.711,438.69196,535.68787,568.50555,600636900543216,600636930892800
521.70764,398.89545,535.68787,495.53458,600636931038112,600636963377331
546.8701,410.1871,535.68787,438.69196,600636963508216,600636997307904
503.1361,428.0239,535.68787,428.0239,600636997449466,600637029893581
632.3929,1488.2994,535.68787,438.69196,600637030039050,600637062216081
696.9438,1723.0402,535.68787,438.69196,600637062857800,600637097881445
645.35126,1778.5868,632.3929,1488.2994,600637098901133,600637129141133
641.7249,1711.2566,641.7249,1711.2566,600637130153268,600637164103945
649.8293,1739.4688,641.7249,1711.2566,600637167280039,600637199503112
652.83417,1762.7468,641.7249,1711.2566,600637199634258,600637231425352
651.054,1839.2367,649.8293,1739.4688,600637233244258,600637267921498
648.0136,1836.2648,648.0136,1762.7468,600637269976706,600637302952591
658.0792,1784.2797,649.8293,1784.2797,600637303045925,600637336105716
606.56775,1712.0527,648.0136,1762.7468,600637336280300,600637369682279
593.8386,1730.5735,648.0136,1762.7468,600637369798893,600637401022383
603.2058,1695.8265,606.56775,1730.5735,600637401173789,600637433308529
602.33826,1736.0133,603.2058,1736.0133,600637433439675,600637464929622
595.397,1709.8306,603.2058,1730.5735,600637465135508,600637496488893
570.1872,1732.5977,602.33826,1732.5977,600637497555612,600637538245039
563.5475,1689.4755,595.397,1730.5735,600637539485299,600637573255352
570.62915,1709.3414,570.62915,1730.5735,600637573364779,600637603692591
591.0976,1660.2402,591.0976,1709.3414,600637603785924,600637638757799
620.019,1689.8553,591.0976,1709.3414,600637638928789,600637671206445
602.9839,1619.8262,591.0976,1689.8553,600637671290664,600637703834518
562.6745,1622.1421,591.0976,1689.8553,600637703954622,600637735159414
568.9476,1626.9073,591.0976,1626.9073,600637735311393,600637772074362
603.6219,1623.0612,591.0976,1626.9073,600637772180404,600637804938008
576.8228,1620.9413,591.0976,1626.9073,600637805087956,600637845968685
589.9229,1561.654,591.0976,1623.0612,600637847024101,600637885818216
581.85504,1539.3986,589.9229,1620.9413,600637885995820,600637916487226
596.3574,1585.8755,591.0976,1585.8755,600637916602122,600637960227903
588.58185,1461.0853,589.9229,1585.8755,600637960310716,600637995143112
572.17505,1408.1526,589.9229,1585.8755,600637996069674,600638029282956
560.1892,1411.4935,588.58185,1461.0853,600638030385299,600638065424570
525.8622,1327.5546,572.17505,1411.4935,600638065591601,600638097749362
547.4726,1321.093,560.1892,1411.4935,600638097855508,600638130670091
546.2633,1349.935,547.4726,1349.935,600638130833008,600638162226862
548.2257,1411.3031,548.2257,1411.3031,600638162373424,600638194004726
523.28766,1394.4596,547.4726,1394.4596,600638194101445,600638226957695
555.7761,1518.1117,548.2257,1411.3031,600638229242174,600638259986028
638.18036,1669.8419,548.2257,1411.3031,600638260731549,600638292113841
625.6413,1706.0646,555.7761,1518.1117,600638292633060,600638322470351
662.0496,1642.8048,625.6413,1642.8048,600638325702278,600638362094101
646.9108,1631.367,625.6413,1631.367,600638368054726,600638405088997
644.6471,1732.6378,644.6471,1642.8048,600638405174987,600638437333789
626.4431,1628.6129,626.4431,1631.367,600638437445976,600638472300612
626.2221,1636.5518,626.4431,1636.5518,600638473796966,600638506884310
636.8243,1659.0884,626.4431,1636.5518,600638506988789,600638537318164
586.9372,1657.146,626.4431,1636.5518,600638537504466,600638571669830
561.1586,1628.5798,626.4431,1636.5518,600638571859153,600638605243737
601.0289,1604.948,601.0289,1636.5518,600638605422487,600638637724987
599.4773,1587.6561,601.0289,1628.5798,600638637867591,600638669824570
627.7115,1610.8353,601.0289,1610.8353,600638669975299,600638701680195
588.75,1589.0933,601.0289,1610.8353,600638701866601,600638739000299
608.27655,1637.4325,601.0289,1610.8353,600638739180039,600638772870247
617.11896,1664.4547,601.0289,1610.8353,600638772976028,600638805459414
595.01746,1627.8297,601.0289,1627.8297,600638805762278,600638839106236
578.1385,1601.7716,601.0289,1610.8353,600638839249986,600638877280664
592.3216,1629.9413,595.01746,1627.8297,600638877395716,600638920961966
610.165,1621.6392,601.0289,1621.6392,600638921053997,600638953219934
611.871,1612.0145,601.0289,1621.6392,600638953390559,600638985988216
588.4702,1614.4268,601.0289,1621.6392,600638986175455,600639020161861
597.12036,1645.9135,601.0289,1621.6392,600639020353059,600639050990143
613.7061,1598.229,601.0289,1621.6392,600639051152278,600639083305872
613.80206,1616.018,601.0289,1621.6392,600639083500091,600639113085872
623.31085,1709.1416,613.7061,1621.6392,600639113252799,600639145831861
611.6112,1650.4723,611.6112,1621.6392,600639145990507,600639175249726
648.2159,1636.9546,613.7061,1636.9546,600639175773736,600639211125038
607.4054,1623.3248,611.6112,1623.3248,600639211491705,600639241958320
620.66187,1616.5527,613.7061,1623.3248,600639242059205,600639280949622
685.89307,1616.9082,613.7061,1623.3248,600639281075768,600639314121340
649.52954,1612.5835,620.66187,1616.9082,600639314293945,600639345731393
647.0544,1599.7444,647.0544,1616.9082,600639345843840,600639378360195
631.17126,1627.14,631.17126,1616.9082,600639378521184,600639411236080
680.3935,1587.0306,647.0544,1616.9082,600639411428111,600639441643268
643.6558,1597.7374,643.6558,1616.9082,600639442654570,600639476413424
622.7127,1604.3971,643.6558,1604.3971,600639476536913,600639507814309
632.679,1613.2092,643.6558,1613.2092,600639508535611,600639539517122
624.92255,1609.0005,632.679,1609.0005,600639539627799,600639572226809
610.60986,1564.9847,632.679,1609.0005,600639572343580,600639602106132
642.0554,1596.4159,632.679,1609.0005,600639602205820,600639637167851
655.63885,1602.4501,632.679,1602.4501,600639637272695,600639670885872
715.63605,1624.4418,642.0554,1609.0005,600639670994101,600639703408319
734.3551,1719.9221,655.63885,1609.0005,600639703485038,600639736984049
751.4336,1625.9539,715.63605,1624.4418,600639737153319,600639772337226
756.41315,1613.4327,734.3551,1613.4327,600639772446913,600639812554726
730.0714,1646.7786,730.0714,1624.4418,600639812721236,600639846348007
719.3914,1725.4916,730.0714,1624.4418,600639846452642,600639877073372
726.6046,1725.9564,730.0714,1646.7786,600639877244622,600639907277903
692.7961,1767.1895,726.6046,1725.4916,600639908580351,600639938425976
659.3468,1519.6051,726.6046,1646.7786,600639938539726,600639970687121
590.59424,1609.5549,692.7961,1646.7786,600639970798944,600640003679934
612.72546,1509.2197,659.3468,1609.5549,600640003784517,600640035823319
569.0661,1570.151,612.72546,1609.5549,600640035931705,600640072074778
589.2622,1605.82,612.72546,1605.82,600640072179049,600640103178319
673.5704,1469.1976,612.72546,1605.82,600640103334830,600640140234778
661.1893,1527.2825,612.72546,1605.82,600640140353528,600640179176861
584.75037,1882.2649,612.72546,1605.82,600640179355507,600640213206965
655.0498,1990.2976,612.72546,1605.82,600640213605455,600640244688163
496.21976,1631.3593,612.72546,1631.3593,600640245795142,600640275809101
531.06104,1641.6571,612.72546,1631.3593,600640275976496,600640310541809
597.59534,1591.4839,597.59534,1631.3593,600640310884882,600640343391653
606.6887,1232.327,606.6887,1631.3593,600640343574465,600640375810350
539.25476,1027.3027,597.59534,1591.4839,600640375947538,600640409000142
615.6587,938.0645,606.6887,1232.327,600640409181757,600640452908788
602.6765,938.55865,602.6765,1027.3027,600640453091965,600640487576757
565.8163,867.385,602.6765,938.55865,600640487718996,600640521861757
581.1445,764.45013,602.6765,938.55865,600640522028684,600640556894100
558.2633,762.6688,581.1445,867.385,600640557028267,600640590550819
641.401,729.57416,602.6765,764.45013,600640590716184,600640624967225
765.93396,453.0544,602.6765,762.6688,600640625149569,600640660672121
769.2353,356.83212,641.401,729.57416,600640660772017,600640694711913
718.64166,385.24673,718.64166,453.0544,600640694873475,600640727599413
758.51605,390.8954,718.64166,390.8954,600640727745246,600640761127277
771.75287,385.28857,718.64166,390.8954,600640761280923,600640809385246
751.8788,394.0269,751.8788,390.8954,600640809929517,600640844378267
782.2251,399.5186,751.8788,390.8954,600640844561027,600640877300507
741.9785,389.95685,751.8788,390.8954,600640877496496,600640912069257
826.51587,441.84488,751.8788,390.8954,600640912250246,600640944318267
880.4978,560.1287,751.8788,390.8954,600640944499100,600640976698684
869.34094,519.9621,826.51587,441.84488,600640976875819,600641008083111
912.70746,533.88354,869.34094,519.9621,600641009059465,600641043183163
899.844,507.25085,869.34094,507.25085,600641043348788,600641075618163
919.3003,497.259,899.844,507.25085,600641075806704,600641106945246
894.50867,486.63034,894.50867,507.25085,600641107110663,600641137630090
932.19244,500.87582,899.844,500.87582,600641137718892,600641169277694
919.13293,514.9802,899.844,507.25085,600641169396288,600641201616965
912.05316,553.44763,912.05316,507.25085,600641201700767,600641233435819
466.37665,1131.2504,899.844,514.9802,600641233531600,600641265893111
478.91086,1578.3873,899.844,553.44763,600641266060402,600641300941079
516.29047,1553.1692,516.29047,1131.2504,600641301880715,600641334417642
451.689,1541.0157,516.29047,1541.0157,600641334529829,600641366596027
483.6612,1521.3278,516.29047,1521.3278,600641366736704,600641399997225
469.1871,1469.9177,483.6612,1521.3278,600641400192538,600641434015194
473.39218,1437.3075,483.6612,1521.3278,600641434199048,600641464789829
464.70386,1451.155,473.39218,1469.9177,600641464962173,600641498781131
470.33124,1422.179,473.39218,1451.155,600641498865090,600641539431652
485.97327,1419.3685,473.39218,1451.155,600641539588163,600641573272173
442.3232,1491.3533,473.39218,1451.155,600641573452173,600641608219881
478.61258,1403.2157,473.39218,1451.155,600641608410298,600641642077017
442.62778,1515.4801,473.39218,1451.155,600641642243423,600641672909933
431.26755,1537.1287,473.39218,1451.155,600641673045037,600641713164048
463.50406,1511.9585,463.50406,1511.9585,600641713368319,600641744710558
535.28705,1534.5739,473.39218,1511.9585,600641744875715,600641778385662
626.9856,1687.8099,473.39218,1511.9585,600641778568735,600641807564673
695.7313,1598.625,535.28705,1534.5739,600641807749204,600641841009465
717.35474,1621.052,626.9856,1598.625,600641841130298,600641871960610
733.8591,1635.1678,695.7313,1598.625,600641872155871,600641904666131
728.17554,1564.1569,717.35474,1598.625,600641905318214,600641938397225
732.46405,1644.7456,728.17554,1598.625,600641938554881,600641970566652
707.6174,1599.8572,717.35474,1598.625,600641970690767,600642003338006
719.6519,1603.1858,719.6519,1599.8572,600642003689464,600642035440871
726.5825,1572.6055,719.6519,1598.625,600642035541704,600642067286287
769.161,1664.023,719.6519,1599.8572,600642067398267,600642099812017
759.9014,1682.487,726.5825,1599.8572,600642099916652,600642131833996
779.15796,1687.2217,759.9014,1664.023,600642131943371,600642163696339
792.7885,1635.4615,759.9014,1635.4615,600642163806235,600642202950454
766.5981,1710.3997,766.5981,1664.023,600642203147641,600642235994048
753.4968,1713.8445,759.9014,1664.023,600642236116912,600642269547173
756.97974,1682.368,759.9014,1682.368,600642270646131,600642303719985
753.42004,1714.2672,756.97974,1682.368,600642304747277,600642337304048
752.1448,1716.3075,756.97974,1682.368,600642337461131,600642369193787
828.17365,1838.2013,756.97974,1714.2672,600642370210610,600642401464673
790.2501,1892.8252,756.97974,1716.3075,600642401566339,600642436886808
756.5109,1850.3174,756.97974,1838.2013,600642436983318,600642469841600
769.52014,1876.1454,756.97974,1850.3174,600642470139621,600642505521443
723.18945,1937.4438,756.97974,1850.3174,600642505617173,600642538238943
744.4315,1963.929,756.97974,1876.1454,600642538417433,600642569593995
760.9513,1945.8441,756.97974,1937.4438,600642569742225,600642604788579
757.09204,1951.4832,756.97974,1945.8441,600642604959152,600642639796443
752.2718,1840.2048,756.97974,1937.4438,600642639976600,600642673850350
779.095,1850.1786,756.97974,1937.4438,600642674033631,600642706142173
711.31976,1923.293,756.97974,1923.293,600642707081704,600642738722798
406.7819,1733.3306,756.97974,1923.293,600642738915714,600642773162016
390.3734,1723.0894,711.31976,1923.293,600642773735870,600642803503214
355.6013,1699.4646,406.7819,1733.3306,600642803699568,600642834969725
382.3575,1508.7048,390.3734,1723.0894,600642835266079,600642866940870
601.3752,465.42575,406.7819,1699.4646,600642867032277,600642900224360
546.91327,434.2668,406.7819,1508.7048,600642900302745,600642934701860
566.6533,434.86838,546.91327,465.42575,600642934803422,600642971899985
537.3765,461.037,537.3765,461.037,600642972135766,600643008991235
595.44617,468.60275,546.91327,465.42575,600643009085662,600643042056756
624.5219,476.4153,546.91327,465.42575,600643042574777,600643075776704
563.6591,486.8389,563.6591,468.60275,600643075937537,600643106986391
559.6028,495.77377,559.6028,476.4153,600643107151495,600643138124724
636.786,520.0977,563.6591,486.8389,600643138292849,600643168687224
591.0777,482.61514,563.6591,482.61514,600643168853579,600643203509985
607.2974,518.6754,591.0777,486.8389,600643203618058,600643235609047
591.89526,484.64862,591.0777,484.64862,600643235757329,600643266409256
590.31604,528.4823,591.0777,486.8389,600643266510349,600643298429360
578.81396,480.03906,591.0777,484.64862,600643298520297,600643328992901
567.5912,492.32312,590.31604,486.8389,600643329083787,600643359671391
583.5471,470.36032,583.5471,484.64862,600643359757797,600643391104256
550.04785,469.7274,583.5471,484.64862,600643392761860,600643422372224
554.59924,446.27252,583.5471,470.36032,600643424698058,600643453855401
593.1487,492.3918,583.5471,484.64862,600643455479151,600643485310453
534.77594,490.416,583.5471,484.64862,600643486818943,600643515281651
520.3688,486.33698,583.5471,486.33698,600643529621651,600643566128162
550.90454,556.157,550.90454,486.33698,600643566309568,600643600567589
550.7671,563.1169,550.90454,486.33698,600643600832849,600643633710714
571.99115,622.7169,550.90454,556.157,600643634714568,600643665162693
551.3293,668.1667,550.90454,563.1169,600643665253318,600643702087433
513.977,531.8454,550.90454,556.157,600643702281287,600643736449568
556.1063,535.1094,550.90454,556.157,600643736570141,600643770575297
586.29364,645.8556,550.90454,556.157,600643770761651,600643802267485
519.1911,661.94275,550.90454,556.157,600643802432693,600643834733005
539.4419,563.7913,550.90454,563.7913,600643834897797,600643867657068
463.00616,431.05786,539.4419,556.157,600643867852537,600643898877016
451.29053,348.61752,539.4419,556.157,600643898963162,600643942830297
511.81738,341.235,511.81738,431.05786,600643943030974,600643973638839
446.84213,298.39658,511.81738,348.61752,600643973834985,600644003763682
478.44513,297.62653,511.81738,341.235,600644003900922,600644036323578
467.88144,366.7467,478.44513,348.61752,600644036476912,600644068104932
458.18887,319.18582,478.44513,341.235,600644068242797,600644109242745
376.55682,365.19342,467.88144,348.61752,600644109677276,600644138922537
376.1567,414.94476,458.18887,348.61752,600644139110870,600644171642901
328.88168,403.26672,376.55682,365.19342,600644171838422,600644204344568
313.4565,406.59286,376.1567,403.26672,600644204528995,600644236081130
323.52136,407.5987,328.88168,403.26672,600644236264307,600644269596182
297.54236,523.4229,323.52136,406.59286,600644269767328,600644301419932
381.2003,1524.8375,328.88168,407.5987,600644301598422,600644334135661
394.768,1468.4618,328.88168,523.4229,600644334295453,600644370411391
386.48535,1465.5338,381.2003,1465.5338,600644370591911,600644404655974
418.5871,1475.116,386.48535,1465.5338,600644404835089,600644437685870
424.4032,1488.4877,386.48535,1465.5338,600644437830818,600644468786859
394.1325,1370.6025,394.1325,1465.5338,600644468899047,600644504397589
398.89035,1384.3828,394.1325,1465.5338,600644504537693,600644550716182
406.48267,1342.3616,394.1325,1384.3828,600644550884880,600644583313161
387.5181,1419.1852,394.1325,1419.1852,600644583393213,600644617176391
386.4767,1424.8773,394.1325,1419.1852,600644619991651,600644655333682
670.3034,1598.9492,394.1325,1419.1852,600644655489255,600644689198682
745.1088,1648.5746,394.1325,1424.8773,600644691379828,600644722072588
779.0915,1639.9598,670.3034,1598.9492,600644724117849,600644752526547
782.67786,1697.6515,745.1088,1639.9598,600644754880922,600644787241390
805.83203,1737.9655,779.0915,1639.9598,600644787339203,600644821825245
778.34937,1744.5044,778.34937,1697.6515,600644821936182,600644852476547
775.9252,1708.5195,778.34937,1708.5195,600644855275401,600644886313682
761.535,1759.1633,778.34937,1708.5195,600644887461703,600644922210609
743.2728,1722.9756,775.9252,1708.5195,600644922657745,600644952702745
753.6403,1692.4163,761.535,1708.5195,600644953584515,600644984894620
727.42737,1631.3984,753.6403,1708.5195,600644987006286,600645023674620
763.54364,1589.6261,761.535,1692.4163,600645025647484,600645059911911
746.50146,1613.3892,753.6403,1631.3984,600645059999880,600645093212953
779.56177,1628.6163,761.535,1628.6163,600645093306286,600645127713630
738.49225,1618.154,753.6403,1628.6163,600645127823213,600645161369984
749.59393,1624.3428,753.6403,1628.6163,600645161558161,600645198017015
736.4283,1644.3423,749.59393,1628.6163,600645198135244,600645231294724
752.70935,1578.1666,752.70935,1628.6163,600645231411442,600645267328422
777.98553,1561.7148,752.70935,1628.6163,600645267511182,600645300356963
788.5873,1586.4537,752.70935,1586.4537,600645300537849,600645331955765
775.30255,1609.7904,775.30255,1609.7904,600645332105349,600645364945922
788.0968,1584.4673,775.30255,1586.4537,600645365081286,600645399302901
759.9106,1557.7858,775.30255,1586.4537,600645399463213,600645433249776
766.37225,1609.625,775.30255,1586.4537,600645433402640,600645466220296
743.91766,1662.1825,766.37225,1586.4537,600645466400088,600645511083109
778.47266,1622.3881,775.30255,1609.625,600645511227015,600645541842849
798.36816,1626.0645,775.30255,1622.3881,600645541988317,600645574227692
819.72766,1647.5747,778.47266,1622.3881,600645574415661,600645605428682
788.13837,1654.1527,788.13837,1626.0645,600645605625348,600645636718473
794.0701,1718.3385,788.13837,1647.5747,600645637748682,600645667363369
770.1349,1697.7247,788.13837,1654.1527,600645667500973,600645699948005
720.8916,1658.8813,788.13837,1658.8813,600645700126130,600645735460817
388.2302,1354.1996,770.1349,1654.1527,600645735598786,600645769409255
377.56757,1385.7528,720.8916,1654.1527,600645769592692,600645800664255
369.1451,1400.7391,388.2302,1400.7391,600645800837848,600645834262640
389.8549,1421.6388,389.8549,1421.6388,600645834436078,600645867975921
404.86,1374.6543,389.8549,1400.7391,600645868182119,600645909489567
398.5965,1367.447,389.8549,1400.7391,600645909658734,600645946015192
383.80835,1434.7769,389.8549,1400.7391,600645946388525,600645990386286
349.90164,1438.0386,389.8549,1400.7391,600645990491963,600646024702953
387.92465,1426.4259,387.92465,1426.4259,600646024868994,600646062862484
378.1532,1404.7903,387.92465,1404.7903,600646062965869,600646096738265
367.9389,1479.1434,387.92465,1426.4259,600646096862640,600646155534827
383.32886,1442.5967,383.32886,1426.4259,600646155640244,600646191515036
415.90726,1435.6119,387.92465,1435.6119,600646191615869,600646225823630
383.60938,1395.1475,383.60938,1426.4259,600646225902588,600646257166077
372.4649,1433.494,383.60938,1433.494,600646257307536,600646288183109
369.52838,1463.9663,383.60938,1433.494,600646288356911,600646324181702
403.39688,1396.8462,383.60938,1433.494,600646324272171,600646355361077
412.25946,1332.1621,383.60938,1433.494,600646355467223,600646385172952
392.02924,1388.0483,392.02924,1396.8462,600646386835557,600646422488421
403.09207,1427.5537,392.02924,1427.5537,600646422600609,600646456189098
404.4859,1435.0035,392.02924,1427.5537,600646456292223,600646489075140
435.58652,1439.921,403.09207,1427.5537,600646491889254,600646525337588
385.05313,1323.1202,392.02924,1427.5537,600646525486390,600646558625036
425.67194,1402.9083,403.09207,1427.5537,600646558783734,600646600409098
423.80493,1368.199,403.09207,1402.9083,600646600614098,600646635202484
366.4007,1430.8328,403.09207,1427.5537,600646635401859,600646667425556
426.617,1512.774,403.09207,1427.5537,600646667528786,600646699904983
455.4981,1486.224,403.09207,1430.8328,600646700139983,600646733008421
449.2191,1501.0615,426.617,1486.224,600646733197119,600646763520921
430.01617,1475.6373,430.01617,1475.6373,600646763687431,600646799453786
393.45996,1437.0812,426.617,1475.6373,600646799638004,600646833282327
420.69476,1525.3982,426.617,1475.6373,600646833482379,600646867065921
448.83115,1470.3359,426.617,1475.6373,600646867247796,600646901954515
403.1102,1399.852,426.617,1475.6373,600646902079098,600646934262275
425.55817,1377.4305,426.617,1470.3359,600646934436754,600646976406546
407.0416,1372.4958,425.55817,1399.852,600646976498577,600647011716702
385.11807,1440.864,425.55817,1440.864,600647011856390,600647050221233
394.19702,1404.2767,407.0416,1404.2767,600647050504723,600647080471390
435.09192,1386.6533,425.55817,1404.2767,600647080653994,600647112990296
446.46036,1415.7273,425.55817,1404.2767,600647113653265,600647145292535
495.38992,1490.1448,435.09192,1404.2767,600647150489775,600647183033681
561.1003,1313.1262,446.46036,1404.2767,600647183159723,600647214864983
546.9609,1121.4437,495.38992,1404.2767,600647216688265,600647248365348
606.47955,1101.6077,546.9609,1313.1262,600647251698733,600647282569827
556.634,1070.5062,546.9609,1121.4437,600647285921337,600647316636181
566.9501,1072.2998,556.634,1101.6077,600647316702587,600647347758942
522.3039,834.49603,546.9609,1072.2998,600647347876442,600647381932119
417.94467,421.13403,546.9609,1072.2998,600647382049410,600647418464931
431.61606,440.2746,522.3039,834.49603,600647418593889,600647464711233
454.94424,368.19205,454.94424,440.2746,600647464856858,600647496087952
403.31888,376.98328,454.94424,440.2746,600647515332431,600647552910348
413.29965,383.17316,454.94424,383.17316,600647553056129,600647588864462
379.7666,343.09818,413.29965,383.17316,600647589019931,600647624645191
300.4923,371.53137,413.29965,383.17316,600647624764514,600647658104462
284.4299,444.95456,379.7666,383.17316,600647658820191,600647693767171
242.66933,428.23972,300.4923,383.17316,600647693914254,600647730455504
265.21445,438.5117,284.4299,428.23972,600647730658629,600647764201754
268.25784,464.77658,268.25784,428.23972,600647764546858,600647797039358
276.69925,414.50485,276.69925,428.23972,600647797218421,600647828683577
228.96912,776.0233,268.25784,428.23972,600647828815139,600647863184931
327.96475,1596.44,276.69925,428.23972,600647863337535,600647897677952
325.4564,1740.6277,276.69925,776.0233,600647897866754,600647933451858
411.39493,1306.1064,325.4564,1306.1064,600647933653212,600647966294150
308.06805,1439.3353,308.06805,1306.1064,600647966451285,600648012186858
323.58014,950.4138,323.58014,1306.1064,600648012286702,600648046038889
333.5853,586.22876,323.58014,1306.1064,600648046217483,600648079284202
300.29654,494.57404,323.58014,950.4138,600648079432275,600648111429098
298.99423,501.26758,323.58014,586.22876,600648111583056,600648143143941
293.91245,482.17145,300.29654,501.26758,600648143232014,600648173996702
315.38196,435.00735,315.38196,501.26758,600648174096650,600648207986389
344.29947,454.94193,315.38196,482.17145,600648208152795,600648267759827
548.7326,1358.0366,315.38196,501.26758,600648267864202,600648301436962
512.64056,1474.9288,344.29947,501.26758,600648301540816,600648331507222
526.89026,1398.9644,512.64056,1358.0366,600648331664514,600648365034931
525.88446,1428.1017,512.64056,1398.9644,600648365202795,600648399255660
544.07544,1409.3036,525.88446,1398.9644,600648399421285,600648430521493
506.4391,1391.4523,512.64056,1398.9644,600648430713941,600648466704879
467.97165,1511.0155,512.64056,1398.9644,600648466889931,600648501102483
441.13315,1520.8715,506.4391,1398.9644,600648501213785,600648531015868
447.914,1529.408,467.97165,1511.0155,600648531171806,600648565546181
481.23578,648.8831,481.23578,1398.9644,600648566237743,600648595732587
486.68594,545.29663,481.23578,1398.9644,600648595891806,600648628844254
489.1977,544.6709,481.23578,648.8831,600648629003420,600648660612535
462.4505,577.49567,481.23578,577.49567,600648660805035,600648690831233
482.99695,554.1827,481.23578,577.49567,600648691927587,600648723434254
467.4625,551.5461,481.23578,577.49567,600648723526285,600648753633733
474.66034,584.1179,481.23578,577.49567,600648753713785,600648787409201
481.50266,584.2173,481.23578,577.49567,600648787495660,600648821223629
491.9873,565.2733,481.23578,577.49567,600648821340243,600648851852274
472.90073,590.1461,481.23578,577.49567,600648851942691,600648883496649
457.06393,634.2809,481.23578,577.49567,600648883592274,600648917045295
767.5013,1323.2775,481.23578,590.1461,600648918649566,600648955236441
614.29785,1834.1018,481.23578,634.2809,600648955313056,600648988449358
615.87634,1790.6085,614.29785,1323.2775,600648988536910,600649019724878
581.65204,1831.2286,581.65204,1790.6085,600649019798212,600649054140295
572.5496,1847.6521,581.65204,1790.6085,600649054317535,600649092257743
590.11255,1840.2867,581.65204,1831.2286,600649092559201,600649124572483
568.2772,1855.3627,581.65204,1840.2867,600649124701076,600649156290399
623.40173,1811.2815,581.65204,1831.2286,600649156390764,600649190896024
603.3177,1762.5398,581.65204,1831.2286,600649191022326,600649224306180
616.6581,1719.3964,603.3177,1811.2815,600649224413785,600649257615087
598.3305,1725.7413,598.3305,1762.5398,600649257728733,600649296963785
630.56586,1655.8898,603.3177,1725.7413,600649297154774,600649330578316
604.39685,1625.3209,603.3177,1725.7413,600649330691753,600649361124305
640.74976,1580.5979,604.39685,1655.8898,600649361279462,600649394064774
654.56036,1711.0615,604.39685,1711.0615,600649394224982,600649427100712
670.94495,1656.2162,640.74976,1656.2162,600649427245451,600649461609826
685.7175,1467.2489,654.56036,1656.2162,600649461761232,600649497767951
698.40533,1418.4066,670.94495,1656.2162,600649497938785,600649532340712
640.34955,1420.4484,654.56036,1467.2489,600649532528524,600649564705920
652.3598,1363.8462,654.56036,1420.4484,600649564884826,600649594619670
603.8712,1391.5643,652.3598,1420.4484,600649594803316,600649627724253
633.75446,1379.3258,652.3598,1391.5643,600649627911753,600649659209566
674.6898,1366.7566,652.3598,1391.5643,600649659323889,600649690316597
652.79785,1350.8489,652.3598,1379.3258,600649690441701,600649725551597
654.19,1487.4528,652.79785,1391.5643,600649725717326,600649761609149
643.90955,1395.0941,652.3598,1391.5643,600649761775503,600649795497691
642.0523,1375.6302,652.3598,1391.5643,600649797054097,600649826542691
646.2526,1414.1619,646.2526,1391.5643,600649826683680,600649858411857
551.0884,1518.4271,646.2526,1391.5643,600649858598472,600649891601493
508.1385,1613.1917,646.2526,1414.1619,600649892852014,600649925860659
498.50555,1617.8865,551.0884,1518.4271,600649926052326,600649961351961
475.98007,1629.8279,508.1385,1613.1917,600649961524357,600649992741753
495.4923,1620.1857,498.50555,1617.8865,600649992833993,600650024831649
496.35223,1655.1306,496.35223,1620.1857,600650024933263,600650055722899
476.13205,1718.5546,496.35223,1620.1857,600650055860763,600650092152274
486.54184,1627.6573,496.35223,1627.6573,600650092313211,600650129877951
488.3079,1672.5269,488.3079,1627.6573,600650130039461,600650164971857
613.6867,1668.4623,496.35223,1627.6573,600650165159201,600650194637586
617.26794,1757.3671,496.35223,1668.4623,600650194751857,600650227237690
640.8347,1739.199,613.6867,1668.4623,600650227337170,600650258024409
632.8202,1741.5236,617.26794,1739.199,600650258276909,600650290916909
659.1391,1780.6483,632.8202,1739.199,600650291107222,600650324532170
696.42255,1741.2079,632.8202,1741.2079,600650324928420,600650357330868
639.51154,1731.9175,639.51154,1739.199,600650359728420,600650391704253
650.71027,1742.0767,639.51154,1741.2079,600650394135711,600650430208315
558.6793,1614.2909,639.51154,1739.199,600650430363315,600650464243784
485.4003,1381.0311,639.51154,1739.199,600650464434878,600650494372638
424.87576,1294.7617,558.6793,1614.2909,600650494543992,600650525725451
407.43542,1337.26,485.4003,1381.0311,600650525866284,600650555053211
397.7726,1321.9791,424.87576,1337.26,600650555167742,600650589417899
400.5373,1271.0249,407.43542,1337.26,600650589567222,600650619415763
422.09824,1273.2916,422.09824,1321.9791,600650620482951,600650652655086
467.7593,1375.059,422.09824,1337.26,600650652740451,600650682796388
437.1338,1339.7649,422.09824,1337.26,600650682880034,600650713759722
439.47543,1329.5375,437.1338,1337.26,600650714150555,600650744050086
466.56345,1296.6677,437.1338,1337.26,600650744601909,600650781751284
519.6579,1403.2507,439.47543,1337.26,600650781857794,600650813157794
483.8738,1308.3396,466.56345,1337.26,600650814208107,600650843808680
471.69897,1346.661,471.69897,1337.26,600650845276076,600650876850815
608.2242,1202.4161,471.69897,1337.26,600650879211492,600650908397169
632.79504,1155.3344,471.69897,1337.26,600650909543419,600650940321701
664.66327,1152.1736,608.2242,1202.4161,600650954518992,600650993065138
685.94916,1181.9807,632.79504,1181.9807,600650993180399,600651026623055
697.21686,1148.1259,664.66327,1181.9807,600651026753732,600651058097638
671.6865,1210.2194,671.6865,1181.9807,600651058246805,600651090624513
668.6773,1187.5426,668.6773,1181.9807,600651090878680,600651123618992
637.44684,1241.6787,668.6773,1187.5426,600651123702482,600651155780971
813.1914,1254.1768,668.6773,1187.5426,600651156805503,600651189265815
965.4324,1239.7896,668.6773,1239.7896,600651189448055,600651220828315
987.16583,1182.5643,813.1914,1187.5426,600651220968419,600651253586336
985.4157,1169.02,965.4324,1187.5426,600651253731128,600651286265190
1013.12976,1093.6796,985.4157,1182.5643,600651286360711,600651320353107
991.87006,1017.6605,985.4157,1169.02,600651320469148,600651349088159
989.9882,1009.93036,989.9882,1093.6796,600651349222378,600651380441128
992.39166,1006.7217,989.9882,1017.6605,600651380558211,600651413081909
997.0445,1002.5041,989.9882,1009.93036,600651413192482,600651451468003
1012.8403,1053.7509,992.39166,1017.6605,600651451555659,600651483676336
485.38467,1038.2008,989.9882,1017.6605,600651484581075,600651523159565
455.44284,1040.1721,989.9882,1038.2008,600651523297430,600651555145867
408.3659,1036.048,485.38467,1036.048,600651556138471,600651588236180
385.0321,1012.17957,455.44284,1036.048,600651588953211,600651622585711
393.58444,1005.32947,408.3659,1036.048,600651622681127,600651656928367
392.3749,985.2022,393.58444,1012.17957,600651657064096,600651690840450
420.13657,1029.8937,408.3659,1029.8937,600651690948471,600651720954200
387.70398,1037.7186,393.58444,1029.8937,600651721115919,600651757657846
395.71365,1351.8428,395.71365,1029.8937,600651759505086,600651792201127
410.07745,1469.8647,395.71365,1037.7186,600651793267013,600651826916700
446.94403,1545.4363,395.71365,1351.8428,600651827112794,600651859401284
463.54703,1607.7926,410.07745,1469.8647,600651859493367,600651890430398
601.4013,1650.4869,446.94403,1545.4363,600651890539461,600651921896752
815.07,1586.3389,463.54703,1586.3389,600651922061909,600651955411909
789.17706,1499.0748,601.4013,1545.4363,600651955493731,600651986886909
815.6434,1413.7014,789.17706,1545.4363,600651987013836,600652020394565
787.50757,1455.1481,787.50757,1499.0748,600652020563784,600652052531700
786.7584,1520.9569,787.50757,1520.9569,600652052685919,600652108878627
